Date,Close,High,Low,Open,Volume,Close_lag1,Close_lag7,Close_lag21,High_lag1,High_lag7,High_lag21,Low_lag1,Low_lag7,Low_lag21,Open_lag1,Open_lag7,Open_lag21,returns,log_returns,returns_lag1,returns_lag7,ma_5,ma_20,ma_50,volatility_5,volatility_20,high_low_range,close_open_change,volume_ma_5
2020-03-13,89.25,89.31549835205078,84.03099822998047,87.75,176194000,83.83049774169922,98.79149627685548,108.0,88.25,98.9000015258789,109.0124969482422,83.75,96.0999984741211,107.7645034790039,86.0989990234375,97.32849884033205,108.16000366210938,0.06464833687376514,0.06264454451479513,-0.07922082514747941,0.035013229015638414,89.7490005493164,97.69572486877442,97.46510955810547,0.06448344816229148,0.036297287232369725,5.2845001220703125,1.5,162908800.0
2020-03-16,84.4574966430664,87.97250366210938,81.30149841308594,82.07550048828125,178346000,89.25,96.20149993896484,107.49349975585938,89.31549835205078,98.03600311279295,108.51399993896484,84.03099822998047,95.5,107.0999984741211,87.75,96.6500015258789,107.24949645996094,-0.053697516604298,-0.0551930111496119,0.06464833687376514,-0.026216794314283698,88.6343994140625,96.58142471313477,97.25624954223633,0.0646217756459562,0.03766316684301555,6.6710052490234375,2.3819961547851562,167325200.0
2020-03-17,90.39199829101562,92.88899993896484,84.46199798583984,88.77349853515625,218342000,84.4574966430664,95.05449676513672,106.74349975585938,87.97250366210938,95.5435028076172,107.9520034790039,81.30149841308594,93.4749984741211,106.29450225830078,82.07550048828125,93.75,107.78399658203124,0.07026613247879654,0.0679073394904408,-0.053697516604298,-0.011922924014239333,87.79459838867187,95.71184959411622,97.18911956787109,0.06969717573543731,0.04163637582957293,8.427001953125,1.618499755859375,182460400.0
2020-03-18,91.5,92.08300018310548,87.25,87.5,192904000,90.39199829101562,90.03050231933594,107.78350067138672,92.88899993896484,93.13849639892578,108.30349731445312,84.46199798583984,88.06449890136719,106.20549774169922,88.77349853515625,88.69300079345703,106.2509994506836,0.012257741060410998,0.012183223280898315,0.07026613247879654,-0.05285383245165354,87.88599853515625,94.86129951477051,97.11623962402344,0.06779697065896444,0.04175668240853453,4.833000183105483,4.0,198542000.0
2020-03-19,94.04650115966795,97.25,91.63249969482422,93.0,207998000,91.5,94.59100341796876,108.51100158691406,92.08300018310548,94.7135009765625,109.25499725341795,87.25,90.90850067138672,108.05599975585938,87.5,93.54399871826172,108.38999938964844,0.02783061376686291,0.027450380856149172,0.012257741060410998,0.05065506668458708,89.92919921875,94.18087463378906,97.09030960083008,0.04995487932345973,0.04250368443227217,5.617500305175781,1.0465011596679545,194756800.0
2020-03-20,92.30449676513672,97.8499984741211,91.0364990234375,96.31549835205078,196358000,94.04650115966795,91.04299926757812,107.65499877929688,97.25,93.56600189208984,108.8395004272461,91.63249969482422,90.0749969482422,106.37249755859376,93.0,92.89250183105467,108.65350341796876,-0.018522798541688812,-0.018696493799985222,0.02783061376686291,-0.037508896429749194,90.54009857177735,93.55617446899414,97.04442947387696,0.04689829152029433,0.04233618265683955,6.813499450683594,-4.0110015869140625,198789600.0
2020-03-23,95.1415023803711,95.97000122070312,90.5999984741211,91.3874969482422,156170000,92.30449676513672,83.83049774169922,104.79850006103516,97.8499984741211,88.25,107.22750091552734,91.0364990234375,83.75,104.4000015258789,96.31549835205078,86.0989990234375,107.10749816894533,0.030735291504301987,0.03027242280070844,-0.018522798541688812,-0.07922082514747941,92.67689971923828,93.29002456665039,97.04620956420898,0.03219217269502715,0.042189261274298166,5.370002746582031,3.754005432128892,194354400.0
2020-03-24,97.00499725341795,97.75,95.01699829101562,97.5749969482422,142942000,95.1415023803711,89.25,100.4645004272461,95.97000122070312,89.31549835205078,101.96499633789062,90.5999984741211,84.03099822998047,99.39849853515624,91.3874969482422,87.75,100.15899658203124,0.019586561347294085,0.019397213114498144,0.030735291504301987,0.06464833687376514,93.99949951171875,93.2084243774414,97.10314956665039,0.019765000348689693,0.04226577203689068,2.733001708984375,-0.5699996948242472,179274400.0
2020-03-25,94.29199981689452,97.51300048828124,94.28900146484376,96.03450012207033,129582000,97.00499725341795,84.4574966430664,98.63700103759766,97.75,87.97250366210938,101.7300033569336,95.01699829101562,81.30149841308594,97.9209976196289,97.5749969482422,82.07550048828125,101.3209991455078,-0.027967604900147047,-0.028366146785043376,0.019586561347294085,-0.053697516604298,94.55789947509766,92.9740493774414,97.09768951416015,0.027511898937789894,0.042712823667345905,3.2239990234374716,-1.7425003051758097,166610000.0
2020-03-26,97.77449798583984,97.82450103759766,94.4645004272461,95.0999984741211,124426000,94.29199981689452,90.39199829101562,98.97949981689452,97.51300048828124,92.88899993896484,100.7334976196289,94.28900146484376,84.46199798583984,98.02249908447266,96.03450012207033,88.77349853515625,98.51399993896484,0.03693312450375408,0.036267437779002064,-0.027967604900147047,0.07026613247879654,95.30349884033203,93.15202445983887,97.18373947143554,0.029518122006964555,0.04206068132960555,3.3600006103515625,2.67449951171875,149895600.0
2020-03-27,95.00499725341795,96.989501953125,94.99600219726562,96.54299926757812,107758000,97.77449798583984,91.5,94.21499633789062,97.82450103759766,92.08300018310548,98.75,94.4645004272461,87.25,94.13800048828124,95.0999984741211,87.5,96.71900177001952,-0.028325389436650306,-0.028734293362178455,0.03693312450375408,0.012257741060410998,95.84359893798828,93.19289932250976,97.22181945800781,0.03195752238118568,0.042628869123852005,1.993499755859375,-1.5380020141601705,132175600.0
2020-03-30,98.19750213623048,98.68150329589844,95.61699676513672,96.1415023803711,122522000,95.00499725341795,94.04650115966795,94.1875,96.989501953125,97.25,94.48799896240234,94.99600219726562,91.63249969482422,90.55650329589844,96.54299926757812,93.0,90.73149871826172,0.03360354691971401,0.033051285657682734,-0.028325389436650306,0.02783061376686291,96.45479888916016,93.21789932250977,97.30782943725586,0.03252885273374772,0.04247380392510693,3.0645065307617188,2.055999755859389,125446000.0
2020-03-31,97.48600006103516,99.6510009765625,97.20050048828124,98.21749877929688,102472000,98.19750213623048,92.30449676513672,97.69750213623048,98.68150329589844,97.8499984741211,97.72550201416016,95.61699676513672,91.0364990234375,93.5,96.1415023803711,96.31549835205078,95.32450103759766,-0.007245622950859287,-0.007271999966000075,0.03360354691971401,-0.018522798541688812,96.55099945068359,93.31972427368164,97.39282943725586,0.032095455914320344,0.04214757955847974,2.450500488281264,-0.7314987182617188,117352000.0
2020-04-01,95.38500213623048,97.2480010986328,94.6500015258789,96.64849853515624,82438000,97.48600006103516,95.1415023803711,95.44950103759766,99.6510009765625,95.97000122070312,99.81649780273438,97.20050048828124,90.5999984741211,94.40450286865234,98.21749877929688,91.3874969482422,98.76850128173828,-0.021551791267353848,-0.021787422792954095,-0.007245622950859287,0.030735291504301987,96.76959991455078,93.14939956665039,97.40852951049804,0.030726918683005016,0.041704309781587054,2.597999572753892,-1.2634963989257528,107923200.0
2020-04-02,95.94149780273438,96.37650299072266,94.5,95.08200073242188,86720000,95.38500213623048,97.00499725341795,98.79149627685548,97.2480010986328,97.75,98.9000015258789,94.6500015258789,95.01699829101562,96.0999984741211,96.64849853515624,97.5749969482422,97.32849884033205,0.005834205106051149,0.005817252037933636,-0.021551791267353848,0.019586561347294085,96.40299987792969,93.13639945983887,97.43989944458008,0.024596699728295007,0.04129511545427281,1.8765029907226562,0.8594970703125,100382000.0
2020-04-03,95.32949829101562,96.31649780273438,94.4574966430664,95.55750274658205,72198000,95.94149780273438,94.29199981689452,96.20149993896484,96.37650299072266,97.51300048828124,98.03600311279295,94.5,94.28900146484376,95.5,95.08200073242188,96.03450012207033,96.6500015258789,-0.0063788821910731874,-0.006399314195321289,0.005834205106051149,-0.027967604900147047,96.46790008544923,93.15014953613282,97.46190948486328,0.02071999765200187,0.04122463421969536,1.8590011596679688,-0.22800445556642046,93270000.0
2020-04-06,99.87950134277344,99.9260025024414,96.5009994506836,96.8000030517578,115464000,95.32949829101562,97.77449798583984,95.05449676513672,96.31649780273438,97.82450103759766,95.5435028076172,94.4574966430664,94.4645004272461,93.4749984741211,95.55750274658205,95.0999984741211,93.75,0.04772922477644714,0.04662517920980072,-0.0063788821910731874,0.03693312450375408,96.8042999267578,93.6425994873047,97.59785949707032,0.026467755894167475,0.04044278327328753,3.4250030517578125,3.079498291015639,91858400.0
2020-04-07,100.58000183105467,101.78600311279295,99.88099670410156,100.85549926757812,102280000,99.87950134277344,95.00499725341795,90.03050231933594,99.9260025024414,96.989501953125,93.13849639892578,96.5009994506836,94.99600219726562,88.06449890136719,96.8000030517578,96.54299926757812,88.69300079345703,0.007013456003121199,0.006988976113008468,0.04772922477644714,-0.028325389436650306,97.42310028076172,93.94204940795899,97.78111953735352,0.025755194717564812,0.039059331863039386,1.905006408691392,-0.2754974365234517,91820000.0
2020-04-08,102.1500015258789,102.1999969482422,100.55750274658205,101.0500030517578,79546000,100.58000183105467,98.19750213623048,94.59100341796876,101.78600311279295,98.68150329589844,94.7135009765625,99.88099670410156,95.61699676513672,90.90850067138672,100.85549926757812,96.1415023803711,93.54399871826172,0.015609461784076961,0.015488887252484514,0.007013456003121199,0.03360354691971401,98.7761001586914,94.49739952087403,97.97086959838867,0.020439143817526477,0.037891018752801,1.6424942016601562,1.099998474121108,91241600.0
2020-04-09,102.13800048828124,102.6500015258789,100.88300323486328,102.21499633789062,92930000,102.1500015258789,97.48600006103516,91.04299926757812,102.1999969482422,99.6510009765625,93.56600189208984,100.55750274658205,97.20050048828124,90.0749969482422,101.0500030517578,98.21749877929688,92.89250183105467,-0.0001174844583299306,-0.00011749136016948301,0.015609461784076961,-0.007245622950859287,100.01540069580076,95.41277465820312,98.15562957763672,0.02119029658322679,0.03217431598499987,1.766998291015625,-0.07699584960938921,92483600.0
2020-04-13,108.44349670410156,109.0,101.9000015258789,102.0,134334000,102.13800048828124,95.38500213623048,83.83049774169922,102.6500015258789,97.2480010986328,88.25,100.88300323486328,94.6500015258789,83.75,102.21499633789062,96.64849853515624,86.0989990234375,0.06173506614263302,0.059904424788693234,-0.0001174844583299306,-0.021551791267353848,102.63820037841796,96.3724494934082,98.45381958007812,0.02692096455680132,0.0319214482201042,7.099998474121094,6.4434967041015625,104910800.0
2020-04-14,114.16600036621094,114.5999984741211,109.3105010986328,110.02349853515624,161744000,108.44349670410156,95.94149780273438,89.25,109.0,96.37650299072266,89.31549835205078,101.9000015258789,94.5,84.03099822998047,102.0,95.08200073242188,87.75,0.052769449861283624,0.05142426317898339,0.06173506614263302,0.005834205106051149,105.49550018310546,97.85787467956543,98.7284196472168,0.027992613543386644,0.02947699479900596,5.2894973754882955,4.142501831054702,114166800.0
2020-04-15,115.38400268554688,116.6685028076172,112.25,112.88400268554688,137332000,114.16600036621094,95.32949829101562,84.4574966430664,114.5999984741211,96.31649780273438,87.97250366210938,109.3105010986328,94.4574966430664,81.30149841308594,110.02349853515624,95.55750274658205,82.07550048828125,0.010668695718768717,0.01061218674730437,0.052769449861283624,-0.0063788821910731874,108.4563003540039,99.10747489929199,99.03189971923828,0.027367792733511326,0.026523161986276838,4.418502807617202,2.5,121177200.0
2020-04-16,120.40950012207033,123.0500030517578,116.75,117.3000030517578,240764000,115.38400268554688,99.87950134277344,90.39199829101562,116.6685028076172,99.9260025024414,92.88899993896484,112.25,96.5009994506836,84.46199798583984,112.88400268554688,96.8000030517578,88.77349853515625,0.043554542393708706,0.04263271487419671,0.010668695718768717,0.04772922477644714,112.10820007324219,100.55294990539551,99.3904197692871,0.027022128235613566,0.02740971807541415,6.300003051757798,3.1094970703125284,153420800.0
2020-04-17,118.75,120.0,115.8010025024414,118.6165008544922,158600000,120.40950012207033,100.58000183105467,91.5,123.0500030517578,101.78600311279295,92.08300018310548,116.75,99.88099670410156,87.25,117.3000030517578,100.85549926757812,87.5,-0.013782136130354616,-0.013877991515518644,0.043554542393708706,0.007013456003121199,115.43059997558593,101.7881248474121,99.72554977416992,0.03160289081501619,0.027893668893898268,4.198997497558594,0.1334991455077983,166554800.0
2020-04-20,119.68049621582033,122.2490005493164,119.30249786376952,119.49749755859376,115414000,118.75,102.1500015258789,94.04650115966795,120.0,102.1999969482422,97.25,115.8010025024414,100.55750274658205,91.63249969482422,118.6165008544922,101.0500030517578,93.0,0.007835757606907912,0.007805217491159297,-0.013782136130354616,0.015609461784076961,117.6779998779297,103.15692481994628,100.06892974853515,0.02740761350889419,0.026978628685429766,2.946502685546889,0.1829986572265625,162770800.0
2020-04-21,116.40599822998048,121.41549682617188,113.98300170898438,120.83049774169922,149534000,119.68049621582033,102.13800048828124,92.30449676513672,122.2490005493164,102.6500015258789,97.8499984741211,119.30249786376952,100.88300323486328,91.0364990234375,119.49749755859376,102.21499633789062,96.31549835205078,-0.02736033095931456,-0.027741595250859077,0.007835757606907912,-0.0001174844583299306,118.1259994506836,104.22014961242675,100.31776977539063,0.027033558225262204,0.028118742690604555,7.4324951171875,-4.424499511718736,160328800.0
2020-04-22,118.17449951171876,119.6999969482422,117.5500030517578,118.4499969482422,84244000,116.40599822998048,108.44349670410156,95.1415023803711,121.41549682617188,109.0,95.97000122070312,113.98300170898438,101.9000015258789,90.5999984741211,120.83049774169922,102.0,91.3874969482422,0.015192527091639096,0.015078276370104332,-0.02736033095931456,0.06173506614263302,118.68409881591799,105.2786247253418,100.54734970092774,0.02737837989608035,0.02806117580551206,2.1499938964844034,-0.2754974365234375,149711200.0
2020-04-23,119.97250366210938,121.21099853515624,119.10399627685548,119.9990005493164,101332000,118.17449951171876,114.16600036621094,97.00499725341795,119.6999969482422,114.5999984741211,97.75,117.5500030517578,109.3105010986328,95.01699829101562,118.4499969482422,110.02349853515624,97.5749969482422,0.01521482348408254,0.015100238852103837,0.015192527091639096,0.052769449861283624,118.5966995239258,106.56264991760254,100.79599975585937,0.01910861429081582,0.02658526730919952,2.107002258300753,-0.02649688720703125,121824800.0
2020-04-24,120.51100158691406,121.02149963378906,119.0999984741211,120.8499984741211,76498000,119.97250366210938,115.38400268554688,94.29199981689452,121.21099853515624,116.6685028076172,97.51300048828124,119.10399627685548,112.25,94.28900146484376,119.9990005493164,112.88400268554688,96.03450012207033,0.004488511186874211,0.004478467862372162,0.01521482348408254,0.010668695718768717,118.94889984130862,107.69947509765625,101.04621978759765,0.01764356803311248,0.025995811160943957,1.9215011596679688,-0.33899688720703125,105404400.0
2020-04-27,118.8000030517578,122.24400329589844,118.1500015258789,122.16000366210938,112912000,120.51100158691406,120.40950012207033,97.77449798583984,121.02149963378906,123.0500030517578,97.82450103759766,119.0999984741211,116.75,94.4645004272461,120.8499984741211,117.3000030517578,95.0999984741211,-0.01419786171076065,-0.014299615622890208,0.004488511186874211,0.043554542393708706,118.77280120849609,108.88922538757325,101.27234985351562,0.01886624050051861,0.02505078053028654,4.094001770019531,-3.3600006103515767,104904000.0
2020-04-28,115.7040023803711,118.6750030517578,115.3000030517578,118.6050033569336,105388000,118.8000030517578,118.75,95.00499725341795,122.24400329589844,120.0,96.989501953125,118.1500015258789,115.8010025024414,94.99600219726562,122.16000366210938,118.6165008544922,96.54299926757812,-0.02606061104255919,-0.02640620627237362,-0.01419786171076065,-0.013782136130354616,118.63240203857421,109.76455039978028,101.45155990600585,0.018421683361588795,0.025824511935454715,3.375,-2.9010009765625,96074800.0
2020-04-29,118.635498046875,119.59449768066406,115.5,116.50050354003906,91832000,115.7040023803711,119.68049621582033,98.19750213623048,118.6750030517578,122.2490005493164,98.68150329589844,115.3000030517578,119.30249786376952,95.61699676513672,118.6050033569336,119.49749755859376,96.1415023803711,0.02533616474965794,0.025020524430829326,-0.02606061104255919,0.007835757606907912,118.72460174560547,110.82202529907227,101.66859985351563,0.021034031427778304,0.025803465235265104,4.0944976806640625,2.1349945068359375,97592400.0
2020-04-30,123.6999969482422,123.75,119.80049896240234,120.99199676513672,190692000,118.635498046875,116.40599822998048,97.48600006103516,119.59449768066406,121.41549682617188,99.6510009765625,115.5,113.98300170898438,97.20050048828124,116.50050354003906,120.83049774169922,98.21749877929688,0.04268957423996422,0.04180350395260793,0.02533616474965794,-0.02736033095931456,119.47010040283203,112.23777503967285,101.97237976074219,0.028094107101493123,0.025643925628387226,3.9495010375976562,2.708000183105483,115464400.0
2020-05-01,114.302001953125,118.12200164794922,112.90950012207033,116.83999633789062,195452000,123.6999969482422,118.17449951171876,95.38500213623048,123.75,119.6999969482422,97.2480010986328,119.80049896240234,117.5500030517578,94.6500015258789,120.99199676513672,118.4499969482422,96.64849853515624,-0.07597409237648933,-0.07901516917994282,0.04268957423996422,0.015192527091639096,118.22830047607422,113.15580024719239,102.10531982421875,0.04650897443830051,0.032516082789444116,5.212501525878892,-2.537994384765625,139255200.0
2020-05-04,115.79949951171876,116.3489990234375,112.81900024414062,112.81900024414062,97318000,114.302001953125,119.97250366210938,95.94149780273438,118.12200164794922,121.21099853515624,96.37650299072266,112.90950012207033,119.10399627685548,94.5,116.83999633789062,119.9990005493164,95.08200073242188,0.013101236487597978,0.013016157575810133,-0.07597409237648933,0.01521482348408254,117.62819976806641,114.17930030822754,102.32533981323242,0.04743351909072367,0.03231288806986882,3.529998779296875,2.980499267578139,136136400.0
2020-05-05,115.88999938964844,117.5500030517578,115.35649871826172,117.0,64850000,115.79949951171876,120.51100158691406,95.32949829101562,116.3489990234375,121.02149963378906,96.31649780273438,112.81900024414062,119.0999984741211,94.4574966430664,112.81900024414062,120.8499984741211,95.55750274658205,0.0007815221854263754,0.0007812169559819208,0.013101236487597978,0.004488511186874211,117.66539916992187,114.97982521057129,102.63384979248048,0.045830103225535,0.031132299326475096,2.1935043334960795,-1.1100006103515625,128028800.0
2020-05-06,117.56300354003906,117.87249755859376,116.0,116.47200012207033,62356000,115.88999938964844,118.8000030517578,99.87950134277344,117.5500030517578,122.24400329589844,99.9260025024414,115.35649871826172,118.1500015258789,96.5009994506836,117.0,122.16000366210938,96.8000030517578,0.014436139090531874,0.014332930141282023,0.0007815221854263754,-0.01419786171076065,117.45090026855469,115.8289752960205,103.0123698425293,0.044637949858709156,0.031165088140035102,1.8724975585937642,1.0910034179687358,122133600.0
2020-05-07,118.38050079345705,118.8000030517578,117.15550231933594,118.73899841308594,67928000,117.56300354003906,115.7040023803711,100.58000183105467,117.87249755859376,118.6750030517578,101.78600311279295,116.0,115.3000030517578,99.88099670410156,116.47200012207033,118.6050033569336,100.85549926757812,0.0069536948597912485,0.006929629421755947,0.014436139090531874,-0.02606061104255919,116.38700103759766,116.64050025939942,103.40038986206055,0.038307145072671786,0.03111824767462057,1.6445007324218608,-0.35849761962889204,97580800.0
2020-05-08,118.98049926757812,119.36199951171876,117.8499984741211,118.60700225830078,64132000,118.38050079345705,118.635498046875,102.1500015258789,118.8000030517578,119.59449768066406,102.1999969482422,117.15550231933594,115.5,100.55750274658205,118.73899841308594,116.50050354003906,101.0500030517578,0.005068389389295769,0.005055588339379015,0.0069536948597912485,0.02533616474965794,117.32270050048828,117.48262519836426,103.8956999206543,0.00568372156969363,0.03106981594112259,1.5120010375976705,0.37349700927734375,71316800.0
2020-05-11,120.4499969482422,120.9834976196289,118.60549926757812,118.73500061035156,65184000,118.98049926757812,123.6999969482422,102.13800048828124,119.36199951171876,123.75,102.6500015258789,117.8499984741211,119.80049896240234,100.88300323486328,118.60700225830078,120.99199676513672,102.21499633789062,0.012350743942999287,0.012275095742505182,0.005068389389295769,0.04268957423996422,118.25279998779297,118.08295021057128,104.42094985961914,0.005525279102764386,0.02843549604401885,2.3779983520507812,1.7149963378906392,64890000.0
2020-05-12,117.84750366210938,120.9499969482422,117.75,120.59249877929688,61498000,120.4499969482422,114.302001953125,108.44349670410156,120.9834976196289,118.12200164794922,109.0,118.60549926757812,112.90950012207033,101.9000015258789,118.73500061035156,116.83999633789062,102.0,-0.021606420523622938,-0.021843256899331476,0.012350743942999287,-0.07597409237648933,118.64430084228516,118.26702537536622,104.82394989013672,0.014514107928459516,0.026763633077807058,3.1999969482422017,-2.7449951171875,64219600.0
2020-05-13,118.39600372314452,120.38500213623048,116.88999938964844,118.33999633789062,95658000,117.84750366210938,115.79949951171876,114.16600036621094,120.9499969482422,116.3489990234375,114.5999984741211,117.75,112.81900024414062,109.3105010986328,120.59249877929688,112.81900024414062,110.02349853515624,0.004654320575239179,0.004643522716731099,-0.021606420523622938,0.013101236487597978,118.81090087890625,118.4176254272461,105.28287994384766,0.013267158564265977,0.02669402869527223,3.4950027465820455,0.05600738525389204,70880000.0
2020-05-14,119.44249725341795,119.56849670410156,117.6604995727539,118.05049896240234,72962000,118.39600372314452,115.88999938964844,115.38400268554688,120.38500213623048,117.5500030517578,116.6685028076172,116.88999938964844,115.35649871826172,112.25,118.33999633789062,117.0,112.88400268554688,0.008838926123896362,0.008800091486279958,0.004654320575239179,0.0007815221854263754,119.02330017089844,118.36927528381348,105.6958999633789,0.013486437570382518,0.024892569603140267,1.9079971313476562,1.3919982910156108,71886800.0
2020-05-15,120.48899841308594,120.5500030517578,117.81849670410156,118.4260025024414,84700000,119.44249725341795,117.56300354003906,120.40950012207033,119.56849670410156,117.87249755859376,123.0500030517578,117.6604995727539,116.0,116.75,118.05049896240234,116.47200012207033,117.3000030517578,0.008761547889003518,0.008723388257937748,0.008838926123896362,0.014436139090531874,119.325,118.45622520446777,106.18164993286133,0.013803413585474114,0.024750506533602303,2.731506347656236,2.0629959106445312,76000400.0
2020-05-18,121.31300354003906,121.6500015258789,119.20050048828124,120.21749877929688,87144000,120.48899841308594,118.38050079345705,118.75,120.5500030517578,118.8000030517578,120.0,117.81849670410156,117.15550231933594,115.8010025024414,118.4260025024414,118.73899841308594,118.6165008544922,0.006838841203809398,0.006815562402388709,0.008761547889003518,0.0069536948597912485,119.49760131835937,118.53785057067871,106.70682006835938,0.013028329850865439,0.024737068916269884,2.4495010375976705,1.0955047607421875,80392400.0
2020-05-19,122.46649932861328,124.25,121.44850158691406,121.4915008544922,86410000,121.31300354003906,118.98049926757812,119.68049621582033,121.6500015258789,119.36199951171876,122.2490005493164,119.20050048828124,117.8499984741211,119.30249786376952,120.21749877929688,118.60700225830078,119.49749755859376,0.009508426590011165,0.009463506026665746,0.006838841203809398,0.005068389389295769,120.42140045166016,118.84087562561035,107.35554000854492,0.0019817995390876537,0.02387297958162992,2.8014984130859375,0.9749984741210795,85374800.0
2020-05-20,124.89700317382812,125.00050354003906,123.3635025024414,123.89350128173828,79962000,122.46649932861328,120.4499969482422,116.40599822998048,124.25,120.9834976196289,121.41549682617188,121.44850158691406,118.60549926757812,113.98300170898438,121.4915008544922,118.73500061035156,120.83049774169922,0.019846275173532213,0.0196519053240098,0.009508426590011165,0.012350743942999287,121.72160034179687,119.17700080871582,107.9616600036621,0.0051765492210732655,0.024022146207998567,1.6370010375976562,1.0035018920898438,82235600.0
2020-05-21,122.33699798583984,126.27249908447266,122.1269989013672,125.0,102288000,124.89700317382812,117.84750366210938,118.17449951171876,125.00050354003906,120.9499969482422,119.6999969482422,123.3635025024414,117.75,117.5500030517578,123.89350128173828,120.59249877929688,118.4499969482422,-0.02049693045417056,-0.020709907813958355,0.019846275173532213,-0.021606420523622938,122.30050048828124,119.29522552490235,108.58753997802734,0.015069033818519324,0.02439480409694509,4.1455001831054545,-2.6630020141601562,88100800.0
2020-05-22,121.84400177001952,123.49250030517578,121.50650024414062,122.75050354003906,57342000,122.33699798583984,118.39600372314452,119.97250366210938,126.27249908447266,120.38500213623048,121.21099853515624,122.1269989013672,116.88999938964844,119.10399627685548,125.0,118.33999633789062,119.9990005493164,-0.004029821100215214,-0.004037962709445318,-0.02049693045417056,0.004654320575239179,122.57150115966797,119.36187553405762,109.34781005859375,0.015331302743571949,0.024409936016402012,1.9860000610351562,-0.9065017700195455,82629200.0
2020-05-26,121.09300231933594,123.0999984741211,120.7030029296875,122.9000015258789,71364000,121.84400177001952,119.44249725341795,120.51100158691406,123.49250030517578,119.56849670410156,121.02149963378906,121.50650024414062,117.6604995727539,119.0999984741211,122.75050354003906,118.05049896240234,120.8499984741211,-0.0061636144559753525,-0.006182687942355892,-0.004029821100215214,0.008838926123896362,122.52750091552734,119.47652549743653,109.98467010498047,0.015478063299310936,0.02421476319138523,2.3969955444335938,-1.8069992065429688,79473200.0
2020-05-27,120.51950073242188,120.6790008544922,116.5,120.24949645996094,101138000,121.09300231933594,120.48899841308594,118.8000030517578,123.0999984741211,120.5500030517578,122.24400329589844,120.7030029296875,117.81849670410156,118.1500015258789,122.9000015258789,118.4260025024414,122.16000366210938,-0.004736042347035618,-0.004747292931811086,-0.0061636144559753525,0.008761547889003518,122.13810119628906,119.71730041503906,110.70591018676758,0.014509569124166314,0.023405262632678284,4.179000854492202,0.2700042724609375,82418800.0
2020-05-28,120.05500030517578,121.84850311279295,118.9114990234375,119.21649932861328,63804000,120.51950073242188,121.31300354003906,115.7040023803711,120.6790008544922,121.6500015258789,118.6750030517578,116.5,119.20050048828124,115.3000030517578,120.24949645996094,120.21749877929688,118.6050033569336,-0.003854151605534595,-0.0038615979869802697,-0.004736042347035618,0.006838841203809398,121.1697006225586,119.7882755279541,111.29917022705078,0.007124708113597139,0.022795877750302878,2.9370040893554545,0.8385009765625,79187200.0
2020-05-29,122.11849975585938,122.11849975585938,119.91000366210938,120.7969970703125,70198000,120.05500030517578,122.46649932861328,118.635498046875,121.84850311279295,124.25,119.59449768066406,118.9114990234375,121.44850158691406,115.5,119.21649932861328,121.4915008544922,116.50050354003906,0.017187950901155657,0.017041909136995572,-0.003854151605534595,0.009508426590011165,121.1260009765625,119.70920066833496,111.91154022216797,0.0098289190798098,0.020972627108123143,2.20849609375,1.321502685546875,72769200.0
2020-06-01,123.552001953125,123.84649658203124,122.20850372314452,122.4000015258789,58578000,122.11849975585938,124.89700317382812,123.6999969482422,122.11849975585938,125.00050354003906,123.75,119.91000366210938,123.3635025024414,119.80049896240234,120.7969970703125,123.89350128173828,120.99199676513672,0.011738616181262485,0.011670253098244966,0.017187950901155657,0.019846275173532213,121.4676010131836,120.17170066833496,112.50165023803712,0.010820375146214225,0.011269597832229817,1.6379928588867188,1.1520004272460938,73016400.0
2020-06-02,123.62049865722656,123.67649841308594,122.2655029296875,123.3499984741211,50598000,123.552001953125,122.33699798583984,114.302001953125,123.84649658203124,126.27249908447266,118.12200164794922,122.20850372314452,122.1269989013672,112.90950012207033,122.4000015258789,125.0,116.83999633789062,0.0005543957444538172,0.0005542421239081785,0.011738616181262485,-0.02049693045417056,121.97310028076171,120.56275062561035,113.12797027587891,0.009791933638874263,0.01108154490751611,1.4109954833984375,0.27050018310546875,68863200.0
2020-06-03,123.91999816894533,124.4000015258789,123.05850219726562,123.40049743652344,53420000,123.62049865722656,121.84400177001952,115.79949951171876,123.67649841308594,123.49250030517578,116.3489990234375,122.2655029296875,121.50650024414062,112.81900024414062,123.3499984741211,122.75050354003906,112.81900024414062,0.002422733405640143,0.002419803318654912,0.0005543957444538172,-0.004029821100215214,122.6531997680664,120.9642505645752,113.70354019165039,0.00861534752157593,0.011067735096803775,1.3414993286132812,0.5195007324218892,59319600.0
2020-06-04,123.02999877929688,125.3769989013672,122.50050354003906,123.87149810791016,58974000,123.91999816894533,121.09300231933594,115.88999938964844,124.4000015258789,123.0999984741211,117.5500030517578,123.05850219726562,120.7030029296875,115.35649871826172,123.40049743652344,122.9000015258789,117.0,-0.0071820481181340545,-0.0072079631824282725,0.002422733405640143,-0.0061636144559753525,123.24819946289062,121.23760032653809,114.22404022216797,0.009601400886078816,0.010989968874903132,2.876495361328139,-0.8414993286132812,58353600.0
2020-06-05,124.1500015258789,124.43250274658205,121.85649871826172,122.22550201416016,66128000,123.02999877929688,120.51950073242188,117.56300354003906,125.3769989013672,120.6790008544922,117.87249755859376,122.50050354003906,116.5,116.0,123.87149810791016,120.24949645996094,116.47200012207033,0.009103493113018724,0.009062306094701045,-0.0071820481181340545,-0.004736042347035618,123.65449981689453,121.52607536315918,114.82120025634765,0.007467735320814036,0.011047903996675316,2.5760040283203267,1.92449951171875,57539600.0
2020-06-08,126.2030029296875,126.5,124.36699676513672,125.01000213623048,79414000,124.1500015258789,120.05500030517578,118.38050079345705,124.43250274658205,121.84850311279295,118.8000030517578,121.85649871826172,118.9114990234375,117.15550231933594,122.22550201416016,119.21649932861328,118.73899841308594,0.016536458949464095,0.01640122058468097,0.009103493113018724,-0.003854151605534595,124.18470001220703,121.88720054626465,115.38977035522461,0.008974891916641546,0.01148061731891665,2.1330032348632812,1.193000793457017,61706800.0
2020-06-09,130.04299926757812,131.32150268554688,126.25,126.47200012207033,103520000,126.2030029296875,122.11849975585938,118.98049926757812,126.5,122.11849975585938,119.36199951171876,124.36699676513672,119.91000366210938,117.8499984741211,125.01000213623048,120.7969970703125,118.60700225830078,0.030427139202305886,0.029973414532654237,0.016536458949464095,0.017187950901155657,125.46920013427734,122.36685066223144,116.09053039550781,0.014257390424447871,0.012880556343440167,5.071502685546875,3.5709991455077983,72291200.0
2020-06-10,132.37249755859375,136.11749267578125,131.31300354003906,132.25,98920000,130.04299926757812,123.552001953125,120.4499969482422,131.32150268554688,123.84649658203124,120.9834976196289,126.25,122.20850372314452,118.60549926757812,126.47200012207033,122.4000015258789,118.73500061035156,0.017913292558120908,0.01775474019639406,0.030427139202305886,0.011738616181262485,127.15970001220703,123.09310035705566,116.77403030395507,0.013804013875871763,0.011739691616555446,4.8044891357421875,0.12249755859375,81391200.0
2020-06-11,127.89800262451172,133.56900024414062,126.8115005493164,130.1750030517578,116002000,132.37249755859375,123.62049865722656,117.84750366210938,136.11749267578125,123.67649841308594,120.9499969482422,131.31300354003906,122.2655029296875,117.75,132.25,123.3499984741211,120.59249877929688,-0.03380230045218746,-0.034386807792203426,0.017913292558120908,0.0005543957444538172,128.13330078125,123.56820030212403,117.3822703552246,0.024610794130556002,0.014723524885726523,6.757499694824219,-2.2770004272460938,92796800.0
2020-06-12,127.2509994506836,131.07400512695312,125.1675033569336,130.0605010986328,108722000,127.89800262451172,123.91999816894533,118.39600372314452,133.56900024414062,124.4000015258789,120.38500213623048,126.8115005493164,123.05850219726562,116.88999938964844,130.1750030517578,123.40049743652344,118.33999633789062,-0.005058743377937103,-0.005071582137180358,-0.03380230045218746,0.002422733405640143,128.75350036621094,123.9586254119873,118.01959030151367,0.025263475946245662,0.01480937531928573,5.906501770019531,-2.8095016479492188,101315600.0
2020-06-15,128.63400268554688,129.1999969482422,125.4000015258789,126.33000183105467,77302000,127.2509994506836,123.02999877929688,119.44249725341795,131.07400512695312,125.3769989013672,119.56849670410156,125.1675033569336,122.50050354003906,117.6604995727539,130.0605010986328,123.87149810791016,118.05049896240234,0.01086830941079775,0.01080967380014712,-0.005058743377937103,-0.0071820481181340545,129.2397003173828,124.36587562561036,118.67344039916992,0.02474973556810731,0.014857862171755686,3.7999954223632812,2.3040008544922017,100893200.0
2020-06-16,130.7635040283203,131.0,128.8000030517578,131.0,71712000,128.63400268554688,124.1500015258789,120.48899841308594,129.1999969482422,124.43250274658205,120.5500030517578,125.4000015258789,121.85649871826172,117.81849670410156,126.33000183105467,122.22550201416016,118.4260025024414,0.0165547312399128,0.01641919546995653,0.01086830941079775,0.009103493113018724,129.38380126953126,124.83840065002441,119.38212051391602,0.021638310077635406,0.015133152322812433,2.1999969482421875,-0.2364959716796875,94531600.0
2020-06-17,132.0489959716797,132.75,131.59100341796875,132.375,59186000,130.7635040283203,126.2030029296875,121.31300354003906,131.0,126.5,121.6500015258789,128.8000030517578,124.36699676513672,119.20050048828124,131.0,125.01000213623048,120.21749877929688,0.009830663019560593,0.009782656419923274,0.0165547312399128,0.016536458949464095,129.31910095214843,125.31752548217773,120.02551040649413,0.020350005548062027,0.015139644950052333,1.15899658203125,-0.3260040283203125,86584800.0
2020-06-18,132.69900512695312,132.98199462890625,131.8054962158203,132.35049438476562,49756000,132.0489959716797,130.04299926757812,122.46649932861328,132.75,131.32150268554688,124.25,131.59100341796875,126.25,121.44850158691406,132.375,126.47200012207033,121.4915008544922,0.004922484646629588,0.004910408831544251,0.009830663019560593,0.030427139202305886,130.27930145263673,125.70762557983399,120.66789047241211,0.008110209725701758,0.014672005460309709,1.1764984130859375,0.3485107421875,73335600.0
2020-06-19,133.75050354003906,134.8715057373047,132.9499969482422,133.9040069580078,115540000,132.69900512695312,132.37249755859375,124.89700317382812,132.98199462890625,136.11749267578125,125.00050354003906,131.8054962158203,131.31300354003906,123.3635025024414,132.35049438476562,132.25,123.89350128173828,0.007923935918584757,0.007892706403668376,0.004922484646629588,0.017913292558120908,131.5792022705078,126.27830085754394,121.29990051269532,0.00429640364533723,0.01359965471918036,1.9215087890625,-0.15350341796875,74699200.0
2020-06-22,135.6909942626953,135.75,133.4499969482422,134.22500610351562,64176000,133.75050354003906,127.89800262451172,122.33699798583984,134.8715057373047,133.56900024414062,126.27249908447266,132.9499969482422,126.8115005493164,122.1269989013672,133.9040069580078,130.1750030517578,125.0,0.014508287231048467,0.014404049034053084,0.007923935918584757,-0.03380230045218746,132.9906005859375,126.97065048217773,121.9709603881836,0.00475950002506736,0.013615279147830006,2.3000030517578125,1.4659881591796875,72074000.0
2020-06-23,138.2205047607422,139.15550231933594,135.90199279785156,136.30099487304688,84634000,135.6909942626953,127.2509994506836,121.84400177001952,135.75,131.07400512695312,123.49250030517578,133.4499969482422,125.1675033569336,121.50650024414062,134.22500610351562,130.0605010986328,122.75050354003906,0.018641697717608263,0.018470070932883553,0.014508287231048467,-0.005058743377937103,134.48200073242188,127.82702560424805,122.5665005493164,0.005439037757459826,0.013628134474667788,3.253509521484375,1.9195098876953125,74658400.0
2020-06-24,136.72000122070312,139.8000030517578,136.0500030517578,139.0,90532000,138.2205047607422,128.63400268554688,121.09300231933594,139.15550231933594,129.1999969482422,123.0999984741211,135.90199279785156,125.4000015258789,120.7030029296875,136.30099487304688,126.33000183105467,122.9000015258789,-0.010855867894827953,-0.010915222785479236,0.018641697717608263,0.01086830941079775,135.41620178222655,128.6370506286621,123.01758056640625,0.011356730368269652,0.013963588552070118,3.75,-2.279998779296875,80927600.0
2020-06-25,137.72900390625,137.81149291992188,135.60699462890625,136.9774932861328,59374000,136.72000122070312,130.7635040283203,120.51950073242188,139.8000030517578,131.0,120.6790008544922,136.0500030517578,128.8000030517578,116.5,139.0,131.0,120.24949645996094,0.007380066387785211,0.007352966946613356,-0.010855867894827953,0.0165547312399128,136.42220153808594,129.52075080871583,123.46448059082032,0.011295835342820516,0.013752949369728682,2.204498291015625,0.7515106201171875,82851200.0
2020-06-26,134.64349365234375,139.1284942626953,134.39999389648438,138.7530059814453,130016000,137.72900390625,132.0489959716797,120.05500030517578,137.81149291992188,132.75,121.84850311279295,135.60699462890625,131.59100341796875,118.9114990234375,136.9774932861328,132.375,119.21649932861328,-0.02240276315369638,-0.022657517035347675,0.007380066387785211,0.009830663019560593,136.60079956054688,130.14700050354003,123.74916046142579,0.017475895013784506,0.014999232515522336,4.7285003662109375,-4.1095123291015625,85746400.0
2020-06-29,134.0189971923828,134.83999633789062,131.50399780273438,134.50050354003906,84468000,134.64349365234375,132.69900512695312,122.11849975585938,139.1284942626953,132.98199462890625,122.11849975585938,134.39999389648438,131.8054962158203,119.91000366210938,138.7530059814453,132.35049438476562,120.7969970703125,-0.004638148068063508,-0.004648937652200358,-0.02240276315369638,0.004922484646629588,136.2664001464844,130.67035026550292,124.05454040527344,0.015929698361483807,0.015058968007797897,3.33599853515625,-0.48150634765625,89804800.0
2020-06-30,137.9409942626953,138.48150634765625,133.75149536132812,134.2534942626953,75394000,134.0189971923828,133.75050354003906,123.552001953125,134.83999633789062,134.8715057373047,123.84649658203124,131.50399780273438,132.9499969482422,122.20850372314452,134.50050354003906,133.9040069580078,122.4000015258789,0.029264486024190406,0.02884445591830274,-0.004638148068063508,0.007923935918584757,136.210498046875,131.38637504577636,124.41975036621093,0.019696497086893798,0.01603189832803266,4.730010986328125,3.6875,87956800.0
2020-07-01,143.93499755859375,144.75,137.6999969482422,137.89950561523438,127268000,137.9409942626953,135.6909942626953,123.62049865722656,138.48150634765625,135.75,123.67649841308594,133.75149536132812,133.4499969482422,122.2655029296875,134.2534942626953,134.22500610351562,123.3499984741211,0.043453386195574595,0.04253577590541981,0.029264486024190406,0.014508287231048467,137.65349731445312,132.3871250152588,124.97033035278321,0.026265275923871945,0.01809412975052235,7.0500030517578125,6.035491943359375,95304000.0
2020-07-02,144.51499938964844,147.7779998779297,143.55499267578125,145.60049438476562,131868000,143.93499755859375,138.2205047607422,123.91999816894533,144.75,139.15550231933594,124.4000015258789,137.6999969482422,135.90199279785156,123.05850219726562,137.89950561523438,136.30099487304688,123.40049743652344,0.004029609482701257,0.004021512351305945,0.043453386195574595,0.018641697717608263,139.0106964111328,133.46137504577638,125.4971403503418,0.026410661915863085,0.01778075537021491,4.2230072021484375,-1.0854949951171875,109802800.0
2020-07-06,152.8520050048828,152.99400329589844,146.5,146.74850463867188,137612000,144.51499938964844,136.72000122070312,123.02999877929688,147.7779998779297,139.8000030517578,125.3769989013672,143.55499267578125,136.0500030517578,122.50050354003906,145.60049438476562,139.0,123.87149810791016,0.05768955229869066,0.056086861548230546,0.004029609482701257,-0.010855867894827953,142.65239868164062,134.89647521972657,126.15473037719727,0.026176761501067507,0.020944039442579377,6.4940032958984375,6.1035003662109375,111322000.0
2020-07-07,150.00599670410156,153.4774932861328,149.5,152.92750549316406,105150000,152.8520050048828,137.72900390625,124.1500015258789,152.99400329589844,137.81149291992188,124.43250274658205,146.5,135.60699462890625,121.85649871826172,146.74850463867188,136.9774932861328,122.22550201416016,-0.018619371729473477,-0.018794894393650154,0.05768955229869066,0.007380066387785211,145.84979858398438,136.08662490844728,126.74463027954101,0.030630311522709855,0.021879222238728135,3.9774932861328125,-2.9215087890625,115458400.0
2020-07-08,154.0554962158203,154.19850158691406,150.6215057373047,151.1304931640625,100752000,150.00599670410156,134.64349365234375,126.2030029296875,153.4774932861328,139.1284942626953,126.5,149.5,134.39999389648438,124.36699676513672,152.92750549316406,138.7530059814453,125.01000213623048,0.026995584181255694,0.026637631211038765,-0.018619371729473477,-0.02240276315369638,149.07269897460938,137.28724975585936,127.44974014282226,0.03053398655095133,0.021714367137828566,3.576995849609375,2.9250030517578125,120530000.0
2020-07-09,159.13150024414062,159.69400024414062,153.6999969482422,155.79949951171875,127774000,154.0554962158203,134.0189971923828,130.04299926757812,154.19850158691406,134.83999633789062,131.32150268554688,150.6215057373047,131.50399780273438,126.25,151.1304931640625,134.50050354003906,126.47200012207033,0.032949191382365184,0.032418003431597016,0.026995584181255694,-0.004638148068063508,152.11199951171875,138.6251998901367,128.31829010009767,0.02907652609093252,0.022301398571426913,5.9940032958984375,3.332000732421875,120631200.0
2020-07-10,160.0,160.75,156.78500366210938,159.58799743652344,109720000,159.13150024414062,137.9409942626953,132.37249755859375,159.69400024414062,138.48150634765625,136.11749267578125,153.6999969482422,133.75149536132812,131.31300354003906,155.79949951171875,134.2534942626953,132.25,0.005457748808544549,0.005442909266691453,0.032949191382365184,0.029264486024190406,155.20899963378906,140.23029975891114,129.14558013916016,0.02887929202978326,0.019888256251641,3.964996337890625,0.4120025634765625,116201600.0
2020-07-13,155.1999969482422,167.21449279785156,153.41949462890625,162.55299377441406,154408000,160.0,143.93499755859375,127.89800262451172,160.75,144.75,133.56900024414062,156.78500366210938,137.6999969482422,126.8115005493164,159.58799743652344,137.89950561523438,130.1750030517578,-0.030000019073486373,-0.030459227148096752,0.005457748808544549,0.043453386195574595,155.67859802246093,141.62774963378905,129.77558013916016,0.027543353252761686,0.021678890807643774,13.794998168945312,-7.352996826171875,119560800.0
2020-07-14,154.1999969482422,156.36900329589844,147.5,154.4499969482422,144638000,155.1999969482422,144.51499938964844,127.2509994506836,167.21449279785156,147.7779998779297,131.07400512695312,153.41949462890625,143.55499267578125,125.1675033569336,162.55299377441406,145.60049438476562,130.0605010986328,-0.006443299095769239,-0.006464146747407976,-0.030000019073486373,0.004029609482701257,156.51739807128905,142.90604934692382,130.5735400390625,0.025583138602225514,0.021994017866196404,8.869003295898438,-0.25,127458400.0
2020-07-15,150.44349670410156,154.91749572753906,148.65899658203125,154.01150512695312,115778000,154.1999969482422,152.8520050048828,128.63400268554688,156.36900329589844,152.99400329589844,129.1999969482422,147.5,146.5,125.4000015258789,154.4499969482422,146.74850463867188,126.33000183105467,-0.02436122126125273,-0.02466286482562469,-0.006443299095769239,0.05768955229869066,155.7949981689453,143.8900489807129,131.26641998291015,0.025249218272335533,0.02315891004071811,6.2584991455078125,-3.5680084228515625,130463600.0
2020-07-16,149.9949951171875,151.60000610351562,145.9114990234375,148.55299377441406,127884000,150.44349670410156,150.00599670410156,130.7635040283203,154.91749572753906,153.4774932861328,131.0,148.65899658203125,149.5,128.8000030517578,154.01150512695312,152.92750549316406,131.0,-0.002981196241378159,-0.002985648858511928,-0.02436122126125273,-0.018619371729473477,153.9676971435547,144.78734893798827,131.94851989746093,0.014943477605359672,0.023261791219530266,5.688507080078125,1.4420013427734375,130485600.0
2020-07-17,148.09849548339844,151.1999969482422,147.42250061035156,150.4499969482422,95226000,149.9949951171875,154.0554962158203,132.0489959716797,151.60000610351562,154.19850158691406,132.75,145.9114990234375,150.6215057373047,131.59100341796875,148.55299377441406,151.1304931640625,132.375,-0.01264375276193297,-0.012724365220700149,-0.002981196241378159,0.026995584181255694,151.58739624023437,145.55732345581055,132.55922973632812,0.011569842516973076,0.02365852780319043,3.777496337890625,-2.35150146484375,127586800.0
2020-07-20,159.8419952392578,160.0679931640625,149.7010040283203,150.00999450683594,151964000,148.09849548339844,159.13150024414062,132.69900512695312,151.1999969482422,159.69400024414062,132.98199462890625,147.42250061035156,153.6999969482422,131.8054962158203,150.4499969482422,155.79949951171875,132.35049438476562,0.07929519957328535,0.07630823511693882,-0.01264375276193297,0.032949191382365184,152.5157958984375,146.86189804077148,133.38845962524414,0.04145912037897329,0.02882048548297475,10.366989135742188,9.832000732421875,127098000.0
2020-07-21,156.9145050048828,162.0290069580078,155.28599548339844,161.62449645996094,122426000,159.8419952392578,160.0,133.75050354003906,160.0679931640625,160.75,134.8715057373047,149.7010040283203,156.78500366210938,132.9499969482422,150.00999450683594,159.58799743652344,133.9040069580078,-0.018314900474015072,-0.018484694634580835,0.07929519957328535,0.005457748808544549,153.05869750976564,147.92307357788087,134.14713973999022,0.042711926560121335,0.02943837114787966,6.743011474609375,-4.709991455078125,122655600.0
2020-07-22,154.99549865722656,157.5,153.26300048828125,156.25,82084000,156.9145050048828,155.1999969482422,135.6909942626953,162.0290069580078,167.21449279785156,135.75,155.28599548339844,153.41949462890625,133.4499969482422,161.62449645996094,162.55299377441406,134.22500610351562,-0.012229630062539742,-0.012305027339411448,-0.018314900474015072,-0.030000019073486373,153.96909790039064,148.76182327270507,134.83804977416992,0.04099395521169801,0.029642814489260608,4.23699951171875,-1.2545013427734375,115916800.0
2020-07-23,149.32749938964844,154.9134979248047,148.5,154.9134979248047,113138000,154.99549865722656,154.1999969482422,138.2205047607422,157.5,156.36900329589844,139.15550231933594,153.26300048828125,147.5,135.90199279785156,156.25,154.4499969482422,136.30099487304688,-0.036568799201794455,-0.03725419917985109,-0.012229630062539742,-0.006443299095769239,153.83559875488282,149.39219818115234,135.4676496887207,0.045469294578883705,0.030948118283592466,6.4134979248046875,-5.58599853515625,112967600.0
2020-07-24,150.44549560546875,151.57899475097656,144.39999389648438,146.5,112648000,149.32749938964844,150.44349670410156,136.72000122070312,154.9134979248047,154.91749572753906,139.8000030517578,148.5,148.65899658203125,136.0500030517578,154.9134979248047,154.01150512695312,139.0,0.007486874288995304,0.007458986752838637,-0.036568799201794455,-0.02436122126125273,154.30499877929688,150.02802276611328,136.1086395263672,0.044968562821166125,0.030948584229885605,7.1790008544921875,3.94549560546875,116452000.0
2020-07-27,152.760498046875,154.89999389648438,150.7884979248047,153.10000610351562,83410000,150.44549560546875,149.9949951171875,137.72900390625,151.57899475097656,151.60000610351562,137.81149291992188,144.39999389648438,145.9114990234375,135.60699462890625,146.5,148.55299377441406,136.9774932861328,0.015387648743417026,0.015270459525145965,0.007486874288995304,-0.002981196241378159,152.88869934082032,150.93387298583986,136.77499954223632,0.020758703732517682,0.030343493176158927,4.1114959716796875,-0.339508056640625,102741200.0
2020-07-28,150.01649475097656,153.85450744628906,149.78799438476562,152.7135009765625,62534000,152.760498046875,148.09849548339844,134.64349365234375,154.89999389648438,151.1999969482422,139.1284942626953,150.7884979248047,147.42250061035156,134.39999389648438,153.10000610351562,150.4499969482422,138.7530059814453,-0.017962780502695397,-0.018126069617507432,0.015387648743417026,-0.01264375276193297,151.50909729003905,151.73374786376954,137.36554946899415,0.020719116631008155,0.030750487121224017,4.0665130615234375,-2.6970062255859375,90762800.0
2020-07-29,151.67649841308594,151.95799255371094,149.8385009765625,151.54949951171875,59482000,150.01649475097656,159.8419952392578,134.0189971923828,153.85450744628906,160.0679931640625,134.83999633789062,149.78799438476562,149.7010040283203,131.50399780273438,152.7135009765625,150.00999450683594,134.50050354003906,0.011065474265779418,0.011004699826417956,-0.017962780502695397,0.07929519957328535,150.84529724121094,152.42052307128907,137.97281936645507,0.022307026059331277,0.030294648200985163,2.1194915771484375,0.1269989013671875,86242400.0
2020-07-30,152.593994140625,154.60000610351562,150.25,150.6999969482422,122566000,151.67649841308594,156.9145050048828,137.9409942626953,151.95799255371094,162.0290069580078,138.48150634765625,149.8385009765625,155.28599548339844,133.75149536132812,151.54949951171875,161.62449645996094,134.2534942626953,0.006049030252796905,0.0060308083157400725,0.011065474265779418,-0.018314900474015072,151.49859619140625,152.8534729003906,138.57536926269532,0.013014404325375522,0.028931694847352484,4.350006103515625,1.8939971923828125,88128000.0
2020-07-31,158.23399353027344,162.34100341796875,157.5500030517578,162.1999969482422,161710000,152.593994140625,154.99549865722656,143.93499755859375,154.60000610351562,157.5,144.75,150.25,153.26300048828125,137.6999969482422,150.6999969482422,156.25,137.89950561523438,0.036960821567137314,0.036294147981264194,0.006049030252796905,-0.012229630062539742,153.0562957763672,153.53942260742187,139.2421090698242,0.019711196264752217,0.029895595989024838,4.7910003662109375,-3.96600341796875,97940400.0
2020-08-03,155.59449768066406,159.1999969482422,155.1999969482422,159.02549743652344,101494000,158.23399353027344,149.32749938964844,144.51499938964844,162.34100341796875,154.9134979248047,147.7779998779297,157.5500030517578,148.5,143.55499267578125,162.1999969482422,154.9134979248047,145.60049438476562,-0.01668096589563972,-0.01682166001089732,0.036960821567137314,-0.036568799201794455,153.623095703125,153.67654724121093,139.90725906372072,0.02264142590150723,0.02752286508642374,4.0,-3.430999755859375,101557200.0
2020-08-04,156.94149780273438,158.36199951171875,155.0605010986328,155.0605010986328,93886000,155.59449768066406,150.44549560546875,152.8520050048828,159.1999969482422,151.57899475097656,152.99400329589844,155.1999969482422,144.39999389648438,146.5,159.02549743652344,146.5,146.74850463867188,0.008657119256458845,0.008619861276316521,-0.01668096589563972,0.007486874288995304,155.00809631347656,154.02332229614257,140.609208984375,0.019066924265811785,0.027160302923290663,3.3014984130859375,1.8809967041015625,107827600.0
2020-08-05,160.25149536132812,160.67950439453125,156.36500549316406,157.18850708007812,78330000,156.94149780273438,152.760498046875,150.00599670410156,158.36199951171875,154.89999389648438,153.4774932861328,155.0605010986328,150.7884979248047,149.5,155.0605010986328,153.10000610351562,152.92750549316406,0.021090645909052075,0.020871316739287018,0.008657119256458845,0.015387648743417026,156.723095703125,154.33312225341797,141.39237884521484,0.019822907331673932,0.026912181589589267,4.3144989013671875,3.06298828125,111597200.0
2020-08-06,161.25,162.37350463867188,158.27149963378906,159.71800231933594,78812000,160.25149536132812,150.01649475097656,154.0554962158203,160.67950439453125,153.85450744628906,154.19850158691406,156.36500549316406,149.78799438476562,150.6215057373047,157.18850708007812,152.7135009765625,151.1304931640625,0.0062308600392182445,0.0062115284906952865,0.021090645909052075,-0.017962780502695397,158.454296875,154.43904724121094,142.20698883056642,0.019811223432306017,0.025957454779317452,4.1020050048828125,1.5319976806640625,102846400.0
2020-08-07,158.3730010986328,162.04049682617188,157.0334930419922,161.20050048828125,78722000,161.25,151.67649841308594,159.13150024414062,162.37350463867188,151.95799255371094,159.69400024414062,158.27149963378906,149.8385009765625,153.6999969482422,159.71800231933594,151.54949951171875,155.79949951171875,-0.017841853651889505,-0.01800293843304236,0.0062308600392182445,0.011065474265779418,158.4820983886719,154.3576972961426,142.97334884643556,0.016990785491219428,0.026266672003027913,5.0070037841796875,-2.8274993896484375,86248800.0
2020-08-10,157.4080047607422,158.62550354003906,155.0760040283203,158.5155029296875,63346000,158.3730010986328,152.593994140625,160.0,162.04049682617188,154.60000610351562,160.75,157.0334930419922,150.25,156.78500366210938,161.20050048828125,150.6999969482422,159.58799743652344,-0.006093187166982039,-0.006111826385309402,-0.017841853651889505,0.006049030252796905,158.8447998046875,154.46809768676758,143.67913894653321,0.014874758503294786,0.02536726858866081,3.54949951171875,-1.1074981689453125,78619200.0
2020-08-11,154.0334930419922,157.96099853515625,153.64999389648438,155.66000366210938,74362000,157.4080047607422,158.23399353027344,155.1999969482422,158.62550354003906,162.34100341796875,167.21449279785156,155.0760040283203,157.5500030517578,153.41949462890625,158.5155029296875,162.1999969482422,162.55299377441406,-0.021437993092404684,-0.02167112480516848,-0.006093187166982039,0.036960821567137314,158.26319885253906,154.45977249145508,144.28876876831055,0.01756070648313174,0.02581659998887053,4.311004638671875,-1.6265106201171875,74714400.0
2020-08-12,158.11199951171875,158.71949768066406,155.0709991455078,155.39999389648438,70442000,154.0334930419922,155.59449768066406,154.1999969482422,157.96099853515625,159.1999969482422,156.36900329589844,153.64999389648438,155.1999969482422,147.5,155.66000366210938,159.02549743652344,154.4499969482422,0.026478049605839216,0.026133573522779383,-0.021437993092404684,-0.01668096589563972,157.83529968261718,154.84319763183595,144.97859878540038,0.01951205357265656,0.025768055177123262,3.64849853515625,2.712005615234375,73136800.0
2020-08-13,158.05099487304688,160.87600708007812,157.75,159.14950561523438,62980000,158.11199951171875,156.94149780273438,150.44349670410156,158.71949768066406,158.36199951171875,154.91749572753906,155.0709991455078,155.0605010986328,148.65899658203125,155.39999389648438,155.0605010986328,154.01150512695312,-0.0003858318082136103,-0.0003859062604570367,0.026478049605839216,0.008657119256458845,157.19549865722655,155.2459976196289,145.66121871948243,0.01898639132727139,0.02574394668311136,3.126007080078125,-1.0985107421875,69970400.0
2020-08-14,157.4010009765625,158.91200256347656,156.0,158.90899658203125,55034000,158.05099487304688,160.25149536132812,149.9949951171875,160.87600708007812,160.67950439453125,151.60000610351562,157.75,156.36500549316406,145.9114990234375,159.14950561523438,157.18850708007812,148.55299377441406,-0.004112558082955964,-0.004121037907113718,-0.0003858318082136103,0.021090645909052075,157.0010986328125,155.71112289428712,146.34863876342774,0.017383179461115474,0.025542257315910963,2.9120025634765625,-1.50799560546875,65232800.0
2020-08-17,159.12049865722656,159.74850463867188,157.70899963378906,158.656005859375,53824000,157.4010009765625,161.25,148.09849548339844,158.91200256347656,162.37350463867188,151.1999969482422,156.0,158.27149963378906,147.42250061035156,158.90899658203125,159.71800231933594,150.4499969482422,0.010924312234330102,0.010865072977043023,-0.004112558082955964,0.0062308600392182445,157.34359741210938,155.67504806518554,147.0480487060547,0.017824025376541302,0.018427953393046696,2.0395050048828125,0.4644927978515625,63328400.0
2020-08-18,165.62449645996094,166.0,160.29100036621094,160.60000610351562,106920000,159.12049865722656,158.3730010986328,159.8419952392578,159.74850463867188,162.04049682617188,160.0679931640625,157.70899963378906,157.0334930419922,149.7010040283203,158.656005859375,161.20050048828125,150.00999450683594,0.04087466955935781,0.04006138810950659,0.010924312234330102,-0.017841853651889505,159.66179809570312,156.11054763793945,147.83647857666017,0.018838595568110194,0.020026316169562228,5.7089996337890625,5.0244903564453125,69840000.0
2020-08-19,163.0240020751953,165.7949981689453,162.8000030517578,165.15049743652344,83702000,165.62449645996094,157.4080047607422,156.9145050048828,166.0,158.62550354003906,162.0290069580078,160.29100036621094,155.0760040283203,155.28599548339844,160.60000610351562,158.5155029296875,161.62449645996094,-0.015701145907449088,-0.015825714532805114,0.04087466955935781,-0.006093187166982039,160.64419860839843,156.5119728088379,148.4960986328125,0.0215288306400841,0.0201787672076054,2.9949951171875,-2.126495361328125,72492000.0
2020-08-20,164.86849975585938,165.63099670410156,161.89999389648438,162.60000610351562,66650000,163.0240020751953,154.0334930419922,154.99549865722656,165.7949981689453,157.96099853515625,157.5,162.8000030517578,153.64999389648438,153.26300048828125,165.15049743652344,155.66000366210938,156.25,0.011314270642265756,0.011250743012291311,-0.015701145907449088,-0.021437993092404684,162.00769958496093,157.28902282714844,149.14601867675782,0.02125182855204041,0.017994129108466414,3.7310028076171875,2.26849365234375,73226000.0
2020-08-21,164.23599243164062,165.72000122070312,163.76950073242188,164.75,71518000,164.86849975585938,158.11199951171875,149.32749938964844,165.63099670410156,158.71949768066406,154.9134979248047,161.89999389648438,155.0709991455078,148.5,162.60000610351562,155.39999389648438,154.9134979248047,-0.0038364352508537536,-0.003843813244746528,0.011314270642265756,0.026478049605839216,163.37469787597655,157.97854766845703,149.8727784729004,0.02121065959799278,0.018093442286447506,1.95050048828125,-0.514007568359375,76522800.0
2020-08-24,165.3730010986328,169.01600646972656,162.8780059814453,165.50750732421875,93326000,164.23599243164062,158.05099487304688,150.44549560546875,165.72000122070312,160.87600708007812,151.57899475097656,163.76950073242188,157.75,144.39999389648438,164.75,159.14950561523438,146.5,0.006923017605080961,0.006899163550113672,-0.0038364352508537536,-0.0003858318082136103,164.6251983642578,158.60917282104492,150.63521850585937,0.02118193490531781,0.017924780998814546,6.13800048828125,-0.1345062255859375,84423200.0
2020-08-25,167.32449340820312,167.8699951171875,163.35000610351562,164.74949645996094,79856000,165.3730010986328,157.4010009765625,152.760498046875,169.01600646972656,158.91200256347656,154.89999389648438,162.8780059814453,156.0,150.7884979248047,165.50750732421875,158.90899658203125,153.10000610351562,0.011800549645987202,0.01173146611135582,0.006923017605080961,-0.004112558082955964,164.96519775390624,159.47457275390624,151.4090283203125,0.011772712143074755,0.017215908700930194,4.519989013671875,2.5749969482421875,79010400.0
2020-08-26,172.09249877929688,172.58700561523438,167.22850036621094,167.5554962158203,130174000,167.32449340820312,159.12049865722656,150.01649475097656,167.8699951171875,159.74850463867188,153.85450744628906,163.35000610351562,157.70899963378906,149.78799438476562,164.74949645996094,158.656005859375,152.7135009765625,0.0284955613728457,0.02809711446991023,0.011800549645987202,0.010924312234330102,166.77889709472657,160.4953727722168,152.23560821533204,0.01165716028631065,0.017932654165359576,5.3585052490234375,4.5370025634765625,88304800.0
2020-08-27,170.0,172.64999389648438,168.89999389648438,172.50250244140625,85296000,172.09249877929688,165.62449645996094,151.67649841308594,172.58700561523438,166.0,151.95799255371094,167.22850036621094,160.29100036621094,149.8385009765625,167.5554962158203,160.60000610351562,151.54949951171875,-0.01215915158498826,-0.012233678809977448,0.0284955613728457,0.04087466955935781,167.8051971435547,161.36567306518555,152.99462829589845,0.015546377817708174,0.01841177443582009,3.75,-2.50250244140625,92034000.0
2020-08-28,170.08999633789062,171.6685028076172,169.3249969482422,171.14999389648438,57940000,170.0,163.0240020751953,152.593994140625,172.64999389648438,165.7949981689453,154.60000610351562,168.89999389648438,162.8000030517578,150.25,172.50250244140625,165.15049743652344,150.6999969482422,0.0005293902228860059,0.0005292501453169122,-0.01215915158498826,-0.015701145907449088,168.9759979248047,161.9584732055664,153.7424481201172,0.014949772335364184,0.01688179335896833,2.343505859375,-1.05999755859375,89318400.0
2020-08-31,172.54800415039062,174.75,170.25,170.44949340820312,83718000,170.08999633789062,164.86849975585938,158.23399353027344,171.6685028076172,165.63099670410156,162.34100341796875,169.3249969482422,161.89999389648438,157.5500030517578,171.14999389648438,162.60000610351562,162.1999969482422,0.014451219151166761,0.014347795491567642,0.0005293902228860059,0.011314270642265756,170.41099853515624,162.80614852905273,154.51839813232422,0.015300228741346789,0.016324536344201994,4.5,2.0985107421875,87396800.0
2020-09-01,174.95599365234375,175.69349670410156,173.35000610351562,174.47900390625,68644000,172.54800415039062,164.23599243164062,155.59449768066406,174.75,165.72000122070312,159.1999969482422,170.25,163.76950073242188,155.1999969482422,170.44949340820312,164.75,159.02549743652344,0.01395547583299983,0.013858994770032553,0.014451219151166761,-0.0038364352508537536,171.9372985839844,163.7068733215332,155.3036981201172,0.015441790045976646,0.01642439755650639,2.3434906005859375,0.47698974609375,85154400.0
2020-09-02,176.57249450683594,177.6125030517578,174.33450317382812,177.35000610351562,78630000,174.95599365234375,165.3730010986328,156.94149780273438,175.69349670410156,169.01600646972656,158.36199951171875,173.35000610351562,162.8780059814453,155.0605010986328,174.47900390625,165.50750732421875,155.0605010986328,0.009239471142122424,0.009197048337934825,0.01395547583299983,0.006923017605080961,172.8332977294922,164.5229232788086,156.07073791503908,0.011199502506480162,0.016044553545039628,3.2779998779296875,-0.7775115966796875,74845600.0
2020-09-03,168.39999389648438,174.42050170898438,165.14999389648438,174.25,163222000,176.57249450683594,167.32449340820312,160.25149536132812,177.6125030517578,167.8699951171875,160.67950439453125,174.33450317382812,163.35000610351562,156.36500549316406,177.35000610351562,164.74949645996094,157.18850708007812,-0.04628410915968095,-0.047389460231042485,0.009239471142122424,0.011800549645987202,172.51329650878907,164.88042297363282,156.7043377685547,0.02558471299743173,0.019708313910081373,9.2705078125,-5.850006103515625,90430800.0
2020-09-04,164.7310028076172,169.0749969482422,155.55650329589844,165.89999389648438,175636000,168.39999389648438,172.09249877929688,161.25,174.42050170898438,172.58700561523438,162.37350463867188,165.14999389648438,167.22850036621094,158.27149963378906,174.25,167.5554962158203,159.71800231933594,-0.021787358799564616,-0.022028208040287028,-0.04628410915968095,0.0284955613728457,171.44149780273438,165.19832305908204,157.24437774658202,0.02702188387912442,0.019939527856384844,13.51849365234375,-1.1689910888671875,113970000.0
2020-09-08,157.49200439453125,162.54249572753906,156.5,157.1999969482422,121884000,164.7310028076172,170.0,158.3730010986328,169.0749969482422,172.64999389648438,162.04049682617188,155.55650329589844,168.89999389648438,157.0334930419922,165.89999389648438,172.50250244140625,161.20050048828125,-0.04394435952982134,-0.04493916629572862,-0.021787358799564616,-0.01215915158498826,168.4302978515625,165.2025230407715,157.70134796142577,0.02850573568735555,0.02240762012674541,6.0424957275390625,0.2920074462890625,121603200.0
2020-09-09,163.4304962158203,165.15899658203125,159.25,160.14950561523438,103774000,157.49200439453125,170.08999633789062,157.4080047607422,162.54249572753906,171.6685028076172,158.62550354003906,156.5,169.3249969482422,155.0760040283203,157.1999969482422,171.14999389648438,158.5155029296875,0.03770662418145765,0.037013109131374684,-0.04394435952982134,0.0005293902228860059,166.1251983642578,165.6723731994629,158.28957794189452,0.03608447666234954,0.023278247453439666,5.90899658203125,3.2809906005859375,128629200.0
2020-09-10,158.7554931640625,167.4945068359375,158.52749633789062,165.36099243164062,106614000,163.4304962158203,172.54800415039062,154.0334930419922,165.15899658203125,174.75,157.96099853515625,159.25,170.25,153.64999389648438,160.14950561523438,170.44949340820312,155.66000366210938,-0.02860545100214451,-0.029022560577017922,0.03770662418145765,0.014451219151166761,162.56179809570312,165.70454788208008,158.70586791992187,0.03416793313368174,0.023637973420797178,8.967010498046875,-6.605499267578125,134226000.0
2020-09-11,155.81100463867188,160.86700439453125,154.19900512695312,160.4344940185547,101880000,158.7554931640625,174.95599365234375,158.11199951171875,167.4945068359375,175.69349670410156,158.71949768066406,158.52749633789062,173.35000610351562,155.0709991455078,165.36099243164062,174.47900390625,155.39999389648438,-0.018547317429499666,-0.0187214757293059,-0.02860545100214451,0.01395547583299983,160.04400024414062,165.59254837036133,158.94338806152345,0.031062508960034735,0.02401836200719708,6.667999267578125,-4.6234893798828125,121957600.0
2020-09-14,155.14849853515625,159.3695068359375,154.8000030517578,158.64700317382812,90592000,155.81100463867188,176.57249450683594,158.05099487304688,160.86700439453125,177.6125030517578,160.87600708007812,154.19900512695312,174.33450317382812,157.75,160.4344940185547,177.35000610351562,159.14950561523438,-0.004251985314208007,-0.004261050710177225,-0.018547317429499666,0.009239471142122424,158.12749938964845,165.47992324829102,159.1560580444336,0.031099514151476246,0.02401950484302639,4.5695037841796875,-3.498504638671875,104948800.0
2020-09-15,157.80650329589844,158.75100708007812,155.4459991455078,156.80799865722656,80430000,155.14849853515625,168.39999389648438,157.4010009765625,159.3695068359375,174.42050170898438,158.91200256347656,154.8000030517578,165.14999389648438,156.0,158.64700317382812,174.25,158.90899658203125,0.017132004407634627,0.016986906487693396,-0.004251985314208007,-0.04628410915968095,158.19039916992188,165.41422348022462,159.25514801025392,0.026894660124623486,0.024213480809072534,3.3050079345703125,0.998504638671875,96658000.0
2020-09-16,153.90499877929688,159.36199951171875,153.70750427246094,158.99949645996094,90244000,157.80650329589844,164.7310028076172,159.12049865722656,158.75100708007812,169.0749969482422,159.74850463867188,155.4459991455078,155.55650329589844,157.70899963378906,156.80799865722656,165.89999389648438,158.656005859375,-0.024723344317983953,-0.02503409881608985,0.017132004407634627,-0.021787358799564616,156.2852996826172,164.8282485961914,159.33312805175783,0.018634616349213498,0.022765661487894866,5.6544952392578125,-5.0944976806640625,93952000.0
2020-09-17,150.43649291992188,151.47149658203125,148.62750244140625,150.46249389648438,128982000,153.90499877929688,157.49200439453125,165.62449645996094,159.36199951171875,162.54249572753906,166.0,153.70750427246094,156.5,160.29100036621094,158.99949645996094,157.1999969482422,160.60000610351562,-0.02253666798925036,-0.02279449983567252,-0.024723344317983953,-0.04394435952982134,154.62149963378906,164.19887313842773,159.26074798583986,0.017424645289809634,0.02300982494751719,2.843994140625,-0.0260009765625,98425600.0
2020-09-18,147.74549865722656,151.88999938964844,145.27699279785156,151.58700561523438,177852000,150.43649291992188,163.4304962158203,163.0240020751953,151.47149658203125,165.15899658203125,165.7949981689453,148.62750244140625,159.25,162.8000030517578,150.46249389648438,160.14950561523438,165.15049743652344,-0.01788790878106783,-0.018049831297685878,-0.02253666798925036,0.03770662418145765,153.0083984375,163.34272308349608,159.03302795410156,0.017351661860102698,0.022929552477905853,6.613006591796875,-3.8415069580078125,113620000.0
2020-09-21,148.02349853515625,148.10000610351562,143.5500030517578,145.3249969482422,122358000,147.74549865722656,158.7554931640625,164.86849975585938,151.88999938964844,167.4945068359375,165.63099670410156,145.27699279785156,158.52749633789062,161.89999389648438,151.58700561523438,165.36099243164062,162.60000610351562,0.001881613182508124,0.0018798451658920037,-0.01788790878106783,-0.02860545100214451,151.5833984375,162.53209838867187,158.79349792480468,0.018100370785033966,0.022983251832973058,4.5500030517578125,2.6985015869140625,119973200.0
2020-09-22,156.44949340820312,156.69949340820312,150.00999450683594,151.69200134277344,138976000,148.02349853515625,155.81100463867188,164.23599243164062,148.10000610351562,160.86700439453125,165.72000122070312,143.5500030517578,154.19900512695312,163.76950073242188,145.3249969482422,160.4344940185547,164.75,0.05692335984779917,0.055362197019776946,0.001881613182508124,-0.018547317429499666,151.31199645996094,162.0859230041504,158.8184878540039,0.03418656609474122,0.026751068305955496,6.6894989013671875,4.7574920654296875,131682400.0
2020-09-23,149.9929962158203,156.35000610351562,149.61900329589844,156.02149963378906,113054000,156.44949340820312,155.14849853515625,165.3730010986328,156.69949340820312,159.3695068359375,169.01600646972656,150.00999450683594,154.8000030517578,162.8780059814453,151.69200134277344,158.64700317382812,165.50750732421875,-0.04126889165142078,-0.04214463095521935,0.05692335984779917,-0.004251985314208007,150.52959594726562,161.21934814453124,158.73434783935548,0.03764981016893752,0.02787362496972837,6.7310028076171875,-6.02850341796875,136244400.0
2020-09-24,150.989501953125,153.46499633789062,148.25,148.88949584960938,110588000,149.9929962158203,157.80650329589844,167.32449340820312,156.35000610351562,158.75100708007812,167.8699951171875,149.61900329589844,155.4459991455078,163.35000610351562,156.02149963378906,156.80799865722656,164.74949645996094,0.006643681788120581,0.0066217097971920415,-0.04126889165142078,0.017132004407634627,150.64019775390625,160.16419830322266,158.74526794433595,0.03641129318153289,0.026899337465466192,5.214996337890625,2.100006103515625,132565600.0
2020-09-25,154.75650024414062,155.07699584960938,149.9499969482422,152.7429962158203,92304000,150.989501953125,153.90499877929688,172.09249877929688,153.46499633789062,159.36199951171875,172.58700561523438,148.25,153.70750427246094,167.22850036621094,148.88949584960938,158.99949645996094,167.5554962158203,0.02494874307344297,0.024642604582375296,0.006643681788120581,-0.024723344317983953,152.04239807128906,159.4020233154297,158.840498046875,0.03581475619849388,0.0277318602267544,5.1269989013671875,2.0135040283203125,115456000.0
2020-09-28,158.70249938964844,158.7519989013672,155.85850524902344,157.4425048828125,84484000,154.75650024414062,150.43649291992188,170.0,155.07699584960938,151.47149658203125,172.64999389648438,149.9499969482422,148.62750244140625,168.89999389648438,152.7429962158203,150.46249389648438,172.50250244140625,0.025498115680328004,0.025178461064278568,0.02494874307344297,-0.02253666798925036,154.1781982421875,158.83264846801757,159.052578125,0.03606159746574747,0.02851275004077801,2.89349365234375,1.2599945068359375,107881200.0
2020-09-29,157.24400329589844,159.41299438476562,156.6269989013672,158.76950073242188,69916000,158.70249938964844,147.74549865722656,170.08999633789062,158.7519989013672,151.88999938964844,171.6685028076172,155.85850524902344,145.27699279785156,169.3249969482422,157.4425048828125,151.58700561523438,171.14999389648438,-0.009190126805558863,-0.00923261654532486,0.025498115680328004,-0.01788790878106783,154.33710021972655,158.06744842529298,159.0006182861328,0.02781868357642168,0.028236728223196682,2.7859954833984375,-1.5254974365234375,94069200.0
2020-09-30,157.43649291992188,160.6439971923828,156.69949340820312,157.0570068359375,97922000,157.24400329589844,148.02349853515625,172.54800415039062,159.41299438476562,148.10000610351562,174.75,156.6269989013672,143.5500030517578,170.25,158.76950073242188,145.3249969482422,170.44949340820312,0.0012241460404771587,0.0012233973846267278,-0.009190126805558863,0.001881613182508124,155.82579956054687,157.19147338867188,159.01105804443358,0.015166119159754283,0.027946604034670995,3.9445037841796875,0.379486083984375,91042800.0
2020-10-01,161.06300354003906,161.1999969482422,158.60000610351562,160.39999389648438,99438000,157.43649291992188,156.44949340820312,174.95599365234375,160.6439971923828,156.69949340820312,175.69349670410156,156.69949340820312,150.00999450683594,173.35000610351562,157.0570068359375,151.69200134277344,174.47900390625,0.023034752317315554,0.022773457377156782,0.0012241460404771587,0.05692335984779917,157.8404998779297,156.41599884033204,159.13240814208984,0.01605218754456995,0.028478908418219668,2.5999908447265625,0.6630096435546875,88812800.0
2020-10-02,156.25,159.7899932861328,156.14999389648438,157.68150329589844,112262000,161.06300354003906,149.9929962158203,176.57249450683594,161.1999969482422,156.35000610351562,177.6125030517578,158.60000610351562,149.61900329589844,174.33450317382812,160.39999389648438,156.02149963378906,177.35000610351562,-0.02988273802333874,-0.030338326155417573,0.023034752317315554,-0.04126889165142078,158.13919982910156,155.80849914550782,159.2708581542969,0.023113083441552336,0.027419790549109223,3.6399993896484375,-1.4315032958984375,92804400.0
2020-10-05,159.9600067138672,160.12649536132812,157.04249572753906,157.29200744628906,75506000,156.25,150.989501953125,168.39999389648438,159.7899932861328,153.46499633789062,174.42050170898438,156.14999389648438,148.25,165.14999389648438,157.68150329589844,148.88949584960938,174.25,0.0237440429687501,0.023466537334268914,-0.02988273802333874,0.006643681788120581,158.3907012939453,155.5699493408203,159.46114837646485,0.022679093531120985,0.0276999254545025,3.0839996337890625,2.667999267578125,91008800.0
2020-10-06,154.9980010986328,159.10000610351562,154.5,158.25,101738000,159.9600067138672,154.75650024414062,164.7310028076172,160.12649536132812,155.07699584960938,169.0749969482422,157.04249572753906,149.9499969482422,155.55650329589844,157.29200744628906,152.7429962158203,165.89999389648438,-0.03102028886576813,-0.03151160525254176,0.0237440429687501,0.02494874307344297,157.94150085449218,155.44524917602538,159.5058984375,0.027008479390430544,0.026783533770018835,4.600006103515625,-3.2519989013671875,97373200.0
2020-10-07,159.7845001220703,160.0,156.6195068359375,156.75,86188000,154.9980010986328,158.70249938964844,157.49200439453125,159.10000610351562,158.7519989013672,162.54249572753906,154.5,155.85850524902344,156.5,158.25,157.4425048828125,157.1999969482422,0.030881037106998743,0.030413812448158245,-0.03102028886576813,0.025498115680328004,158.41110229492188,155.2629493713379,159.70125854492187,0.031012481723386255,0.026310945471862853,3.3804931640625,3.0345001220703125,95026400.0
2020-10-08,159.52749633789062,161.6645050048828,158.74949645996094,161.24949645996094,63482000,159.7845001220703,157.24400329589844,163.4304962158203,160.0,159.41299438476562,165.15899658203125,156.6195068359375,156.6269989013672,159.25,156.75,158.76950073242188,160.14950561523438,-0.0016084400175445657,-0.0016097349459189387,0.030881037106998743,-0.009190126805558863,158.1040008544922,155.3015495300293,159.85827850341798,0.02899483765359618,0.025489036264094943,2.915008544921875,-1.7220001220703125,87835200.0
2020-10-09,164.33250427246094,164.44949340820312,159.89149475097656,160.5,98158000,159.52749633789062,157.43649291992188,158.7554931640625,161.6645050048828,160.6439971923828,167.4945068359375,158.74949645996094,156.69949340820312,158.52749633789062,161.24949645996094,157.0570068359375,165.36099243164062,0.030120249141207367,0.02967554216621051,-0.0016084400175445657,0.0012241460404771587,159.7205017089844,155.72762451171874,160.09304870605467,0.02667519836933029,0.025889872191089805,4.5579986572265625,3.8325042724609375,85014400.0
2020-10-12,172.14649963378906,174.81199645996094,166.9774932861328,167.4969940185547,167284000,164.33250427246094,161.06300354003906,155.81100463867188,164.44949340820312,161.1999969482422,160.86700439453125,159.89149475097656,158.60000610351562,154.19900512695312,160.5,160.39999389648438,160.4344940185547,0.04754990740220588,0.0464540159772508,0.030120249141207367,0.023034752317315554,162.15780029296874,156.5775245666504,160.371298828125,0.03136025679277056,0.027658737617154955,7.834503173828125,4.649505615234375,103370000.0
2020-10-13,172.18150329589844,174.61900329589844,171.21099853515625,173.39950561523438,114894000,172.14649963378906,156.25,155.14849853515625,174.81199645996094,159.7899932861328,159.3695068359375,166.9774932861328,156.14999389648438,154.8000030517578,167.4969940185547,157.68150329589844,158.64700317382812,0.00020333647320058823,0.0002033158031418585,0.04754990740220588,-0.02988273802333874,165.59450073242186,157.2962745666504,160.70303894042968,0.021380090359364952,0.02754518658343786,3.4080047607421875,-1.2180023193359375,106001200.0
2020-10-14,168.1855010986328,173.24400329589844,167.0,172.35000610351562,116254000,172.18150329589844,159.9600067138672,157.80650329589844,174.61900329589844,160.12649536132812,158.75100708007812,171.21099853515625,157.04249572753906,155.4459991455078,173.39950561523438,157.29200744628906,156.80799865722656,-0.023208080547411636,-0.023481628688544316,0.00020333647320058823,0.0237440429687501,167.2747009277344,158.0102996826172,160.92791900634765,0.02804664893015782,0.027461878591229474,6.2440032958984375,-4.1645050048828125,112014400.0
2020-10-15,166.9324951171875,167.79400634765625,164.0,164.60049438476562,104468000,168.1855010986328,154.9980010986328,153.90499877929688,173.24400329589844,159.10000610351562,159.36199951171875,167.0,154.5,153.70750427246094,172.35000610351562,158.25,158.99949645996094,-0.007450142689235051,-0.007478033616218114,-0.023208080547411636,-0.03102028886576813,168.75570068359374,158.83509979248046,161.06153900146484,0.028794651138337266,0.026872268979010978,3.79400634765625,2.332000732421875,120211600.0
2020-10-16,163.635498046875,169.98300170898438,158.0,168.1614990234375,129488000,166.9324951171875,159.7845001220703,150.43649291992188,167.79400634765625,160.0,151.47149658203125,164.0,156.6195068359375,148.62750244140625,164.60049438476562,156.75,150.46249389648438,-0.019750480983333984,-0.01994812848396483,-0.007450142689235051,0.030881037106998743,168.61629943847657,159.62959976196288,161.10924896240235,0.028477297420969917,0.026960876793666173,11.983001708984375,-4.5260009765625,126477600.0
2020-10-19,160.36050415039062,166.4499969482422,159.63699340820312,164.98049926757812,104472000,163.635498046875,159.52749633789062,147.74549865722656,169.98300170898438,161.6645050048828,151.88999938964844,158.0,158.74949645996094,145.27699279785156,168.1614990234375,161.24949645996094,151.58700561523438,-0.020013957457728493,-0.020216949722746604,-0.019750480983333984,-0.0016084400175445657,166.25910034179688,160.2464500427246,161.1489990234375,0.00998311374602065,0.027552053230553073,6.8130035400390625,-4.6199951171875,113915200.0
2020-10-20,160.85049438476562,163.3000030517578,159.60049438476562,161.11399841308594,90194000,160.36050415039062,164.33250427246094,148.02349853515625,166.4499969482422,164.44949340820312,148.10000610351562,159.63699340820312,159.89149475097656,143.5500030517578,164.98049926757812,160.5,145.3249969482422,0.003055554339711275,0.0030508956211158598,-0.020013957457728493,0.030120249141207367,163.9928985595703,160.46650009155275,161.21784881591796,0.0110275858994952,0.024621198527330482,3.6995086669921875,-0.2635040283203125,108975200.0
2020-10-21,159.2469940185547,161.69400024414062,158.0,160.625,91854000,160.85049438476562,172.14649963378906,156.44949340820312,163.3000030517578,174.81199645996094,156.69949340820312,159.60049438476562,166.9774932861328,150.00999450683594,161.11399841308594,167.4969940185547,151.69200134277344,-0.009968886774915697,-0.01001890884724982,0.003055554339711275,0.04754990740220588,162.2051971435547,160.92919998168946,161.32211883544923,0.009603300588155877,0.02266489293452104,3.694000244140625,-1.3780059814453125,104095200.0
2020-10-22,158.82000732421875,159.9375,156.0970001220703,159.49349975585938,84240000,159.2469940185547,172.18150329589844,149.9929962158203,161.69400024414062,174.61900329589844,156.35000610351562,158.0,171.21099853515625,149.61900329589844,160.625,173.39950561523438,156.02149963378906,-0.0026812857408547996,-0.002684886825932588,-0.009968886774915697,0.00020333647320058823,160.58269958496095,161.32072525024415,161.33627899169923,0.010238177416470347,0.022687103463344876,3.8404998779296875,-0.673492431640625,100049600.0
2020-10-23,160.22000122070312,160.26649475097656,157.0,159.5500030517578,69334000,158.82000732421875,168.1855010986328,150.989501953125,159.9375,173.24400329589844,153.46499633789062,156.0970001220703,167.0,148.25,159.49349975585938,172.35000610351562,148.88949584960938,0.008814971867029398,0.008776346822349299,-0.0026812857408547996,-0.023208080547411636,159.89960021972655,161.59390029907226,161.37965911865234,0.011266009050376183,0.02213731856681762,3.2664947509765625,0.6699981689453125,88018800.0
2020-10-26,160.3520050048828,164.1490020751953,157.6649932861328,159.93699645996094,118024000,160.22000122070312,166.9324951171875,154.75650024414062,160.26649475097656,167.79400634765625,155.07699584960938,157.0,164.0,149.9499969482422,159.5500030517578,164.60049438476562,152.7429962158203,0.0008238907949942309,0.0008235515832760146,0.008814971867029398,-0.007450142689235051,159.897900390625,161.67637557983397,161.43867919921874,0.006969335381186361,0.021433296589225173,6.4840087890625,0.415008544921875,90729200.0
2020-10-27,164.31649780273438,164.58299255371094,160.56500244140625,161.2469940185547,85820000,160.3520050048828,163.635498046875,158.70249938964844,164.1490020751953,169.98300170898438,158.7519989013672,157.6649932861328,158.0,155.85850524902344,159.93699645996094,168.1614990234375,157.4425048828125,0.024723687101579017,0.02442300268945314,0.0008238907949942309,-0.019750480983333984,160.59110107421876,162.03000030517578,161.5425991821289,0.013246940784197614,0.021942335814465763,4.0179901123046875,3.0695037841796875,89854400.0
2020-10-28,158.13900756835938,163.2010040283203,158.12350463867188,162.46499633789062,111766000,164.31649780273438,160.36050415039062,157.24400329589844,164.58299255371094,166.4499969482422,159.41299438476562,160.56500244140625,159.63699340820312,156.6269989013672,161.2469940185547,164.98049926757812,158.76950073242188,-0.037595069983728635,-0.038319991707740156,0.024723687101579017,-0.020013957457728493,160.3695037841797,162.06512603759765,161.39288940429688,0.02293047747579696,0.023701018869734664,5.0774993896484375,-4.32598876953125,93836800.0
2020-10-29,160.55050659179688,162.8625030517578,158.1999969482422,160.06350708007812,131930000,158.13900756835938,160.85049438476562,157.43649291992188,163.2010040283203,163.3000030517578,160.6439971923828,158.12350463867188,159.60049438476562,156.69949340820312,162.46499633789062,161.11399841308594,157.0570068359375,0.015249235849637444,0.015134134911874026,-0.037595069983728635,0.003055554339711275,160.71560363769532,162.03950119018555,161.3434194946289,0.024014013716633257,0.023372886149659027,4.662506103515625,0.48699951171875,103374800.0
2020-10-30,151.8074951171875,158.35000610351562,150.9499969482422,157.8874969482422,167728000,160.55050659179688,159.2469940185547,161.06300354003906,162.8625030517578,161.69400024414062,161.1999969482422,158.1999969482422,158.0,158.60000610351562,160.06350708007812,160.625,160.39999389648438,-0.0544564552314909,-0.055995337191590895,0.015249235849637444,-0.009968886774915697,159.0331024169922,161.81737594604493,161.08219940185546,0.03427084915727685,0.025574205868319322,7.4000091552734375,-6.0800018310546875,123053600.0
2020-11-02,150.2239990234375,153.98550415039062,147.50599670410156,153.08700561523438,145148000,151.8074951171875,158.82000732421875,156.25,158.35000610351562,159.9375,159.7899932861328,150.9499969482422,156.0970001220703,156.14999389648438,157.8874969482422,159.49349975585938,157.68150329589844,-0.010430948040659138,-0.010485731675678473,-0.0544564552314909,-0.0026812857408547996,157.00750122070312,161.33057556152343,160.80195953369142,0.033726883203626296,0.024959121377723156,6.4795074462890625,-2.863006591796875,128478400.0
2020-11-03,152.42050170898438,153.7449951171875,149.0489959716797,150.92649841308594,97958000,150.2239990234375,160.22000122070312,159.9600067138672,153.98550415039062,160.26649475097656,160.12649536132812,147.50599670410156,157.0,157.04249572753906,153.08700561523438,159.5500030517578,157.29200744628906,0.014621516534147005,0.014515652838803237,-0.010430948040659138,0.008814971867029398,154.62830200195313,161.20170059204102,160.54290954589842,0.031142956742426453,0.024325253866884018,4.6959991455078125,1.4940032958984375,130906000.0
2020-11-04,162.05799865722656,162.24249267578125,156.9864959716797,157.99949645996094,136780000,152.42050170898438,160.3520050048828,154.9980010986328,153.7449951171875,164.1490020751953,159.10000610351562,149.0489959716797,157.6649932861328,154.5,150.92649841308594,159.93699645996094,158.25,0.06322966294024535,0.06131112770815112,0.014621516534147005,0.0008238907949942309,155.41210021972657,161.31537551879882,160.43757965087892,0.04289357061055784,0.02740595836136614,5.2559967041015625,4.058502197265625,135908800.0
2020-11-05,166.10000610351562,168.33999633789062,164.44400024414062,165.99850463867188,115786000,162.05799865722656,164.31649780273438,159.7845001220703,162.24249267578125,164.58299255371094,160.0,156.9864959716797,160.56500244140625,156.6195068359375,157.99949645996094,161.2469940185547,156.75,0.024941733698923496,0.024635765802841537,0.06322966294024535,0.024723687101579017,156.52200012207032,161.64400100708008,160.31772979736328,0.04364863617123741,0.027908252432143853,3.89599609375,0.10150146484375,132680000.0
2020-11-06,165.56849670410156,166.10000610351562,161.60000610351562,165.23199462890625,92946000,166.10000610351562,158.13900756835938,159.52749633789062,168.33999633789062,163.2010040283203,161.6645050048828,164.44400024414062,158.12350463867188,158.74949645996094,165.99850463867188,162.46499633789062,161.24949645996094,-0.003199936061909714,-0.0032050668056014093,0.024941733698923496,-0.037595069983728635,159.27420043945312,161.7058006286621,160.2290997314453,0.028995430171960233,0.027149912872285128,4.5,0.3365020751953125,117723600.0
2020-11-09,157.18699645996094,164.4499969482422,155.60549926757812,161.55149841308594,143808000,165.56849670410156,160.55050659179688,164.33250427246094,166.10000610351562,162.8625030517578,164.44949340820312,161.60000610351562,158.1999969482422,159.89149475097656,165.23199462890625,160.06350708007812,160.5,-0.05062255447737596,-0.0519488297063862,-0.003199936061909714,0.015249235849637444,160.66679992675782,160.95782546997071,159.97103973388673,0.041614694685974486,0.02711276215201758,8.844497680664062,-4.364501953125,117455600.0
2020-11-10,151.75100708007812,155.6999969482422,150.9739990234375,154.75100708007812,131820000,157.18699645996094,151.8074951171875,172.14649963378906,164.4499969482422,158.35000610351562,174.81199645996094,155.60549926757812,150.9499969482422,166.9774932861328,161.55149841308594,157.8874969482422,167.4969940185547,-0.03458294580536425,-0.03519509049367411,-0.05062255447737596,-0.0544564552314909,160.53290100097655,159.9363006591797,159.55509979248046,0.04579555697259363,0.027920148802072598,4.7259979248046875,-3.0,124228000.0
2020-11-11,156.8695068359375,156.95750427246094,152.5,153.08900451660156,87338000,151.75100708007812,150.2239990234375,172.18150329589844,155.6999969482422,153.98550415039062,174.61900329589844,150.9739990234375,147.50599670410156,171.21099853515625,154.75100708007812,153.08700561523438,173.39950561523438,0.03372959332756431,0.03317322672809136,-0.03458294580536425,-0.010430948040659138,159.49520263671874,159.37050094604493,159.19337005615233,0.036578049591776955,0.028949001646877272,4.4575042724609375,3.7805023193359375,114339600.0
2020-11-12,155.51400756835938,158.79400634765625,154.30250549316406,157.99749755859375,87240000,156.8695068359375,152.42050170898438,168.1855010986328,156.95750427246094,153.7449951171875,173.24400329589844,152.5,149.0489959716797,167.0,153.08900451660156,150.92649841308594,172.35000610351562,-0.008640935353967705,-0.008678484699991355,0.03372959332756431,0.014621516534147005,157.3780029296875,158.79957656860353,158.7722003173828,0.03232418250462213,0.02895968941926402,4.4915008544921875,-2.483489990234375,108630400.0
2020-11-13,156.4405059814453,157.08599853515625,154.26950073242188,156.10000610351562,75124000,155.51400756835938,162.05799865722656,166.9324951171875,158.79400634765625,162.24249267578125,167.79400634765625,154.30250549316406,156.9864959716797,164.0,157.99749755859375,157.99949645996094,164.60049438476562,0.005957652481424658,0.005939975842648188,-0.008640935353967705,0.06322966294024535,155.55240478515626,158.43982696533203,158.53301055908204,0.03324088012807584,0.028753309327505954,2.816497802734375,0.3404998779296875,105066000.0
2020-11-16,156.55299377441406,157.13499450683594,153.63450622558594,154.66000366210938,76174000,156.4405059814453,166.10000610351562,163.635498046875,157.08599853515625,168.33999633789062,169.98300170898438,154.26950073242188,164.44400024414062,158.0,156.10000610351562,165.99850463867188,168.1614990234375,0.0007190451875813686,0.0007187867984453675,0.005957652481424658,0.024941733698923496,155.42560424804688,158.24945144653321,158.36945037841798,0.024712113712799025,0.028436054954826644,3.50048828125,1.8929901123046875,91539200.0
2020-11-17,156.7830047607422,159.46249389648438,156.76300048828125,159.177001953125,68894000,156.55299377441406,165.56849670410156,160.36050415039062,157.13499450683594,166.10000610351562,166.4499969482422,153.63450622558594,161.60000610351562,159.63699340820312,154.66000366210938,165.23199462890625,164.98049926757812,0.001469221257177411,0.001468143007621713,0.0007190451875813686,-0.003199936061909714,156.4320037841797,158.04607696533202,158.3552703857422,0.016043792176934038,0.02842689967824099,2.699493408203125,-2.3939971923828125,78954000.0
2020-11-18,155.2729949951172,157.0,155.2550048828125,156.6999969482422,58336000,156.7830047607422,157.18699645996094,160.85049438476562,159.46249389648438,164.4499969482422,163.3000030517578,156.76300048828125,155.60549926757812,159.60049438476562,159.177001953125,161.55149841308594,161.11399841308594,-0.00963120822903818,-0.009677888280344956,0.001469221257177411,-0.05062255447737596,156.11270141601562,157.84737701416014,158.19212036132814,0.006802336193474484,0.028421326362982006,1.7449951171875,-1.427001953125,73153600.0
2020-11-19,155.8509979248047,156.25,154.04600524902344,155.2655029296875,60206000,155.2729949951172,151.75100708007812,159.2469940185547,157.0,155.6999969482422,161.69400024414062,155.2550048828125,150.9739990234375,158.0,156.6999969482422,154.75100708007812,160.625,0.003722494885254779,0.003715583547472407,-0.00963120822903818,-0.03458294580536425,156.1800994873047,157.69892654418945,158.13403045654297,0.005995527135540591,0.02843601040570558,2.2039947509765625,0.5854949951171875,67746800.0
2020-11-20,154.97000122070312,156.64450073242188,154.90249633789062,155.8509979248047,67488000,155.8509979248047,156.8695068359375,158.82000732421875,156.25,156.95750427246094,159.9375,154.04600524902344,152.5,156.0970001220703,155.2655029296875,153.08900451660156,159.49349975585938,-0.005652814007175211,-0.0056688516272875725,0.003722494885254779,0.03372959332756431,155.88599853515626,157.43642654418946,158.1172103881836,0.005560473887240875,0.028368968955855323,1.74200439453125,-0.8809967041015625,66219600.0
2020-11-23,154.91949462890625,156.9875030517578,153.2729949951172,155.8350067138672,94178000,154.97000122070312,155.51400756835938,160.22000122070312,156.64450073242188,158.79400634765625,160.26649475097656,154.90249633789062,154.30250549316406,157.0,155.8509979248047,157.99749755859375,159.5500030517578,-0.00032591205652088284,-0.0003259651773973119,-0.005652814007175211,-0.008640935353967705,155.55929870605468,157.16480102539063,158.1126303100586,0.005457298374819596,0.028365643162041754,3.714508056640625,-0.9155120849609375,69820400.0
2020-11-24,155.9029998779297,156.71249389648438,154.31300354003906,155.02499389648438,72042000,154.91949462890625,156.4405059814453,160.3520050048828,156.9875030517578,157.08599853515625,164.1490020751953,153.2729949951172,154.26950073242188,157.6649932861328,155.8350067138672,156.10000610351562,159.93699645996094,0.006348492495275249,0.006328425701275153,-0.00032591205652088284,0.005957652481424658,155.3832977294922,156.7441261291504,158.07456024169923,0.006573527123498312,0.027768351282698066,2.3994903564453125,0.8780059814453125,70450000.0
2020-11-25,159.2534942626953,159.89999389648438,157.01300048828125,157.093505859375,75808000,155.9029998779297,156.55299377441406,164.31649780273438,156.71249389648438,157.13499450683594,164.58299255371094,154.31300354003906,153.63450622558594,160.56500244140625,155.02499389648438,154.66000366210938,161.2469940185547,0.02149089105013391,0.021263218006347694,0.006348492495275249,0.0007190451875813686,156.1793975830078,156.7998504638672,158.18153015136718,0.010212488814241735,0.02694168242253807,2.886993408203125,2.1599884033203125,73944400.0
2020-11-27,159.76699829101562,160.8094940185547,159.50250244140625,160.56300354003906,47858000,159.2534942626953,156.7830047607422,158.13900756835938,159.89999389648438,159.46249389648438,163.2010040283203,157.01300048828125,156.76300048828125,158.12350463867188,157.093505859375,159.177001953125,162.46499633789062,0.003224444340751864,0.003219256968037136,0.02149089105013391,0.001469221257177411,156.96259765625,156.76067504882812,158.36814025878905,0.010231896874205691,0.026733200721699903,1.3069915771484375,-0.7960052490234375,71474800.0
2020-11-30,158.40199279785156,161.41949462890625,156.27749633789062,160.4239959716797,81278000,159.76699829101562,155.2729949951172,160.55050659179688,160.8094940185547,157.0,162.8625030517578,159.50250244140625,155.2550048828125,158.1999969482422,160.56300354003906,156.6999969482422,160.06350708007812,-0.008543726224847115,-0.008580433078829422,0.003224444340751864,-0.00963120822903818,157.64899597167968,157.09039993286132,158.58127014160155,0.011035667882245855,0.02358850422693318,5.141998291015625,-2.022003173828125,74232800.0
2020-12-01,161.00399780273438,162.44749450683594,157.85899353027344,159.4250030517578,90740000,158.40199279785156,155.8509979248047,151.8074951171875,161.41949462890625,156.25,158.35000610351562,156.27749633789062,154.04600524902344,150.9499969482422,160.4239959716797,155.2655029296875,157.8874969482422,0.01642659261366375,0.0162931356533559,-0.008543726224847115,0.003722494885254779,158.86589660644532,157.62939987182617,158.84088012695312,0.011747531656784362,0.023584620452422576,4.5885009765625,1.5789947509765625,73545200.0
2020-12-02,160.17649841308594,161.60000610351562,158.66299438476562,161.08250427246094,62586000,161.00399780273438,154.97000122070312,150.2239990234375,162.44749450683594,156.64450073242188,153.98550415039062,157.85899353027344,154.90249633789062,147.50599670410156,159.4250030517578,155.8509979248047,153.08700561523438,-0.005139620139509304,-0.00515287341781244,0.01642659261366375,-0.005652814007175211,159.72059631347656,158.01719970703124,158.9154202270508,0.013140629705002457,0.023518338526297797,2.93701171875,-0.906005859375,71654000.0
2020-12-03,159.3365020751953,161.4320068359375,159.0655059814453,160.2729949951172,57840000,160.17649841308594,154.91949462890625,152.42050170898438,161.60000610351562,156.9875030517578,153.7449951171875,158.66299438476562,153.2729949951172,149.0489959716797,161.08250427246094,155.8350067138672,150.92649841308594,-0.005244192164348127,-0.005257991204430573,-0.005139620139509304,-0.00032591205652088284,159.73719787597656,157.8811248779297,159.10229034423827,0.01008758891717546,0.018750817690859668,2.3665008544921875,-0.936492919921875,68060400.0
2020-12-04,158.12899780273438,159.91050720214844,157.93800354003906,159.91050720214844,58272000,159.3365020751953,155.9029998779297,162.05799865722656,161.4320068359375,156.71249389648438,162.24249267578125,159.0655059814453,154.31300354003906,156.9864959716797,160.2729949951172,155.02499389648438,157.99949645996094,-0.007578327983446487,-0.007607189417695092,-0.005244192164348127,0.006348492495275249,159.40959777832032,157.48257446289062,159.24508026123047,0.010414630957168164,0.017798073093005688,1.972503662109375,-1.7815093994140625,70143200.0
2020-12-07,157.89999389648438,159.03799438476562,157.08450317382812,157.82400512695312,55026000,158.12899780273438,159.2534942626953,166.10000610351562,159.91050720214844,159.89999389648438,168.33999633789062,157.93800354003906,157.01300048828125,164.44400024414062,159.91050720214844,157.093505859375,165.99850463867188,-0.00144820943300783,-0.001449259101838023,-0.007578327983446487,0.02149089105013391,159.30919799804687,157.09914932250976,159.30795013427735,0.009765986839825576,0.017797740636746683,1.9534912109375,0.07598876953125,64892800.0
2020-12-08,158.864501953125,159.2064971923828,156.00100708007812,157.94500732421875,65726000,157.89999389648438,159.76699829101562,165.56849670410156,159.03799438476562,160.8094940185547,166.10000610351562,157.08450317382812,159.50250244140625,161.60000610351562,157.82400512695312,160.56300354003906,165.23199462890625,0.006108347649924184,0.0060897673194401595,-0.00144820943300783,0.003224444340751864,158.881298828125,157.18302459716796,159.31119018554688,0.005370495121909677,0.01373360035965492,3.2054901123046875,0.91949462890625,59890000.0
2020-12-09,155.2100067138672,158.72149658203125,154.39999389648438,158.39450073242188,82016000,158.864501953125,158.40199279785156,157.18699645996094,159.2064971923828,161.41949462890625,164.4499969482422,156.00100708007812,156.27749633789062,155.60549926757812,157.94500732421875,160.4239959716797,161.55149841308594,-0.02300385041546993,-0.023272568006966705,0.006108347649924184,-0.008543726224847115,157.88800048828125,157.35597457885743,159.27051025390625,0.010715084627051433,0.01234535636919808,4.321502685546875,-3.1844940185546875,63776000.0
2020-12-10,155.07449340820312,157.10499572753906,153.8000030517578,154.44949340820312,60604000,155.2100067138672,161.00399780273438,151.75100708007812,158.72149658203125,162.44749450683594,155.6999969482422,154.39999389648438,157.85899353027344,150.9739990234375,158.39450073242188,159.4250030517578,154.75100708007812,-0.0008730964486967085,-0.0008734778193995013,-0.02300385041546993,0.01642659261366375,157.0355987548828,157.2662239074707,159.22327026367188,0.010990721524692803,0.009684396127382543,3.30499267578125,0.625,64328800.0
2020-12-11,155.8209991455078,155.93350219726562,153.64100646972656,154.83299255371094,61294000,155.07449340820312,160.17649841308594,156.8695068359375,157.10499572753906,161.60000610351562,156.95750427246094,153.8000030517578,158.66299438476562,152.5,154.44949340820312,161.08250427246094,153.08900451660156,0.004813852496939441,0.004802302959357711,-0.0008730964486967085,-0.005139620139509304,156.5739990234375,157.2815734863281,159.11843017578124,0.011737043916687147,0.00955785913249312,2.2924957275390625,0.988006591796875,64933200.0
2020-12-14,157.84849548339844,159.52349853515625,156.3000030517578,157.14999389648438,83116000,155.8209991455078,159.3365020751953,155.51400756835938,155.93350219726562,161.4320068359375,158.79400634765625,153.64100646972656,159.0655059814453,154.30250549316406,154.83299255371094,160.2729949951172,157.99749755859375,0.013011701561464806,0.012927776593180737,0.004813852496939441,-0.005244192164348127,156.5636993408203,157.3519729614258,159.1504000854492,0.013781584152179718,0.009907520063177421,3.2234954833984375,0.6985015869140625,70551200.0
2020-12-15,158.25599670410156,159.4250030517578,156.52450561523438,159.05050659179688,66390000,157.84849548339844,158.12899780273438,156.4405059814453,159.52349853515625,159.91050720214844,157.08599853515625,156.3000030517578,157.93800354003906,154.26950073242188,157.14999389648438,159.91050720214844,156.10000610351562,0.0025815971159888207,0.0025782705182143205,0.013011701561464806,-0.007578327983446487,156.44199829101564,157.43712310791017,159.11631988525392,0.013478443270427158,0.009918487396666599,2.9004974365234375,-0.7945098876953125,70684000.0
2020-12-16,162.04800415039062,162.35000610351562,158.1840057373047,158.80050659179688,88552000,158.25599670410156,157.89999389648438,156.55299377441406,159.4250030517578,159.03799438476562,157.13499450683594,156.52450561523438,157.08450317382812,153.63450622558594,159.05050659179688,157.82400512695312,154.66000366210938,0.023961224378619583,0.023678659082595685,0.0025815971159888207,-0.00144820943300783,157.80959777832032,157.70037307739258,159.25731994628907,0.00994581453822431,0.011214172143157133,4.1660003662109375,3.24749755859375,71991200.0
2020-12-17,161.8040008544922,163.17550659179688,161.0500030517578,162.5,69486000,162.04800415039062,158.864501953125,156.7830047607422,162.35000610351562,159.2064971923828,159.46249389648438,158.1840057373047,156.00100708007812,156.76300048828125,158.80050659179688,157.94500732421875,159.177001953125,-0.0015057469987226346,-0.001506881775001751,0.023961224378619583,0.006108347649924184,159.15549926757814,158.02692337036132,159.2977099609375,0.010100850947894348,0.010925038342636105,2.1255035400390625,-0.6959991455078125,73767600.0
2020-12-18,160.08250427246094,162.4709930419922,158.5800018310547,162.19949340820312,119914000,161.8040008544922,155.2100067138672,155.2729949951172,163.17550659179688,158.72149658203125,157.0,161.0500030517578,154.39999389648438,155.2550048828125,162.5,158.39450073242188,156.6999969482422,-0.01063939440891426,-0.010696397444651836,-0.0015057469987226346,-0.02300385041546993,160.00780029296874,158.23849868774414,159.3088101196289,0.013372718888273417,0.011280296327875023,3.8909912109375,-2.1169891357421875,85491600.0
2020-12-21,160.3090057373047,161.34849548339844,158.3000030517578,160.00050354003906,76736000,160.08250427246094,155.07449340820312,155.8509979248047,162.4709930419922,157.10499572753906,156.25,158.5800018310547,153.8000030517578,154.04600524902344,162.19949340820312,154.44949340820312,155.2655029296875,0.0014149045573290664,0.001413904523066775,-0.01063939440891426,-0.0008730964486967085,160.49990234375,158.5054489135742,159.22834014892578,0.012730507581044801,0.011157740678007321,3.048492431640625,0.308502197265625,84215600.0
2020-12-22,160.3260040283203,161.10000610351562,159.00399780273438,160.14199829101562,47388000,160.3090057373047,155.8209991455078,154.97000122070312,161.34849548339844,155.93350219726562,156.64450073242188,158.3000030517578,153.64100646972656,154.90249633789062,160.00050354003906,154.83299255371094,155.8509979248047,0.00010603453584812073,0.00010602891458408637,0.0014149045573290664,0.004813852496939441,160.91390380859374,158.77577438354493,158.99193023681642,0.012806660648431384,0.011153920226682634,2.09600830078125,0.1840057373046875,80415200.0
2020-12-23,159.2635040283203,160.50650024414062,159.20849609375,160.25,41876000,160.3260040283203,157.84849548339844,154.91949462890625,161.10000610351562,159.52349853515625,156.9875030517578,159.00399780273438,156.3000030517578,153.2729949951172,160.14199829101562,157.14999389648438,155.8350067138672,-0.006627122071927394,-0.006649178948489452,0.00010603453584812073,0.013011701561464806,160.35700378417968,158.94379959106445,158.73357025146484,0.005046639822225871,0.01125088242192327,1.298004150390625,-0.9864959716796875,71080000.0
2020-12-24,158.63450622558594,160.10000610351562,158.4499969482422,159.69500732421875,29038000,159.2635040283203,158.25599670410156,155.9029998779297,160.50650024414062,159.4250030517578,156.71249389648438,159.20849609375,156.52450561523438,154.31300354003906,160.25,159.05050659179688,155.02499389648438,-0.003949415822362745,-0.003957235360226408,-0.006627122071927394,0.0025815971159888207,159.72310485839844,158.912850189209,158.5425503540039,0.00492818405711318,0.010218087228745796,1.6500091552734375,-1.0605010986328125,62990400.0
2020-12-28,164.197998046875,165.1999969482422,158.63450622558594,159.6999969482422,113736000,158.63450622558594,162.04800415039062,159.2534942626953,160.10000610351562,162.35000610351562,159.89999389648438,158.4499969482422,158.1840057373047,157.01300048828125,159.69500732421875,158.80050659179688,157.093505859375,0.03507113271672124,0.034470151618254896,-0.003949415822362745,0.023961224378619583,160.54620361328125,159.13440017700196,158.48786041259766,0.017001121871617387,0.012900228157482947,6.56549072265625,4.4980010986328125,61754800.0
2020-12-29,166.10000610351562,167.53250122070312,164.06100463867188,165.4969940185547,97458000,164.197998046875,161.8040008544922,159.76699829101562,165.1999969482422,163.17550659179688,160.8094940185547,158.63450622558594,161.0500030517578,159.50250244140625,159.6999969482422,162.5,160.56300354003906,0.011583625131030173,0.011517048584034767,0.03507113271672124,-0.0015057469987226346,161.70440368652345,159.51930084228516,158.53715057373046,0.017042832380781393,0.012864838828277039,3.47149658203125,0.6030120849609375,65899200.0
2020-12-30,164.29249572753906,167.10499572753906,164.12350463867188,167.0500030517578,64186000,166.10000610351562,160.08250427246094,158.40199279785156,167.53250122070312,162.4709930419922,161.41949462890625,164.06100463867188,158.5800018310547,156.27749633789062,165.4969940185547,162.19949340820312,160.4239959716797,-0.010882060864285004,-0.01094170357368153,0.011583625131030173,-0.01063939440891426,162.4977020263672,159.6837257385254,158.61579040527343,0.018809115579878147,0.012752459665325892,2.9814910888671875,-2.75750732421875,69258800.0
2020-12-31,162.84649658203125,164.14599609375,162.05999755859375,163.75,59144000,164.29249572753906,160.3090057373047,161.00399780273438,167.10499572753906,161.34849548339844,162.44749450683594,164.12350463867188,158.3000030517578,157.85899353027344,167.0500030517578,160.00050354003906,159.4250030517578,-0.008801370623195415,-0.008840331459923346,-0.010882060864285004,0.0014149045573290664,163.21430053710938,159.81722564697264,158.65571044921876,0.019167970074357152,0.012872299527226823,2.08599853515625,-0.90350341796875,72712400.0
2021-01-04,159.3314971923828,163.60000610351562,157.2010040283203,163.5,88228000,162.84649658203125,160.3260040283203,160.17649841308594,164.14599609375,161.10000610351562,161.60000610351562,162.05999755859375,159.00399780273438,158.66299438476562,163.75,160.14199829101562,161.08250427246094,-0.021584740620304466,-0.02182109847190733,-0.008801370623195415,0.00010603453584812073,163.35369873046875,159.81697540283204,158.65740051269532,0.02247301749415277,0.013770392342594319,6.3990020751953125,-4.1685028076171875,84550400.0
2021-01-05,160.92550659179688,161.16900634765625,158.2530059814453,158.30050659179688,53110000,159.3314971923828,159.2635040283203,159.3365020751953,163.60000610351562,160.50650024414062,161.4320068359375,157.2010040283203,159.20849609375,159.0655059814453,163.5,160.25,160.2729949951172,0.010004358381754175,0.009954646073317086,-0.021584740620304466,-0.006627122071927394,162.69920043945314,159.95680084228516,158.69951049804686,0.01430550588345733,0.013816382430216722,2.9160003662109375,2.625,72425200.0
2021-01-06,156.91900634765625,159.87550354003906,156.55799865722656,157.32400512695312,87896000,160.92550659179688,158.63450622558594,158.12899780273438,161.16900634765625,160.10000610351562,159.91050720214844,158.2530059814453,158.4499969482422,157.93800354003906,158.30050659179688,159.69500732421875,159.91050720214844,-0.024896614147709384,-0.025211776834210834,0.010004358381754175,-0.003949415822362745,160.86300048828124,159.90775146484376,158.63349060058593,0.013701407336518966,0.014978163252553153,3.3175048828125,-0.404998779296875,70512800.0
2021-01-07,158.10800170898438,160.427001953125,157.75,157.85000610351562,70290000,156.91900634765625,164.197998046875,157.89999389648438,159.87550354003906,165.1999969482422,159.03799438476562,156.55799865722656,158.63450622558594,157.08450317382812,157.32400512695312,159.6999969482422,157.82400512695312,0.0075771277744003385,0.007548565530855581,-0.024896614147709384,0.03507113271672124,159.6261016845703,159.86992645263672,158.58861053466796,0.01609681577580637,0.015014306119500935,2.677001953125,0.25799560546875,71733600.0
2021-01-08,159.13499450683594,159.53199768066406,157.11000061035156,159.0,70754000,158.10800170898438,166.10000610351562,158.864501953125,160.427001953125,167.53250122070312,159.2064971923828,157.75,164.06100463867188,156.00100708007812,157.85000610351562,165.4969940185547,157.94500732421875,0.006495514374673217,0.006474509430722278,0.0075771277744003385,0.011583625131030173,158.88380126953126,160.06617584228516,158.48498046875,0.017212227956023278,0.014068336647876259,2.4219970703125,0.1349945068359375,74055600.0
2021-01-11,155.7104949951172,157.81900024414062,155.5,157.40049743652344,73668000,159.13499450683594,164.29249572753906,155.2100067138672,159.53199768066406,167.10499572753906,158.72149658203125,157.11000061035156,164.12350463867188,154.39999389648438,159.0,167.0500030517578,158.39450073242188,-0.021519462280005563,-0.021754382256951105,0.006495514374673217,-0.010882060864285004,158.15960083007812,160.09797592163085,158.43641021728516,0.017196028243368324,0.014968237285663669,2.319000244140625,-1.69000244140625,71143600.0
2021-01-12,156.04150390625,157.10699462890625,154.3000030517578,156.0,70292000,155.7104949951172,162.84649658203125,155.07449340820312,157.81900024414062,164.14599609375,157.10499572753906,155.5,162.05999755859375,153.8000030517578,157.40049743652344,163.75,154.44949340820312,0.002125797051401035,0.002123540741920703,-0.021519462280005563,-0.008801370623195415,157.18280029296875,160.10900115966797,158.3462301635742,0.01584638064611294,0.014937712151292946,2.8069915771484375,0.04150390625,74580000.0
2021-01-13,158.29449462890625,159.49749755859375,156.10400390625,156.4219970703125,66424000,156.04150390625,159.3314971923828,155.8209991455078,157.10699462890625,163.60000610351562,155.93350219726562,154.3000030517578,157.2010040283203,153.64100646972656,156.0,163.5,154.83299255371094,0.014438406874172749,0.014335165650269394,0.002125797051401035,-0.021584740620304466,157.45789794921876,160.13130111694335,158.4759701538086,0.013775459137882747,0.015005486490215185,3.39349365234375,1.87249755859375,70285600.0
2021-01-14,156.37350463867188,158.89999389648438,156.0294952392578,158.37600708007812,61418000,158.29449462890625,160.92550659179688,157.84849548339844,159.49749755859375,161.16900634765625,159.52349853515625,156.10400390625,158.2530059814453,156.3000030517578,156.4219970703125,158.30050659179688,157.14999389648438,-0.012135545173177387,-0.01220978211670719,0.014438406874172749,0.010004358381754175,157.11099853515626,160.03717651367188,158.5989602661133,0.014517962978526323,0.01524397299564031,2.8704986572265625,-2.00250244140625,68511200.0
2021-01-15,155.21249389648438,157.12750244140625,154.7584991455078,156.1510009765625,84880000,156.37350463867188,156.91900634765625,158.25599670410156,158.89999389648438,159.87550354003906,159.4250030517578,156.0294952392578,156.55799865722656,156.52450561523438,158.37600708007812,157.32400512695312,159.05050659179688,-0.007424600125642833,-0.007452299659631569,-0.012135545173177387,-0.024896614147709384,156.32649841308594,159.69540100097657,158.6548001098633,0.013768342342199738,0.014172403475488678,2.3690032958984375,-0.938507080078125,71336400.0
2021-01-19,156.03799438476562,157.25,154.8000030517578,155.35000610351562,66102000,155.21249389648438,158.10800170898438,162.04800415039062,157.12750244140625,160.427001953125,162.35000610351562,154.7584991455078,157.75,158.1840057373047,156.1510009765625,157.85000610351562,158.80050659179688,0.005318518294228358,0.005304424924284414,-0.007424600125642833,0.0075771277744003385,156.39199829101562,159.40710067749023,158.53440002441405,0.010518917648445363,0.014268211824310408,2.4499969482421875,0.68798828125,69823200.0
2021-01-20,163.16900634765625,163.99000549316406,158.75,159.09950256347656,106196000,156.03799438476562,159.13499450683594,161.8040008544922,157.25,159.53199768066406,163.17550659179688,154.8000030517578,157.11000061035156,161.0500030517578,155.35000610351562,159.0,162.5,0.04570048462239673,0.044686981065348005,0.005318518294228358,0.006495514374673217,157.81749877929687,159.56142578125,158.47578002929689,0.02294761910710315,0.01758897695353461,5.2400054931640625,4.0695037841796875,77004000.0
2021-01-21,165.34950256347656,167.42750549316406,164.47850036621094,164.64999389648438,98722000,163.16900634765625,155.7104949951172,160.08250427246094,163.99000549316406,157.81900024414062,162.4709930419922,158.75,155.5,158.5800018310547,159.09950256347656,157.40049743652344,162.19949340820312,0.013363421550624865,0.01327491862890803,0.04570048462239673,-0.021519462280005563,159.22850036621094,159.8134506225586,158.47140014648437,0.022890995876179505,0.017801842298924196,2.949005126953125,0.6995086669921875,83463600.0
2021-01-22,164.6114959716797,166.0955047607422,164.1580047607422,165.2154998779297,56438000,165.34950256347656,156.04150390625,160.3090057373047,167.42750549316406,157.10699462890625,161.34849548339844,164.47850036621094,154.3000030517578,158.3000030517578,164.64999389648438,156.0,160.00050354003906,-0.00446331304512726,-0.004473303364494828,0.013363421550624865,0.002125797051401035,160.8760986328125,160.02772521972656,158.61989013671874,0.021326703180642583,0.017852600087094134,1.9375,-0.60400390625,82467600.0
2021-01-25,164.6999969482422,168.1945037841797,162.15750122070312,166.4250030517578,74996000,164.6114959716797,158.29449462890625,160.3260040283203,166.0955047607422,159.49749755859375,161.10000610351562,164.1580047607422,156.10400390625,159.00399780273438,165.2154998779297,156.4219970703125,160.14199829101562,0.0005376354551673845,0.0005374909810066927,-0.00446331304512726,0.014438406874172749,162.77359924316406,160.29954986572267,158.87886993408202,0.01990357087140512,0.01775318310215894,6.0370025634765625,-1.725006103515625,80490800.0
2021-01-26,166.30650329589844,166.89999389648438,164.14349365234375,164.8179931640625,59104000,164.6999969482422,156.37350463867188,159.2635040283203,168.1945037841797,158.89999389648438,160.50650024414062,162.15750122070312,156.0294952392578,159.20849609375,166.4250030517578,158.37600708007812,160.25,0.009754137082109926,0.009706872588035214,0.0005376354551673845,-0.012135545173177387,164.82730102539062,160.6831497192383,159.06760986328126,0.019623104439507086,0.017782889396253835,2.756500244140625,1.4885101318359375,79091200.0
2021-01-27,161.62899780273438,167.3260040283203,160.35400390625,167.07449340820312,93204000,166.30650329589844,155.21249389648438,158.63450622558594,166.89999389648438,157.12750244140625,160.10000610351562,164.14349365234375,154.7584991455078,158.4499969482422,164.8179931640625,156.1510009765625,159.69500732421875,-0.02812581228312927,-0.028528919404602372,0.009754137082109926,-0.007424600125642833,164.51929931640626,160.55469970703126,159.18990966796875,0.01634803300157322,0.017301383528747622,6.9720001220703125,-5.44549560546875,76492800.0
2021-01-28,161.88099670410156,165.08399963378906,161.4344940185547,161.7519989013672,62984000,161.62899780273438,156.03799438476562,164.197998046875,167.3260040283203,157.25,165.1999969482422,160.35400390625,154.8000030517578,158.63450622558594,167.07449340820312,155.35000610351562,159.6999969482422,0.0015591193708615059,0.001557905206109897,-0.02812581228312927,0.005318518294228358,163.82559814453126,160.34374923706054,159.2987194824219,0.014342512943684391,0.017072106096586864,3.649505615234375,0.128997802734375,69345200.0
2021-01-29,160.30999755859375,161.84950256347656,159.2274932861328,161.5,85872000,161.88099670410156,163.16900634765625,166.10000610351562,165.08399963378906,163.99000549316406,167.53250122070312,161.4344940185547,158.75,164.06100463867188,161.7519989013672,159.09950256347656,165.4969940185547,-0.009704654514695155,-0.009752051571646207,0.0015591193708615059,0.04570048462239673,162.96529846191407,160.14462432861328,159.37385955810547,0.014561224784144256,0.017038770477387468,2.62200927734375,-1.19000244140625,75232000.0
2021-02-01,167.1439971923828,167.51300048828125,161.75149536132812,162.1179962158203,83204000,160.30999755859375,165.34950256347656,164.29249572753906,161.84950256347656,167.42750549316406,167.10499572753906,159.2274932861328,164.47850036621094,164.12350463867188,161.5,164.64999389648438,167.0500030517578,0.042629902924745666,0.041746274050055085,-0.009704654514695155,0.013363421550624865,163.4540985107422,160.35949935913087,159.58107940673827,0.02621164116477174,0.019514752170680376,5.761505126953125,5.0260009765625,76873600.0
2021-02-02,169.0,171.38699340820312,168.05650329589844,169.0,141972000,167.1439971923828,164.6114959716797,162.84649658203125,167.51300048828125,166.0955047607422,164.14599609375,161.75149536132812,164.1580047607422,162.05999755859375,162.1179962158203,165.2154998779297,163.75,0.011104214562255077,0.011043015400718599,0.042629902924745666,-0.00446331304512726,163.9927978515625,160.84292449951172,159.85561950683595,0.02630254277551843,0.018838284012308516,3.3304901123046875,0.0,93447200.0
2021-02-03,165.62649536132812,171.6999969482422,165.43099975585938,171.25050354003906,141776000,169.0,164.6999969482422,159.3314971923828,171.38699340820312,168.1945037841797,163.60000610351562,168.05650329589844,162.15750122070312,157.2010040283203,169.0,166.4250030517578,163.5,-0.019961565909300982,-0.020163489626646183,0.011104214562255077,0.0005376354551673845,164.79229736328125,161.07797393798828,160.0511294555664,0.024001763977732297,0.019443603371036188,6.2689971923828125,-5.6240081787109375,103161600.0
2021-02-04,166.5500030517578,167.35000610351562,163.8874969482422,166.5,73414000,165.62649536132812,166.30650329589844,160.92550659179688,171.6999969482422,166.89999389648438,161.16900634765625,165.43099975585938,164.14349365234375,158.2530059814453,171.25050354003906,164.8179931640625,158.30050659179688,0.005575845147329783,0.00556035766663457,-0.019961565909300982,0.009754137082109926,165.7260986328125,161.55952377319335,160.2827294921875,0.023919638353658554,0.018423659027114986,3.4625091552734375,0.0500030517578125,105247600.0
2021-02-05,167.6074981689453,168.85000610351562,165.135498046875,165.9499969482422,72416000,166.5500030517578,161.62899780273438,156.91900634765625,167.35000610351562,167.3260040283203,159.87550354003906,163.8874969482422,160.35400390625,156.55799865722656,166.5,167.07449340820312,157.32400512695312,0.006349415177487883,0.0063293425623789645,0.005575845147329783,-0.02812581228312927,167.18559875488282,162.0344985961914,160.5364895629883,0.02232052551821279,0.018410145160492455,3.714508056640625,1.657501220703125,102556400.0
2021-02-08,166.14700317382812,168.25,165.1999969482422,167.9250030517578,65148000,167.6074981689453,161.88099670410156,158.10800170898438,168.85000610351562,165.08399963378906,160.427001953125,165.135498046875,161.4344940185547,157.75,165.9499969482422,161.7519989013672,157.85000610351562,-0.008713780773966562,-0.008751967758836224,0.006349415177487883,0.0015591193708615059,166.98619995117187,162.385099029541,160.74136962890626,0.012871748312758662,0.0185750588289481,3.0500030517578125,-1.7779998779296875,98945200.0
2021-02-09,165.25,166.89999389648438,164.89199829101562,165.62449645996094,44070000,166.14700317382812,160.30999755859375,159.13499450683594,168.25,161.84950256347656,159.53199768066406,165.1999969482422,159.2274932861328,157.11000061035156,167.9250030517578,161.5,159.0,-0.00539885256244832,-0.005413479034808956,-0.008713780773966562,-0.009704654514695155,166.23619995117187,162.86207427978516,160.86129974365235,0.010918238423138098,0.017820563607955017,2.00799560546875,-0.3744964599609375,79364800.0
2021-02-10,164.32899475097656,165.8975067138672,162.6999969482422,165.6999969482422,63032000,165.25,167.1439971923828,155.7104949951172,166.89999389648438,167.51300048828125,157.81900024414062,164.89199829101562,161.75149536132812,155.5,165.62449645996094,162.1179962158203,157.40049743652344,-0.005573405440383872,-0.005588994815406755,-0.00539885256244832,0.042629902924745666,165.97669982910156,163.27644882202148,160.95253967285157,0.006991058902943084,0.01792616343870825,3.197509765625,-1.371002197265625,63616000.0
2021-02-11,163.10650634765625,164.60000610351562,162.4029998779297,164.60000610351562,46028000,164.32899475097656,169.0,156.04150390625,165.8975067138672,171.38699340820312,157.10699462890625,162.6999969482422,168.05650329589844,154.3000030517578,165.6999969482422,169.0,156.0,-0.007439273910078148,-0.007467083315264711,-0.005573405440383872,0.011104214562255077,165.28800048828126,163.51704940795898,161.04662994384765,0.006030562132004499,0.01784214012433672,2.1970062255859375,-1.493499755859375,58138800.0
2021-02-12,163.885498046875,164.0124969482422,161.66549682617188,162.5,46706000,163.10650634765625,165.62649536132812,158.29449462890625,164.60000610351562,171.6999969482422,159.49749755859375,162.4029998779297,165.43099975585938,156.10400390625,164.60000610351562,171.25050354003906,156.4219970703125,0.004775969497859078,0.004764600739063575,-0.007439273910078148,-0.019961565909300982,164.5436004638672,163.89264907836915,161.10425994873046,0.005347767883151374,0.017552941189751436,2.3470001220703125,1.385498046875,52996800.0
2021-02-16,163.44749450683594,165.4149932861328,162.67950439453125,162.70249938964844,51494000,163.885498046875,166.5500030517578,156.37350463867188,164.0124969482422,167.35000610351562,158.89999389648438,161.66549682617188,163.8874969482422,156.0294952392578,162.5,166.5,158.37600708007812,-0.0026726192693009576,-0.002676197092374675,0.004775969497859078,0.005575845147329783,164.00369873046876,164.3043991088867,161.16967987060548,0.004804026278453369,0.01744344740459445,2.7354888916015625,0.7449951171875,50266000.0
2021-02-17,165.4320068359375,166.04550170898438,162.97500610351562,163.17999267578125,65950000,163.44749450683594,167.6074981689453,155.21249389648438,165.4149932861328,168.85000610351562,157.12750244140625,162.67950439453125,165.135498046875,154.7584991455078,162.70249938964844,165.9499969482422,156.1510009765625,0.012141589169594624,0.012068471325383062,-0.0026726192693009576,0.006349415177487883,164.04010009765625,164.77409973144532,161.29158996582032,0.008115924431532529,0.017563033338219014,3.07049560546875,2.25201416015625,54642000.0
2021-02-18,166.4114990234375,166.89999389648438,163.69700622558594,164.12100219726562,60548000,165.4320068359375,166.14700317382812,156.03799438476562,166.04550170898438,168.25,157.25,162.97500610351562,165.1999969482422,154.8000030517578,163.17999267578125,167.9250030517578,155.35000610351562,0.005920814274298136,0.005903355134450001,0.012141589169594624,-0.008713780773966562,164.45660095214845,164.93622436523438,161.45723999023437,0.007671002974152547,0.014459641575003733,3.2029876708984375,2.290496826171875,54145200.0
2021-02-19,162.4949951171875,166.6750030517578,162.28750610351562,166.4114990234375,86104000,166.4114990234375,165.25,163.16900634765625,166.89999389648438,166.89999389648438,163.99000549316406,163.69700622558594,164.89199829101562,158.75,164.12100219726562,165.62449645996094,159.09950256347656,-0.023535055745747435,-0.023816428691007405,0.005920814274298136,-0.00539885256244832,164.33429870605468,164.79349899291992,161.54914001464843,0.013820776183886083,0.015147874631807638,4.3874969482421875,-3.91650390625,62160400.0
2021-02-22,159.03700256347656,161.61599731445312,158.61300659179688,160.406494140625,70314000,162.4949951171875,164.32899475097656,165.34950256347656,166.6750030517578,165.8975067138672,167.42750549316406,162.28750610351562,162.6999969482422,164.47850036621094,166.4114990234375,165.6999969482422,164.64999389648438,-0.021280609604111933,-0.02151030634661799,-0.023535055745747435,-0.005573405440383872,163.364599609375,164.51477432250977,161.55259002685546,0.015993778637977192,0.015816176063252165,3.00299072265625,-1.3694915771484375,66882000.0
2021-02-23,159.72500610351562,160.2364959716797,154.67999267578125,156.35150146484375,93544000,159.03700256347656,163.10650634765625,164.6114959716797,161.61599731445312,164.60000610351562,166.0955047607422,158.61300659179688,162.4029998779297,164.1580047607422,160.406494140625,164.60000610351562,165.2154998779297,0.004326059526709614,0.004316729031036398,-0.021280609604111933,-0.007439273910078148,162.62010192871094,164.26602478027343,161.64289001464843,0.016638481999784578,0.015865768774919582,5.5565032958984375,3.373504638671875,75292000.0
2021-02-24,157.97650146484375,158.56149291992188,156.2689971923828,158.33749389648438,60226000,159.72500610351562,163.885498046875,164.6999969482422,160.2364959716797,164.0124969482422,168.1945037841797,154.67999267578125,161.66549682617188,162.15750122070312,156.35150146484375,162.5,166.4250030517578,-0.010946968676518232,-0.011007327640787778,0.004326059526709614,0.004775969497859078,161.12900085449218,163.8495246887207,161.70093017578125,0.013838652970967162,0.015773857202348317,2.2924957275390625,-0.360992431640625,74147200.0
2021-02-25,152.85800170898438,158.91299438476562,152.38800048828125,156.83700561523438,90676000,157.97650146484375,163.44749450683594,166.30650329589844,158.56149291992188,165.4149932861328,166.89999389648438,156.2689971923828,162.67950439453125,164.14349365234375,158.33749389648438,162.70249938964844,164.8179931640625,-0.03240038681954516,-0.03293690001850802,-0.010946968676518232,-0.0026726192693009576,158.41830139160157,163.4109748840332,161.64167022705078,0.014047882026480711,0.016164214129114642,6.524993896484375,-3.97900390625,80172800.0
2021-02-26,154.64649963378906,156.1219940185547,151.8350067138672,154.75999450683594,85518000,152.85800170898438,165.4320068359375,161.62899780273438,158.91299438476562,166.04550170898438,167.3260040283203,152.38800048828125,162.97500610351562,160.35400390625,156.83700561523438,163.17999267578125,167.07449340820312,0.011700387973209825,0.011632467716052848,-0.03240038681954516,0.012141589169594624,156.84860229492188,163.04925003051758,161.5776303100586,0.018067082647221476,0.01645996247110826,4.2869873046875,-0.113494873046875,80055600.0
2021-03-01,157.3070068359375,157.47799682617188,154.89950561523438,156.39450073242188,54582000,154.64649963378906,166.4114990234375,161.88099670410156,156.1219940185547,166.89999389648438,165.08399963378906,151.8350067138672,163.69700622558594,161.4344940185547,154.75999450683594,164.12100219726562,161.7519989013672,0.017203798394717307,0.017057488725899683,0.011700387973209825,0.005920814274298136,156.50260314941406,162.89910049438475,161.55865051269532,0.02000459045370414,0.01690413758404127,2.5784912109375,0.912506103515625,76909200.0
2021-03-02,154.72650146484375,158.17599487304688,154.3560028076172,157.17349243164062,51916000,157.3070068359375,162.4949951171875,160.30999755859375,157.47799682617188,166.6750030517578,161.84950256347656,154.89950561523438,162.28750610351562,159.2274932861328,156.39450073242188,166.4114990234375,161.5,-0.016404262105025436,-0.016540301818484742,0.017203798394717307,-0.023535055745747435,155.50290222167968,162.27822570800782,161.41222045898436,0.0205016948059422,0.01378630906053093,3.8199920654296875,-2.446990966796875,68583600.0
2021-03-03,150.25,155.38900756835938,149.75,154.0590057373047,79774000,154.72650146484375,159.03700256347656,167.1439971923828,158.17599487304688,161.61599731445312,167.51300048828125,154.3560028076172,158.61300659179688,161.75149536132812,157.17349243164062,160.406494140625,162.1179962158203,-0.02893170479822993,-0.029358478249911932,-0.016404262105025436,-0.021280609604111933,153.95760192871094,161.34072570800782,161.18114044189454,0.022977609035827105,0.014406861098042494,5.639007568359375,-3.8090057373046875,72493200.0
2021-03-04,148.8784942626953,152.906494140625,147.27149963378906,150.60000610351562,109632000,150.25,159.72500610351562,169.0,155.38900756835938,160.2364959716797,171.38699340820312,149.75,154.67999267578125,168.05650329589844,154.0590057373047,156.35150146484375,169.0,-0.009128157985388907,-0.009170074897274566,-0.02893170479822993,0.004326059526709614,153.1617004394531,160.50332565307616,160.95706024169922,0.01931109973850313,0.014044023182103993,5.6349945068359375,-1.7215118408203125,76284400.0
2021-03-05,150.0229949951172,150.4499969482422,144.0500030517578,150.25,107772000,148.8784942626953,157.97650146484375,165.62649536132812,152.906494140625,158.56149291992188,171.6999969482422,147.27149963378906,156.2689971923828,165.43099975585938,150.60000610351562,158.33749389648438,171.25050354003906,0.007687481916645478,0.007658083796422065,-0.009128157985388907,-0.010946968676518232,152.23699951171875,159.67697525024414,160.75134002685547,0.0185042161148138,0.014137098656665088,6.399993896484375,-0.2270050048828125,80735200.0
2021-03-08,147.59750366210938,153.22950744628906,147.5655059814453,150.75,83700000,150.0229949951172,152.85800170898438,166.5500030517578,150.4499969482422,158.91299438476562,167.35000610351562,144.0500030517578,152.38800048828125,163.8874969482422,150.25,156.83700561523438,166.5,-0.016167463748385735,-0.016299583149453855,0.007687481916645478,-0.03240038681954516,150.29509887695312,158.67647552490234,160.49677001953125,0.013393643772861117,0.014072412748798054,5.66400146484375,-3.152496337890625,86558800.0
2021-03-09,153.1425018310547,154.54800415039062,150.25750732421875,150.89950561523438,80600000,147.59750366210938,154.64649963378906,167.6074981689453,153.22950744628906,156.1219940185547,168.85000610351562,147.5655059814453,151.8350067138672,165.135498046875,150.75,154.75999450683594,165.9499969482422,0.03756837366056898,0.036879873274693574,-0.016167463748385735,0.011700387973209825,149.97829895019532,158.02625045776367,160.37434997558594,0.02567165905377888,0.01711992373743403,4.290496826171875,2.2429962158203125,92295600.0
2021-03-10,152.8820037841797,155.822998046875,151.50250244140625,154.92250061035156,60250000,153.1425018310547,157.3070068359375,166.14700317382812,154.54800415039062,157.47799682617188,168.25,150.25750732421875,154.89950561523438,165.1999969482422,150.89950561523438,156.39450073242188,167.9250030517578,-0.0017010173123747085,-0.0017024656850275469,0.03756837366056898,0.017203798394717307,150.50469970703125,157.40785064697266,160.25929992675782,0.020924888842069216,0.01712316716160215,4.32049560546875,-2.040496826171875,88390800.0
2021-03-11,155.67950439453125,156.58900451660156,154.14649963378906,155.20050048828125,55528000,152.8820037841797,154.72650146484375,165.25,155.822998046875,158.17599487304688,166.89999389648438,151.50250244140625,154.3560028076172,164.89199829101562,154.92250061035156,157.17349243164062,165.62449645996094,0.018298429776605563,0.018133028189585527,-0.0017010173123747085,-0.016404262105025436,151.86490173339843,156.9753761291504,160.08893005371092,0.020323351170389404,0.01780719364369645,2.4425048828125,0.47900390625,77570000.0
2021-03-12,154.47450256347656,154.94900512695312,152.27499389648438,153.75,48438000,155.67950439453125,150.25,164.32899475097656,156.58900451660156,155.38900756835938,165.8975067138672,154.14649963378906,149.75,162.6999969482422,155.20050048828125,154.0590057373047,165.6999969482422,-0.0077402727850476305,-0.0077703841773409145,0.018298429776605563,-0.02893170479822993,152.7552032470703,156.5437759399414,159.85641998291015,0.021721518625053015,0.017811670670009144,2.67401123046875,0.7245025634765625,65703200.0
2021-03-15,154.08399963378906,154.11199951171875,151.60450744628906,153.72850036621094,58272000,154.47450256347656,148.8784942626953,163.10650634765625,154.94900512695312,152.906494140625,164.60000610351562,152.27499389648438,147.27149963378906,162.4029998779297,153.75,150.60000610351562,164.60000610351562,-0.0025279442445658162,-0.002531144890792291,-0.0077402727850476305,-0.009128157985388907,154.05250244140626,156.0537010192871,159.65225006103515,0.018907747764367343,0.01772793115571216,2.5074920654296875,0.355499267578125,60617600.0
2021-03-16,154.59300231933594,156.44549560546875,153.79299926757812,155.24850463867188,50776000,154.08399963378906,150.0229949951172,163.885498046875,154.11199951171875,150.4499969482422,164.0124969482422,151.60450744628906,144.0500030517578,161.66549682617188,153.72850036621094,150.25,162.5,0.0033034103914528767,0.0032979661178309406,-0.0025279442445658162,0.007687481916645478,154.3426025390625,155.6109764099121,159.48718017578125,0.009954690079194108,0.017782766012507237,2.652496337890625,-0.6555023193359375,54652800.0
2021-03-17,156.7864990234375,158.65249633789062,153.51100158691406,153.66099548339844,62372000,154.59300231933594,147.59750366210938,163.44749450683594,156.44549560546875,153.22950744628906,165.4149932861328,153.79299926757812,147.5655059814453,162.67950439453125,155.24850463867188,150.75,162.70249938964844,0.014188848597238346,0.014089129048404545,0.0033034103914528767,-0.016167463748385735,155.12350158691407,155.1787010192871,159.43628021240235,0.010989671164437931,0.01787791285884685,5.1414947509765625,3.1255035400390625,55077200.0
2021-03-18,151.39950561523438,155.8314971923828,151.25,155.0500030517578,72992000,156.7864990234375,153.1425018310547,165.4320068359375,158.65249633789062,154.54800415039062,166.04550170898438,153.51100158691406,150.25750732421875,162.97500610351562,153.66099548339844,150.89950561523438,163.17999267578125,-0.03435878370750434,-0.03496292546552067,0.014188848597238346,0.03756837366056898,154.2675018310547,154.42810134887696,159.2457601928711,0.018109427417291556,0.0191028304488484,4.5814971923828125,-3.6504974365234375,58570000.0
2021-03-19,153.7480010986328,153.864501953125,150.8314971923828,151.4615020751953,92508000,151.39950561523438,152.8820037841797,166.4114990234375,155.8314971923828,155.822998046875,166.89999389648438,151.25,151.50250244140625,163.69700622558594,155.0500030517578,154.92250061035156,164.12100219726562,0.015511909856343209,0.015392830040768038,-0.03435878370750434,-0.0017010173123747085,154.12220153808593,153.99075164794922,159.18234008789062,0.02022842652704239,0.019054847625634933,3.0330047607421875,2.2864990234375,67384000.0
2021-03-22,155.5435028076172,156.32899475097656,153.00250244140625,153.3925018310547,58044000,153.7480010986328,155.67950439453125,162.4949951171875,153.864501953125,156.58900451660156,166.6750030517578,150.8314971923828,154.14649963378906,162.28750610351562,151.4615020751953,155.20050048828125,166.4114990234375,0.01167821172408301,0.011610547696605156,0.015511909856343209,0.018298429776605563,154.41410217285156,153.81607666015626,159.13105010986328,0.020907215313262006,0.018776500160382004,3.3264923095703125,2.1510009765625,67338400.0
2021-03-23,156.875,159.10000610351562,156.04249572753906,156.35000610351562,76346000,155.5435028076172,154.47450256347656,159.03700256347656,156.32899475097656,154.94900512695312,161.61599731445312,153.00250244140625,152.27499389648438,158.61300659179688,153.3925018310547,153.75,160.406494140625,0.008560288075996736,0.008523856571831514,0.01167821172408301,-0.0077402727850476305,154.87050170898436,153.67357635498047,159.08585021972655,0.021116212452554167,0.01886269894937636,3.0575103759765625,0.524993896484375,72452400.0
2021-03-24,154.35350036621094,158.0155029296875,154.25750732421875,157.552001953125,59180000,156.875,154.08399963378906,159.72500610351562,159.10000610351562,154.11199951171875,160.2364959716797,156.04249572753906,151.60450744628906,154.67999267578125,156.35000610351562,153.72850036621094,156.35150146484375,-0.016073304438495972,-0.016203881085462144,0.008560288075996736,-0.0025279442445658162,154.38390197753907,153.49242630004883,159.05871032714845,0.021482814673508575,0.019042805539129952,3.75799560546875,-3.1985015869140625,71814000.0
2021-03-25,152.31300354003906,155.48899841308594,151.85699462890625,153.64950561523438,71270000,154.35350036621094,154.59300231933594,157.97650146484375,158.0155029296875,156.44549560546875,158.56149291992188,154.25750732421875,153.79299926757812,156.2689971923828,157.552001953125,155.24850463867188,158.33749389648438,-0.013219634289670767,-0.013307791454017294,-0.016073304438495972,0.0033034103914528767,154.5666015625,153.46517639160157,158.9841403198242,0.014790609931433222,0.017821286470302213,3.6320037841796875,-1.3365020751953125,71469600.0
2021-03-26,152.60150146484375,152.83299255371094,149.8000030517578,152.2030029296875,66258000,152.31300354003906,156.7864990234375,152.85800170898438,155.48899841308594,158.65249633789062,158.91299438476562,151.85699462890625,153.51100158691406,152.38800048828125,153.64950561523438,153.66099548339844,156.83700561523438,0.0018941122432061253,0.0018923206745425616,-0.013219634289670767,0.014188848597238346,154.3373016357422,153.3629264831543,158.87028045654296,0.012610537388279705,0.017615343916989788,3.032989501953125,0.39849853515625,66219600.0
2021-03-29,153.7864990234375,154.5625,151.42250061035156,152.77200317382812,54920000,152.60150146484375,151.39950561523438,154.64649963378906,152.83299255371094,155.8314971923828,156.1219940185547,149.8000030517578,151.25,151.8350067138672,152.2030029296875,155.0500030517578,154.75999450683594,0.007765307334585803,0.007735312514846097,0.0018941122432061253,-0.03435878370750434,153.98590087890625,153.1869010925293,158.81854034423827,0.011680675795672016,0.01723797133677204,3.1399993896484375,1.014495849609375,65594800.0
2021-03-30,152.76449584960938,153.64999389648438,151.6999969482422,153.50050354003906,46752000,153.7864990234375,153.7480010986328,157.3070068359375,154.5625,153.864501953125,157.47799682617188,151.42250061035156,150.8314971923828,154.89950561523438,152.77200317382812,151.4615020751953,156.39450073242188,-0.006645597502498379,-0.006667777807782873,0.007765307334585803,0.015511909856343209,153.16380004882814,153.08880081176758,158.7695803833008,0.010037966393520701,0.01691375406474641,1.9499969482421875,-0.7360076904296875,59676000.0
2021-03-31,154.70399475097656,155.9665069580078,153.125,153.2030029296875,61878000,152.76449584960938,155.5435028076172,154.72650146484375,153.64999389648438,156.32899475097656,158.17599487304688,151.6999969482422,153.00250244140625,154.3560028076172,153.50050354003906,153.3925018310547,157.17349243164062,0.01269600564306872,0.012616087083554913,-0.006645597502498379,0.01167821172408301,153.23389892578126,153.3115005493164,158.742900390625,0.01052091610477275,0.015752546998893106,2.8415069580078125,1.5009918212890625,60215600.0
2021-04-01,158.0500030517578,158.1219940185547,155.77749633789062,155.89700317382812,58806000,154.70399475097656,156.875,150.25,155.9665069580078,159.10000610351562,155.38900756835938,153.125,156.04249572753906,149.75,153.2030029296875,156.35000610351562,154.0590057373047,0.02162845443110406,0.021397878158709596,0.01269600564306872,0.008560288075996736,154.381298828125,153.77007598876952,158.64052032470704,0.01070281228168794,0.01614852046503511,2.3444976806640625,2.1529998779296875,57722800.0
2021-04-05,161.3365020751953,161.79800415039062,158.06199645996094,158.64999389648438,66698000,158.0500030517578,154.35350036621094,148.8784942626953,158.1219940185547,158.0155029296875,152.906494140625,155.77749633789062,154.25750732421875,147.27149963378906,155.89700317382812,157.552001953125,150.60000610351562,0.02079404593469847,0.020580800847156144,0.02162845443110406,-0.016073304438495972,156.1282989501953,154.33575134277345,158.56026031494142,0.011546509501495113,0.016603281484557447,3.7360076904296875,2.6865081787109375,57810800.0
2021-04-06,161.1909942626953,162.36549377441406,160.8520050048828,161.1875,50756000,161.3365020751953,152.31300354003906,150.0229949951172,161.79800415039062,155.48899841308594,150.4499969482422,158.06199645996094,151.85699462890625,144.0500030517578,158.64999389648438,153.64950561523438,150.25,-0.0009018902147276409,-0.0009022971624071701,0.02079404593469847,-0.013219634289670767,157.60919799804688,155.01542587280272,158.49185028076172,0.012784247754222372,0.01597745267995797,1.51348876953125,0.0034942626953125,56978000.0
2021-04-07,163.96949768066406,165.1804962158203,161.1824951171875,161.69000244140625,66924000,161.1909942626953,152.60150146484375,147.59750366210938,162.36549377441406,152.83299255371094,153.22950744628906,160.8520050048828,149.8000030517578,147.5655059814453,161.1875,152.2030029296875,150.75,0.01723733655641202,0.01709045911872312,-0.0009018902147276409,0.0018941122432061253,159.8501983642578,155.5567756652832,158.47724029541016,0.009194790140575245,0.014326672672696534,3.9980010986328125,2.2794952392578125,61012400.0
2021-04-08,164.96499633789062,166.22500610351562,164.60000610351562,165.5449981689453,56242000,163.96949768066406,153.7864990234375,153.1425018310547,165.1804962158203,154.5625,154.54800415039062,161.1824951171875,151.42250061035156,150.25750732421875,161.69000244140625,152.77200317382812,150.89950561523438,0.006071242952548017,0.006052887214350471,0.01723733655641202,0.007765307334585803,161.90239868164062,156.16092529296876,158.45041015625,0.009929964621344945,0.014282960508447778,1.625,-0.5800018310546875,59885200.0
2021-04-09,168.61000061035156,168.61000061035156,164.44500732421875,165.23500061035156,86830000,164.96499633789062,152.76449584960938,152.8820037841797,166.22500610351562,153.64999389648438,155.822998046875,164.60000610351562,151.6999969482422,151.50250244140625,165.5449981689453,153.50050354003906,154.92250061035156,0.02209562242522667,0.021855051421528913,0.006071242952548017,-0.006645597502498379,164.01439819335937,156.80745010375978,158.59003021240235,0.010033508616380268,0.01450778447411599,4.1649932861328125,3.375,65490000.0
2021-04-12,168.96949768066406,169.7519989013672,167.5574951171875,167.760498046875,65636000,168.61000061035156,154.70399475097656,155.67950439453125,168.61000061035156,155.9665069580078,156.58900451660156,164.44500732421875,153.125,154.14649963378906,165.23500061035156,153.2030029296875,155.20050048828125,0.0021321218730274705,0.002129852126864464,0.02209562242522667,0.01269600564306872,165.54099731445314,157.53219985961914,158.7318002319336,0.009907163610849026,0.01424945014545189,2.1945037841796875,1.2089996337890625,65277600.0
2021-04-13,170.0,171.60000610351562,169.781494140625,170.04249572753906,66316000,168.96949768066406,158.0500030517578,154.47450256347656,169.7519989013672,158.1219940185547,154.94900512695312,167.5574951171875,155.77749633789062,152.27499389648438,167.760498046875,155.89700317382812,153.75,0.006098747605224553,0.006080225513606812,0.0021321218730274705,0.02162845443110406,167.30279846191405,158.3279998779297,158.92560028076173,0.008494097683925323,0.014152839182864075,1.818511962890625,-0.0424957275390625,68389600.0
2021-04-14,166.64999389648438,170.2064971923828,166.3000030517578,170.20199584960938,62904000,170.0,161.3365020751953,154.08399963378906,171.60000610351562,161.79800415039062,154.11199951171875,169.781494140625,158.06199645996094,151.60450744628906,170.04249572753906,158.64999389648438,153.72850036621094,-0.01970591825597423,-0.019902668921269934,0.006098747605224553,0.02079404593469847,167.83889770507812,158.93084945678712,158.91572021484376,0.014995141324858404,0.015196670472519012,3.906494140625,-3.552001953125,67585600.0
2021-04-15,168.95449829101562,169.85000610351562,167.60000610351562,168.5500030517578,64672000,166.64999389648438,161.1909942626953,154.59300231933594,170.2064971923828,162.36549377441406,156.44549560546875,166.3000030517578,160.8520050048828,153.79299926757812,170.20199584960938,161.1875,155.24850463867188,0.013828409714570444,0.013733669660684043,-0.01970591825597423,-0.0009018902147276409,168.6367980957031,159.53924942016602,158.91481018066406,0.015731773330184537,0.015184000523494433,2.25,0.4044952392578125,69271600.0
2021-04-16,169.9720001220703,170.33999633789062,167.7794952392578,169.0,63720000,168.95449829101562,163.96949768066406,156.7864990234375,169.85000610351562,165.1804962158203,158.65249633789062,167.60000610351562,161.1824951171875,153.51100158691406,168.5500030517578,161.69000244140625,153.66099548339844,0.006022342354579324,0.006004280530908502,0.013828409714570444,0.01723733655641202,168.90919799804686,160.4678741455078,159.0017202758789,0.01268391621197293,0.012233366068816262,2.5605010986328125,0.9720001220703125,64649600.0
2021-04-19,168.60049438476562,171.79649353027344,168.00799560546875,169.51649475097656,54508000,169.9720001220703,164.96499633789062,151.39950561523438,170.33999633789062,166.22500610351562,155.8314971923828,167.7794952392578,164.60000610351562,151.25,169.0,165.5449981689453,155.0500030517578,-0.00806900981526193,-0.008101740463144907,0.006022342354579324,0.006071242952548017,168.83539733886718,161.21049880981445,159.04273010253905,0.01339266535240038,0.01239086283501602,3.7884979248046875,-0.9160003662109375,62424000.0
2021-04-20,166.7344970703125,169.14950561523438,165.8000030517578,168.67999267578125,52460000,168.60049438476562,168.61000061035156,153.7480010986328,171.79649353027344,168.61000061035156,153.864501953125,168.00799560546875,164.44500732421875,150.8314971923828,169.51649475097656,165.23500061035156,151.4615020751953,-0.011067567276491497,-0.011129268476364956,-0.00806900981526193,0.02209562242522667,168.1822967529297,161.77004852294922,159.0252700805664,0.013521089446190232,0.012754629917581554,3.3495025634765625,-1.94549560546875,59652800.0
2021-04-21,168.1009979248047,168.14300537109375,165.1905059814453,165.8000030517578,44224000,166.7344970703125,168.96949768066406,155.5435028076172,169.14950561523438,169.7519989013672,156.32899475097656,165.8000030517578,167.5574951171875,153.00250244140625,168.67999267578125,167.760498046875,153.3925018310547,0.008195669633476843,0.008162267510845943,-0.011067567276491497,0.0021321218730274705,168.47249755859374,162.33134841918945,159.06434997558594,0.010797979232608343,0.012747360635150938,2.9524993896484375,2.300994873046875,55916800.0
2021-04-22,165.45199584960938,168.64349365234375,165.07249450683594,168.58399963378906,51612000,168.1009979248047,170.0,156.875,168.14300537109375,171.60000610351562,159.10000610351562,165.1905059814453,169.781494140625,156.04249572753906,165.8000030517578,170.04249572753906,156.35000610351562,-0.015758395892332966,-0.015883879438343667,0.008195669633476843,0.006098747605224553,167.7719970703125,162.8862731933594,159.06838989257812,0.010651963092413346,0.012722030239483291,3.5709991455078125,-3.1320037841796875,53304800.0
2021-04-23,167.04400634765625,168.75,165.4250030517578,165.9550018310547,63856000,165.45199584960938,166.64999389648438,154.35350036621094,168.64349365234375,170.2064971923828,158.0155029296875,165.07249450683594,166.3000030517578,154.25750732421875,168.58399963378906,170.20199584960938,157.552001953125,0.00962218974677076,0.009576191314045886,-0.015758395892332966,-0.01970591825597423,167.1863983154297,163.62282333374023,159.1226901245117,0.011590480796479417,0.012149302851965431,3.3249969482421875,1.0890045166015625,53332000.0
2021-04-26,170.4499969482422,171.42250061035156,166.5469970703125,167.39999389648438,97614000,167.04400634765625,168.95449829101562,152.31300354003906,168.75,169.85000610351562,155.48899841308594,165.4250030517578,167.60000610351562,151.85699462890625,165.9550018310547,168.5500030517578,153.64950561523438,0.020389780364207244,0.020184691912166108,0.00962218974677076,0.013828409714570444,167.556298828125,164.51524810791017,159.26955993652345,0.015169115446766196,0.01261957720393416,4.8755035400390625,3.0500030517578125,61953200.0
2021-04-27,170.8715057373047,173.0,169.90049743652344,172.17349243164062,76542000,170.4499969482422,169.9720001220703,152.60150146484375,171.42250061035156,170.33999633789062,152.83299255371094,166.5469970703125,167.7794952392578,149.8000030517578,167.39999389648438,169.0,152.2030029296875,0.0024729175512423485,0.0024698649221989518,0.020389780364207244,0.006022342354579324,168.38370056152343,165.3694984436035,159.40928009033203,0.013282678721517768,0.01262774192415112,3.0995025634765625,-1.3019866943359375,66769600.0
2021-04-28,172.9250030517578,174.49400329589844,171.25,171.74000549316406,92638000,170.8715057373047,168.60049438476562,153.7864990234375,173.0,171.79649353027344,154.5625,169.90049743652344,168.00799560546875,151.42250061035156,172.17349243164062,169.51649475097656,152.77200317382812,0.012017786731569835,0.011946146532530181,0.0024729175512423485,-0.00806900981526193,169.34850158691407,166.37752380371094,159.59883026123046,0.0136194027929811,0.012381292363146584,3.2440032958984375,1.18499755859375,76452400.0
2021-04-29,173.5655059814453,175.72250366210938,171.75,175.2550048828125,153648000,172.9250030517578,166.7344970703125,152.76449584960938,174.49400329589844,169.14950561523438,153.64999389648438,171.25,165.8000030517578,151.6999969482422,171.74000549316406,168.67999267578125,153.50050354003906,0.0037039347600635875,0.003697092085053035,0.012017786731569835,-0.011067567276491497,170.97120361328126,167.3205993652344,159.76150024414062,0.007207910540658437,0.0122994211934475,3.972503662109375,-1.6894989013671875,96859600.0
2021-04-30,173.37100219726562,177.6999969482422,173.125,176.25599670410156,140186000,173.5655059814453,168.1009979248047,154.70399475097656,175.72250366210938,168.14300537109375,155.9665069580078,171.75,165.1905059814453,153.125,175.2550048828125,165.8000030517578,153.2030029296875,-0.001120636171800582,-0.0011212645540177846,0.0037039347600635875,0.008195669633476843,172.23660278320312,168.08664932250977,159.9006903076172,0.008668241022803665,0.011804451370665998,4.5749969482421875,-2.8849945068359375,112125600.0
2021-05-03,169.32449340820312,174.33250427246094,168.63499450683594,174.2364959716797,117510000,173.37100219726562,165.45199584960938,158.0500030517578,177.6999969482422,168.64349365234375,158.1219940185547,173.125,165.07249450683594,155.77749633789062,176.25599670410156,168.58399963378906,155.89700317382812,-0.023340170719312603,-0.02361686640013657,-0.001120636171800582,-0.015758395892332966,172.01150207519532,168.48604888916014,160.0372802734375,0.013251679842413376,0.012727212824503419,5.697509765625,-4.9120025634765625,116104800.0
2021-05-04,165.593505859375,168.3990020751953,163.60650634765625,167.8094940185547,108788000,169.32449340820312,167.04400634765625,161.3365020751953,174.33250427246094,168.75,161.79800415039062,168.63499450683594,165.4250030517578,158.06199645996094,174.2364959716797,165.9550018310547,158.64999389648438,-0.022034541333801894,-0.022280927908247625,-0.023340170719312603,0.00962218974677076,170.95590209960938,168.70617446899413,160.16841033935546,0.015813629537488133,0.013851731549543786,4.7924957275390625,-2.2159881591796875,122554000.0
2021-05-05,163.52699279785156,167.73500061035156,163.21800231933594,166.9429931640625,74226000,165.593505859375,170.4499969482422,161.1909942626953,168.3990020751953,171.42250061035156,162.36549377441406,163.60650634765625,166.5469970703125,160.8520050048828,167.8094940185547,167.39999389648438,161.1875,-0.012479432999494278,-0.012557955081461925,-0.022034541333801894,0.020389780364207244,169.07630004882813,168.6840492248535,160.24445007324218,0.012145189308383092,0.01366045992807212,4.516998291015625,-3.4160003662109375,118871600.0
2021-05-06,165.31849670410156,165.72000122070312,162.36000061035156,163.5,88954000,163.52699279785156,170.8715057373047,163.96949768066406,167.73500061035156,173.0,165.1804962158203,163.21800231933594,169.90049743652344,161.1824951171875,166.9429931640625,172.17349243164062,161.69000244140625,0.010955401769447537,0.010895826077640012,-0.012479432999494278,0.0024729175512423485,167.42689819335936,168.70172424316405,160.39128997802734,0.014544116694545202,0.013818323017309253,3.3600006103515625,1.8184967041015625,105932800.0
2021-05-07,164.58050537109375,166.54449462890625,164.45350646972656,165.95449829101562,94206000,165.31849670410156,172.9250030517578,164.96499633789062,165.72000122070312,174.49400329589844,166.22500610351562,162.36000061035156,171.25,164.60000610351562,163.5,171.74000549316406,165.5449981689453,-0.0044640578502762596,-0.004474051509126132,0.010955401769447537,0.012017786731569835,165.668798828125,168.50024948120117,160.62574005126953,0.014127473246767901,0.012845091356984636,2.0909881591796875,-1.373992919921875,96736800.0
2021-05-10,159.52450561523438,164.14999389648438,159.5,164.11599731445312,116772000,164.58050537109375,173.5655059814453,168.61000061035156,166.54449462890625,175.72250366210938,168.61000061035156,164.45350646972656,171.75,164.44500732421875,165.95449829101562,175.2550048828125,165.23500061035156,-0.03072052637375966,-0.031202294199865952,-0.0044640578502762596,0.0037039347600635875,163.70880126953125,168.0279998779297,160.72330017089843,0.01608419213855788,0.014411111662718641,4.649993896484375,-4.59149169921875,96589200.0
2021-05-11,161.19549560546875,161.89999389648438,156.36849975585938,156.81399536132812,92396000,159.52450561523438,173.37100219726562,168.96949768066406,164.14999389648438,177.6999969482422,169.7519989013672,159.5,173.125,167.5574951171875,164.11599731445312,176.25599670410156,167.760498046875,0.010474816917876772,0.010420336143649124,-0.03072052637375966,-0.001120636171800582,162.82919921875,167.58777465820313,160.80106994628906,0.017403411888375166,0.014585066021806486,5.531494140625,4.381500244140625,93310800.0
2021-05-12,157.5970001220703,160.39700317382812,156.65499877929688,159.25,98728000,161.19549560546875,169.32449340820312,170.0,161.89999389648438,174.33250427246094,171.60000610351562,156.36849975585938,168.63499450683594,169.781494140625,156.81399536132812,174.2364959716797,170.04249572753906,-0.022323796765424953,-0.022576744303825176,0.010474816917876772,-0.023340170719312603,161.64320068359376,167.13512496948243,160.8584799194336,0.01891722967012261,0.014757823170198053,3.74200439453125,-1.6529998779296875,98211200.0
2021-05-13,158.07350158691406,160.19200134277344,156.64999389648438,159.27349853515625,67018000,157.5970001220703,165.593505859375,166.64999389648438,160.39700317382812,168.3990020751953,170.2064971923828,156.65499877929688,163.60650634765625,166.3000030517578,159.25,167.8094940185547,170.20199584960938,0.0030235440044839024,0.0030189822880309276,-0.022323796765424953,-0.022034541333801894,160.19420166015624,166.59107513427733,161.01494995117187,0.01727366268155262,0.014312557228228634,3.5420074462890625,-1.1999969482421875,93824000.0
2021-05-14,161.14500427246094,161.4429931640625,159.14999389648438,159.2779998779297,66500000,158.07350158691406,163.52699279785156,168.95449829101562,160.19200134277344,167.73500061035156,169.85000610351562,156.64999389648438,163.21800231933594,167.60000610351562,159.27349853515625,166.9429931640625,168.5500030517578,0.019430851184491837,0.019244482527551766,0.0030235440044839024,-0.012479432999494278,159.5071014404297,166.14972534179688,161.2602801513672,0.021549945997033335,0.015062887657820927,2.292999267578125,1.86700439453125,88282800.0
2021-05-17,163.51950073242188,164.6374969482422,161.72950744628906,162.29649353027344,74478000,161.14500427246094,165.31849670410156,169.9720001220703,161.4429931640625,165.72000122070312,170.33999633789062,159.14999389648438,162.36000061035156,167.7794952392578,159.2779998779297,163.5,169.0,0.0147351540352203,0.01462764646007257,0.019430851184491837,0.010955401769447537,160.30610046386718,165.8956756591797,161.53021026611327,0.01645804788517679,0.015480794152849676,2.907989501953125,1.2230072021484375,79824000.0
2021-05-18,161.61399841308594,165.60000610351562,161.51849365234375,164.62899780273438,56568000,163.51950073242188,164.58050537109375,168.60049438476562,164.6374969482422,166.54449462890625,171.79649353027344,161.72950744628906,164.45350646972656,168.00799560546875,162.29649353027344,165.95449829101562,169.51649475097656,-0.011653058569779051,-0.011721487581113643,0.0147351540352203,-0.0044640578502762596,160.38980102539062,165.63965072631837,161.81054016113282,0.01757772707286425,0.01550055036244521,4.081512451171875,-3.0149993896484375,72658400.0
2021-05-19,161.58999633789062,161.7375030517578,159.1999969482422,159.75,53594000,161.61399841308594,159.52450561523438,166.7344970703125,165.60000610351562,164.14999389648438,169.14950561523438,161.51849365234375,159.5,165.8000030517578,164.62899780273438,164.11599731445312,168.67999267578125,-0.000148514828115065,-0.00014852585753418506,-0.011653058569779051,-0.03072052637375966,161.1884002685547,165.31410064697266,161.97949005126952,0.012356481375335852,0.015338898178804636,2.537506103515625,1.839996337890625,63631600.0
2021-05-20,162.38400268554688,162.98399353027344,161.8090057373047,162.22000122070312,52664000,161.58999633789062,161.19549560546875,168.1009979248047,161.7375030517578,161.89999389648438,168.14300537109375,159.1999969482422,156.36849975585938,165.1905059814453,159.75,156.81399536132812,165.8000030517578,0.004913709794237331,0.004901676923524499,-0.000148514828115065,0.010474816917876772,162.05050048828124,165.16070098876952,162.16953002929688,0.012306743220865588,0.015046838665574068,1.17498779296875,0.16400146484375,60760800.0
2021-05-21,160.1540069580078,162.83450317382812,159.85049438476562,162.5,82098000,162.38400268554688,157.5970001220703,165.45199584960938,162.98399353027344,160.39700317382812,168.64349365234375,161.8090057373047,156.65499877929688,165.07249450683594,162.22000122070312,159.25,168.58399963378906,-0.013732853548741542,-0.013828021471269424,0.004913709794237331,-0.022323796765424953,161.85230102539063,164.81620101928712,162.25902008056642,0.011818930101942985,0.01509937512237629,2.9840087890625,-2.3459930419921875,63880400.0
2021-05-24,162.24949645996094,162.8975067138672,160.52499389648438,160.77499389648438,48456000,160.1540069580078,158.07350158691406,167.04400634765625,162.83450317382812,160.19200134277344,168.75,159.85049438476562,156.64999389648438,165.4250030517578,162.5,159.27349853515625,165.9550018310547,0.013084215261017773,0.0129993563234214,-0.013732853548741542,0.0030235440044839024,161.59830017089843,164.40617599487305,162.4145199584961,0.01127373671484901,0.014609779447298726,2.3725128173828125,1.4745025634765625,58676000.0
2021-05-25,162.95249938964844,163.99099731445312,160.68800354003906,163.33349609375,65222000,162.24949645996094,161.14500427246094,170.4499969482422,162.8975067138672,161.4429931640625,171.42250061035156,160.52499389648438,159.14999389648438,166.5469970703125,160.77499389648438,159.2779998779297,167.39999389648438,0.004332851226203749,0.004323491452926749,0.013084215261017773,0.019430851184491837,161.86600036621093,164.01022567749024,162.59188995361328,0.009854563120006111,0.014648033153556202,3.3029937744140625,-0.3809967041015625,60406800.0
2021-05-26,163.25799560546875,164.7864990234375,162.92550659179688,163.72950744628906,47680000,162.95249938964844,163.51950073242188,170.8715057373047,163.99099731445312,164.6374969482422,173.0,160.68800354003906,161.72950744628906,169.90049743652344,163.33349609375,162.29649353027344,172.17349243164062,0.0018747562447005706,0.0018730010825371592,0.004332851226203749,0.0147351540352203,162.19960021972656,163.5268753051758,162.76518981933594,0.009801599477412768,0.014298844616407829,1.860992431640625,-0.4715118408203125,59224000.0
2021-05-27,161.5054931640625,163.01800537109375,161.5019989013672,162.8000030517578,51224000,163.25799560546875,161.61399841308594,172.9250030517578,164.7864990234375,165.60000610351562,174.49400329589844,162.92550659179688,161.51849365234375,171.25,163.72950744628906,164.62899780273438,171.74000549316406,-0.010734558114025683,-0.010792589148289969,0.0018747562447005706,-0.011653058569779051,162.02389831542968,162.92387466430665,162.85956970214843,0.01108996911695966,0.01431902207584746,1.5160064697265625,-1.2945098876953125,58936000.0
2021-05-28,161.15350341796875,162.39950561523438,160.98500061035156,162.10000610351562,46596000,161.5054931640625,161.58999633789062,173.5655059814453,163.01800537109375,161.7375030517578,175.72250366210938,161.5019989013672,159.1999969482422,171.75,162.8000030517578,159.75,175.2550048828125,-0.0021794289420000723,-0.002181807353604432,-0.010734558114025683,-0.000148514828115065,162.2237976074219,162.3129997253418,163.05464965820312,0.008736851414511278,0.014311731845538338,1.4145050048828125,-0.946502685546875,51835600.0
2021-06-01,160.9324951171875,162.5489959716797,160.4530029296875,162.1750030517578,48600000,161.15350341796875,162.38400268554688,173.37100219726562,162.39950561523438,162.98399353027344,177.6999969482422,160.98500061035156,161.8090057373047,173.125,162.10000610351562,162.22000122070312,176.25599670410156,-0.0013714148069622345,-0.0013723560569097765,-0.0021794289420000723,0.004913709794237331,161.96039733886718,161.893399810791,163.19833953857423,0.005724936359180927,0.013534789902678953,2.0959930419921875,-1.2425079345703125,51864400.0
2021-06-02,161.69949340820312,161.75,160.39999389648438,161.15499877929688,40290000,160.9324951171875,160.1540069580078,169.32449340820312,162.5489959716797,162.83450317382812,174.33250427246094,160.4530029296875,159.85049438476562,168.63499450683594,162.1750030517578,162.5,174.2364959716797,0.004765962837133042,0.004754641593085972,-0.0013714148069622345,-0.013732853548741542,161.7097961425781,161.6986991882324,163.32145935058594,0.005839569863578674,0.01280063315633304,1.350006103515625,0.54449462890625,46878000.0
2021-06-03,159.35049438476562,160.7220001220703,159.20150756835938,160.2115020751953,47966000,161.69949340820312,162.24949645996094,165.593505859375,161.75,162.8975067138672,168.3990020751953,160.39999389648438,160.52499389648438,163.60650634765625,161.15499877929688,160.77499389648438,167.8094940185547,-0.014526941142032901,-0.014633490299348802,0.004765962837133042,0.013084215261017773,160.9282958984375,161.48987426757813,163.37096923828125,0.007745356154862841,0.012904110543657076,1.5204925537109375,-0.8610076904296875,46935200.0
2021-06-04,160.31100463867188,161.0500030517578,159.9405059814453,160.60000610351562,44994000,159.35049438476562,162.95249938964844,163.52699279785156,160.7220001220703,163.99099731445312,167.73500061035156,159.20150756835938,160.68800354003906,163.21800231933594,160.2115020751953,163.33349609375,166.9429931640625,0.006027657821926935,0.0060095641643640885,-0.014526941142032901,0.004332851226203749,160.68939819335938,161.23949966430663,163.49011932373048,0.008156254638338705,0.012705047452932414,1.1094970703125,-0.28900146484375,45689200.0
2021-06-07,159.90049743652344,160.39999389648438,158.61000061035156,159.8665008544922,44316000,160.31100463867188,163.25799560546875,165.31849670410156,161.0500030517578,164.7864990234375,165.72000122070312,159.9405059814453,162.92550659179688,162.36000061035156,160.60000610351562,163.72950744628906,163.5,-0.0025606925929613222,-0.0025639767739557943,0.006027657821926935,0.0018747562447005706,160.4387969970703,161.00549926757813,163.64186920166014,0.008166474877970443,0.012688475526791457,1.7899932861328125,0.03399658203125,45233200.0
2021-06-08,163.20550537109375,163.97650146484375,160.90049743652344,161.1304931640625,68334000,159.90049743652344,161.5054931640625,164.58050537109375,160.39999389648438,163.01800537109375,166.54449462890625,158.61000061035156,161.5019989013672,164.45350646972656,159.8665008544922,162.8000030517578,165.95449829101562,0.020669153552085318,0.02045844509486988,-0.0025606925929613222,-0.010734558114025683,160.89339904785157,161.1895492553711,163.85394927978516,0.012869743605650985,0.011586295324989811,3.0760040283203125,2.07501220703125,49180000.0
2021-06-09,164.0574951171875,164.87899780273438,163.53500366210938,163.64349365234375,49110000,163.20550537109375,161.15350341796875,159.52450561523438,163.97650146484375,162.39950561523438,164.14999389648438,160.90049743652344,160.98500061035156,159.5,161.1304931640625,162.10000610351562,164.11599731445312,0.005220349302289318,0.005206770515708458,0.020669153552085318,-0.0021794289420000723,161.36499938964843,161.33264923095703,164.05936920166016,0.012888025506792926,0.011423466943988225,1.343994140625,0.41400146484375,50944000.0
2021-06-10,167.4824981689453,167.5500030517578,164.0574951171875,164.10049438476562,69530000,164.0574951171875,160.9324951171875,161.19549560546875,164.87899780273438,162.5489959716797,161.89999389648438,163.53500366210938,160.4530029296875,156.36849975585938,163.64349365234375,162.1750030517578,156.81399536132812,0.02087684594544914,0.020661910893956897,0.005220349302289318,-0.0013714148069622345,162.99140014648438,161.8269241333008,164.35372924804688,0.010350377888494062,0.01086319799678067,3.4925079345703125,3.3820037841796875,55256800.0
2021-06-11,167.3415069580078,168.32899475097656,166.67250061035156,167.4824981689453,56348000,167.4824981689453,161.69949340820312,157.5970001220703,167.5500030517578,161.75,160.39700317382812,164.0574951171875,160.39999389648438,156.65499877929688,164.10049438476562,161.15499877929688,159.25,-0.0008418265339896758,-0.0008421810689315857,0.02087684594544914,0.004765962837133042,164.39750061035156,162.29032440185546,164.6064794921875,0.011418079147967584,0.010899000038257929,1.656494140625,-0.1409912109375,57527600.0
2021-06-14,169.19349670410156,169.25,166.77499389648438,167.3415069580078,51394000,167.3415069580078,159.35049438476562,158.07350158691406,168.32899475097656,160.7220001220703,160.19200134277344,166.67250061035156,159.20150756835938,156.64999389648438,167.4824981689453,160.2115020751953,159.27349853515625,0.011067127216432215,0.011006334685231454,-0.0008418265339896758,-0.014526941142032901,166.2561004638672,162.6927490234375,164.82934936523438,0.009537937494864122,0.010379797100772165,2.475006103515625,1.85198974609375,58943200.0
2021-06-15,169.156494140625,169.84950256347656,168.15550231933594,169.1999969482422,48524000,169.19349670410156,160.31100463867188,161.14500427246094,169.25,161.0500030517578,161.4429931640625,166.77499389648438,159.9405059814453,159.14999389648438,167.3415069580078,160.60000610351562,159.2779998779297,-0.0002186996793457352,-0.00021872359760794925,0.011067127216432215,0.006027657821926935,167.44629821777343,162.97459869384767,164.98574920654298,0.009022689856846181,0.00998236232632076,1.694000244140625,-0.0435028076171875,54981200.0
2021-06-16,170.7624969482422,171.3175048828125,168.02650451660156,169.60000610351562,84056000,169.156494140625,159.90049743652344,163.51950073242188,169.84950256347656,160.39999389648438,164.6374969482422,168.15550231933594,158.61000061035156,161.72950744628906,169.1999969482422,159.8665008544922,162.29649353027344,0.0094941835711142,0.009449397061352359,-0.0002186996793457352,-0.0025606925929613222,168.78729858398438,163.43202362060546,165.1771792602539,0.008988178560244692,0.009601425196968398,3.2910003662109375,1.1624908447265625,61970400.0
2021-06-17,174.46200561523438,174.86000061035156,170.0500030517578,170.15899658203125,102730000,170.7624969482422,163.20550537109375,161.61399841308594,171.3175048828125,163.97650146484375,165.60000610351562,168.02650451660156,160.90049743652344,161.51849365234375,169.60000610351562,161.1304931640625,164.62899780273438,0.02166464377780497,0.02143330072900694,0.0094941835711142,0.020669153552085318,170.18320007324218,164.07562408447265,165.3870294189453,0.009271132882609098,0.010450193605686461,4.80999755859375,4.303009033203125,68610400.0
2021-06-18,174.34500122070312,175.35000610351562,173.6855010986328,173.99949645996094,104954000,174.46200561523438,164.0574951171875,161.58999633789062,174.86000061035156,164.87899780273438,161.7375030517578,170.0500030517578,163.53500366210938,159.1999969482422,170.15899658203125,163.64349365234375,159.75,-0.0006706583139327593,-0.000670883305820527,0.02166464377780497,0.005220349302289318,171.58389892578126,164.67367401123047,165.57462951660156,0.00922946890965606,0.010495940893627684,1.6645050048828125,0.3455047607421875,78331600.0
2021-06-21,172.697998046875,174.10000610351562,171.6999969482422,173.8209991455078,65542000,174.34500122070312,167.4824981689453,162.38400268554688,175.35000610351562,167.5500030517578,162.98399353027344,173.6855010986328,164.0574951171875,161.8090057373047,173.99949645996094,164.10049438476562,162.22000122070312,-0.009446804682075038,-0.009491708765252797,-0.0006706583139327593,0.02087684594544914,172.28479919433593,165.30087356567384,165.65638946533204,0.011858745398488841,0.010161590130109942,2.4000091552734375,-1.1230010986328125,81161200.0
2021-06-22,175.27200317382812,176.18899536132812,172.80450439453125,172.9029998779297,66902000,172.697998046875,167.3415069580078,160.1540069580078,174.10000610351562,168.32899475097656,162.83450317382812,171.6999969482422,166.67250061035156,159.85049438476562,173.8209991455078,167.4824981689453,162.5,0.01490466106187549,0.014794678093753032,-0.009446804682075038,-0.0008418265339896758,173.50790100097657,165.95199890136718,165.78243957519533,0.01237854783205419,0.010256591261333358,3.384490966796875,2.3690032958984375,84836800.0
2021-06-23,175.1909942626953,176.0500030517578,174.16000366210938,175.25,56266000,175.27200317382812,169.19349670410156,162.24949645996094,176.18899536132812,169.25,162.8975067138672,172.80450439453125,166.77499389648438,160.52499389648438,172.9029998779297,167.3415069580078,160.77499389648438,-0.0004621896804161141,-0.00046229652298874693,0.01490466106187549,0.011067127216432215,174.3936004638672,166.56392364501954,165.88625946044922,0.012711400670767654,0.010302308907931252,1.8899993896484375,-0.0590057373046875,79278800.0
2021-06-24,172.45399475097656,176.2429962158203,171.54249572753906,175.3820037841797,76640000,175.1909942626953,169.156494140625,162.95249938964844,176.0500030517578,169.84950256347656,163.99099731445312,174.16000366210938,168.15550231933594,160.68800354003906,175.25,169.1999969482422,163.33349609375,-0.015622946391951387,-0.015746270765313524,-0.0004621896804161141,-0.0002186996793457352,173.99199829101562,167.02372360229492,166.00233947753907,0.01151740221655303,0.011169899390171207,4.70050048828125,-2.928009033203125,74060800.0
2021-06-25,170.072998046875,173.24099731445312,169.70899963378906,173.1999969482422,78820000,172.45399475097656,170.7624969482422,163.25799560546875,176.2429962158203,171.3175048828125,164.7864990234375,171.54249572753906,168.02650451660156,162.92550659179688,175.3820037841797,169.60000610351562,163.72950744628906,-0.013806561613952328,-0.013902758645549816,-0.015622946391951387,0.0094941835711142,173.13759765625,167.45209884643555,166.02470947265624,0.012518982953285036,0.011384904316220744,3.5319976806640625,-3.1269989013671875,68834000.0
2021-06-28,172.1945037841797,172.39999389648438,170.67550659179688,170.8000030517578,44856000,170.072998046875,174.46200561523438,161.5054931640625,173.24099731445312,174.86000061035156,163.01800537109375,169.70899963378906,170.0500030517578,161.5019989013672,173.1999969482422,170.15899658203125,162.8000030517578,0.012474089136242261,0.012396928694551673,-0.013806561613952328,0.02166464377780497,173.03689880371093,168.0041488647461,166.06915954589843,0.014242542408212712,0.011528417299501794,1.7244873046875,1.394500732421875,64696800.0
2021-06-29,172.40699768066406,172.80149841308594,171.15150451660156,171.9409942626953,41968000,172.1945037841797,174.34500122070312,161.15350341796875,172.39999389648438,175.35000610351562,162.39950561523438,170.67550659179688,173.6855010986328,160.98500061035156,170.8000030517578,173.99949645996094,162.10000610351562,0.0012340341405479016,0.0012332733462509843,0.012474089136242261,-0.0006706583139327593,172.46389770507812,168.57787399291993,166.1452896118164,0.011615241503855353,0.011486523334856641,1.649993896484375,0.46600341796875,59710000.0
2021-06-30,172.00799560546875,173.5800018310547,171.75,172.05299377441406,48080000,172.40699768066406,172.697998046875,160.9324951171875,172.80149841308594,174.10000610351562,162.5489959716797,171.15150451660156,171.6999969482422,160.4530029296875,171.9409942626953,173.8209991455078,162.1750030517578,-0.0023143032508132766,-0.0023169853895690052,0.0012340341405479016,-0.009446804682075038,171.82729797363282,169.0932991027832,166.25075958251952,0.011533886259187304,0.011554748417979035,1.8300018310546875,-0.0449981689453125,58072800.0
2021-07-01,171.64849853515625,172.85000610351562,170.4709930419922,171.73049926757812,40742000,172.00799560546875,175.27200317382812,161.69949340820312,173.5800018310547,176.18899536132812,161.75,171.75,172.80450439453125,160.39999389648438,172.05299377441406,172.9029998779297,161.15499877929688,-0.0020900020900020966,-0.002092189192267082,-0.0023143032508132766,0.01490466106187549,171.66619873046875,169.70819931030275,166.32170959472657,0.009399681534310715,0.010867094523233931,2.3790130615234375,-0.082000732421875,50893200.0
2021-07-02,175.5489959716797,175.58599853515625,171.8459930419922,172.58200073242188,63388000,171.64849853515625,175.1909942626953,159.35049438476562,172.85000610351562,176.0500030517578,160.7220001220703,170.4709930419922,174.16000366210938,159.20150756835938,171.73049926757812,175.25,160.2115020751953,0.022723749230608936,0.02246941064938596,-0.0020900020900020966,-0.0004621896804161141,172.7613983154297,170.47009887695313,166.52364959716797,0.010932355826690483,0.011661136664492894,3.7400054931640625,2.9669952392578125,47806800.0
2021-07-06,183.78700256347656,184.2740020751953,176.4499969482422,176.5054931640625,134896000,175.5489959716797,172.45399475097656,160.31100463867188,175.58599853515625,176.2429962158203,161.0500030517578,171.8459930419922,171.54249572753906,159.9405059814453,172.58200073242188,175.3820037841797,160.60000610351562,0.04692710742205475,0.04585930904650017,0.022723749230608936,-0.015622946391951387,175.07989807128905,171.66442413330077,166.85850952148436,0.02148159380848508,0.014867946360486757,7.824005126953125,7.2815093994140625,65814800.0
2021-07-07,184.82899475097656,186.7100067138672,183.94549560546875,185.86900329589844,106562000,183.78700256347656,170.072998046875,159.90049743652344,184.2740020751953,173.24099731445312,160.39999389648438,176.4499969482422,169.70899963378906,158.61000061035156,176.5054931640625,173.1999969482422,159.8665008544922,0.005669564076709488,0.0056535525885647525,0.04692710742205475,-0.013806561613952328,177.56429748535157,172.74559860229493,167.14608947753905,0.020943800818075484,0.01452114342733678,2.7645111083984375,-1.040008544921875,78733600.0
2021-07-08,186.57049560546875,187.9994964599609,181.05599975585935,182.1779937744141,103612000,184.82899475097656,172.1945037841797,163.20550537109375,186.7100067138672,172.39999389648438,163.97650146484375,183.94549560546875,170.67550659179688,160.90049743652344,185.86900329589844,170.8000030517578,161.1304931640625,0.009422227593882448,0.009378115281815287,0.005669564076709488,0.012474089136242261,180.47679748535157,173.871248626709,167.46006927490234,0.01921926535154147,0.014534495543736871,6.9434967041015625,4.392501831054659,89840000.0
2021-07-09,185.9669952392578,187.3999938964844,184.6699981689453,186.12600708007807,74964000,186.57049560546875,172.40699768066406,164.0574951171875,187.9994964599609,172.80149841308594,164.87899780273438,181.05599975585935,171.15150451660156,163.53500366210938,182.1779937744141,171.9409942626953,163.64349365234375,-0.003234704202571881,-0.0032399471675578434,0.009422227593882448,0.0012340341405479016,183.3404968261719,174.79547348022462,167.72090911865234,0.019501274574175553,0.014281300314934828,2.729995727539091,-0.15901184082025566,96684400.0
2021-07-12,185.9275054931641,187.864501953125,184.8394927978516,187.1999969482422,51432000,185.9669952392578,172.00799560546875,167.4824981689453,187.3999938964844,173.5800018310547,167.5500030517578,184.6699981689453,171.75,164.0574951171875,186.12600708007807,172.05299377441406,164.10049438476562,-0.00021234814297510507,-0.00021237069203424127,-0.003234704202571881,-0.0023143032508132766,185.41619873046875,175.72477340698242,167.9681491088867,0.020294407464808633,0.01426763809197137,3.025009155273409,-1.2724914550780966,94293200.0
2021-07-13,183.8679962158203,188.6540069580078,183.5659942626953,185.10499572753903,76918000,185.9275054931641,171.64849853515625,167.3415069580078,187.864501953125,172.85000610351562,168.32899475097656,184.8394927978516,170.4709930419922,166.67250061035156,187.1999969482422,171.73049926757812,167.4824981689453,-0.011076947823728478,-0.011138754050319846,-0.00021234814297510507,-0.0020900020900020966,185.4323974609375,176.45849838256837,168.17808898925782,0.007969708719812332,0.014656590960653304,5.0880126953125,-1.2369995117187216,82697600.0
2021-07-14,184.08399963378903,185.88299560546875,183.04150390625,185.4425048828125,65932000,183.8679962158203,175.5489959716797,169.19349670410156,188.6540069580078,175.58599853515625,169.25,183.5659942626953,171.8459930419922,166.77499389648438,185.10499572753903,172.58200073242188,167.3415069580078,0.0011747744165069296,0.0011740849089997769,-0.011076947823728478,0.022723749230608936,185.2833984375,177.20487365722656,168.47327911376954,0.007420939646604561,0.014637439847944913,2.84149169921875,-1.358505249023466,74571600.0
2021-07-15,181.55999755859372,184.7700042724609,181.04600524902344,184.7100067138672,63706000,184.08399963378903,183.78700256347656,169.156494140625,185.88299560546875,184.2740020751953,169.84950256347656,183.04150390625,176.4499969482422,168.15550231933594,185.4425048828125,176.5054931640625,169.1999969482422,-0.013711143174944485,-0.013806009042966375,0.0011747744165069296,0.04692710742205475,184.281298828125,177.74474868774413,168.7926089477539,0.006635699000374561,0.015118966261335468,3.7239990234374716,-3.150009155273466,66590400.0
2021-07-16,178.68150329589844,182.3029937744141,178.5229949951172,181.66549682617188,80874000,181.55999755859372,184.82899475097656,170.7624969482422,184.7700042724609,186.7100067138672,171.3175048828125,181.04600524902344,183.94549560546875,168.02650451660156,184.7100067138672,185.86900329589844,169.60000610351562,-0.01585423166667721,-0.015981254351190344,-0.013711143174944485,0.005669564076709488,182.82420043945314,177.95572357177736,169.09569915771485,0.007883166133041363,0.015031746402628483,3.7799987792969034,-2.9839935302734375,67772400.0
2021-07-19,177.47950744628906,177.510498046875,174.95799255371094,176.62899780273438,75692000,178.68150329589844,186.57049560546875,174.46200561523438,182.3029937744141,187.9994964599609,174.86000061035156,178.5229949951172,181.05599975585935,170.0500030517578,181.66549682617188,182.1779937744141,170.15899658203125,-0.006727030092302577,-0.006749758546577603,-0.01585423166667721,0.009422227593882448,181.1346008300781,178.11244888305663,169.3389193725586,0.00674344305906257,0.015134218648995066,2.5525054931640625,0.8505096435546875,72624400.0
2021-07-20,178.6595001220703,179.60000610351562,175.89999389648438,178.36599731445312,65114000,177.47950744628906,185.9669952392578,174.34500122070312,177.510498046875,187.3999938964844,175.35000610351562,174.95799255371094,184.6699981689453,173.6855010986328,176.62899780273438,186.12600708007807,173.99949645996094,0.0066486136498793424,0.006626609097477396,-0.006727030092302577,-0.003234704202571881,180.09290161132813,178.4105239868164,169.6204992675781,0.009592864755658955,0.014976668833598978,3.70001220703125,0.2935028076171875,70263600.0
2021-07-21,179.25999450683594,179.32249450683594,177.1820068359375,178.81900024414062,46380000,178.6595001220703,185.9275054931641,172.697998046875,179.60000610351562,187.864501953125,174.10000610351562,175.89999389648438,184.8394927978516,171.6999969482422,178.36599731445312,187.1999969482422,173.8209991455078,0.003361110852517335,0.0033554749445127334,0.0066486136498793424,-0.00021234814297510507,179.1281005859375,178.60992355346679,170.01520904541016,0.010024349283898152,0.014664368720358489,2.1404876708984375,0.4409942626953125,66353200.0
2021-07-22,181.9015045166016,182.00100708007807,179.11349487304688,179.3614959716797,65308000,179.25999450683594,183.8679962158203,175.27200317382812,179.32249450683594,188.6540069580078,176.18899536132812,177.1820068359375,183.5659942626953,172.80450439453125,178.81900024414062,185.10499572753903,172.9029998779297,0.01473563589596627,0.014628121323518116,0.003361110852517335,-0.011076947823728478,179.19640197753907,178.9454490661621,170.4293292236328,0.0119196584043544,0.014963003008630918,2.887512207031193,2.5400085449219034,66673600.0
2021-07-23,182.83200073242188,183.3054962158203,181.1020050048828,182.0,48726000,181.9015045166016,184.08399963378903,175.1909942626953,182.00100708007807,185.88299560546875,176.0500030517578,179.11349487304688,183.04150390625,174.16000366210938,179.3614959716797,185.4425048828125,175.25,0.005115384934792244,0.005102345801164657,0.01473563589596627,0.0011747744165069296,180.02650146484376,179.46434936523437,170.93402923583983,0.007697831441575609,0.014385940564698382,2.2034912109375,0.832000732421875,60244000.0
2021-07-26,184.99099731445312,185.60400390625,182.3625030517578,183.6584930419922,58002000,182.83200073242188,181.55999755859372,172.45399475097656,183.3054962158203,184.7700042724609,176.2429962158203,181.1020050048828,181.04600524902344,171.54249572753906,182.0,184.7100067138672,175.3820037841797,0.01180863619816197,0.011739458318775493,0.005115384934792244,-0.013711143174944485,181.52879943847657,180.2102493286133,171.47237915039062,0.004769268165502791,0.013942172461794898,3.2415008544921875,1.3325042724609375,56706000.0
2021-07-27,181.3195037841797,184.9250030517578,179.3074951171875,184.9250030517578,82638000,184.99099731445312,178.68150329589844,170.072998046875,185.60400390625,182.3029937744141,173.24099731445312,182.3625030517578,178.5229949951172,169.70899963378906,183.6584930419922,181.66549682617188,173.1999969482422,-0.019846876786293155,-0.02004647134574264,0.01180863619816197,-0.01585423166667721,182.06080017089843,180.66649932861327,171.875869140625,0.013618885850996458,0.01479253518430579,5.6175079345703125,-3.605499267578125,60210800.0
2021-07-28,181.51600646972656,182.92100524902344,180.0500030517578,181.68899536132807,59988000,181.3195037841797,177.47950744628906,172.1945037841797,184.9250030517578,177.510498046875,172.39999389648438,179.3074951171875,174.95799255371094,170.67550659179688,184.9250030517578,176.62899780273438,170.8000030517578,0.0010837371680696428,0.0010831503488784933,-0.019846876786293155,-0.006727030092302577,182.51200256347656,181.1219497680664,172.2357992553711,0.013643304120565993,0.014793350672054858,2.871002197265625,-0.17298889160150566,62932400.0
2021-07-29,179.99600219726562,181.8975067138672,179.00050354003906,181.3874969482422,110400000,181.51600646972656,178.6595001220703,172.40699768066406,182.92100524902344,179.60000610351562,172.80149841308594,180.0500030517578,175.89999389648438,171.15150451660156,181.68899536132807,178.36599731445312,171.9409942626953,-0.008373940689987869,-0.00840919910387896,0.0010837371680696428,0.0066486136498793424,182.1309020996094,181.52135009765624,172.6034393310547,0.012348538612396383,0.014962116420245737,2.897003173828125,-1.3914947509765625,71950800.0
2021-07-30,166.37950134277344,168.40699768066406,165.3489990234375,167.3975067138672,199312000,179.99600219726562,179.25999450683594,172.00799560546875,181.8975067138672,179.32249450683594,173.5800018310547,179.00050354003906,177.1820068359375,171.75,181.3874969482422,178.81900024414062,172.05299377441406,-0.07564890713277761,-0.07866330887549154,-0.008373940689987869,0.003361110852517335,178.84040222167968,181.2579002380371,172.69922943115233,0.03417609266179797,0.023000000544791066,3.0579986572265625,-1.01800537109375,102068000.0
2021-08-02,166.57400512695312,167.9459991455078,165.85000610351562,167.65499877929688,67078000,166.37950134277344,181.9015045166016,171.64849853515625,168.40699768066406,182.00100708007807,172.85000610351562,165.3489990234375,179.11349487304688,170.4709930419922,167.3975067138672,179.3614959716797,171.73049926757812,0.0011690369463182027,0.0011683541547145397,-0.07564890713277761,0.01473563589596627,175.1570037841797,180.80915069580078,172.78302947998046,0.032109651038657316,0.02230965357646702,2.0959930419921875,-1.08099365234375,103883200.0
2021-08-03,168.31199645996094,169.5500030517578,164.98849487304688,167.03599548339844,83146000,166.57400512695312,182.83200073242188,175.5489959716797,167.9459991455078,183.3054962158203,175.58599853515625,165.85000610351562,181.1020050048828,171.8459930419922,167.65499877929688,182.0,172.58200073242188,0.01043374884144277,0.010379692962522098,0.0011690369463182027,0.005115384934792244,172.55550231933594,180.035400390625,172.94618927001954,0.03495178833935574,0.019362489034477685,4.5615081787109375,1.2760009765625,103984800.0
2021-08-04,167.73599243164062,169.44400024414062,167.2779998779297,168.96749877929688,43678000,168.31199645996094,184.99099731445312,183.78700256347656,169.5500030517578,185.60400390625,184.2740020751953,164.98849487304688,182.3625030517578,176.4499969482422,167.03599548339844,183.6584930419922,176.5054931640625,-0.0034222398904129037,-0.003428109147843768,0.01043374884144277,0.01180863619816197,169.79949951171875,179.1807502746582,173.05591918945314,0.034512354921569434,0.019224736455259808,2.1660003662109375,-1.23150634765625,100722800.0
2021-08-05,168.79949951171875,169.4499969482422,167.04600524902344,167.81100463867188,48670000,167.73599243164062,181.3195037841797,184.82899475097656,169.44400024414062,184.9250030517578,186.7100067138672,167.2779998779297,179.3074951171875,183.94549560546875,168.96749877929688,184.9250030517578,185.86900329589844,0.006340362999381677,0.006320347457217287,-0.0034222398904129037,-0.019846876786293155,167.56019897460936,178.2922004699707,173.17285919189453,0.035838430517441705,0.01911799514238514,2.40399169921875,0.988494873046875,88376800.0
2021-08-06,167.2469940185547,168.75,166.45199584960938,168.75,52752000,168.79949951171875,181.51600646972656,186.57049560546875,169.4499969482422,182.92100524902344,187.9994964599609,167.04600524902344,180.0500030517578,181.05599975585935,167.81100463867188,181.68899536132807,182.1779937744141,-0.009197334693852421,-0.009239891315900388,0.006340362999381677,0.0010837371680696428,167.73369750976562,177.35620040893554,173.25263916015626,0.007763127077918812,0.01913858636180993,2.298004150390625,-1.5030059814453125,59064800.0
2021-08-09,167.093505859375,167.74400329589844,166.42599487304688,167.1804962158203,42964000,167.2469940185547,179.99600219726562,185.9669952392578,168.75,181.8975067138672,187.3999938964844,166.45199584960938,179.00050354003906,184.6699981689453,168.75,181.3874969482422,186.12600708007807,-0.0009177334401756498,-0.0009181548153357011,-0.009197334693852421,-0.008373940689987869,167.83759765625,176.41450042724608,173.3643994140625,0.007812055812437945,0.019129733676805965,1.3180084228515625,-0.0869903564453125,54242000.0
2021-08-10,166.03399658203125,167.89999389648438,165.75,167.25050354003906,48252000,167.093505859375,166.37950134277344,185.9275054931641,167.74400329589844,168.40699768066406,187.864501953125,166.42599487304688,165.3489990234375,184.8394927978516,167.1804962158203,167.3975067138672,187.1999969482422,-0.006340816609805455,-0.006361004973165342,-0.0009177334401756498,-0.07564890713277761,167.38199768066406,175.52280044555664,173.46200927734375,0.005934999710027915,0.019081694805766793,2.149993896484375,-1.2165069580078125,47263200.0
2021-08-11,164.60549926757812,166.88499450683594,163.88949584960938,166.57249450683594,58944000,166.03399658203125,166.57400512695312,183.8679962158203,167.89999389648438,167.9459991455078,188.6540069580078,165.75,165.85000610351562,183.5659942626953,167.25050354003906,167.65499877929688,185.10499572753903,-0.008603643493863333,-0.008640868502137664,-0.006340816609805455,0.0011690369463182027,166.75589904785156,174.5488754272461,173.53546936035156,0.006514994441799296,0.01904285777396753,2.9954986572265625,-1.9669952392578125,50316400.0
2021-08-12,165.1750030517578,165.72549438476562,163.48350524902344,164.5,46282000,164.60549926757812,168.31199645996094,184.08399963378903,166.88499450683594,169.5500030517578,185.88299560546875,163.88949584960938,164.98849487304688,183.04150390625,166.57249450683594,167.03599548339844,185.4425048828125,0.003459810192938395,0.0034538388189029033,-0.008603643493863333,0.01043374884144277,166.03099975585937,173.7296257019043,173.60497955322265,0.0054388086801061405,0.019035378891930965,2.2419891357421875,0.6750030517578125,49838800.0
2021-08-13,164.69850158691406,165.30349731445312,164.14999389648438,165.2834930419922,41134000,165.1750030517578,167.73599243164062,181.55999755859372,165.72549438476562,169.44400024414062,184.7700042724609,163.48350524902344,167.2779998779297,181.04600524902344,164.5,168.96749877929688,184.7100067138672,-0.0028848279463596915,-0.0028889970825907705,0.003459810192938395,-0.0034222398904129037,165.52130126953125,173.03047561645508,173.71193969726562,0.004707006063245279,0.018849618979154707,1.15350341796875,-0.584991455078125,47515200.0
2021-08-16,164.94949340820312,165.0,160.55650329589844,164.14999389648438,66394000,164.69850158691406,168.79949951171875,178.68150329589844,165.30349731445312,169.4499969482422,182.3029937744141,164.14999389648438,167.04600524902344,178.5229949951172,165.2834930419922,167.81100463867188,181.66549682617188,0.0015239472057770875,0.0015227871766333222,-0.0028848279463596915,0.006340362999381677,165.09249877929688,172.4039749145508,173.80470947265624,0.005095145705550921,0.018874542492643944,4.4434967041015625,0.79949951171875,52201200.0
2021-08-17,162.09800720214844,164.02450561523438,161.28399658203125,163.875,67758000,164.94949340820312,167.2469940185547,177.47950744628906,165.0,168.75,177.510498046875,160.55650329589844,166.45199584960938,174.95799255371094,164.14999389648438,168.75,176.62899780273438,-0.01728702615047184,-0.017438191452478862,0.0015239472057770875,-0.009197334693852421,164.3053009033203,171.57590026855468,173.84865966796875,0.008400439098066885,0.018957324309655296,2.740509033203125,-1.7769927978515625,56102400.0
2021-08-18,160.06100463867188,162.7050018310547,160.0,162.09950256347656,56086000,162.09800720214844,167.093505859375,178.6595001220703,164.02450561523438,167.74400329589844,179.60000610351562,161.28399658203125,166.42599487304688,175.89999389648438,163.875,167.1804962158203,178.36599731445312,-0.012566487390164305,-0.012646113476257194,-0.01728702615047184,-0.0009177334401756498,163.39640197753906,170.61595077514647,173.7857696533203,0.009018168117872236,0.01893652510168499,2.7050018310546875,-2.0384979248046875,55530800.0
2021-08-19,159.3874969482422,161.64999389648438,159.1230010986328,159.7010040283203,75658000,160.06100463867188,166.03399658203125,179.25999450683594,162.7050018310547,167.89999389648438,179.32249450683594,160.0,165.75,177.1820068359375,162.09950256347656,167.25050354003906,178.81900024414062,-0.0042078187123096855,-0.004216696494284563,-0.012566487390164305,-0.006340816609805455,162.23890075683593,169.49025039672853,173.69236968994142,0.0076511703265617825,0.01833689597761327,2.5269927978515625,-0.313507080078125,61406000.0
2021-08-20,159.99749755859375,160.3905029296875,158.78799438476562,160.19349670410156,67168000,159.3874969482422,164.60549926757812,181.9015045166016,161.64999389648438,166.88499450683594,182.00100708007807,159.1230010986328,163.88949584960938,179.11349487304688,159.7010040283203,166.57249450683594,179.3614959716797,0.003827154714335368,0.0038198497898503034,-0.0042078187123096855,-0.008603643493863333,161.29869995117187,168.3485252380371,173.54266967773438,0.009035730185083406,0.018296468156468723,1.602508544921875,-0.1959991455078125,66612800.0
2021-08-23,163.2935028076172,164.0449981689453,160.50050354003906,160.59500122070312,65362000,159.99749755859375,165.1750030517578,182.83200073242188,160.3905029296875,165.72549438476562,183.3054962158203,158.78799438476562,163.48350524902344,181.1020050048828,160.19349670410156,164.5,182.0,0.02060035500127988,0.02039103748353467,0.003827154714335368,0.003459810192938395,160.96750183105468,167.2636505126953,173.46170959472656,0.014957633910648976,0.018856111559941498,3.54449462890625,2.6985015869140625,66406400.0
2021-08-24,165.28900146484375,165.77450561523438,163.72900390625,164.0,51036000,163.2935028076172,164.69850158691406,184.99099731445312,164.0449981689453,165.30349731445312,185.60400390625,160.50050354003906,164.14999389648438,182.3625030517578,160.59500122070312,165.2834930419922,183.6584930419922,0.012220318769066596,0.012146253464241655,0.02060035500127988,-0.0028848279463596915,161.60570068359374,166.4621253967285,173.3836196899414,0.013086146257315613,0.018983498184173466,2.045501708984375,1.28900146484375,63062000.0
2021-08-25,164.95899963378906,166.0500030517578,164.3074951171875,165.49349975585938,33606000,165.28900146484375,164.94949340820312,181.3195037841797,165.77450561523438,165.0,184.9250030517578,163.72900390625,160.55650329589844,179.3074951171875,164.0,164.14999389648438,184.9250030517578,-0.0019965141547840792,-0.0019985098458953207,0.012220318769066596,0.0015239472057770875,162.58529968261718,165.63427505493163,173.2996697998047,0.010303985299462037,0.018948792194102802,1.7425079345703125,-0.5345001220703125,58566000.0
2021-08-26,165.8000030517578,166.60000610351562,164.8000030517578,164.9499969482422,41976000,164.95899963378906,162.09800720214844,181.51600646972656,166.0500030517578,164.02450561523438,182.92100524902344,164.3074951171875,161.28399658203125,180.0500030517578,165.49349975585938,163.875,181.68899536132807,0.005098257262930783,0.005085305152845157,-0.0019965141547840792,-0.01728702615047184,163.8678009033203,164.92447509765626,173.200419921875,0.008693827375362685,0.019046542234665096,1.8000030517578125,0.850006103515625,51829600.0
2021-08-27,167.48150634765625,167.61599731445312,165.6875,166.6614990234375,48048000,165.8000030517578,160.06100463867188,179.99600219726562,166.60000610351562,162.7050018310547,181.8975067138672,164.8000030517578,160.0,179.00050354003906,164.9499969482422,162.09950256347656,181.3874969482422,0.01014175672465778,0.010090674197310714,0.005098257262930783,-0.012566487390164305,165.3646026611328,164.97957534790038,173.06080993652344,0.00839884998674728,0.009111423434002135,1.928497314453125,0.82000732421875,48005600.0
2021-08-30,171.07850646972656,172.25,167.76100158691406,167.8715057373047,63844000,167.48150634765625,159.3874969482422,166.37950134277344,167.61599731445312,161.64999389648438,168.40699768066406,165.6875,159.1230010986328,165.3489990234375,166.6614990234375,159.7010040283203,167.3975067138672,0.021476998866989616,0.021249618004886027,0.01014175672465778,-0.0042078187123096855,166.92160339355468,165.20480041503907,172.9954800415039,0.00869975757669031,0.010263908828414095,4.4889984130859375,3.207000732421875,47702000.0
2021-08-31,173.5395050048828,173.62899780273438,169.7794952392578,171.24000549316406,87128000,171.07850646972656,159.99749755859375,166.57400512695312,172.25,160.3905029296875,167.9459991455078,167.76100158691406,158.78799438476562,165.85000610351562,167.8715057373047,160.19349670410156,167.65499877929688,0.01438520002272603,0.014282714711431693,0.021476998866989616,0.003827154714335368,168.5717041015625,165.46617584228517,173.01231018066406,0.008926856333174547,0.010482953569808823,3.8495025634765625,2.29949951171875,54920400.0
2021-09-01,173.9499969482422,176.35000610351562,173.76199340820312,174.82000732421875,72598000,173.5395050048828,163.2935028076172,168.31199645996094,173.62899780273438,164.0449981689453,169.5500030517578,169.7794952392578,160.50050354003906,164.98849487304688,171.24000549316406,160.59500122070312,167.03599548339844,0.0023654092095504176,0.0023626160329893353,0.01438520002272603,0.02060035500127988,170.36990356445312,165.77687606811523,172.98587005615235,0.007597380387537683,0.010417204492203187,2.5880126953125,-0.8700103759765625,62718800.0
2021-09-02,173.156005859375,175.59800720214844,172.75,174.73800659179688,58474000,173.9499969482422,165.28900146484375,167.73599243164062,176.35000610351562,165.77450561523438,169.44400024414062,173.76199340820312,163.72900390625,167.2779998779297,174.82000732421875,164.0,168.96749877929688,-0.004564478889317991,-0.004574927931495782,0.0023654092095504176,0.012220318769066596,171.84110412597656,165.99470138549805,172.94517028808593,0.010169890749161798,0.01045632063505976,2.8480072021484375,-1.582000732421875,66018400.0
2021-09-03,173.90249633789062,174.1334991455078,171.82200622558594,172.60000610351562,51514000,173.156005859375,164.95899963378906,168.79949951171875,175.59800720214844,166.0500030517578,169.4499969482422,172.75,164.3074951171875,167.04600524902344,174.73800659179688,165.49349975585938,167.81100463867188,0.004311086264728647,0.004301820154126882,-0.004564478889317991,-0.0019965141547840792,173.12530212402345,166.32747650146484,172.97414031982422,0.010305366864947943,0.010173204114165033,2.311492919921875,1.302490234375,66711600.0
2021-09-07,175.46449279785156,176.4044952392578,173.8470001220703,173.89999389648438,54758000,173.90249633789062,165.8000030517578,167.2469940185547,174.1334991455078,166.60000610351562,168.75,171.82200622558594,164.8000030517578,166.45199584960938,172.60000610351562,164.9499969482422,168.75,0.008982024369138308,0.008941925919554996,0.004311086264728647,0.005098257262930783,174.00249938964845,166.74602584838868,173.08197021484375,0.007120173634683996,0.01026409750863467,2.5574951171875,1.5644989013671875,64894400.0
2021-09-08,176.27499389648438,177.281494140625,174.7834930419922,175.58250427246094,61068000,175.46449279785156,167.48150634765625,167.093505859375,176.4044952392578,167.61599731445312,167.74400329589844,173.8470001220703,165.6875,166.42599487304688,173.89999389648438,166.6614990234375,167.1804962158203,0.004619174430729789,0.004608538783881409,0.008982024369138308,0.01014175672465778,174.54959716796876,167.25807571411133,173.16358001708986,0.004940840001580919,0.010057916584548085,2.4980010986328125,0.6924896240234375,59682400.0
2021-09-09,174.20799255371094,177.49949645996094,174.01849365234375,176.30099487304688,54384000,176.27499389648438,171.07850646972656,166.03399658203125,177.281494140625,172.25,167.89999389648438,174.7834930419922,167.76100158691406,165.75,175.58250427246094,167.8715057373047,167.25050354003906,-0.011726004336084506,-0.011795296134862758,0.004619174430729789,0.021476998866989616,174.6011962890625,167.73820037841796,173.1995999145508,0.008342760273899439,0.01027023412024975,3.4810028076171875,-2.0930023193359375,56039600.0
2021-09-10,173.45750427246094,175.42250061035156,173.14549255371094,175.0915069580078,47946000,174.20799255371094,173.5395050048828,164.60549926757812,177.49949645996094,173.62899780273438,166.88499450683594,174.01849365234375,169.7794952392578,163.88949584960938,176.30099487304688,171.24000549316406,166.57249450683594,-0.004308001431212238,-0.004317307606338972,-0.011726004336084506,0.01438520002272603,174.6614959716797,168.15232543945314,173.22859008789064,0.008305893485482241,0.010393644911235733,2.277008056640625,-1.634002685546875,53934000.0
2021-09-13,172.85850524902344,174.8979949951172,171.89999389648438,174.13999938964844,51380000,173.45750427246094,173.9499969482422,165.1750030517578,175.42250061035156,176.35000610351562,165.72549438476562,173.14549255371094,173.76199340820312,163.48350524902344,175.0915069580078,174.82000732421875,164.5,-0.0034532897607970625,-0.0034592661286029646,-0.004308001431212238,0.0023654092095504176,174.45269775390625,168.5603256225586,173.25279022216796,0.008109678961644015,0.010409911683831555,2.9980010986328125,-1.281494140625,53907200.0
2021-09-14,172.5,174.3404998779297,171.885498046875,173.77749633789062,38738000,172.85850524902344,173.156005859375,164.69850158691406,174.8979949951172,175.59800720214844,165.30349731445312,171.89999389648438,172.75,164.14999389648438,174.13999938964844,174.73800659179688,165.2834930419922,-0.002073980962099431,-0.0020761346389200496,-0.0034532897607970625,-0.004564478889317991,173.85979919433595,168.93785095214844,173.19181030273438,0.005835547729374535,0.01045813606817597,2.4550018310546875,-1.277496337890625,50703200.0
2021-09-15,173.7895050048828,174.27099609375,170.10049438476562,172.12600708007812,59150000,172.5,173.90249633789062,164.94949340820312,174.3404998779297,174.1334991455078,165.0,171.885498046875,171.82200622558594,160.55650329589844,173.77749633789062,172.60000610351562,164.14999389648438,0.007475391332653958,0.007447589064120205,-0.002073980962099431,0.004311086264728647,173.36270141601562,169.52242584228514,172.9918603515625,0.006864468381936458,0.009433813117287236,4.170501708984375,1.6634979248046875,50319600.0
2021-09-16,174.41200256347656,174.62750244140625,172.3070068359375,172.9980010986328,51672000,173.7895050048828,175.46449279785156,162.09800720214844,174.27099609375,176.4044952392578,164.02450561523438,170.10049438476562,173.8470001220703,161.28399658203125,172.12600708007812,173.89999389648438,163.875,0.0035819053548502566,0.003575505609499879,0.007475391332653958,0.008982024369138308,173.40350341796875,170.2399757385254,172.7835205078125,0.0050793290966890245,0.008641382832228857,2.32049560546875,1.41400146484375,49777200.0
2021-09-17,173.12600708007812,174.87049865722656,172.60650634765625,174.42050170898438,92332000,174.41200256347656,176.27499389648438,160.06100463867188,174.62750244140625,177.281494140625,162.7050018310547,172.3070068359375,174.7834930419922,160.0,172.9980010986328,175.58250427246094,162.09950256347656,-0.007373319866162298,-0.007400637151307249,0.0035819053548502566,0.004619174430729789,173.3372039794922,170.9269012451172,172.51463073730469,0.005886943776651987,0.008833005755993308,2.2639923095703125,-1.29449462890625,58654400.0
2021-09-20,167.7864990234375,170.9499969482422,165.25050354003906,169.8000030517578,93382000,173.12600708007812,174.20799255371094,159.3874969482422,174.87049865722656,177.49949645996094,161.64999389648438,172.60650634765625,174.01849365234375,159.1230010986328,174.42050170898438,176.30099487304688,159.7010040283203,-0.03084174438431353,-0.03132736193754281,-0.007373319866162298,-0.011726004336084506,172.322802734375,171.31635131835938,172.1510208129883,0.015063971394755583,0.011806961983883797,5.699493408203125,-2.0135040283203125,67054800.0
2021-09-21,167.18150329589844,168.98500061035156,166.6195068359375,168.75,55618000,167.7864990234375,173.45750427246094,159.99749755859375,170.9499969482422,175.42250061035156,160.3905029296875,165.25050354003906,173.14549255371094,158.78799438476562,169.8000030517578,175.0915069580078,160.19349670410156,-0.0036057473697842513,-0.0036122637458179565,-0.03084174438431353,-0.004308001431212238,171.25910339355468,171.51075134277343,171.77610076904296,0.01498343425215522,0.01106542805315434,2.3654937744140625,-1.5684967041015625,70430800.0
2021-09-22,169.00250244140625,169.4499969482422,167.05250549316406,167.5500030517578,48228000,167.18150329589844,172.85850524902344,163.2935028076172,168.98500061035156,174.8979949951172,164.0449981689453,166.6195068359375,171.89999389648438,160.50050354003906,168.75,174.13999938964844,160.59500122070312,0.01089234819407503,0.010833453848678572,-0.0036057473697842513,-0.0034532897607970625,170.30170288085938,171.69642639160156,171.47879089355467,0.015815237147234675,0.010999835286242597,2.397491455078125,1.4524993896484375,68246400.0
2021-09-23,170.8000030517578,171.447998046875,169.00250244140625,169.00250244140625,47588000,169.00250244140625,172.5,165.28900146484375,169.4499969482422,174.3404998779297,165.77450561523438,167.05250549316406,171.885498046875,163.72900390625,167.5500030517578,173.77749633789062,164.0,0.01063594079605279,0.010579777062858911,0.01089234819407503,-0.002073980962099431,169.5793029785156,171.9884765625,171.21311096191405,0.017087931760968126,0.011169852560220886,2.44549560546875,1.7975006103515625,67429600.0
2021-09-24,171.2760009765625,171.46299743652344,169.6699981689453,170.10049438476562,42324000,170.8000030517578,173.7895050048828,164.95899963378906,171.447998046875,174.27099609375,166.0500030517578,169.00250244140625,170.10049438476562,164.3074951171875,169.00250244140625,172.12600708007812,165.49349975585938,0.0027868730462519142,0.0027829969154169873,0.01063594079605279,0.007475391332653958,169.2093017578125,172.26227645874025,171.00743103027344,0.01719894572956705,0.01114587293268063,1.792999267578125,1.175506591796875,57428000.0
2021-09-27,170.2899932861328,170.77850341796875,166.98049926757812,168.5749969482422,72690000,171.2760009765625,174.41200256347656,165.8000030517578,171.46299743652344,174.62750244140625,166.60000610351562,169.6699981689453,172.3070068359375,164.8000030517578,170.10049438476562,172.9980010986328,164.9499969482422,-0.005756835077931344,-0.005773469524888403,0.0027868730462519142,0.0035819053548502566,169.71000061035156,172.40270080566407,170.83960083007813,0.007761439687844324,0.011077756492562466,3.798004150390625,1.714996337890625,53289600.0
2021-09-28,165.79800415039062,168.45950317382812,164.5050048828125,167.885498046875,88616000,170.2899932861328,173.12600708007812,167.48150634765625,170.77850341796875,174.87049865722656,167.61599731445312,166.98049926757812,172.60650634765625,165.6875,168.5749969482422,174.42050170898438,166.6614990234375,-0.0263784679831095,-0.026732621677354657,-0.005756835077931344,-0.007373319866162298,169.43330078125,172.13867568969727,170.60597076416016,0.015461783122390476,0.01155512521834237,3.954498291015625,-2.087493896484375,59889200.0
2021-09-29,165.05599975585938,167.56500244140625,164.89349365234375,166.10549926757812,51246000,165.79800415039062,167.7864990234375,171.07850646972656,168.45950317382812,170.9499969482422,172.25,164.5050048828125,165.25050354003906,167.76100158691406,167.885498046875,169.8000030517578,167.8715057373047,-0.004475351789266391,-0.004485396155336227,-0.0263784679831095,-0.03084174438431353,168.6440002441406,171.7145004272461,170.33390075683593,0.013805326877320875,0.010943724088287426,2.6715087890625,-1.04949951171875,60492800.0
2021-09-30,164.2519989013672,166.3925018310547,163.69949340820312,165.8000030517578,56848000,165.05599975585938,167.18150329589844,173.5395050048828,167.56500244140625,168.98500061035156,173.62899780273438,164.89349365234375,166.6195068359375,169.7794952392578,166.10549926757812,168.75,171.24000549316406,-0.0048710792439015105,-0.004882981617736262,-0.004475351789266391,-0.0036057473697842513,167.3343994140625,171.22960052490234,170.03374084472657,0.010966187999486008,0.010895820569088286,2.6930084228515625,-1.548004150390625,62344800.0
2021-10-01,164.16299438476562,165.45849609375,162.7969970703125,164.45050048828125,56712000,164.2519989013672,169.00250244140625,173.9499969482422,166.3925018310547,169.4499969482422,176.35000610351562,163.69949340820312,167.05250549316406,173.76199340820312,165.8000030517578,167.5500030517578,174.82000732421875,-0.0005418778291703674,-0.0005420246980202862,-0.0048710792439015105,0.01089234819407503,165.91179809570312,170.7799499511719,169.67897064208984,0.010244727298138391,0.010898801534793674,2.6614990234375,-0.287506103515625,65222400.0
2021-10-04,159.48899841308594,163.99949645996094,158.8125,163.96949768066406,90462000,164.16299438476562,170.8000030517578,173.156005859375,165.45849609375,171.447998046875,175.59800720214844,162.7969970703125,169.00250244140625,172.75,164.45050048828125,169.00250244140625,174.73800659179688,-0.028471678341373097,-0.02888485808454832,-0.0005418778291703674,0.01063594079605279,163.75159912109376,170.05927505493165,169.21211059570314,0.013344440255544179,0.012192193876820695,5.1869964599609375,-4.480499267578125,68776800.0
2021-10-05,161.0500030517578,163.0364990234375,160.1230010986328,160.22500610351562,65384000,159.48899841308594,171.2760009765625,173.90249633789062,163.99949645996094,171.46299743652344,174.1334991455078,158.8125,169.6699981689453,171.82200622558594,163.96949768066406,170.10049438476562,172.60000610351562,0.00978753803838428,0.009739950346903852,-0.028471678341373097,0.0027868730462519142,162.8019989013672,169.33855056762695,168.7332907104492,0.014028588813439161,0.012239427330756949,2.9134979248046875,0.8249969482421875,64130400.0
2021-10-06,163.10049438476562,163.2169952392578,159.93099975585938,160.67649841308594,50660000,161.0500030517578,170.2899932861328,175.46449279785156,163.0364990234375,170.77850341796875,176.4044952392578,160.1230010986328,166.98049926757812,173.8470001220703,160.22500610351562,168.5749969482422,173.89999389648438,0.012732016728672857,0.012651646071788683,0.00978753803838428,-0.005756835077931344,162.41089782714843,168.67982559204103,168.36891052246094,0.016330375465405195,0.012673993601909789,3.2859954833984375,2.4239959716796875,64013200.0
2021-10-07,165.1215057373047,166.28750610351562,164.1529998779297,164.57699584960938,48182000,163.10049438476562,165.79800415039062,176.27499389648438,163.2169952392578,168.45950317382812,177.281494140625,159.93099975585938,164.5050048828125,174.7834930419922,160.67649841308594,167.885498046875,175.58250427246094,0.012391203105561077,0.012315060502089633,0.012732016728672857,-0.0263784679831095,162.58479919433594,168.2255012512207,168.0410205078125,0.017431413932959265,0.013022628878674947,2.1345062255859375,0.5445098876953125,62280000.0
2021-10-08,164.43099975585938,166.07150268554688,164.41000366210938,165.85000610351562,39964000,165.1215057373047,165.05599975585938,174.20799255371094,166.28750610351562,167.56500244140625,177.49949645996094,164.1529998779297,164.89349365234375,174.01849365234375,164.57699584960938,166.10549926757812,176.30099487304688,-0.004181805261295635,-0.004190573462060326,0.012391203105561077,-0.004475351789266391,162.63840026855468,167.77417602539063,167.7297204589844,0.017596498022528197,0.013021784933519093,1.6614990234375,-1.41900634765625,58930400.0
2021-10-11,162.31500244140625,164.62950134277344,161.90499877929688,163.75,40684000,164.43099975585938,164.2519989013672,173.45750427246094,166.07150268554688,166.3925018310547,175.42250061035156,164.41000366210938,163.69949340820312,173.14549255371094,165.85000610351562,165.8000030517578,175.0915069580078,-0.01286860335091844,-0.012952121105274618,-0.004181805261295635,-0.0048710792439015105,163.20360107421874,167.24700088500975,167.64843048095702,0.0115188117609982,0.013223379277185858,2.7245025634765625,-1.43499755859375,48974800.0
2021-10-12,162.3665008544922,163.37649536132812,161.81399536132812,162.85000610351562,36392000,162.31500244140625,164.16299438476562,172.85850524902344,164.62950134277344,165.45849609375,174.8979949951172,161.90499877929688,162.7969970703125,171.89999389648438,163.75,164.45050048828125,174.13999938964844,0.0003172745113595443,0.0003172241904451794,-0.01286860335091844,-0.0005418778291703674,163.46690063476564,166.74032592773438,167.5642803955078,0.01100859399766852,0.013243538759138073,1.5625,-0.4835052490234375,43176400.0
2021-10-13,164.21400451660156,164.41900634765625,163.05450439453125,163.48550415039062,48402000,162.3665008544922,159.48899841308594,172.5,163.37649536132812,163.99949645996094,174.3404998779297,161.81399536132812,158.8125,171.885498046875,162.85000610351562,163.96949768066406,173.77749633789062,0.011378601203982708,0.011314351840536129,0.0003172745113595443,-0.028471678341373097,163.68960266113282,166.2615509033203,167.48232055664062,0.01068059741774313,0.013432486164336932,1.364501953125,0.7285003662109375,42724800.0
2021-10-14,164.9929962158203,165.6300048828125,164.53900146484375,165.12249755859375,42190000,164.21400451660156,161.0500030517578,173.7895050048828,164.41900634765625,163.0364990234375,174.27099609375,163.05450439453125,160.1230010986328,170.10049438476562,163.48550415039062,160.22500610351562,172.12600708007812,0.004743759227551214,0.004732543058962018,0.011378601203982708,0.00978753803838428,163.66390075683594,165.7906005859375,167.42746063232423,0.009152736184271065,0.013463756365134576,1.09100341796875,-0.1295013427734375,41526400.0
2021-10-15,170.4510040283203,170.52099609375,165.1999969482422,165.5709991455078,103598000,164.9929962158203,163.10049438476562,174.41200256347656,165.6300048828125,163.2169952392578,174.62750244140625,164.53900146484375,159.93099975585938,172.3070068359375,165.12249755859375,160.67649841308594,172.9980010986328,0.03308023939004423,0.03254486320029431,0.004743759227551214,0.012732016728672857,164.86790161132814,165.6568504333496,167.46049072265626,0.016906482022217395,0.015592733331663118,5.3209991455078125,4.8800048828125,54253200.0
2021-10-18,172.33700561523438,172.45849609375,169.2550048828125,169.41799926757812,63482000,170.4510040283203,165.1215057373047,173.12600708007812,170.52099609375,166.28750610351562,174.87049865722656,165.1999969482422,164.1529998779297,172.60650634765625,165.5709991455078,164.57699584960938,174.42050170898438,0.011064772529006062,0.01100400576947037,0.03308023939004423,0.012391203105561077,166.87230224609374,165.88437576293944,167.56229095458986,0.0125967061391839,0.014064619164937174,3.2034912109375,2.91900634765625,58812800.0
2021-10-19,172.20750427246094,172.7344970703125,171.10000610351562,171.71449279785156,47722000,172.33700561523438,164.43099975585938,167.7864990234375,172.45849609375,166.07150268554688,170.9499969482422,169.2550048828125,164.41000366210938,165.25050354003906,169.41799926757812,165.85000610351562,169.8000030517578,-0.0007514424560826072,-0.0007517249304827118,0.011064772529006062,-0.004181805261295635,168.8405029296875,166.13567581176758,167.66457092285157,0.012853430764905712,0.01402522622920884,1.634490966796875,0.493011474609375,61078800.0
2021-10-20,170.7530059814453,173.14300537109375,170.01849365234375,172.63299560546875,42796000,172.20750427246094,162.31500244140625,167.18150329589844,172.7344970703125,164.62950134277344,168.98500061035156,171.10000610351562,161.90499877929688,166.6195068359375,171.71449279785156,163.75,168.75,-0.008446195751808605,-0.00848206698962188,-0.0007514424560826072,-0.01286860335091844,170.14830322265624,166.22320098876952,167.75895111083983,0.015780211995417414,0.014015725811613824,3.12451171875,-1.8799896240234375,59957600.0
2021-10-21,171.75050354003906,172.01400756835938,170.14999389648438,170.71249389648438,37628000,170.7530059814453,162.3665008544922,169.00250244140625,173.14300537109375,163.37649536132812,169.4499969482422,170.01849365234375,161.81399536132812,167.05250549316406,172.63299560546875,162.85000610351562,167.5500030517578,0.005841756945129006,0.005824760045406363,-0.008446195751808605,0.0003172745113595443,171.4998046875,166.2707260131836,167.90185119628907,0.015732210635593897,0.013875501641331011,1.864013671875,1.0380096435546875,59045200.0
2021-10-22,166.77749633789062,171.49200439453125,166.56500244140625,171.0500030517578,62782000,171.75050354003906,164.21400451660156,170.8000030517578,172.01400756835938,164.41900634765625,171.447998046875,170.14999389648438,163.05450439453125,169.00250244140625,170.71249389648438,163.48550415039062,169.00250244140625,-0.028954833317208384,-0.029382296136388146,0.005841756945129006,0.011378601203982708,170.76510314941407,166.04580078125,167.93390106201173,0.01562500052374415,0.01532409159119148,4.927001953125,-4.2725067138671875,50882000.0
2021-10-25,166.01849365234375,167.38999938964844,164.88499450683594,166.75,44520000,166.77749633789062,164.9929962158203,171.2760009765625,171.49200439453125,165.6300048828125,171.46299743652344,166.56500244140625,164.53900146484375,169.6699981689453,171.0500030517578,165.12249755859375,170.10049438476562,-0.004550989805058192,-0.004561377086082202,-0.028954833317208384,0.004743759227551214,169.50140075683595,165.83222579956055,167.9603009033203,0.01316592043162815,0.015307657345057991,2.5050048828125,-0.73150634765625,47089600.0
2021-10-26,168.80349731445312,170.80599975585938,167.19900512695312,167.47549438476562,53966000,166.01849365234375,170.4510040283203,170.2899932861328,167.38999938964844,170.52099609375,170.77850341796875,164.88499450683594,165.1999969482422,166.98049926757812,166.75,165.5709991455078,168.5749969482422,0.01677526160393561,0.016636110939323188,-0.004550989805058192,0.03308023939004423,168.8205993652344,165.98250045776368,168.03738098144532,0.017111393732567096,0.014590118989749204,3.60699462890625,1.3280029296875,48338400.0
2021-10-27,169.62449645996094,171.85000610351562,168.57249450683594,169.39999389648438,54044000,168.80349731445312,172.33700561523438,165.79800415039062,170.80599975585938,172.45849609375,168.45950317382812,167.19900512695312,169.2550048828125,164.5050048828125,167.47549438476562,169.41799926757812,167.885498046875,0.004863638245470758,0.004851848967382222,0.01677526160393561,0.011064772529006062,168.5948974609375,166.21092529296874,168.18791076660156,0.017255606754378046,0.014555065307815444,3.2775115966796875,0.2245025634765625,50588000.0
2021-10-28,172.32850646972656,173.9499969482422,169.3000030517578,170.10499572753906,114174000,169.62449645996094,172.20750427246094,165.05599975585938,171.85000610351562,172.7344970703125,167.56500244140625,168.57249450683594,171.10000610351562,164.89349365234375,169.39999389648438,171.71449279785156,166.10549926757812,0.01594115275917063,0.01581542696620515,0.004863638245470758,-0.0007514424560826072,168.710498046875,166.61475067138673,168.43326080322265,0.018807968667602974,0.014819663469930707,4.649993896484375,2.2235107421875,65897200.0
2021-10-29,168.6215057373047,168.74099731445312,163.66600036621094,165.00100708007812,129722000,172.32850646972656,170.7530059814453,164.2519989013672,173.9499969482422,173.14300537109375,166.3925018310547,169.3000030517578,170.01849365234375,163.69949340820312,170.10499572753906,172.63299560546875,165.8000030517578,-0.021511245053778105,-0.021745984346714802,0.01594115275917063,-0.008446195751808605,169.0792999267578,166.83767623901366,168.61794097900392,0.0159381451005182,0.015758775881558194,5.0749969482421875,3.6204986572265625,79285200.0
2021-11-01,165.90550231933594,168.79299926757812,164.6009979248047,168.08999633789062,72178000,168.6215057373047,171.75050354003906,164.16299438476562,168.74099731445312,172.01400756835938,165.45849609375,163.66600036621094,170.14999389648438,162.7969970703125,165.00100708007812,170.71249389648438,164.45050048828125,-0.01610709978002456,-0.01623822909338356,-0.021511245053778105,0.005841756945129006,169.05670166015625,167.15850143432618,168.73610107421874,0.017898021985564203,0.014731847033387832,4.1920013427734375,-2.1844940185546875,84816800.0
2021-11-02,165.6374969482422,166.55599975585938,164.17750549316406,165.75050354003906,52552000,165.90550231933594,166.77749633789062,159.48899841308594,168.79299926757812,171.49200439453125,163.99949645996094,164.6009979248047,166.56500244140625,158.8125,168.08999633789062,171.0500030517578,163.96949768066406,-0.0016154097805501921,-0.0016167159617979095,-0.01610709978002456,-0.028954833317208384,168.42350158691406,167.38787612915038,168.78298095703124,0.015285874722884419,0.014638098913817212,2.3784942626953125,-0.113006591796875,84534000.0
2021-11-03,169.1999969482422,169.74600219726562,164.87600708007812,165.4499969482422,67944000,165.6374969482422,166.01849365234375,161.0500030517578,166.55599975585938,167.38999938964844,163.0364990234375,164.17750549316406,164.88499450683594,160.1230010986328,165.75050354003906,166.75,160.22500610351562,0.021507811127532195,0.021279781969291613,-0.0016154097805501921,-0.004550989805058192,168.3386016845703,167.6928512573242,168.86120086669922,0.018979272055633302,0.015116014116637292,4.8699951171875,3.75,87314000.0
2021-11-04,173.85000610351562,174.93150329589844,168.25,168.5,107060000,169.1999969482422,168.80349731445312,163.10049438476562,169.74600219726562,170.80599975585938,163.2169952392578,164.87600708007812,167.19900512695312,159.93099975585938,165.4499969482422,167.47549438476562,160.67649841308594,0.02748232410840923,0.02711146442608225,0.021507811127532195,0.01677526160393561,168.6429016113281,168.12927627563477,169.03902099609374,0.021929481076720953,0.016014798267784687,6.6815032958984375,5.350006103515625,85891200.0
2021-11-05,175.94949340820312,178.3125,173.8489990234375,173.85000610351562,99940000,173.85000610351562,169.62449645996094,165.1215057373047,174.93150329589844,171.85000610351562,166.28750610351562,168.25,168.57249450683594,164.1529998779297,168.5,169.39999389648438,164.57699584960938,0.01207642928374364,0.012004091021206855,0.02748232410840923,0.004863638245470758,170.1084991455078,168.70520095825196,169.24201080322266,0.017677747411404012,0.016059639836064964,4.4635009765625,2.0994873046875,79934800.0
2021-11-08,174.44900512695312,178.9499969482422,174.39300537109375,176.16200256347656,61480000,175.94949340820312,172.32850646972656,164.43099975585938,178.3125,173.9499969482422,166.07150268554688,173.8489990234375,169.3000030517578,164.41000366210938,173.85000610351562,170.10499572753906,165.85000610351562,-0.008527948857282919,-0.008564519878774466,0.01207642928374364,0.01594115275917063,171.81719970703125,169.3119010925293,169.38136077880858,0.015169089484515461,0.01585462066568165,4.5569915771484375,-1.7129974365234375,77795200.0
2021-11-09,178.81149291992188,179.68850708007812,175.07150268554688,175.7624969482422,85898000,174.44900512695312,168.6215057373047,162.31500244140625,178.9499969482422,168.74099731445312,164.62950134277344,174.39300537109375,163.66600036621094,161.90499877929688,176.16200256347656,165.00100708007812,163.75,0.025007238016599764,0.024699674045048896,-0.008527948857282919,-0.021511245053778105,174.45199890136718,170.13415069580077,169.5360205078125,0.014655376168089202,0.016522052222624047,4.61700439453125,3.0489959716796875,84464400.0
2021-11-10,174.1024932861328,180.2725067138672,173.1544952392578,178.19349670410156,80548000,178.81149291992188,165.90550231933594,162.3665008544922,179.68850708007812,168.79299926757812,163.37649536132812,175.07150268554688,164.6009979248047,161.81399536132812,175.7624969482422,168.08999633789062,162.85000610351562,-0.026334994227121156,-0.026687971077505174,0.025007238016599764,-0.01610709978002456,175.4324981689453,170.62857513427736,169.5472802734375,0.023001542625262175,0.017850279895441058,7.118011474609375,-4.09100341796875,86985200.0
2021-11-11,173.625,177.16200256347656,173.37350463867188,175.64999389648438,45288000,174.1024932861328,165.6374969482422,164.21400451660156,180.2725067138672,166.55599975585938,164.41900634765625,173.1544952392578,164.17750549316406,163.05450439453125,178.19349670410156,165.75050354003906,163.48550415039062,-0.0027425987825921982,-0.0027463665972794556,-0.026334994227121156,-0.0016154097805501921,175.3874969482422,171.06017532348633,169.54078033447266,0.01965278165800384,0.017891982662407935,3.7884979248046875,-2.024993896484375,74630800.0
2021-11-12,176.25750732421875,177.0364990234375,172.3524932861328,174.25,53788000,173.625,169.1999969482422,164.9929962158203,177.16200256347656,169.74600219726562,165.6300048828125,173.37350463867188,164.87600708007812,164.53900146484375,175.64999389648438,165.4499969482422,165.12249755859375,0.015162029225161966,0.015048234458080111,-0.0027425987825921982,0.021507811127532195,175.4490997314453,171.35050048828126,169.60281036376952,0.020172470266562013,0.016699831863623362,4.6840057373046875,2.00750732421875,65400400.0
2021-11-15,177.28399658203125,179.69400024414062,176.29049682617188,176.85000610351562,58594000,176.25750732421875,173.85000610351562,170.4510040283203,177.0364990234375,174.93150329589844,170.52099609375,172.3524932861328,168.25,165.1999969482422,174.25,168.5,165.5709991455078,0.0058238044631160335,0.005806911669058077,0.015162029225161966,0.02748232410840923,176.01609802246094,171.59785003662108,169.67044036865235,0.01957672640532389,0.0165876921134717,3.40350341796875,0.433990478515625,64823200.0
2021-11-16,177.03500366210938,178.8249969482422,176.25750732421875,176.9499969482422,44342000,177.28399658203125,175.94949340820312,172.33700561523438,179.69400024414062,178.3125,172.45849609375,176.29049682617188,173.8489990234375,169.2550048828125,176.85000610351562,173.85000610351562,169.41799926757812,-0.001404486161877938,-0.001405473377029005,0.0058238044631160335,0.01207642928374364,175.66080017089843,171.8392250061035,169.7018505859375,0.01540125354798351,0.016593096356505965,2.5674896240234375,0.0850067138671875,56512000.0
2021-11-17,177.4499969482422,179.3625030517578,177.2675018310547,178.23599243164062,51206000,177.03500366210938,174.44900512695312,172.20750427246094,178.8249969482422,178.9499969482422,172.7344970703125,176.25750732421875,174.39300537109375,171.10000610351562,176.9499969482422,176.16200256347656,171.71449279785156,0.0023441312596286235,0.0023413880700420314,-0.001404486161877938,-0.008527948857282919,176.3303009033203,172.17407455444337,169.72535064697266,0.007162343059844032,0.016426778614795513,2.095001220703125,-0.7859954833984375,50643600.0
2021-11-18,184.8029937744141,185.2100067138672,178.0500030517578,178.3175048828125,114070000,177.4499969482422,178.81149291992188,170.7530059814453,179.3625030517578,179.68850708007812,173.14300537109375,177.2675018310547,175.07150268554688,170.01849365234375,178.23599243164062,175.7624969482422,172.63299560546875,0.04143700734081501,0.04060149725970322,0.0023441312596286235,0.025007238016599764,178.56589965820314,172.82669906616212,169.93725067138672,0.017214354541475137,0.018638216920987702,7.160003662109375,6.485488891601591,64400000.0
2021-11-19,183.82850646972656,188.1074981689453,183.78599548339844,185.63450622558597,98734000,184.8029937744141,174.1024932861328,171.75050354003906,185.2100067138672,180.2725067138672,172.01400756835938,178.0500030517578,173.1544952392578,170.14999389648438,178.3175048828125,178.19349670410156,170.71249389648438,-0.005273114275827551,-0.0052870662112904825,0.04143700734081501,-0.026334994227121156,180.0800994873047,173.67924957275392,170.14467071533204,0.01882594083778477,0.017137356867646912,4.321502685546875,-1.8059997558594034,73389200.0
2021-11-22,178.6284942626953,185.67300415039065,178.375,183.81900024414065,96844000,183.82850646972656,173.625,166.77749633789062,188.1074981689453,177.16200256347656,171.49200439453125,183.78599548339844,173.37350463867188,166.56500244140625,185.63450622558597,175.64999389648438,171.0500030517578,-0.02828730052206352,-0.02869509488188082,-0.005273114275827551,-0.0027425987825921982,180.3489990234375,174.30974960327148,170.26007049560548,0.025183948289873744,0.01859482257635203,7.298004150390653,-5.190505981445341,81039200.0
2021-11-23,179.0019989013672,181.0525054931641,176.385498046875,179.2519989013672,73804000,178.6284942626953,176.25750732421875,166.01849365234375,185.67300415039065,177.0364990234375,167.38999938964844,178.375,172.3524932861328,164.88499450683594,183.81900024414065,174.25,166.75,0.0020909577736383245,0.002088774763957146,-0.02828730052206352,0.015162029225161966,180.74239807128907,174.81967468261718,170.3901104736328,0.02512247120349149,0.018345038849182274,4.667007446289091,-0.25,86931600.0
2021-11-24,179.02049255371094,180.6820068359375,176.84249877929688,178.1334991455078,46560000,179.0019989013672,177.28399658203125,168.80349731445312,181.0525054931641,179.69400024414062,170.80599975585938,176.385498046875,176.29049682617188,167.19900512695312,179.2519989013672,176.85000610351562,167.47549438476562,0.00010331533981333685,0.00010331000315118602,0.0020909577736383245,0.0058238044631160335,181.0564971923828,175.2894744873047,170.49473022460938,0.025145083981819687,0.018351786099269525,3.839508056640625,0.886993408203125,86002400.0
2021-11-26,175.22799682617188,181.6750030517578,175.20750427246094,180.10499572753906,59826000,179.02049255371094,177.03500366210938,169.62449645996094,180.6820068359375,178.8249969482422,171.85000610351562,176.84249877929688,176.25750732421875,168.57249450683594,178.1334991455078,176.9499969482422,169.39999389648438,-0.021184701669844985,-0.021412317856405228,0.00010331533981333685,-0.001404486161877938,179.14149780273436,175.43444900512696,170.51105010986328,0.013498455845513221,0.01883024405865264,6.467498779296875,-4.8769989013671875,75153600.0
2021-11-29,178.07850646972656,179.8000030517578,176.5749969482422,177.3820037841797,65312000,175.22799682617188,177.4499969482422,172.32850646972656,181.6750030517578,179.3625030517578,173.9499969482422,175.20750427246094,177.2675018310547,169.3000030517578,180.10499572753906,178.23599243164062,170.10499572753906,0.016267432688752415,0.016136535670027943,-0.021184701669844985,0.0023441312596286235,177.9914978027344,175.90729904174805,170.61010009765624,0.018204720569017802,0.01834147774728299,3.225006103515625,0.696502685546875,68469200.0
2021-11-30,175.35350036621094,179.2884979248047,174.60049438476562,178.1750030517578,80022000,178.07850646972656,184.8029937744141,168.6215057373047,179.8000030517578,185.2100067138672,168.74099731445312,176.5749969482422,178.0500030517578,163.66600036621094,177.3820037841797,178.3175048828125,165.00100708007812,-0.015302274022490625,-0.015420562086679022,0.016267432688752415,0.04143700734081501,177.3364990234375,176.37969894409179,170.76144012451172,0.01489111521118367,0.01829843387295228,4.6880035400390625,-2.821502685546875,65104800.0
2021-12-01,172.18600463867188,177.99400329589844,172.0800018310547,177.25,74916000,175.35350036621094,183.82850646972656,165.90550231933594,179.2884979248047,188.1074981689453,168.79299926757812,174.60049438476562,183.78599548339844,164.6009979248047,178.1750030517578,185.63450622558597,168.08999633789062,-0.0180634873037836,-0.018228623739821467,-0.015302274022490625,-0.005273114275827551,175.97330017089843,176.70712432861328,170.8615301513672,0.015671173073636562,0.018874109990340667,5.91400146484375,-5.063995361328125,65327200.0
2021-12-02,171.8679962158203,174.63499450683594,171.1875,173.0,64726000,172.18600463867188,178.6284942626953,165.6374969482422,177.99400329589844,185.67300415039065,166.55599975585938,172.0800018310547,178.375,164.17750549316406,177.25,183.81900024414065,165.75050354003906,-0.0018468889124809706,-0.001848596514633391,-0.0180634873037836,-0.02828730052206352,174.5428009033203,176.84052429199218,170.91884002685546,0.01545314717374356,0.018325241854882213,3.4474945068359375,-1.1320037841796875,68960400.0
2021-12-03,169.489501953125,173.49349975585938,166.92999267578125,172.75,80712000,171.8679962158203,179.0019989013672,169.1999969482422,174.63499450683594,181.0525054931641,169.74600219726562,171.1875,176.385498046875,164.87600708007812,173.0,179.2519989013672,165.4499969482422,-0.013839076006382012,-0.013935728778151546,-0.0018468889124809706,0.0020909577736383245,173.39510192871094,176.62249908447265,170.89263000488282,0.014186680132113879,0.017485542231108604,6.563507080078125,-3.260498046875,73137600.0
2021-12-06,171.36849975585938,173.69549560546875,166.9344940185547,169.64999389648438,68860000,169.489501953125,179.02049255371094,173.85000610351562,173.49349975585938,180.6820068359375,174.93150329589844,166.92999267578125,176.84249877929688,168.25,172.75,178.1334991455078,168.5,0.011086219388703134,0.011025217696555534,-0.013839076006382012,0.00010331533981333685,172.0531005859375,176.39344940185546,170.89447998046876,0.012145045341208893,0.01744755632919848,6.7610015869140625,1.718505859375,73847200.0
2021-12-07,176.1645050048828,177.49949645996094,173.33450317382812,174.60000610351562,66410000,171.36849975585938,175.22799682617188,175.94949340820312,173.69549560546875,181.6750030517578,178.3125,166.9344940185547,175.20750427246094,173.8489990234375,169.64999389648438,180.10499572753906,173.85000610351562,0.027986504263362688,0.027602038798318594,0.011086219388703134,-0.021184701669844985,172.21530151367188,176.47922439575194,171.01197021484376,0.018852730799640414,0.018515333171531735,4.1649932861328125,1.5644989013671875,71124800.0
2021-12-08,176.1580047607422,177.17999267578125,174.75050354003906,176.15049743652344,45254000,176.1645050048828,178.07850646972656,174.44900512695312,177.49949645996094,179.8000030517578,178.9499969482422,173.33450317382812,176.5749969482422,174.39300537109375,174.60000610351562,177.3820037841797,176.16200256347656,-3.689871657430732e-05,-3.689939734869626e-05,0.027986504263362688,0.016267432688752415,173.00970153808595,176.34654998779297,171.21917022705077,0.015748316366672344,0.01760598651067973,2.4294891357421875,0.00750732421875,65192400.0
2021-12-09,174.17100524902344,176.96949768066406,174.13949584960938,175.75,46062000,176.1580047607422,175.35350036621094,178.81149291992188,177.17999267578125,179.2884979248047,179.68850708007812,174.75050354003906,174.60049438476562,175.07150268554688,176.15049743652344,178.1750030517578,175.7624969482422,-0.011279643604146683,-0.011343741238858878,-3.689871657430732e-05,-0.015302274022490625,173.47030334472657,176.3499755859375,171.40147033691406,0.017220360501124313,0.016748759338010746,2.8300018310546875,-1.5789947509765625,61459600.0
2021-12-10,172.21200561523438,175.927001953125,170.5,175.41700744628906,60690000,174.17100524902344,172.18600463867188,174.1024932861328,176.96949768066406,177.99400329589844,180.2725067138672,174.13949584960938,172.0800018310547,173.1544952392578,175.75,177.25,178.19349670410156,-0.011247564604614624,-0.011311296797986634,-0.011279643604146683,-0.0180634873037836,174.01480407714843,176.27932586669922,171.5606704711914,0.016623636988175133,0.016933077702708386,5.427001953125,-3.2050018310546875,57455200.0
2021-12-13,169.5675048828125,172.10000610351562,169.1300048828125,172.0,62170000,172.21200561523438,171.8679962158203,173.625,175.927001953125,174.63499450683594,177.16200256347656,170.5,171.1875,173.37350463867188,175.41700744628906,173.0,175.64999389648438,-0.015356076499860039,-0.015475202151186945,-0.011247564604614624,-0.0018468889124809706,173.65460510253905,175.9448257446289,171.66876068115235,0.01769927499151845,0.01684375928273856,2.970001220703125,-2.4324951171875,56117200.0
2021-12-14,169.0915069580078,169.49899291992188,166.44000244140625,167.5500030517578,55976000,169.5675048828125,169.489501953125,176.25750732421875,172.10000610351562,173.49349975585938,177.0364990234375,169.1300048828125,166.92999267578125,172.3524932861328,172.0,172.75,174.25,-0.0028071293797337082,-0.002811076756339546,-0.015356076499860039,-0.013839076006382012,172.24000549316406,175.53520126342772,171.86081085205078,0.006435947677864573,0.01674847202442124,3.058990478515625,1.54150390625,54030400.0
2021-12-15,173.31500244140625,173.60000610351562,165.19500732421875,168.59800720214844,75794000,169.0915069580078,171.36849975585938,177.28399658203125,169.49899291992188,173.69549560546875,179.69400024414062,166.44000244140625,166.9344940185547,176.29049682617188,167.5500030517578,169.64999389648438,176.85000610351562,0.024977573145925636,0.024670732493370397,-0.0028071293797337082,0.011086219388703134,171.67140502929686,175.34920120239258,172.10611083984375,0.016370152842592203,0.017821511823084488,8.404998779296875,4.7169952392578125,60138400.0
2021-12-16,168.87100219726562,174.16600036621094,168.16050720214844,173.36849975585938,60876000,173.31500244140625,176.1645050048828,177.03500366210938,173.60000610351562,177.49949645996094,178.8249969482422,165.19500732421875,173.33450317382812,176.25750732421875,168.59800720214844,174.60000610351562,176.9499969482422,-0.025641174633125208,-0.02597563931621664,0.024977573145925636,0.027986504263362688,170.6114044189453,174.92025146484374,172.22152099609374,0.019174541697852064,0.01863261904382638,6.0054931640625,-4.49749755859375,63101200.0
2021-12-17,170.0175018310547,170.89849853515625,165.61349487304688,167.7104949951172,85542000,168.87100219726562,176.1580047607422,177.4499969482422,174.16600036621094,177.17999267578125,179.3625030517578,168.16050720214844,174.75050354003906,177.2675018310547,173.36849975585938,176.15049743652344,178.23599243164062,0.00678920370502567,0.006766260845510533,-0.025641174633125208,-3.689871657430732e-05,170.17250366210936,174.18097686767578,172.31944091796876,0.019635112453302794,0.015736698898503453,5.285003662109375,2.3070068359375,68071600.0
2021-12-20,167.07899475097656,167.87449645996094,165.60000610351562,166.85000610351562,57372000,170.0175018310547,174.17100524902344,184.8029937744141,170.89849853515625,176.96949768066406,185.2100067138672,165.61349487304688,174.13949584960938,178.0500030517578,167.7104949951172,175.75,178.3175048828125,-0.017283556389377508,-0.01743466066061881,0.00678920370502567,-0.011279643604146683,169.6748016357422,173.34350128173827,172.3724008178711,0.01996896885717506,0.01601284322641404,2.2744903564453125,0.2289886474609375,67112000.0
2021-12-21,170.41700744628906,170.7165069580078,165.6475067138672,167.85049438476562,55956000,167.07899475097656,172.21200561523438,183.82850646972656,167.87449645996094,175.927001953125,188.1074981689453,165.60000610351562,170.5,183.78599548339844,166.85000610351562,175.41700744628906,185.63450622558597,0.019978649621920752,0.01978169533389277,-0.017283556389377508,-0.011247564604614624,169.93990173339844,172.93292694091798,172.53444091796874,0.022415112716142327,0.01589865056410166,5.069000244140625,2.5665130615234375,67108000.0
2021-12-22,171.03700256347656,172.0500030517578,168.50050354003906,169.27000427246094,55036000,170.41700744628906,169.5675048828125,178.6284942626953,170.7165069580078,172.10000610351562,185.67300415039065,165.6475067138672,169.1300048828125,178.375,167.85049438476562,172.0,183.81900024414065,0.0036381058820253998,0.003631503982249459,0.019978649621920752,-0.015356076499860039,169.4843017578125,172.53467712402343,172.70785095214845,0.018596523670837018,0.01592452650807396,3.54949951171875,1.766998291015625,62956400.0
2021-12-23,171.06849670410156,171.97500610351562,170.14999389648438,170.42799377441406,36788000,171.03700256347656,169.0915069580078,179.0019989013672,172.0500030517578,169.49899291992188,181.0525054931641,168.50050354003906,166.44000244140625,176.385498046875,169.27000427246094,167.5500030517578,179.2519989013672,0.0001841364158221559,0.00018411946479317587,0.0036381058820253998,-0.0028071293797337082,169.92380065917968,172.13707733154297,172.84494079589842,0.013433335145007089,0.015925139474881226,1.82501220703125,0.6405029296875,58138800.0
2021-12-27,169.66949462890625,172.9429931640625,169.2154998779297,171.03700256347656,58688000,171.06849670410156,173.31500244140625,179.02049255371094,171.97500610351562,173.60000610351562,180.6820068359375,170.14999389648438,165.19500732421875,176.84249877929688,170.42799377441406,168.59800720214844,178.1334991455078,-0.008178022851368039,-0.008211646321395375,0.0001841364158221559,0.024977573145925636,169.85419921875,171.8591522216797,172.93847076416014,0.013941538330566487,0.015362504958554513,3.7274932861328125,-1.3675079345703125,52768000.0
2021-12-28,170.66099548339844,172.17599487304688,169.135498046875,170.1824951171875,54638000,169.66949462890625,168.87100219726562,175.22799682617188,172.9429931640625,174.16600036621094,181.6750030517578,169.2154998779297,168.16050720214844,175.20750427246094,171.03700256347656,173.36849975585938,180.10499572753906,0.005843719029521299,0.005826710732445391,-0.008178022851368039,-0.025641174633125208,170.5705993652344,171.48827667236327,172.9426705932617,0.010262582402644346,0.014897840894696784,3.040496826171875,0.4785003662109375,52221200.0
2021-12-29,169.2010040283203,171.21200561523438,168.60049438476562,170.83999633789062,35754000,170.66099548339844,170.0175018310547,178.07850646972656,172.17599487304688,170.89849853515625,179.8000030517578,169.135498046875,165.61349487304688,176.5749969482422,170.1824951171875,167.7104949951172,177.3820037841797,-0.0085549217086347,-0.008591725101779567,0.005843719029521299,0.00678920370502567,170.32739868164063,171.18065185546874,172.87995056152343,0.0066614012324877235,0.014655654736087388,2.61151123046875,-1.6389923095703125,48180800.0
2021-12-30,168.64450073242188,170.88800048828125,168.5240020751953,169.6999969482422,37584000,169.2010040283203,167.07899475097656,175.35350036621094,171.21200561523438,167.87449645996094,179.2884979248047,168.60049438476562,165.60000610351562,174.60049438476562,170.83999633789062,166.85000610351562,178.1750030517578,-0.0032890070546229833,-0.003294427727342962,-0.0085549217086347,-0.017283556389377508,169.8488983154297,171.00357666015626,172.80869049072265,0.0060394603111604515,0.014150146813402976,2.3639984130859375,-1.0554962158203125,44690400.0
2021-12-31,166.7169952392578,169.35000610351562,166.55850219726562,168.95599365234375,47830000,168.64450073242188,170.41700744628906,172.18600463867188,170.88800048828125,170.7165069580078,177.99400329589844,168.5240020751953,165.6475067138672,172.0800018310547,169.6999969482422,167.85049438476562,177.25,-0.011429400216389607,-0.011495217795266778,-0.0032890070546229833,0.019978649621920752,168.97859802246094,170.74602661132812,172.7279702758789,0.006791803524596715,0.01434325002246046,2.79150390625,-2.2389984130859375,46898800.0
2022-01-03,170.4044952392578,170.70350646972656,166.16050720214844,167.5500030517578,63520000,166.7169952392578,171.03700256347656,171.8679962158203,169.35000610351562,172.0500030517578,174.63499450683594,166.55850219726562,168.50050354003906,171.1875,168.95599365234375,169.27000427246094,173.0,0.022118320898886212,0.021877258953900566,-0.011429400216389607,0.0036381058820253998,169.12559814453124,170.79177627563476,172.70105010986327,0.013542597715749855,0.014945919762400995,4.542999267578125,2.8544921875,47865200.0
2022-01-04,167.52200317382812,171.39999389648438,166.34950256347656,170.43800354003906,70726000,170.4044952392578,171.06849670410156,169.489501953125,170.70350646972656,171.97500610351562,173.49349975585938,166.16050720214844,170.14999389648438,166.92999267578125,167.5500030517578,170.42799377441406,172.75,-0.016915587005979504,-0.017060289689663746,0.022118320898886212,0.0001841364158221559,168.4977996826172,170.5994514465332,172.71594024658202,0.015204303370574265,0.015199127842108282,5.0504913330078125,-2.9160003662109375,51082800.0
2022-01-05,164.35699462890625,167.12649536132812,164.35699462890625,166.88299560546875,64302000,167.52200317382812,169.66949462890625,171.36849975585938,171.39999389648438,172.9429931640625,173.69549560546875,166.34950256347656,169.2154998779297,166.9344940185547,170.43800354003906,171.03700256347656,169.64999389648438,-0.018893091563845,-0.019073846316683307,-0.016915587005979504,-0.008178022851368039,167.52899780273438,170.0090759277344,172.68271026611328,0.016675905399626496,0.014061817961131961,2.769500732421875,-2.5260009765625,56792400.0
2022-01-06,163.25399780273438,164.8000030517578,161.93699645996094,163.45050048828125,51958000,164.35699462890625,170.66099548339844,176.1645050048828,167.12649536132812,172.17599487304688,177.49949645996094,164.35699462890625,169.135498046875,173.33450317382812,166.88299560546875,170.1824951171875,174.60000610351562,-0.006710981961323137,-0.006733601858714689,-0.018893091563845,0.005843719029521299,166.45089721679688,169.36387557983397,172.5717202758789,0.016623292245460258,0.014057769830246007,2.863006591796875,-0.196502685546875,59667200.0
2022-01-07,162.5540008544922,165.24349975585938,162.031005859375,163.83900451660156,46606000,163.25399780273438,169.2010040283203,176.1580047607422,164.8000030517578,171.21200561523438,177.17999267578125,161.93699645996094,168.60049438476562,174.75050354003906,163.45050048828125,170.83999633789062,176.15049743652344,-0.004287778294336242,-0.004296997177475961,-0.006710981961323137,-0.0085549217086347,165.61829833984376,168.78302536010742,172.43031036376954,0.016384580592516716,0.013945923012531397,3.212493896484375,-1.285003662109375,59422400.0
2022-01-10,161.48599243164062,161.6614990234375,156.30450439453125,160.5854949951172,87798000,162.5540008544922,168.64450073242188,174.17100524902344,165.24349975585938,170.88800048828125,176.96949768066406,162.031005859375,168.5240020751953,174.13949584960938,163.83900451660156,169.6999969482422,175.75,-0.006570176170610398,-0.006591854785116594,-0.004287778294336242,-0.0032890070546229833,163.8345977783203,168.24672470092773,172.21346008300782,0.006705251161624869,0.01384542661088372,5.35699462890625,0.9004974365234375,64278000.0
2022-01-11,165.36199951171875,166.35000610351562,160.70150756835938,161.5,62806000,161.48599243164062,166.7169952392578,172.21200561523438,161.6614990234375,169.35000610351562,175.927001953125,156.30450439453125,166.55850219726562,170.5,160.5854949951172,168.95599365234375,175.41700744628906,0.024002125643924677,0.023718602439306714,-0.006570176170610398,-0.011429400216389607,163.40259704589843,168.03644943237305,172.1482699584961,0.015879158096941935,0.014780152502926228,5.64849853515625,3.86199951171875,62694000.0
2022-01-12,165.20700073242188,166.8780059814453,164.41700744628906,166.5749969482422,50030000,165.36199951171875,170.4044952392578,169.5675048828125,166.35000610351562,170.70350646972656,172.10000610351562,160.70150756835938,166.16050720214844,169.1300048828125,161.5,167.5500030517578,172.0,-0.0009373300985386912,-0.0009377696670975312,0.024002125643924677,0.022118320898886212,163.57259826660157,167.84222412109375,172.13429992675782,0.013014696175366394,0.01477504121734634,2.46099853515625,-1.3679962158203125,59839600.0
2022-01-13,161.21400451660156,166.22149658203125,161.09100341796875,165.25050354003906,52188000,165.20700073242188,167.52200317382812,169.0915069580078,166.8780059814453,171.39999389648438,169.49899291992188,164.41700744628906,166.34950256347656,166.44000244140625,166.5749969482422,170.43800354003906,167.5500030517578,-0.024169655027437842,-0.024466534551061184,-0.0009373300985386912,-0.016915587005979504,163.164599609375,167.2371742248535,172.045830078125,0.017277755361981104,0.014296234334759947,5.1304931640625,-4.0364990234375,59885600.0
2022-01-14,162.13800048828125,162.25,159.80050659179688,160.14999389648438,45974000,161.21400451660156,164.35699462890625,173.31500244140625,166.22149658203125,167.12649536132812,173.60000610351562,161.09100341796875,164.35699462890625,165.19500732421875,165.25050354003906,166.88299560546875,168.59800720214844,0.005731487003565627,0.005715124523055335,-0.024169655027437842,-0.018893091563845,163.0813995361328,166.9005241394043,171.9045901489258,0.017581343301923402,0.013436011855152823,2.449493408203125,1.988006591796875,59759200.0
2022-01-18,158.91749572753906,159.7344970703125,157.6645050048828,159.10499572753906,67292000,162.13800048828125,163.25399780273438,168.87100219726562,162.25,164.8000030517578,174.16600036621094,159.80050659179688,161.93699645996094,168.16050720214844,160.14999389648438,163.45050048828125,173.36849975585938,-0.019862738846190164,-0.02006265472349509,0.005731487003565627,-0.006710981961323137,162.5677001953125,166.34552383422852,171.60593994140626,0.01963481198897851,0.01383959736340118,2.0699920654296875,-0.1875,55658000.0
2022-01-19,156.2989959716797,159.25,156.25,158.76199340820312,53242000,158.91749572753906,162.5540008544922,170.0175018310547,159.7344970703125,165.24349975585938,170.89849853515625,157.6645050048828,162.031005859375,165.61349487304688,159.10499572753906,163.83900451660156,167.7104949951172,-0.016477101806013472,-0.016614359071245203,-0.019862738846190164,-0.004287778294336242,160.75509948730468,165.80652389526367,171.21292999267578,0.012875211052393422,0.013797758936080004,3.0,-2.4629974365234375,53745200.0
2022-01-20,151.66749572753906,158.0,151.3509979248047,156.76600646972656,71974000,156.2989959716797,161.48599243164062,167.07899475097656,159.25,161.6614990234375,167.87449645996094,156.25,156.30450439453125,165.60000610351562,158.76199340820312,160.5854949951172,166.85000610351562,-0.02963230963415675,-0.030080217077818206,-0.016477101806013472,-0.006570176170610398,158.0471984863281,164.86904830932616,170.7572998046875,0.013565570874668916,0.013863381882666755,6.6490020751953125,-5.0985107421875,58134000.0
2022-01-21,142.64300537109375,150.89999389648438,142.07049560546875,149.9499969482422,163972000,151.66749572753906,165.36199951171875,170.41700744628906,158.0,166.35000610351562,170.7165069580078,151.3509979248047,160.70150756835938,165.6475067138672,156.76600646972656,161.5,167.85049438476562,-0.05950180896147472,-0.06134555364691525,-0.02963230963415675,0.024002125643924677,154.33299865722657,163.44934844970703,170.03393005371095,0.02371581926572521,0.018147512523505684,8.829498291015625,-7.3069915771484375,80490800.0
2022-01-24,144.54400634765625,144.94500732421875,135.3520050048828,139.0,155624000,142.64300537109375,165.20700073242188,171.03700256347656,150.89999389648438,166.8780059814453,172.0500030517578,142.07049560546875,164.41700744628906,168.50050354003906,149.9499969482422,166.5749969482422,169.27000427246094,0.01332698348311534,0.01323896043083007,-0.05950180896147472,-0.0009373300985386912,150.81419982910157,162.12312393188478,169.4427603149414,0.026204875388297313,0.018721750636086557,9.593002319335938,5.54400634765625,102420800.0
2022-01-25,139.98599243164062,143.60000610351562,138.14500427246094,142.24249267578125,90824000,144.54400634765625,161.21400451660156,171.06849670410156,144.94500732421875,166.22149658203125,171.97500610351562,135.3520050048828,161.09100341796875,170.14999389648438,139.0,165.25050354003906,170.42799377441406,-0.031533745543573244,-0.03204163984338447,0.01332698348311534,-0.024169655027437842,147.02789916992188,160.6389488220215,168.76998016357422,0.02643785623134486,0.019433908497923695,5.4550018310546875,-2.256500244140625,107127200.0
2022-01-26,138.87249755859375,145.18499755859375,137.31849670410156,144.75,95602000,139.98599243164062,162.13800048828125,169.66949462890625,143.60000610351562,162.25,172.9429931640625,138.14500427246094,159.80050659179688,169.2154998779297,142.24249267578125,160.14999389648438,171.03700256347656,-0.007954330670553511,-0.007986135126473034,-0.031533745543573244,0.005731487003565627,143.5425994873047,159.04952392578124,168.02227996826173,0.027364205022957867,0.019106920053459226,7.8665008544921875,-5.87750244140625,115599200.0
2022-01-27,139.6374969482422,144.24349975585938,139.35000610351562,140.8000030517578,77516000,138.87249755859375,158.91749572753906,170.66099548339844,145.18499755859375,159.7344970703125,172.17599487304688,137.31849670410156,157.6645050048828,169.135498046875,144.75,159.10499572753906,170.1824951171875,0.005508645722495764,0.005493528624727967,-0.007954330670553511,-0.019862738846190164,141.1365997314453,157.57134857177735,167.26934997558592,0.029669540232980626,0.01942207289018394,4.89349365234375,-1.162506103515625,116707600.0
2022-01-28,143.97799682617188,143.9980010986328,137.92950439453125,140.86050415039062,74392000,139.6374969482422,156.2989959716797,169.2010040283203,144.24349975585938,159.25,171.21200561523438,139.35000610351562,156.25,168.60049438476562,140.8000030517578,158.76199340820312,170.83999633789062,0.031084056738273746,0.030610731040560255,0.005508645722495764,-0.016477101806013472,141.40359802246093,156.33802337646483,166.6082098388672,0.023505621869437773,0.021408144748878158,6.0684967041015625,3.11749267578125,98791600.0
2022-01-31,149.57350158691406,150.36050415039062,144.30050659179688,144.75,78308000,143.97799682617188,151.66749572753906,168.64450073242188,143.9980010986328,158.0,170.88800048828125,137.92950439453125,151.3509979248047,168.5240020751953,140.86050415039062,156.76600646972656,169.6999969482422,0.03886361030218932,0.038127433338896885,0.031084056738273746,-0.02963230963415675,142.4094970703125,155.48084869384766,166.05067993164062,0.028748259264959945,0.02376546858391192,6.05999755859375,4.8235015869140625,83328400.0
2022-02-01,151.19349670410156,151.70799255371094,147.62750244140625,150.0,59220000,149.57350158691406,142.64300537109375,166.7169952392578,150.36050415039062,150.89999389648438,169.35000610351562,144.30050659179688,142.07049560546875,166.55850219726562,144.75,149.9499969482422,168.95599365234375,0.010830762802234384,0.01077253018259915,0.03886361030218932,-0.05950180896147472,144.6509979248047,154.52029876708986,165.37848999023439,0.019107047008065297,0.023211633116495458,4.0804901123046875,1.1934967041015625,77007600.0
2022-02-02,150.6125030517578,155.0749969482422,148.86349487304688,155.05050659179688,87330000,151.19349670410156,144.54400634765625,170.4044952392578,151.70799255371094,144.94500732421875,170.70350646972656,147.62750244140625,135.3520050048828,166.16050720214844,150.0,139.0,167.5500030517578,-0.0038427158906232384,-0.0038501180924552735,0.010830762802234384,0.01332698348311534,146.9989990234375,153.67482376098633,164.714169921875,0.017885758067446966,0.023062914883321017,6.2115020751953125,-4.4380035400390625,75353200.0
2022-02-03,138.8455047607422,144.24749755859375,138.33299255371094,141.7375030517578,225532000,150.6125030517578,139.98599243164062,167.52200317382812,155.0749969482422,143.60000610351562,171.39999389648438,148.86349487304688,138.14500427246094,166.34950256347656,155.05050659179688,142.24249267578125,170.43800354003906,-0.0781276325178123,-0.08134849507057183,-0.0038427158906232384,-0.031533745543573244,146.8406005859375,152.3992492675781,163.91851013183594,0.046669887256634304,0.028171636449217375,5.9145050048828125,-2.891998291015625,104956400.0
2022-02-07,157.9355010986328,162.6909942626953,157.25,158.52000427246094,102624000,157.63949584960938,139.6374969482422,163.25399780273438,161.1999969482422,144.24349975585938,164.8000030517578,150.60800170898438,139.35000610351562,161.93699645996094,155.60650634765625,140.8000030517578,163.45050048828125,0.0018777353189827206,0.001875974577811346,0.13535901735711864,0.005508645722495764,151.24530029296875,151.8875991821289,163.0695602416992,0.07695424163425348,0.04268507159982194,5.4409942626953125,-0.584503173828125,145632400.0
2022-02-08,161.4134979248047,161.79249572753906,155.55050659179688,156.75050354003906,76040000,157.9355010986328,143.97799682617188,162.5540008544922,162.6909942626953,143.9980010986328,165.24349975585938,157.25,137.92950439453125,162.031005859375,158.52000427246094,140.86050415039062,163.83900451660156,0.022021627828944013,0.02178265381683596,0.0018777353189827206,0.031084056738273746,153.28930053710937,151.88397445678712,162.79327026367187,0.07703010289690401,0.04295259548334848,6.2419891357421875,4.662994384765625,148996400.0
2022-02-09,161.1894989013672,163.83450317382812,160.25,162.87350463867188,68786000,161.4134979248047,149.57350158691406,161.48599243164062,161.79249572753906,150.36050415039062,161.6614990234375,155.55050659179688,144.30050659179688,156.30450439453125,156.75050354003906,144.75,160.5854949951172,-0.0013877341505965646,-0.0013886979453967615,0.022021627828944013,0.03886361030218932,155.40469970703126,151.67534942626952,162.4554901123047,0.07688401114635357,0.04260543442874276,3.584503173828125,-1.6840057373046875,145287600.0
2022-02-10,159.0034942626953,160.7165069580078,157.75,158.35000610351562,68268000,161.1894989013672,151.19349670410156,165.36199951171875,163.83450317382812,151.70799255371094,166.35000610351562,160.25,147.62750244140625,160.70150756835938,162.87350463867188,150.0,161.5,-0.013561706274733853,-0.013654506185153747,-0.0013877341505965646,0.010830762802234384,159.43629760742186,151.36517410278321,162.12848999023439,0.060892062717192795,0.04270657021436701,2.9665069580078125,0.6534881591796875,113834800.0
2022-02-11,153.2935028076172,159.0,152.73399353027344,158.13450622558594,77100000,159.0034942626953,150.6125030517578,165.20700073242188,160.7165069580078,155.0749969482422,166.8780059814453,157.75,148.86349487304688,164.41700744628906,158.35000610351562,155.05050659179688,166.5749969482422,-0.03591110674363196,-0.03657177570139793,-0.013561706274733853,-0.0038427158906232384,158.56709899902344,150.969149017334,161.75063995361327,0.021322231145619267,0.04311949820799841,6.2660064697265625,-4.84100341796875,78563600.0
2022-02-14,155.16700744628906,158.44850158691406,151.64999389648438,151.75100708007812,83230000,153.2935028076172,138.8455047607422,161.21400451660156,159.0,144.24749755859375,166.22149658203125,152.73399353027344,138.33299255371094,161.09100341796875,158.13450622558594,141.7375030517578,165.25050354003906,0.012221683270054351,0.012147601490993106,-0.03591110674363196,-0.0781276325178123,158.01340026855468,150.62059936523437,161.41662017822264,0.02266356325678116,0.04320239099747936,6.7985076904296875,3.4160003662109375,74684800.0
2022-02-15,156.510498046875,158.0070037841797,154.6374969482422,157.60549926757812,56440000,155.16700744628906,157.63949584960938,162.13800048828125,158.44850158691406,161.1999969482422,162.25,151.64999389648438,150.60800170898438,159.80050659179688,151.75100708007812,155.60650634765625,160.14999389648438,0.008658352201907249,0.008621083638872947,0.012221683270054351,0.13535901735711864,157.03280029296874,150.50024948120117,161.15704010009765,0.01949374040038505,0.04302899825193443,3.3695068359375,-1.095001220703125,70764800.0
2022-02-16,158.10049438476562,158.83399963378906,154.7344970703125,155.79049682617188,52704000,156.510498046875,157.9355010986328,158.91749572753906,158.0070037841797,162.6909942626953,159.7344970703125,154.6374969482422,157.25,157.6645050048828,157.60549926757812,158.52000427246094,159.10499572753906,0.010159039538768955,0.010107783346743868,0.008658352201907249,0.0018777353189827206,156.41499938964844,150.59032440185547,160.8916799926758,0.020815316562593573,0.04290122207900094,4.0995025634765625,2.30999755859375,67548400.0
2022-02-17,154.65249633789062,160.3489990234375,154.5,158.14599609375,64032000,158.10049438476562,161.4134979248047,156.2989959716797,158.83399963378906,161.79249572753906,159.25,154.7344970703125,155.55050659179688,156.25,155.79049682617188,156.75050354003906,158.76199340820312,-0.021808901106176726,-0.022050230393006458,0.010159039538768955,0.022021627828944013,155.5447998046875,150.73957443237305,160.46143981933594,0.02208168929642226,0.04263801872858134,5.8489990234375,-3.493499755859375,66701200.0
2022-02-18,152.60150146484375,155.49949645996094,150.89300537109375,155.49949645996094,63604000,154.65249633789062,161.1894989013672,151.66749572753906,160.3489990234375,163.83450317382812,158.0,154.5,160.25,151.3509979248047,158.14599609375,162.87350463867188,156.76600646972656,-0.013261957754408193,-0.013350682834785058,-0.021808901106176726,-0.0013877341505965646,155.40639953613282,151.23749923706055,159.99030975341796,0.015618893397840219,0.040329402613522324,4.6064910888671875,-2.8979949951171875,64002000.0
2022-02-22,150.19749450683594,152.9824981689453,148.48550415039062,150.47850036621094,66128000,152.60150146484375,159.0034942626953,142.64300537109375,155.49949645996094,160.7165069580078,150.89999389648438,150.89300537109375,157.75,142.07049560546875,155.49949645996094,158.35000610351562,149.9499969482422,-0.015753494788264932,-0.01587889987657254,-0.013261957754408193,-0.013561706274733853,154.4124969482422,151.52017364501953,159.51083953857423,0.014772984753147247,0.0405040680154216,4.4969940185546875,-0.281005859375,60581600.0
2022-02-23,144.82699584960938,151.76300048828125,144.6510009765625,151.65049743652344,64244000,150.19749450683594,153.2935028076172,144.54400634765625,152.9824981689453,159.0,144.94500732421875,148.48550415039062,152.73399353027344,135.3520050048828,150.47850036621094,158.13450622558594,139.0,-0.03575624663287669,-0.03641116014436802,-0.015753494788264932,-0.03591110674363196,152.07579650878907,151.76222381591796,158.96313934326173,0.016683409104002553,0.040702267578468045,7.11199951171875,-6.8235015869140625,62142400.0
2022-02-24,151.35800170898438,151.74899291992188,139.5,139.83749389648438,100786000,144.82699584960938,155.16700744628906,139.98599243164062,151.76300048828125,158.44850158691406,143.60000610351562,144.6510009765625,151.64999389648438,138.14500427246094,151.65049743652344,151.75100708007812,142.24249267578125,0.04509522427819257,0.04410800497645022,-0.03575624663287669,0.012221683270054351,150.7272979736328,152.3864990234375,158.59894927978516,0.031094860630509633,0.04170403817987819,12.248992919921875,11.5205078125,71758800.0
2022-02-25,153.7884979248047,153.99000549316406,149.2135009765625,150.5500030517578,62396000,151.35800170898438,156.510498046875,138.87249755859375,151.74899291992188,158.0070037841797,145.18499755859375,139.5,154.6374969482422,137.31849670410156,139.83749389648438,157.60549926757812,144.75,0.01605793012842116,0.01593036537376894,0.04509522427819257,0.008658352201907249,150.55449829101562,153.09404907226562,158.29288909912108,0.03158868030741191,0.041775950703465334,4.7765045166015625,3.238494873046875,71431600.0
2022-02-28,153.56300354003906,154.4499969482422,150.85000610351562,152.4250030517578,57684000,153.7884979248047,158.10049438476562,139.6374969482422,153.99000549316406,158.83399963378906,144.24349975585938,149.2135009765625,154.7344970703125,139.35000610351562,150.5500030517578,155.79049682617188,140.8000030517578,-0.0014662630028149382,-0.0014673390183547882,0.01605793012842116,0.010159039538768955,150.74679870605468,153.57329940795898,157.89784912109374,0.030850019914298248,0.04136458628825167,3.5999908447265625,1.13800048828125,70247600.0
2022-03-01,151.14199829101562,154.0989990234375,149.9770050048828,152.7324981689453,44874000,153.56300354003906,154.65249633789062,143.97799682617188,154.4499969482422,160.3489990234375,143.9980010986328,150.85000610351562,154.5,137.92950439453125,152.4250030517578,158.14599609375,140.86050415039062,-0.015765550251120253,-0.015891148369833387,-0.0014662630028149382,-0.021808901106176726,150.93569946289062,153.65172424316407,157.54326904296875,0.030851719134399203,0.04074115932169274,4.1219940185546875,-1.5904998779296875,65996800.0
2022-03-02,152.05250549316406,152.99949645996094,148.75,150.8489990234375,47334000,151.14199829101562,152.60150146484375,149.57350158691406,154.0989990234375,155.49949645996094,150.36050415039062,149.9770050048828,150.89300537109375,144.30050659179688,152.7324981689453,155.49949645996094,144.75,0.0060241839623909055,0.006006111112644554,-0.015765550251120253,-0.013261957754408193,152.38080139160155,153.69467468261718,157.18396911621093,0.02280086934325363,0.040696018518282695,4.2494964599609375,1.2035064697265625,62614800.0
2022-03-03,147.89849853515625,153.9290008544922,146.8560028076172,153.531494140625,65198000,152.05250549316406,150.19749450683594,151.19349670410156,152.99949645996094,152.9824981689453,151.70799255371094,148.75,148.48550415039062,147.62750244140625,150.8489990234375,150.47850036621094,150.0,-0.027319556126581324,-0.02769967430173762,0.0060241839623909055,-0.015753494788264932,151.68890075683595,153.5589744567871,156.80035919189453,0.017249891844839594,0.04118002317534575,7.072998046875,-5.63299560546875,55497200.0
2022-03-04,145.64100646972656,147.85000610351562,143.8070068359375,147.15899658203125,60934000,147.89849853515625,144.82699584960938,150.6125030517578,153.9290008544922,151.76300048828125,155.0749969482422,146.8560028076172,144.6510009765625,148.86349487304688,153.531494140625,151.65049743652344,155.05050659179688,-0.0152637929917393,-0.015381483821486462,-0.027319556126581324,-0.03575624663287669,150.0594024658203,153.89874954223632,156.30483917236327,0.013111454401750579,0.0371116274044416,4.042999267578125,-1.5179901123046875,55204800.0
2022-03-07,137.4530029296875,146.09449768066406,137.41650390625,145.44349670410156,86934000,145.64100646972656,151.35800170898438,138.8455047607422,147.85000610351562,151.74899291992188,144.24749755859375,143.8070068359375,139.5,138.33299255371094,147.15899658203125,139.83749389648438,141.7375030517578,-0.05622045424233624,-0.05786267214586164,-0.0152637929917393,0.04509522427819257,146.83740234375,152.88942489624023,155.6331591796875,0.022740457311547408,0.023311831892656603,8.677993774414062,-7.9904937744140625,61054800.0
2022-03-08,136.01449584960938,140.69949340820312,133.57249450683594,136.68350219726562,91662000,137.4530029296875,153.7884979248047,157.63949584960938,146.09449768066406,153.99000549316406,161.1999969482422,137.41650390625,149.2135009765625,150.60800170898438,145.44349670410156,150.5500030517578,155.60650634765625,-0.010465446730283379,-0.010520594620232346,-0.05622045424233624,0.01605793012842116,143.81190185546876,151.79337463378906,154.93207916259766,0.023205541527629468,0.023239745149300748,7.1269989013671875,-0.66900634765625,70412400.0
2022-03-09,139.2790069580078,140.25,136.8280029296875,139.5,82656000,136.01449584960938,153.56300354003906,157.9355010986328,140.69949340820312,154.4499969482422,162.6909942626953,133.57249450683594,150.85000610351562,157.25,136.68350219726562,152.4250030517578,158.52000427246094,0.024001199930983708,0.023717698424230754,-0.010465446730283379,-0.0014662630028149382,141.2572021484375,150.68665008544923,154.3242694091797,0.029032465002295275,0.0233745094905988,3.4219970703125,-0.2209930419921875,77476800.0
2022-03-10,146.8175048828125,148.67449951171875,143.97799682617188,145.68499755859375,135062000,139.2790069580078,151.14199829101562,161.4134979248047,140.25,154.0989990234375,161.79249572753906,136.8280029296875,149.9770050048828,155.55050659179688,139.5,152.7324981689453,156.75050354003906,0.05412515560997311,0.052711186532696214,0.024001199930983708,-0.015765550251120253,141.04100341796874,149.9680503845215,153.84739959716796,0.04185067177347509,0.027087832768220108,4.696502685546875,1.13250732421875,91449600.0
2022-03-11,145.52450561523438,149.6750030517578,145.36900329589844,149.57449340820312,68900000,146.8175048828125,152.05250549316406,161.1894989013672,148.67449951171875,152.99949645996094,163.83450317382812,143.97799682617188,148.75,160.25,145.68499755859375,150.8489990234375,162.87350463867188,-0.008806846762653975,-0.008845856240147519,0.05412515560997311,0.0060241839623909055,141.0177032470703,149.29410095214843,153.37386962890625,0.041388490218585886,0.02702315351472199,4.305999755859375,-4.04998779296875,93042800.0
2022-03-14,141.85299682617188,147.4499969482422,140.88400268554688,145.9810028076172,74086000,145.52450561523438,147.89849853515625,159.0034942626953,149.6750030517578,153.9290008544922,160.7165069580078,145.36900329589844,146.8560028076172,157.75,149.57449340820312,153.531494140625,158.35000610351562,-0.025229488143872714,-0.025553208143987614,-0.008806846762653975,-0.027319556126581324,141.8977020263672,148.72207565307616,152.83803955078125,0.03202764770885795,0.026460486356146274,6.5659942626953125,-4.1280059814453125,90473200.0
2022-03-15,147.3665008544922,147.98500061035156,142.0,142.85000610351562,75584000,141.85299682617188,145.64100646972656,153.2935028076172,147.4499969482422,147.85000610351562,159.0,140.88400268554688,143.8070068359375,152.73399353027344,145.9810028076172,147.15899658203125,158.13450622558594,0.038867730338306705,0.03813139923769891,-0.025229488143872714,-0.0152637929917393,144.16810302734376,148.33205032348633,152.45102966308593,0.0329923493487276,0.027926037430009765,5.9850006103515625,4.5164947509765625,87257600.0
2022-03-16,153.10400390625,153.14999389648438,147.35350036621094,148.5,84958000,147.3665008544922,137.4530029296875,155.16700744628906,147.98500061035156,146.09449768066406,158.44850158691406,142.0,137.41650390625,151.64999389648438,142.85000610351562,145.44349670410156,151.75100708007812,0.038933563723705156,0.03819476755459102,0.038867730338306705,-0.05622045424233624,146.9331024169922,148.16172561645507,152.10501983642578,0.03447335211372223,0.02933117229665556,5.7964935302734375,4.60400390625,87718000.0
2022-03-17,157.23899841308594,157.49850463867188,152.13999938964844,152.6405029296875,72934000,153.10400390625,136.01449584960938,156.510498046875,153.14999389648438,140.69949340820312,158.0070037841797,147.35350036621094,133.57249450683594,154.6374969482422,148.5,136.68350219726562,157.60549926757812,0.027007748989816838,0.02664947618554765,0.038933563723705156,-0.010465446730283379,149.01740112304688,148.1186508178711,151.89935974121093,0.02944602574896465,0.029895780657683498,5.3585052490234375,4.5984954833984375,75292400.0
2022-03-18,161.25050354003906,161.593994140625,156.01100158691406,156.81300354003906,102962000,157.23899841308594,139.2790069580078,158.10049438476562,157.49850463867188,140.25,158.83399963378906,152.13999938964844,136.8280029296875,154.7344970703125,152.6405029296875,139.5,155.79049682617188,0.025512151358369817,0.025192147663773066,0.027007748989816838,0.024001199930983708,152.1626007080078,148.44855117797852,151.83722991943358,0.02661994057617681,0.02993897521647366,5.5829925537109375,4.4375,82104800.0
2022-03-21,161.4915008544922,163.08399963378906,159.55299377441406,161.12100219726562,66538000,161.25050354003906,146.8175048828125,154.65249633789062,161.593994140625,148.67449951171875,160.3489990234375,156.01100158691406,143.97799682617188,154.5,156.81300354003906,145.68499755859375,158.14599609375,0.0014945523217748669,0.001493436589994942,0.025512151358369817,0.05412515560997311,156.09030151367188,148.89305114746094,151.80197998046876,0.01528043428415434,0.029710639941902945,3.531005859375,0.3704986572265625,80595200.0
2022-03-22,164.88900756835938,166.16700744628906,161.69900512695312,161.8054962158203,64086000,161.4915008544922,145.52450561523438,152.60150146484375,163.08399963378906,149.6750030517578,155.49949645996094,159.55299377441406,145.36900329589844,150.89300537109375,161.12100219726562,149.57449340820312,155.49949645996094,0.02103830044237709,0.020820051155123028,0.0014945523217748669,-0.008806846762653975,159.5948028564453,149.62762680053712,151.8486801147461,0.013623311304836952,0.029610687428510887,4.4680023193359375,3.0835113525390625,78295600.0
2022-03-23,163.4080047607422,166.3699951171875,162.68699645996094,163.7050018310547,55812000,164.88900756835938,141.85299682617188,150.19749450683594,166.16700744628906,147.4499969482422,152.9824981689453,161.69900512695312,140.88400268554688,148.48550415039062,161.8054962158203,145.9810028076172,150.47850036621094,-0.008981816492546923,-0.009022396175222974,0.02103830044237709,-0.025229488143872714,161.65560302734374,150.55667724609376,151.88712036132813,0.016068069570720492,0.028240180804742727,3.6829986572265625,-0.2969970703125,72466400.0
2022-03-24,163.64950561523438,164.11849975585938,160.0500030517578,163.74949645996094,56798000,163.4080047607422,147.3665008544922,144.82699584960938,166.3699951171875,147.98500061035156,151.76300048828125,162.68699645996094,142.0,144.6510009765625,163.7050018310547,142.85000610351562,151.65049743652344,0.0014779010051912955,0.0014768099843156708,-0.008981816492546923,0.038867730338306705,162.93770446777344,151.17125244140624,151.85287048339845,0.014576135328171478,0.026741665340898103,4.0684967041015625,-0.0999908447265625,69239200.0
2022-03-25,164.77349853515625,165.36849975585938,162.25,164.0,49032000,163.64950561523438,153.10400390625,151.35800170898438,164.11849975585938,153.14999389648438,151.74899291992188,160.0500030517578,147.35350036621094,139.5,163.74949645996094,148.5,139.83749389648438,0.006868294014676479,0.0068448147304497955,0.0014779010051912955,0.038933563723705156,163.64230346679688,151.72050247192382,151.84420043945312,0.01094276822904941,0.026606728376156682,3.118499755859375,0.77349853515625,58453200.0
2022-03-28,168.99049377441406,169.03750610351562,164.89999389648438,164.97500610351562,59854000,164.77349853515625,157.23899841308594,153.7884979248047,165.36849975585938,157.49850463867188,153.99000549316406,162.25,152.13999938964844,149.2135009765625,164.0,152.6405029296875,150.5500030517578,0.025592678900108856,0.02527066880086216,0.006868294014676479,0.027007748989816838,165.14210205078126,152.49187698364258,151.99973022460938,0.014181955006560793,0.02701020828029542,4.13751220703125,4.0154876708984375,57116400.0
2022-03-29,169.31500244140625,170.8314971923828,167.86849975585938,170.38400268554688,66154000,168.99049377441406,161.25050354003906,153.56300354003906,169.03750610351562,161.593994140625,154.4499969482422,164.89999389648438,156.01100158691406,150.85000610351562,164.97500610351562,156.81300354003906,152.4250030517578,0.00192027764251268,0.0019184362663260243,0.025592678900108856,0.025512151358369817,166.0273010253906,153.4005271911621,152.14327026367187,0.012690795217154414,0.02657561283988219,2.9629974365234375,-1.069000244140625,57530000.0
2022-03-30,166.30099487304688,168.95050048828125,165.5,168.50950622558594,56168000,169.31500244140625,161.4915008544922,151.14199829101562,170.8314971923828,163.08399963378906,154.0989990234375,167.86849975585938,159.55299377441406,149.9770050048828,170.38400268554688,161.12100219726562,152.7324981689453,-0.01780118433038691,-0.017961531171231216,0.00192027764251268,0.0014945523217748669,166.60589904785155,154.11295166015626,152.29094024658204,0.01548946788155484,0.027104560971769425,3.45050048828125,-2.2085113525390625,57601200.0
2022-03-31,162.99749755859375,166.4949951171875,162.95350646972656,166.44500732421875,59966000,166.30099487304688,164.88900756835938,152.05250549316406,168.95050048828125,166.16700744628906,152.99949645996094,165.5,161.69900512695312,148.75,168.50950622558594,161.8054962158203,150.8489990234375,-0.019864567358571672,-0.020064520292900095,-0.01780118433038691,0.02103830044237709,166.47549743652343,154.86790161132814,152.4249102783203,0.01880938431044011,0.02668709878749203,3.5414886474609375,-3.447509765625,58234800.0
2022-04-01,163.55999755859375,165.82699584960938,162.3195037841797,164.14950561523438,57090000,162.99749755859375,163.4080047607422,147.89849853515625,166.4949951171875,166.3699951171875,153.9290008544922,162.95350646972656,162.68699645996094,146.8560028076172,166.44500732421875,163.7050018310547,153.531494140625,0.003450973226124532,0.0034450322821231614,-0.019864567358571672,-0.008981816492546923,166.23279724121093,155.76385116577148,152.6627603149414,0.01852756198352496,0.02625604521404636,3.5074920654296875,-0.589508056640625,59846400.0
2022-04-04,168.34649658203125,168.39450073242188,163.20550537109375,164.125,49882000,163.55999755859375,163.64950561523438,145.64100646972656,165.82699584960938,164.11849975585938,147.85000610351562,162.3195037841797,160.0500030517578,143.8070068359375,164.14950561523438,163.74949645996094,147.15899658203125,0.029264484561530857,0.02884445449723015,0.003450973226124532,0.0014779010051912955,166.10399780273437,157.30852584838868,153.17683013916016,0.01988500527587169,0.022216302793638308,5.188995361328125,4.22149658203125,57852000.0
2022-04-05,164.05499267578125,168.11050415039062,163.26600646972656,167.7415008544922,53728000,168.34649658203125,164.77349853515625,137.4530029296875,168.39450073242188,165.36849975585938,146.09449768066406,163.20550537109375,162.25,137.41650390625,164.125,164.0,145.44349670410156,-0.025492089193307588,-0.025822642256601212,0.029264484561530857,0.006868294014676479,165.05199584960937,158.71055068969727,153.56704986572265,0.022606975397600697,0.023192458916104976,4.8444976806640625,-3.6865081787109375,55366800.0
2022-04-06,158.75599670410156,162.1999969482422,157.25450134277344,161.65049743652344,79056000,164.05499267578125,168.99049377441406,136.01449584960938,168.11050415039062,169.03750610351562,140.69949340820312,163.26600646972656,164.89999389648438,133.57249450683594,167.7415008544922,164.97500610351562,136.68350219726562,-0.032300120131985244,-0.03283328123701215,-0.025492089193307588,0.025592678900108856,163.54299621582032,159.68440017700195,153.94244995117188,0.025259256978169484,0.02472736657817126,4.94549560546875,-2.894500732421875,59944400.0
2022-04-07,157.7845001220703,160.07899475097656,154.51150512695312,158.39999389648438,68136000,158.75599670410156,169.31500244140625,139.2790069580078,162.1999969482422,170.8314971923828,140.25,157.25450134277344,167.86849975585938,136.8280029296875,161.65049743652344,170.38400268554688,139.5,-0.0061194323502751224,-0.0061382328144399005,-0.032300120131985244,0.00192027764251268,162.50039672851562,160.23274993896484,154.3206900024414,0.02451668166420386,0.022206772221339478,5.5674896240234375,-0.6154937744140625,61578400.0
2022-04-08,154.4604949951172,157.36849975585938,154.2310028076172,156.75,46002000,157.7845001220703,166.30099487304688,146.8175048828125,160.07899475097656,168.95050048828125,148.67449951171875,154.51150512695312,165.5,143.97799682617188,158.39999389648438,168.50950622558594,145.68499755859375,-0.021066740550443774,-0.021291810941382657,-0.0061194323502751224,-0.01780118433038691,160.6804962158203,160.67954940795897,154.6171499633789,0.024545884378791308,0.02273717365902261,3.1374969482421875,-2.2895050048828125,59360800.0
2022-04-11,151.1219940185547,154.13650512695312,150.5345001220703,152.71299743652344,52112000,154.4604949951172,162.99749755859375,145.52450561523438,157.36849975585938,166.4949951171875,149.6750030517578,154.2310028076172,162.95350646972656,145.36900329589844,156.75,166.44500732421875,149.57449340820312,-0.021613947156313595,-0.021850949776512304,-0.021066740550443774,-0.019864567358571672,157.235595703125,161.14299926757812,154.76002990722657,0.0096069916823039,0.02251226282814361,3.6020050048828125,-1.59100341796875,59806800.0
2022-04-12,150.78750610351562,155.0989990234375,150.38299560546875,153.6925048828125,55178000,151.1219940185547,163.55999755859375,141.85299682617188,154.13650512695312,165.82699584960938,147.4499969482422,150.5345001220703,162.3195037841797,140.88400268554688,152.71299743652344,164.14950561523438,145.9810028076172,-0.002213363562407644,-0.0022158166719546393,-0.021613947156313595,0.003450973226124532,154.58209838867188,161.3140495300293,154.78430999755858,0.01233271205144465,0.020924903519884023,4.71600341796875,-2.904998779296875,60096800.0
2022-04-13,155.54100036621094,156.02499389648438,149.60000610351562,150.01849365234375,53390000,150.78750610351562,168.34649658203125,147.3665008544922,155.0989990234375,168.39450073242188,147.98500061035156,150.38299560546875,163.20550537109375,142.0,153.6925048828125,164.125,142.85000610351562,0.03152445706895657,0.031037763445815297,-0.002213363562407644,0.029264484561530857,153.93909912109376,161.43589935302734,154.8712600708008,0.02162835905680326,0.020280258463220204,6.42498779296875,5.5225067138671875,54963600.0
2022-04-14,151.7064971923828,155.89700317382812,151.4720001220703,155.38999938964844,51598000,155.54100036621094,164.05499267578125,153.10400390625,156.02499389648438,168.11050415039062,153.14999389648438,149.60000610351562,163.26600646972656,147.35350036621094,150.01849365234375,167.7415008544922,148.5,-0.024652684274885983,-0.024961650159491106,0.03152445706895657,-0.025492089193307588,152.72349853515624,161.15927429199218,154.8931399536133,0.023602313184925307,0.020080297633253624,4.4250030517578125,-3.683502197265625,51656000.0
2022-04-18,152.78500366210938,154.0395050048828,150.25050354003906,151.52349853515625,46514000,151.7064971923828,158.75599670410156,157.23899841308594,155.89700317382812,162.1999969482422,157.49850463867188,151.4720001220703,157.25450134277344,152.13999938964844,155.38999938964844,161.65049743652344,152.6405029296875,0.007109164667870926,0.007084013688019547,-0.024652684274885983,-0.032300120131985244,152.38840026855468,160.7359992980957,155.17192993164062,0.022938820449172777,0.019173811870666736,3.78900146484375,1.261505126953125,51758400.0
2022-04-19,158.11549377441406,158.6490020751953,151.55050659179688,152.0294952392578,54926000,152.78500366210938,157.7845001220703,161.25050354003906,154.0395050048828,160.07899475097656,161.593994140625,150.25050354003906,154.51150512695312,156.01100158691406,151.52349853515625,158.39999389648438,156.81300354003906,0.03488883060861969,0.034294010908479985,0.007109164667870926,-0.0061194323502751224,153.78710021972657,160.56719894409179,155.18144989013672,0.024692366841269322,0.020916493007735206,7.0984954833984375,6.08599853515625,52321200.0
2022-04-20,153.9980010986328,157.6024932861328,153.60350036621094,157.6024932861328,59630000,158.11549377441406,154.4604949951172,161.4915008544922,158.6490020751953,157.36849975585938,163.08399963378906,151.55050659179688,154.2310028076172,159.55299377441406,152.0294952392578,156.75,161.12100219726562,-0.026041044919075107,-0.026386116801539967,0.03488883060861969,-0.021066740550443774,154.42919921875,160.02264862060548,155.1026998901367,0.029339490704907486,0.020972789660913344,3.998992919921875,-3.6044921875,53211600.0
2022-04-21,148.29600524902344,156.73800659179688,147.58949279785156,154.71400451660156,63970000,153.9980010986328,151.1219940185547,164.88900756835938,157.6024932861328,154.13650512695312,166.16700744628906,153.60350036621094,150.5345001220703,161.69900512695312,157.6024932861328,152.71299743652344,161.8054962158203,-0.037026427673936824,-0.03772931062801116,-0.026041044919075107,-0.021613947156313595,152.9802001953125,159.26704864501954,154.8403500366211,0.029607915833951764,0.0222765311844005,9.148513793945312,-6.417999267578125,55327600.0
2022-04-22,144.35000610351562,149.61500549316406,143.69749450683594,148.25,73078000,148.29600524902344,150.78750610351562,163.4080047607422,156.73800659179688,155.0989990234375,166.3699951171875,147.58949279785156,150.38299560546875,162.68699645996094,154.71400451660156,153.6925048828125,163.7050018310547,-0.026608937569704394,-0.026969363430673157,-0.037026427673936824,-0.002213363562407644,151.50890197753907,158.30207366943358,154.50356018066407,0.02987579454867368,0.022753110123345223,5.917510986328125,-3.899993896484375,59623600.0
2022-04-25,146.07400512695312,146.22149658203125,142.30650329589844,144.0229949951172,61874000,144.35000610351562,155.54100036621094,163.64950561523438,149.61500549316406,156.02499389648438,164.11849975585938,143.69749450683594,149.60000610351562,160.0500030517578,148.25,150.01849365234375,163.74949645996094,0.011943186356370372,0.011872429325306142,-0.026608937569704394,0.03152445706895657,150.1667022705078,157.36709899902343,154.24497039794923,0.03061808991937065,0.022931873534391665,3.9149932861328125,2.0510101318359375,62695600.0
2022-04-26,139.39100646972656,144.8560028076172,138.92950439453125,144.8000030517578,77530000,146.07400512695312,151.7064971923828,164.77349853515625,146.22149658203125,155.89700317382812,165.36849975585938,142.30650329589844,151.4720001220703,162.25,144.0229949951172,155.38999938964844,164.0,-0.0457507730510871,-0.046830397470919216,0.011943186356370372,-0.024652684274885983,146.42180480957032,155.88712463378906,153.9669204711914,0.022041105714645716,0.023344096358632015,5.9264984130859375,-5.40899658203125,67216400.0
2022-04-27,138.16700744628906,141.94850158691406,135.7834930419922,140.19149780273438,71336000,139.39100646972656,152.78500366210938,168.99049377441406,144.8560028076172,154.0395050048828,169.03750610351562,138.92950439453125,150.25050354003906,164.89999389648438,144.8000030517578,151.52349853515625,164.97500610351562,-0.008781047317448887,-0.008819827903123646,-0.0457507730510871,0.007109164667870926,143.25560607910157,154.3297248840332,153.6269204711914,0.023103917570449595,0.02319500528320795,6.165008544921875,-2.0244903564453125,69557600.0
2022-04-28,144.59649658203125,145.9375,140.3000030517578,142.17799377441406,117316000,138.16700744628906,158.11549377441406,169.31500244140625,141.94850158691406,158.6490020751953,170.8314971923828,135.7834930419922,151.55050659179688,167.86849975585938,140.19149780273438,152.0294952392578,170.38400268554688,0.04653418536434306,0.045483928748159326,-0.008781047317448887,0.03488883060861969,142.5157043457031,153.24449996948243,153.38864044189452,0.035649754130459496,0.026290015439839526,5.6374969482421875,2.4185028076171875,80226800.0
2022-05-02,124.5,124.66799926757812,118.375,122.4010009765625,148788000,124.28150177001952,148.29600524902344,162.99749755859375,130.76100158691406,156.73800659179688,166.4949951171875,121.625,147.58949279785156,162.95350646972656,129.8489990234375,154.71400451660156,166.44500732421875,0.0017580913238786078,0.0017565476902947816,-0.14049437774923412,-0.037026427673936824,134.18720245361328,149.35570030212403,152.1092106628418,0.07030516118841383,0.03979857331460982,6.292999267578125,2.0989990234375,137526400.0
2022-05-03,124.25350189208984,126.22049713134766,122.8249969482422,124.05349731445312,79134000,124.5,144.35000610351562,163.55999755859375,124.66799926757812,149.61500549316406,165.82699584960938,118.375,143.69749450683594,162.3195037841797,122.4010009765625,148.25,164.14950561523438,-0.0019799044812061073,-0.001981867083020741,0.0017580913238786078,-0.026608937569704394,131.15970153808593,147.15105056762695,151.5422506713867,0.0704768405837692,0.03865919701958983,3.3955001831054545,0.20000457763671875,137847200.0
2022-05-04,125.92849731445312,126.0,119.18299865722656,123.5999984741211,110746000,124.25350189208984,146.07400512695312,168.34649658203125,126.22049713134766,146.22149658203125,168.39450073242188,122.8249969482422,142.30650329589844,163.20550537109375,124.05349731445312,144.0229949951172,164.125,0.01348046853293483,0.013390415419768674,-0.0019799044812061073,0.011943186356370372,128.71199951171874,145.24472579956054,151.05687072753906,0.07209418650324834,0.03904665082904279,6.8170013427734375,2.3284988403320312,145729200.0
2022-05-05,116.40699768066406,123.4990005493164,115.07250213623048,123.0,144392000,125.92849731445312,139.39100646972656,164.05499267578125,126.0,144.8560028076172,168.11050415039062,119.18299865722656,138.92950439453125,163.26600646972656,123.5999984741211,144.8000030517578,167.7415008544922,-0.07561036490424522,-0.07862161321968106,0.01348046853293483,-0.0457507730510871,123.07409973144532,143.12727584838868,150.48847076416016,0.06598299851862303,0.041343540170188764,8.426498413085923,-6.5930023193359375,151144400.0
2022-05-06,114.77249908447266,119.05049896240234,113.0814971923828,114.8499984741211,124260000,116.40699768066406,138.16700744628906,158.75599670410156,123.4990005493164,141.94850158691406,162.1999969482422,115.07250213623048,135.7834930419922,157.25450134277344,123.0,140.19149780273438,161.65049743652344,-0.014041240035030156,-0.014140750847553027,-0.07561036490424522,-0.008781047317448887,121.17229919433593,140.9766757965088,149.75676071166993,0.03512705898873497,0.04129658190437527,5.9690017700195455,-0.0774993896484375,121464000.0
2022-05-09,108.78900146484376,114.0,107.95700073242188,111.3125,128124000,114.77249908447266,144.59649658203125,157.7845001220703,119.05049896240234,145.9375,160.07899475097656,113.0814971923828,140.3000030517578,154.51150512695312,114.8499984741211,142.17799377441406,158.39999389648438,-0.05213354825727923,-0.05354166033985849,-0.014041240035030156,0.04653418536434306,118.03009948730468,138.6931011199951,148.8567707824707,0.03681989535720953,0.042115630937104916,6.042999267578125,-2.523498535156236,117331200.0
2022-05-10,108.85900115966795,112.64250183105467,107.1709976196289,111.25,105434000,108.78900146484376,124.28150177001952,154.4604949951172,114.0,130.76100158691406,157.36849975585938,107.95700073242188,121.625,154.2310028076172,111.3125,129.8489990234375,156.75,0.0006434445934941913,0.0006432376717787577,-0.05213354825727923,-0.14049437774923412,114.95119934082031,136.57995147705077,147.9626907348633,0.03726475937844093,0.04226677779888726,5.471504211425767,-2.3909988403320455,122591200.0
2022-05-11,105.37200164794922,110.15599822998048,104.42849731445312,108.10350036621094,109704000,108.85900115966795,124.5,151.1219940185547,112.64250183105467,124.66799926757812,154.13650512695312,107.1709976196289,118.375,150.5345001220703,111.25,122.4010009765625,152.71299743652344,-0.03203225709010693,-0.032556515700991315,0.0006434445934941913,0.0017580913238786078,110.83990020751953,134.30917625427247,147.04729080200195,0.03025155199746144,0.042304068671298885,5.727500915527358,-2.7314987182617188,122382800.0
2022-05-12,106.93049621582033,110.78050231933594,102.40550231933594,102.75,132026000,105.37200164794922,124.25350189208984,150.78750610351562,110.15599822998048,126.22049713134766,155.0989990234375,104.42849731445312,122.8249969482422,150.38299560546875,108.10350036621094,124.05349731445312,153.6925048828125,0.014790404884573505,0.01468209351950873,-0.03203225709010693,-0.0019799044812061073,108.94459991455078,131.87865104675294,146.14485061645507,0.02641031273694368,0.04145360302639129,8.375,4.180496215820327,119909600.0
2022-05-13,113.05500030517578,113.18399810791016,107.8000030517578,109.06900024414062,93684000,106.93049621582033,125.92849731445312,155.54100036621094,110.78050231933594,126.0,156.02499389648438,102.40550231933594,119.18299865722656,149.60000610351562,102.75,123.5999984741211,150.01849365234375,0.05727556035084902,0.05569537333818581,0.014790404884573505,0.01348046853293483,108.60110015869141,129.9460762023926,145.44798065185546,0.042477589560919966,0.04465484321048706,5.383995056152358,3.9860000610351562,113794400.0
2022-05-16,110.8105010986328,113.99250030517578,110.35399627685548,113.0999984741211,74566000,113.05500030517578,116.40699768066406,151.7064971923828,113.18399810791016,123.4990005493164,155.89700317382812,107.8000030517578,115.07250213623048,151.4720001220703,109.06900024414062,123.0,155.38999938964844,-0.01985316173972207,-0.020052883582188548,0.05727556035084902,-0.07561036490424522,109.00540008544922,127.84735107421875,144.7513705444336,0.03476041468474777,0.04440289411175146,3.6385040283202983,-2.2894973754882955,103082800.0
2022-05-17,115.36849975585938,115.8000030517578,111.27649688720705,113.2750015258789,76448000,110.8105010986328,114.77249908447266,152.78500366210938,113.99250030517578,119.05049896240234,154.0395050048828,110.35399627685548,113.0814971923828,150.25050354003906,113.0999984741211,114.8499984741211,151.52349853515625,0.04113327357999652,0.04030980601090871,-0.01985316173972207,-0.014041240035030156,110.3072998046875,125.71000137329102,144.30968048095704,0.03827377923156207,0.04479204716121692,4.523506164550753,2.0934982299804688,97285600.0
2022-05-18,107.1125030517578,112.85299682617188,106.2490005493164,111.4394989013672,108380000,115.36849975585938,108.78900146484376,158.11549377441406,115.8000030517578,114.0,158.6490020751953,111.27649688720705,107.95700073242188,151.55050659179688,113.2750015258789,111.3125,152.0294952392578,-0.07156196640827228,-0.07425163860523787,0.04113327357999652,-0.05213354825727923,110.65540008544922,123.36572647094727,143.731640625,0.051506178409314006,0.04652490345181301,6.603996276855469,-4.326995849609403,97020800.0
2022-05-19,107.31900024414062,110.03399658203124,106.19300079345705,106.28050231933594,88142000,107.1125030517578,108.85900115966795,153.9980010986328,112.85299682617188,112.64250183105467,157.6024932861328,106.2490005493164,107.1709976196289,153.60350036621094,111.4394989013672,111.25,157.6024932861328,0.0019278532990965047,0.0019259973748420684,-0.07156196640827228,0.0006434445934941913,110.73310089111328,121.31687622070312,143.09244049072265,0.05117493735034061,0.04645401684265605,3.8409957885741903,1.0384979248046875,88244000.0
2022-05-20,107.59100341796876,109.89800262451172,105.0094985961914,109.56849670410156,99500000,107.31900024414062,105.37200164794922,148.29600524902344,110.03399658203124,110.15599822998048,156.73800659179688,106.19300079345705,104.42849731445312,147.58949279785156,106.28050231933594,108.10350036621094,154.71400451660156,0.0025345295167618076,0.0025313230136678384,0.0019278532990965047,-0.03203225709010693,109.64030151367187,119.47892608642579,142.3079104614258,0.04122336995738657,0.0465266766714374,4.8885040283203125,-1.9774932861327983,89407200.0
2022-05-23,107.55699920654295,108.81900024414062,103.9499969482422,108.46099853515624,107798000,107.59100341796876,106.93049621582033,144.35000610351562,109.89800262451172,110.78050231933594,149.61500549316406,105.0094985961914,102.40550231933594,143.69749450683594,109.56849670410156,102.75,148.25,-0.00031605069518414464,-0.00031610064973083124,0.0025345295167618076,0.014790404884573505,108.9896011352539,117.55307579040527,141.54856033325194,0.04088138048368944,0.046253637540218995,4.869003295898423,-0.9039993286132812,96053600.0
2022-05-24,104.0999984741211,105.4000015258789,101.26000213623048,104.0250015258789,102934000,107.55699920654295,113.05500030517578,146.07400512695312,108.81900024414062,113.18399810791016,146.22149658203125,103.9499969482422,107.8000030517578,142.30650329589844,108.46099853515624,109.06900024414062,144.0229949951172,-0.03214110432537587,-0.03266897126205667,-0.00031605069518414464,0.05727556035084902,106.73590087890625,115.788525390625,140.79350036621094,0.032334567915309614,0.0458623102931113,4.139999389648423,0.0749969482421875,101350800.0
2022-05-25,106.7750015258789,108.1750030517578,103.6500015258789,103.65550231933594,93120000,104.0999984741211,110.8105010986328,139.39100646972656,105.4000015258789,113.99250030517578,144.8560028076172,101.26000213623048,110.35399627685548,138.92950439453125,104.0250015258789,113.0999984741211,144.8000030517578,0.025696475417555487,0.025371870055026394,-0.03214110432537587,-0.01985316173972207,106.66840057373047,114.21892509460449,139.98167037963867,0.02063094368158827,0.04668733245365467,4.525001525878892,3.1194992065429688,98298800.0
2022-05-26,111.07749938964844,112.66549682617188,107.45349884033205,107.97000122070312,93002000,106.7750015258789,115.36849975585938,138.16700744628906,108.1750030517578,115.8000030517578,141.94850158691406,103.6500015258789,111.27649688720705,135.7834930419922,103.65550231933594,113.2750015258789,140.19149780273438,0.04029499229486544,0.03950431937060653,0.025696475417555487,0.04113327357999652,107.42010040283203,112.54297523498535,139.14114028930663,0.02767389244595957,0.04629681277476437,5.2119979858398295,3.1074981689453125,99270800.0
2022-05-27,115.14649963378906,115.18699645996094,112.62799835205078,113.5500030517578,93660000,111.07749938964844,107.1125030517578,144.59649658203125,112.66549682617188,112.85299682617188,145.9375,107.45349884033205,106.2490005493164,140.3000030517578,107.97000122070312,111.4394989013672,142.17799377441406,0.036632083603781895,0.0359770770988458,0.04029499229486544,-0.07156196640827228,108.93119964599609,112.08622512817382,138.2992903137207,0.03030837608465665,0.03628920894284235,2.5589981079101562,1.5964965820312642,98102800.0
2022-05-31,120.20950317382812,121.99449920654295,115.6750030517578,116.27999877929688,144634000,115.14649963378906,107.31900024414062,124.28150177001952,115.18699645996094,110.03399658203124,130.76100158691406,112.62799835205078,106.19300079345705,121.625,113.5500030517578,106.28050231933594,129.8489990234375,0.04397010379074828,0.043030852834664374,0.036632083603781895,0.0019278532990965047,111.46170043945312,111.87170028686523,137.47847030639647,0.031513680127148065,0.0377878217415377,6.319496154785156,3.92950439453125,105470000.0
2022-06-01,121.68399810791016,125.1790008544922,120.62249755859376,122.25599670410156,127528000,120.20950317382812,107.59100341796876,124.5,121.99449920654295,109.89800262451172,124.66799926757812,115.6750030517578,105.0094985961914,118.375,116.27999877929688,109.56849670410156,122.4010009765625,0.012266042992872705,0.01219142464906909,0.04397010379074828,0.0025345295167618076,114.97850036621094,111.74322509765625,136.68232025146483,0.012869051092461265,0.03790374832798977,4.5565032958984375,-0.5719985961914062,110388800.0
2022-06-02,125.51100158691406,125.61000061035156,120.04499816894533,121.68399810791016,100560000,121.68399810791016,107.55699920654295,124.25350189208984,125.1790008544922,108.81900024414062,126.22049713134766,120.62249755859376,103.9499969482422,122.8249969482422,122.25599670410156,108.46099853515624,124.05349731445312,0.03145034300738625,0.030965911805553418,0.012266042992872705,-0.00031605069518414464,118.72570037841797,111.7223503112793,135.89476013183594,0.012440062949395779,0.03845783928036386,5.565002441406236,3.8270034790039062,111876800.0
2022-06-03,122.3499984741211,124.4000015258789,121.04650115966795,124.1999969482422,97604000,125.51100158691406,104.0999984741211,125.92849731445312,125.61000061035156,105.4000015258789,126.0,120.04499816894533,101.26000213623048,119.18299865722656,121.68399810791016,104.0250015258789,123.5999984741211,-0.025185068024527135,-0.0255076393596147,0.03145034300738625,-0.03214110432537587,120.9802001953125,112.01950035095214,135.0736000061035,0.02776534141924876,0.03466853249252596,3.3535003662109517,-1.849998474121108,112797200.0
2022-06-06,124.79000091552734,128.99000549316406,123.80999755859376,125.25,135269000,122.3499984741211,106.7750015258789,116.40699768066406,124.4000015258789,108.1750030517578,123.4990005493164,121.04650115966795,103.6500015258789,115.07250213623048,124.1999969482422,103.65550231933594,123.0,0.01994280728922404,0.01974655443905197,-0.025185068024527135,0.025696475417555487,122.90890045166016,112.52037544250489,134.29640991210937,0.026198964418521077,0.03461864008090658,5.180007934570298,-0.45999908447265625,121119000.0
2022-06-07,123.0,124.0999984741211,120.62999725341795,122.01000213623048,85156700,124.79000091552734,111.07749938964844,114.77249908447266,128.99000549316406,112.66549682617188,119.05049896240234,123.80999755859376,107.45349884033205,113.0814971923828,125.25,107.97000122070312,114.8499984741211,-0.014344105316090427,-0.014447976483889591,0.01994280728922404,0.04029499229486544,123.46699981689453,113.23092536926269,133.46093994140625,0.023774381615159854,0.032303441435883894,3.470001220703139,0.989997863769517,109223540.0
2022-06-08,121.18000030517578,123.75,120.75,122.61000061035156,64926600,123.0,115.14649963378906,108.78900146484376,124.0999984741211,115.18699645996094,114.0,120.62999725341795,112.62799835205078,107.95700073242188,122.01000213623048,113.5500030517578,111.3125,-0.014796745486375773,-0.014907309337206952,-0.014344105316090427,0.036632083603781895,123.36620025634765,113.84697532653809,132.5047300720215,0.024718940598833065,0.032637474604630026,3.0,-1.4300003051757812,96703260.0
2022-06-09,116.1500015258789,121.3000030517578,116.0999984741211,119.98999786376952,67029800,121.18000030517578,120.20950317382812,108.85900115966795,123.75,121.99449920654295,112.64250183105467,120.75,115.6750030517578,107.1709976196289,122.61000061035156,116.27999877929688,111.25,-0.04150848957443054,-0.042394573681651705,-0.014796745486375773,0.04397010379074828,121.49400024414062,114.38587532043456,131.44143005371095,0.022515261108628185,0.03327936739568768,5.2000045776367045,-3.839996337890611,89997220.0
2022-06-10,109.6500015258789,114.5,109.0500030517578,113.41999816894533,87266000,116.1500015258789,121.68399810791016,105.37200164794922,121.3000030517578,125.1790008544922,110.15599822998048,116.0999984741211,120.62249755859376,104.42849731445312,119.98999786376952,122.25599670410156,108.10350036621094,-0.05596211721574329,-0.057588983573757455,-0.04150848957443054,0.012266042992872705,118.9540008544922,114.5218505859375,130.3084101867676,0.029161128559228946,0.03588806679840068,5.449996948242202,-3.7699966430664205,87929620.0
2022-06-13,103.66999816894533,106.54000091552734,101.86000061035156,104.19000244140624,99277700,109.6500015258789,125.51100158691406,106.93049621582033,114.5,125.61000061035156,110.78050231933594,109.0500030517578,120.04499816894533,102.40550231933594,113.41999816894533,121.68399810791016,102.75,-0.05453719355874531,-0.056080729107119705,-0.05596211721574329,0.03145034300738625,114.73000030517578,114.05260047912597,129.12186019897462,0.020559359321229244,0.03551028171277493,4.680000305175781,-0.5200042724609091,80731360.0
2022-06-14,102.30999755859376,104.87999725341795,101.43000030517578,104.19000244140624,69728800,103.66999816894533,122.3499984741211,113.05500030517578,106.54000091552734,124.4000015258789,113.18399810791016,101.86000061035156,121.04650115966795,107.8000030517578,104.19000244140624,124.1999969482422,109.06900024414062,-0.013118555361940287,-0.013205363644664271,-0.05453719355874531,-0.025185068024527135,110.59199981689453,113.62757530212403,127.89686019897461,0.020890155900387713,0.03538091933319928,3.4499969482421733,-1.8800048828124716,77645780.0
2022-06-15,107.66999816894533,109.05999755859376,103.52999877929688,103.86000061035156,85011100,102.30999755859376,124.79000091552734,110.8105010986328,104.87999725341795,128.99000549316406,113.99250030517578,101.43000030517578,123.80999755859376,110.35399627685548,104.19000244140624,125.25,113.0999984741211,0.052389802934770247,0.05106358079343476,-0.013118555361940287,0.01994280728922404,107.88999938964844,113.24265022277832,126.6833302307129,0.045287693226870186,0.03620621442284106,5.529998779296889,3.809997558593764,81662680.0
2022-06-16,103.66000366210938,104.58000183105467,102.01000213623048,104.47000122070312,82186300,107.66999816894533,123.0,115.36849975585938,109.05999755859376,124.0999984741211,115.8000030517578,103.52999877929688,120.62999725341795,111.27649688720705,103.86000061035156,122.01000213623048,113.2750015258789,-0.037243378610853695,-0.03795462873180655,0.052389802934770247,-0.014344105316090427,105.39199981689453,113.0700252532959,125.47543045043945,0.04487959030404394,0.033487952765629145,2.5699996948241903,-0.80999755859375,84693980.0
2022-06-17,106.22000122070312,106.9800033569336,102.51000213623048,102.8000030517578,99772100,103.66000366210938,121.18000030517578,107.1125030517578,104.58000183105467,123.75,112.85299682617188,102.01000213623048,120.75,106.2490005493164,104.47000122070312,122.61000061035156,111.4394989013672,0.02469609751257895,0.02439607839682275,-0.037243378610853695,-0.014796745486375773,104.70599975585938,113.01507530212402,124.42471054077149,0.04396971909771332,0.033979774561174826,4.470001220703111,3.4199981689453267,87195200.0
2022-06-21,108.68000030517578,111.62999725341795,103.55999755859376,108.1999969482422,70901200,106.22000122070312,116.1500015258789,107.31900024414062,106.9800033569336,121.3000030517578,110.03399658203124,102.51000213623048,116.0999984741211,106.19300079345705,102.8000030517578,119.98999786376952,106.28050231933594,0.023159471438541024,0.022895360879700146,0.02469609751257895,-0.04150848957443054,105.70800018310547,113.06952514648438,123.4426205444336,0.03518680175412796,0.03437031951349065,8.06999969482419,0.48000335693357954,81519900.0
2022-06-22,108.9499969482422,112.12999725341795,107.0199966430664,107.43000030517578,60040100,108.68000030517578,109.6500015258789,107.59100341796876,111.62999725341795,114.5,109.89800262451172,103.55999755859376,109.0500030517578,105.0094985961914,108.1999969482422,113.41999816894533,109.56849670410156,0.0024843268523027096,0.0024812460138330314,0.023159471438541024,-0.05596211721574329,107.03600006103515,113.13917503356933,122.53241058349609,0.03326597100155001,0.03437009162705708,5.110000610351548,1.5199966430664205,79582160.0
2022-06-23,112.44000244140624,113.0,107.93000030517578,110.38999938964844,64345300,108.9499969482422,103.66999816894533,107.55699920654295,112.12999725341795,106.54000091552734,108.81900024414062,107.0199966430664,101.86000061035156,103.9499969482422,107.43000030517578,104.19000244140624,108.46099853515624,0.032033093996523876,0.031530734371298275,0.0024843268523027096,-0.05453719355874531,107.99000091552735,113.5561752319336,121.75877075195312,0.02809929816604976,0.03408731762801057,5.069999694824219,2.0500030517577983,75449000.0
2022-06-24,116.45999908447266,116.70999908447266,111.43000030517578,112.37999725341795,69867600,112.44000244140624,102.30999755859376,104.0999984741211,113.0,104.87999725341795,105.4000015258789,107.93000030517578,101.43000030517578,101.26000213623048,110.38999938964844,104.19000244140624,104.0250015258789,0.03575237064906056,0.03512809079637107,0.032033093996523876,-0.013118555361940287,110.55,114.04042510986328,121.07222061157226,0.012904080666099885,0.03448951991126567,5.279998779296875,4.080001831054702,72985260.0
2022-06-27,113.22000122070312,117.9800033569336,112.6999969482422,117.08999633789062,62133200,116.45999908447266,107.66999816894533,106.7750015258789,116.70999908447266,109.05999755859376,108.1750030517578,111.43000030517578,103.52999877929688,103.6500015258789,112.37999725341795,103.86000061035156,103.65550231933594,-0.027820692849391482,-0.02821501915746544,0.03575237064906056,0.052389802934770247,111.95,114.14755020141601,120.22580062866211,0.02626774720111469,0.03417403136701788,5.280006408691392,-3.8699951171875,65457480.0
2022-06-28,107.4000015258789,114.8499984741211,107.04000091552734,113.5,74942900,113.22000122070312,103.66000366210938,111.07749938964844,117.9800033569336,104.58000183105467,112.66549682617188,112.6999969482422,102.01000213623048,107.45349884033205,117.08999633789062,104.47000122070312,107.97000122070312,-0.05140434227234392,-0.0527726431080026,-0.027820692849391482,-0.037243378610853695,111.69400024414062,113.76022529602051,119.33967071533203,0.037785185838258704,0.03507045554255646,7.80999755859375,-6.099998474121094,66265820.0
2022-06-29,108.91999816894533,110.98999786376952,106.91000366210938,107.37999725341795,66375300,107.4000015258789,106.22000122070312,115.14649963378906,114.8499984741211,106.9800033569336,115.18699645996094,107.04000091552734,102.51000213623048,112.62799835205078,113.5,102.8000030517578,113.5500030517578,0.014152668728781848,0.01405345471235089,-0.05140434227234392,0.02469609751257895,111.68800048828125,113.19575004577636,118.46237060546875,0.038469384986022856,0.03357552392372935,4.079994201660142,1.5400009155273722,67532860.0
2022-06-30,106.20999908447266,108.18000030517578,102.5199966430664,108.11000061035156,97679400,108.91999816894533,108.68000030517578,120.20950317382812,110.98999786376952,111.62999725341795,121.99449920654295,106.91000366210938,103.55999755859376,115.6750030517578,107.37999725341795,108.1999969482422,116.27999877929688,-0.024880638358708018,-0.0251953932810785,0.014152668728781848,0.023159471438541024,110.44199981689454,112.42205009460449,117.42426071166992,0.03509427236729278,0.03363364191250098,5.660003662109375,-1.9000015258789062,74199680.0
2022-07-01,109.55999755859376,109.75,105.8499984741211,106.29000091552734,73021200,106.20999908447266,108.9499969482422,121.68399810791016,108.18000030517578,112.12999725341795,125.1790008544922,102.5199966430664,107.0199966430664,120.62249755859376,108.11000061035156,107.43000030517578,122.25599670410156,0.03154127203651269,0.031054064397665036,-0.024880638358708018,0.0024843268523027096,109.06199951171875,111.62449989318847,116.53550064086915,0.03372019902921696,0.03363901017263832,3.9000015258789062,3.2699966430664205,74830400.0
2022-07-05,113.5,114.08000183105467,106.31999969482422,107.5999984741211,76583700,109.55999755859376,112.44000244140624,125.51100158691406,109.75,113.0,125.61000061035156,105.8499984741211,107.93000030517578,120.04499816894533,106.29000091552734,110.38999938964844,121.68399810791016,0.035962053023039564,0.03533051481031728,0.03154127203651269,0.032033093996523876,109.11799926757813,111.18199996948242,115.83958053588867,0.03789492757804731,0.03459107389884544,7.7600021362304545,5.900001525878906,77720500.0
2022-07-06,114.33000183105467,115.4800033569336,112.01000213623048,113.20999908447266,66958900,113.5,116.45999908447266,122.3499984741211,114.08000183105467,116.70999908447266,124.4000015258789,106.31999969482422,111.43000030517578,121.04650115966795,107.5999984741211,112.37999725341795,124.1999969482422,0.007312791463036872,0.007286182647943523,0.035962053023039564,0.03575237064906056,110.50399932861328,110.65900001525878,115.23918045043945,0.024184106873892497,0.034260524675252174,3.470001220703111,1.120002746582017,76123700.0
2022-07-07,116.33000183105467,116.98999786376952,113.48999786376952,113.8499984741211,57872300,114.33000183105467,113.22000122070312,124.79000091552734,115.4800033569336,117.9800033569336,128.99000549316406,112.01000213623048,112.6999969482422,123.80999755859376,113.20999908447266,117.08999633789062,125.25,0.01749322109655349,0.017341975999450154,0.007312791463036872,-0.027820692849391482,111.98600006103516,110.32550010681152,114.64430038452149,0.024276176958975458,0.03448405508661016,3.5,2.4800033569335795,74423100.0
2022-07-08,115.54000091552734,116.58000183105467,113.69000244140624,114.5999984741211,45719700,116.33000183105467,107.4000015258789,123.0,116.98999786376952,114.8499984741211,124.0999984741211,113.48999786376952,107.04000091552734,120.62999725341795,113.8499984741211,113.5,122.01000213623048,-0.006791033294013427,-0.006814197291832041,0.01749322109655349,-0.05140434227234392,113.8520004272461,110.0435001373291,114.1672802734375,0.01754318144536001,0.03437661553939916,2.8899993896484375,0.94000244140625,64031160.0
2022-07-11,111.75,114.3000030517578,110.87000274658205,114.08000183105467,53487600,115.54000091552734,108.91999816894533,121.18000030517578,116.58000183105467,110.98999786376952,123.75,113.69000244140624,106.91000366210938,120.75,114.5999984741211,107.37999725341795,122.61000061035156,-0.03280250030721621,-0.03335256478334072,-0.006791033294013427,0.014152668728781848,114.29000091552734,109.82350006103516,113.63894012451172,0.025909500958266878,0.033899336455879274,3.430000305175753,-2.3300018310546733,60124440.0
2022-07-12,109.22000122070312,113.2300033569336,108.33999633789062,112.16000366210938,54280300,111.75,106.20999908447266,116.1500015258789,114.3000030517578,108.18000030517578,121.3000030517578,110.87000274658205,102.5199966430664,116.0999984741211,114.08000183105467,108.11000061035156,119.98999786376952,-0.022639810105564928,-0.022900025593117632,-0.03280250030721621,-0.024880638358708018,113.43400115966797,109.80200004577637,112.93141021728516,0.02070031304821035,0.031831243110582025,4.890007019042969,-2.94000244140625,55663760.0
2022-07-13,110.4000015258789,111.77999877929688,106.01000213623048,107.02999877929688,61353800,109.22000122070312,109.55999755859376,109.6500015258789,113.2300033569336,109.75,114.5,108.33999633789062,105.8499984741211,109.0500030517578,112.16000366210938,106.29000091552734,113.41999816894533,0.010803884746268588,0.0107459397638012,-0.022639810105564928,0.03154127203651269,112.64800109863282,110.13850021362305,112.65378021240234,0.021372214573441455,0.02914824083497615,5.769996643066392,3.3700027465820312,54542740.0
2022-07-14,110.62999725341795,111.18000030517578,107.58000183105467,110.23999786376952,51163100,110.4000015258789,113.5,103.66999816894533,111.77999877929688,114.08000183105467,106.54000091552734,106.01000213623048,106.31999969482422,101.86000061035156,107.02999877929688,107.5999984741211,104.19000244140624,0.002083294604711794,0.002081127555719166,0.010803884746268588,0.035962053023039564,111.50800018310547,110.55450019836425,112.3763801574707,0.017809677256451256,0.028887634246272234,3.599998474121108,0.3899993896484375,53200900.0
2022-07-15,113.5500030517578,115.58999633789062,111.58999633789062,112.5,84317800,110.62999725341795,114.33000183105467,102.30999755859376,111.18000030517578,115.4800033569336,104.87999725341795,107.58000183105467,112.01000213623048,101.43000030517578,110.23999786376952,113.20999908447266,104.19000244140624,0.02639434033114041,0.026052020207380393,0.002083294604711794,0.007312791463036872,111.11000061035156,110.84850044250489,112.16231018066406,0.024259307699054714,0.0271427884284424,4.0,1.0500030517577983,60920520.0
2022-07-18,113.76000213623048,117.23999786376952,113.1500015258789,115.0,59115400,113.5500030517578,116.33000183105467,107.66999816894533,115.58999633789062,116.98999786376952,109.05999755859376,111.58999633789062,113.48999786376952,103.52999877929688,112.5,113.8499984741211,103.86000061035156,0.0018493974357443044,0.0018476894058664548,0.02639434033114041,0.01749322109655349,111.51200103759766,111.35350036621094,111.91894027709961,0.01778568461094521,0.025445659794780435,4.089996337890611,-1.239997863769517,62046080.0
2022-07-19,118.20999908447266,118.9499969482422,114.02999877929688,115.6999969482422,60990000,113.76000213623048,115.54000091552734,103.66000366210938,117.23999786376952,116.58000183105467,104.58000183105467,113.1500015258789,113.69000244140624,102.01000213623048,115.0,114.5999984741211,104.47000122070312,0.03911741266419089,0.03837171118403459,0.0018493974357443044,-0.006791033294013427,113.31000061035157,111.95300025939942,111.95500030517579,0.01630458985524292,0.026226451590547872,4.919998168945327,2.5100021362304545,63388020.0
2022-07-20,122.7699966430664,123.4800033569336,118.31999969482422,118.62000274658205,71268300,118.20999908447266,111.75,106.22000122070312,118.9499969482422,114.3000030517578,106.9800033569336,114.02999877929688,110.87000274658205,102.51000213623048,115.6999969482422,114.08000183105467,102.8000030517578,0.03857539627705431,0.037849962832112935,0.03911741266419089,-0.03280250030721621,115.78399963378907,112.65750007629394,112.11495025634765,0.01863462863074754,0.02698254008526008,5.160003662109375,4.149993896484361,65370920.0
2022-07-21,124.62999725341795,124.8499984741211,121.26000213623048,123.1999969482422,60239900,122.7699966430664,109.22000122070312,108.68000030517578,123.4800033569336,113.2300033569336,111.62999725341795,118.31999969482422,108.33999633789062,103.55999755859376,118.62000274658205,112.16000366210938,108.1999969482422,0.01515028639903937,0.015036666950921374,0.03857539627705431,-0.022639810105564928,118.58399963378906,113.44150009155274,112.43177017211914,0.015932997139992272,0.027032889117183535,3.589996337890611,1.4300003051757528,67186280.0
2022-07-22,122.41999816894533,125.5,121.3499984741211,125.01000213623048,51463800,124.62999725341795,110.4000015258789,108.9499969482422,124.8499984741211,111.77999877929688,112.12999725341795,121.26000213623048,106.01000213623048,107.0199966430664,123.1999969482422,107.02999877929688,107.43000030517578,-0.01773248120979176,-0.01789158533462613,0.01515028639903937,0.010803884746268588,120.35799865722656,113.94049987792968,112.70299011230469,0.024398036981083043,0.02690660474193487,4.150001525878906,-2.5900039672851562,60615480.0
2022-07-25,121.13999938964844,123.63999938964844,120.02999877929688,122.6999969482422,50221300,122.41999816894533,110.62999725341795,112.44000244140624,125.5,111.18000030517578,113.0,121.3499984741211,107.58000183105467,107.93000030517578,125.01000213623048,110.23999786376952,110.38999938964844,-0.010455798059483934,-0.010510843951367733,-0.01773248120979176,0.002083294604711794,121.83399810791016,114.17449989318848,113.01835006713867,0.026624612223121794,0.026062000411559594,3.6100006103515625,-1.5599975585937642,58836660.0
2022-07-26,114.80999755859376,118.1500015258789,114.52999877929688,115.79000091552734,67075100,121.13999938964844,113.5500030517578,116.45999908447266,123.63999938964844,115.58999633789062,116.70999908447266,120.02999877929688,111.58999633789062,111.43000030517578,122.6999969482422,112.5,112.37999725341795,-0.052253606265046604,-0.05366832967343505,-0.010455798059483934,0.02639434033114041,121.15399780273438,114.25399971008301,113.17594009399414,0.03438402698743681,0.028045168344159824,3.6200027465820312,-0.9800033569335795,60053680.0
2022-07-27,120.97000122070312,121.9000015258789,117.16000366210938,117.30999755859376,61582000,114.80999755859376,113.76000213623048,113.22000122070312,118.1500015258789,117.23999786376952,117.9800033569336,114.52999877929688,113.1500015258789,112.6999969482422,115.79000091552734,115.0,117.08999633789062,0.05365389594199388,0.05226402422174644,-0.052253606265046604,0.0018493974357443044,120.79399871826172,114.93249969482422,113.33424011230468,0.039482238004015964,0.02753270714410469,4.739997863769531,3.660003662109361,58116420.0
2022-07-28,122.27999877929688,122.83999633789062,118.08000183105467,121.56999969482422,82245500,120.97000122070312,118.20999908447266,107.4000015258789,121.9000015258789,118.9499969482422,114.8499984741211,117.16000366210938,114.02999877929688,107.04000091552734,117.30999755859376,115.6999969482422,113.5,0.010829110898360028,0.0107708959770675,0.05365389594199388,0.03911741266419089,120.3239990234375,115.60049972534179,113.56363006591796,0.03904893404879438,0.027492987548185348,4.759994506835952,0.7099990844726562,62517540.0
2022-08-01,135.38999938964844,138.8300018310547,133.50999450683594,134.9600067138672,76846900,134.9499969482422,124.62999725341795,106.20999908447266,137.64999389648438,124.8499984741211,108.18000030517578,132.41000366210938,121.26000213623048,102.5199966430664,134.89999389648438,123.1999969482422,108.11000061035156,0.0032604850044939404,0.003255181148895761,0.10361464095050721,0.01515028639903937,125.67999877929688,118.32899971008301,114.52080993652343,0.058386420711649796,0.03383960200321037,5.32000732421875,0.42999267578125,87328480.0
2022-08-02,134.16000366210938,137.44000244140625,134.08999633789062,134.72000122070312,61922400,135.38999938964844,122.41999816894533,109.55999755859376,138.8300018310547,125.5,109.75,133.50999450683594,121.3499984741211,105.8499984741211,134.9600067138672,125.01000213623048,106.29000091552734,-0.009084834427092181,-0.009126353187385704,0.0032604850044939404,-0.01773248120979176,129.55,119.36199989318848,115.05763000488281,0.0462564706778278,0.03360100129022809,3.350006103515625,-0.55999755859375,86297940.0
2022-08-03,139.52000427246094,140.49000549316406,136.0500030517578,136.2100067138672,71827800,134.16000366210938,121.13999938964844,113.5,137.44000244140625,123.63999938964844,114.08000183105467,134.08999633789062,120.02999877929688,106.31999969482422,134.72000122070312,122.6999969482422,107.5999984741211,0.039952299225118226,0.03917484597170419,-0.009084834427092181,-0.010455798059483934,133.26000061035157,120.62150001525879,115.69621002197266,0.04507744599087036,0.034304168511938155,4.44000244140625,3.30999755859375,88347100.0
2022-08-04,142.57000732421875,143.55999755859375,139.5500030517578,140.5800018310547,70585000,139.52000427246094,114.80999755859376,114.33000183105467,140.49000549316406,118.1500015258789,115.4800033569336,136.0500030517578,114.52999877929688,112.01000213623048,136.2100067138672,115.79000091552734,113.20999908447266,0.021860686341448332,0.0216251677554199,0.039952299225118226,-0.052253606265046604,137.31800231933593,121.93350028991699,116.39647018432618,0.04418312292937236,0.034364536072226344,4.0099945068359375,1.9900054931640625,86015000.0
2022-08-05,140.8000030517578,142.86000061035156,139.60000610351562,140.10000610351562,50686900,142.57000732421875,120.97000122070312,116.33000183105467,143.55999755859375,121.9000015258789,116.98999786376952,139.5500030517578,117.16000366210938,113.48999786376952,140.5800018310547,117.30999755859376,113.8499984741211,-0.012414983387324718,-0.012492693140300751,0.021860686341448332,0.05365389594199388,138.48800354003907,123.19650039672851,117.1304702758789,0.022032021975530388,0.034538360957631145,3.2599945068359375,0.6999969482421875,66373800.0
2022-08-08,139.41000366210938,144.22999572753906,138.2899932861328,142.0500030517578,52229000,140.8000030517578,122.27999877929688,115.54000091552734,142.86000061035156,122.83999633789062,116.58000183105467,139.60000610351562,118.08000183105467,113.69000244140624,140.10000610351562,121.56999969482422,114.5999984741211,-0.009872154542052702,-0.009921207364734218,-0.012414983387324718,0.010829110898360028,139.29200439453126,124.57950057983399,117.78317031860351,0.023573662358755954,0.03338707995615935,5.94000244140625,-2.6399993896484375,61450220.0
2022-08-09,137.8300018310547,138.9499969482422,136.2100067138672,138.0500030517578,40434700,139.41000366210938,134.9499969482422,111.75,144.22999572753906,137.64999389648438,114.3000030517578,138.2899932861328,132.41000366210938,110.87000274658205,142.0500030517578,134.89999389648438,114.08000183105467,-0.011333489631663474,-0.011398203042398835,-0.009872154542052702,0.10361464095050721,140.0260040283203,126.01000061035157,118.31822036743164,0.02395387883908871,0.03286787903140634,2.739990234375,-0.220001220703125,57152680.0
2022-08-10,142.69000244140625,144.60000610351562,141.00999450683594,142.89999389648438,54773800,137.8300018310547,135.38999938964844,109.22000122070312,138.9499969482422,138.8300018310547,113.2300033569336,136.2100067138672,133.50999450683594,108.33999633789062,138.0500030517578,134.9600067138672,112.16000366210938,0.0352608325167747,0.03465340706112098,-0.011333489631663474,0.0032604850044939404,140.66000366210938,127.62450065612794,118.86909042358398,0.02230917285436403,0.03326575854006327,3.5900115966796875,-0.209991455078125,53741880.0
2022-08-11,140.63999938964844,144.49000549316406,139.75999450683594,143.86000061035156,44867300,142.69000244140625,134.16000366210938,110.4000015258789,144.60000610351562,137.44000244140625,111.77999877929688,141.00999450683594,134.08999633789062,106.01000213623048,142.89999389648438,134.72000122070312,107.02999877929688,-0.014366830308238487,-0.014471032455294032,0.0352608325167747,-0.009084834427092181,140.2740020751953,129.12500076293946,119.27770034790039,0.021197747282140005,0.03376057330349887,4.730010986328125,-3.220001220703125,48598340.0
2022-08-12,143.5500030517578,143.57000732421875,140.1199951171875,142.0500030517578,47643500,140.63999938964844,139.52000427246094,110.62999725341795,144.49000549316406,140.49000549316406,111.18000030517578,139.75999450683594,136.0500030517578,107.58000183105467,143.86000061035156,136.2100067138672,110.23999786376952,0.020691152408548463,0.020479998229218345,-0.014366830308238487,0.039952299225118226,140.82400207519532,130.62500076293946,119.71502044677734,0.02247608976349344,0.03366187060295947,3.45001220703125,1.5,47989660.0
2022-08-15,143.17999267578125,143.75999450683594,141.49000549316406,142.8000030517578,39014600,143.5500030517578,142.57000732421875,113.5500030517578,143.57000732421875,143.55999755859375,115.58999633789062,140.1199951171875,139.5500030517578,111.58999633789062,142.0500030517578,140.5800018310547,112.5,-0.0025775713556979163,-0.0025808990121560286,0.020691152408548463,0.021860686341448332,141.5779998779297,132.096000289917,120.06840026855468,0.0215625640900783,0.03374875411897848,2.269989013671875,0.3799896240234375,45346780.0
2022-08-16,144.77999877929688,146.57000732421875,142.0,143.91000366210938,59102900,143.17999267578125,140.8000030517578,113.76000213623048,143.75999450683594,142.86000061035156,117.23999786376952,141.49000549316406,139.60000610351562,113.1500015258789,142.8000030517578,140.10000610351562,115.0,0.0111747882760318,0.011112811619446402,-0.0025775713556979163,-0.012414983387324718,142.96799926757814,133.42450027465821,120.5170002746582,0.019401814318250537,0.03314411496754372,4.57000732421875,0.8699951171875,49080420.0
2022-08-17,142.10000610351562,143.3800048828125,140.77999877929688,142.69000244140625,48149800,144.77999877929688,139.41000366210938,118.20999908447266,146.57000732421875,144.22999572753906,118.9499969482422,142.0,138.2899932861328,114.02999877929688,143.91000366210938,142.0500030517578,115.6999969482422,-0.01851079360669594,-0.018684262378250237,0.0111747882760318,-0.009872154542052702,142.85,134.39100074768066,120.86320037841797,0.016629208478309697,0.03307488846272657,2.600006103515625,-0.589996337890625,47755620.0
2022-08-18,142.3000030517578,142.77000427246094,140.3800048828125,141.32000732421875,37458700,142.10000610351562,137.8300018310547,122.7699966430664,143.3800048828125,138.9499969482422,123.4800033569336,140.77999877929688,136.2100067138672,118.31999969482422,142.69000244140625,138.0500030517578,118.62000274658205,0.0014074379989574837,0.0014064484864398943,-0.01851079360669594,-0.011333489631663474,143.18200073242187,135.27450103759764,121.24920043945312,0.01478664097162828,0.03305782308708994,2.3899993896484375,0.9799957275390625,46273900.0
2022-08-19,138.22999572753906,141.11000061035156,137.91000366210938,140.47000122070312,47792800,142.3000030517578,142.69000244140625,124.62999725341795,142.77000427246094,144.60000610351562,124.8499984741211,140.3800048828125,141.00999450683594,121.26000213623048,141.32000732421875,142.89999389648438,123.1999969482422,-0.02860159688639219,-0.02901859297383289,0.0014074379989574837,0.0352608325167747,142.1179992675781,136.06500091552735,121.59020034790039,0.015959359834805172,0.033573812886494594,3.1999969482421875,-2.2400054931640625,46303760.0
2022-08-22,133.22000122070312,136.32000732421875,132.85000610351562,135.72000122070312,50461500,138.22999572753906,140.63999938964844,122.41999816894533,141.11000061035156,144.49000549316406,125.5,137.91000366210938,139.75999450683594,121.3499984741211,140.47000122070312,143.86000061035156,125.01000213623048,-0.036243902638259384,-0.03691702741982209,-0.02860159688639219,-0.014366830308238487,140.1260009765625,136.66900100708008,121.93160034179688,0.019996151940500903,0.03473877580593803,3.470001220703125,-2.5,48593140.0
2022-08-23,133.6199951171875,134.99000549316406,132.9499969482422,133.41000366210938,36252100,133.22000122070312,143.5500030517578,121.13999938964844,136.32000732421875,143.57000732421875,123.63999938964844,132.85000610351562,140.1199951171875,120.02999877929688,135.72000122070312,142.0500030517578,122.6999969482422,0.003002506326521548,0.002998007806707862,-0.036243902638259384,0.020691152408548463,137.8940002441406,137.60950088500977,122.41100021362304,0.01759838082650744,0.032008720277445404,2.040008544921875,0.209991455078125,44022980.0
2022-08-24,133.8000030517578,135.47000122070312,132.10000610351562,132.75,38627000,133.6199951171875,143.17999267578125,114.80999755859376,134.99000549316406,143.75999450683594,118.1500015258789,132.9499969482422,141.49000549316406,114.52999877929688,133.41000366210938,142.8000030517578,115.79000091552734,0.001347163157822573,0.001346256547678855,0.003002506326521548,-0.0025775713556979163,136.23399963378907,138.2510009765625,123.01360031127929,0.019014435191666585,0.030173784838619152,3.3699951171875,1.0500030517578125,42118420.0
2022-08-25,137.27999877929688,137.4199981689453,134.27999877929688,135.25999450683594,37496300,133.8000030517578,144.77999877929688,120.97000122070312,135.47000122070312,146.57000732421875,121.9000015258789,132.10000610351562,142.0,117.16000366210938,132.75,143.91000366210938,117.30999755859376,0.026008936084948253,0.025676456345101635,0.001347163157822573,0.0111747882760318,135.22999877929686,139.0010009765625,123.71300033569337,0.025402250397608406,0.03050479054776772,3.1399993896484375,2.0200042724609375,42125940.0
2022-08-26,130.75,137.8300018310547,130.5,136.5500030517578,53322700,137.27999877929688,142.10000610351562,122.27999877929688,137.4199981689453,143.3800048828125,122.83999633789062,134.27999877929688,140.77999877929688,118.08000183105467,135.25999450683594,142.69000244140625,121.56999969482422,-0.04756700784791723,-0.04873552390255167,0.026008936084948253,-0.01851079360669594,133.73399963378907,138.7910011291504,124.17460037231446,0.030381349471984658,0.022881245464415806,7.3300018310546875,-5.8000030517578125,43231920.0
2022-08-29,129.7899932861328,131.9499969482422,128.77000427246094,129.89999389648438,48101600,130.75,142.3000030517578,134.9499969482422,137.8300018310547,142.77000427246094,137.64999389648438,130.5,140.3800048828125,132.41000366210938,136.5500030517578,141.32000732421875,134.89999389648438,-0.007342307563037775,-0.00736939497405998,-0.04756700784791723,0.0014074379989574837,133.047998046875,138.5110008239746,124.69720016479492,0.026848076720193934,0.022892107952132947,3.17999267578125,-0.1100006103515625,42759940.0
2022-08-30,128.72999572753906,132.07000732421875,126.8499984741211,131.25,49203000,129.7899932861328,138.22999572753906,135.38999938964844,131.9499969482422,141.11000061035156,138.8300018310547,128.77000427246094,137.91000366210938,133.50999450683594,129.89999389648438,140.47000122070312,134.9600067138672,-0.008167020675137082,-0.00820055348874808,-0.007342307563037775,-0.02860159688639219,132.06999816894532,138.2395004272461,125.14740005493164,0.026487367193995994,0.022877778886781098,5.220008850097656,-2.5200042724609375,45350120.0
2022-08-31,126.7699966430664,130.58999633789062,126.73999786376952,129.4499969482422,53648700,128.72999572753906,133.22000122070312,134.16000366210938,132.07000732421875,136.32000732421875,137.44000244140625,126.8499984741211,132.85000610351562,134.08999633789062,131.25,135.72000122070312,134.72000122070312,-0.015225659516225343,-0.01534276001209404,-0.008167020675137082,-0.036243902638259384,130.66399688720702,137.60200004577638,125.50919998168945,0.02619447743275145,0.020809430621407592,3.849998474121108,-2.6800003051757812,48354460.0
2022-09-01,127.81999969482422,128.02000427246094,123.66000366210938,126.0,56636100,126.7699966430664,133.6199951171875,139.52000427246094,130.58999633789062,134.99000549316406,140.49000549316406,126.73999786376952,132.9499969482422,136.0500030517578,129.4499969482422,133.41000366210938,136.2100067138672,0.008282741023605045,0.008248627364462172,-0.015225659516225343,0.003002506326521548,128.7719970703125,136.86449966430663,125.88660003662109,0.020634408441233553,0.020111419380050528,4.3600006103515625,1.8199996948242188,52182420.0
2022-09-02,127.51000213623048,131.3800048828125,126.38999938964844,129.5,57429800,127.81999969482422,133.8000030517578,142.57000732421875,128.02000427246094,135.47000122070312,143.55999755859375,123.66000366210938,132.10000610351562,139.5500030517578,126.0,132.75,140.5800018310547,-0.002425266463259801,-0.002428212185707112,0.008282741023605045,0.001347163157822573,128.1239974975586,136.19999961853028,126.18800003051757,0.008705429318824946,0.020048119378372805,4.9900054931640625,-1.989997863769517,53003840.0
2022-09-06,126.11000061035156,128.6199951171875,124.73999786376952,127.91999816894533,43888600,127.51000213623048,137.27999877929688,140.8000030517578,131.3800048828125,137.4199981689453,142.86000061035156,126.38999938964844,134.27999877929688,139.60000610351562,129.5,135.25999450683594,140.10000610351562,-0.010979542799969266,-0.011040262841267405,-0.002425266463259801,0.026008936084948253,127.38799896240235,135.53499946594238,126.38100006103515,0.00909586217977617,0.020064524486930645,3.879997253417983,-1.8099975585937642,52161240.0
2022-09-07,129.47999572753906,129.82000732421875,125.4000015258789,126.12000274658205,47900300,126.11000061035156,130.75,139.41000366210938,128.6199951171875,137.8300018310547,144.22999572753906,124.73999786376952,130.5,138.2899932861328,127.91999816894533,136.5500030517578,142.0500030517578,0.026722663554652915,0.026371849253352748,-0.010979542799969266,-0.04756700784791723,127.53799896240234,135.1174991607666,126.70619995117187,0.016828766816449334,0.021186298420565394,4.420005798339844,3.359992980957017,51900700.0
2022-09-08,129.82000732421875,130.27999877929688,127.0999984741211,127.72000122070312,43988500,129.47999572753906,129.7899932861328,137.8300018310547,129.82000732421875,131.9499969482422,138.9499969482422,125.4000015258789,128.77000427246094,136.2100067138672,126.12000274658205,129.89999389648438,138.0500030517578,0.0026259778181887405,0.002622535962612139,0.026722663554652915,-0.007342307563037775,128.14800109863282,134.47399940490723,127.15460006713867,0.014130173514320747,0.019261366503098665,3.1800003051757812,2.100006103515625,49968660.0
2022-09-09,133.27000427246094,133.69000244140625,130.75999450683594,130.91000366210938,49387600,129.82000732421875,128.72999572753906,142.69000244140625,130.27999877929688,132.07000732421875,144.60000610351562,127.0999984741211,126.8499984741211,141.00999450683594,127.72000122070312,131.25,142.89999389648438,0.02657523304266962,0.02622824562673727,0.0026259778181887405,-0.008167020675137082,129.23800201416014,134.10549964904786,127.64160018920899,0.01726338332612093,0.020308870665705032,2.9300079345703125,2.3600006103515625,48518960.0
2022-09-12,136.4499969482422,136.49000549316406,134.0,134.10000610351562,53826900,133.27000427246094,126.7699966430664,140.63999938964844,133.69000244140625,130.58999633789062,144.49000549316406,130.75999450683594,126.73999786376952,139.75999450683594,130.91000366210938,129.4499969482422,143.86000061035156,0.023861278411006825,0.023581047138634757,0.02657523304266962,-0.015225659516225343,131.0260009765625,133.75049934387206,128.24640014648438,0.017104883012665047,0.020510685975699446,2.4900054931640625,2.3499908447265625,47798380.0
2022-09-13,126.81999969482422,131.39999389648438,126.2699966430664,131.00999450683594,72694000,136.4499969482422,127.81999969482422,143.5500030517578,136.49000549316406,128.02000427246094,143.57000732421875,134.0,123.66000366210938,140.1199951171875,134.10000610351562,126.0,142.0500030517578,-0.0705752837581286,-0.07318946892343868,0.023861278411006825,0.008282741023605045,131.16800079345703,132.93249969482423,128.59160018920898,0.04171482489932557,0.025566252791487106,5.129997253417969,-4.189994812011719,53559460.0
2022-09-14,128.5500030517578,128.83999633789062,126.33000183105467,127.36000061035156,45316800,126.81999969482422,127.51000213623048,143.17999267578125,131.39999389648438,131.3800048828125,143.75999450683594,126.2699966430664,126.38999938964844,141.49000549316406,131.00999450683594,129.5,142.8000030517578,0.01364140798846103,0.013549201586232946,-0.0705752837581286,-0.002425266463259801,130.98200225830078,132.12099990844726,128.89260025024413,0.04014492664380627,0.025657885870313115,2.5099945068359517,1.19000244140625,53042760.0
2022-09-15,126.27999877929688,130.3699951171875,125.5,127.37999725341795,52887200,128.5500030517578,126.11000061035156,144.77999877929688,128.83999633789062,128.6199951171875,146.57000732421875,126.33000183105467,124.73999786376952,142.0,127.36000061035156,127.91999816894533,143.91000366210938,-0.0176585314552421,-0.017816303428596674,0.01364140798846103,-0.010979542799969266,130.2740005493164,131.32999954223632,129.131600189209,0.040735993240565024,0.025636027492246107,4.8699951171875,-1.0999984741210795,54822500.0
2022-09-16,123.52999877929688,123.87000274658205,120.6999969482422,122.77999877929688,115667800,126.27999877929688,129.47999572753906,142.10000610351562,130.3699951171875,129.82000732421875,143.3800048828125,125.5,125.4000015258789,140.77999877929688,127.37999725341795,126.12000274658205,142.69000244140625,-0.021777003694830932,-0.02201762235626526,-0.0176585314552421,0.026722663554652915,128.32599945068358,130.3914993286133,129.27560012817383,0.03698274957312948,0.02582759181677655,3.1700057983398438,0.75,68078540.0
2022-09-19,124.66000366210938,124.70999908447266,121.8000030517578,122.16000366210938,47279700,123.52999877929688,129.82000732421875,142.3000030517578,123.87000274658205,130.27999877929688,142.77000427246094,120.6999969482422,127.0999984741211,140.3800048828125,122.77999877929688,127.72000122070312,141.32000732421875,0.009147615105472573,0.009106029090597056,-0.021777003694830932,0.0026259778181887405,125.96800079345704,129.7129997253418,129.45800018310547,0.0335975104793241,0.025522241787205083,2.909996032714858,2.5,66769100.0
2022-09-20,122.19000244140624,124.4000015258789,121.13999938964844,123.3499984741211,47698400,124.66000366210938,133.27000427246094,138.22999572753906,124.70999908447266,133.69000244140625,141.11000061035156,121.8000030517578,130.75999450683594,137.91000366210938,122.16000366210938,130.91000366210938,140.47000122070312,-0.019813903001303257,-0.020012830448643784,0.009147615105472573,0.02657523304266962,125.04200134277343,129.16149978637696,129.6668002319336,0.017194089653270603,0.024709617136088713,3.2600021362304688,-1.159996032714858,61769980.0
2022-09-21,118.54000091552734,123.76000213623048,118.4499969482422,122.48999786376952,58498900,122.19000244140624,136.4499969482422,133.22000122070312,124.4000015258789,136.49000549316406,136.32000732421875,121.13999938964844,134.0,132.85000610351562,123.3499984741211,134.10000610351562,135.72000122070312,-0.02987152347123634,-0.030326766225786016,-0.019813903001303257,0.023861278411006825,123.04000091552734,128.40750007629396,129.85320022583008,0.014794356366583591,0.025304425562579815,5.310005187988281,-3.9499969482421733,64406400.0
2022-09-22,117.30999755859376,118.79000091552734,116.26000213623048,117.08000183105467,55229200,118.54000091552734,126.81999969482422,133.6199951171875,123.76000213623048,131.39999389648438,134.99000549316406,118.4499969482422,126.2699966430664,132.9499969482422,122.48999786376952,131.00999450683594,133.41000366210938,-0.010376272544574183,-0.010430481377003647,-0.02987152347123634,-0.0705752837581286,121.24600067138672,127.58299980163574,129.99140014648438,0.014947270713387355,0.025269336249648267,2.529998779296861,0.22999572753909092,64874800.0
2022-09-23,113.77999877929688,116.0500030517578,112.05999755859376,116.0,65126700,117.30999755859376,128.5500030517578,133.8000030517578,118.79000091552734,128.83999633789062,135.47000122070312,116.26000213623048,126.33000183105467,132.10000610351562,117.08000183105467,127.36000061035156,132.75,-0.0300912015408894,-0.030553234112175812,-0.010376272544574183,0.01364140798846103,119.29600067138672,126.40799980163574,130.05440017700195,0.01635048712271336,0.024605450650728704,3.990005493164034,-2.220001220703125,54766580.0
2022-09-26,115.1500015258789,117.33999633789062,113.12999725341795,113.3000030517578,62723300,113.77999877929688,126.27999877929688,137.27999877929688,116.0500030517578,130.3699951171875,137.4199981689453,112.05999755859376,125.5,134.27999877929688,116.0,127.37999725341795,135.25999450683594,0.012040804722097675,0.011968890924047326,-0.0300912015408894,-0.0176585314552421,117.39400024414063,125.62799987792968,130.08640014648438,0.01748375806220975,0.02326825771839694,4.2099990844726705,1.849998474121108,57855300.0
2022-09-27,114.41000366210938,118.31999969482422,113.0500030517578,117.1999969482422,60094700,115.1500015258789,123.52999877929688,130.75,117.33999633789062,123.87000274658205,137.8300018310547,113.12999725341795,120.6999969482422,130.5,113.3000030517578,122.77999877929688,136.5500030517578,-0.006426381710496365,-0.00644711979642255,0.012040804722097675,-0.021777003694830932,115.83800048828125,124.85900039672852,130.09940017700194,0.017705088299851953,0.02326652367434426,5.2699966430664205,-2.7899932861328267,60334560.0
2022-09-28,118.01000213623048,118.6999969482422,113.8000030517578,114.37999725341795,55763800,114.41000366210938,124.66000366210938,129.7899932861328,118.31999969482422,124.70999908447266,131.9499969482422,113.0500030517578,121.8000030517578,128.77000427246094,117.1999969482422,122.16000366210938,129.89999389648438,0.0314657666190894,0.030980865018271533,-0.006426381710496365,0.009147615105472573,115.73200073242188,124.32300071716308,130.09540023803712,0.02338389687407711,0.024717011656636173,4.899993896484403,3.6300048828125284,59787540.0
2022-09-29,114.8000030517578,116.06999969482422,113.05999755859376,115.5999984741211,58969700,118.01000213623048,122.19000244140624,128.72999572753906,118.6999969482422,124.4000015258789,132.07000732421875,113.8000030517578,121.13999938964844,126.8499984741211,114.37999725341795,123.3499984741211,131.25,-0.027201076403397306,-0.027577874271049487,0.0314657666190894,-0.019813903001303257,115.2300018310547,123.72450103759766,129.93600036621095,0.026172729577034252,0.025143546030365338,3.0100021362304545,-0.7999954223632955,60535640.0
2022-09-30,113.0,116.91999816894533,112.83999633789062,114.08000183105467,59479600,114.8000030517578,118.54000091552734,126.7699966430664,116.06999969482422,123.76000213623048,130.58999633789062,113.05999755859376,118.4499969482422,126.73999786376952,115.5999984741211,122.48999786376952,129.4499969482422,-0.015679468675155572,-0.015803691756381223,-0.027201076403397306,-0.02987152347123634,115.07400207519531,122.98350105285644,129.7034004211426,0.02321308521042618,0.02506606598707414,4.080001831054702,-1.0800018310546733,59406220.0
2022-10-03,115.87999725341795,116.91000366210938,112.4499969482422,113.58000183105467,50941900,113.0,117.30999755859376,127.81999969482422,116.91999816894533,118.79000091552734,128.02000427246094,112.83999633789062,116.26000213623048,123.66000366210938,114.08000183105467,117.08000183105467,126.0,0.02548670135768094,0.025167330486858045,-0.015679468675155572,-0.010376272544574183,115.22000122070312,122.40200080871583,129.57260040283202,0.025763434516479135,0.02602486539977004,4.460006713867173,2.2999954223632812,57049940.0
2022-10-04,121.08999633789062,123.0,119.79000091552734,119.88999938964844,62812600,115.87999725341795,113.77999877929688,127.51000213623048,116.91000366210938,116.0500030517578,131.3800048828125,112.4499969482422,112.05999755859376,126.38999938964844,113.58000183105467,116.0,129.5,0.04496029692750958,0.043978891324203705,0.02548670135768094,-0.0300912015408894,116.55599975585938,122.15100059509277,129.57160034179688,0.031424029081104865,0.028200599139002844,3.2099990844726562,1.1999969482421875,57593520.0
2022-10-05,120.9499969482422,121.75,117.69000244140624,118.58000183105467,48217500,121.08999633789062,115.1500015258789,126.11000061035156,123.0,117.33999633789062,128.6199951171875,119.79000091552734,113.12999725341795,124.73999786376952,119.88999938964844,113.3000030517578,127.91999816894533,-0.001156159830559167,-0.0011568286989315974,0.04496029692750958,0.012040804722097675,117.14399871826171,121.72450065612793,129.69440032958985,0.029658812044887174,0.02740220470532924,4.059997558593764,2.3699951171875284,56084260.0
2022-10-06,120.3000030517578,121.52999877929688,119.5,120.7699966430664,42253800,120.9499969482422,114.41000366210938,129.47999572753906,121.75,118.31999969482422,129.82000732421875,117.69000244140624,113.0500030517578,125.4000015258789,118.58000183105467,117.1999969482422,126.12000274658205,-0.005374071210291542,-0.005388563475942685,-0.001156159830559167,-0.006426381710496365,118.24399871826172,121.24850044250488,129.68100036621092,0.024908311545130814,0.027373501205513535,2.029998779296875,-0.46999359130860796,52741080.0
2022-10-07,114.55999755859376,118.16999816894533,113.87999725341795,118.0,54678000,120.3000030517578,118.01000213623048,129.82000732421875,121.52999877929688,118.6999969482422,130.27999877929688,119.5,113.8000030517578,127.0999984741211,120.7699966430664,114.37999725341795,127.72000122070312,-0.04771409266460669,-0.04888996644735069,-0.005374071210291542,0.0314657666190894,118.55599822998047,120.31300010681153,129.52660034179686,0.03509040787356231,0.02811633437647667,4.290000915527372,-3.440002441406236,51780760.0
2022-10-10,113.66999816894533,116.25,112.43000030517578,115.0999984741211,42339700,114.55999755859376,114.8000030517578,133.27000427246094,118.16999816894533,116.06999969482422,133.69000244140625,113.87999725341795,113.05999755859376,130.75999450683594,118.0,115.5999984741211,130.91000366210938,-0.007768849586377025,-0.007799184311071454,-0.04771409266460669,-0.027201076403397306,118.11399841308594,119.17400016784669,129.10100036621094,0.03290317306499461,0.02715292544661252,3.8199996948242188,-1.430000305175767,50060320.0
2022-10-11,112.20999908447266,115.4800033569336,110.38999938964844,112.70999908447266,56432200,113.66999816894533,113.0,136.4499969482422,116.25,116.91999816894533,136.49000549316406,112.43000030517578,112.83999633789062,134.0,115.0999984741211,114.08000183105467,134.10000610351562,-0.01284419027000161,-0.012927390072384172,-0.007768849586377025,-0.015679468675155572,116.33799896240234,118.4435001373291,128.63740036010742,0.01878466966329014,0.02298123335575106,5.090003967285156,-0.5,48784240.0
2022-10-12,112.9000015258789,113.83000183105467,111.4000015258789,112.48999786376952,45728700,112.20999908447266,115.87999725341795,126.81999969482422,115.4800033569336,116.91000366210938,131.39999389648438,110.38999938964844,112.4499969482422,126.2699966430664,112.70999908447266,113.58000183105467,131.00999450683594,0.006149206372302096,0.006130377153208065,-0.01284419027000161,0.02548670135768094,114.72799987792969,117.66100006103515,128.2122003173828,0.02034700099117488,0.022706197121069218,2.430000305175767,0.4100036621093892,48286480.0
2022-10-13,112.52999877929688,113.44000244140624,105.3499984741211,107.87999725341795,86868100,112.9000015258789,121.08999633789062,128.5500030517578,113.83000183105467,123.0,128.83999633789062,111.4000015258789,119.79000091552734,126.33000183105467,112.48999786376952,119.88999938964844,127.36000061035156,-0.00327726077574253,-0.0032826427568259787,0.006149206372302096,0.04496029692750958,113.1739990234375,116.97350006103515,127.67240020751953,0.020576927397776775,0.022552257678971985,8.090003967285142,4.6500015258789205,57209340.0
2022-10-14,106.9000015258789,114.95999908447266,106.5999984741211,114.0999984741211,67737300,112.52999877929688,120.9499969482422,126.27999877929688,113.44000244140624,121.75,130.3699951171875,105.3499984741211,117.69000244140624,125.5,107.87999725341795,118.58000183105467,127.37999725341795,-0.05003107895219994,-0.05132600960921381,-0.00327726077574253,-0.001156159830559167,111.64199981689453,116.14200019836426,126.95900009155274,0.021554447299423022,0.024431754198362403,8.360000610351562,-7.1999969482421875,59821200.0
2022-10-17,113.79000091552734,114.19000244140624,110.08999633789062,110.11000061035156,62782000,106.9000015258789,120.3000030517578,123.52999877929688,114.95999908447266,121.52999877929688,123.87000274658205,106.5999984741211,119.5,120.6999969482422,114.0999984741211,120.7699966430664,122.77999877929688,0.06445275295885255,0.06246082010978991,-0.05003107895219994,-0.005374071210291542,111.66600036621094,115.59850006103515,126.41880004882813,0.0414331785581051,0.029040926525668517,4.100006103515611,3.6800003051757812,63909660.0
2022-10-18,116.36000061035156,119.5199966430664,114.79000091552734,119.05999755859376,65607400,113.79000091552734,114.55999755859376,124.66000366210938,114.19000244140624,118.16999816894533,124.70999908447266,110.08999633789062,113.87999725341795,121.8000030517578,110.11000061035156,118.0,122.16000366210938,0.022585461588422673,0.022334186457693587,0.06445275295885255,-0.04771409266460669,112.49600067138672,115.30699996948242,125.95779998779297,0.04152666087624263,0.02938310596048767,4.7299957275390625,-2.6999969482422017,65744700.0
2022-10-19,115.06999969482422,116.58999633789062,113.22000122070312,114.70999908447266,47198100,116.36000061035156,113.66999816894533,122.19000244140624,119.5199966430664,116.25,124.4000015258789,114.79000091552734,112.43000030517578,121.13999938964844,119.05999755859376,115.0999984741211,123.3499984741211,-0.01108629175628062,-0.011148202689094493,0.022585461588422673,-0.007768849586377025,112.93000030517578,115.13349990844726,125.50259994506835,0.04242189656465511,0.028739598429487173,3.3699951171875,0.3600006103515625,66038580.0
2022-10-20,115.25,118.23999786376952,113.51000213623048,113.83000183105467,48795100,115.06999969482422,112.20999908447266,118.54000091552734,116.58999633789062,115.4800033569336,123.76000213623048,113.22000122070312,110.38999938964844,118.4499969482422,114.70999908447266,112.70999908447266,122.48999786376952,0.0015642678860967596,0.0015630456934787908,-0.01108629175628062,-0.01284419027000161,113.4740005493164,115.03050003051757,124.95379989624024,0.0422540998776366,0.02866054437491094,4.729995727539034,1.4199981689453267,58423980.0
2022-10-21,119.31999969482422,119.58999633789062,114.5,114.79000091552734,55660500,115.25,112.9000015258789,117.30999755859376,118.23999786376952,113.83000183105467,118.79000091552734,113.51000213623048,111.4000015258789,116.26000213623048,113.83000183105467,112.48999786376952,117.08000183105467,0.03531453097461368,0.03470527521216521,0.0015642678860967596,0.006149206372302096,115.95800018310547,115.30750007629395,124.52739990234375,0.029540544114529645,0.02883701439633047,5.089996337890625,4.529998779296875,56008620.0
2022-10-24,119.81999969482422,120.38999938964844,116.56999969482422,119.9800033569336,49531500,119.31999969482422,112.52999877929688,113.77999877929688,119.58999633789062,113.44000244140624,116.0500030517578,114.5,105.3499984741211,112.05999755859376,114.79000091552734,107.87999725341795,116.0,0.004190412347291339,0.0041816570199037775,0.03531453097461368,-0.00327726077574253,117.16399993896485,115.5409999847412,124.05279983520508,0.01835377747663883,0.028757544262369206,3.8199996948242188,-0.160003662109375,53358520.0
2022-10-25,120.5999984741211,121.31999969482422,118.9499969482422,119.6500015258789,50934600,119.81999969482422,106.9000015258789,115.1500015258789,120.38999938964844,114.95999908447266,117.33999633789062,116.56999969482422,106.5999984741211,113.12999725341795,119.9800033569336,114.0999984741211,113.3000030517578,0.006509754475742646,0.006488657531862419,0.004190412347291339,-0.05003107895219994,118.01199951171876,115.85049972534179,123.60119995117188,0.017073827234845046,0.028694445152338502,2.370002746582017,0.9499969482421875,50423960.0
2022-10-26,115.66000366210938,119.3499984741211,114.76000213623048,116.0,68802300,120.5999984741211,113.79000091552734,114.41000366210938,121.31999969482422,114.19000244140624,118.31999969482422,118.9499969482422,110.08999633789062,113.0500030517578,119.6500015258789,110.11000061035156,117.1999969482422,-0.040961814879887926,-0.04182438724790477,0.006509754475742646,0.06445275295885255,118.13000030517578,115.73299980163574,123.01880004882813,0.02728833281941763,0.029476185761329064,4.589996337890611,-0.339996337890625,54744800.0
2022-10-27,110.95999908447266,114.12000274658205,109.7699966430664,113.91999816894533,129605400,115.66000366210938,116.36000061035156,118.01000213623048,119.3499984741211,119.5199966430664,118.6999969482422,114.76000213623048,114.79000091552734,113.8000030517578,116.0,119.05999755859376,114.37999725341795,-0.04063638620803933,-0.04148511663717591,-0.040961814879887926,0.022585461588422673,117.27200012207031,115.54099960327149,122.39599990844727,0.03310212069472666,0.030257225767123117,4.350006103515639,-2.9599990844726705,70906860.0
2022-10-28,103.41000366210938,103.95999908447266,97.66000366210938,97.91000366210938,223133400,110.95999908447266,115.06999969482422,114.8000030517578,114.12000274658205,116.58999633789062,116.06999969482422,109.7699966430664,113.22000122070312,113.05999755859376,113.91999816894533,114.70999908447266,115.5999984741211,-0.06804249715805744,-0.07046806314523207,-0.04063638620803933,-0.01108629175628062,114.09000091552734,115.06149978637696,121.61819992065429,0.03224131583218877,0.03364581161596885,6.299995422363281,5.5,104401440.0
2022-10-31,102.44000244140624,104.87000274658205,100.73999786376952,103.55999755859376,99251400,103.41000366210938,115.25,113.0,103.95999908447266,118.23999786376952,116.91999816894533,97.66000366210938,113.51000213623048,112.83999633789062,97.91000366210938,113.83000183105467,114.08000183105467,-0.009380148789788323,-0.009424419446504316,-0.06804249715805744,0.0015642678860967596,110.61400146484375,114.38950004577637,120.90240005493165,0.029314693438997366,0.03293978497464744,4.130004882812528,-1.1199951171875284,114345420.0
2022-11-01,96.79000091552734,104.58000183105467,96.05999755859376,103.98999786376952,153370000,102.44000244140624,119.31999969482422,115.87999725341795,104.87000274658205,119.58999633789062,116.91000366210938,100.73999786376952,114.5,112.4499969482422,103.55999755859376,114.79000091552734,113.58000183105467,-0.05515425020719411,-0.056733592543970986,-0.009380148789788323,0.03531453097461368,105.852001953125,113.1745002746582,120.17380004882813,0.02187893754982657,0.032450955195206244,8.520004272460909,-7.199996948242173,134832500.0
2022-11-02,92.12000274658205,97.73999786376952,92.01000213623048,97.31999969482422,135761800,96.79000091552734,119.81999969482422,121.08999633789062,104.58000183105467,120.38999938964844,123.0,96.05999755859376,116.56999969482422,119.79000091552734,103.98999786376952,119.9800033569336,119.88999938964844,-0.04824876665742572,-0.04945158785215427,-0.05515425020719411,0.004190412347291339,101.14400177001953,111.73300056457519,119.34380020141602,0.02196549261614756,0.033421134005476014,5.729995727539034,-5.199996948242173,148224400.0
2022-11-03,89.30000305175781,93.5,89.0199966430664,92.47000122070312,136683300,92.12000274658205,120.5999984741211,120.9499969482422,97.73999786376952,121.31999969482422,121.75,92.01000213623048,118.9499969482422,117.69000244140624,97.31999969482422,119.6500015258789,118.58000183105467,-0.030612240672440283,-0.031090582711074753,-0.04824876665742572,0.006509754475742646,96.81200256347657,110.1830005645752,118.45380020141602,0.02282331748274252,0.0335945502565028,4.480003356933594,-3.1699981689453125,149639980.0
2022-11-04,90.9800033569336,92.44000244140624,88.04000091552734,91.48999786376952,129101300,89.30000305175781,115.66000366210938,120.3000030517578,93.5,119.3499984741211,121.52999877929688,89.0199966430664,114.76000213623048,119.5,92.47000122070312,116.0,120.7699966430664,0.01881299269611514,0.018638216982674413,-0.030612240672440283,-0.040961814879887926,94.32600250244141,109.00400085449219,117.52780029296875,0.03018610776151308,0.033399691928681655,4.400001525878892,-0.5099945068359233,130833560.0
2022-11-07,90.52999877929688,92.0999984741211,89.04000091552734,91.9499969482422,77495700,90.9800033569336,110.95999908447266,114.55999755859376,92.44000244140624,114.12000274658205,118.16999816894533,88.04000091552734,109.7699966430664,113.87999725341795,91.48999786376952,113.91999816894533,118.0,-0.00494619214148917,-0.004958465035960488,0.01881299269611514,-0.04063638620803933,91.94400177001953,107.84700088500976,116.72340026855468,0.030815204229002528,0.03341968017445375,3.05999755859375,-1.4199981689453267,126482420.0
2022-11-08,89.9800033569336,91.72000122070312,88.2300033569336,90.79000091552734,88703400,90.52999877929688,103.41000366210938,113.66999816894533,92.0999984741211,103.95999908447266,116.25,89.04000091552734,97.66000366210938,112.43000030517578,91.9499969482422,97.91000366210938,115.0999984741211,-0.006075283660437414,-0.006093813282808144,-0.00494619214148917,-0.06804249715805744,90.58200225830078,106.73550109863281,115.9272004699707,0.025836896346272634,0.03343197040548956,3.4899978637695312,-0.80999755859375,113549100.0
2022-11-09,86.13999938964844,89.4800033569336,85.87000274658203,89.47000122070312,90796200,89.9800033569336,102.44000244140624,112.20999908447266,91.72000122070312,104.87000274658205,115.4800033569336,88.2300033569336,100.73999786376952,110.38999938964844,90.79000091552734,103.55999755859376,112.70999908447266,-0.042676192754212194,-0.043613588180190316,-0.006075283660437414,-0.009380148789788323,89.38600158691406,105.39750099182129,115.0754005432129,0.02406086072010602,0.03393543019356866,3.6100006103515625,-3.3300018310546875,104555980.0
2022-11-11,100.79000091552734,101.19000244140624,96.66000366210938,97.87999725341795,111590500,96.62999725341795,92.12000274658205,112.52999877929688,98.69000244140624,97.73999786376952,113.44000244140624,91.6500015258789,92.01000213623048,105.3499984741211,92.94000244140624,97.31999969482422,107.87999725341795,0.04305085149903842,0.042149929862782536,0.12177847617944271,-0.04824876665742572,92.81399993896484,104.29700088500977,113.93200057983398,0.06343491794700384,0.045475468123799094,4.529998779296861,2.910003662109389,108400140.0
2022-11-14,98.48999786376952,100.12000274658205,97.29000091552734,98.7699966430664,99533100,100.79000091552734,89.30000305175781,106.9000015258789,101.19000244140624,93.5,114.95999908447266,96.66000366210938,89.0199966430664,106.5999984741211,97.87999725341795,92.47000122070312,114.0999984741211,-0.022819754250081536,-0.023084154958510558,0.04305085149903842,-0.030612240672440283,94.40599975585937,103.53200073242188,113.35160049438477,0.06580818001441333,0.04287856178343355,2.8300018310547017,-0.2799987792968892,112807620.0
2022-11-15,98.94000244140624,103.79000091552734,97.33999633789062,103.20999908447266,111336300,98.48999786376952,90.9800033569336,113.79000091552734,100.12000274658205,92.44000244140624,114.19000244140624,97.29000091552734,88.04000091552734,110.08999633789062,98.7699966430664,91.48999786376952,110.11000061035156,0.004569038353104293,0.004558631983396615,-0.022819754250081536,0.01881299269611514,96.1979995727539,102.6610008239746,112.80820053100587,0.06497519769676677,0.042425715751231656,6.450004577636719,-4.2699966430664205,117334200.0
2022-11-16,97.12000274658205,98.48999786376952,95.54000091552734,96.8499984741211,87958800,98.94000244140624,90.52999877929688,116.36000061035156,103.79000091552734,92.0999984741211,119.5199966430664,97.33999633789062,89.04000091552734,114.79000091552734,103.20999908447266,91.9499969482422,119.05999755859376,-0.018394983322362668,-0.01856627488370557,0.004569038353104293,-0.00494619214148917,98.39400024414063,101.7635009765625,112.16100067138672,0.05974352948505256,0.042491992095689136,2.9499969482421733,0.2700042724609517,116766720.0
2022-11-17,94.8499984741211,96.97000122070312,94.02999877929688,95.37000274658205,82617900,97.12000274658205,89.9800033569336,115.06999969482422,98.48999786376952,91.72000122070312,116.58999633789062,95.54000091552734,88.2300033569336,113.22000122070312,96.8499984741211,90.79000091552734,114.70999908447266,-0.023373189953300733,-0.02365067529774173,-0.018394983322362668,-0.006075283660437414,98.03800048828126,100.74350090026856,111.46160049438477,0.028381735631489453,0.04257447953867281,2.94000244140625,-0.5200042724609517,98607320.0
2022-11-18,94.13999938964844,95.98999786376952,92.4800033569336,95.9499969482422,72428200,94.8499984741211,86.13999938964844,115.25,96.97000122070312,89.4800033569336,118.23999786376952,94.02999877929688,85.87000274658203,113.51000213623048,95.37000274658205,89.47000122070312,113.83000183105467,-0.007485493894513584,-0.007513650804188213,-0.023373189953300733,-0.042676192754212194,96.70800018310547,99.48450088500977,110.67900039672851,0.01194741591013209,0.04129387266190914,3.5099945068359233,-1.8099975585937642,90774860.0
2022-11-21,92.45999908447266,95.0199966430664,90.58999633789062,93.97000122070312,84330300,94.13999938964844,96.62999725341795,119.31999969482422,95.98999786376952,98.69000244140624,119.58999633789062,92.4800033569336,91.6500015258789,114.5,95.9499969482422,92.94000244140624,114.79000091552734,-0.017845764989037338,-0.018006920831346168,-0.007485493894513584,0.12177847617944271,95.50200042724609,98.11650085449219,109.79920043945313,0.011158533152642928,0.04116114710565301,4.430000305175781,-1.5100021362304688,87734300.0
2022-11-22,93.1999969482422,93.3499984741211,90.87000274658205,92.62000274658205,62192000,92.45999908447266,100.79000091552734,119.81999969482422,95.0199966430664,101.19000244140624,120.38999938964844,90.58999633789062,96.66000366210938,116.56999969482422,93.97000122070312,97.87999725341795,119.9800033569336,0.008003437930963697,0.007971580289157953,-0.017845764989037338,0.04305085149903842,94.35399932861328,96.74650077819824,109.12680038452149,0.01249773058260509,0.041198022506511923,2.4799957275390483,0.5799942016601562,77905440.0
2022-11-23,94.12999725341795,94.58000183105467,92.83000183105467,93.23999786376952,59414700,93.1999969482422,98.48999786376952,120.5999984741211,93.3499984741211,100.12000274658205,121.31999969482422,90.87000274658205,97.29000091552734,118.9499969482422,92.62000274658205,98.7699966430664,119.6500015258789,0.009978544373689502,0.009929087433161404,0.008003437930963697,-0.022819754250081536,93.75599822998046,95.67000045776368,108.43840026855469,0.014963809107726348,0.0408881785834367,1.75,0.8899993896484375,72196620.0
2022-11-25,93.41000366210938,94.43000030517578,93.06999969482422,93.79000091552734,35088600,94.12999725341795,98.94000244140624,115.66000366210938,94.58000183105467,103.79000091552734,119.3499984741211,92.83000183105467,97.33999633789062,114.76000213623048,93.23999786376952,103.20999908447266,116.0,-0.007648928209040617,-0.007678331291085061,0.009978544373689502,0.004569038353104293,93.46799926757812,94.79250068664551,107.78100036621093,0.011743585342604052,0.04022496376812157,1.3600006103515625,-0.37999725341796875,62690760.0
2022-11-28,93.9499969482422,96.4000015258789,93.43000030517578,93.93000030517578,74943100,93.41000366210938,97.12000274658205,110.95999908447266,94.43000030517578,98.48999786376952,114.12000274658205,93.06999969482422,95.54000091552734,109.7699966430664,93.79000091552734,96.8499984741211,113.91999816894533,0.00578089353348199,0.0057642482872482335,-0.007648928209040617,-0.018394983322362668,93.42999877929688,94.31950035095215,107.18940032958984,0.011973122912332651,0.037717412977030684,2.970001220703125,0.01999664306642046,63193740.0
2022-11-29,92.41999816894533,94.41000366210938,91.44000244140624,94.04000091552734,65567300,93.9499969482422,94.8499984741211,103.41000366210938,96.4000015258789,96.97000122070312,103.95999908447266,93.43000030517578,94.02999877929688,97.66000366210938,93.93000030517578,95.37000274658205,97.91000366210938,-0.016285245651894598,-0.016419307746887702,0.00578089353348199,-0.023373189953300733,93.4219985961914,93.8185001373291,106.54460021972656,0.011410023626892916,0.03779947330815309,2.970001220703139,-1.620002746582017,59441140.0
2022-11-30,96.54000091552734,96.54000091552734,91.52999877929688,92.47000122070312,102805800,92.41999816894533,94.13999938964844,102.44000244140624,94.41000366210938,95.98999786376952,104.87000274658205,91.44000244140624,92.4800033569336,100.73999786376952,94.04000091552734,95.9499969482422,103.55999755859376,0.04457912603558567,0.043614054085946284,-0.016285245651894598,-0.007485493894513584,94.08999938964844,93.80600013732911,106.03160018920899,0.02333960133123258,0.03733821598892076,5.010002136230469,4.069999694824219,67563900.0
2022-12-01,95.5,97.2300033569336,94.91999816894533,96.98999786376952,68488000,96.54000091552734,92.45999908447266,96.79000091552734,96.54000091552734,95.0199966430664,104.58000183105467,91.52999877929688,90.58999633789062,96.05999755859376,92.47000122070312,93.97000122070312,103.98999786376952,-0.010772746070691896,-0.010831192229061232,0.04457912603558567,-0.017845764989037338,94.36399993896484,93.975,105.57080017089844,0.024553414676391622,0.03566554094795307,2.310005187988267,-1.489997863769517,69378560.0
2022-12-02,94.12999725341795,95.36000061035156,93.77999877929688,94.4800033569336,72496400,95.5,93.1999969482422,92.12000274658205,97.2300033569336,93.3499984741211,97.73999786376952,94.91999816894533,90.87000274658205,92.01000213623048,96.98999786376952,92.62000274658205,97.31999969482422,-0.014345578498241363,-0.014449471106160716,-0.010772746070691896,0.008003437930963697,94.50799865722657,94.21649971008301,105.10720016479492,0.025454520804033678,0.03505378124593011,1.5800018310546875,-0.3500061035156392,76860120.0
2022-12-05,91.01000213623048,94.05999755859376,90.81999969482422,93.0500030517578,71535500,94.12999725341795,94.12999725341795,89.30000305175781,95.36000061035156,94.58000183105467,93.5,93.77999877929688,92.83000183105467,89.0199966430664,94.4800033569336,93.23999786376952,92.47000122070312,-0.03314559872755318,-0.03370736231877902,-0.014345578498241363,0.009978544373689502,93.91999969482421,94.21799964904785,104.65180023193359,0.02955226473961434,0.035753714253643896,3.2399978637695455,-2.0400009155273153,76178600.0
2022-12-06,88.25,91.04000091552734,87.9000015258789,90.5,75503600,91.01000213623048,93.41000366210938,90.9800033569336,94.05999755859376,94.43000030517578,92.44000244140624,90.81999969482422,93.06999969482422,88.04000091552734,93.0500030517578,93.79000091552734,91.48999786376952,-0.03032636052572668,-0.03079571824833874,-0.03314559872755318,-0.007648928209040617,93.08600006103515,94.103999710083,104.11380020141601,0.03138498293073412,0.03640526000198426,3.1399993896484375,-2.25,78165860.0
2022-12-07,88.45999908447266,89.88999938964844,87.4800033569336,88.33999633789062,68086900,88.25,93.9499969482422,90.52999877929688,91.04000091552734,96.4000015258789,92.0999984741211,87.9000015258789,93.43000030517578,89.04000091552734,90.5,93.93000030517578,91.9499969482422,0.0023795930251859776,0.002376766277155038,-0.03032636052572668,0.00578089353348199,91.46999969482422,94.02799949645996,103.59480010986329,0.014657526731363384,0.03638830865760398,2.4099960327148438,0.12000274658203125,71222080.0
2022-12-08,90.3499984741211,90.86000061035156,87.87999725341797,89.23999786376953,73305900,88.45999908447266,92.41999816894533,89.9800033569336,89.88999938964844,94.41000366210938,91.72000122070312,87.4800033569336,91.44000244140624,88.2300033569336,88.33999633789062,94.04000091552734,90.79000091552734,0.021365582288144003,0.021140538059143867,0.0023795930251859776,-0.016285245651894598,90.43999938964843,94.23849945068359,103.04160003662109,0.022921065495200454,0.03525863422147705,2.9800033569335938,1.1100006103515625,72185660.0
2022-12-09,89.08999633789062,90.3000030517578,88.62999725341797,88.9000015258789,67398500,90.3499984741211,96.54000091552734,86.13999938964844,90.86000061035156,96.54000091552734,89.4800033569336,87.87999725341797,91.52999877929688,85.87000274658203,89.23999786376953,92.47000122070312,89.47000122070312,-0.01394579034322141,-0.014043946522882085,0.021365582288144003,0.04457912603558567,89.43199920654297,93.86149940490722,102.52739990234375,0.022906360740424667,0.02160047548571355,1.6700057983398295,0.18999481201171875,71166080.0
2022-12-12,90.5500030517578,90.58000183105467,87.87000274658203,89.20999908447266,61999800,89.08999633789062,95.5,96.62999725341795,90.3000030517578,97.2300033569336,98.69000244140624,88.62999725341797,94.91999816894533,91.6500015258789,88.9000015258789,96.98999786376952,92.94000244140624,0.01638799835988114,0.016255164405059457,-0.01394579034322141,-0.010772746070691896,89.33999938964844,93.34949951171875,102.0783999633789,0.021456141570122225,0.019249358843073765,2.709999084472642,1.340003967285142,69258940.0
2022-12-13,92.48999786376952,96.25,90.5199966430664,95.2300033569336,100212000,90.5500030517578,94.12999725341795,100.79000091552734,90.58000183105467,95.36000061035156,101.19000244140624,87.87000274658203,93.77999877929688,96.66000366210938,89.20999908447266,94.4800033569336,97.87999725341795,0.02142456926150338,0.021198289437405628,0.01638799835988114,-0.014345578498241363,90.18799896240235,93.04949951171875,101.61059997558594,0.015254791789332627,0.019652046116119176,5.730003356933594,-2.7400054931640767,74200620.0
2022-12-14,91.58000183105467,93.45999908447266,89.87000274658203,92.5,70298000,92.48999786376952,91.01000213623048,98.48999786376952,96.25,94.05999755859376,100.12000274658205,90.5199966430664,90.81999969482422,97.29000091552734,95.2300033569336,93.0500030517578,98.7699966430664,-0.009838858835905628,-0.009887580246293281,0.02142456926150338,-0.03314559872755318,90.81199951171875,92.68149948120117,101.02040008544923,0.017498678503641753,0.019625776694374535,3.589996337890625,-0.9199981689453267,74642840.0
2022-12-15,88.44999694824219,89.97000122070312,87.47000122070312,89.88999938964844,84802900,91.58000183105467,88.25,98.94000244140624,93.45999908447266,91.04000091552734,103.79000091552734,89.87000274658203,87.9000015258789,97.33999633789062,92.5,90.5,103.20999908447266,-0.03417782070573294,-0.03477554111983294,-0.009838858835905628,-0.03032636052572668,90.43199920654297,92.24799919128418,100.37040008544922,0.0229444251710633,0.020544593975481137,2.5,-1.44000244140625,76942240.0
2022-12-16,87.86000061035156,89.3499984741211,86.7300033569336,88.2699966430664,146144100,88.44999694824219,88.45999908447266,97.12000274658205,89.97000122070312,89.88999938964844,98.48999786376952,87.47000122070312,87.4800033569336,95.54000091552734,89.88999938964844,88.33999633789062,96.8499984741211,-0.006670394101153776,-0.006692740608663019,-0.03417782070573294,0.0023795930251859776,90.18600006103516,91.8984992980957,99.7216000366211,0.02238218491387839,0.020069494341732556,2.6199951171875,-0.40999603271484375,92691360.0
2022-12-19,84.91999816894531,87.62999725341797,84.51000213623047,87.51000213623047,83531500,87.86000061035156,90.3499984741211,94.8499984741211,89.3499984741211,90.86000061035156,96.97000122070312,86.7300033569336,87.87999725341797,94.02999877929688,88.2699966430664,89.23999786376953,95.37000274658205,-0.033462353983410575,-0.03403503022155705,-0.006670394101153776,0.021365582288144003,89.05999908447265,91.43749923706055,99.12880004882813,0.022919862890234073,0.021143993932297617,3.1199951171875,-2.5900039672851562,96997700.0
2022-12-20,85.19000244140625,86.61000061035156,84.33000183105469,85.33000183105469,74348300,84.91999816894531,89.08999633789062,94.13999938964844,87.62999725341797,90.3000030517578,95.98999786376952,84.51000213623047,88.62999725341797,92.4800033569336,87.51000213623047,88.9000015258789,95.9499969482422,0.0031795134041781026,0.003174469440173832,-0.033462353983410575,-0.01394579034322141,87.6,91.07399940490723,98.55920013427735,0.016793106968521498,0.020990064177243063,2.279998779296875,-0.1399993896484375,91824960.0
2022-12-21,86.7699966430664,87.2300033569336,85.20999908447266,86.18000030517578,59267200,85.19000244140625,90.5500030517578,92.45999908447266,86.61000061035156,90.58000183105467,95.0199966430664,84.33000183105469,87.87000274658203,90.58999633789062,85.33000183105469,89.20999908447266,93.97000122070312,0.018546709195681466,0.018376816404560806,0.0031795134041781026,0.01638799835988114,86.63799896240235,90.75249938964843,98.05040008544921,0.023094446055222723,0.021431891423103287,2.0200042724609375,0.589996337890625,89618800.0
2022-12-22,83.79000091552734,85.68000030517578,82.25,85.5199966430664,81431300,86.7699966430664,92.48999786376952,93.1999969482422,87.2300033569336,96.25,93.3499984741211,85.20999908447266,90.5199966430664,90.87000274658205,86.18000030517578,95.2300033569336,92.62000274658205,-0.034343619255829294,-0.034947221566029855,0.018546709195681466,0.02142456926150338,85.70599975585938,90.23549957275391,97.46820007324219,0.02313699228839075,0.02225679991686122,3.4300003051757812,-1.7299957275390625,88944480.0
2022-12-23,85.25,85.77999877929688,82.93000030517578,83.25,57433700,83.79000091552734,91.58000183105467,94.12999725341795,85.68000030517578,93.45999908447266,94.58000183105467,82.25,89.87000274658203,92.83000183105467,85.5199966430664,92.5,93.23999786376952,0.01742450254827599,0.017274436611979943,-0.034343619255829294,-0.009838858835905628,85.18399963378906,89.82749938964844,96.92260009765624,0.026422962010339102,0.022832025924691135,2.8499984741210938,2.0,71202400.0
2022-12-27,83.04000091552734,85.3499984741211,83.0,84.97000122070312,57284000,85.25,88.44999694824219,93.41000366210938,85.77999877929688,89.97000122070312,94.43000030517578,82.93000030517578,87.47000122070312,93.06999969482422,83.25,89.88999938964844,93.79000091552734,-0.025923742926365456,-0.026265685720911106,0.01742450254827599,-0.03417782070573294,84.80800018310546,89.2819995880127,96.44540008544922,0.02459697733212056,0.02319216047579775,2.3499984741210938,-1.9300003051757812,65952900.0
2022-12-28,81.81999969482422,83.4800033569336,81.69000244140625,82.80000305175781,58228600,83.04000091552734,87.86000061035156,93.9499969482422,85.3499984741211,89.3499984741211,96.4000015258789,83.0,86.7300033569336,93.43000030517578,84.97000122070312,88.2699966430664,93.93000030517578,-0.01469172937442731,-0.014800721671305868,-0.025923742926365456,-0.006670394101153776,84.13399963378906,88.75199966430664,95.80600006103515,0.02455073471150994,0.023157306646374436,1.7900009155273438,-0.9800033569335938,62728960.0
2022-12-29,84.18000030517578,84.55000305175781,82.55000305175781,82.87000274658203,54995900,81.81999969482422,84.91999816894531,92.41999816894533,83.4800033569336,87.62999725341797,94.41000366210938,81.69000244140625,84.51000213623047,91.44000244140624,82.80000305175781,87.51000213623047,94.04000091552734,0.02884381103830358,0.028435658196292006,-0.01469172937442731,-0.033462353983410575,83.61600036621094,88.13399963378906,95.16240005493164,0.027560470419951313,0.02156770455770643,2.0,1.30999755859375,61874700.0
2022-12-30,84.0,84.05000305175781,82.47000122070312,83.12000274658203,62401200,84.18000030517578,85.19000244140625,96.54000091552734,84.55000305175781,86.61000061035156,96.54000091552734,82.55000305175781,84.33000183105469,91.52999877929688,82.87000274658203,85.33000183105469,92.47000122070312,-0.002138278742257471,-0.002140568124387558,0.02884381103830358,0.0031795134041781026,83.65800018310547,87.55899963378906,94.54100006103516,0.02250315472104437,0.02156629786911504,1.5800018310546875,0.8799972534179688,58068680.0
2023-01-03,85.81999969482422,86.95999908447266,84.20999908447266,85.45999908447266,76706000,84.0,86.7699966430664,95.5,84.05000305175781,87.2300033569336,97.2300033569336,82.47000122070312,85.20999908447266,94.91999816894533,83.12000274658203,86.18000030517578,96.98999786376952,0.021666663033621747,0.021435277164066735,-0.002138278742257471,0.018546709195681466,83.77200012207031,87.14349975585938,93.95240005493164,0.023355063514684676,0.022337604403804244,2.75,0.3600006103515625,61923140.0
2023-01-04,85.13999938964844,86.9800033569336,83.36000061035156,86.55000305175781,68885100,85.81999969482422,83.79000091552734,94.12999725341795,86.95999908447266,85.68000030517578,95.36000061035156,84.20999908447266,82.25,93.77999877929688,85.45999908447266,85.5199966430664,94.4800033569336,-0.007923564525679994,-0.007955122776173124,0.021666663033621747,-0.034343619255829294,84.19199981689454,86.84999961853028,93.26880004882813,0.01905208748903299,0.021316293562700574,3.6200027465820312,-1.410003662109375,64243360.0
2023-01-05,83.12000274658203,85.41999816894531,83.06999969482422,85.33000183105469,67930800,85.13999938964844,85.25,91.01000213623048,86.9800033569336,85.77999877929688,94.05999755859376,83.36000061035156,82.93000030517578,90.81999969482422,86.55000305175781,83.25,93.0500030517578,-0.023725589118479662,-0.02401157339665977,-0.007923564525679994,0.01742450254827599,84.45200042724609,86.59349975585937,92.53480010986328,0.02165488621174186,0.02092016445773844,2.3499984741210938,-2.2099990844726562,66183800.0
2023-01-06,86.08000183105469,86.4000015258789,81.43000030517578,83.02999877929688,83303400,83.12000274658203,83.04000091552734,88.25,85.41999816894531,85.3499984741211,91.04000091552734,83.06999969482422,83.0,87.9000015258789,85.33000183105469,84.97000122070312,90.5,0.035611152390083056,0.0349917378504728,-0.023725589118479662,-0.025923742926365456,84.83200073242188,86.47449989318848,91.84440017700196,0.023756565052136934,0.022603598292667847,4.970001220703125,3.0500030517578125,71845300.0
2023-01-09,87.36000061035156,89.4800033569336,87.08000183105469,87.45999908447266,65266100,86.08000183105469,81.81999969482422,88.45999908447266,86.4000015258789,83.4800033569336,89.88999938964844,81.43000030517578,81.69000244140625,87.4800033569336,83.02999877929688,82.80000305175781,88.33999633789062,0.01486987397850048,0.014760401298199752,0.035611152390083056,-0.01469172937442731,85.50400085449219,86.325,91.2784001159668,0.023750640979777318,0.02230824853044297,2.4000015258789062,-0.09999847412109375,72418280.0
2023-01-10,89.87000274658203,90.19000244140624,87.29000091552734,87.56999969482422,67756600,87.36000061035156,84.18000030517578,90.3499984741211,89.4800033569336,84.55000305175781,90.86000061035156,87.08000183105469,82.55000305175781,87.87999725341797,87.45999908447266,82.87000274658203,89.23999786376953,0.028731709234134817,0.028326693248784427,0.01486987397850048,0.02884381103830358,86.31400146484376,86.36400032043457,90.85660018920899,0.0249399580506208,0.023077376675502092,2.900001525878892,2.3000030517578125,70628400.0
2023-01-11,95.08999633789062,95.26000213623048,90.93000030517578,90.93000030517578,103126200,89.87000274658203,84.0,89.08999633789062,90.19000244140624,84.05000305175781,90.3000030517578,87.29000091552734,82.47000122070312,88.62999725341797,87.56999969482422,83.12000274658203,88.9000015258789,0.058083825879343465,0.05645956080731301,0.028731709234134817,-0.002138278742257471,88.30400085449219,86.59099998474122,90.69020004272461,0.030297440887309176,0.02623725491506207,4.330001831054702,4.159996032714844,77476620.0
2023-01-12,95.2699966430664,97.19000244140624,93.5,96.93000030517578,85254800,95.08999633789062,85.81999969482422,90.5500030517578,95.26000213623048,86.95999908447266,90.58000183105467,90.93000030517578,84.20999908447266,87.87000274658203,90.93000030517578,85.45999908447266,89.20999908447266,0.0018929468094222024,0.0018911574433712077,0.058083825879343465,0.021666663033621747,90.73399963378907,86.72999992370606,90.54679992675781,0.021315186340501727,0.025867423253039704,3.690002441406236,-1.660003662109375,80941420.0
2023-01-13,98.12000274658205,98.37000274658205,94.12000274658205,94.18000030517578,85549400,95.2699966430664,85.13999938964844,92.48999786376952,97.19000244140624,86.9800033569336,96.25,93.5,83.36000061035156,90.5199966430664,96.93000030517578,86.55000305175781,95.2300033569336,0.029915043601747238,0.0294763168996709,0.0018929468094222024,-0.007923564525679994,93.14199981689453,87.05699996948242,90.5733999633789,0.02094487189964145,0.026447069279328602,4.25,3.940002441406264,81390620.0
2023-01-17,96.0500030517578,98.88999938964844,95.7300033569336,98.68000030517578,72755000,98.12000274658205,83.12000274658203,91.58000183105467,98.37000274658205,85.41999816894531,93.45999908447266,94.12000274658205,83.06999969482422,89.87000274658203,94.18000030517578,85.33000183105469,92.5,-0.02109661268732843,-0.021322326395198862,0.029915043601747238,-0.023725589118479662,94.88000030517578,87.4370002746582,90.65199996948242,0.030168287766204227,0.025607208754223423,3.1599960327148438,-2.629997253417983,82888400.0
2023-01-18,95.45999908447266,99.31999969482422,95.37999725341795,97.25,79570400,96.0500030517578,86.08000183105469,88.44999694824219,98.88999938964844,86.4000015258789,89.97000122070312,95.7300033569336,81.43000030517578,87.47000122070312,98.68000030517578,83.02999877929688,89.88999938964844,-0.00614267515397382,-0.006161619000101003,-0.02109661268732843,0.035611152390083056,95.99799957275391,87.81700019836425,90.77519989013672,0.03150379171945099,0.025595427665484297,3.940002441406264,-1.7900009155273438,85251160.0
2023-01-19,93.68000030517578,95.44000244140624,92.86000061035156,94.73999786376952,69002700,95.45999908447266,87.36000061035156,87.86000061035156,99.31999969482422,89.4800033569336,89.3499984741211,95.37999725341795,87.08000183105469,86.7300033569336,97.25,87.45999908447266,88.2699966430664,-0.01864654092151996,-0.018822579439957077,-0.00614267515397382,0.01486987397850048,95.71600036621093,88.25500030517578,90.82919982910157,0.020550845408711278,0.024636355360825295,2.5800018310546733,-1.0599975585937358,78426460.0
2023-01-20,97.25,97.3499984741211,93.1999969482422,93.86000061035156,67481500,93.68000030517578,89.87000274658203,84.91999816894531,95.44000244140624,90.19000244140624,87.62999725341797,92.86000061035156,87.29000091552734,84.51000213623047,94.73999786376952,87.56999969482422,87.51000213623047,0.03810845093076898,0.037400259951453026,-0.01864654092151996,0.028731709234134817,96.11200103759765,88.85800018310547,90.96359985351563,0.02774725945996938,0.025700160147064638,4.150001525878892,3.3899993896484375,74871800.0
2023-01-23,97.5199966430664,97.77999877929688,95.86000061035156,97.55999755859376,76501100,97.25,95.08999633789062,85.19000244140625,97.3499984741211,95.26000213623048,86.61000061035156,93.1999969482422,90.93000030517578,84.33000183105469,93.86000061035156,90.93000030517578,85.33000183105469,0.002776315095798454,0.0027724682514327437,0.03810845093076898,0.058083825879343465,95.99199981689453,89.39550018310547,91.11439971923828,0.023903205043570543,0.02556731612341933,1.9199981689453125,-0.04000091552735796,73062140.0
2023-01-24,96.31999969482422,98.08999633789062,96.0,96.93000030517578,66929500,97.5199966430664,95.2699966430664,86.7699966430664,97.77999877929688,97.19000244140624,87.2300033569336,95.86000061035156,93.5,85.20999908447266,97.55999755859376,96.93000030517578,86.18000030517578,-0.012305137300550828,-0.012381472357830799,0.002776315095798454,0.0018929468094222024,96.0459991455078,90.02200012207031,91.31799972534179,0.022326726487621892,0.024166087791582948,2.089996337890625,-0.6100006103515625,71897040.0
2023-01-25,97.18000030517578,97.23999786376952,91.5199966430664,92.55999755859376,94261600,96.31999969482422,98.12000274658205,83.79000091552734,98.08999633789062,98.37000274658205,85.68000030517578,96.0,94.12000274658205,82.25,96.93000030517578,94.18000030517578,85.5199966430664,0.008928577793566816,0.008888953725914,-0.012305137300550828,0.029915043601747238,96.38999938964844,90.61850013732911,91.32899978637695,0.02217903777086852,0.024052535695034096,5.720001220703111,4.620002746582017,74835280.0
2023-01-26,99.22000122070312,99.48999786376952,96.91999816894533,98.23999786376952,68523600,97.18000030517578,96.0500030517578,85.25,97.23999786376952,98.88999938964844,85.77999877929688,91.5199966430664,95.7300033569336,82.93000030517578,92.55999755859376,98.68000030517578,83.25,0.02099198301215366,0.020774687057825685,0.008928577793566816,-0.02109661268732843,97.49799957275391,91.4275001525879,91.29759979248047,0.019021742684280286,0.022951395605709173,2.5699996948241903,0.980003356933608,74739460.0
2023-01-27,102.23999786376952,103.48999786376952,99.52999877929688,99.52999877929688,87775600,99.22000122070312,95.45999908447266,83.04000091552734,99.48999786376952,99.31999969482422,85.3499984741211,96.91999816894533,95.37999725341795,83.0,98.23999786376952,97.25,84.97000122070312,0.03043737760442844,0.029983350559053976,0.02099198301215366,-0.00614267515397382,98.4959991455078,92.44850006103516,91.37259979248047,0.016501676629096726,0.022697172925409275,3.959999084472642,2.709999084472642,78798280.0
2023-01-30,100.5500030517578,101.73999786376952,99.01000213623048,101.08999633789062,70691900,102.23999786376952,93.68000030517578,81.81999969482422,103.48999786376952,95.44000244140624,83.4800033569336,99.52999877929688,92.86000061035156,81.69000244140625,99.52999877929688,94.73999786376952,82.80000305175781,-0.01652968356145279,-0.016667823165641346,0.03043737760442844,-0.01864654092151996,99.1020004272461,93.26700019836426,91.4047998046875,0.020449463698769803,0.0231299581693068,2.729995727539034,-0.5399932861328267,77636440.0
2023-01-31,103.12999725341795,103.3499984741211,101.13999938964844,101.16000366210938,66527300,100.5500030517578,97.25,84.18000030517578,101.73999786376952,97.3499984741211,84.55000305175781,99.01000213623048,93.1999969482422,82.55000305175781,101.08999633789062,93.86000061035156,82.87000274658203,0.025658817736008643,0.025335155126435763,-0.01652968356145279,0.03810845093076898,100.46399993896485,94.22350006103515,91.52499969482422,0.018793160475329536,0.02324919936351179,2.2099990844726562,1.9699935913085795,77556000.0
2023-02-01,105.1500015258789,106.23999786376952,101.23999786376952,102.52999877929688,80450100,103.12999725341795,97.5199966430664,84.0,103.3499984741211,97.77999877929688,84.05000305175781,101.13999938964844,95.86000061035156,82.47000122070312,101.16000366210938,97.55999755859376,83.12000274658203,0.019586971068148662,0.0193976149644124,0.025658817736008643,0.002776315095798454,102.05800018310546,95.19000015258788,91.73099975585937,0.018692866075943664,0.023201535275763293,5.0,2.6200027465820312,74793700.0
2023-02-02,112.91000366210938,114.0,108.87999725341795,110.25,158154200,105.1500015258789,96.31999969482422,85.81999969482422,106.23999786376952,98.08999633789062,86.95999908447266,101.23999786376952,96.0,84.20999908447266,102.52999877929688,96.93000030517578,85.45999908447266,0.07379935352944922,0.07120315696615197,0.019586971068148662,-0.012305137300550828,104.79600067138672,96.57850036621093,92.10639984130859,0.032220886077820365,0.026722462558560676,5.1200027465820455,2.660003662109375,92719820.0
2023-02-06,102.18000030517578,103.9499969482422,100.6500015258789,102.93000030517578,81945200,103.38999938964844,99.22000122070312,83.12000274658203,108.77999877929688,99.48999786376952,85.41999816894531,102.5199966430664,96.91999816894533,83.06999969482422,105.26000213623048,98.23999786376952,85.33000183105469,-0.011703250716856073,-0.011772272805910223,-0.08431497620839845,0.02099198301215366,105.3520004272461,98.39700012207031,92.50459991455078,0.05837016033111127,0.03367014262111231,3.2999954223632955,-0.75,106290320.0
2023-02-07,102.11000061035156,102.41000366210938,98.08000183105467,101.16999816894533,119501300,102.18000030517578,102.23999786376952,86.08000183105469,103.9499969482422,103.48999786376952,86.4000015258789,100.6500015258789,99.52999877929688,81.43000030517578,102.93000030517578,99.52999877929688,83.02999877929688,-0.0006850625818668465,-0.0006852973444615529,-0.011703250716856073,0.03043737760442844,105.14800109863282,99.1345001220703,92.66419998168945,0.05717133059246649,0.03371074417149229,4.330001831054702,0.9400024414062358,116885120.0
2023-02-08,100.0500030517578,102.66999816894533,98.77999877929688,102.04000091552734,75878300,102.11000061035156,100.5500030517578,87.36000061035156,102.41000366210938,101.73999786376952,89.4800033569336,98.08000183105467,99.01000213623048,87.08000183105469,101.16999816894533,101.08999633789062,87.45999908447266,-0.02017429777965285,-0.02038057801277048,-0.0006850625818668465,-0.01652968356145279,104.1280014038086,99.6435001373291,92.79699996948243,0.056410660846692016,0.03392940553305616,3.8899993896484517,-1.9899978637695455,115970760.0
2023-02-09,98.23999786376952,101.77999877929688,97.56999969482422,101.31999969482422,64622500,100.0500030517578,103.12999725341795,89.87000274658203,102.66999816894533,103.3499984741211,90.19000244140624,98.77999877929688,101.13999938964844,87.29000091552734,102.04000091552734,101.16000366210938,87.56999969482422,-0.01809100582487666,-0.018256648878253772,-0.02017429777965285,0.025658817736008643,101.19400024414061,99.80100021362304,92.88279998779296,0.03292959595278847,0.031986512016322896,4.209999084472656,-3.0800018310547017,97264420.0
2023-02-10,97.61000061035156,98.81999969482422,96.2300033569336,97.55999755859376,52740100,98.23999786376952,105.1500015258789,95.08999633789062,101.77999877929688,106.23999786376952,95.26000213623048,97.56999969482422,101.23999786376952,90.93000030517578,101.31999969482422,102.52999877929688,90.93000030517578,-0.006412838631079554,-0.006433489213979846,-0.01809100582487666,0.019586971068148662,100.03800048828124,99.91800041198731,92.9866000366211,0.00808595388000666,0.03204348691848319,2.589996337890625,0.05000305175779829,78937480.0
2023-02-13,99.54000091552734,99.68000030517578,96.91000366210938,97.8499984741211,52841500,97.61000061035156,112.91000366210938,95.2699966430664,98.81999969482422,114.0,97.19000244140624,96.2300033569336,108.87999725341795,93.5,97.55999755859376,110.25,96.93000030517578,0.019772567289289666,0.019579629188155288,-0.006412838631079554,0.07379935352944922,99.51000061035155,99.98900032043457,93.0466000366211,0.01609238068230467,0.03165139373416618,2.7699966430664062,1.69000244140625,73116740.0
2023-02-14,99.6999969482422,100.91999816894533,97.5199966430664,98.41000366210938,56202900,99.54000091552734,103.38999938964844,98.12000274658205,99.68000030517578,108.77999877929688,98.37000274658205,96.91000366210938,102.5199966430664,94.12000274658205,97.8499984741211,105.26000213623048,94.18000030517578,0.0016073541414836079,0.0016060637303955492,0.019772567289289666,-0.08431497620839845,99.02799987792969,100.17150001525879,93.13059997558594,0.016281798641255417,0.031213822745098773,3.4000015258789205,1.2899932861328267,60457060.0
2023-02-15,101.16000366210938,101.16999816894533,98.4499969482422,99.08999633789062,47957600,99.6999969482422,102.18000030517578,96.0500030517578,100.91999816894533,103.9499969482422,98.88999938964844,97.5199966430664,100.6500015258789,95.7300033569336,98.41000366210938,102.93000030517578,98.68000030517578,0.014643999584324163,0.014537811644538115,0.0016073541414836079,-0.011703250716856073,99.25,100.45650024414063,93.27120010375977,0.015409828735660965,0.031262779657254595,2.720001220703125,2.07000732421875,54872920.0
2023-02-16,98.1500015258789,100.62999725341795,98.0999984741211,99.20999908447266,56339200,101.16000366210938,102.11000061035156,95.45999908447266,101.16999816894533,102.41000366210938,99.31999969482422,98.4499969482422,98.08000183105467,95.37999725341795,99.08999633789062,101.16999816894533,97.25,-0.02975486385196624,-0.03020652173405669,0.014643999584324163,-0.0006850625818668465,99.23200073242188,100.68000030517578,93.41400009155274,0.019586072959545293,0.03176913400853892,2.529998779296861,-1.05999755859375,53216260.0
2023-02-17,97.1999969482422,97.94000244140624,95.6500015258789,97.8000030517578,60029400,98.1500015258789,100.0500030517578,93.68000030517578,100.62999725341795,102.66999816894533,95.44000244140624,98.0999984741211,98.77999877929688,92.86000061035156,99.20999908447266,102.04000091552734,94.73999786376952,-0.009679109147911924,-0.009726256199159627,-0.02975486385196624,-0.02017429777965285,99.15,100.6775001525879,93.59300003051757,0.019904120893735642,0.030756057546323583,2.2900009155273295,-0.6000061035155966,54674120.0
2023-02-21,94.58000183105467,95.61000061035156,94.2699966430664,95.33999633789062,56580400,97.1999969482422,98.23999786376952,97.25,97.94000244140624,101.77999877929688,97.3499984741211,95.6500015258789,97.56999969482422,93.1999969482422,97.8000030517578,101.31999969482422,93.86000061035156,-0.02695468312187954,-0.027324623494127544,-0.009679109147911924,-0.01809100582487666,98.15800018310547,100.5305004119873,93.71540008544922,0.018840597866047273,0.03134934401905191,1.3400039672851562,-0.7599945068359517,55421900.0
2023-02-22,95.79000091552734,97.01000213623048,94.8000030517578,95.0999984741211,59534100,94.58000183105467,97.61000061035156,97.5199966430664,95.61000061035156,98.81999969482422,97.77999877929688,94.2699966430664,96.2300033569336,95.86000061035156,95.33999633789062,97.55999755859376,97.55999755859376,0.012793392483054333,0.012712248376870747,-0.02695468312187954,-0.006412838631079554,97.3760009765625,100.50400047302246,93.82420013427735,0.021096619632725154,0.031377797336673514,2.2099990844726847,0.69000244140625,56088140.0
2023-02-23,95.81999969482422,96.43000030517578,93.66999816894533,96.12000274658205,48467000,95.79000091552734,99.54000091552734,96.31999969482422,97.01000213623048,99.68000030517578,98.08999633789062,94.8000030517578,96.91000366210938,96.0,95.0999984741211,97.8499984741211,96.93000030517578,0.000313172345862478,0.0003131233176392935,0.012793392483054333,0.019772567289289666,96.30800018310546,100.43600044250488,93.95880020141601,0.018038602610673124,0.03131066930884867,2.7600021362304545,-0.3000030517578267,56190020.0
2023-02-24,93.5,94.13999938964844,92.31999969482422,93.52999877929688,57053800,95.81999969482422,99.6999969482422,97.18000030517578,96.43000030517578,100.91999816894533,97.23999786376952,93.66999816894533,97.5199966430664,91.5199966430664,96.12000274658205,98.41000366210938,92.55999755859376,-0.024212061179431754,-0.024509991975448668,0.000313172345862478,0.0016073541414836079,95.37799987792968,100.15000038146972,94.01780014038086,0.01669150259266504,0.03132929535203706,1.8199996948242188,-0.029998779296875,56332940.0
2023-02-27,93.76000213623048,94.77999877929688,93.13999938964844,94.27999877929688,47470300,93.5,101.16000366210938,99.22000122070312,94.13999938964844,101.16999816894533,99.48999786376952,92.31999969482422,98.4499969482422,96.91999816894533,93.52999877929688,99.08999633789062,98.23999786376952,0.0027807715104863906,0.002776912318089041,-0.024212061179431754,0.014643999584324163,94.69000091552735,99.72600059509277,94.04320022583008,0.017573795704586347,0.03039565526412511,1.6399993896484375,-0.519996643066392,53821120.0
2023-02-28,94.2300033569336,94.69000244140624,92.91999816894533,93.13999938964844,43959300,93.76000213623048,98.1500015258789,102.23999786376952,94.77999877929688,100.62999725341795,103.48999786376952,93.13999938964844,98.0999984741211,99.52999877929688,94.27999877929688,99.20999908447266,99.52999877929688,0.005012811540044737,0.005000289230826088,0.0027807715104863906,-0.02975486385196624,94.62000122070313,99.41000061035156,94.09620025634766,0.013970147551909087,0.03030527916428615,1.770004272460909,1.0900039672851562,51296900.0
2023-03-01,92.16999816894533,94.68000030517578,91.58999633789062,93.87000274658205,52299500,94.2300033569336,97.1999969482422,100.5500030517578,94.69000244140624,97.94000244140624,101.73999786376952,92.91999816894533,95.6500015258789,99.01000213623048,93.13999938964844,97.8000030517578,101.08999633789062,-0.021861457228067538,-0.02210395970404292,0.005012811540044737,-0.009679109147911924,93.89600067138672,98.86200065612793,94.17060028076172,0.014219803502779403,0.029815444158070827,3.0900039672851562,-1.7000045776367188,49849980.0
2023-03-02,92.12999725341795,92.2300033569336,90.38999938964844,91.41000366210938,55509400,92.16999816894533,94.58000183105467,103.12999725341795,94.68000030517578,95.61000061035156,103.3499984741211,91.58999633789062,94.2699966430664,101.13999938964844,93.87000274658205,95.33999633789062,101.16000366210938,-0.0004339906295109941,-0.0004340848307001873,-0.021861457228067538,-0.02695468312187954,93.15800018310547,98.21100044250488,94.25600021362305,0.014119515955140735,0.02927138625692937,1.8400039672851562,0.7199935913085795,51258460.0
2023-03-03,94.9000015258789,94.94000244140624,92.66000366210938,92.73999786376952,55759600,92.12999725341795,95.79000091552734,105.1500015258789,92.2300033569336,97.01000213623048,106.23999786376952,90.38999938964844,94.8000030517578,101.23999786376952,91.41000366210938,95.0999984741211,102.52999877929688,0.030066258059702644,0.029623128385877155,-0.0004339906295109941,0.012793392483054333,93.43800048828125,97.31050033569336,94.45560028076171,0.018483116863631535,0.024171680335089596,2.279998779296861,2.160003662109389,50999620.0
2023-03-06,93.75,96.5500030517578,93.73999786376952,95.19000244140624,52112400,94.9000015258789,95.81999969482422,112.91000366210938,94.94000244140624,96.43000030517578,114.0,92.66000366210938,93.66999816894533,108.87999725341795,92.73999786376952,96.12000274658205,110.25,-0.012118034851298809,-0.012192056844170188,0.030066258059702644,0.000313172345862478,93.43600006103516,96.82850036621093,94.6268002319336,0.019710263701465294,0.016361229902616136,2.8100051879882812,-1.4400024414062358,51928040.0
2023-03-07,93.5500030517578,95.08999633789062,92.77999877929688,94.05999755859376,49100700,93.75,93.5,103.38999938964844,96.5500030517578,94.13999938964844,108.77999877929688,93.73999786376952,92.31999969482422,102.5199966430664,95.19000244140624,93.52999877929688,105.26000213623048,-0.0021333007812501803,-0.0021355795087460443,-0.012118034851298809,-0.024212061179431754,93.3,96.39700050354004,94.76240036010742,0.019526199275738874,0.01628708513352793,2.30999755859375,-0.5099945068359659,52956320.0
2023-03-08,93.91999816894533,94.16999816894533,92.18000030517578,93.5999984741211,44899100,93.5500030517578,93.76000213623048,102.18000030517578,95.08999633789062,94.77999877929688,103.9499969482422,92.77999877929688,93.13999938964844,100.6500015258789,94.05999755859376,94.27999877929688,102.93000030517578,0.003955051898638873,0.003947251242114644,-0.0021333007812501803,0.0027807715104863906,93.65,95.98750038146973,94.96500030517578,0.015783158309413757,0.016373747806178736,1.9899978637695455,0.31999969482423296,51476240.0
2023-03-09,92.25,96.20999908447266,92.18000030517578,93.68000030517578,56218700,93.91999816894533,94.2300033569336,102.11000061035156,94.16999816894533,94.69000244140624,102.41000366210938,92.18000030517578,92.91999816894533,98.08000183105467,93.5999984741211,93.13999938964844,101.16999816894533,-0.017781071140368865,-0.017941053663252313,0.003955051898638873,0.005012811540044737,93.6740005493164,95.59750022888184,95.10500030517578,0.018617165424929732,0.016257997272237056,4.029998779296875,-1.4300003051757812,51618100.0
2023-03-10,90.7300033569336,93.56999969482422,90.25,92.66999816894533,69827500,92.25,92.16999816894533,100.0500030517578,96.20999908447266,94.68000030517578,102.66999816894533,92.18000030517578,91.58999633789062,98.77999877929688,93.68000030517578,93.87000274658205,102.04000091552734,-0.0164769283801236,-0.016614182739941783,-0.017781071140368865,-0.021861457228067538,92.84000091552734,95.22200050354004,95.25880035400391,0.009456201733272369,0.01618782821047383,3.3199996948242188,-1.939994812011733,54431680.0
2023-03-13,92.43000030517578,94.0199966430664,88.12000274658203,89.97000122070312,72397100,90.7300033569336,92.12999725341795,98.23999786376952,93.56999969482422,92.2300033569336,101.77999877929688,90.25,90.38999938964844,97.56999969482422,92.66999816894533,91.41000366210938,101.31999969482422,0.01873687738723384,0.01856350439768763,-0.0164769283801236,-0.0004339906295109941,92.5760009765625,94.96300048828125,95.47100036621094,0.015177162848050133,0.01693722750717357,5.899993896484375,2.4599990844726562,58488620.0
2023-03-14,94.87999725341795,95.06999969482422,92.70999908447266,93.83000183105467,60912700,92.43000030517578,94.9000015258789,97.61000061035156,94.0199966430664,94.94000244140624,98.81999969482422,88.12000274658203,92.66000366210938,96.2300033569336,89.97000122070312,92.73999786376952,97.55999755859376,0.0265065123894086,0.026161301723076753,0.01873687738723384,0.030066258059702644,92.84199981689453,94.73000030517578,95.68500030517578,0.020076855494458635,0.017463838528096423,2.3600006103515625,1.0499954223632812,60851020.0
2023-03-15,96.1999969482422,96.66999816894533,93.06999969482422,93.22000122070312,70731800,94.87999725341795,93.75,99.54000091552734,95.06999969482422,96.5500030517578,99.68000030517578,92.70999908447266,93.73999786376952,96.91000366210938,93.83000183105467,95.19000244140624,97.8499984741211,0.013912307472971452,0.013816419647147053,0.0265065123894086,-0.012118034851298809,93.29799957275391,94.55500030517578,95.92900024414062,0.020681481219904468,0.017819983913781322,3.599998474121108,2.9799957275390767,66017560.0
2023-03-16,100.04000091552734,100.98999786376952,95.61000061035156,95.75,84446900,96.1999969482422,93.5500030517578,99.6999969482422,96.66999816894533,95.08999633789062,100.91999816894533,93.06999969482422,92.77999877929688,97.5199966430664,93.22000122070312,94.05999755859376,98.41000366210938,0.039916882423095545,0.03914078921242471,0.013912307472971452,-0.0021333007812501803,94.85599975585937,94.49900016784667,96.2134002685547,0.020902490409220827,0.019818999814197276,5.3799972534179545,4.290000915527344,71663200.0
2023-03-17,98.9499969482422,100.66000366210938,97.45999908447266,99.79000091552734,87300200,100.04000091552734,93.91999816894533,101.16000366210938,100.98999786376952,94.16999816894533,101.16999816894533,95.61000061035156,92.18000030517578,98.4499969482422,95.75,93.5999984741211,99.08999633789062,-0.010895681300578275,-0.010955473953869642,0.039916882423095545,0.003955051898638873,96.4999984741211,94.53899993896485,96.48960021972657,0.018736717725990462,0.018768142439407026,3.2000045776367188,-0.840003967285142,75157740.0
2023-03-20,97.70999908447266,98.4800033569336,95.6999969482422,98.41000366210938,62388900,98.9499969482422,92.25,98.1500015258789,100.66000366210938,96.20999908447266,100.62999725341795,97.45999908447266,92.18000030517578,98.0999984741211,99.79000091552734,93.68000030517578,99.20999908447266,-0.012531560404374309,-0.012610742620752562,-0.010895681300578275,-0.017781071140368865,97.55599822998047,94.56450004577637,96.78140014648437,0.02300840227338085,0.01886075524037983,2.780006408691392,-0.7000045776367188,73156100.0
2023-03-21,100.61000061035156,100.8499984741211,98.0,98.13999938964844,58597300,97.70999908447266,90.7300033569336,97.1999969482422,98.4800033569336,93.56999969482422,97.94000244140624,95.6999969482422,90.25,95.6500015258789,98.41000366210938,92.66999816894533,97.8000030517578,0.029679680207260972,0.029247763784060337,-0.012531560404374309,-0.0164769283801236,98.70199890136719,94.86599998474121,97.0720001220703,0.023566865944473662,0.018784247095784648,2.8499984741210938,2.470001220703125,72693020.0
2023-03-22,98.6999969482422,102.0999984741211,98.61000061035156,100.4499969482422,57475400,100.61000061035156,92.43000030517578,94.58000183105467,100.8499984741211,94.0199966430664,95.61000061035156,98.0,88.12000274658203,94.2699966430664,98.13999938964844,89.97000122070312,95.33999633789062,-0.018984232685839375,-0.019166746850565648,0.029679680207260972,0.01873687738723384,99.20199890136719,95.01149978637696,97.29880004882813,0.027214849268865495,0.019273153465414715,3.4899978637695312,-1.75,70041740.0
2023-03-23,98.70999908447266,101.05999755859376,97.62000274658205,100.43000030517578,57559300,98.6999969482422,94.87999725341795,95.79000091552734,102.0999984741211,95.06999969482422,97.01000213623048,98.61000061035156,92.70999908447266,94.8000030517578,100.4499969482422,93.83000183105467,95.0999984741211,0.0001013387693993284,0.0001013336349731114,-0.018984232685839375,0.0265065123894086,98.93599853515624,95.15599975585937,97.47559997558594,0.01926878936129701,0.019273998056152476,3.4399948120117188,-1.720001220703125,64664220.0
2023-03-24,98.12999725341795,98.3000030517578,96.4000015258789,98.06999969482422,56095400,98.70999908447266,96.1999969482422,95.81999969482422,101.05999755859376,96.66999816894533,96.43000030517578,97.62000274658205,93.06999969482422,93.66999816894533,100.43000030517578,93.22000122070312,96.12000274658205,-0.00587581639584811,-0.005893146925693609,0.0001013387693993284,0.013912307472971452,98.77199859619141,95.38749961853027,97.53639999389648,0.018849905731378295,0.01839449780920804,1.900001525878892,0.05999755859373579,58423260.0
2023-03-27,98.04000091552734,99.33999633789062,97.08000183105467,99.06999969482422,46721300,98.12999725341795,100.04000091552734,93.5,98.3000030517578,100.98999786376952,94.13999938964844,96.4000015258789,95.61000061035156,92.31999969482422,98.06999969482422,95.75,93.52999877929688,-0.0009171134251455548,-0.0009175342309669643,-0.00587581639584811,0.039916882423095545,98.83799896240234,95.60149955749512,97.5918000793457,0.01784275006443553,0.018410938537015687,2.2599945068359517,-1.029998779296875,55289740.0
2023-03-28,97.23999786376952,98.44000244140624,96.29000091552734,98.11000061035156,38720100,98.04000091552734,98.9499969482422,93.76000213623048,99.33999633789062,100.66000366210938,94.77999877929688,97.08000183105467,97.45999908447266,93.13999938964844,99.06999969482422,99.79000091552734,94.27999877929688,-0.008159965772002842,-0.008193440518932924,-0.0009171134251455548,-0.010895681300578275,98.16399841308593,95.75199928283692,97.57419998168945,0.007638563127700305,0.018547436313758395,2.150001525878892,-0.8700027465820455,51314300.0
2023-03-29,100.25,100.41999816894533,98.55999755859376,98.69000244140624,49783300,97.23999786376952,97.70999908447266,94.2300033569336,98.44000244140624,98.4800033569336,94.69000244140624,96.29000091552734,95.6999969482422,92.91999816894533,98.11000061035156,98.41000366210938,93.13999938964844,0.0309543624265336,0.03048493870739539,-0.008159965772002842,-0.012531560404374309,98.4739990234375,96.15599937438965,97.6581999206543,0.015876666132053217,0.0187695342318201,1.8600006103515625,1.5599975585937642,49775880.0
2023-03-30,102.0,103.04000091552734,101.01000213623048,101.5500030517578,53633400,100.25,100.61000061035156,92.16999816894533,100.41999816894533,100.8499984741211,94.68000030517578,98.55999755859376,98.0,91.58999633789062,98.69000244140624,98.13999938964844,93.87000274658205,0.0174563591022443,0.017305747097592427,0.0309543624265336,0.029679680207260972,99.13199920654297,96.64949951171874,97.78899993896485,0.016889073093441585,0.018953636820593155,2.029998779296861,0.4499969482422017,48990700.0
2023-03-31,103.29000091552734,103.48999786376952,101.9499969482422,102.16000366210938,56750300,102.0,98.6999969482422,92.12999725341795,103.04000091552734,102.0999984741211,92.2300033569336,101.01000213623048,98.61000061035156,90.38999938964844,101.5500030517578,100.4499969482422,91.41000366210938,0.012647067799287592,0.012567761597929928,0.0174563591022443,-0.018984232685839375,100.16399993896485,97.06899948120117,97.98119995117187,0.015410001975595543,0.018136881157466537,1.5400009155273153,1.1299972534179688,49121680.0
2023-04-03,102.41000366210938,103.29000091552734,101.43000030517578,102.3000030517578,41135700,103.29000091552734,98.70999908447266,94.9000015258789,103.48999786376952,101.05999755859376,94.94000244140624,101.9499969482422,97.62000274658205,92.66000366210938,102.16000366210938,100.43000030517578,92.73999786376952,-0.008519675143944028,-0.008556175035560798,0.012647067799287592,0.0001013387693993284,101.03800048828126,97.50199966430664,98.08440002441407,0.01708896752967005,0.01798158478969458,1.8600006103515625,0.11000061035157671,48004560.0
2023-04-04,103.9499969482422,104.1999969482422,102.11000061035156,102.75,48662500,102.41000366210938,98.12999725341795,93.75,103.29000091552734,98.3000030517578,96.5500030517578,101.43000030517578,96.4000015258789,93.73999786376952,102.3000030517578,98.06999969482422,95.19000244140624,0.015037527888524194,0.014925585099441844,-0.008519675143944028,-0.00587581639584811,102.38000030517578,98.02199935913086,98.21300003051758,0.014214991905642233,0.018053976592579978,2.089996337890639,1.1999969482422017,49993040.0
2023-04-05,101.0999984741211,103.91000366210938,100.75,103.91000366210938,45175400,103.9499969482422,98.04000091552734,93.5500030517578,104.1999969482422,99.33999633789062,95.08999633789062,102.11000061035156,97.08000183105467,92.77999877929688,102.75,99.06999969482422,94.05999755859376,-0.027417013542964774,-0.027799874012425067,0.015037527888524194,-0.0009171134251455548,102.55,98.38099937438965,98.30860000610352,0.019352866940703952,0.019494970787156764,3.160003662109375,-2.8100051879882812,49071460.0
2023-04-06,102.05999755859376,102.37999725341795,99.8000030517578,100.75,43808000,101.0999984741211,97.23999786376952,93.91999816894533,103.91000366210938,98.44000244140624,94.16999816894533,100.75,96.29000091552734,92.18000030517578,103.91000366210938,98.11000061035156,93.5999984741211,0.009495540049077267,0.009450740780884159,-0.027417013542964774,-0.008159965772002842,102.56199951171875,98.87149925231934,98.40619995117187,0.018029206262352337,0.01884385791612,2.5799942016601562,1.3099975585937642,47106380.0
2023-04-10,102.16999816894533,102.1999969482422,99.56999969482422,100.95999908447266,37261200,102.05999755859376,100.25,92.25,102.37999725341795,100.41999816894533,96.20999908447266,99.8000030517578,98.55999755859376,92.18000030517578,100.75,98.69000244140624,93.68000030517578,0.0010778033801970288,0.001077222967143844,0.009495540049077267,0.0309543624265336,102.33799896240234,99.44349899291993,98.46519989013672,0.016736241971045517,0.018176406807927408,2.629997253417983,1.2099990844726705,43208560.0
2023-04-11,99.91999816894533,101.0,99.01000213623048,100.8000030517578,60417800,102.16999816894533,102.0,90.7300033569336,102.1999969482422,103.04000091552734,93.56999969482422,99.56999969482422,101.01000213623048,90.25,100.95999908447266,101.5500030517578,92.66999816894533,-0.02202212039075757,-0.022268227189569913,0.0010778033801970288,0.0174563591022443,101.83999786376954,99.8179988861084,98.41879989624023,0.018977377217423787,0.018954590204032774,1.989997863769517,-0.8800048828124716,47064980.0
2023-04-12,97.83000183105467,100.51000213623048,97.70999908447266,100.4000015258789,56735000,99.91999816894533,103.29000091552734,92.43000030517578,101.0,103.48999786376952,94.0199966430664,99.01000213623048,101.9499969482422,88.12000274658203,100.8000030517578,102.16000366210938,89.97000122070312,-0.020916697119598426,-0.02113855030607884,-0.02202212039075757,0.012647067799287592,100.61599884033203,99.96549911499024,98.36439987182617,0.01620734719316588,0.018966782870747545,2.8000030517578267,-2.569999694824233,48679480.0
2023-04-13,102.4000015258789,102.56999969482422,98.70999908447266,98.9499969482422,67925100,97.83000183105467,102.41000366210938,94.87999725341795,100.51000213623048,103.29000091552734,95.06999969482422,97.70999908447266,101.43000030517578,92.70999908447266,100.4000015258789,102.3000030517578,93.83000183105467,0.04671368301429957,0.04565543032053212,-0.020916697119598426,-0.008519675143944028,100.8759994506836,100.27549934387207,98.3497999572754,0.02808381609882387,0.021347013825643444,3.8600006103515625,3.4500045776367045,53229420.0
2023-04-14,102.51000213623048,103.1999969482422,101.11000061035156,102.06999969482422,51450500,102.4000015258789,103.9499969482422,96.1999969482422,102.56999969482422,104.1999969482422,96.66999816894533,98.70999908447266,102.11000061035156,93.06999969482422,98.9499969482422,102.75,93.22000122070312,0.001074224694457504,0.0010736481279814353,0.04671368301429957,0.015037527888524194,100.96600036621095,100.39899940490723,98.29699996948243,0.027838553262430125,0.01953430127075737,2.089996337890639,0.4400024414062642,54757920.0
2023-04-17,102.73999786376952,103.7300033569336,101.58999633789062,103.16000366210938,39919500,102.51000213623048,101.0999984741211,100.04000091552734,103.1999969482422,103.91000366210938,100.98999786376952,101.11000061035156,100.75,95.61000061035156,102.06999969482422,103.91000366210938,95.75,0.0022436418178333195,0.0022411286119837716,0.001074224694457504,-0.027417013542964774,101.08000030517579,100.5884994506836,98.09359985351563,0.027842309097256036,0.01931877797467657,2.1400070190429688,-0.42000579833985796,55289580.0
2023-04-18,102.3000030517578,104.1999969482422,101.5199966430664,103.9499969482422,39790500,102.73999786376952,102.05999755859376,98.9499969482422,103.7300033569336,102.37999725341795,100.66000366210938,101.58999633789062,99.8000030517578,97.45999908447266,103.16000366210938,100.75,99.79000091552734,-0.004282604839014548,-0.004291801457498827,0.0022436418178333195,0.009495540049077267,101.55600128173828,100.81799964904785,98.07179992675782,0.025104167417015023,0.019077477964353617,2.6800003051757955,-1.6499938964844034,51164120.0
2023-04-19,104.3000030517578,105.12000274658205,101.38999938964844,101.58000183105467,58398900,102.3000030517578,102.16999816894533,97.70999908447266,104.1999969482422,102.1999969482422,98.4800033569336,101.5199966430664,99.56999969482422,95.6999969482422,103.9499969482422,100.95999908447266,98.41000366210938,0.019550341547772243,0.01936168847711433,-0.004282604839014548,0.0010778033801970288,102.85000152587891,101.00249977111817,98.11419998168945,0.02083334628866597,0.01844091581822044,3.730003356933608,2.720001220703125,51496900.0
2023-04-20,103.80999755859376,105.25,103.20999908447266,103.52999877929688,57696900,104.3000030517578,99.91999816894533,100.61000061035156,105.12000274658205,101.0,100.8499984741211,101.38999938964844,99.01000213623048,98.0,101.58000183105467,100.8000030517578,98.13999938964844,-0.004698039106680318,-0.00470910957902097,0.019550341547772243,-0.02202212039075757,103.13200073242187,101.25799980163575,98.14819992065429,0.009877286193387978,0.017854179889068365,2.0400009155273438,0.2799987792968892,49451260.0
2023-04-21,106.95999908447266,108.1500015258789,105.08000183105467,106.0999984741211,86774200,103.80999755859376,97.83000183105467,98.6999969482422,105.25,100.51000213623048,102.0999984741211,103.20999908447266,97.70999908447266,98.61000061035156,103.52999877929688,100.4000015258789,100.4499969482422,0.030343912917452087,0.029892642547029304,-0.004698039106680318,-0.020916697119598426,104.02200012207031,101.67049980163574,98.2863998413086,0.015619742508889846,0.018875977245524627,3.069999694824233,0.8600006103515625,56516000.0
2023-04-24,106.20999908447266,109.2300033569336,105.06999969482422,107.66000366210938,69575600,106.95999908447266,102.4000015258789,98.70999908447266,108.1500015258789,102.56999969482422,101.05999755859376,105.08000183105467,98.70999908447266,97.62000274658205,106.0999984741211,98.9499969482422,100.43000030517578,-0.007011967150520215,-0.007036666520682404,0.030343912917452087,0.04671368301429957,104.71600036621093,102.07449989318847,98.44579986572266,0.017049080474673618,0.01890954233110428,4.160003662109375,-1.4500045776367188,62447220.0
2023-04-25,102.56999969482422,105.4499969482422,102.4499969482422,104.91000366210938,65026800,106.20999908447266,102.51000213623048,98.12999725341795,109.2300033569336,103.1999969482422,98.3000030517578,105.06999969482422,101.11000061035156,96.4000015258789,107.66000366210938,102.06999969482422,98.06999969482422,-0.03427172037496595,-0.03487276836944828,-0.007011967150520215,0.001074224694457504,104.76999969482422,102.30099983215332,98.54499984741211,0.02522745232477559,0.020758766883345568,3.0,-2.3400039672851562,67494480.0
2023-04-26,104.9800033569336,106.62000274658205,104.0999984741211,105.04000091552734,73803800,102.56999969482422,102.73999786376952,98.04000091552734,105.4499969482422,103.7300033569336,99.33999633789062,102.4499969482422,101.58999633789062,97.08000183105467,104.91000366210938,103.16000366210938,99.06999969482422,0.023496184744855597,0.023224398457013323,-0.03427172037496595,0.0022436418178333195,104.90599975585937,102.68800010681153,98.65379989624023,0.026010877637464267,0.021109905119906614,2.5200042724609517,-0.05999755859375,70575460.0
2023-04-27,109.81999969482422,110.86000061035156,106.8000030517578,108.16000366210938,149961200,104.9800033569336,102.3000030517578,97.23999786376952,106.62000274658205,104.1999969482422,98.44000244140624,104.0999984741211,101.5199966430664,96.29000091552734,105.04000091552734,103.9499969482422,98.11000061035156,0.046103983455159314,0.04507277127081395,0.023496184744855597,-0.004282604839014548,106.10800018310547,103.16650009155273,98.85619995117187,0.03214774947273337,0.022360945234292787,4.059997558593764,1.6599960327148438,89028320.0
2023-04-28,105.4499969482422,109.4800033569336,104.33000183105467,107.7300033569336,130715900,109.81999969482422,104.3000030517578,100.25,110.86000061035156,105.12000274658205,100.41999816894533,106.8000030517578,101.38999938964844,98.55999755859376,108.16000366210938,101.58000183105467,98.69000244140624,-0.039792412663683274,-0.04060578108740084,0.046103983455159314,0.019550341547772243,105.80599975585938,103.33899993896485,98.94199981689454,0.036940706515207374,0.024241362299714343,5.1500015258789205,-2.280006408691392,97816660.0
2023-05-01,102.0500030517578,105.2300033569336,101.81999969482422,104.9499969482422,74728100,105.4499969482422,103.80999755859376,102.0,109.4800033569336,105.25,103.04000091552734,104.33000183105467,103.20999908447266,101.01000213623048,107.7300033569336,103.52999877929688,101.5500030517578,-0.0322427121373291,-0.032773958824064836,-0.039792412663683274,-0.004698039106680318,104.9740005493164,103.27700004577636,99.01999984741211,0.0393882957555345,0.025255039177025977,3.410003662109375,-2.8999938964844034,98847160.0
2023-05-02,103.62999725341795,103.9000015258789,101.1500015258789,101.47000122070312,73469400,102.0500030517578,106.95999908447266,103.29000091552734,105.2300033569336,108.1500015258789,103.48999786376952,101.81999969482422,105.08000183105467,101.9499969482422,104.9499969482422,106.0999984741211,102.16000366210938,0.015482549283793778,0.01536391753200235,-0.0322427121373291,0.030343912917452087,105.18600006103516,103.3379997253418,99.14859985351562,0.037102351599755064,0.025413770645854202,2.75,2.1599960327148295,100535680.0
2023-05-03,103.6500015258789,105.95999908447266,103.27999877929688,103.73999786376952,65051900,103.62999725341795,106.20999908447266,102.41000366210938,103.9000015258789,109.2300033569336,103.29000091552734,101.1500015258789,105.06999969482422,101.43000030517578,101.47000122070312,107.66000366210938,102.3000030517578,0.00019303553981608879,0.00019301691085360208,0.015482549283793778,-0.007011967150520215,104.91999969482421,103.32299995422363,99.32999984741211,0.035239598426804186,0.0251949179326699,2.6800003051757812,-0.08999633789061079,98785300.0
2023-05-04,104.0,105.38999938964844,103.30999755859376,104.04000091552734,45345500,103.6500015258789,102.56999969482422,103.9499969482422,105.95999908447266,105.4499969482422,104.1999969482422,103.27999877929688,102.4499969482422,102.11000061035156,103.73999786376952,104.91000366210938,102.75,0.0033767339022539034,0.0033710455381283566,0.00019303553981608879,-0.03427172037496595,103.75599975585938,103.46800003051757,99.49419982910156,0.024045487989119346,0.02434789994330975,2.0800018310546733,-0.04000091552734375,77862160.0
2023-05-05,105.66000366210938,105.76000213623048,103.5500030517578,104.2699966430664,56951700,104.0,104.9800033569336,101.0999984741211,105.38999938964844,106.62000274658205,103.91000366210938,103.30999755859376,104.0999984741211,100.75,104.04000091552734,105.04000091552734,103.91000366210938,0.015961573674128537,0.015835527254169667,0.0033767339022539034,0.023496184744855597,103.79800109863281,103.64800033569335,99.69099990844727,0.019646738654335427,0.02449937913515492,2.2099990844726847,1.3900070190429688,63109320.0
2023-05-08,105.83000183105467,106.0999984741211,104.6999969482422,105.04000091552734,49430900,105.66000366210938,109.81999969482422,102.05999755859376,105.76000213623048,110.86000061035156,102.37999725341795,103.5500030517578,106.8000030517578,99.8000030517578,104.2699966430664,108.16000366210938,100.75,0.0016089169321718,0.0016076240119395433,0.015961573674128537,0.046103983455159314,104.55400085449219,103.83100051879883,99.93759994506836,0.007750215191603034,0.02449859311459352,1.400001525878892,0.7900009155273295,58049880.0
2023-05-09,106.62000274658205,106.79000091552734,105.16000366210938,105.4800033569336,44089400,105.83000183105467,105.4499969482422,102.16999816894533,106.0999984741211,109.4800033569336,102.1999969482422,104.6999969482422,104.33000183105467,99.56999969482422,105.04000091552734,107.7300033569336,100.95999908447266,0.007464810562779034,0.007437086747609702,0.0016089169321718,-0.039792412663683274,105.152001953125,104.16600074768067,100.1947999572754,0.0063417944270516375,0.023852709601095184,1.6299972534179688,1.1399993896484517,52173880.0
2023-05-10,110.19000244140624,110.66999816894533,108.0500030517578,108.0999984741211,78627600,106.62000274658205,102.0500030517578,99.91999816894533,106.79000091552734,105.2300033569336,101.0,105.16000366210938,101.81999969482422,99.01000213623048,105.4800033569336,104.9499969482422,100.8000030517578,0.033483395262233095,0.032935033500925935,0.007464810562779034,-0.0322427121373291,106.46000213623047,104.78400077819825,100.51399993896484,0.013032795896176022,0.024020585109947704,2.6199951171875284,2.090003967285142,54889020.0
2023-05-11,112.18000030517578,113.27999877929688,110.48999786376952,111.02999877929688,74924800,110.19000244140624,103.62999725341795,97.83000183105467,110.66999816894533,103.9000015258789,100.51000213623048,108.0500030517578,101.1500015258789,97.70999908447266,108.0999984741211,101.47000122070312,100.4000015258789,0.01805969525073503,0.01789855614458502,0.033483395262233095,0.015482549283793778,108.09600219726562,105.27300071716309,100.91419998168945,0.012119449047935086,0.022270240025827753,2.790000915527358,1.1500015258789062,60804880.0
2023-05-12,110.26000213623048,112.63999938964844,109.31999969482422,112.16000366210938,49852700,112.18000030517578,103.6500015258789,102.4000015258789,113.27999877929688,105.95999908447266,102.56999969482422,110.48999786376952,103.27999877929688,98.70999908447266,111.02999877929688,103.73999786376952,98.9499969482422,-0.01711533396079612,-0.017263494264582263,0.01805969525073503,0.00019303553981608879,109.01600189208985,105.66050071716309,101.2768000793457,0.018841849663702906,0.022795921591701913,3.3199996948242188,-1.900001525878892,59385080.0
2023-05-15,111.1999969482422,112.29000091552734,109.25,111.1500015258789,53011100,110.26000213623048,104.0,102.51000213623048,112.63999938964844,105.38999938964844,103.1999969482422,109.31999969482422,103.30999755859376,101.11000061035156,112.16000366210938,104.04000091552734,102.06999969482422,0.008525256609829501,0.008489121836596263,-0.01711533396079612,0.0033767339022539034,110.09000091552734,106.08350067138672,101.60279998779296,0.01844069558475863,0.02281519833957653,3.0400009155273438,0.04999542236329546,60101120.0
2023-05-16,113.4000015258789,114.79000091552734,111.0500030517578,111.0500030517578,71472900,111.1999969482422,105.66000366210938,102.73999786376952,112.29000091552734,105.76000213623048,103.7300033569336,109.25,103.5500030517578,101.58999633789062,111.1500015258789,104.2699966430664,103.16000366210938,0.0197842143706235,0.019591050376757332,0.008525256609829501,0.015961573674128537,111.44600067138671,106.63850059509278,101.99580001831055,0.018822381638996237,0.02297769831886702,3.7399978637695455,2.349998474121108,65577820.0
2023-05-17,115.5,115.83000183105467,114.22000122070312,114.88999938964844,65655200,113.4000015258789,105.83000183105467,102.3000030517578,114.79000091552734,106.0999984741211,104.1999969482422,111.0500030517578,104.6999969482422,101.5199966430664,111.0500030517578,105.04000091552734,103.9499969482422,0.018518504813616277,0.018349125212474244,0.0197842143706235,0.0016089169321718,112.50800018310547,107.19850044250488,102.43479995727539,0.01556982795428017,0.022945425818171026,1.6100006103515483,0.6100006103515625,62983340.0
2023-05-18,118.1500015258789,118.5999984741211,116.33999633789062,116.69000244140624,73174100,115.5,106.62000274658205,104.3000030517578,115.83000183105467,106.79000091552734,105.12000274658205,114.22000122070312,105.16000366210938,101.38999938964844,114.88999938964844,105.4800033569336,101.58000183105467,0.022943736154795724,0.022684486585828632,0.018518504813616277,0.007464810562779034,113.70200042724609,107.91550064086914,102.91940002441406,0.016369491560706308,0.023139148749415677,2.2600021362304688,1.4599990844726705,62633200.0
2023-05-19,116.25,118.30999755859376,115.6999969482422,118.16000366210938,55056300,118.1500015258789,110.19000244140624,103.80999755859376,118.5999984741211,110.66999816894533,105.25,116.33999633789062,108.0500030517578,103.20999908447266,116.69000244140624,108.0999984741211,103.52999877929688,-0.01608126535201726,-0.01621197208021114,0.022943736154795724,0.033483395262233095,114.9,108.3800006866455,103.39940002441406,0.01593360812847513,0.0229752797368371,2.6100006103515625,-1.910003662109375,63673920.0
2023-05-22,115.01000213623048,116.7699966430664,114.25,116.7699966430664,70741100,116.25,112.18000030517578,106.95999908447266,118.30999755859376,113.27999877929688,108.1500015258789,115.6999969482422,110.48999786376952,105.08000183105467,118.16000366210938,111.02999877929688,106.0999984741211,-0.010666648290490466,-0.010723944788673759,-0.01608126535201726,0.01805969525073503,115.66200103759766,108.8200008392334,103.885,0.01867565121202735,0.023085296312457856,2.5199966430664062,-1.7599945068359233,67219920.0
2023-05-23,114.98999786376952,117.13999938964844,113.77999877929688,114.2699966430664,67576300,115.01000213623048,110.26000213623048,106.20999908447266,116.7699966430664,112.63999938964844,109.2300033569336,114.25,109.31999969482422,105.06999969482422,116.7699966430664,112.16000366210938,107.66000366210938,-0.00017393506729324049,-0.00017395019575132932,-0.010666648290490466,-0.01711533396079612,115.98000030517578,109.44100074768066,104.33619995117188,0.01731675620857296,0.021279807167972627,3.3600006103515625,0.7200012207031108,66440600.0
2023-05-24,116.75,117.33999633789062,115.0199966430664,115.3499984741211,63487900,114.98999786376952,111.1999969482422,102.56999969482422,117.13999938964844,112.29000091552734,105.4499969482422,113.77999877929688,109.25,102.4499969482422,114.2699966430664,111.1500015258789,104.91000366210938,0.015305697616549097,0.015189747065966132,-0.00017393506729324049,0.008525256609829501,116.23000030517578,110.02950057983398,104.77360000610352,0.01663904524069411,0.02100128171813918,2.3199996948242188,1.4000015258789062,66007140.0
2023-05-25,115.0,116.87000274658205,114.30999755859376,116.62999725341795,66496700,116.75,113.4000015258789,104.9800033569336,117.33999633789062,114.79000091552734,106.62000274658205,115.0199966430664,111.0500030517578,104.0999984741211,115.3499984741211,111.0500030517578,105.04000091552734,-0.01498929336188437,-0.01510276818575663,0.015305697616549097,0.0197842143706235,115.6,110.28850059509277,105.14960006713868,0.013131908606229373,0.019151818306744818,2.5600051879882812,-1.6299972534179545,64671660.0
2023-05-26,120.11000061035156,121.5,116.0199966430664,116.04000091552734,96779900,115.0,115.5,109.81999969482422,116.87000274658205,115.83000183105467,110.86000061035156,114.30999755859376,114.22000122070312,106.8000030517578,116.62999725341795,114.88999938964844,108.16000366210938,0.04443478791610045,0.04347586628475364,-0.01498929336188437,0.018518504813616277,116.37200012207032,111.02150077819825,105.55100006103515,0.024068731963451766,0.01861973375600467,5.480003356933594,4.069999694824219,73016380.0
2023-05-30,121.66000366210938,122.91999816894533,119.86000061035156,122.37000274658205,64314800,120.11000061035156,118.1500015258789,105.4499969482422,121.5,118.5999984741211,109.4800033569336,116.0199966430664,116.33999633789062,104.33000183105467,116.04000091552734,116.69000244140624,107.7300033569336,0.01290486257498391,0.012822304345733589,0.04443478791610045,0.022943736154795724,117.70200042724609,112.00200080871582,106.0052001953125,0.022017723469445496,0.016234815834509222,3.059997558593764,-0.7099990844726705,71731120.0
2023-05-31,120.58000183105467,122.04000091552734,119.16999816894533,121.4499969482422,72800800,121.66000366210938,116.25,102.0500030517578,122.91999816894533,118.30999755859376,105.2300033569336,119.86000061035156,115.6999969482422,101.81999969482422,122.37000274658205,118.16000366210938,104.9499969482422,-0.00887721353399129,-0.008916850747085097,0.01290486257498391,-0.01608126535201726,118.82000122070312,112.84950103759766,106.46260025024414,0.023467312374777897,0.016628024807809914,2.870002746582017,-0.8699951171875284,72776020.0
2023-06-01,122.7699966430664,123.48999786376952,119.93000030517578,120.69000244140624,54375100,120.58000183105467,115.01000213623048,103.62999725341795,122.04000091552734,116.7699966430664,103.9000015258789,119.16999816894533,114.25,101.1500015258789,121.4499969482422,116.7699966430664,101.47000122070312,0.01816217265513198,0.01799921060282327,-0.00887721353399129,-0.010666648290490466,120.02400054931641,113.80550079345703,106.90580017089843,0.023670092044313217,0.01668453791415953,3.559997558593736,2.0799942016601705,70953460.0
2023-06-02,124.25,126.38999938964844,124.0199966430664,124.91999816894533,61264400,122.7699966430664,114.98999786376952,103.6500015258789,123.48999786376952,117.13999938964844,105.95999908447266,119.93000030517578,113.77999877929688,103.27999877929688,120.69000244140624,114.2699966430664,103.73999786376952,0.01205508998453797,0.011983006127262639,0.01816217265513198,-0.00017393506729324049,121.8740005493164,114.81800079345703,107.41680023193359,0.019084558284899356,0.016653503552437523,2.3700027465820312,-0.6699981689453267,69907000.0
2023-06-05,125.3000030517578,125.8000030517578,123.02999877929688,123.36000061035156,47950100,124.25,116.75,104.0,126.38999938964844,117.33999633789062,105.38999938964844,124.0199966430664,115.0199966430664,103.30999755859376,124.91999816894533,115.3499984741211,104.04000091552734,0.00845072878678299,0.008415221280893044,0.01205508998453797,0.015305697616549097,122.91200103759766,115.80000076293945,107.9486003112793,0.010336360364510766,0.01657430663847965,2.7700042724609233,1.9400024414062358,60141040.0
2023-06-06,126.61000061035156,127.4000015258789,125.0,125.06999969482422,45695200,125.3000030517578,115.0,105.66000366210938,125.8000030517578,116.87000274658205,105.76000213623048,123.02999877929688,114.30999755859376,103.5500030517578,123.36000061035156,116.62999725341795,104.2699966430664,0.01045488848114906,0.010400614095252173,0.00845072878678299,-0.01498929336188437,123.9020004272461,116.8390007019043,108.51820037841797,0.010133748171679106,0.016493231967145777,2.4000015258789062,1.5400009155273438,56417120.0
2023-06-07,121.2300033569336,127.37000274658205,120.62999725341795,127.01000213623048,95663300,126.61000061035156,120.11000061035156,105.83000183105467,127.4000015258789,121.5,106.0999984741211,125.0,116.0199966430664,104.6999969482422,125.06999969482422,116.04000091552734,105.04000091552734,-0.04249267220189956,-0.043421904903774046,0.01045488848114906,0.04443478791610045,124.03200073242188,117.56950073242187,108.98200042724609,0.02476259518045863,0.020139079329503026,6.740005493164091,-5.779998779296889,60989620.0
2023-06-08,124.25,125.62999725341795,122.26000213623048,123.01000213623048,62159300,121.2300033569336,121.66000366210938,106.62000274658205,127.37000274658205,122.91999816894533,106.79000091552734,120.62999725341795,119.86000061035156,105.16000366210938,127.01000213623048,122.37000274658205,105.4800033569336,0.024911297199049942,0.02460606952762862,-0.04249267220189956,0.01290486257498391,124.3280014038086,118.27250061035156,109.5222004699707,0.026059754974983293,0.01962218005048225,3.3699951171874716,1.239997863769517,62546460.0
2023-06-09,123.43000030517578,125.8000030517578,123.19000244140624,124.08000183105467,51396000,124.25,120.58000183105467,110.19000244140624,125.62999725341795,122.04000091552734,110.66999816894533,122.26000213623048,119.16999816894533,108.0500030517578,123.01000213623048,121.4499969482422,108.0999984741211,-0.006599595129369917,-0.006621468748440394,0.024911297199049942,-0.00887721353399129,124.16400146484375,118.83500061035156,109.98580047607422,0.025714335571240983,0.019612864743851925,2.6100006103515625,-0.650001525878892,60572780.0
2023-06-12,126.56999969482422,126.77999877929688,123.52999877929688,124.0199966430664,51338000,123.43000030517578,122.7699966430664,112.18000030517578,125.8000030517578,123.48999786376952,113.27999877929688,123.19000244140624,119.93000030517578,110.48999786376952,124.08000183105467,120.69000244140624,111.02999877929688,0.025439515368102628,0.025121316164936732,-0.006599595129369917,0.01816217265513198,124.41800079345703,119.65050048828125,110.4772004699707,0.028278911331138672,0.01939761635463474,3.25,2.5500030517578125,61250360.0
2023-06-13,126.66000366210938,128.41000366210938,125.18000030517578,128.1199951171875,50564800,126.56999969482422,124.25,110.26000213623048,126.77999877929688,126.38999938964844,112.63999938964844,123.52999877929688,124.0199966430664,109.31999969482422,124.0199966430664,124.91999816894533,112.16000366210938,0.0007111003199982147,0.0007108476079609743,0.025439515368102628,0.01205508998453797,124.4280014038086,120.4235008239746,110.94460052490234,0.02791349709358786,0.01944604469430432,3.2300033569335938,-1.459991455078125,62224280.0
2023-06-14,126.41999816894533,126.9499969482422,124.12000274658205,126.6999969482422,52422500,126.66000366210938,125.3000030517578,111.1999969482422,128.41000366210938,125.8000030517578,112.29000091552734,125.18000030517578,123.02999877929688,109.25,128.1199951171875,123.36000061035156,111.1500015258789,-0.001894879884926537,-0.0018966774409431106,0.0007111003199982147,0.00845072878678299,125.46600036621093,121.07450065612792,111.42480041503906,0.015435310218833166,0.01928242371385417,2.8299942016601562,-0.279998779296875,53576120.0
2023-06-15,127.11000061035156,127.69000244140624,124.31999969482422,125.20999908447266,60458500,126.41999816894533,126.61000061035156,113.4000015258789,126.9499969482422,127.4000015258789,114.79000091552734,124.12000274658205,125.0,111.0500030517578,126.6999969482422,125.06999969482422,111.0500030517578,0.005458016543269828,0.005443175548084132,-0.001894879884926537,0.01045488848114906,126.03800048828126,121.65500068664551,111.88800048828125,0.012427358159464275,0.019042478920887763,3.370002746582017,1.9000015258789062,53235960.0
2023-06-16,125.48999786376952,127.9000015258789,125.3000030517578,127.70999908447266,84247100,127.11000061035156,121.2300033569336,115.5,127.69000244140624,127.37000274658205,115.83000183105467,124.31999969482422,120.62999725341795,114.22000122070312,125.20999908447266,127.01000213623048,114.88999938964844,-0.012744888197649185,-0.012826801009233037,0.005458016543269828,-0.04249267220189956,126.45,122.02200050354004,112.37580047607422,0.014016943544015404,0.018941715997421515,2.599998474121108,-2.220001220703139,59806180.0
2023-06-20,125.77999877929688,127.25,124.5,124.97000122070312,56930100,125.48999786376952,124.25,118.1500015258789,127.9000015258789,125.62999725341795,118.5999984741211,125.3000030517578,122.26000213623048,116.33999633789062,127.70999908447266,123.01000213623048,116.69000244140624,0.002310948445805039,0.002308282311188502,-0.012744888197649185,0.024911297199049942,126.29199981689453,122.49850044250488,112.85020050048828,0.006965458496541542,0.018395537452611965,2.75,0.80999755859375,60924600.0
2023-06-21,124.83000183105467,126.7300033569336,123.8499984741211,125.63999938964844,52137700,125.77999877929688,123.43000030517578,116.25,127.25,125.8000030517578,118.30999755859376,124.5,123.19000244140624,115.6999969482422,124.97000122070312,124.08000183105467,118.16000366210938,-0.007552845901271921,-0.007581513078945958,0.002310948445805039,-0.006599595129369917,125.92599945068359,122.9895004272461,113.30340057373047,0.007358503981756865,0.018276704295439754,2.8800048828125,-0.8099975585937642,61239180.0
2023-06-22,130.14999389648438,130.3300018310547,125.13999938964844,125.30999755859376,90354600,124.83000183105467,126.56999969482422,115.01000213623048,126.7300033569336,126.77999877929688,116.7699966430664,123.8499984741211,123.52999877929688,114.25,125.63999938964844,124.0199966430664,116.7699966430664,0.04261789623803569,0.04173475821321792,-0.007552845901271921,0.025439515368102628,126.6719985961914,123.74750022888183,113.90800048828125,0.02173604178072343,0.02013966514531918,5.19000244140625,4.839996337890611,68825600.0
2023-06-23,129.3300018310547,130.83999633789062,128.27999877929688,129.11000061035156,71927800,130.14999389648438,126.66000366210938,114.98999786376952,130.3300018310547,128.41000366210938,117.13999938964844,125.13999938964844,125.18000030517578,113.77999877929688,125.30999755859376,128.1199951171875,114.2699966430664,-0.006300361919969633,-0.006320292959406817,0.04261789623803569,0.0007111003199982147,127.11599884033203,124.37650032043457,114.53800048828126,0.022436546692022205,0.020216335954911485,2.55999755859375,0.220001220703125,71119460.0
2023-06-26,127.33000183105467,131.49000549316406,127.0999984741211,129.3300018310547,59989300,129.3300018310547,126.41999816894533,116.75,130.83999633789062,126.9499969482422,117.33999633789062,128.27999877929688,124.12000274658205,115.0199966430664,129.11000061035156,126.6999969482422,115.3499984741211,-0.015464315871677181,-0.015585135619426043,-0.006300361919969633,-0.001894879884926537,127.48399963378907,124.99300041198731,115.03660049438477,0.02296066201554733,0.020241718885610615,4.390007019042969,-2.000000000000014,66267900.0
2023-06-27,129.17999267578125,130.08999633789062,127.5500030517578,128.6300048828125,46801000,127.33000183105467,127.11000061035156,115.0,131.49000549316406,127.69000244140624,116.87000274658205,127.0999984741211,124.31999969482422,114.30999755859376,129.3300018310547,125.20999908447266,116.62999725341795,0.014529104045574393,0.014424567940817595,-0.015464315871677181,0.005458016543269828,128.16399841308595,125.44650001525879,115.57000030517578,0.023496643896366895,0.018200198765255395,2.5399932861328267,0.54998779296875,64242080.0
2023-06-28,129.0399932861328,131.47999572753906,128.44000244140625,128.94000244140625,52149500,129.17999267578125,125.48999786376952,120.11000061035156,130.08999633789062,127.9000015258789,121.5,127.5500030517578,125.3000030517578,116.0199966430664,128.6300048828125,127.70999908447266,116.04000091552734,-0.001083754432466999,-0.0010843421189455317,0.014529104045574393,-0.012744888197649185,129.00599670410156,125.81549949645996,116.09600021362304,0.02276024900626212,0.01810056153361173,3.0399932861328125,0.0999908447265625,64244440.0
2023-06-29,127.9000015258789,129.25999450683594,127.26000213623048,128.77000427246094,40761000,129.0399932861328,125.77999877929688,121.66000366210938,131.47999572753906,127.25,122.91999816894533,128.44000244140625,124.5,119.86000061035156,128.94000244140625,124.97000122070312,122.37000274658205,-0.008834406537251538,-0.008873661272556729,-0.001083754432466999,0.002310948445805039,128.55599822998047,126.18149948120117,116.60800018310547,0.011294972661145649,0.01809907262278645,1.9999923706054545,-0.8700027465820312,54325720.0
2023-06-30,130.36000061035156,131.25,128.9499969482422,129.47000122070312,54350700,127.9000015258789,124.83000183105467,120.58000183105467,129.25999450683594,126.7300033569336,122.04000091552734,127.26000213623048,123.8499984741211,119.16999816894533,128.77000427246094,125.63999938964844,121.4499969482422,0.019233769000189582,0.01905113813636069,-0.008834406537251538,-0.007552845901271921,128.76199798583986,126.56099967956543,117.12920013427734,0.014877439750555789,0.01814750954511783,2.3000030517578125,0.8899993896484375,50810300.0
2023-07-03,130.22000122070312,131.85000610351562,130.07000732421875,130.82000732421875,28264800,130.36000061035156,130.14999389648438,122.7699966430664,131.25,130.3300018310547,123.48999786376952,128.9499969482422,125.13999938964844,119.93000030517578,129.47000122070312,125.30999755859376,120.69000244140624,-0.0010739443770555468,-0.0010745214685311468,0.019233769000189582,0.04261789623803569,129.33999786376953,126.85949974060058,117.65740020751953,0.011807897580219759,0.01804599549913318,1.779998779296875,-0.600006103515625,44465400.0
2023-07-05,130.3800048828125,131.39999389648438,129.63999938964844,130.24000549316406,35895400,130.22000122070312,129.3300018310547,124.25,131.85000610351562,130.83999633789062,126.38999938964844,130.07000732421875,128.27999877929688,124.0199966430664,130.82000732421875,129.11000061035156,124.91999816894533,0.0012287180203460757,0.0012279637641415527,-0.0010739443770555468,-0.006300361919969633,129.5800003051758,127.11349983215332,118.12580032348633,0.010414948525762904,0.01799291209677812,1.7599945068359375,0.1399993896484375,42284280.0
2023-07-06,128.36000061035156,128.72999572753906,127.37000274658205,128.25,40639900,130.3800048828125,127.33000183105467,125.3000030517578,131.39999389648438,131.49000549316406,125.8000030517578,129.63999938964844,127.0999984741211,123.02999877929688,130.24000549316406,129.3300018310547,123.36000061035156,-0.015493205988729275,-0.015614479950363446,0.0012287180203460757,-0.015464315871677181,129.44400177001953,127.20099983215331,118.56880035400391,0.01309397058635163,0.01829497958912651,1.359992980957017,0.1100006103515625,39982360.0
2023-07-07,129.77999877929688,130.97000122070312,128.1300048828125,128.58999633789062,41992300,128.36000061035156,129.17999267578125,126.61000061035156,128.72999572753906,130.08999633789062,127.4000015258789,127.37000274658205,127.5500030517578,125.0,128.25,128.6300048828125,125.06999969482422,0.011062622017709689,0.011001878790426247,-0.015493205988729275,0.014529104045574393,129.82000122070312,127.62849960327148,119.11300033569336,0.013136532139778058,0.015290567007494692,2.839996337890625,1.19000244140625,40228620.0
2023-07-10,127.12999725341795,129.27999877929688,125.91999816894533,129.07000732421875,61889300,129.77999877929688,129.0399932861328,121.2300033569336,130.97000122070312,131.47999572753906,127.37000274658205,128.1300048828125,128.44000244140625,120.62999725341795,128.58999633789062,128.94000244140625,127.01000213623048,-0.02041918285409683,-0.020630536429565176,0.011062622017709689,-0.001083754432466999,129.1740005493164,127.77249946594239,119.55600021362305,0.01284580313753675,0.015312975521016722,3.3600006103515483,-1.9400100708007955,41736340.0
2023-07-11,128.77999877929688,129.77000427246094,127.3499984741211,127.75,49951500,127.12999725341795,127.9000015258789,124.25,129.27999877929688,129.25999450683594,125.62999725341795,125.91999816894533,127.26000213623048,122.26000213623048,129.07000732421875,128.77000427246094,123.01000213623048,0.012978852839820698,0.01289534927354134,-0.02041918285409683,-0.008834406537251538,128.88600006103516,128.03999938964844,119.9352001953125,0.015220653469586289,0.015409815918546201,2.4200057983398438,1.029998779296875,46073680.0
2023-07-12,130.8000030517578,131.25999450683594,128.8300018310547,130.30999755859375,54022800,128.77999877929688,130.36000061035156,123.43000030517578,129.77000427246094,131.25,125.8000030517578,127.3499984741211,128.9499969482422,123.19000244140624,127.75,129.47000122070312,124.08000183105467,0.01568569880112225,0.015563949723523061,0.012978852839820698,0.019233769000189582,128.96999969482422,128.25149955749512,120.44220031738281,0.01725503779642331,0.014778201524024705,2.42999267578125,0.4900054931640625,49699160.0
2023-07-13,134.3000030517578,134.6699981689453,132.7100067138672,134.0399932861328,61170900,130.8000030517578,130.22000122070312,126.56999969482422,131.25999450683594,131.85000610351562,126.77999877929688,128.8300018310547,130.07000732421875,123.52999877929688,130.30999755859375,130.82000732421875,124.0199966430664,0.026758409161619312,0.026406663898050423,0.01568569880112225,-0.0010739443770555468,130.15800018310546,128.63349952697754,121.08720031738281,0.01764515671469733,0.015794810998584187,1.959991455078125,0.260009765625,53805360.0
2023-07-14,134.67999267578125,136.64999389648438,134.05999755859375,134.05999755859375,54487100,134.3000030517578,130.3800048828125,126.66000366210938,134.6699981689453,131.39999389648438,128.41000366210938,132.7100067138672,129.63999938964844,125.18000030517578,134.0399932861328,130.24000549316406,128.1199951171875,0.002829408900884234,0.0028254136578632553,0.026758409161619312,0.0012287180203460757,131.13799896240235,129.04649925231934,121.70820022583008,0.017812796008065127,0.015752234345618434,2.589996337890625,0.6199951171875,56304320.0
2023-07-17,133.55999755859375,135.6199951171875,133.2100067138672,134.55999755859375,48450200,134.67999267578125,128.36000061035156,126.41999816894533,136.64999389648438,128.72999572753906,126.9499969482422,134.05999755859375,127.37000274658205,124.12000274658205,134.05999755859375,128.25,126.6999969482422,-0.008315972513331604,-0.008350743114511814,0.002829408900884234,-0.015493205988729275,132.4239990234375,129.36899909973144,122.30640014648438,0.013312930082094878,0.01595212546085624,2.4099884033203125,-1.0,53616500.0
2023-07-18,132.8300018310547,133.86000061035156,131.35000610351562,132.7100067138672,54882900,133.55999755859375,129.77999877929688,127.11000061035156,135.6199951171875,130.97000122070312,127.69000244140624,133.2100067138672,128.1300048828125,124.31999969482422,134.55999755859375,128.58999633789062,125.20999908447266,-0.005465676406731013,-0.005480667866621605,-0.008315972513331604,0.011062622017709689,133.23399963378907,129.7359992980957,122.88300018310547,0.014754157300394853,0.01566408994823395,2.5099945068359375,0.1199951171875,54602780.0
2023-07-19,135.36000061035156,135.99000549316406,132.52999877929688,133.38999938964844,54531000,132.8300018310547,127.12999725341795,125.48999786376952,133.86000061035156,129.27999877929688,127.9000015258789,131.35000610351562,125.91999816894533,125.3000030517578,132.7100067138672,129.07000732421875,127.70999908447266,0.019046892602732513,0.01886777143765127,-0.005465676406731013,-0.02041918285409683,134.1459991455078,130.21499938964843,123.47700012207031,0.01535320787516462,0.016069290201620585,3.4600067138671875,1.970001220703125,54704420.0
2023-07-20,129.9600067138672,134.7899932861328,129.3300018310547,134.07000732421875,59820600,135.36000061035156,128.77999877929688,125.77999877929688,135.99000549316406,129.77000427246094,127.25,132.52999877929688,127.3499984741211,124.5,133.38999938964844,127.75,124.97000122070312,-0.03989357175040831,-0.04071113790508541,0.019046892602732513,0.012978852839820698,133.2779998779297,130.47149963378905,123.95960021972657,0.021558533721840627,0.018685851943147088,5.459991455078125,-4.1100006103515625,54434360.0
2023-07-21,130.0,131.3699951171875,128.4199981689453,131.33999633789062,133307300,129.9600067138672,130.8000030517578,124.83000183105467,134.7899932861328,131.25999450683594,126.7300033569336,129.3300018310547,128.8300018310547,123.8499984741211,134.07000732421875,130.30999755859375,125.63999938964844,0.00030773533446226686,0.000307687993656272,-0.03989357175040831,0.01568569880112225,132.34200134277344,130.46399993896483,124.42720016479493,0.02131797531529422,0.016080306326457256,2.9499969482421875,-1.339996337890625,70198400.0
2023-07-24,128.8000030517578,131.66000366210938,128.35000610351562,130.30999755859375,45591100,130.0,134.3000030517578,130.14999389648438,131.3699951171875,134.6699981689453,130.3300018310547,128.4199981689453,132.7100067138672,125.13999938964844,131.33999633789062,134.0399932861328,125.30999755859376,-0.009230745755709147,-0.009273613091557636,0.00030773533446226686,0.026758409161619312,131.39000244140624,130.4375,124.79940017700196,0.021337466863261097,0.01615454540426955,3.30999755859375,-1.5099945068359375,69626580.0
2023-07-25,129.1300048828125,129.5800018310547,128.52999877929688,129.30999755859375,39236700,128.8000030517578,134.67999267578125,129.3300018310547,131.66000366210938,136.64999389648438,130.83999633789062,128.35000610351562,134.05999755859375,128.27999877929688,130.30999755859375,134.05999755859375,129.11000061035156,0.002562125956798944,0.002558849307688174,-0.009230745755709147,0.002829408900884234,130.6500030517578,130.5275001525879,125.13840026855469,0.021783576031867265,0.0157488477203882,1.0500030517578125,-0.17999267578125,66497340.0
2023-07-26,128.14999389648438,129.0800018310547,126.11000061035156,126.51000213623048,53910100,129.1300048828125,133.55999755859375,127.33000183105467,129.5800018310547,135.6199951171875,131.49000549316406,128.52999877929688,133.2100067138672,127.0999984741211,129.30999755859375,134.55999755859375,129.3300018310547,-0.007589335934878205,-0.007618281489535843,0.002562125956798944,-0.008315972513331604,129.20800170898437,130.47600021362305,125.49620010375976,0.01703767996226133,0.015510340342905557,2.970001220703125,1.639991760253892,66373160.0
2023-07-27,128.25,132.6300048828125,127.79000091552734,131.0,52610700,128.14999389648438,132.8300018310547,129.17999267578125,129.0800018310547,133.86000061035156,130.08999633789062,126.11000061035156,131.35000610351562,127.5500030517578,126.51000213623048,132.7100067138672,128.6300048828125,0.0007803832093540297,0.0007800788687019062,-0.007589335934878205,-0.005465676406731013,128.86600036621093,130.4365005493164,125.83720016479492,0.005370846144345381,0.015510890593343641,4.840003967285156,-2.75,64931180.0
2023-07-28,132.2100067138672,133.00999450683594,129.3300018310547,129.69000244140625,46317400,128.25,135.36000061035156,129.0399932861328,132.6300048828125,135.99000549316406,131.47999572753906,127.79000091552734,132.52999877929688,128.44000244140625,131.0,133.38999938964844,128.94000244140625,0.030877245332297854,0.030410134252966122,0.0007803832093540297,0.019046892602732513,129.30800170898436,130.65200080871583,126.2134002685547,0.016146460378808156,0.01683187534817591,3.67999267578125,2.5200042724609375,47533200.0
2023-07-31,133.67999267578125,133.8699951171875,132.3800048828125,133.1999969482422,41901500,132.2100067138672,129.9600067138672,127.9000015258789,133.00999450683594,134.7899932861328,129.25999450683594,129.3300018310547,129.3300018310547,127.26000213623048,129.69000244140625,134.07000732421875,128.77000427246094,0.011118568090654923,0.0110572111941032,0.030877245332297854,-0.03989357175040831,130.28399963378905,130.8180004119873,126.57700012207032,0.014635582874603982,0.016483532129588557,1.489990234375,0.4799957275390625,46795280.0
2023-08-01,131.69000244140625,133.69000244140625,131.6199951171875,133.5500030517578,42098500,133.67999267578125,130.0,130.36000061035156,133.8699951171875,131.3699951171875,131.25,132.3800048828125,128.4199981689453,128.9499969482422,133.1999969482422,131.33999633789062,129.47000122070312,-0.014886223394710907,-0.014998135236778893,0.011118568090654923,0.00030773533446226686,130.7959991455078,130.89150047302246,126.84780014038085,0.01784944204703085,0.016876756283245437,2.07000732421875,-1.8600006103515625,47367640.0
2023-08-02,128.2100067138672,130.22999572753906,126.81999969482422,130.14999389648438,51027600,131.69000244140625,128.8000030517578,130.22000122070312,133.69000244140625,131.66000366210938,131.85000610351562,131.6199951171875,128.35000610351562,130.07000732421875,133.5500030517578,130.30999755859375,130.82000732421875,-0.026425663778747666,-0.026781097330387048,-0.014886223394710907,-0.009230745755709147,130.80800170898436,130.7830005645752,127.08700027465821,0.02234458741125733,0.0179308594151961,3.4099960327148438,-1.9399871826171875,46791140.0
2023-08-03,128.91000366210938,129.83999633789062,126.41000366210938,127.4800033569336,88585200,128.2100067138672,129.1300048828125,130.3800048828125,130.22999572753906,129.5800018310547,131.39999389648438,126.81999969482422,128.52999877929688,129.63999938964844,130.14999389648438,129.30999755859375,130.24000549316406,0.005459768439170398,0.005444917932495522,-0.026425663778747666,0.002562125956798944,130.94000244140625,130.81050071716308,127.36500030517578,0.02246776726404933,0.01762973998499751,3.42999267578125,1.4300003051757812,53986040.0
2023-08-04,139.57000732421875,143.6300048828125,139.32000732421875,141.05999755859375,153128500,128.91000366210938,128.14999389648438,128.36000061035156,129.83999633789062,129.0800018310547,128.72999572753906,126.41000366210938,126.11000061035156,127.37000274658205,127.4800033569336,126.51000213623048,128.25,0.08269337801006271,0.07945180513430172,0.005459768439170398,-0.007589335934878205,132.41200256347656,131.30000114440918,127.85660049438476,0.04254313525689664,0.02545661071599868,4.30999755859375,-1.489990234375,75348260.0
2023-08-07,142.22000122070312,142.5399932861328,138.9499969482422,140.99000549316406,71213100,139.57000732421875,128.25,129.77999877929688,143.6300048828125,132.6300048828125,130.97000122070312,139.32000732421875,127.79000091552734,128.1300048828125,141.05999755859375,131.0,128.58999633789062,0.01898684357254843,0.018808843040995626,0.08269337801006271,0.0007803832093540297,134.12000427246093,132.05450134277345,128.36600051879884,0.04266658995969705,0.02499247615737425,3.589996337890625,1.2299957275390625,81210580.0
2023-08-08,139.94000244140625,140.83999633789062,138.4199981689453,140.6199951171875,51710500,142.22000122070312,132.2100067138672,127.12999725341795,142.5399932861328,133.00999450683594,129.27999877929688,138.9499969482422,129.3300018310547,125.91999816894533,140.99000549316406,129.69000244140625,129.07000732421875,-0.016031491771390738,-0.016161386274731373,0.01898684357254843,0.030877245332297854,135.77000427246094,132.6125015258789,128.86480056762696,0.04285748092946929,0.02539939952866019,2.4199981689453125,-0.67999267578125,83132980.0
2023-08-09,137.85000610351562,140.32000732421875,137.10000610351562,139.97000122070312,50017300,139.94000244140625,133.67999267578125,128.77999877929688,140.83999633789062,133.8699951171875,129.77000427246094,138.4199981689453,132.3800048828125,127.3499984741211,140.6199951171875,133.1999969482422,127.75,-0.01493494570121734,-0.01504759501753799,-0.016031491771390738,0.011118568090654923,137.69800415039063,132.9650016784668,129.21960067749023,0.0404601142388867,0.025609346955658314,3.220001220703125,-2.1199951171875,82930920.0
2023-08-10,138.55999755859375,140.41000366210938,137.49000549316406,139.07000732421875,58928400,137.85000610351562,131.69000244140625,130.8000030517578,140.32000732421875,133.69000244140625,131.25999450683594,137.10000610351562,131.6199951171875,128.8300018310547,139.97000122070312,133.5500030517578,130.30999755859375,0.005150463718840648,0.005137245447970533,-0.01493494570121734,-0.014886223394710907,139.6280029296875,133.1780014038086,129.55760055541992,0.04047902785353755,0.024999819400150086,2.9199981689453125,-0.510009765625,76999560.0
2023-08-11,138.41000366210938,139.3300018310547,137.0,137.39999389648438,42905800,138.55999755859375,128.2100067138672,134.3000030517578,140.41000366210938,130.22999572753906,134.6699981689453,137.49000549316406,126.81999969482422,132.7100067138672,139.07000732421875,130.14999389648438,134.0399932861328,-0.0010825194798443905,-0.0010831058272496987,0.005150463718840648,-0.026425663778747666,139.39600219726563,133.364501953125,129.91420059204103,0.014626532784928514,0.025007071662599592,2.3300018310546875,1.010009765625,54955020.0
2023-08-14,140.57000732421875,140.58999633789062,137.75,138.3000030517578,47148700,138.41000366210938,128.91000366210938,134.67999267578125,139.3300018310547,129.83999633789062,136.64999389648438,137.0,126.41000366210938,134.05999755859375,137.39999389648438,127.4800033569336,134.05999755859375,0.015605834874352187,0.015485316080358403,-0.0010825194798443905,0.005459768439170398,139.06600341796874,133.71500244140626,130.27020080566408,0.013470316551770115,0.02507698324159806,2.839996337890625,2.2700042724609375,50142140.0
2023-08-15,137.6699981689453,141.27999877929688,137.22999572753906,140.0500030517578,42781500,140.57000732421875,139.57000732421875,133.55999755859375,140.58999633789062,143.6300048828125,135.6199951171875,137.75,139.32000732421875,133.2100067138672,138.3000030517578,141.05999755859375,134.55999755859375,-0.020630355012962953,-0.020846133672850414,0.015605834874352187,0.08269337801006271,138.61200256347655,133.95700225830078,130.53860076904297,0.014742771672671786,0.025566218779362167,4.0500030517578125,-2.3800048828125,48356340.0
2023-08-16,135.07000732421875,137.27000427246094,135.00999450683594,137.19000244140625,41675900,137.6699981689453,142.22000122070312,132.8300018310547,141.27999877929688,142.5399932861328,133.86000061035156,137.22999572753906,138.9499969482422,131.35000610351562,140.0500030517578,140.99000549316406,132.7100067138672,-0.018885675014943426,-0.019066286976507706,-0.020630355012962953,0.01898684357254843,138.05600280761718,133.94250259399413,130.7340008544922,0.015610721408126601,0.025649272239591698,2.260009765625,-2.1199951171875,46688060.0
2023-08-17,133.97999572753906,136.08999633789062,133.52999877929688,135.4600067138672,48354100,135.07000732421875,139.94000244140625,135.36000061035156,137.27000427246094,140.83999633789062,135.99000549316406,135.00999450683594,138.4199981689453,132.52999877929688,137.19000244140625,140.6199951171875,133.38999938964844,-0.008069975106044458,-0.008102713606702033,-0.018885675014943426,-0.016031491771390738,137.14000244140624,134.14350204467775,130.88140075683594,0.014777435560099495,0.02396294553859031,2.55999755859375,-1.480010986328125,44573200.0
2023-08-18,133.22000122070312,134.07000732421875,131.14999389648438,131.6199951171875,48497700,133.97999572753906,137.85000610351562,129.9600067138672,136.08999633789062,140.32000732421875,134.7899932861328,133.52999877929688,137.10000610351562,129.3300018310547,135.4600067138672,139.97000122070312,134.07000732421875,-0.005672447612115605,-0.005688597043229265,-0.008069975106044458,-0.01493494570121734,136.102001953125,134.30450210571288,131.12120071411132,0.014487749863783135,0.02401964174687536,2.920013427734375,1.600006103515625,45691580.0
2023-08-21,134.67999267578125,135.19000244140625,132.7100067138672,133.74000549316406,41442500,133.22000122070312,138.55999755859375,130.0,134.07000732421875,140.41000366210938,131.3699951171875,131.14999389648438,137.49000549316406,128.4199981689453,131.6199951171875,139.07000732421875,131.33999633789062,0.01095925117625085,0.010899633762398327,-0.005672447612115605,0.005150463718840648,134.9239990234375,134.59850158691407,131.32980056762696,0.012667301651404402,0.023969586824367096,2.4799957275390625,0.9399871826171875,44550340.0
2023-08-22,134.25,135.64999389648438,133.72999572753906,135.0800018310547,32905400,134.67999267578125,138.41000366210938,128.8000030517578,135.19000244140625,139.3300018310547,131.66000366210938,132.7100067138672,137.0,128.35000610351562,133.74000549316406,137.39999389648438,130.30999755859375,-0.0031926989840012077,-0.003197806521519639,0.01095925117625085,-0.0010825194798443905,134.23999938964843,134.85450134277343,131.54620056152345,0.010731368793227591,0.024003310429087488,1.9199981689453125,-0.8300018310546875,42575120.0
2023-08-23,135.52000427246094,135.9499969482422,133.22000122070312,134.5,42801000,134.25,140.57000732421875,129.1300048828125,135.64999389648438,140.58999633789062,129.5800018310547,133.72999572753906,137.75,128.52999877929688,135.0800018310547,138.3000030517578,129.30999755859375,0.009459994580714559,0.009415529041193322,-0.0031926989840012077,0.015605834874352187,134.3299987792969,135.22300186157227,131.72520065307617,0.00886937634014174,0.023939582873282874,2.7299957275390625,1.0200042724609375,42800140.0
2023-08-24,131.83999633789062,136.77999877929688,131.8300018310547,136.39999389648438,43646300,135.52000427246094,137.6699981689453,128.14999389648438,135.9499969482422,141.27999877929688,129.0800018310547,133.22000122070312,137.22999572753906,126.11000061035156,134.5,140.0500030517578,126.51000213623048,-0.027154721211281152,-0.027530224045928062,0.009459994580714559,-0.020630355012962953,133.9019989013672,135.4025016784668,131.8288005065918,0.01533516934138855,0.024876437697645304,4.9499969482421875,-4.55999755859375,41858580.0
2023-08-25,133.25999450683594,133.8699951171875,130.5800018310547,132.47000122070312,44147500,131.83999633789062,135.07000732421875,128.25,136.77999877929688,137.27000427246094,132.6300048828125,131.8300018310547,135.00999450683594,127.79000091552734,136.39999389648438,137.19000244140625,131.0,0.010770617478674804,0.010713027528748599,-0.027154721211281152,-0.018885675014943426,133.90999755859374,135.45500106811522,131.9656004333496,0.01637859238070256,0.024025577164266395,3.2899932861328125,0.7899932861328125,40988540.0
2023-08-28,133.13999938964844,133.9499969482422,131.85000610351562,133.77999877929688,34108400,133.25999450683594,133.97999572753906,132.2100067138672,133.8699951171875,136.08999633789062,133.00999450683594,130.5800018310547,133.52999877929688,129.3300018310547,132.47000122070312,135.4600067138672,129.69000244140625,-0.0009004586682715976,-0.0009008643247144191,0.010770617478674804,-0.008069975106044458,133.60199890136718,135.4280014038086,132.08620040893555,0.015244709750027726,0.023900247756631656,2.0999908447265625,-0.6399993896484375,39521720.0
2023-08-29,134.91000366210938,135.13999938964844,133.25,133.3800048828125,38646100,133.13999938964844,133.22000122070312,133.67999267578125,133.9499969482422,134.07000732421875,133.8699951171875,131.85000610351562,131.14999389648438,132.3800048828125,133.77999877929688,131.6199951171875,133.1999969482422,0.013294308852149106,0.013206715007284348,-0.0009004586682715976,-0.005672447612115605,133.73399963378907,135.58900146484376,132.27460052490235,0.0166916329539659,0.023803152992364712,1.8899993896484375,1.529998779296875,40669860.0
2023-08-30,135.07000732421875,135.67999267578125,133.9199981689453,134.92999267578125,36137000,134.91000366210938,134.67999267578125,131.69000244140625,135.13999938964844,135.19000244140625,133.69000244140625,133.25,132.7100067138672,131.6199951171875,133.3800048828125,133.74000549316406,133.5500030517578,0.0011860029483812262,0.00118530020246871,0.013294308852149106,0.01095925117625085,133.6440002441406,135.93200149536133,132.4604006958008,0.016052791013649224,0.022883003923126935,1.7599945068359375,0.1400146484375,39337060.0
2023-08-31,138.00999450683594,138.7899932861328,135.0,135.05999755859375,58781300,135.07000732421875,134.25,128.2100067138672,135.67999267578125,135.64999389648438,130.22999572753906,133.9199981689453,133.72999572753906,126.81999969482422,134.92999267578125,135.0800018310547,130.14999389648438,0.021766395374215985,0.021532889699268778,0.0011860029483812262,-0.0031926989840012077,134.87799987792968,136.38700103759766,132.7240005493164,0.009265327563871408,0.023268129432108584,3.7899932861328125,2.9499969482421875,42364060.0
2023-09-01,138.1199951171875,139.9600067138672,136.8800048828125,139.4600067138672,40991500,138.00999450683594,135.52000427246094,128.91000366210938,138.7899932861328,135.9499969482422,129.83999633789062,135.0,133.22000122070312,126.41000366210938,135.05999755859375,134.5,127.4800033569336,0.0007970481467276525,0.0007967306725371615,0.021766395374215985,0.009459994580714559,135.85,136.3145004272461,132.88340057373046,0.009900754408197612,0.013981655396379121,3.0800018310546875,-1.3400115966796875,41732860.0
2023-09-05,137.27000427246094,137.8000030517578,135.82000732421875,137.72999572753906,40636700,138.1199951171875,131.83999633789062,139.57000732421875,139.9600067138672,136.77999877929688,143.6300048828125,136.8800048828125,131.8300018310547,139.32000732421875,139.4600067138672,136.39999389648438,141.05999755859375,-0.006154002858205887,-0.006173016781758742,0.0007970481467276525,-0.027154721211281152,136.6760009765625,136.06700057983397,133.0422006225586,0.011175787376234404,0.01325548215110246,1.9799957275390625,-0.459991455078125,43038520.0
2023-09-06,135.36000061035156,137.4499969482422,134.61000061035156,136.32000732421875,41785500,137.27000427246094,133.25999450683594,142.22000122070312,137.8000030517578,133.8699951171875,142.5399932861328,135.82000732421875,130.5800018310547,138.9499969482422,137.72999572753906,132.47000122070312,140.99000549316406,-0.013914209970579572,-0.014011920021062172,-0.006154002858205887,0.010770617478674804,136.76600036621093,135.83800048828124,133.20280059814453,0.013272005786517289,0.013142858862337977,2.839996337890625,-0.9600067138671875,43666400.0
2023-09-07,137.85000610351562,138.02999877929688,133.16000366210938,133.89999389648438,48498900,135.36000061035156,133.13999938964844,139.94000244140625,137.4499969482422,133.9499969482422,140.83999633789062,134.61000061035156,131.85000610351562,138.4199981689453,136.32000732421875,133.77999877929688,140.6199951171875,0.018395430569861038,0.018228281379293984,-0.013914209970579572,-0.0009004586682715976,137.3220001220703,135.83800048828124,133.3762008666992,0.015467677297163633,0.013469428482698612,4.8699951171875,3.95001220703125,46138780.0
2023-09-08,138.22999572753906,138.85000610351562,136.75,136.86000061035156,38348200,137.85000610351562,134.91000366210938,137.85000610351562,138.02999877929688,135.13999938964844,140.32000732421875,133.16000366210938,133.25,137.10000610351562,133.89999389648438,133.3800048828125,139.97000122070312,0.0027565441218631026,0.0027527518216119884,0.018395430569861038,0.013294308852149106,137.36600036621093,135.8215003967285,133.56000091552735,0.012014524419637313,0.013432644884034957,2.100006103515625,1.3699951171875,42052160.0
2023-09-11,143.10000610351562,143.6199951171875,138.63999938964844,138.75,56764500,138.22999572753906,135.07000732421875,138.55999755859375,138.85000610351562,135.67999267578125,140.41000366210938,136.75,133.9199981689453,137.49000549316406,136.86000061035156,134.92999267578125,139.07000732421875,0.035231212663680456,0.03462479564658769,0.0027565441218631026,0.0011860029483812262,138.36200256347655,136.05600051879884,133.86400100708008,0.01971642882477843,0.015567902767938178,4.9799957275390625,4.350006103515625,45206760.0
2023-09-12,141.22999572753906,143.0,140.61000061035156,142.32000732421875,42668500,143.10000610351562,138.00999450683594,138.41000366210938,143.6199951171875,138.7899932861328,139.3300018310547,138.63999938964844,135.0,137.0,138.75,135.05999755859375,137.39999389648438,-0.013067856717097759,-0.013153992385327589,0.035231212663680456,0.021766395374215985,139.15400085449218,136.08899993896483,134.08140090942382,0.02108742330205467,0.015548170233991413,2.3899993896484375,-1.0900115966796875,45613120.0
2023-09-13,144.85000610351562,144.97999572753906,140.8699951171875,140.9499969482422,60465200,141.22999572753906,138.1199951171875,140.57000732421875,143.0,139.9600067138672,140.58999633789062,140.61000061035156,136.8800048828125,137.75,142.32000732421875,139.4600067138672,138.3000030517578,0.025632022130484877,0.02530902952298205,-0.013067856717097759,0.0007970481467276525,141.052001953125,136.44800033569337,134.37400100708007,0.0191327643978285,0.015703301252225844,4.1100006103515625,3.9000091552734375,49349060.0
2023-09-14,144.72000122070312,145.86000061035156,142.9499969482422,145.0800018310547,64033600,144.85000610351562,137.27000427246094,137.6699981689453,144.97999572753906,137.8000030517578,141.27999877929688,140.8699951171875,135.82000732421875,137.22999572753906,140.9499969482422,137.72999572753906,140.0500030517578,-0.0008975138235036706,-0.0008979168301894522,0.025632022130484877,-0.006154002858205887,142.4260009765625,136.93050003051758,134.6608009338379,0.019901631816048173,0.014898736551646452,2.910003662109375,-0.3600006103515625,52456000.0
2023-09-15,140.38999938964844,143.57000732421875,140.08999633789062,142.69000244140625,102909300,144.72000122070312,135.36000061035156,135.07000732421875,145.86000061035156,137.4499969482422,137.27000427246094,142.9499969482422,134.61000061035156,135.00999450683594,145.0800018310547,136.32000732421875,137.19000244140625,-0.029919857618376344,-0.03037658988565322,-0.0008975138235036706,-0.013914209970579572,142.85800170898438,137.25100021362306,134.90140090942384,0.02695997335187916,0.01651044779768909,3.480010986328125,-2.3000030517578125,65368220.0
2023-09-18,139.97999572753906,141.75,139.22000122070312,140.47999572753906,42823500,140.38999938964844,137.85000610351562,133.97999572753906,143.57000732421875,138.02999877929688,136.08999633789062,140.08999633789062,133.16000366210938,133.52999877929688,142.69000244140625,133.89999389648438,135.4600067138672,-0.0029204620264398073,-0.0029247348968620985,-0.029919857618376344,0.018395430569861038,142.23399963378907,137.58899993896483,135.10540084838868,0.020264729848380254,0.01645038579442971,2.529998779296875,-0.5,62580020.0
2023-09-19,137.6300048828125,138.83999633789062,135.55999755859375,138.6999969482422,61482500,139.97999572753906,138.22999572753906,133.22000122070312,141.75,138.85000610351562,134.07000732421875,139.22000122070312,136.75,131.14999389648438,140.47999572753906,136.86000061035156,131.6199951171875,-0.016788047695762587,-0.016930564270193287,-0.0029204620264398073,0.0027565441218631026,141.51400146484374,137.73650054931642,135.31540100097655,0.020733009729843294,0.016873468531221864,3.279998779296875,-1.0699920654296875,66342820.0
2023-09-20,135.2899932861328,139.3699951171875,135.1999969482422,138.5500030517578,46263700,137.6300048828125,143.10000610351562,134.67999267578125,138.83999633789062,143.6199951171875,135.19000244140625,135.55999755859375,138.63999938964844,132.7100067138672,138.6999969482422,138.75,133.74000549316406,-0.01700219075536713,-0.01714838747973992,-0.016788047695762587,0.035231212663680456,139.60199890136718,137.78850021362305,135.4456008911133,0.011868418659414844,0.01733960801733574,4.1699981689453125,-3.260009765625,63502520.0
2023-09-21,129.3300018310547,132.24000549316406,129.30999755859375,131.94000244140625,70343300,135.2899932861328,141.22999572753906,134.25,139.3699951171875,143.0,135.64999389648438,135.1999969482422,140.61000061035156,133.72999572753906,138.5500030517578,142.32000732421875,135.0800018310547,-0.04405345369833069,-0.04505328140436448,-0.01700219075536713,-0.013067856717097759,136.5239990234375,137.47900009155273,135.41620086669923,0.015533485633018186,0.019837728578415675,2.9300079345703125,-2.6100006103515625,64764460.0
2023-09-22,129.1199951171875,132.02999877929688,128.52000427246094,131.11000061035156,59904300,129.3300018310547,144.85000610351562,135.52000427246094,132.24000549316406,144.97999572753906,135.9499969482422,129.30999755859375,140.8699951171875,133.22000122070312,131.94000244140625,140.9499969482422,134.5,-0.0016238050792075631,-0.0016251248796010811,-0.04405345369833069,0.025632022130484877,134.2699981689453,137.34300003051757,135.3126007080078,0.017067736332089623,0.018945181873368667,3.5099945068359375,-1.9900054931640625,56163460.0
2023-09-25,131.27000427246094,131.77999877929688,128.77000427246094,129.36000061035156,46017800,129.1199951171875,144.72000122070312,131.83999633789062,132.02999877929688,145.86000061035156,136.77999877929688,128.52000427246094,142.9499969482422,131.8300018310547,131.11000061035156,145.0800018310547,136.39999389648438,0.01665124873434287,0.01651413665688319,-0.0016238050792075631,-0.0008975138235036706,132.5279998779297,137.24350051879884,135.2444009399414,0.02237378170446442,0.019179548754698766,3.0099945068359375,1.910003662109375,56802320.0
2023-09-26,125.9800033569336,130.38999938964844,125.27999877929688,130.1199951171875,73048200,131.27000427246094,140.38999938964844,133.25999450683594,131.77999877929688,143.57000732421875,133.8699951171875,128.77000427246094,140.08999633789062,130.5800018310547,129.36000061035156,142.69000244140625,132.47000122070312,-0.040298626825268746,-0.04113311252209692,0.01665124873434287,-0.029919857618376344,130.1979995727539,136.8855007171631,135.0928010559082,0.025706016761958675,0.021137858109123015,5.1100006103515625,-4.139991760253906,59115460.0
2023-09-27,125.9800033569336,127.4800033569336,124.12999725341795,125.76000213623048,66553400,125.9800033569336,139.97999572753906,133.13999938964844,130.38999938964844,141.75,133.9499969482422,125.27999877929688,139.22000122070312,131.85000610351562,130.1199951171875,140.47999572753906,133.77999877929688,0.0,0.0,-0.040298626825268746,-0.0029204620264398073,128.33600158691405,136.4390007019043,134.9558010864258,0.02684867724261552,0.020820142848058304,3.350006103515639,0.2200012207031108,63173400.0
2023-09-28,125.9800033569336,126.58000183105467,123.04000091552734,124.04000091552734,54555000,125.9800033569336,137.6300048828125,134.91000366210938,127.4800033569336,138.83999633789062,135.13999938964844,124.12999725341795,135.55999755859375,133.25,125.76000213623048,138.6999969482422,133.3800048828125,0.0,0.0,0.0,-0.016788047695762587,127.66600189208984,135.98450050354003,134.76820114135742,0.02107221874641345,0.020808645322588557,3.5400009155273295,1.94000244140625,60015740.0
2023-09-29,127.12000274658205,129.14999389648438,126.31999969482422,128.1999969482422,62411700,125.9800033569336,135.2899932861328,135.07000732421875,126.58000183105467,139.3699951171875,135.67999267578125,123.04000091552734,135.1999969482422,133.9199981689453,124.04000091552734,138.5500030517578,134.92999267578125,0.009049050319664964,0.009008352994332959,0.0,-0.01700219075536713,127.26600341796875,135.44000091552735,134.71140106201173,0.02202559014736958,0.020188367117462414,2.8299942016601562,-1.079994201660142,60517220.0
2023-10-02,129.4600067138672,130.47000122070312,126.54000091552734,127.27999877929688,48029700,127.12000274658205,129.3300018310547,138.00999450683594,129.14999389648438,132.24000549316406,138.7899932861328,126.31999969482422,129.30999755859375,135.0,128.1999969482422,131.94000244140625,135.05999755859375,0.01840783446134764,0.018240461143240468,0.009049050319664964,-0.04405345369833069,126.90400390625,135.00700149536132,134.70060119628906,0.022426161828878726,0.020779706551820418,3.9300003051757812,2.1800079345703125,60919600.0
2023-10-03,124.72000122070312,128.52000427246094,124.25,128.05999755859375,51565000,129.4600067138672,129.1199951171875,138.1199951171875,130.47000122070312,132.02999877929688,139.9600067138672,126.54000091552734,128.52000427246094,136.8800048828125,127.27999877929688,131.11000061035156,139.4600067138672,-0.03661366636292884,-0.0373007704408456,0.01840783446134764,-0.0016238050792075631,126.65200347900391,134.37950134277344,134.61900115966796,0.020883755145999754,0.02209560013146424,4.2700042724609375,-3.339996337890625,56622960.0
2023-10-04,127.0,127.36000061035156,125.68000030517578,126.05999755859376,44203900,124.72000122070312,131.27000427246094,137.27000427246094,128.52000427246094,131.77999877929688,137.8000030517578,124.25,128.77000427246094,135.82000732421875,128.05999755859375,129.36000061035156,137.72999572753906,0.018280939360016735,0.018115851921521226,-0.03661366636292884,0.01665124873434287,126.85600280761719,133.96150131225585,134.5764010620117,0.022797132158633156,0.022545575117901676,1.6800003051757812,0.9400024414062358,52153060.0
2023-10-05,125.95999908447266,126.7300033569336,124.33000183105467,126.70999908447266,39660600,127.0,125.9800033569336,135.36000061035156,127.36000061035156,130.38999938964844,137.4499969482422,125.68000030517578,125.27999877929688,134.61000061035156,126.05999755859376,130.1199951171875,136.32000732421875,-0.008188983586829512,-0.008222697494164894,0.018280939360016735,-0.040298626825268746,126.852001953125,133.36700096130372,134.5326011657715,0.023250653387036448,0.02199858948972037,2.4000015258789205,-0.75,49174180.0
2023-10-06,127.95999908447266,128.4499969482422,124.12999725341795,124.16000366210938,46836700,125.95999908447266,125.9800033569336,137.85000610351562,126.7300033569336,127.4800033569336,138.02999877929688,124.33000183105467,124.12999725341795,133.16000366210938,126.70999908447266,125.76000213623048,133.89999389648438,0.015878056641289273,0.015753318962097584,-0.008188983586829512,0.0,127.02000122070312,132.8535011291504,134.52680114746093,0.024086911970294358,0.022410921784109875,4.319999694824233,3.7999954223632812,46059180.0
2023-10-09,128.25999450683594,128.7899932861328,124.76000213623048,126.22000122070312,38773700,127.95999908447266,125.9800033569336,138.22999572753906,128.4499969482422,126.58000183105467,138.85000610351562,124.12999725341795,123.04000091552734,136.75,124.16000366210938,124.04000091552734,136.86000061035156,0.0023444468936362206,0.0023417029658428425,0.015878056641289273,0.0,126.77999877929688,132.11150054931642,134.4478009033203,0.02228029682813474,0.02053922118046701,4.0299911499023295,2.0399932861328125,44207980.0
2023-10-10,129.47999572753906,130.74000549316406,128.0500030517578,128.82000732421875,42178600,128.25999450683594,127.12000274658205,143.10000610351562,128.7899932861328,129.14999389648438,143.6199951171875,124.76000213623048,126.31999969482422,138.63999938964844,126.22000122070312,128.1999969482422,138.75,0.009511938819224852,0.00946698516860395,0.0023444468936362206,0.009049050319664964,127.73199768066407,131.5240005493164,134.36380096435548,0.010760704101662528,0.020707145493119684,2.69000244140625,0.6599884033203125,42330700.0
2023-10-11,131.8300018310547,132.0500030517578,129.61000061035156,129.74000549316406,40741800,129.47999572753906,129.4600067138672,141.22999572753906,130.74000549316406,130.47000122070312,143.0,128.0500030517578,126.54000091552734,140.61000061035156,128.82000732421875,127.27999877929688,142.32000732421875,0.01814956889912689,0.017986831598422272,0.009511938819224852,0.01840783446134764,128.697998046875,130.87300033569335,134.36660095214845,0.010728109983781039,0.020202618512237022,2.44000244140625,2.089996337890625,41638280.0
2023-10-12,132.3300018310547,134.47999572753906,131.22999572753906,132.1699981689453,55528600,131.8300018310547,124.72000122070312,144.85000610351562,132.0500030517578,128.52000427246094,144.97999572753906,129.61000061035156,124.25,140.8699951171875,129.74000549316406,128.05999755859375,140.9499969482422,0.0037927633547389927,0.003785588962598881,0.01814956889912689,-0.03661366636292884,129.9719985961914,130.25350036621094,134.4490008544922,0.007041335314409839,0.020273755274987138,3.25,0.160003662109375,44811880.0
2023-10-13,129.7899932861328,133.30999755859375,128.9499969482422,132.97999572753906,45786600,132.3300018310547,127.0,144.72000122070312,134.47999572753906,127.36000061035156,145.86000061035156,131.22999572753906,125.68000030517578,142.9499969482422,132.1699981689453,126.05999755859376,145.0800018310547,-0.019194502454286222,-0.019381108651019514,0.0037927633547389927,0.018280939360016735,130.33799743652344,129.72350006103517,134.46660064697267,0.013834175244189615,0.019693027020059307,4.3600006103515625,-3.19000244140625,44601860.0
2023-10-16,132.5500030517578,133.07000732421875,130.42999267578125,130.69000244140625,42832900,129.7899932861328,125.95999908447266,140.38999938964844,133.30999755859375,126.7300033569336,143.57000732421875,128.9499969482422,124.33000183105467,140.08999633789062,132.97999572753906,126.70999908447266,142.69000244140625,0.021265196921155027,0.021042247787508333,-0.019194502454286222,-0.008188983586829512,131.1959991455078,129.35200042724608,134.32620056152345,0.01604775488083835,0.02047256371222107,2.6400146484375,1.8600006103515625,45413700.0
2023-10-17,131.47000122070312,132.5800018310547,128.7100067138672,130.38999938964844,49344600,132.5500030517578,127.95999908447266,139.97999572753906,133.07000732421875,128.4499969482422,141.75,130.42999267578125,124.12999725341795,139.22000122070312,130.69000244140625,124.16000366210938,140.47999572753906,-0.008147882355257097,-0.008181257764936053,0.021265196921155027,0.015878056641289273,131.59400024414063,129.04400024414062,134.11120056152345,0.017179034135974606,0.020245574610654078,3.8699951171875,1.0800018310546875,46846900.0
2023-10-18,128.1300048828125,130.6699981689453,127.51000213623048,129.89999389648438,42699500,131.47000122070312,128.25999450683594,137.6300048828125,132.5800018310547,128.7899932861328,138.83999633789062,128.7100067138672,124.76000213623048,135.55999755859375,130.38999938964844,126.22000122070312,138.6999969482422,-0.025405007278304192,-0.025733286363791553,-0.008147882355257097,0.0023444468936362206,130.8540008544922,128.6860008239746,133.87500061035155,0.018664699524102855,0.02065439288839854,3.1599960327148295,-1.769989013671875,47238440.0
2023-10-19,128.39999389648438,132.24000549316406,127.47000122070312,130.57000732421875,60961400,128.1300048828125,129.47999572753906,135.2899932861328,130.6699981689453,130.74000549316406,139.3699951171875,127.51000213623048,128.0500030517578,135.1999969482422,129.89999389648438,128.82000732421875,138.5500030517578,0.002107149015711185,0.00210493209093831,-0.025405007278304192,0.009511938819224852,130.06799926757813,128.6395004272461,133.68600036621095,0.018468224846671454,0.01820117232283964,4.7700042724609375,-2.170013427734375,48325000.0
2023-10-20,125.16999816894533,128.1699981689453,124.97000122070312,128.0500030517578,56406400,128.39999389648438,131.8300018310547,129.3300018310547,132.24000549316406,132.0500030517578,132.24000549316406,127.47000122070312,129.61000061035156,129.30999755859375,130.57000732421875,129.74000549316406,131.94000244140625,-0.025155731161039308,-0.0254775450093018,0.002107149015711185,0.01814956889912689,129.1440002441406,128.44200057983397,133.41820037841796,0.019694741714718685,0.01903924458853656,3.1999969482421875,-2.880004882812486,50448960.0
2023-10-23,126.55999755859376,127.87999725341795,123.9800033569336,124.62999725341795,48260000,125.16999816894533,132.3300018310547,129.1199951171875,128.1699981689453,134.47999572753906,132.02999877929688,124.97000122070312,131.22999572753906,128.52000427246094,128.0500030517578,132.1699981689453,131.11000061035156,0.011104892625885654,0.011043686017449744,-0.025155731161039308,0.0037927633547389927,127.94599914550781,128.2065002441406,133.18120025634767,0.016266408379034016,0.01880172319680655,3.899993896484361,1.9300003051758097,51534380.0
2023-10-24,128.55999755859375,128.8000030517578,126.33999633789062,127.73999786376952,46477400,126.55999755859376,129.7899932861328,131.27000427246094,127.87999725341795,133.30999755859375,131.77999877929688,123.9800033569336,128.9499969482422,128.77000427246094,124.62999725341795,132.97999572753906,129.36000061035156,0.015802781594350446,0.015679217710014463,0.011104892625885654,-0.019194502454286222,127.36399841308594,128.33549995422362,132.94100006103517,0.019766553417277778,0.016812804377137266,2.4600067138671875,0.819999694824233,50960940.0
2023-10-25,121.38999938964844,126.33999633789062,120.79000091552734,126.04000091552734,74577500,128.55999755859375,132.5500030517578,125.9800033569336,128.8000030517578,133.07000732421875,130.38999938964844,126.33999633789062,130.42999267578125,125.27999877929688,127.73999786376952,130.69000244140625,130.1199951171875,-0.055771610960691276,-0.057387204557163146,0.015802781594350446,0.021265196921155027,126.01599731445313,128.1059997558594,132.6154000854492,0.029924020866644155,0.021093649437275038,5.549995422363281,-4.650001525878906,57336540.0
2023-10-26,119.56999969482422,121.63999938964844,118.3499984741211,120.62999725341795,100419500,121.38999938964844,131.47000122070312,125.9800033569336,126.33999633789062,132.5800018310547,127.4800033569336,120.79000091552734,128.7100067138672,124.12999725341795,126.04000091552734,130.38999938964844,125.76000213623048,-0.01499299533713827,-0.015106526502479031,-0.055771610960691276,-0.008147882355257097,124.2499984741211,127.7854995727539,132.30539993286132,0.029105713861156332,0.021297761328035025,3.2900009155273438,-1.0599975585937358,65228160.0
2023-10-27,127.73999786376952,130.02000427246094,125.5199966430664,126.1999969482422,125309300,119.56999969482422,128.1300048828125,125.9800033569336,121.63999938964844,130.6699981689453,126.58000183105467,118.3499984741211,127.51000213623048,123.04000091552734,120.62999725341795,129.89999389648438,124.04000091552734,0.0683281608245998,0.06609496003096173,-0.01499299533713827,-0.025405007278304192,124.76399841308594,127.81649932861328,132.18059997558595,0.045434784029078565,0.026470102475448155,4.500007629394531,1.5400009155273153,79008740.0
2023-10-30,132.7100067138672,133.0,128.55999755859375,129.72000122070312,72485500,127.73999786376952,128.39999389648438,127.12000274658205,130.02000427246094,132.24000549316406,129.14999389648438,125.5199966430664,127.47000122070312,126.31999969482422,126.1999969482422,130.57000732421875,128.1999969482422,0.03890722509168998,0.03816941562949805,0.0683281608245998,0.002107149015711185,125.99400024414062,127.97899932861328,132.17040008544922,0.04801300628497137,0.02757095301578741,4.44000244140625,2.9900054931640625,83853840.0
2023-10-31,133.08999633789062,133.57000732421875,131.7100067138672,132.75,51589400,132.7100067138672,125.16999816894533,129.4600067138672,133.0,128.1699981689453,130.47000122070312,128.55999755859375,124.97000122070312,126.54000091552734,129.72000122070312,128.0500030517578,127.27999877929688,0.002863308000901066,0.0028592165427562357,0.03890722509168998,-0.025155731161039308,126.9,128.39749908447266,132.13860015869142,0.04800139755068715,0.026063051897370855,1.8600006103515625,0.339996337890625,84876240.0
2023-11-01,137.0,137.35000610351562,133.7100067138672,133.9600067138672,61529400,133.08999633789062,126.55999755859376,124.72000122070312,133.57000732421875,127.87999725341795,128.52000427246094,131.7100067138672,123.9800033569336,124.25,132.75,124.62999725341795,128.05999755859375,0.02937864429857373,0.028955362245697565,0.002863308000901066,0.011104892625885654,130.02200012207032,128.89749908447266,132.1936001586914,0.03232387888362378,0.026506998852907995,3.6399993896484375,3.0399932861328125,82266620.0
2023-11-02,138.07000732421875,138.80999755859375,136.47000122070312,138.72999572753906,52236700,137.0,128.55999755859375,127.0,137.35000610351562,128.8000030517578,127.36000061035156,133.7100067138672,126.33999633789062,125.68000030517578,133.9600067138672,127.73999786376952,126.05999755859376,0.007810272439553012,0.007779930147075702,0.02937864429857373,0.015802781594350446,133.7220016479492,129.50299949645995,132.24460021972655,0.026344284506356896,0.026356686099780088,2.339996337890625,-0.6599884033203125,72630060.0
2023-11-03,138.60000610351562,139.49000549316406,137.4499969482422,138.99000549316406,44059800,138.07000732421875,121.38999938964844,125.95999908447266,138.80999755859375,126.33999633789062,126.7300033569336,136.47000122070312,120.79000091552734,124.33000183105467,138.72999572753906,126.04000091552734,126.70999908447266,0.0038386235328597973,0.0038312748175106013,0.007810272439553012,-0.055771610960691276,135.89400329589844,130.0349998474121,132.37980041503906,0.0165053524161752,0.02623063578603441,2.040008544921875,-0.3899993896484375,56380160.0
2023-11-06,139.74000549316406,140.72999572753906,138.36000061035156,138.75999450683594,44970400,138.60000610351562,119.56999969482422,127.95999908447266,139.49000549316406,121.63999938964844,128.4499969482422,137.4499969482422,118.3499984741211,124.12999725341795,138.99000549316406,120.62999725341795,124.16000366210938,0.008225103459209127,0.008191461641482902,0.0038386235328597973,-0.01499299533713827,137.3000030517578,130.6090003967285,132.50940063476563,0.01085675482918698,0.026240202211757224,2.3699951171875,0.980010986328125,50877140.0
2023-11-07,142.7100067138672,143.3699951171875,140.5,140.5500030517578,53553500,139.74000549316406,127.73999786376952,128.25999450683594,140.72999572753906,130.02000427246094,128.7899932861328,138.36000061035156,125.5199966430664,124.76000213623048,138.75999450683594,126.1999969482422,126.22000122070312,0.02125376487729147,0.021031053723631822,0.008225103459209127,0.0683281608245998,139.22400512695313,131.27050094604493,132.70080078125,0.010770146754546541,0.026485599421596707,2.8699951171875,2.160003662109375,51269960.0
2023-11-08,142.0800018310547,143.1199951171875,141.22000122070312,142.97000122070312,44521700,142.7100067138672,132.7100067138672,129.47999572753906,143.3699951171875,133.0,130.74000549316406,140.5,128.55999755859375,128.0500030517578,140.5500030517578,129.72000122070312,128.82000732421875,-0.004414580990635519,-0.004424354026475328,0.02125376487729147,0.03890722509168998,140.24000549316406,131.78300094604492,132.8442007446289,0.009287453822651425,0.026385706611530942,1.899993896484375,-0.8899993896484375,47868420.0
2023-11-09,140.60000610351562,142.64999389648438,139.83999633789062,142.02000427246094,36235400,142.0800018310547,133.08999633789062,131.8300018310547,143.1199951171875,133.57000732421875,132.0500030517578,141.22000122070312,131.7100067138672,129.61000061035156,142.97000122070312,132.75,129.74000549316406,-0.010416636461610618,-0.010471269344291862,-0.004414580990635519,0.002863308000901066,140.74600524902343,132.19650115966797,132.95480072021485,0.012183557066105214,0.02658439696623458,2.80999755859375,-1.4199981689453125,44668160.0
2023-11-10,143.55999755859375,143.64999389648438,139.91000366210938,140.4600067138672,49287800,140.60000610351562,137.0,132.3300018310547,142.64999389648438,137.35000610351562,134.47999572753906,139.83999633789062,133.7100067138672,131.22999572753906,142.02000427246094,133.9600067138672,132.1699981689453,0.021052569890351647,0.02083402648617425,-0.010416636461610618,0.02937864429857373,141.73800354003907,132.885001373291,133.06580078125,0.014454058557954688,0.02630834756782465,3.739990234375,3.0999908447265625,45713760.0
2023-11-13,142.58999633789062,143.22999572753906,140.6699981689453,142.0800018310547,35680600,143.55999755859375,138.07000732421875,129.7899932861328,143.64999389648438,138.80999755859375,133.30999755859375,139.91000366210938,136.47000122070312,128.9499969482422,140.4600067138672,138.72999572753906,132.97999572753906,-0.006756765374750118,-0.006779695661997966,0.021052569890351647,0.007810272439553012,142.30800170898436,133.38700103759766,133.15520080566407,0.01567427763762722,0.026163702382387882,2.55999755859375,0.5099945068359375,43855800.0
2023-11-14,145.8000030517578,147.25999450683594,144.67999267578125,145.0,56674600,142.58999633789062,138.60000610351562,132.5500030517578,143.22999572753906,139.49000549316406,133.07000732421875,140.6699981689453,137.4499969482422,130.42999267578125,142.0800018310547,138.99000549316406,130.69000244140625,0.02251214528584833,0.022262486894446033,-0.006756765374750118,0.0038386235328597973,142.9260009765625,134.1035011291504,133.32580078125,0.016023894269459212,0.026313460170124914,2.5800018310546875,0.8000030517578125,44480020.0
2023-11-15,143.1999969482422,147.2899932861328,142.58999633789062,147.05999755859375,63875700,145.8000030517578,139.74000549316406,131.47000122070312,147.25999450683594,140.72999572753906,132.5800018310547,144.67999267578125,138.36000061035156,128.7100067138672,145.0,138.75999450683594,130.38999938964844,-0.017832688951265996,-0.017993607290294027,0.02251214528584833,0.008225103459209127,143.15,134.85700073242188,133.48260070800782,0.018758480500894296,0.02589633990377998,4.6999969482421875,-3.8600006103515625,48350820.0
2023-11-16,142.8300018310547,143.32000732421875,139.52000427246094,140.91000366210938,49653500,143.1999969482422,142.7100067138672,128.1300048828125,147.2899932861328,143.3699951171875,130.6699981689453,142.58999633789062,140.5,127.51000213623048,147.05999755859375,140.5500030517578,129.89999389648438,-0.0025837648398919777,-0.002587108521031568,-0.017832688951265996,0.02125376487729147,143.59599914550782,135.5785011291504,133.5822006225586,0.01779470195295559,0.025953605317380557,3.8000030517578125,1.9199981689453125,51034440.0
2023-11-17,145.17999267578125,145.22999572753906,142.5399932861328,142.66000366210938,49636700,142.8300018310547,142.0800018310547,128.39999389648438,143.32000732421875,143.1199951171875,132.24000549316406,139.52000427246094,141.22000122070312,127.47000122070312,140.91000366210938,142.97000122070312,130.57000732421875,0.016453061783939793,0.016319176713110995,-0.0025837648398919777,-0.004414580990635519,143.9199981689453,136.5790008544922,133.72120056152343,0.016733381651672482,0.02500391127187697,2.69000244140625,2.519989013671875,51104220.0
2023-11-20,146.1300048828125,146.6300048828125,144.72999572753906,145.1300048828125,41951200,145.17999267578125,140.60000610351562,125.16999816894533,145.22999572753906,142.64999389648438,128.1699981689453,142.5399932861328,139.83999633789062,124.97000122070312,142.66000366210938,142.02000427246094,128.0500030517578,0.0065436854591447435,0.006522368493262836,0.016453061783939793,-0.010416636461610618,144.62799987792968,137.55750122070313,133.78180053710938,0.01596147147386615,0.02499238502842898,1.9000091552734375,1.0,52358340.0
2023-11-21,143.89999389648438,144.0500030517578,141.5,143.91000366210938,71226000,146.1300048828125,143.55999755859375,126.55999755859376,146.6300048828125,143.64999389648438,127.87999725341795,144.72999572753906,139.91000366210938,123.9800033569336,145.1300048828125,140.4600067138672,124.62999725341795,-0.015260459261028925,-0.015378098422388055,0.0065436854591447435,0.021052569890351647,144.247998046875,138.32450103759766,133.83520050048827,0.014482126857812375,0.02541160651075301,2.5500030517578125,-0.010009765625,55268620.0
2023-11-22,146.7100067138672,147.74000549316406,144.57000732421875,144.57000732421875,45669100,143.89999389648438,142.58999633789062,128.55999755859375,144.0500030517578,143.22999572753906,128.8000030517578,141.5,140.6699981689453,126.33999633789062,143.91000366210938,142.0800018310547,127.73999786376952,0.019527539517508297,0.01933932343605667,-0.015260459261028925,-0.006756765374750118,144.95,139.5905014038086,133.87240051269532,0.014252931453656525,0.02097555884623797,3.1699981689453125,2.1399993896484375,51627300.0
2023-11-24,146.74000549316406,147.1999969482422,145.32000732421875,146.6999969482422,22378400,146.7100067138672,145.8000030517578,121.38999938964844,147.74000549316406,147.25999450683594,126.33999633789062,144.57000732421875,144.67999267578125,120.79000091552734,144.57000732421875,145.0,126.04000091552734,0.0002044767086364363,0.00020445580612358505,0.019527539517508297,0.02251214528584833,145.73200073242188,140.9490016937256,133.91280059814454,0.013936191565751186,0.02029741643074144,1.8799896240234375,0.040008544921875,46172280.0
2023-11-27,147.72999572753906,149.25999450683594,146.8800048828125,147.52999877929688,53762400,146.74000549316406,143.1999969482422,119.56999969482422,147.1999969482422,147.2899932861328,121.63999938964844,145.32000732421875,142.58999633789062,118.3499984741211,146.6999969482422,147.05999755859375,120.62999725341795,0.006746559883569869,0.006723903692254734,0.0002044767086364363,-0.017832688951265996,146.24200134277345,141.94850158691406,134.05960052490235,0.012644047933672877,0.015054005912925007,2.3799896240234375,0.1999969482421875,46997420.0
2023-11-28,147.02999877929688,147.60000610351562,145.52999877929688,146.97999572753906,42711700,147.72999572753906,142.8300018310547,127.73999786376952,149.25999450683594,143.32000732421875,130.02000427246094,146.8800048828125,139.52000427246094,125.5199966430664,147.52999877929688,140.91000366210938,126.1999969482422,-0.00473835354015173,-0.00474961512561893,0.006746559883569869,-0.0025837648398919777,146.4220001220703,142.66450119018555,134.2006005859375,0.012979010220514512,0.013308987225974709,2.07000732421875,0.0500030517578125,47149520.0
2023-11-29,146.32000732421875,148.5399932861328,145.97000122070312,147.85000610351562,40610900,147.02999877929688,145.17999267578125,132.7100067138672,147.60000610351562,145.22999572753906,133.0,145.52999877929688,142.5399932861328,128.55999755859375,146.97999572753906,142.66000366210938,129.72000122070312,-0.0048288883967405605,-0.004840585148378569,-0.00473835354015173,0.016453061783939793,146.9060028076172,143.32600173950195,134.37440063476564,0.010191346737716806,0.01349059389572608,2.5699920654296875,-1.529998779296875,41026500.0
2023-11-30,146.08999633789062,146.92999267578125,144.3300018310547,144.75999450683594,65814000,146.32000732421875,146.1300048828125,133.08999633789062,148.5399932861328,146.6300048828125,133.57000732421875,145.97000122070312,144.72999572753906,131.7100067138672,147.85000610351562,145.1300048828125,132.75,-0.001571972217158657,-0.001573209061844679,-0.0048288883967405605,0.0065436854591447435,146.78200073242186,143.78050155639647,134.59040069580078,0.004751078003996034,0.012244724797919335,2.5999908447265625,1.3300018310546875,45055480.0
2023-12-01,147.02999877929688,147.25,145.5500030517578,146.0,39951800,146.08999633789062,143.89999389648438,137.0,146.92999267578125,144.0500030517578,137.35000610351562,144.3300018310547,141.5,133.7100067138672,144.75999450683594,143.91000366210938,133.9600067138672,0.006434406632690459,0.006413794210223246,-0.001571972217158657,-0.015260459261028925,146.83999938964843,144.2285011291504,134.94440063476563,0.005794936636988501,0.012221825185823959,1.6999969482421875,1.029998779296875,48570160.0
2023-12-04,144.83999633789062,145.35000610351562,142.80999755859375,145.25,48294200,147.02999877929688,146.7100067138672,138.07000732421875,147.25,147.74000549316406,138.80999755859375,145.5500030517578,144.57000732421875,136.47000122070312,146.0,144.57000732421875,138.72999572753906,-0.014894936132684111,-0.01500697967354326,0.006434406632690459,0.019527539517508297,146.26199951171876,144.54050064086914,135.25880065917968,0.007659503491118983,0.01287242116298168,2.540008544921875,-0.410003662109375,47476520.0
2023-12-05,146.8800048828125,148.57000732421875,143.1300048828125,143.5500030517578,46822400,144.83999633789062,146.74000549316406,138.60000610351562,145.35000610351562,147.1999969482422,139.49000549316406,142.80999755859375,145.32000732421875,137.4499969482422,145.25,146.6999969482422,138.99000549316406,0.014084566393959497,0.013986300502114904,-0.014894936132684111,0.0002044767086364363,146.23200073242188,144.89750061035156,135.5710006713867,0.011037484885592402,0.013079796342609558,5.44000244140625,3.3300018310546875,48298660.0
2023-12-06,144.52000427246094,147.85000610351562,144.27999877929688,147.5800018310547,39679000,146.8800048828125,147.72999572753906,139.74000549316406,148.57000732421875,149.25999450683594,140.72999572753906,143.1300048828125,146.8800048828125,138.36000061035156,143.5500030517578,147.52999877929688,138.75999450683594,-0.016067541747663228,-0.016198024273178,0.014084566393959497,0.006746559883569869,145.87200012207032,144.98800048828124,135.94180068969726,0.01316622932196007,0.012936272397149517,3.57000732421875,-3.05999755859375,48112280.0
2023-12-07,146.8800048828125,147.9199981689453,145.33999633789062,146.14999389648438,52352800,144.52000427246094,147.02999877929688,142.7100067138672,147.85000610351562,147.60000610351562,143.3699951171875,144.27999877929688,145.52999877929688,140.5,147.5800018310547,146.97999572753906,140.5500030517578,0.016329923474831087,0.016198024273177868,-0.016067541747663228,-0.00473835354015173,146.03000183105468,145.22800064086914,136.35980072021485,0.015648786177268614,0.013329459655935443,2.5800018310546875,0.730010986328125,45420040.0
2023-12-08,147.4199981689453,147.83999633789062,145.39999389648438,145.47999572753906,41906000,146.8800048828125,146.32000732421875,142.0800018310547,147.9199981689453,148.5399932861328,143.1199951171875,145.33999633789062,145.97000122070312,141.22000122070312,146.14999389648438,147.85000610351562,142.97000122070312,0.0036764247561378305,0.003669683224747049,0.016329923474831087,-0.0048288883967405605,146.10800170898438,145.56900024414062,136.78860061645508,0.015464678359926388,0.013021556294118152,2.44000244140625,1.94000244140625,45810880.0
2023-12-11,145.88999938964844,146.19000244140625,143.63999938964844,145.66000366210938,50907300,147.4199981689453,146.08999633789062,140.60000610351562,147.83999633789062,146.92999267578125,142.64999389648438,145.39999389648438,144.3300018310547,139.83999633789062,145.47999572753906,144.75999450683594,142.02000427246094,-0.010378502226973785,-0.010432734440314026,0.0036764247561378305,-0.001571972217158657,146.31800231933593,145.68550033569335,137.1640005493164,0.014428685898441122,0.012546484401493075,2.5500030517578125,0.2299957275390625,46333500.0
2023-12-12,147.47999572753906,147.5,145.3000030517578,145.52000427246094,44944300,145.88999938964844,147.02999877929688,143.55999755859375,146.19000244140625,147.25,143.64999389648438,143.63999938964844,145.5500030517578,139.91000366210938,145.66000366210938,146.0,140.4600067138672,0.010898597193382598,0.010839635496016388,-0.010378502226973785,0.006434406632690459,146.43800048828126,145.93000030517578,137.52440032958984,0.013791888615464641,0.012601878662313017,2.1999969482421875,1.959991455078125,45957880.0
2023-12-13,148.83999633789062,149.4600067138672,146.82000732421875,148.1199951171875,52766200,147.47999572753906,144.83999633789062,142.58999633789062,147.5,145.35000610351562,143.22999572753906,145.3000030517578,142.80999755859375,140.6699981689453,145.52000427246094,145.25,142.0800018310547,0.009221593773735215,0.009179334477907091,0.010898597193382598,-0.014894936132684111,147.3019989013672,146.0819999694824,138.0068002319336,0.01018238527975073,0.01177330526656327,2.6399993896484375,0.720001220703125,48575320.0
2023-12-14,147.4199981689453,150.5399932861328,145.52000427246094,149.92999267578125,58400800,148.83999633789062,146.8800048828125,145.8000030517578,149.4600067138672,148.57000732421875,147.25999450683594,146.82000732421875,143.1300048828125,144.67999267578125,148.1199951171875,143.5500030517578,145.0,-0.00954043404920335,-0.009586235533609468,0.009221593773735215,0.014084566393959497,147.40999755859374,146.2930000305176,138.4152001953125,0.010161929224347332,0.011203776970769474,5.019989013671875,-2.5099945068359375,49784920.0
2023-12-15,149.97000122070312,150.57000732421875,147.8800048828125,148.3800048828125,110089300,147.4199981689453,144.52000427246094,143.1999969482422,150.5399932861328,147.85000610351562,147.2899932861328,145.52000427246094,144.27999877929688,142.58999633789062,149.92999267578125,147.5800018310547,147.05999755859375,0.01729753821347546,0.01714963889276147,-0.00954043404920335,-0.016067541747663228,147.9199981689453,146.65,138.8954002380371,0.012654185873241793,0.011692509049764729,2.69000244140625,1.589996337890625,63421580.0
2023-12-18,154.07000732421875,154.85000610351562,150.0500030517578,150.55999755859375,62512800,149.97000122070312,146.8800048828125,142.8300018310547,150.57000732421875,147.9199981689453,143.32000732421875,147.8800048828125,145.33999633789062,139.52000427246094,148.3800048828125,146.14999389648438,140.91000366210938,0.027338841569267247,0.026971809898698733,0.01729753821347546,0.016329923474831087,149.55599975585938,147.09450073242186,139.41760040283202,0.013524882906384084,0.012594456278818939,4.8000030517578125,3.510009765625,65742680.0
2023-12-19,153.7899932861328,155.1199951171875,152.69000244140625,154.39999389648438,43171300,154.07000732421875,147.4199981689453,145.17999267578125,154.85000610351562,147.83999633789062,145.22999572753906,150.0500030517578,145.39999389648438,142.5399932861328,150.55999755859375,145.47999572753906,142.66000366210938,-0.0018174467759756174,-0.0018191003361762064,0.027338841569267247,0.0036764247561378305,150.81799926757813,147.47750015258788,139.92820037841796,0.014703114436411324,0.012611181983568526,2.42999267578125,-0.6100006103515625,65388080.0
2023-12-20,152.1199951171875,155.6300048828125,151.55999755859375,152.89999389648438,50322100,153.7899932861328,145.88999938964844,146.1300048828125,155.1199951171875,146.19000244140625,146.6300048828125,152.69000244140625,143.63999938964844,144.72999572753906,154.39999389648438,145.66000366210938,145.1300048828125,-0.01085895208954335,-0.01091834083412718,-0.0018174467759756174,-0.010378502226973785,151.4739990234375,147.88850021362305,140.38100036621094,0.017017121564444758,0.012317475138304631,4.07000732421875,-0.779998779296875,64899260.0
2023-12-21,153.83999633789062,153.97000122070312,152.10000610351562,153.3000030517578,36305700,152.1199951171875,147.47999572753906,143.89999389648438,155.6300048828125,147.5,144.0500030517578,151.55999755859375,145.3000030517578,141.5,152.89999389648438,145.52000427246094,143.91000366210938,0.011306871390431628,0.011243426514228085,-0.01085895208954335,0.010898597193382598,152.75799865722655,148.24499969482423,140.82120025634765,0.015176283131747924,0.01186045001076226,1.8699951171875,0.5399932861328125,60480240.0
2023-12-22,153.4199981689453,154.35000610351562,152.7100067138672,153.77000427246094,29514100,153.83999633789062,148.83999633789062,146.7100067138672,153.97000122070312,149.4600067138672,147.74000549316406,152.10000610351562,146.82000732421875,144.57000732421875,153.3000030517578,148.1199951171875,144.57000732421875,-0.0027300973670256745,-0.002733830879625901,0.011306871390431628,0.009221593773735215,153.447998046875,148.5789993286133,141.24300018310547,0.014965950897544617,0.011907647968836881,1.6399993896484375,-0.350006103515625,44365200.0
2023-12-26,153.41000366210938,153.97999572753906,153.02999877929688,153.55999755859375,25067200,153.4199981689453,147.4199981689453,146.74000549316406,154.35000610351562,150.5399932861328,147.1999969482422,152.7100067138672,145.52000427246094,145.32000732421875,153.77000427246094,149.92999267578125,146.6999969482422,-6.514474615582078e-05,-6.514686816695571e-05,-0.0027300973670256745,-0.00954043404920335,153.3159973144531,148.8629997253418,141.715400390625,0.007953834110556016,0.011870993040116136,0.9499969482421875,-0.149993896484375,36876080.0
2023-12-27,153.33999633789062,154.77999877929688,153.1199951171875,153.55999755859375,31434700,153.41000366210938,149.97000122070312,147.72999572753906,153.97999572753906,150.57000732421875,149.25999450683594,153.02999877929688,147.8800048828125,146.8800048828125,153.55999755859375,148.3800048828125,147.52999877929688,-0.0004563413242133496,-0.00045644547960358643,-6.514474615582078e-05,0.01729753821347546,153.2259979248047,149.1784996032715,142.13120025634765,0.00793498578260014,0.011782206353506833,1.660003662109375,-0.220001220703125,34528760.0
2023-12-28,153.3800048828125,154.0800018310547,152.9499969482422,153.72000122070312,27057000,153.33999633789062,154.07000732421875,147.02999877929688,154.77999877929688,154.85000610351562,147.60000610351562,153.1199951171875,150.0500030517578,145.52999877929688,153.55999755859375,150.55999755859375,146.97999572753906,0.0002609139551152939,0.00026087992298881607,-0.0004563413242133496,0.027338841569267247,153.47799987792968,149.53149948120117,142.56940032958985,0.005516962406340056,0.011677605988362576,1.1300048828125,-0.339996337890625,29875740.0
2023-12-29,151.94000244140625,153.88999938964844,151.02999877929688,153.10000610351562,39823200,153.3800048828125,153.7899932861328,146.32000732421875,154.0800018310547,155.1199951171875,148.5399932861328,152.9499969482422,152.69000244140625,145.97000122070312,153.72000122070312,154.39999389648438,147.85000610351562,-0.009388462612883952,-0.009432812028151797,0.0002609139551152939,-0.0018174467759756174,153.0980010986328,149.82399978637696,143.04560028076173,0.004038212689890321,0.011946075363400189,2.8600006103515625,-1.160003662109375,30579240.0
2024-01-02,149.92999267578125,152.3800048828125,148.38999938964844,151.5399932861328,47339400,151.94000244140625,152.1199951171875,146.08999633789062,153.88999938964844,155.6300048828125,146.92999267578125,151.02999877929688,151.55999755859375,144.3300018310547,153.10000610351562,152.89999389648438,144.75999450683594,-0.013228970207501023,-0.013317252487412825,-0.009388462612883952,-0.01085895208954335,152.4,149.96899948120117,143.47620025634765,0.00629977833640899,0.012366492209915512,3.9900054931640625,-1.6100006103515625,34144300.0
2024-01-03,148.47000122070312,151.0500030517578,148.3300018310547,149.1999969482422,49425500,149.92999267578125,153.83999633789062,147.02999877929688,152.3800048828125,153.97000122070312,147.25,148.38999938964844,152.10000610351562,145.5500030517578,151.5399932861328,153.3000030517578,146.0,-0.00973782115920796,-0.009785543802100045,-0.013228970207501023,0.011306871390431628,151.41199951171876,150.1504997253418,143.9422003173828,0.006048574132730326,0.012066667285515646,2.720001220703125,-0.7299957275390625,39015960.0
2024-01-04,144.57000732421875,147.3800048828125,144.0500030517578,145.58999633789062,56039800,148.47000122070312,153.4199981689453,144.83999633789062,151.0500030517578,154.35000610351562,145.35000610351562,148.3300018310547,152.7100067138672,142.80999755859375,149.1999969482422,153.77000427246094,145.25,-0.026267891590348702,-0.02661905587134582,-0.00973782115920796,-0.0027300973670256745,149.6580017089844,150.0349998474121,144.3024005126953,0.009576197481189248,0.013143338416139525,3.3300018310546875,-1.019989013671875,43936980.0
2024-01-05,145.24000549316406,146.58999633789062,144.52999877929688,144.69000244140625,45153100,144.57000732421875,153.41000366210938,146.8800048828125,147.3800048828125,153.97999572753906,148.57000732421875,144.0500030517578,153.02999877929688,143.1300048828125,145.58999633789062,153.55999755859375,143.5500030517578,0.00463442024626004,0.004623714384981175,-0.026267891590348702,-6.514474615582078e-05,148.03000183105468,150.07099990844728,144.6360006713867,0.011028344516735634,0.012677153123516046,2.05999755859375,0.5500030517578125,47556200.0
2024-01-08,149.10000610351562,149.39999389648438,146.14999389648438,146.74000549316406,46757100,145.24000549316406,153.33999633789062,144.52000427246094,146.58999633789062,154.77999877929688,147.85000610351562,144.52999877929688,153.1199951171875,144.27999877929688,144.69000244140625,153.55999755859375,147.5800018310547,0.026576703830634596,0.026229678338986727,0.00463442024626004,-0.0004563413242133496,147.46200256347657,150.18199996948243,145.19020080566406,0.020141141010757355,0.013536001955201136,3.25,2.3600006103515625,48942980.0
2024-01-09,151.3699951171875,151.7100067138672,148.2100067138672,148.3300018310547,43812600,149.10000610351562,153.3800048828125,146.8800048828125,149.39999389648438,154.0800018310547,147.9199981689453,146.14999389648438,152.9499969482422,145.33999633789062,146.74000549316406,153.72000122070312,146.14999389648438,0.015224607114340927,0.015109875810597672,0.026576703830634596,0.0002609139551152939,147.7500030517578,150.37949981689454,145.82620071411134,0.02075245727557659,0.013904778398032232,3.5,3.0399932861328125,48237620.0
2024-01-10,153.72999572753906,154.4199981689453,151.8800048828125,152.05999755859375,44421800,151.3699951171875,151.94000244140625,147.4199981689453,151.7100067138672,153.88999938964844,147.83999633789062,148.2100067138672,151.02999877929688,145.39999389648438,148.3300018310547,153.10000610351562,145.47999572753906,0.015590940651907248,0.015470650615520465,0.015224607114340927,-0.009388462612883952,148.802001953125,150.77149963378906,146.34600067138672,0.020229490757841213,0.01395800146575409,2.5399932861328125,1.6699981689453125,47236880.0
2024-01-11,155.17999267578125,157.1699981689453,153.1199951171875,155.0399932861328,49072700,153.72999572753906,149.92999267578125,145.88999938964844,154.4199981689453,152.3800048828125,146.19000244140625,151.8800048828125,148.38999938964844,143.63999938964844,152.05999755859375,151.5399932861328,145.66000366210938,0.009432101662268044,0.009387897135060054,0.015590940651907248,-0.013228970207501023,150.9239990234375,151.15649948120117,146.795400390625,0.008221289578061683,0.013916527490365494,4.0500030517578125,0.1399993896484375,45843460.0
2024-01-12,154.6199951171875,156.1999969482422,154.00999450683594,155.38999938964844,40484200,155.17999267578125,148.47000122070312,147.47999572753906,157.1699981689453,151.0500030517578,147.5,153.1199951171875,148.3300018310547,145.3000030517578,155.0399932861328,149.1999969482422,145.52000427246094,-0.0036086969005325598,-0.0036152239546972612,0.009432101662268044,-0.00973782115920796,152.79999694824218,151.44549942016602,147.22600036621094,0.010999212153782764,0.013892849371933117,2.19000244140625,-0.7700042724609375,44909680.0
2024-01-16,153.16000366210938,154.99000549316406,152.14999389648438,153.52999877929688,41384600,154.6199951171875,144.57000732421875,148.83999633789062,156.1999969482422,147.3800048828125,149.4600067138672,154.00999450683594,144.0500030517578,146.82000732421875,155.38999938964844,145.58999633789062,148.1199951171875,-0.009442449238027617,-0.009487311793446907,-0.0036086969005325598,-0.026267891590348702,153.61199645996095,151.7324996948242,147.54920043945313,0.011380720722533507,0.013888582819416547,2.8400115966796875,-0.3699951171875,43835180.0
2024-01-17,151.7100067138672,152.14999389648438,149.91000366210938,151.49000549316406,34953400,153.16000366210938,145.24000549316406,147.4199981689453,154.99000549316406,146.58999633789062,150.5399932861328,152.14999389648438,144.52999877929688,145.52000427246094,153.52999877929688,144.69000244140625,149.92999267578125,-0.009467203666572499,-0.009512302504832145,-0.009442449238027617,0.00463442024626004,153.67999877929688,151.81949996948242,147.82200042724608,0.011430198614445468,0.013624260102251734,2.239990234375,0.220001220703125,42063340.0
2024-01-18,153.5,153.77999877929688,151.82000732421875,152.77000427246094,37850200,151.7100067138672,149.10000610351562,149.97000122070312,152.14999389648438,149.39999389648438,150.57000732421875,149.91000366210938,146.14999389648438,147.8800048828125,151.49000549316406,146.74000549316406,148.3800048828125,0.011798781932089941,0.011729719012639512,-0.009467203666572499,0.026576703830634596,153.63399963378907,151.79099960327147,148.12000030517578,0.010242738515609435,0.012412165235072471,1.959991455078125,0.7299957275390625,40749020.0
2024-01-19,155.33999633789062,155.75999450683594,152.74000549316406,153.8300018310547,51651600,153.5,151.3699951171875,154.07000732421875,153.77999877929688,151.7100067138672,154.85000610351562,151.82000732421875,148.2100067138672,150.0500030517578,152.77000427246094,148.3300018310547,150.55999755859375,0.011986946826648914,0.011915672389449407,0.011798781932089941,0.015224607114340927,153.66600036621094,151.86849975585938,148.43200012207032,0.010890217922756565,0.01269299160713311,3.019989013671875,1.5099945068359375,41264800.0
2024-01-22,154.77999877929688,157.0500030517578,153.89999389648438,156.88999938964844,43687500,155.33999633789062,153.72999572753906,153.7899932861328,155.75999450683594,154.4199981689453,155.1199951171875,152.74000549316406,151.8800048828125,152.69000244140625,153.8300018310547,152.05999755859375,154.39999389648438,-0.003604979862209201,-0.003611493461086361,0.011986946826648914,0.015590940651907248,153.6980010986328,152.00149993896486,148.6733999633789,0.010889888486410256,0.01245030318463355,3.1500091552734375,-2.1100006103515625,41905460.0
2024-01-23,156.02000427246094,156.2100067138672,153.92999267578125,154.85000610351562,37986000,154.77999877929688,155.17999267578125,152.1199951171875,157.0500030517578,157.1699981689453,155.6300048828125,153.89999389648438,153.1199951171875,151.55999755859375,156.88999938964844,155.0399932861328,152.89999389648438,0.008011406531487353,0.007979485588611064,-0.003604979862209201,0.009432101662268044,154.27000122070314,152.11050033569336,148.95220001220704,0.009741404484163052,0.012327089106533986,2.2800140380859375,1.1699981689453125,41225740.0
2024-01-24,156.8699951171875,158.50999450683594,156.47999572753906,157.8000030517578,48547300,156.02000427246094,154.6199951171875,153.83999633789062,156.2100067138672,156.1999969482422,153.97000122070312,153.92999267578125,154.00999450683594,152.10000610351562,154.85000610351562,155.38999938964844,153.3000030517578,0.005447960655367012,0.005433174197432314,0.008011406531487353,-0.0036086969005325598,155.3019989013672,152.28300018310546,149.27759979248046,0.00639189832927836,0.012340299552112003,2.029998779296875,-0.9300079345703125,43944520.0
2024-01-25,157.75,158.50999450683594,154.5500030517578,156.9499969482422,43638600,156.8699951171875,153.16000366210938,153.4199981689453,158.50999450683594,154.99000549316406,154.35000610351562,156.47999572753906,152.14999389648438,152.7100067138672,157.8000030517578,153.52999877929688,153.77000427246094,0.005609771850602074,0.005594095679664069,0.005447960655367012,-0.009442449238027617,156.1519989013672,152.5,149.5613998413086,0.0057293668938497,0.012375238820105772,3.959991455078125,0.8000030517578125,45102200.0
2024-01-26,159.1199951171875,160.72000122070312,157.91000366210938,158.4199981689453,51047400,157.75,151.7100067138672,153.41000366210938,158.50999450683594,152.14999389648438,153.97999572753906,154.5500030517578,149.91000366210938,153.02999877929688,156.9499969482422,151.49000549316406,153.55999755859375,0.008684596622424712,0.008647102438040672,0.005609771850602074,-0.009467203666572499,156.90799865722656,152.78899993896485,149.89199981689453,0.004927424964345851,0.012468849165908671,2.80999755859375,0.6999969482421875,44981360.0
2024-01-29,161.25999450683594,161.2899932861328,158.89999389648438,159.33999633789062,45270400,159.1199951171875,153.5,153.33999633789062,160.72000122070312,153.77999877929688,154.77999877929688,157.91000366210938,151.82000732421875,153.1199951171875,158.4199981689453,152.77000427246094,153.55999755859375,0.01344896590822775,0.013359331333490848,0.008684596622424712,0.011798781932089941,158.20399780273436,153.18299942016603,150.2011996459961,0.003244103471059601,0.012722320719018155,2.3899993896484375,1.9199981689453125,45297940.0
2024-01-30,159.0,161.72999572753906,158.49000549316406,160.6999969482422,45207400,161.25999450683594,155.33999633789062,153.3800048828125,161.2899932861328,155.75999450683594,154.0800018310547,158.89999389648438,152.74000549316406,152.9499969482422,159.33999633789062,153.8300018310547,153.72000122070312,-0.014014601164705653,-0.014113732972622603,0.01344896590822775,0.011986946826648914,158.79999694824218,153.5359992980957,150.51719970703124,0.010491742541726178,0.012990694394393239,3.239990234375,-1.6999969482421875,46742220.0
2024-01-31,155.1999969482422,159.00999450683594,154.80999755859375,157.0,50284400,159.0,154.77999877929688,151.94000244140625,161.72999572753906,157.0500030517578,153.88999938964844,158.49000549316406,153.89999389648438,151.02999877929688,160.6999969482422,156.88999938964844,153.10000610351562,-0.023899390262627773,-0.024189614134501332,-0.014014601164705653,-0.003604979862209201,158.46599731445312,153.79949951171875,150.764599609375,0.016083126954141037,0.013854730429212914,4.1999969482421875,-1.8000030517578125,47089640.0
2024-02-01,159.27999877929688,159.75999450683594,155.6199951171875,155.8699951171875,76542400,155.1999969482422,156.02000427246094,149.92999267578125,159.00999450683594,156.2100067138672,152.3800048828125,154.80999755859375,153.92999267578125,148.38999938964844,157.0,154.85000610351562,151.5399932861328,0.026288672108771616,0.02594906400632865,-0.023899390262627773,0.008011406531487353,158.7719970703125,154.33999938964843,151.04659973144533,0.020572411437333203,0.014595132211246259,4.1399993896484375,3.410003662109375,53670400.0
2024-02-02,171.80999755859375,172.5,167.3300018310547,169.19000244140625,117218300,159.27999877929688,156.8699951171875,148.47000122070312,159.75999450683594,158.50999450683594,151.0500030517578,155.6199951171875,156.47999572753906,148.3300018310547,155.8699951171875,157.8000030517578,149.1999969482422,0.07866649218561839,0.07572554877189726,0.026288672108771616,0.005447960655367012,161.30999755859375,155.70199890136718,151.56019958496094,0.04041114750521008,0.020818952295231778,5.1699981689453125,2.6199951171875,66904580.0
2024-02-05,170.30999755859375,170.5500030517578,167.6999969482422,170.1999969482422,55081300,171.80999755859375,157.75,144.57000732421875,172.5,158.50999450683594,147.3800048828125,167.3300018310547,154.5500030517578,144.0500030517578,169.19000244140625,156.9499969482422,145.58999633789062,-0.008730574595861018,-0.008768909348284514,0.07866649218561839,0.005609771850602074,163.1199981689453,156.95549850463868,152.08839965820312,0.04196218218047222,0.021173480110774044,2.850006103515625,0.1100006103515625,68866760.0
2024-02-06,169.14999389648438,170.7100067138672,167.64999389648438,169.38999938964844,42505500,170.30999755859375,159.1199951171875,145.24000549316406,170.5500030517578,160.72000122070312,146.58999633789062,167.6999969482422,157.91000366210938,144.52999877929688,170.1999969482422,158.4199981689453,144.69000244140625,-0.00681113075414308,-0.006834432372405122,-0.008730574595861018,0.008684596622424712,165.14999694824218,157.9579978942871,152.53719940185547,0.04097220986484056,0.02096350530929286,3.0600128173828125,-0.2400054931640625,68326380.0
2024-02-07,170.52999877929688,170.8800048828125,168.94000244140625,169.47999572753906,47174100,169.14999389648438,161.25999450683594,149.10000610351562,170.7100067138672,161.2899932861328,149.39999389648438,167.64999389648438,158.89999389648438,146.14999389648438,169.38999938964844,159.33999633789062,146.74000549316406,0.008158468416245013,0.008125368023266808,-0.00681113075414308,0.01344896590822775,168.21599731445312,158.91599807739257,153.01299926757812,0.03593268050842301,0.02086859939823513,1.94000244140625,1.0500030517578125,67704320.0
2024-02-08,169.83999633789062,171.42999267578125,168.8800048828125,169.64999389648438,42316500,170.52999877929688,159.0,151.3699951171875,170.8800048828125,161.72999572753906,151.7100067138672,168.94000244140625,158.49000549316406,148.2100067138672,169.47999572753906,160.6999969482422,148.3300018310547,-0.004046223223746481,-0.0040544313336464575,0.008158468416245013,-0.014014601164705653,170.32799682617187,159.72149810791015,153.45519927978515,0.037046593169275506,0.020864340540383323,2.54998779296875,0.19000244140625,60859140.0
2024-02-09,174.4499969482422,175.0,170.5800018310547,170.89999389648438,56986000,169.83999633789062,155.1999969482422,153.72999572753906,171.42999267578125,159.00999450683594,154.4199981689453,168.8800048828125,154.80999755859375,151.8800048828125,169.64999389648438,157.0,152.05999755859375,0.02714319777292107,0.026781354306300166,-0.004046223223746481,-0.023899390262627773,170.85599670410156,160.68499832153321,154.00359924316408,0.01494084870054124,0.021422029778428584,4.4199981689453125,3.5500030517578125,48812680.0
2024-02-12,172.33999633789062,175.38999938964844,171.5399932861328,174.8000030517578,51050400,174.4499969482422,159.27999877929688,155.17999267578125,175.0,159.75999450683594,157.1699981689453,170.5800018310547,155.6199951171875,153.1199951171875,170.89999389648438,155.8699951171875,155.0399932861328,-0.012095159915523457,-0.012168901576895616,0.02714319777292107,0.026288672108771616,171.26199645996093,161.57099838256835,154.5239990234375,0.015667400850671875,0.021706226861518685,3.850006103515625,-2.4600067138671875,48006500.0
2024-02-13,168.63999938964844,170.9499969482422,165.75,167.72999572753906,56345100,172.33999633789062,171.80999755859375,154.6199951171875,175.38999938964844,172.5,156.1999969482422,171.5399932861328,167.3300018310547,154.00999450683594,174.8000030517578,169.19000244140625,155.38999938964844,-0.021469171561243172,-0.02170298682855135,-0.012095159915523457,0.07866649218561839,171.15999755859374,162.34499816894532,154.97499908447264,0.018880133356863296,0.022304874804693904,5.1999969482421875,0.910003662109375,50774420.0
2024-02-14,170.97999572753906,171.2100067138672,168.27999877929688,169.2100067138672,42815500,168.63999938964844,170.30999755859375,153.16000366210938,170.9499969482422,170.5500030517578,154.99000549316406,165.75,167.6999969482422,152.14999389648438,167.72999572753906,170.1999969482422,153.52999877929688,0.013875689909627953,0.013780303876272836,-0.021469171561243172,-0.008730574595861018,171.2499969482422,163.3084976196289,155.4539990234375,0.019688542050830805,0.02211488075426294,2.9300079345703125,1.769989013671875,49902700.0
2024-02-15,169.8000030517578,171.1699981689453,167.58999633789062,170.5800018310547,49855200,170.97999572753906,169.14999389648438,151.7100067138672,171.2100067138672,170.7100067138672,152.14999389648438,168.27999877929688,167.64999389648438,149.91000366210938,169.2100067138672,169.38999938964844,151.49000549316406,-0.006901349311422389,-0.006925273760105457,0.013875689909627953,-0.00681113075414308,171.24199829101562,164.1234977722168,155.95319915771483,0.019900211000520255,0.022261539048208736,3.5800018310546875,-0.779998779296875,51410440.0
2024-02-16,169.50999450683594,170.4199981689453,167.1699981689453,168.74000549316406,48107700,169.8000030517578,170.52999877929688,153.5,171.1699981689453,170.8800048828125,153.77999877929688,167.58999633789062,168.94000244140625,151.82000732421875,170.5800018310547,169.47999572753906,152.77000427246094,-0.0017079419299743659,-0.0017094021256489145,-0.006901349311422389,0.008158468416245013,170.25399780273438,164.83199768066407,156.4057989501953,0.01313529671423035,0.02225524403272976,3.25,0.769989013671875,49634780.0
2024-02-20,167.0800018310547,168.7100067138672,165.74000549316406,167.8300018310547,41980300,169.50999450683594,169.83999633789062,155.33999633789062,170.4199981689453,171.42999267578125,155.75999450683594,167.1699981689453,168.8800048828125,152.74000549316406,168.74000549316406,169.64999389648438,153.8300018310547,-0.01433539469369316,-0.014439139136134756,-0.0017079419299743659,-0.004046223223746481,169.20199890136718,165.44699783325194,156.85699890136718,0.013444268212345204,0.02259034602192795,2.970001220703125,-0.75,47820760.0
2024-02-21,168.58999633789062,170.22999572753906,167.13999938964844,168.94000244140625,44420100,167.0800018310547,174.4499969482422,154.77999877929688,168.7100067138672,175.0,157.0500030517578,165.74000549316406,170.5800018310547,153.89999389648438,167.8300018310547,170.89999389648438,156.88999938964844,0.00903755380828164,0.008996959517601153,-0.01433539469369316,0.02714319777292107,169.19199829101564,166.07549743652345,157.29119873046875,0.011513700323544231,0.022600940782024254,3.089996337890625,-0.350006103515625,45435760.0
2024-02-22,174.5800018310547,174.8000030517578,171.77000427246094,173.10000610351562,55392400,168.58999633789062,172.33999633789062,156.02000427246094,170.22999572753906,175.38999938964844,156.2100067138672,167.13999938964844,171.5399932861328,153.92999267578125,168.94000244140625,174.8000030517578,154.85000610351562,0.035530017339574504,0.03491338968982024,0.00903755380828164,-0.012095159915523457,169.91199951171876,166.96099777221679,157.83439880371094,0.019407465747628902,0.02366985232730925,3.029998779296875,1.4799957275390625,47951140.0
2024-02-23,174.99000549316406,175.75,173.6999969482422,174.27999877929688,59715200,174.5800018310547,168.63999938964844,156.8699951171875,174.8000030517578,170.9499969482422,158.50999450683594,171.77000427246094,165.75,156.47999572753906,173.10000610351562,167.72999572753906,157.8000030517578,0.0023485144793740087,0.0023457610294128446,0.035530017339574504,-0.021469171561243172,170.95,167.822998046875,158.41639892578124,0.018488985313563133,0.023681169060079797,2.0500030517578125,0.7100067138671875,49923140.0
2024-02-26,174.72999572753906,176.3699951171875,174.25999450683594,175.6999969482422,44368600,174.99000549316406,170.97999572753906,157.75,175.75,171.2100067138672,158.50999450683594,173.6999969482422,168.27999877929688,154.5500030517578,174.27999877929688,169.2100067138672,156.9499969482422,-0.0014858549486425066,-0.0014869599257995307,0.0023485144793740087,0.013875689909627953,171.99400024414064,168.60349807739257,158.96139892578125,0.018465566415728704,0.023717418989659483,2.1100006103515625,-0.970001220703125,49175320.0
2024-02-27,173.5399932861328,174.6199951171875,172.86000061035156,174.0800018310547,31141700,174.72999572753906,169.8000030517578,159.1199951171875,176.3699951171875,171.1699981689453,160.72000122070312,174.25999450683594,167.58999633789062,157.91000366210938,175.6999969482422,170.5800018310547,158.4199981689453,-0.006810521779339163,-0.006833819221537168,-0.0014858549486425066,-0.006901349311422389,173.28599853515624,169.2174980163574,159.4553988647461,0.0165821411463553,0.02376791290728568,1.7599945068359375,-0.540008544921875,47007600.0
2024-02-28,173.16000366210938,174.0500030517578,172.27000427246094,172.44000244140625,28180500,173.5399932861328,169.50999450683594,161.25999450683594,174.6199951171875,170.4199981689453,161.2899932861328,172.86000061035156,167.1699981689453,158.89999389648438,174.0800018310547,168.74000549316406,159.33999633789062,-0.0021896371944472026,-0.0021920379551390117,-0.006810521779339163,-0.0017079419299743659,174.2,169.92549819946288,159.9701989746094,0.017111495609287247,0.023442699096942528,1.779998779296875,0.720001220703125,43759680.0
2024-02-29,176.75999450683594,177.22000122070312,172.85000610351562,173.00999450683594,53805400,173.16000366210938,167.0800018310547,159.0,174.0500030517578,168.7100067138672,161.72999572753906,172.27000427246094,165.74000549316406,158.49000549316406,172.44000244140625,167.8300018310547,160.6999969482422,0.02078996747858297,0.02057680546309288,-0.0021896371944472026,-0.01433539469369316,174.63599853515626,171.00349807739258,160.50599884033204,0.010713388369476263,0.02270878899575404,4.3699951171875,3.75,43442280.0
2024-03-01,178.22000122070312,178.72999572753906,176.07000732421875,176.75,31981200,176.75999450683594,168.58999633789062,155.1999969482422,177.22000122070312,170.22999572753906,159.00999450683594,172.85000610351562,167.13999938964844,154.80999755859375,173.00999450683594,168.94000244140625,157.0,0.00825982552183624,0.008225899848415687,0.02078996747858297,0.00903755380828164,175.28199768066406,171.95049819946288,160.9889987182617,0.011010337977998119,0.022246018682370475,2.6599884033203125,1.470001220703125,37895480.0
2024-03-04,177.5800018310547,180.13999938964844,177.49000549316406,177.52999877929688,37381500,178.22000122070312,174.5800018310547,159.27999877929688,178.72999572753906,174.8000030517578,159.75999450683594,176.07000732421875,171.77000427246094,155.6199951171875,176.75,173.10000610351562,155.8699951171875,-0.003591063770984282,-0.0035975271186564546,0.00825982552183624,0.035530017339574504,175.85199890136718,172.23899841308594,161.46479888916016,0.011295397463094466,0.01424090439613135,2.649993896484375,0.0500030517578125,36498060.0
2024-03-05,174.1199951171875,176.92999267578125,173.3000030517578,176.92999267578125,37228300,177.5800018310547,174.99000549316406,171.80999755859375,180.13999938964844,175.75,172.5,177.49000549316406,173.6999969482422,167.3300018310547,177.52999877929688,174.27999877929688,169.19000244140625,-0.01948421375262155,-0.019676533274039055,-0.003591063770984282,0.0023485144793740087,175.96799926757814,172.42949829101562,161.90479888916016,0.014957500127842851,0.014847466636865118,3.6299896240234375,-2.80999755859375,37715380.0
2024-03-06,173.50999450683594,176.4600067138672,173.25999450683594,175.5399932861328,32090900,174.1199951171875,174.72999572753906,170.30999755859375,176.92999267578125,176.3699951171875,170.5500030517578,173.3000030517578,174.25999450683594,167.6999969482422,176.92999267578125,175.6999969482422,170.1999969482422,-0.0035033346396604603,-0.0035094856867787733,-0.01948421375262155,-0.0014858549486425066,176.03799743652343,172.6474983215332,162.29819885253906,0.015033544131610291,0.01477163498657104,3.20001220703125,-2.029998779296875,38497460.0
2024-03-07,176.82000732421875,177.99000549316406,173.72000122070312,174.8300018310547,34063300,173.50999450683594,173.5399932861328,169.14999389648438,176.4600067138672,174.6199951171875,170.7100067138672,173.25999450683594,172.86000061035156,167.64999389648438,175.5399932861328,174.0800018310547,169.38999938964844,0.019076784751165476,0.018897104445031784,-0.0035033346396604603,-0.006810521779339163,176.05,172.9619987487793,162.76619903564452,0.01446406927552866,0.015230119997227457,4.2700042724609375,1.9900054931640625,34549040.0
2024-03-08,175.35000610351562,178.7899932861328,174.3300018310547,176.44000244140625,37893200,176.82000732421875,173.16000366210938,170.52999877929688,177.99000549316406,174.0500030517578,170.8800048828125,173.72000122070312,172.27000427246094,168.94000244140625,174.8300018310547,172.44000244140625,169.47999572753906,-0.008313545751684748,-0.00834829600574499,0.019076784751165476,-0.0021896371944472026,175.4760009765625,173.23749923706055,163.20499908447266,0.014034041042303722,0.015347572193638089,4.459991455078125,-1.089996337890625,35731440.0
2024-03-11,171.9600067138672,174.47000122070312,171.47000122070312,174.30999755859375,28484800,175.35000610351562,176.75999450683594,169.83999633789062,178.7899932861328,177.22000122070312,171.42999267578125,174.3300018310547,172.85000610351562,168.8800048828125,176.44000244140625,173.00999450683594,169.64999389648438,-0.019332758891648982,-0.01952208072253206,-0.008313545751684748,0.02078996747858297,174.352001953125,173.1129997253418,163.57739929199218,0.015807692377318112,0.01480263444197133,3.0,-2.3499908447265625,33952100.0
2024-03-12,175.38999938964844,176.75999450683594,171.97999572753906,173.5,36610600,171.9600067138672,178.22000122070312,174.4499969482422,174.47000122070312,178.72999572753906,175.0,171.47000122070312,176.07000732421875,170.5800018310547,174.30999755859375,176.75,170.89999389648438,0.019946455814511488,0.01975013161880721,-0.019332758891648982,0.00825982552183624,174.6060028076172,173.2654998779297,164.01759918212892,0.017353170167841495,0.015222720188468198,4.779998779296875,1.8899993896484375,33828560.0
2024-03-13,176.55999755859375,177.6199951171875,175.5500030517578,175.89999389648438,30772600,175.38999938964844,177.5800018310547,172.33999633789062,176.75999450683594,180.13999938964844,175.38999938964844,171.97999572753906,177.49000549316406,171.5399932861328,173.5,177.52999877929688,174.8000030517578,0.0066708374081581034,0.006648685830772736,0.019946455814511488,-0.003591063770984282,175.21600341796875,173.66149978637696,164.50999908447267,0.01720473098175902,0.014311067287604404,2.0699920654296875,0.660003662109375,33564900.0
2024-03-14,178.75,179.52999877929688,176.47000122070312,177.69000244140625,43705800,176.55999755859375,174.1199951171875,168.63999938964844,177.6199951171875,176.92999267578125,170.9499969482422,175.5500030517578,173.3000030517578,165.75,175.89999389648438,176.92999267578125,167.72999572753906,0.012403729449981915,0.012327433453265669,0.0066708374081581034,-0.01948421375262155,175.602001953125,174.05,165.08639923095703,0.015915459801976953,0.014252577685219427,3.05999755859375,1.05999755859375,35493400.0
2024-03-15,174.4199981689453,177.92999267578125,173.89999389648438,176.63999938964844,72147400,178.75,173.50999450683594,170.97999572753906,179.52999877929688,176.4600067138672,171.2100067138672,176.47000122070312,173.25999450683594,168.27999877929688,177.69000244140625,175.5399932861328,169.2100067138672,-0.024223786467438835,-0.02452200827324045,0.012403729449981915,-0.0035033346396604603,175.41600036621094,174.28099975585937,165.60539916992187,0.019701820217492318,0.01532822198703238,4.029998779296875,-2.220001220703125,42344240.0
2024-03-18,174.47999572753906,176.69000244140625,174.27999877929688,175.8000030517578,31250700,174.4199981689453,176.82000732421875,169.8000030517578,177.92999267578125,177.99000549316406,171.1699981689453,173.89999389648438,173.72000122070312,167.58999633789062,176.63999938964844,174.8300018310547,170.5800018310547,0.00034398325434925603,0.00034392410567333365,-0.024223786467438835,0.019076784751165476,175.9199981689453,174.52949981689454,166.2035989379883,0.016861735716627076,0.015312801629696664,2.410003662109375,-1.32000732421875,42897420.0
2024-03-19,175.89999389648438,176.08999633789062,173.52000427246094,174.22000122070312,26880900,174.47999572753906,175.35000610351562,169.50999450683594,176.69000244140625,178.7899932861328,170.4199981689453,174.27999877929688,174.3300018310547,167.1699981689453,175.8000030517578,176.44000244140625,168.74000549316406,0.00813845829732096,0.008105519638180665,0.00034398325434925603,-0.008313545751684748,176.0219970703125,174.97049942016602,166.8167987060547,0.014571162968750847,0.014904353216943183,2.5699920654296875,1.67999267578125,40951480.0
2024-03-20,178.14999389648438,178.52999877929688,174.63999938964844,176.13999938964844,29947200,175.89999389648438,171.9600067138672,167.0800018310547,176.08999633789062,174.47000122070312,168.7100067138672,173.52000427246094,171.47000122070312,165.74000549316406,174.22000122070312,174.30999755859375,167.8300018310547,0.012791359170393646,0.01271024074657137,0.00813845829732096,-0.019332758891648982,176.33999633789062,175.4484992980957,167.39779846191405,0.015433254504838394,0.015011867953057726,3.8899993896484375,2.0099945068359375,40786400.0
2024-03-21,178.14999389648438,181.4199981689453,178.14999389648438,179.99000549316406,32824300,178.14999389648438,175.38999938964844,168.58999633789062,178.52999877929688,176.75999450683594,170.22999572753906,174.63999938964844,171.97999572753906,167.13999938964844,176.13999938964844,173.5,168.94000244140625,0.0,0.0,0.012791359170393646,0.019946455814511488,176.2199951171875,175.6269989013672,167.9333984375,0.014274304230005445,0.012896521117397518,3.2700042724609375,-1.8400115966796875,38610100.0
2024-03-22,178.8699951171875,179.25999450683594,176.75,177.75,27995400,178.14999389648438,176.55999755859375,174.5800018310547,181.4199981689453,177.6199951171875,174.8000030517578,178.14999389648438,175.5500030517578,171.77000427246094,179.99000549316406,175.89999389648438,173.10000610351562,0.0040415450203241665,0.004033399915744371,0.0,0.0066708374081581034,177.10999450683593,175.82099838256835,168.43619842529296,0.005434437355938849,0.012910753095136862,2.5099945068359375,1.1199951171875,29779700.0
2024-03-25,179.7100067138672,180.9900054931641,177.24000549316406,178.00999450683594,29815500,178.8699951171875,178.75,174.99000549316406,179.25999450683594,179.52999877929688,175.75,176.75,176.47000122070312,173.6999969482422,177.75,177.69000244140625,174.27999877929688,0.004696213001679439,0.00468522019633587,0.0040415450203241665,0.012403729449981915,178.15599670410157,176.06999893188475,168.92679870605468,0.004801272448634525,0.012917661933193656,3.7500000000000284,1.70001220703125,29492660.0
2024-03-26,178.3000030517578,180.4499969482422,177.9499969482422,180.1499938964844,29659000,179.7100067138672,174.4199981689453,174.72999572753906,180.9900054931641,177.92999267578125,176.3699951171875,177.24000549316406,173.89999389648438,174.25999450683594,178.00999450683594,176.63999938964844,175.6999969482422,-0.007845994154095037,-0.007876935918428052,0.004696213001679439,-0.024223786467438835,178.63599853515626,176.30799942016603,169.40039886474608,0.007518667188808982,0.012954684243167595,2.5,-1.849990844726591,30048280.0
2024-03-27,179.8300018310547,180.0,177.30999755859375,179.8800048828125,33272600,178.3000030517578,174.47999572753906,173.5399932861328,180.4499969482422,176.69000244140625,174.6199951171875,177.9499969482422,174.27999877929688,172.86000061035156,180.1499938964844,175.8000030517578,174.0800018310547,0.008581036192426339,0.008544428374293455,-0.007845994154095037,0.00034398325434925603,178.9720001220703,176.6414993286133,169.933798828125,0.006237698311750401,0.013019838338463229,2.69000244140625,-0.0500030517578125,30713360.0
2024-03-28,180.3800048828125,181.6999969482422,179.25999450683594,180.1699981689453,38051600,179.8300018310547,175.89999389648438,173.16000366210938,180.0,176.08999633789062,174.0500030517578,177.30999755859375,173.52000427246094,172.27000427246094,179.8800048828125,174.22000122070312,172.44000244140625,0.0030584610251771505,0.003053793447902987,0.008581036192426339,0.00813845829732096,179.41800231933593,176.8224998474121,170.5071987915039,0.006154875954764348,0.012252092296025491,2.44000244140625,0.2100067138671875,31758820.0
2024-04-01,180.97000122070312,183.0,179.9499969482422,180.7899932861328,29174500,180.3800048828125,178.14999389648438,176.75999450683594,181.6999969482422,178.52999877929688,177.22000122070312,179.25999450683594,174.63999938964844,172.85000610351562,180.1699981689453,176.13999938964844,173.00999450683594,0.003270852211551434,0.00326551461029285,0.0030584610251771505,0.012791359170393646,179.83800354003907,176.95999984741212,171.05659881591797,0.006116344654958006,0.012148692507459515,3.0500030517578125,0.1800079345703125,31994640.0
2024-04-02,180.69000244140625,180.7899932861328,178.3800048828125,179.07000732421875,32611500,180.97000122070312,178.14999389648438,178.22000122070312,183.0,181.4199981689453,178.72999572753906,179.9499969482422,178.14999389648438,176.07000732421875,180.7899932861328,179.99000549316406,176.75,-0.0015472110151306673,-0.0015484091821309372,0.003270852211551434,0.0,180.03400268554688,177.1154998779297,171.56359893798827,0.0061553340730322575,0.01211804824466669,2.4099884033203125,1.6199951171875,32553840.0
2024-04-03,182.41000366210935,182.8699951171875,179.8000030517578,179.89999389648438,31046600,180.69000244140625,178.8699951171875,177.5800018310547,180.7899932861328,179.25999450683594,180.13999938964844,178.3800048828125,176.75,177.49000549316406,179.07000732421875,177.75,177.52999877929688,0.009519072430478559,0.009474051539763172,-0.0015472110151306673,0.0040415450203241665,180.8560028076172,177.53000030517578,172.11619903564454,0.00452698374758649,0.011249742692666315,3.0699920654296875,2.5100097656249716,32831360.0
2024-04-04,180.0,185.1000061035156,180.0,184.0,41624300,182.41000366210935,179.7100067138672,174.1199951171875,182.8699951171875,180.9900054931641,176.92999267578125,179.8000030517578,177.24000549316406,173.3000030517578,179.89999389648438,178.00999450683594,176.92999267578125,-0.013212014767422287,-0.013300069884865783,0.009519072430478559,0.004696213001679439,180.89000244140624,177.854500579834,172.5957989501953,0.008476133261371172,0.011717124262638452,5.100006103515597,-4.0,34501700.0
2024-04-05,185.07000732421875,186.2700042724609,181.97000122070312,182.3800048828125,42374000,180.0,178.3000030517578,173.50999450683594,185.1000061035156,180.4499969482422,176.4600067138672,180.0,177.9499969482422,173.25999450683594,184.0,180.1499938964844,175.5399932861328,0.028166707356770848,0.027777320574842966,-0.013212014767422287,-0.007845994154095037,181.8280029296875,178.267000579834,173.15979919433593,0.01528369224939265,0.01256402124066563,4.300003051757784,2.69000244140625,35366180.0
2024-04-08,185.19000244140625,187.2899932861328,184.80999755859372,186.8999938964844,39221300,185.07000732421875,179.8300018310547,176.82000732421875,186.2700042724609,180.0,177.99000549316406,181.97000122070312,177.30999755859375,173.72000122070312,182.3800048828125,179.8800048828125,174.8300018310547,0.0006483768975988902,0.0006481667921116775,0.028166707356770848,0.008581036192426339,182.67200317382813,178.7590003967285,173.70859924316406,0.015412594351619794,0.012320861640592092,2.479995727539091,-1.7099914550781534,37375540.0
2024-04-09,185.6699981689453,187.33999633789065,184.1999969482422,187.2400054931641,36520100,185.19000244140625,180.3800048828125,175.35000610351562,187.2899932861328,181.6999969482422,178.7899932861328,184.80999755859372,179.25999450683594,174.3300018310547,186.8999938964844,180.1699981689453,176.44000244140625,0.002591909504893186,0.0025885563003378185,0.0006483768975988902,0.0030584610251771505,183.66800231933593,179.44449996948242,174.23959930419923,0.015100150129289718,0.011168955779473716,3.139999389648466,-1.5700073242187784,38157260.0
2024-04-10,185.9499969482422,186.2700042724609,182.6699981689453,182.7700042724609,35879200,185.6699981689453,180.97000122070312,171.9600067138672,187.33999633789065,183.0,174.47000122070312,184.1999969482422,179.9499969482422,171.47000122070312,187.2400054931641,180.7899932861328,174.30999755859375,0.0015080453603608657,0.0015069094018642995,0.002591909504893186,0.003270852211551434,184.3760009765625,179.9724998474121,174.73339935302735,0.01499742888050868,0.010516837580075373,3.6000061035155966,3.1799926757812784,39123780.0
2024-04-11,189.0500030517578,189.7700042724609,185.50999450683597,186.7400054931641,40020700,185.9499969482422,180.69000244140625,175.38999938964844,186.2700042724609,180.7899932861328,176.75999450683594,182.6699981689453,178.3800048828125,171.97999572753906,182.7700042724609,179.07000732421875,173.5,0.016671181255133227,0.016533742520170792,0.0015080453603608657,-0.0015472110151306673,186.18600158691407,180.5970001220703,175.3343994140625,0.01213410097457245,0.010931118834080213,4.260009765624943,2.3099975585937216,38803060.0
2024-04-12,186.1300048828125,188.3800048828125,185.0800018310547,187.72000122070312,38608800,189.0500030517578,182.41000366210935,176.55999755859375,189.7700042724609,182.8699951171875,177.6199951171875,185.50999450683597,179.8000030517578,175.5500030517578,186.7400054931641,179.89999389648438,175.89999389648438,-0.015445639364236818,-0.015566165935951603,0.016671181255133227,0.009519072430478559,186.39800109863282,180.96600036621095,175.9529995727539,0.011388274834420422,0.011493867219426693,3.3000030517578125,-1.589996337890625,38050020.0
2024-04-15,183.6199951171875,188.69000244140625,183.0,187.42999267578125,48052400,186.1300048828125,180.0,178.75,188.3800048828125,185.1000061035156,179.52999877929688,185.0800018310547,180.0,176.47000122070312,187.72000122070312,184.0,177.69000244140625,-0.013485250630092094,-0.013577002419975346,-0.015445639364236818,-0.013212014767422287,186.08399963378906,181.42600021362304,176.4397994995117,0.013172166900341073,0.0103987066619788,5.69000244140625,-3.80999755859375,39816240.0
2024-04-16,183.32000732421875,184.8300018310547,182.25999450683597,183.2700042724609,32891300,183.6199951171875,185.07000732421875,174.4199981689453,188.69000244140625,186.2700042724609,177.92999267578125,183.0,181.97000122070312,173.89999389648438,187.42999267578125,182.3800048828125,176.63999938964844,-0.001633742516860992,-0.0016350785294987403,-0.013485250630092094,0.028166707356770848,185.61400146484374,181.86800079345704,176.6699996948242,0.012967379302966745,0.0104308889037344,2.5700073242187216,0.05000305175784092,39090480.0
2024-04-17,181.27999877929688,184.57000732421875,179.82000732421875,184.30999755859372,31359700,183.32000732421875,185.19000244140625,174.47999572753906,184.8300018310547,187.2899932861328,176.69000244140625,182.25999450683597,184.80999755859372,174.27999877929688,183.2700042724609,186.8999938964844,175.8000030517578,-0.011128128209780819,-0.011190509048215303,-0.001633742516860992,0.0006483768975988902,184.68000183105468,182.13700103759766,176.88939971923827,0.013225321438812348,0.01076942089416837,4.75,-3.0299987792968466,38186580.0
2024-04-18,179.22000122070312,182.38999938964844,178.64999389648438,181.47000122070312,30723800,181.27999877929688,185.6699981689453,175.89999389648438,184.57000732421875,187.33999633789065,176.08999633789062,179.82000732421875,184.1999969482422,173.52000427246094,184.30999755859372,187.2400054931641,174.22000122070312,-0.011363622972558218,-0.011428682278624262,-0.011128128209780819,0.002591909504893186,182.71400146484376,182.19050140380858,177.09079986572266,0.00531648542099563,0.010798256534125219,3.7400054931640625,-2.25,36327200.0
2024-04-19,174.6300048828125,179.0,173.44000244140625,178.74000549316406,56000700,179.22000122070312,185.9499969482422,178.14999389648438,182.38999938964844,186.2700042724609,178.52999877929688,178.64999389648438,182.6699981689453,174.63999938964844,181.47000122070312,182.7700042724609,176.13999938964844,-0.02561096030926935,-0.025944630354616176,-0.011363622972558218,0.0015080453603608657,180.41400146484375,182.014501953125,177.17279998779296,0.008573400203032574,0.012261906212062988,5.55999755859375,-4.1100006103515625,39805580.0
2024-04-22,177.22999572753906,178.8699951171875,174.55999755859375,176.94000244140625,37924900,174.6300048828125,189.0500030517578,178.14999389648438,179.0,189.7700042724609,181.4199981689453,173.44000244140625,185.50999450683597,178.14999389648438,178.74000549316406,186.7400054931641,179.99000549316406,0.014888568814227066,0.01477882204751945,-0.02561096030926935,0.016671181255133227,179.13600158691406,181.93250198364257,177.32059997558594,0.014919383599230016,0.012724350495164084,4.30999755859375,0.2899932861328125,37780080.0
2024-04-23,179.5399932861328,179.92999267578125,175.97999572753906,178.0800018310547,37046500,177.22999572753906,186.1300048828125,178.8699951171875,178.8699951171875,188.3800048828125,179.25999450683594,174.55999755859375,185.0800018310547,176.75,176.94000244140625,187.72000122070312,177.75,0.01303389727631088,0.0129496869735391,0.014888568814227066,-0.015445639364236818,178.37999877929687,181.92400131225585,177.42239990234376,0.01745703261678981,0.013032392468609716,3.9499969482421875,1.459991455078125,38611120.0
2024-04-24,176.58999633789062,180.32000732421875,176.17999267578125,179.94000244140625,34185100,179.5399932861328,183.6199951171875,179.7100067138672,179.92999267578125,188.69000244140625,180.9900054931641,175.97999572753906,183.0,177.24000549316406,178.0800018310547,187.42999267578125,178.00999450683594,-0.016430862529557833,-0.01656734624660272,0.01303389727631088,-0.013485250630092094,177.44199829101564,181.8385009765625,177.50739990234376,0.01814319408859298,0.013440554886932587,4.1400146484375,-3.350006103515625,39176200.0
2024-04-25,173.6699981689453,173.9199981689453,166.32000732421875,169.67999267578125,49249400,176.58999633789062,183.32000732421875,178.3000030517578,180.32000732421875,184.8300018310547,180.4499969482422,176.17999267578125,182.25999450683597,177.9499969482422,179.94000244140625,183.2700042724609,180.1499938964844,-0.016535467634067658,-0.016673704471388103,-0.016430862529557833,-0.001633742516860992,176.33199768066407,181.53050079345704,177.6079998779297,0.018727817072928327,0.013727952264387616,7.5999908447265625,3.9900054931640625,42881320.0
2024-04-26,179.6199951171875,180.82000732421875,176.1300048828125,177.8000030517578,43919800,173.6699981689453,181.27999877929688,179.8300018310547,173.9199981689453,184.57000732421875,180.0,166.32000732421875,179.82000732421875,177.30999755859375,169.67999267578125,184.30999755859372,179.8800048828125,0.034260361668536854,0.03368654484295438,-0.016535467634067658,-0.011128128209780819,177.32999572753906,181.49250030517578,177.78079986572266,0.022011352344857717,0.015893552356125905,4.69000244140625,1.8199920654296875,40465140.0
2024-04-29,180.9600067138672,183.52999877929688,179.38999938964844,182.75,54063900,179.6199951171875,179.22000122070312,180.3800048828125,180.82000732421875,182.38999938964844,181.6999969482422,176.1300048828125,178.64999389648438,179.25999450683594,177.8000030517578,181.47000122070312,180.1699981689453,0.007460258507441919,0.007432568410519159,0.034260361668536854,-0.011363622972558218,178.07599792480468,181.49200057983398,178.00399993896485,0.02149279082124734,0.01596763644078788,4.1399993896484375,-1.7899932861328125,43692940.0
2024-04-30,175.0,182.9900054931641,174.8000030517578,181.08999633789065,94639800,180.9600067138672,174.6300048828125,180.97000122070312,183.52999877929688,179.0,183.0,179.38999938964844,173.44000244140625,179.9499969482422,182.75,178.74000549316406,180.7899932861328,-0.03293549122868411,-0.03349007554568368,0.007460258507441919,-0.02561096030926935,177.16799926757812,181.20750045776367,178.11380004882812,0.02617548116091242,0.01759908462673976,8.190002441406278,-6.089996337890653,55211600.0
2024-05-01,179.0,185.1499938964844,176.55999755859375,181.63999938964844,94645100,175.0,177.22999572753906,180.69000244140625,182.9900054931641,178.8699951171875,180.7899932861328,174.8000030517578,174.55999755859375,178.3800048828125,181.08999633789065,176.94000244140625,179.07000732421875,0.02285714285714291,0.022599831917240992,-0.03293549122868411,0.014888568814227066,177.65,181.0370002746582,178.35220001220702,0.027678520481378206,0.018276376760534105,8.589996337890653,-2.6399993896484375,67303600.0
2024-05-02,184.72000122070312,185.1000061035156,179.91000366210938,180.8500061035156,54303500,179.0,179.5399932861328,182.41000366210935,185.1499938964844,179.92999267578125,182.8699951171875,176.55999755859375,175.97999572753906,179.8000030517578,181.63999938964844,178.0800018310547,179.89999389648438,0.031955314082140474,0.031455365813882176,0.02285714285714291,0.01303389727631088,179.86000061035156,181.27300033569335,178.67480010986327,0.02760812793676658,0.019415081349818588,5.190002441406222,3.8699951171875284,68314420.0
2024-05-03,186.2100067138672,187.8699951171875,185.4199981689453,186.9900054931641,39172000,184.72000122070312,176.58999633789062,180.0,185.1000061035156,180.32000732421875,185.1000061035156,179.91000366210938,176.17999267578125,180.0,180.8500061035156,179.94000244140625,184.0,0.008066292135759712,0.008033933494385928,0.031955314082140474,-0.016430862529557833,181.1780029296875,181.3300003051758,178.90740020751954,0.02484579229389897,0.01845721050029664,2.4499969482421875,-0.7799987792969034,67364860.0
2024-05-06,188.6999969482422,188.75,184.8000030517578,186.27999877929688,34725300,186.2100067138672,173.6699981689453,185.07000732421875,187.8699951171875,173.9199981689453,186.2700042724609,185.4199981689453,166.32000732421875,181.97000122070312,186.9900054931641,169.67999267578125,182.3800048828125,0.013371946429286963,0.013283331052944075,0.008066292135759712,-0.016535467634067658,182.7260009765625,181.50550003051757,179.1816000366211,0.02498484688763252,0.01868164467156377,3.9499969482421875,2.4199981689453125,63497140.0
2024-05-07,188.75999450683597,189.94000244140625,187.30999755859372,188.9199981689453,34048900,188.6999969482422,179.6199951171875,185.19000244140625,188.75,180.82000732421875,187.2899932861328,184.8000030517578,176.1300048828125,184.80999755859372,186.27999877929688,177.8000030517578,186.8999938964844,0.00031795209095974997,0.00031790155490542276,0.013371946429286963,0.034260361668536854,185.47799987792968,181.6599998474121,179.46220001220703,0.012399744275841252,0.018679037137942184,2.6300048828125284,-0.16000366210934658,51378960.0
2024-05-08,188.0,188.42999267578125,186.38999938964844,187.44000244140625,26136400,188.75999450683597,180.9600067138672,185.6699981689453,189.94000244140625,183.52999877929688,187.33999633789065,187.30999755859372,179.38999938964844,184.1999969482422,188.9199981689453,182.75,187.2400054931641,-0.004026247769404523,-0.0040343749269230785,0.00031795209095974997,0.007460258507441919,187.2779998779297,181.7625,179.75140014648437,0.014032132151228572,0.018711939830683907,2.0399932861328125,0.55999755859375,37677220.0
2024-05-09,189.5,191.6999969482422,187.44000244140625,188.8800048828125,43368400,188.0,175.0,185.9499969482422,188.42999267578125,182.9900054931641,186.2700042724609,186.38999938964844,174.8000030517578,182.6699981689453,187.44000244140625,181.08999633789065,182.7700042724609,0.007978723404255428,0.00794706169253194,-0.004026247769404523,-0.03293549122868411,188.23399963378907,181.7849998474121,180.0782000732422,0.006922042824025971,0.018420483885170633,4.2599945068359375,0.6199951171875,35490200.0
2024-05-10,187.47999572753903,189.88999938964844,186.92999267578125,189.16000366210935,34141800,189.5,179.0,189.0500030517578,191.6999969482422,185.1499938964844,189.7700042724609,187.44000244140625,176.55999755859375,185.50999450683597,188.8800048828125,181.63999938964844,186.7400054931641,-0.010659653152828352,-0.01071687425686526,0.007978723404255428,0.02285714285714291,188.48799743652344,181.85249938964844,180.29260009765625,0.009521781213638657,0.018235603797153346,2.9600067138671875,-1.6800079345703125,34484160.0
2024-05-13,186.57000732421875,188.30999755859372,185.3600006103516,188.0,24898600,187.47999572753903,184.72000122070312,186.1300048828125,189.88999938964844,185.1000061035156,188.3800048828125,186.92999267578125,179.91000366210938,185.0800018310547,189.16000366210935,180.8500061035156,187.72000122070312,-0.004853789332504355,-0.00486560722449323,-0.010659653152828352,0.031955314082140474,188.06199951171874,182.0,180.45960021972655,0.0069260051949294864,0.017987173068711938,2.9499969482421307,-1.42999267578125,32518820.0
2024-05-14,187.07000732421875,187.72000122070312,183.4499969482422,183.82000732421875,38698200,186.57000732421875,186.2100067138672,183.6199951171875,188.30999755859372,187.8699951171875,188.69000244140625,185.3600006103516,185.4199981689453,183.0,188.0,186.9900054931641,187.42999267578125,0.002679959159411549,0.002676374471979152,-0.004853789332504355,0.008066292135759712,187.7240020751953,182.1875,180.64940032958984,0.00721917405351065,0.01798041441586137,4.2700042724609375,3.25,33448680.0
2024-05-15,185.9900054931641,186.72000122070312,182.72999572753903,185.97000122070312,75459900,187.07000732421875,188.6999969482422,183.32000732421875,187.72000122070312,188.75,184.8300018310547,183.4499969482422,184.8000030517578,182.25999450683597,183.82000732421875,186.27999877929688,183.2700042724609,-0.005773249525686142,-0.005789979151338446,0.002679959159411549,0.013371946429286963,187.32200317382814,182.42300033569336,180.88680053710937,0.007395423882440673,0.017826918279567786,3.990005493164091,0.02000427246096592,43313380.0
2024-05-16,183.6300048828125,187.30999755859372,183.4600067138672,185.6000061035156,38834500,185.9900054931641,188.75999450683597,181.27999877929688,186.72000122070312,189.94000244140625,184.57000732421875,182.72999572753903,187.30999755859372,179.82000732421875,185.97000122070312,188.9199981689453,184.30999755859372,-0.01268885714634993,-0.012770048240180923,-0.005773249525686142,0.00031795209095974997,186.14800415039062,182.64350051879882,181.0892007446289,0.005975457564515657,0.017879375889246353,3.849990844726534,-1.9700012207030966,42406600.0
2024-05-17,184.6999969482422,185.3000030517578,183.3500061035156,183.75999450683597,33175700,183.6300048828125,188.0,179.22000122070312,187.30999755859372,188.42999267578125,182.38999938964844,183.4600067138672,186.38999938964844,178.64999389648438,185.6000061035156,187.44000244140625,181.47000122070312,0.005826891232250109,0.005809980560830076,-0.01268885714634993,-0.004026247769404523,185.59200439453124,183.14700012207032,181.24680053710938,0.007334337952166558,0.01672751142789454,1.949996948242216,0.9400024414062216,42213380.0
2024-05-20,183.5399932861328,186.6699981689453,183.27999877929688,184.33999633789065,30511800,184.6999969482422,189.5,174.6300048828125,185.3000030517578,191.6999969482422,179.0,183.3500061035156,187.44000244140625,173.44000244140625,183.75999450683597,188.8800048828125,178.74000549316406,-0.006280474722663021,-0.006300279871404103,0.005826891232250109,0.007978723404255428,184.98600158691406,183.4625,181.4106002807617,0.007453135561565776,0.016600907094682968,3.3899993896484375,-0.8000030517578409,43336020.0
2024-05-21,183.1499938964844,183.25999450683597,180.75,182.3000030517578,50839100,183.5399932861328,187.47999572753903,177.22999572753906,186.6699981689453,189.88999938964844,178.8699951171875,183.27999877929688,186.92999267578125,174.55999755859375,184.33999633789065,189.16000366210935,176.94000244140625,-0.0021248741632043933,-0.002127134911413819,-0.006280474722663021,-0.010659653152828352,184.20199890136718,183.64300003051758,181.63440002441405,0.006776956372920145,0.01640986504643506,2.509994506835966,0.8499908447265909,45764200.0
2024-05-22,183.1300048828125,185.22000122070312,181.97000122070312,183.8800048828125,28148800,183.1499938964844,186.57000732421875,179.5399932861328,183.25999450683597,188.30999755859372,179.92999267578125,180.75,185.3600006103516,175.97999572753906,182.3000030517578,188.0,178.0800018310547,-0.0001091401274257997,-0.00010914608364288576,-0.0021248741632043933,-0.004853789332504355,183.62999877929687,183.97000045776366,181.78920013427734,0.006921778102572215,0.01588849353017431,3.25,-0.75,36301980.0
2024-05-23,181.0500030517578,184.75999450683597,180.0800018310547,183.66000366210935,33670200,183.1300048828125,187.07000732421875,176.58999633789062,185.22000122070312,187.72000122070312,180.32000732421875,181.97000122070312,183.4499969482422,176.17999267578125,183.8800048828125,183.82000732421875,179.94000244140625,-0.011358061353112014,-0.011423056748417279,-0.0001091401274257997,0.002679959159411549,183.11399841308594,184.3390007019043,181.87900024414063,0.006470577168032014,0.015611402686282633,4.679992675781278,-2.610000610351534,35269120.0
2024-05-24,180.75,182.44000244140625,180.3000030517578,181.6499938964844,27471600,181.0500030517578,185.9900054931641,173.6699981689453,184.75999450683597,186.72000122070312,173.9199981689453,180.0800018310547,182.72999572753903,166.32000732421875,183.66000366210935,185.97000122070312,169.67999267578125,-0.0016570176564539851,-0.001658392028660058,-0.011358061353112014,-0.005773249525686142,182.3239990234375,184.39550094604493,181.91900024414062,0.004555715363242812,0.013674761945293679,2.1399993896484375,-0.8999938964844034,34128300.0
2024-05-28,182.1499938964844,182.2400054931641,179.49000549316406,179.92999267578125,29927000,180.75,183.6300048828125,179.6199951171875,182.44000244140625,187.30999755859372,180.82000732421875,180.3000030517578,183.4600067138672,176.1300048828125,181.6499938964844,185.6000061035156,177.8000030517578,0.007745471073219434,0.007715628907514878,-0.0016570176564539851,-0.01268885714634993,182.0459991455078,184.4550003051758,182.07360015869142,0.006800913906100505,0.01368265602187378,2.7500000000000284,2.2200012207031534,34011340.0
2024-05-29,182.0200042724609,184.0800018310547,181.5500030517578,181.6999969482422,32009300,182.1499938964844,184.6999969482422,180.9600067138672,182.2400054931641,185.3000030517578,183.52999877929688,179.49000549316406,183.3500061035156,179.38999938964844,179.92999267578125,183.75999450683597,182.75,-0.000713640562059914,-0.000713895324699002,0.007745471073219434,0.005826891232250109,181.82000122070312,184.80600051879884,182.22440032958986,0.006797818435839001,0.011225175692352367,2.529998779296875,0.3200073242187216,30245380.0
2024-05-30,179.32000732421875,181.33999633789065,178.36000061035156,181.30999755859372,29184700,182.0200042724609,183.5399932861328,175.0,184.0800018310547,186.6699981689453,182.9900054931641,181.5500030517578,183.27999877929688,174.8000030517578,181.6999969482422,184.33999633789065,181.08999633789065,-0.0148335176621609,-0.0149446344900467,-0.000713640562059914,-0.006280474722663021,181.05800170898436,184.82200088500977,182.29280059814454,0.009022452074819245,0.010695535426479132,2.979995727539091,-1.9899902343749716,30452560.0
2024-05-31,176.44000244140625,179.2100067138672,173.8699951171875,178.3000030517578,58903900,179.32000732421875,183.1499938964844,179.0,181.33999633789065,183.25999450683597,185.1499938964844,178.36000061035156,180.75,176.55999755859375,181.30999755859372,182.3000030517578,181.63999938964844,-0.016060700229647673,-0.01619107105787046,-0.0148335176621609,-0.0021248741632043933,180.13600158691406,184.40800094604492,182.25860076904297,0.010136304108529807,0.008299569135306434,5.3400115966796875,-1.8600006103515625,35499300.0
2024-06-03,178.33999633789062,178.6999969482422,175.9199981689453,177.6999969482422,30786600,176.44000244140625,183.1300048828125,184.72000122070312,179.2100067138672,185.22000122070312,185.1000061035156,173.8699951171875,181.97000122070312,179.91000366210938,178.3000030517578,183.8800048828125,180.8500061035156,0.01076849847083472,0.010710931098535235,-0.016060700229647673,-0.0001091401274257997,179.65400085449218,184.0145004272461,182.26240081787108,0.012451420772927832,0.008496146191732709,2.779998779296875,0.6399993896484375,36162300.0
2024-06-04,179.33999633789062,179.82000732421875,176.44000244140625,177.63999938964844,27198400,178.33999633789062,181.0500030517578,186.2100067138672,178.6999969482422,184.75999450683597,187.8699951171875,175.9199981689453,180.0800018310547,185.4199981689453,177.6999969482422,183.66000366210935,186.9900054931641,0.00560726713319748,0.0055916049316681584,0.01076849847083472,-0.011358061353112014,179.09200134277344,183.5465003967285,182.27180084228516,0.012036271167332697,0.007907899412659554,3.3800048828125,1.6999969482421875,35616580.0
2024-06-05,181.27999877929688,181.5,178.75,180.10000610351562,32116400,179.33999633789062,180.75,188.6999969482422,179.82000732421875,182.44000244140625,188.75,176.44000244140625,180.3000030517578,184.8000030517578,177.63999938964844,181.6499938964844,186.27999877929688,0.010817455564965828,0.010759365441920877,0.00560726713319748,-0.0016570176564539851,178.94400024414062,183.17250061035156,182.30320068359376,0.013598338241042602,0.008436417151114472,2.75,1.17999267578125,35638000.0
2024-06-06,185.0,185.0,181.4900054931641,181.75,31371200,181.27999877929688,182.1499938964844,188.75999450683597,181.5,182.2400054931641,189.94000244140625,178.75,179.49000549316406,187.30999755859372,180.10000610351562,179.92999267578125,188.9199981689453,0.020520748266509736,0.02031303453242799,0.010817455564965828,0.007745471073219434,180.0799987792969,183.02250061035156,182.4372006225586,0.013629752931727622,0.00979941064367389,3.509994506835909,3.25,36075300.0
2024-06-07,184.3000030517578,186.2899932861328,183.3600006103516,184.8999938964844,28021500,185.0,182.0200042724609,188.0,185.0,184.0800018310547,188.42999267578125,181.4900054931641,181.5500030517578,186.38999938964844,181.75,181.6999969482422,187.44000244140625,-0.003783767287795614,-0.0037909438439048654,0.020520748266509736,-0.000713640562059914,181.6519989013672,182.76250076293945,182.52660064697267,0.008858115221045869,0.009598350429194305,2.9299926757812216,-0.5999908447265909,29898820.0
2024-06-10,187.05999755859372,187.22999572753903,183.7899932861328,184.07000732421875,34445600,184.3000030517578,179.32000732421875,189.5,186.2899932861328,181.33999633789065,191.6999969482422,183.3600006103516,178.36000061035156,187.44000244140625,184.8999938964844,181.30999755859372,188.8800048828125,0.014975553234585659,0.014864526720523909,-0.003783767287795614,-0.0148335176621609,183.3959991455078,182.7415008544922,182.6602005004883,0.009283114886698427,0.009992775961335569,3.4400024414062216,2.9899902343749716,30630620.0
2024-06-11,187.22999572753903,187.7700042724609,184.5399932861328,187.05999755859372,27265100,187.05999755859372,176.44000244140625,187.47999572753903,187.22999572753903,179.2100067138672,189.88999938964844,183.7899932861328,173.8699951171875,186.92999267578125,184.07000732421875,178.3000030517578,189.16000366210935,0.0009087895389929823,0.0009083768397987709,0.014975553234585659,-0.016060700229647673,184.9739990234375,182.7745002746582,182.785400390625,0.010001786497909457,0.009930305857767061,3.2300109863280966,0.1699981689453125,30643960.0
2024-06-12,186.88999938964844,188.3500061035156,185.42999267578125,188.0200042724609,33984200,187.22999572753903,178.33999633789062,186.57000732421875,187.7700042724609,178.6999969482422,188.30999755859372,184.5399932861328,175.9199981689453,185.3600006103516,187.05999755859372,177.6999969482422,188.0,-0.0018159287809063063,-0.0018175795783647649,0.0009087895389929823,0.01076849847083472,186.09599914550782,182.7654998779297,182.90940032958986,0.010885933846970173,0.009922652825818128,2.9200134277343466,-1.1300048828124716,31017520.0
2024-06-13,183.8300018310547,187.6699981689453,182.6699981689453,186.08999633789065,39721500,186.88999938964844,179.33999633789062,187.07000732421875,188.3500061035156,179.82000732421875,187.72000122070312,185.42999267578125,176.44000244140625,183.4499969482422,188.0200042724609,177.63999938964844,183.82000732421875,-0.016373254687715777,-0.016508777761010902,-0.0018159287809063063,0.00560726713319748,185.86199951171875,182.65749969482422,182.93780029296875,0.01121803040832785,0.010512715429782132,5.0,-2.259994506835966,32687580.0
2024-06-14,183.66000366210935,183.72000122070312,182.22999572753903,183.0800018310547,25456400,183.8300018310547,181.27999877929688,185.9900054931641,187.6699981689453,181.5,186.72000122070312,182.6699981689453,178.75,182.72999572753903,186.08999633789065,180.10000610351562,185.97000122070312,-0.0009247574783879386,-0.0009251853303780781,-0.016373254687715777,0.010817455564965828,185.73399963378907,182.65899963378905,183.01100036621094,0.01112703099478571,0.010118400255462904,1.490005493164091,0.5800018310546591,32174560.0
2024-06-17,184.05999755859372,185.0,181.22000122070312,182.5200042724609,35601900,183.66000366210935,185.0,183.6300048828125,183.72000122070312,185.0,187.30999755859372,182.22999572753903,181.4900054931641,183.4600067138672,183.0800018310547,181.75,185.6000061035156,0.002177904217078641,0.002175536021534634,-0.0009247574783879386,0.020520748266509736,185.13399963378905,182.62699966430665,182.99080017089844,0.007523810163424928,0.010041486726521859,3.779998779296875,1.5399932861328125,32405820.0
2024-06-18,182.80999755859372,184.2899932861328,181.42999267578125,183.7400054931641,36659200,184.05999755859372,184.3000030517578,184.6999969482422,185.0,186.2899932861328,185.3000030517578,181.22000122070312,183.3600006103516,183.3500061035156,182.5200042724609,184.8999938964844,183.75999450683597,-0.006791263808433312,-0.006814429382413544,0.002177904217078641,-0.003783767287795614,184.24999999999997,182.5904998779297,182.9432000732422,0.007254374809845611,0.010058599698132716,2.8600006103515625,-0.9300079345703693,34284640.0
2024-06-20,186.1000061035156,186.50999450683597,182.72000122070312,182.91000366210935,44726800,182.80999755859372,187.05999755859372,183.5399932861328,184.2899932861328,187.22999572753903,186.6699981689453,181.42999267578125,183.7899932861328,183.27999877929688,183.7400054931641,184.07000732421875,184.33999633789065,0.017996874289478493,0.017836847681061675,-0.006791263808433312,0.014975553234585659,184.09200134277341,182.73800048828122,182.9518002319336,0.012655295358693438,0.010827709525990402,3.789993286132841,3.19000244140625,36433160.0
2024-06-21,189.0800018310547,189.27999877929688,185.8600006103516,187.8000030517578,70792500,186.1000061035156,187.22999572753903,183.1499938964844,186.50999450683597,187.7700042724609,183.25999450683597,182.72000122070312,184.5399932861328,180.75,182.91000366210935,187.05999755859372,182.3000030517578,0.01601287280926522,0.015886019163884733,0.017996874289478493,0.0009087895389929823,185.14200134277343,183.03550033569334,183.01440032958985,0.010838502477091458,0.011340161898437175,3.419998168945284,1.279998779296875,42647360.0
2024-06-24,185.57000732421875,191.0,185.3300018310547,189.3300018310547,50610400,189.0800018310547,186.88999938964844,183.1300048828125,189.27999877929688,188.3500061035156,185.22000122070312,185.8600006103516,185.42999267578125,181.97000122070312,187.8000030517578,188.0200042724609,183.8800048828125,-0.0185635417434159,-0.018738006784044702,0.01601287280926522,-0.0018159287809063063,185.5240020751953,183.2615005493164,182.94480041503905,0.015429671766452439,0.01187728040466659,5.6699981689453125,-3.7599945068359375,47678160.0
2024-06-25,186.33999633789065,188.83999633789065,185.4199981689453,186.80999755859372,45366400,185.57000732421875,183.8300018310547,181.0500030517578,191.0,187.6699981689453,184.75999450683597,185.3300018310547,182.6699981689453,180.0800018310547,189.3300018310547,186.08999633789065,183.66000366210935,0.004149318226444931,0.004140733544431425,-0.0185635417434159,-0.016373254687715777,185.9800018310547,183.54100036621094,182.94900024414062,0.015455201018168219,0.01187214084294771,3.419998168945341,-0.47000122070306816,49631060.0
2024-06-26,193.6100006103516,194.8000030517578,186.25999450683597,186.9199981689453,65103900,186.33999633789065,183.66000366210935,180.75,188.83999633789065,183.72000122070312,182.44000244140625,185.4199981689453,182.22999572753903,180.3000030517578,186.80999755859372,183.0800018310547,181.6499938964844,0.03901472799901873,0.03827288718411035,0.004149318226444931,-0.0009247574783879386,188.14000244140624,184.1140007019043,183.1488003540039,0.021078651441479423,0.014494600133119945,8.540008544921847,6.690002441406278,55320000.0
2024-06-27,197.8500061035156,199.83999633789065,194.1999969482422,195.00999450683597,74397500,193.6100006103516,184.05999755859372,182.1499938964844,194.8000030517578,185.0,182.2400054931641,186.25999450683597,181.22000122070312,179.49000549316406,186.9199981689453,182.5200042724609,179.92999267578125,0.02189972356695158,0.0216633691270863,0.03901472799901873,0.002177904217078641,190.49000244140626,184.90550079345704,183.43940032958983,0.021438303085673287,0.01504839339279067,5.639999389648466,2.8400115966796307,61254140.0
2024-06-28,193.25,198.8500061035156,192.5,197.72999572753903,76930200,197.8500061035156,182.80999755859372,182.0200042724609,199.83999633789065,184.2899932861328,184.0800018310547,194.1999969482422,181.42999267578125,181.5500030517578,195.00999450683597,183.7400054931641,181.6999969482422,-0.023249966952787804,-0.02352451121310847,0.02189972356695158,-0.006791263808433312,191.32400207519532,185.60200042724608,183.6788003540039,0.026438678352214792,0.015714133955159658,6.350006103515597,-4.479995727539034,62481680.0
2024-07-01,197.1999969482422,198.3000030517578,192.82000732421875,193.4900054931641,41192000,193.25,186.1000061035156,179.32000732421875,198.8500061035156,186.50999450683597,181.33999633789065,192.5,182.72000122070312,178.36000061035156,197.72999572753903,182.91000366210935,181.30999755859372,0.02043982896891161,0.020233739225558187,-0.023249966952787804,0.017996874289478493,193.65,186.6400001525879,184.03840026855468,0.02346384650800072,0.015394585842554952,5.4799957275390625,3.7099914550780966,60598000.0
2024-07-02,200.0,200.42999267578125,195.92999267578125,197.27999877929688,45600000,197.1999969482422,189.0800018310547,176.44000244140625,198.3000030517578,189.27999877929688,179.2100067138672,192.82000732421875,185.8600006103516,173.8699951171875,193.4900054931641,187.8000030517578,178.3000030517578,0.014198798656638534,0.01409893985494711,0.02043982896891161,0.01601287280926522,196.3820007324219,187.72300033569337,184.54580017089845,0.023000827920646668,0.015473061111972749,4.5,2.720001220703125,60644720.0
2024-07-03,197.58999633789065,200.02999877929688,196.75999450683597,199.94000244140625,31597900,200.0,185.57000732421875,178.33999633789062,200.42999267578125,191.0,178.6999969482422,195.92999267578125,185.3300018310547,175.9199981689453,197.27999877929688,189.3300018310547,177.6999969482422,-0.01205001831054675,-0.012123208336190783,0.014198798656638534,-0.0185635417434159,197.1779998779297,188.63550033569337,184.95300018310547,0.02058239934386298,0.015983615575206157,3.270004272460909,-2.3500061035155966,53943520.0
2024-07-05,200.0,200.5500030517578,198.1699981689453,198.6499938964844,39858900,197.58999633789065,186.33999633789065,179.33999633789062,200.02999877929688,188.83999633789065,179.82000732421875,196.75999450683597,185.4199981689453,176.44000244140625,199.94000244140625,186.80999755859372,177.63999938964844,0.012196992290986808,0.012123208336190851,-0.01205001831054675,0.004149318226444931,197.60799865722657,189.5715003967285,185.36220031738281,0.018889870590718134,0.016013091370078683,2.3800048828125,1.3500061035155966,47035800.0
2024-07-08,199.2899932861328,201.1999969482422,197.9600067138672,200.0399932861328,34767300,200.0,193.6100006103516,181.27999877929688,200.5500030517578,194.8000030517578,181.5,198.1699981689453,186.25999450683597,178.75,198.6499938964844,186.9199981689453,180.10000610351562,-0.0035500335693359197,-0.0035563498917093785,0.012196992290986808,0.03901472799901873,198.8159973144531,190.28600006103517,185.81620025634766,0.013516958330463437,0.015690197911953148,3.239990234375,-0.75,38603220.0
2024-07-09,199.33999633789065,200.57000732421875,199.0500030517578,199.3999938964844,32700100,199.2899932861328,197.8500061035156,185.0,201.1999969482422,199.83999633789065,185.0,197.9600067138672,194.1999969482422,181.4900054931641,200.0399932861328,195.00999450683597,181.75,0.00025090598345323123,0.0002508745118111371,-0.0035500335693359197,0.02189972356695158,199.2439971923828,191.0379997253418,186.32960021972656,0.010998130117219736,0.01561271741981451,1.5200042724609375,-0.05999755859375,36904840.0
2024-07-10,199.7899932861328,200.1100006103516,197.69000244140625,200.0,32883800,199.33999633789065,193.25,184.3000030517578,200.57000732421875,198.8500061035156,186.2899932861328,199.0500030517578,192.5,183.3600006103516,199.3999938964844,197.72999572753903,184.8999938964844,0.002257434315787732,0.002254890139097774,0.00025090598345323123,-0.023249966952787804,199.20199584960938,191.67449951171875,186.73300018310547,0.008825689201919088,0.015401669956356256,2.419998168945341,-0.2100067138671875,34361600.0
2024-07-11,195.0500030517578,200.2700042724609,192.8600006103516,200.08999633789065,44565000,199.7899932861328,197.1999969482422,187.05999755859372,200.1100006103516,198.3000030517578,187.22999572753903,197.69000244140625,192.82000732421875,183.7899932861328,200.0,193.4900054931641,184.07000732421875,-0.023724863074531144,-0.02401082970854252,0.002257434315787732,0.02043982896891161,198.69399719238282,192.06549987792968,187.01480010986327,0.013207939492952448,0.016554034741429052,7.410003662109318,-5.039993286132841,36955020.0
2024-07-12,194.4900054931641,196.47000122070312,193.8300018310547,194.8000030517578,30598500,195.0500030517578,200.0,187.22999572753903,200.2700042724609,200.42999267578125,187.7700042724609,192.8600006103516,195.92999267578125,184.5399932861328,200.08999633789065,197.27999877929688,187.05999755859372,-0.0028710461411535215,-0.002875175499739089,-0.023724863074531144,0.014198798656638534,197.59199829101564,192.44550018310548,187.40460021972658,0.010441579399970178,0.01656910588100124,2.6399993896484375,-0.3099975585937216,35102940.0
2024-07-15,192.72000122070312,196.19000244140625,190.8300018310547,194.55999755859372,40683200,194.4900054931641,197.58999633789065,186.88999938964844,196.47000122070312,200.02999877929688,188.3500061035156,193.8300018310547,196.75999450683597,185.42999267578125,194.8000030517578,199.94000244140625,188.0200042724609,-0.009100746683475047,-0.009142411458262677,-0.0028710461411535215,-0.01205001831054675,196.27799987792972,192.8900001525879,187.67900024414064,0.010473797413991364,0.01621785900674491,5.3600006103515625,-1.8399963378905966,36286120.0
2024-07-16,193.0200042724609,196.6199951171875,192.2400054931641,195.58999633789065,33994700,192.72000122070312,200.0,183.8300018310547,196.19000244140625,200.5500030517578,187.6699981689453,190.8300018310547,198.1699981689453,182.6699981689453,194.55999755859372,198.6499938964844,186.08999633789065,0.0015566783408962337,0.00155546797310713,-0.009100746683475047,0.012196992290986808,195.01400146484374,193.35800018310547,187.84500030517577,0.010702284434550721,0.01619985439475571,4.379989624023409,-2.5699920654297443,36545040.0
2024-07-17,187.92999267578125,191.5800018310547,185.9900054931641,191.3500061035156,48076100,193.0200042724609,199.2899932861328,183.66000366210935,196.6199951171875,201.1999969482422,183.72000122070312,192.2400054931641,197.9600067138672,182.22999572753903,195.58999633789065,200.0399932861328,183.0800018310547,-0.02637038381521717,-0.02672431851841202,0.0015566783408962337,-0.0035500335693359197,192.64200134277343,193.55149993896484,187.87940002441405,0.012444428947883676,0.017449687771481696,5.589996337890597,-3.4200134277343466,39583500.0
2024-07-18,183.75,189.67999267578125,181.4499969482422,189.58999633789065,51043600,187.92999267578125,199.33999633789065,184.05999755859372,191.5800018310547,200.57000732421875,185.0,185.9900054931641,199.0500030517578,181.22000122070312,191.3500061035156,199.3999938964844,182.5200042724609,-0.022242286163404512,-0.022493376002440963,-0.02637038381521717,0.00025090598345323123,190.3820007324219,193.59850006103517,187.78040008544923,0.012111464736234886,0.01814941531831891,8.229995727539062,-5.839996337890653,40879220.0
2024-07-19,183.1300048828125,184.92999267578125,180.11000061035156,181.13999938964844,43081800,183.75,199.7899932861328,182.80999755859372,189.67999267578125,200.1100006103516,184.2899932861328,181.4499969482422,197.69000244140625,181.42999267578125,189.58999633789065,200.0,183.7400054931641,-0.0033741230867346816,-0.0033798282769946274,-0.022242286163404512,0.002257434315787732,188.11000061035156,193.45000000000002,187.66780029296876,0.012020433525883285,0.017682758897495605,4.8199920654296875,1.9900054931640625,43375880.0
2024-07-22,182.5500030517578,185.05999755859372,182.47999572753903,185.0,39931900,183.1300048828125,195.0500030517578,186.1000061035156,184.92999267578125,200.2700042724609,186.50999450683597,180.11000061035156,192.8600006103516,182.72000122070312,181.13999938964844,200.08999633789065,182.91000366210935,-0.003167158934036185,-0.003172184996925187,-0.0033741230867346816,-0.023724863074531144,186.0760009765625,193.12350006103517,187.5588003540039,0.012643394890087744,0.01724587017055445,2.5800018310546875,-2.4499969482421875,43225620.0
2024-07-23,186.41000366210935,189.38999938964844,183.55999755859372,184.1000061035156,47537700,182.5500030517578,194.4900054931641,189.0800018310547,185.05999755859372,196.47000122070312,189.27999877929688,182.47999572753903,193.8300018310547,185.8600006103516,185.0,194.8000030517578,187.8000030517578,0.021144894800451564,0.020924443707583142,-0.003167158934036185,-0.0028710461411535215,184.75400085449218,193.1654998779297,187.4970004272461,0.018889914110872215,0.017476151442842612,5.830001831054716,2.30999755859375,45934220.0
2024-07-24,180.8300018310547,185.4499969482422,180.41000366210935,183.1999969482422,41532400,186.41000366210935,192.72000122070312,185.57000732421875,189.38999938964844,196.19000244140625,191.0,183.55999755859372,190.8300018310547,185.3300018310547,184.1000061035156,194.55999755859372,189.3300018310547,-0.029934025650088403,-0.03039119500388646,0.021144894800451564,-0.009100746683475047,183.33400268554686,192.8900001525879,187.36400054931642,0.019855388571480292,0.018706736889208375,5.039993286132841,-2.3699951171875,44625480.0
2024-07-25,179.85000610351562,183.8999938964844,176.8000030517578,182.91000366210935,44464200,180.8300018310547,193.0200042724609,186.33999633789065,185.4499969482422,196.6199951171875,188.83999633789065,180.41000366210935,192.2400054931641,185.4199981689453,183.1999969482422,195.58999633789065,186.80999755859372,-0.005419431054668911,-0.005434169444389781,-0.029934025650088403,0.0015566783408962337,182.55400390625,192.2020004272461,187.22960052490234,0.018081946095715843,0.016122676024654704,7.099990844726591,-3.0599975585937216,43309600.0
2024-07-26,182.5,183.19000244140625,180.2400054931641,180.38999938964844,29506000,179.85000610351562,187.92999267578125,193.6100006103516,183.8999938964844,191.5800018310547,194.8000030517578,176.8000030517578,185.9900054931641,186.25999450683597,182.91000366210935,191.3500061035156,186.9199981689453,0.014734466536293178,0.014626968944213104,-0.005419431054668911,-0.02637038381521717,182.4280029296875,191.43450012207032,187.13820037841796,0.019989139899352793,0.015598348809708552,2.949996948242159,2.1100006103515625,40594440.0
2024-07-29,183.1999969482422,184.75,182.3800048828125,183.83999633789065,33270100,182.5,183.75,197.8500061035156,183.19000244140625,189.67999267578125,199.83999633789065,180.2400054931641,181.4499969482422,194.1999969482422,180.38999938964844,189.58999633789065,195.00999450683597,0.003835599716395466,0.0038282625594168156,0.014734466536293178,-0.022242286163404512,182.55800170898436,190.93199996948243,187.08240020751953,0.020003340258291768,0.014995333454484859,2.3699951171875,-0.6399993896484659,39262080.0
2024-07-30,181.7100067138672,185.8600006103516,179.3800048828125,184.72000122070312,39508600,183.1999969482422,183.1300048828125,193.25,184.75,184.92999267578125,198.8500061035156,182.3800048828125,180.11000061035156,192.5,183.83999633789065,181.13999938964844,197.72999572753903,-0.008133134602594794,-0.008166388972744573,0.003835599716395466,-0.0033741230867346816,181.61800231933594,190.15750045776366,187.04400024414062,0.016577195843793996,0.014018071565407898,6.479995727539091,-3.0099945068359375,37656260.0
2024-07-31,186.97999572753903,187.94000244140625,184.4600067138672,185.0500030517578,41667300,181.7100067138672,182.5500030517578,197.1999969482422,185.8600006103516,185.05999755859372,198.3000030517578,179.3800048828125,182.47999572753903,192.82000732421875,184.72000122070312,185.0,193.4900054931641,0.029002194810164417,0.02858958980412218,-0.008133134602594794,-0.003167158934036185,182.8480010986328,189.50650024414062,187.08960021972655,0.015305177305594185,0.015355881353577511,3.4799957275390625,1.9299926757812216,37683240.0
2024-08-01,184.07000732421875,190.6000061035156,181.8699951171875,189.2899932861328,70435600,186.97999572753903,186.41000366210935,200.0,187.94000244140625,189.38999938964844,200.42999267578125,184.4600067138672,183.55999755859372,195.92999267578125,185.0500030517578,184.1000061035156,197.27999877929688,-0.015563100170141286,-0.01568547657831172,0.029002194810164417,0.021144894800451564,183.69200134277344,188.83050079345702,187.10020050048828,0.01779949909540144,0.01548144645495608,8.730010986328097,-5.2199859619140625,42877520.0
2024-08-05,161.02000427246094,162.9600067138672,151.61000061035156,154.2100067138672,83149400,167.89999389648438,179.85000610351562,200.0,168.77000427246094,183.8999938964844,200.5500030517578,160.5500030517578,176.8000030517578,198.1699981689453,166.75,182.91000366210935,198.6499938964844,-0.04097671157906757,-0.041839920325843556,-0.0878470841762542,-0.005419431054668911,176.33600158691405,185.31200103759767,186.35300048828125,0.04328497202030394,0.025028900694300093,11.350006103515625,6.80999755859375,75241860.0
2024-08-06,161.92999267578125,165.0800018310547,158.5399932861328,161.7100067138672,59950800,161.02000427246094,182.5,199.2899932861328,162.9600067138672,183.19000244140625,201.1999969482422,151.61000061035156,180.2400054931641,197.9600067138672,154.2100067138672,180.38999938964844,200.0399932861328,0.005651399696776416,0.005635490449044775,-0.04097671157906757,0.014734466536293178,172.37999877929687,183.44150085449218,185.97060028076172,0.04500888054403161,0.025177378560302135,6.540008544921875,0.2199859619140625,79330300.0
2024-08-07,162.77000427246094,167.5800018310547,161.42999267578125,166.5500030517578,48408200,161.92999267578125,183.1999969482422,199.33999633789065,165.0800018310547,184.75,200.57000732421875,158.5399932861328,182.3800048828125,199.0500030517578,161.7100067138672,183.83999633789065,199.3999938964844,0.0051874985158653075,0.005174089797253657,0.005651399696776416,0.003835599716395466,167.53800048828126,181.5905014038086,185.61100036621093,0.03914794406406903,0.025261008257080136,6.1500091552734375,-3.779998779296875,80678480.0
2024-08-08,165.8000030517578,166.69000244140625,162.5500030517578,165.1699981689453,44616200,162.77000427246094,181.7100067138672,199.7899932861328,167.5800018310547,185.8600006103516,200.1100006103516,161.42999267578125,179.3800048828125,197.69000244140625,166.5500030517578,184.72000122070312,200.0,0.018615215947435537,0.0184440734555928,0.0051874985158653075,-0.008133134602594794,163.88399963378907,180.12800140380858,185.2840005493164,0.04423434494312765,0.02580795809405286,4.1399993896484375,0.6300048828125,75514600.0
2024-08-09,166.94000244140625,168.5500030517578,165.85000610351562,166.39999389648438,36401000,165.8000030517578,186.97999572753903,195.0500030517578,166.69000244140625,187.94000244140625,200.2700042724609,162.5500030517578,184.4600067138672,192.8600006103516,165.1699981689453,185.0500030517578,200.08999633789065,0.00687575011257735,0.0068522199395901024,0.018615215947435537,0.029002194810164417,163.69200134277344,178.7505012512207,184.9824005126953,0.023061997515508924,0.0259965444132074,2.6999969482421875,0.540008544921875,54505120.0
2024-08-12,166.8000030517578,168.5500030517578,166.11000061035156,168.13999938964844,30072800,166.94000244140625,184.07000732421875,194.4900054931641,168.5500030517578,190.6000061035156,196.47000122070312,165.85000610351562,181.8699951171875,193.8300018310547,166.39999389648438,189.2899932861328,194.8000030517578,-0.000838620987187122,-0.0008389728264874979,0.00687575011257735,-0.015563100170141286,164.8480010986328,177.45450134277343,184.7320004272461,0.0070962715374976145,0.026031647567763282,2.44000244140625,-1.339996337890625,43889800.0
2024-08-13,170.22999572753906,171.0399932861328,167.10000610351562,167.80999755859375,39237900,166.8000030517578,167.89999389648438,192.72000122070312,168.5500030517578,168.77000427246094,196.19000244140625,166.11000061035156,160.5500030517578,190.8300018310547,168.13999938964844,166.75,194.55999755859372,0.020563504874259175,0.020354930507755713,-0.000838620987187122,-0.0878470841762542,166.50800170898438,176.31500091552735,184.60780029296876,0.009167522236824434,0.026693731305491436,3.9399871826171875,2.4199981689453125,39747220.0
2024-08-14,170.10000610351562,172.27999877929688,168.86000061035156,172.11000061035156,28843800,170.22999572753906,161.02000427246094,193.0200042724609,171.0399932861328,162.9600067138672,196.6199951171875,167.10000610351562,151.61000061035156,192.2400054931641,167.80999755859375,154.2100067138672,195.58999633789065,-0.0007636117446156998,-0.0007639034445704183,0.020563504874259175,-0.04097671157906757,167.9740020751953,175.42350158691406,184.44300048828126,0.010280394312826683,0.026271623078448606,3.4199981689453125,-2.0099945068359375,35834340.0
2024-08-15,177.58999633789062,177.91000366210938,173.99000549316406,174.86000061035156,51698500,170.10000610351562,161.92999267578125,187.92999267578125,172.27999877929688,165.0800018310547,191.5800018310547,168.86000061035156,158.5399932861328,185.9900054931641,172.11000061035156,161.7100067138672,191.3500061035156,0.04403286281963403,0.043090966761615855,-0.0007636117446156998,0.005651399696776416,170.33200073242188,175.1155014038086,184.40800048828126,0.0189337852818989,0.028052910917573955,3.9199981689453125,2.7299957275390625,37250800.0
2024-08-16,177.05999755859375,178.33999633789062,176.25999450683594,177.0399932861328,31489200,177.58999633789062,162.77000427246094,183.75,177.91000366210938,167.5800018310547,189.67999267578125,173.99000549316406,161.42999267578125,181.4499969482422,174.86000061035156,166.5500030517578,189.58999633789065,-0.002984395462729106,-0.002988857651035908,0.04403286281963403,0.0051874985158653075,172.3559997558594,174.81200103759767,184.3236004638672,0.020320617474530463,0.028051543325521008,2.0800018310546875,0.0200042724609375,36268440.0
2024-08-19,178.22000122070312,178.3000030517578,176.16000366210938,177.63999938964844,31129800,177.05999755859375,165.8000030517578,183.1300048828125,178.33999633789062,166.69000244140625,184.92999267578125,176.25999450683594,162.5500030517578,180.11000061035156,177.0399932861328,165.1699981689453,181.13999938964844,0.006551472258579993,0.006530104639669463,-0.002984395462729106,0.018615215947435537,174.63999938964844,174.59550094604492,184.18800048828126,0.019401125984859408,0.028101614170131458,2.1399993896484375,0.5800018310546875,36479840.0
2024-08-20,178.8800048828125,179.00999450683594,177.42999267578125,177.9199981689453,26255200,178.22000122070312,166.94000244140625,182.5500030517578,178.3000030517578,168.5500030517578,185.05999755859372,176.16000366210938,165.85000610351562,182.47999572753903,177.63999938964844,166.39999389648438,185.0,0.003703308593809629,0.0036964682293246748,0.006551472258579993,0.00687575011257735,176.37000122070313,174.21900100708007,184.07960052490233,0.0193272349274717,0.027651346162151702,1.5800018310546875,0.9600067138671875,33883300.0
2024-08-21,180.11000061035156,182.38999938964844,178.88999938964844,179.9199981689453,35599100,178.8800048828125,166.8000030517578,186.41000366210935,179.00999450683594,168.5500030517578,189.38999938964844,177.42999267578125,166.11000061035156,183.55999755859372,177.9199981689453,168.13999938964844,184.1000061035156,0.006876093995775934,0.006852561474421805,0.003703308593809629,-0.000838620987187122,178.37200012207032,174.18300094604493,183.9406005859375,0.018538806625713528,0.026886606688894435,3.5,0.19000244140625,35234360.0
2024-08-22,176.1300048828125,181.47000122070312,175.67999267578125,181.3800048828125,32047500,180.11000061035156,170.22999572753906,180.8300018310547,182.38999938964844,171.0399932861328,185.4499969482422,178.88999938964844,167.10000610351562,180.41000366210935,179.9199981689453,167.80999755859375,183.1999969482422,-0.022097583221652117,-0.02234539227075752,0.006876093995775934,0.020563504874259175,178.0800018310547,173.99700088500975,183.71860076904298,0.012129331618102588,0.027323696456947186,5.790008544921875,-5.25,31304160.0
2024-08-23,177.0399932861328,178.97000122070312,175.24000549316406,177.33999633789062,29150100,176.1300048828125,170.10000610351562,179.85000610351562,181.47000122070312,172.27999877929688,183.8999938964844,175.67999267578125,168.86000061035156,176.8000030517578,181.3800048828125,172.11000061035156,182.91000366210935,0.005166572293719973,0.005153271352930898,-0.022097583221652117,-0.0007636117446156998,178.0760009765625,173.7240005493164,183.52160064697264,0.01243890686838502,0.02712265203280421,3.7299957275390625,-0.3000030517578125,30836340.0
2024-08-26,175.5,177.47000122070312,174.3000030517578,176.6999969482422,22366200,177.0399932861328,177.58999633789062,182.5,178.97000122070312,177.91000366210938,183.19000244140625,175.24000549316406,173.99000549316406,180.2400054931641,177.33999633789062,174.86000061035156,180.38999938964844,-0.00869856159361615,-0.008736614913990125,0.005166572293719973,0.04403286281963403,177.53200073242186,173.3390007019043,183.35500061035157,0.012312141035229674,0.027146015683289323,3.1699981689453125,-1.1999969482421875,29083620.0
2024-08-27,173.1199951171875,174.88999938964844,172.25,174.14999389648438,29842000,175.5,177.05999755859375,183.1999969482422,177.47000122070312,178.33999633789062,184.75,174.3000030517578,176.25999450683594,182.3800048828125,176.6999969482422,177.0399932861328,183.83999633789065,-0.013561281383547064,-0.013654075452589952,-0.00869856159361615,-0.002984395462729106,176.37999877929687,172.9095001220703,183.14420043945313,0.012379437659937353,0.02723981070383039,2.6399993896484375,-1.029998779296875,29800980.0
2024-08-28,170.8000030517578,173.69000244140625,168.9199981689453,173.69000244140625,29045000,173.1199951171875,178.22000122070312,181.7100067138672,174.88999938964844,178.3000030517578,185.8600006103516,172.25,176.16000366210938,179.3800048828125,174.14999389648438,177.63999938964844,184.72000122070312,-0.013401063602498708,-0.013491668231426824,-0.013561281383547064,0.006551472258579993,174.51799926757812,172.10050048828126,182.8790005493164,0.010012199163006674,0.026330289666419534,4.7700042724609375,-2.8899993896484375,28490160.0
2024-08-29,172.1199951171875,174.2899932861328,170.80999755859375,173.22000122070312,26407800,170.8000030517578,178.8800048828125,186.97999572753903,173.69000244140625,179.00999450683594,187.94000244140625,168.9199981689453,177.42999267578125,184.4600067138672,173.69000244140625,177.9199981689453,185.0500030517578,0.007728290643119529,0.007698580379841969,-0.013401063602498708,0.003703308593809629,173.71599731445312,171.50299987792968,182.66520050048828,0.010270384962858878,0.02631518812569197,3.4799957275390625,-1.100006103515625,27362220.0
2024-08-30,178.5,178.89999389648438,172.60000610351562,172.77999877929688,43429400,172.1199951171875,180.11000061035156,184.07000732421875,174.2899932861328,182.38999938964844,190.6000061035156,170.80999755859375,178.88999938964844,181.8699951171875,173.22000122070312,179.9199981689453,189.2899932861328,0.037067191865004956,0.036396721617948,0.007728290643119529,0.006876093995775934,174.00799865722655,172.03300018310546,182.51320037841796,0.02154168590073056,0.018898867536073678,6.29998779296875,5.720001220703125,30218080.0
2024-09-03,176.25,178.25999450683594,175.25999450683594,177.5500030517578,37817500,178.5,176.1300048828125,167.89999389648438,178.89999389648438,181.47000122070312,168.77000427246094,172.60000610351562,175.67999267578125,160.5500030517578,172.77999877929688,181.3800048828125,166.75,-0.012605042016806678,-0.012685159527315687,0.037067191865004956,-0.022097583221652117,174.15799865722656,172.79449996948242,182.25660034179688,0.022082914975080758,0.016290404290279628,3.0,-1.3000030517578125,33308340.0
2024-09-04,173.3300018310547,175.97999572753906,172.5399932861328,174.47999572753906,30309200,176.25,177.0399932861328,161.02000427246094,178.25999450683594,178.97000122070312,162.9600067138672,175.25999450683594,175.24000549316406,151.61000061035156,177.5500030517578,177.33999633789062,154.2100067138672,-0.016567365497562103,-0.016706139175178974,-0.012605042016806678,0.005166572293719973,174.2,173.3645004272461,182.0118002319336,0.022614535765468017,0.016962515331233587,3.44000244140625,-1.149993896484375,33401780.0
2024-09-05,177.88999938964844,179.8800048828125,175.0,175.0,40170500,173.3300018310547,175.5,161.92999267578125,175.97999572753906,177.47000122070312,165.0800018310547,172.5399932861328,174.3000030517578,158.5399932861328,174.47999572753906,176.6999969482422,161.7100067138672,0.026308183871355473,0.025968075788917713,-0.016567365497562103,-0.00869856159361615,175.6179992675781,174.12050018310546,181.84280029296875,0.0234922450896213,0.01771124720873592,4.8800048828125,2.8899993896484375,35626880.0
2024-09-06,171.38999938964844,178.3800048828125,171.16000366210938,177.24000549316406,41466500,177.88999938964844,173.1199951171875,162.77000427246094,179.8800048828125,174.88999938964844,167.5800018310547,175.0,172.25,161.42999267578125,175.0,174.14999389648438,166.5500030517578,-0.03653943460735232,-0.03722372046282126,0.026308183871355473,-0.013561281383547064,175.4720001220703,174.4,181.3984002685547,0.030957633959705317,0.019606446206299474,7.220001220703125,-5.850006103515625,38638620.0
2024-09-09,175.39999389648438,175.85000610351562,173.50999450683594,174.52999877929688,29037400,171.38999938964844,170.8000030517578,165.8000030517578,178.3800048828125,173.69000244140625,166.69000244140625,171.16000366210938,168.9199981689453,162.5500030517578,177.24000549316406,173.69000244140625,165.1699981689453,0.023396899008788496,0.023127387297091972,-0.03653943460735232,-0.013401063602498708,174.85199890136718,174.8229995727539,180.94940002441408,0.027188173526154616,0.020169686399588646,2.3400115966796875,0.8699951171875,35760220.0
2024-09-10,179.5500030517578,180.5,176.7899932861328,177.49000549316406,36233800,175.39999389648438,172.1199951171875,166.94000244140625,175.85000610351562,174.2899932861328,168.5500030517578,173.50999450683594,170.80999755859375,165.85000610351562,174.52999877929688,173.22000122070312,166.39999389648438,0.023660258265018275,0.02338469252840609,0.023396899008788496,0.007728290643119529,175.51199951171876,175.46049957275392,180.6754000854492,0.028839510341468894,0.020682986677323517,3.7100067138671875,2.05999755859375,35443480.0
2024-09-11,184.5200042724609,184.9900054931641,175.72999572753906,180.10000610351562,42564700,179.5500030517578,178.5,166.8000030517578,180.5,178.89999389648438,168.5500030517578,176.7899932861328,172.60000610351562,166.11000061035156,177.49000549316406,172.77999877929688,168.13999938964844,0.027680318219044597,0.027304144175285646,0.023660258265018275,0.037067191865004956,177.75,176.17499999999998,180.4218002319336,0.02769685421965842,0.02104299859933253,9.260009765625028,4.419998168945284,37894580.0
2024-09-12,187.0,187.41000366210935,183.5399932861328,184.8000030517578,33544200,184.5200042724609,176.25,170.22999572753906,184.9900054931641,178.25999450683594,171.0399932861328,175.72999572753906,175.25999450683594,167.10000610351562,180.10000610351562,177.5500030517578,167.80999755859375,0.013440254011034769,0.013350735010507413,0.027680318219044597,-0.012605042016806678,179.5720001220703,177.0199996948242,180.1618002319336,0.026720267263091783,0.02110456621208663,3.870010375976534,2.1999969482421875,36569320.0
2024-09-13,186.4900054931641,188.5,185.91000366210935,187.0,26495400,187.0,173.3300018310547,170.10000610351562,187.41000366210935,175.97999572753906,172.27999877929688,183.5399932861328,172.5399932861328,168.86000061035156,184.8000030517578,174.47999572753906,172.11000061035156,-0.0027272433520636463,-0.0027309690556897217,0.013440254011034769,-0.016567365497562103,182.59200134277344,177.4650001525879,179.93980041503906,0.01225911791859771,0.019036709883796948,2.5899963378906534,-0.5099945068359091,33575100.0
2024-09-16,184.88999938964844,185.80999755859372,183.3600006103516,185.2899932861328,26065500,186.4900054931641,177.88999938964844,177.58999633789062,188.5,179.8800048828125,177.91000366210938,185.91000366210935,175.0,173.99000549316406,187.0,175.0,174.86000061035156,-0.00857958097692424,-0.008616597457795857,-0.0027272433520636463,0.026308183871355473,184.49000244140626,177.85650024414062,179.63760040283202,0.0159358202229005,0.01916408984381314,2.4499969482421307,-0.399993896484375,32980720.0
2024-09-17,186.8800048828125,189.4499969482422,186.13999938964844,186.8500061035156,26091700,184.88999938964844,171.38999938964844,177.05999755859375,185.80999755859372,178.3800048828125,178.33999633789062,183.3600006103516,171.16000366210938,176.25999450683594,185.2899932861328,177.24000549316406,177.0399932861328,0.010763186217390919,0.010705675426824473,-0.00857958097692424,-0.03653943460735232,185.95600280761718,178.28950042724608,179.38940063476562,0.014269164058283011,0.019235808687824322,3.30999755859375,0.02999877929690342,30952300.0
2024-09-18,186.42999267578125,188.8000030517578,185.05999755859372,186.4499969482422,34448100,186.8800048828125,175.39999389648438,178.22000122070312,189.4499969482422,175.85000610351562,178.3000030517578,186.13999938964844,173.50999450683594,176.16000366210938,186.8500061035156,174.52999877929688,177.63999938964844,-0.0024080275860086653,-0.002410931547252041,0.010763186217390919,0.023396899008788496,186.33800048828124,178.66699981689453,179.13120056152343,0.009504343367187456,0.01926505298883633,3.740005493164091,-0.0200042724609375,29328980.0
2024-09-19,189.8699951171875,190.9900054931641,188.47000122070312,190.0399932861328,39543200,186.42999267578125,179.5500030517578,178.8800048828125,188.8000030517578,180.5,179.00999450683594,185.05999755859372,176.7899932861328,177.42999267578125,186.4499969482422,177.49000549316406,177.9199981689453,0.01845197970580159,0.018283807518041345,-0.0024080275860086653,0.023660258265018275,186.91199951171876,179.15499954223634,178.93280059814452,0.011125594912621118,0.019582779464805133,2.520004272460966,-0.1699981689453125,30528780.0
2024-09-20,191.6000061035156,191.83999633789065,187.41000366210935,190.22999572753903,100378600,189.8699951171875,184.5200042724609,180.11000061035156,190.9900054931641,184.9900054931641,182.38999938964844,188.47000122070312,175.72999572753906,178.88999938964844,190.0399932861328,180.10000610351562,179.9199981689453,0.009111555436973173,0.009070295653554335,0.01845197970580159,0.027680318219044597,187.93399963378906,179.9284996032715,178.86380065917967,0.010831257590663187,0.018716687886173533,4.429992675781307,1.3700103759765625,45305420.0
2024-09-23,193.8800048828125,194.4499969482422,190.57000732421875,191.63999938964844,36993100,191.6000061035156,187.0,176.1300048828125,191.83999633789065,187.41000366210935,181.47000122070312,187.41000366210935,183.5399932861328,175.67999267578125,190.22999572753903,184.8000030517578,181.3800048828125,0.011899784481557374,0.011829538769620705,0.009111555436973173,0.013440254011034769,189.73200073242188,180.77050018310547,178.85160064697266,0.007573378871392652,0.01879190295912665,3.8799896240234375,2.2400054931640625,47490940.0
2024-09-24,193.9600067138672,195.3699951171875,190.1300048828125,194.2700042724609,43478900,193.8800048828125,186.4900054931641,177.0399932861328,194.4499969482422,188.5,178.97000122070312,190.57000732421875,185.91000366210935,175.24000549316406,191.63999938964844,187.0,177.33999633789062,0.0004126358007008335,0.00041255068996117736,0.011899784481557374,-0.0027272433520636463,191.14800109863282,181.69350051879883,178.87640075683595,0.008519105148147781,0.01855844696052301,5.239990234375,-0.3099975585937216,50968380.0
2024-09-25,192.52999877929688,193.9499969482422,192.16000366210935,193.75,26391100,193.9600067138672,184.88999938964844,175.5,195.3699951171875,185.80999755859372,177.47000122070312,190.1300048828125,183.3600006103516,174.3000030517578,194.2700042724609,185.2899932861328,176.6999969482422,-0.007372694808574054,-0.007400007450933529,0.0004126358007008335,-0.00857958097692424,192.36800231933594,182.66400070190429,178.86660064697264,0.010103654971790714,0.018279072157379353,1.789993286132841,-1.220001220703125,49356980.0
2024-09-26,191.16000366210935,194.52999877929688,189.5399932861328,194.30999755859372,36334900,192.52999877929688,186.8800048828125,173.1199951171875,193.9499969482422,189.4499969482422,174.88999938964844,192.16000366210935,186.13999938964844,172.25,193.75,186.8500061035156,174.14999389648438,-0.007115748848874226,-0.0071411865336607,-0.007372694808574054,0.010763186217390919,192.62600402832032,183.68200073242187,178.9312008666992,0.008946588329039053,0.017988991794299917,4.9900054931640625,-3.149993896484375,48715320.0
2024-09-27,187.97000122070312,190.8999938964844,187.33999633789065,190.67999267578125,36002300,191.16000366210935,186.42999267578125,170.8000030517578,194.52999877929688,188.8000030517578,173.69000244140625,189.5399932861328,185.05999755859372,168.9199981689453,194.30999755859372,186.4499969482422,173.69000244140625,-0.016687603998192024,-0.016828410744614587,-0.007115748848874226,-0.0024080275860086653,191.9000030517578,184.47450103759766,179.01560089111328,0.010654511827111933,0.01866696083165851,3.55999755859375,-2.709991455078125,35840060.0
2024-09-30,186.3300018310547,188.4900054931641,184.6499938964844,187.13999938964844,41583900,187.97000122070312,189.8699951171875,172.1199951171875,190.8999938964844,190.9900054931641,174.2899932861328,187.33999633789065,188.47000122070312,170.80999755859375,190.67999267578125,190.0399932861328,173.22000122070312,-0.008724793206352333,-0.008763077056375612,-0.016687603998192024,0.01845197970580159,190.39000244140624,184.8660011291504,179.07960083007814,0.006080609645138509,0.01722507297587065,3.8400115966796875,-0.80999755859375,36758220.0
2024-10-01,185.1300048828125,186.19000244140625,183.4499969482422,184.8999938964844,36044900,186.3300018310547,191.6000061035156,178.5,188.4900054931641,191.83999633789065,178.89999389648438,184.6499938964844,187.41000366210935,172.60000610351562,187.13999938964844,190.22999572753903,172.77999877929688,-0.006440170323887107,-0.006460997690134298,-0.008724793206352333,0.009111555436973173,188.6240020751953,185.31000137329102,179.13120086669923,0.0042298517813695894,0.016998164738899094,2.7400054931640625,0.23001098632809658,35271420.0
2024-10-02,184.75999450683597,186.6000061035156,184.0399932861328,184.44000244140625,23704100,185.1300048828125,193.8800048828125,176.25,186.19000244140625,194.4499969482422,178.25999450683594,183.4499969482422,190.57000732421875,175.25999450683594,184.8999938964844,191.63999938964844,177.5500030517578,-0.0019986515757440815,-0.0020006515450769115,-0.006440170323887107,0.011899784481557374,187.07000122070312,185.8815010070801,179.09820068359375,0.005362926781222088,0.016436507185224603,2.560012817382784,0.3199920654297159,34734020.0
2024-10-03,181.9600067138672,183.44000244140625,180.8800048828125,183.0500030517578,30204300,184.75999450683597,193.9600067138672,173.3300018310547,186.6000061035156,195.3699951171875,175.97999572753906,184.0399932861328,190.1300048828125,172.5399932861328,184.44000244140625,194.2700042724609,174.47999572753906,-0.015154729791167942,-0.015270736231763055,-0.0019986515757440815,0.0004126358007008335,185.2300018310547,186.08500137329102,179.12080078125,0.006111828188698789,0.01599417753566437,2.55999755859375,-1.089996337890625,33507900.0
2024-10-04,186.50999450683597,187.6000061035156,183.6000061035156,185.75,40890300,181.9600067138672,192.52999877929688,177.88999938964844,183.44000244140625,193.9499969482422,179.8800048828125,180.8800048828125,192.16000366210935,175.0,183.0500030517578,193.75,175.0,0.02500542770436165,0.024697907897679776,-0.015154729791167942,-0.007372694808574054,184.93800048828126,186.84100112915038,179.2540005493164,0.015538934298747444,0.01415502769572293,4.0,0.7599945068359659,34485500.0
2024-10-07,180.8000030517578,183.6000061035156,180.25,182.9499969482422,42364200,186.50999450683597,191.16000366210935,171.38999938964844,187.6000061035156,194.52999877929688,178.3800048828125,183.6000061035156,189.5399932861328,171.16000366210938,185.75,194.30999755859372,177.24000549316406,-0.03061493551686778,-0.03109336265970453,0.02500542770436165,-0.007115748848874226,183.83200073242188,187.11100158691406,179.22000061035158,0.02041517934941132,0.015421686453632955,3.3500061035155966,-2.149993896484375,34641560.0
2024-10-08,182.72000122070312,183.08999633789065,180.9199981689453,181.9199981689453,26372100,180.8000030517578,187.97000122070312,175.39999389648438,183.6000061035156,190.8999938964844,175.85000610351562,180.25,187.33999633789065,173.50999450683594,182.9499969482422,190.67999267578125,174.52999877929688,0.010619458719785868,0.010563468311108654,-0.03061493551686778,-0.016687603998192024,183.35,187.26950149536134,179.2104006958008,0.021676522192110376,0.014700011466900103,2.169998168945341,0.8000030517578125,32707000.0
2024-10-09,185.1699981689453,185.8500061035156,182.0500030517578,182.82000732421875,26343100,182.72000122070312,186.3300018310547,179.5500030517578,183.08999633789065,188.4900054931641,180.5,180.9199981689453,184.6499938964844,176.7899932861328,181.9199981689453,187.13999938964844,177.49000549316406,0.013408477078997505,0.013319379012842232,0.010619458719785868,-0.008724793206352333,183.43200073242187,187.30200119018554,179.27960052490235,0.022817982723724862,0.013644038017312527,3.800003051757784,2.3499908447265625,33234800.0
2024-10-10,186.6499938964844,188.1300048828125,185.8300018310547,187.1300048828125,27785000,185.1699981689453,185.1300048828125,184.5200042724609,185.8500061035156,186.19000244140625,184.9900054931641,182.0500030517578,183.4499969482422,175.72999572753906,182.82000732421875,184.8999938964844,180.10000610351562,0.007992632403596822,0.00796086049904925,0.013408477078997505,-0.006440170323887107,184.3699981689453,187.28450088500978,179.27300048828124,0.02109193686586639,0.013419692185181673,2.3000030517578125,-0.4800109863280966,32750940.0
2024-10-11,188.82000732421875,189.92999267578125,186.3000030517578,186.6300048828125,25751600,186.6499938964844,184.75999450683597,187.0,188.1300048828125,186.6000061035156,187.41000366210935,185.8300018310547,184.0399932861328,183.5399932861328,187.1300048828125,184.44000244140625,184.8000030517578,0.011626110360002606,0.011559046433524522,0.007992632403596822,-0.0019986515757440815,184.83200073242188,187.4010009765625,179.36800048828124,0.01867429909837533,0.01364846348678329,3.6299896240234375,2.19000244140625,29723200.0
2024-10-14,187.5399932861328,189.8300018310547,187.3600006103516,189.77999877929688,22614400,188.82000732421875,181.9600067138672,186.4900054931641,189.92999267578125,183.44000244140625,188.5,186.3000030517578,180.8800048828125,185.91000366210935,186.6300048828125,183.0500030517578,187.0,-0.006779016992029097,-0.006802098901968148,0.011626110360002606,-0.015154729791167942,186.17999877929688,187.53350067138672,179.76080047607422,0.008150444057936548,0.013589776612139094,2.4700012207030966,-2.2400054931640625,25773240.0
2024-10-15,187.69000244140625,188.41000366210935,184.5800018310547,187.6300048828125,32178900,187.5399932861328,186.50999450683597,184.88999938964844,189.8300018310547,187.6000061035156,185.80999755859372,187.3600006103516,183.6000061035156,183.3600006103516,189.77999877929688,185.75,185.2899932861328,0.0007998782160802964,0.0007995584839864811,-0.006779016992029097,0.02500542770436165,187.1739990234375,187.5740005493164,180.29420043945314,0.00835330789390002,0.013386412943039919,3.830001831054659,0.05999755859375,26934600.0
2024-10-16,186.88999938964844,187.77999877929688,185.6100006103516,187.0500030517578,23456800,187.69000244140625,180.8000030517578,186.8800048828125,188.41000366210935,183.6000061035156,189.4499969482422,184.5800018310547,180.25,186.13999938964844,187.6300048828125,182.9499969482422,186.8500061035156,-0.004262363692000948,-0.0042714734594326426,0.0007998782160802964,-0.03061493551686778,187.51799926757812,187.59700088500978,180.79340057373048,0.007845774475970783,0.01341256412691391,2.169998168945284,-0.160003662109375,26357340.0
2024-10-17,187.52999877929688,188.94000244140625,186.0,188.22000122070312,25039400,186.88999938964844,182.72000122070312,186.42999267578125,187.77999877929688,183.08999633789065,188.8000030517578,185.6100006103516,180.9199981689453,185.05999755859372,187.0500030517578,181.9199981689453,186.4499969482422,0.0034244710350397334,0.003418620886077508,-0.004262363692000948,0.010619458719785868,187.69400024414062,187.48000106811523,181.2886004638672,0.007194279267741985,0.012740895895988478,2.94000244140625,-0.69000244140625,25808220.0
2024-10-18,188.9900054931641,190.7400054931641,186.27999877929688,187.1499938964844,37417700,187.52999877929688,185.1699981689453,189.8699951171875,188.94000244140625,185.8500061035156,190.9900054931641,186.0,182.0500030517578,188.47000122070312,188.22000122070312,182.82000732421875,190.0399932861328,0.007785456851548744,0.007755306570388279,0.0034244710350397334,0.013408477078997505,187.72799987792968,187.3495010375977,181.75240051269532,0.005850542527845687,0.012691365178284059,4.460006713867216,1.8400115966796875,28141440.0
2024-10-21,189.07000732421875,189.4600067138672,186.3999938964844,188.0500030517578,24639400,188.9900054931641,186.6499938964844,191.6000061035156,190.7400054931641,188.1300048828125,191.83999633789065,186.27999877929688,185.8300018310547,187.41000366210935,187.1499938964844,187.1300048828125,190.22999572753903,0.00042331249658356107,0.00042322292512559934,0.007785456851548744,0.007992632403596822,188.03400268554688,187.109001159668,182.19500061035157,0.004415168059640744,0.012350919249961852,3.060012817382784,1.0200042724609375,28546440.0
2024-10-22,189.6999969482422,191.5200042724609,186.97999572753903,188.3500061035156,29650600,189.07000732421875,188.82000732421875,193.8800048828125,189.4600067138672,189.92999267578125,194.4499969482422,186.3999938964844,186.3000030517578,190.57000732421875,188.0500030517578,186.6300048828125,191.63999938964844,0.003332044214411578,0.0033265052557146266,0.00042331249658356107,0.011626110360002606,188.43600158691407,186.89600067138673,182.65300048828124,0.004440700773367982,0.012387961591595999,4.540008544921875,1.349990844726591,28040780.0
2024-10-23,184.7100067138672,189.16000366210935,183.69000244140625,188.8500061035156,31937100,189.6999969482422,187.5399932861328,193.9600067138672,191.5200042724609,189.8300018310547,195.3699951171875,186.97999572753903,187.3600006103516,190.1300048828125,188.3500061035156,189.77999877929688,194.2700042724609,-0.026304640562205495,-0.026656796914304174,0.003332044214411578,-0.006779016992029097,188.0000030517578,186.50500106811526,182.9426007080078,0.013691602980860685,0.013564998259548941,5.470001220703097,-4.139999389648409,29736840.0
2024-10-24,186.3800048828125,187.1100006103516,183.8600006103516,185.25,21647400,184.7100067138672,187.69000244140625,192.52999877929688,189.16000366210935,188.41000366210935,193.9499969482422,183.69000244140625,184.5800018310547,192.16000366210935,188.8500061035156,187.6300048828125,193.75,0.009041189476714617,0.009000562616286057,-0.026304640562205495,0.0007998782160802964,187.77000427246094,186.26600112915042,183.26820068359376,0.014482943042772374,0.013723430576784861,3.25,1.1300048828125,29058440.0
2024-10-25,187.8300018310547,190.4499969482422,187.52999877929688,187.8500061035156,29362100,186.3800048828125,186.88999938964844,191.16000366210935,187.1100006103516,187.77999877929688,194.52999877929688,183.8600006103516,185.6100006103516,189.5399932861328,185.25,187.0500030517578,194.30999755859372,0.007779788122410869,0.00774968161813032,0.009041189476714617,-0.004262363692000948,187.53800354003906,186.259001159668,183.47300079345703,0.014482069423111688,0.013353402366809302,2.9199981689453125,-0.02000427246090908,27447320.0
2024-10-28,188.38999938964844,190.2100067138672,188.2100067138672,189.57000732421875,27930800,187.8300018310547,187.52999877929688,187.97000122070312,190.4499969482422,188.94000244140625,190.8999938964844,187.52999877929688,186.0,187.33999633789065,187.8500061035156,188.22000122070312,190.67999267578125,0.002981406341556969,0.0029769707636567114,0.007779788122410869,0.0034244710350397334,187.402001953125,186.36200103759768,183.6996008300781,0.01459609175917746,0.013204357718372715,2.0,-1.1800079345703125,28105600.0
2024-10-29,190.8300018310547,191.4600067138672,187.82000732421875,188.5800018310547,35690200,188.38999938964844,188.9900054931641,186.3300018310547,190.2100067138672,190.7400054931641,188.4900054931641,188.2100067138672,186.27999877929688,184.6499938964844,189.57000732421875,187.1499938964844,187.13999938964844,0.012951868195294036,0.01286871001658346,0.002981406341556969,0.007785456851548744,187.6280029296875,186.6470008850098,183.95180084228517,0.015831317863032796,0.0133685775200095,3.6399993896484375,2.25,29313520.0
2024-10-30,192.72999572753903,195.6100006103516,192.4199981689453,194.6999969482422,37707600,190.8300018310547,189.07000732421875,185.1300048828125,191.4600067138672,189.4600067138672,186.19000244140625,187.82000732421875,186.3999938964844,183.4499969482422,188.5800018310547,188.0500030517578,184.8999938964844,0.009956473710912794,0.009907234588807516,0.012951868195294036,0.00042331249658356107,189.23200073242188,187.04550094604494,184.22880065917968,0.003646849057325832,0.013465988694430301,3.1900024414062784,-1.9700012207031534,30467620.0
2024-10-31,186.3999938964844,190.6000061035156,185.22999572753903,190.50999450683597,75146800,192.72999572753903,189.6999969482422,184.75999450683597,195.6100006103516,191.5200042724609,186.6000061035156,192.4199981689453,186.97999572753903,184.0399932861328,194.6999969482422,188.3500061035156,184.44000244140625,-0.032843885079535395,-0.033395354035536236,0.009956473710912794,0.003332044214411578,189.23599853515626,187.26750030517582,184.35460052490234,0.01880744927292392,0.015142460128162071,5.3700103759765625,-4.1100006103515625,41167500.0
2024-11-01,197.92999267578125,200.5,197.0200042724609,199.0,99687800,186.3999938964844,184.7100067138672,181.9600067138672,190.6000061035156,189.16000366210935,183.44000244140625,185.22999572753903,183.69000244140625,180.8800048828125,190.50999450683597,188.8500061035156,183.0500030517578,0.06185621865256041,0.060018526321249224,-0.032843885079535395,-0.026304640562205495,191.25599670410156,187.83850021362304,184.7906002807617,0.03382985330199354,0.01972522604289729,3.479995727539091,-1.07000732421875,55232640.0
2024-11-04,195.77999877929688,197.3300018310547,194.30999755859372,196.4499969482422,38492100,197.92999267578125,186.3800048828125,186.50999450683597,200.5,187.1100006103516,187.6000061035156,197.0200042724609,183.8600006103516,183.6000061035156,199.0,185.25,185.75,-0.01086239567545566,-0.01092182223034851,0.06185621865256041,0.009041189476714617,192.73399658203124,188.5875,185.165400390625,0.03518746226760527,0.01839483758154719,3.020004272460966,-0.6699981689453125,57344900.0
2024-11-05,199.5,199.82000732421875,195.9900054931641,196.0399932861328,30564800,195.77999877929688,187.8300018310547,180.8000030517578,197.3300018310547,190.4499969482422,183.6000061035156,194.30999755859372,187.52999877929688,180.25,196.4499969482422,187.8500061035156,182.9499969482422,0.0190009257528736,0.018822662731709527,-0.01086239567545566,0.007779788122410869,194.4679962158203,189.42649993896484,185.645400390625,0.035493839305181685,0.018643859170735227,3.830001831054659,3.4600067138671875,56319820.0
2024-11-06,207.08999633789065,207.5500030517578,199.13999938964844,200.00999450683597,72292200,199.5,188.38999938964844,182.72000122070312,199.82000732421875,190.2100067138672,183.08999633789065,195.9900054931641,188.2100067138672,180.9199981689453,196.0399932861328,189.57000732421875,181.9199981689453,0.03804509442551707,0.03733922736991464,0.0190009257528736,0.002981406341556969,197.33999633789065,190.52249984741212,186.32480041503905,0.03775076880025645,0.020021853997728243,8.410003662109375,7.0800018310546875,63236740.0
2024-11-07,210.0500030517578,212.25,207.19000244140625,207.44000244140625,52878400,207.08999633789065,190.8300018310547,185.1699981689453,207.5500030517578,191.4600067138672,185.8500061035156,199.13999938964844,187.82000732421875,182.0500030517578,200.00999450683597,188.5800018310547,182.82000732421875,0.01429333510169939,0.014192148444279072,0.03804509442551707,0.012951868195294036,202.06999816894532,191.69250030517577,187.10980041503908,0.02722069958204783,0.020107601600133036,5.05999755859375,2.6100006103515625,58783060.0
2024-11-08,208.17999267578125,209.9600067138672,207.44000244140625,209.72000122070312,36075800,210.0500030517578,192.72999572753903,186.6499938964844,212.25,195.6100006103516,188.1300048828125,207.19000244140625,192.4199981689453,185.8300018310547,207.44000244140625,194.6999969482422,187.1300048828125,-0.008902691496347037,-0.008942557238934116,0.01429333510169939,0.009956473710912794,204.1199981689453,192.6604995727539,187.83100036621093,0.02048189656227165,0.020334016072506348,2.5200042724609375,-1.540008544921875,46060660.0
2024-11-11,206.83999633789065,209.6499938964844,205.58999633789065,208.5,35456000,208.17999267578125,186.3999938964844,188.82000732421875,209.9600067138672,190.6000061035156,189.92999267578125,207.44000244140625,185.22999572753903,186.3000030517578,209.72000122070312,190.50999450683597,186.6300048828125,-0.006436720074140423,-0.006457525082191674,-0.008902691496347037,-0.032843885079535395,206.33199768066407,193.6254997253418,188.39780029296875,0.01940524645384873,0.020323645413902303,4.05999755859375,-1.6600036621093466,45453440.0
2024-11-12,208.91000366210935,209.5399932861328,206.00999450683597,208.3699951171875,38942900,206.83999633789065,197.92999267578125,187.5399932861328,209.6499938964844,200.5,189.8300018310547,205.58999633789065,197.0200042724609,187.3600006103516,208.5,199.0,189.77999877929688,0.01000777103494599,0.009958024917574623,-0.006436720074140423,0.06185621865256041,208.21399841308593,194.68649978637694,189.05100036621093,0.01891193907426129,0.02032533095327362,3.5299987792968466,0.5400085449218466,47129060.0
2024-11-13,214.1000061035156,215.08999633789065,209.13999938964844,209.3999938964844,46212900,208.91000366210935,195.77999877929688,187.69000244140625,209.5399932861328,197.3300018310547,188.41000366210935,206.00999450683597,194.30999755859372,184.5800018310547,208.3699951171875,196.4499969482422,187.6300048828125,0.024843245179395845,0.024539669362855586,0.01000777103494599,-0.01086239567545566,209.61600036621093,196.0470001220703,189.86640045166016,0.014263381711684087,0.020624559155752623,5.949996948242216,4.700012207031193,41913200.0
2024-11-14,211.47999572753903,215.8999938964844,210.8800048828125,214.16000366210935,42620300,214.1000061035156,199.5,186.88999938964844,215.08999633789065,199.82000732421875,187.77999877929688,209.13999938964844,195.9900054931641,185.6100006103516,209.3999938964844,196.0399932861328,187.0500030517578,-0.012237320417028852,-0.012312812938838414,0.024843245179395845,0.0190009257528736,209.9019989013672,197.24449996948243,190.53820037841797,0.015630103663363457,0.021060920293784216,5.019989013671903,-2.6800079345703125,39861580.0
2024-11-15,202.6100006103516,207.33999633789065,199.6100006103516,206.75999450683597,86591100,211.47999572753903,207.08999633789065,187.52999877929688,215.8999938964844,207.5500030517578,188.94000244140625,210.8800048828125,199.13999938964844,186.0,214.16000366210935,200.00999450683597,188.22000122070312,-0.04194247823144048,-0.04284745921407231,-0.012237320417028852,0.03804509442551707,208.78800048828126,197.9254997253418,191.16260040283203,0.025174019070896763,0.02364513872475974,7.7299957275390625,-4.149993896484375,49964640.0
2024-11-18,201.6999969482422,204.6699981689453,200.9499969482422,204.1499938964844,36409900,202.6100006103516,210.0500030517578,188.9900054931641,207.33999633789065,212.25,190.7400054931641,199.6100006103516,207.19000244140625,186.27999877929688,206.75999450683597,207.44000244140625,187.1499938964844,-0.004491405455644193,-0.004501522120521958,-0.04194247823144048,0.01429333510169939,207.76000061035157,198.55699920654297,191.68860046386717,0.025164251707837208,0.02370697957624095,3.720001220703125,-2.449996948242216,50155420.0
2024-11-19,204.6100006103516,205.3000030517578,198.77999877929688,199.3300018310547,31197900,201.6999969482422,208.17999267578125,189.07000732421875,204.6699981689453,209.9600067138672,189.4600067138672,200.9499969482422,207.44000244140625,186.3999938964844,204.1499938964844,209.72000122070312,188.0500030517578,0.014427385751801136,0.014324301331484211,-0.004491405455644193,-0.008902691496347037,206.9,199.30249938964843,192.18980041503906,0.025880282344567792,0.023832248938420304,6.5200042724609375,5.279998779296903,48606420.0
2024-11-20,202.8800048828125,203.1300048828125,199.4499969482422,202.97999572753903,32769000,204.6100006103516,206.83999633789065,189.6999969482422,205.3000030517578,209.6499938964844,191.5200042724609,198.77999877929688,205.58999633789065,186.97999572753903,199.3300018310547,208.5,188.3500061035156,-0.008455088814713463,-0.00849103584511627,0.014427385751801136,-0.006436720074140423,204.65599975585937,200.21099929809571,192.5570004272461,0.020330391273454887,0.022953382018602232,3.6800079345703125,-0.09999084472653408,45917640.0
2024-11-21,198.3800048828125,203.4900054931641,195.75,203.4900054931641,58800000,202.8800048828125,208.91000366210935,184.7100067138672,203.1300048828125,209.5399932861328,189.16000366210935,199.4499969482422,206.00999450683597,183.69000244140625,202.97999572753903,208.3699951171875,188.8500061035156,-0.022180598835253806,-0.022430287385072762,-0.008455088814713463,0.01000777103494599,202.0360015869141,200.8109992980957,192.78460052490234,0.021012808423488245,0.023709789714147268,7.740005493164091,-5.110000610351591,49153580.0
2024-11-22,197.1199951171875,199.25999450683597,196.75,198.25,31530800,198.3800048828125,214.1000061035156,186.3800048828125,203.4900054931641,215.08999633789065,187.1100006103516,195.75,209.13999938964844,183.8600006103516,203.4900054931641,209.3999938964844,185.25,-0.006351495788949668,-0.00637175235688548,-0.022180598835253806,0.024843245179395845,200.93800048828126,201.27549896240234,192.9972003173828,0.013093678385162523,0.023782520625845727,2.509994506835966,-1.1300048828125,38141520.0
2024-11-25,201.4499969482422,201.9499969482422,199.0,199.27999877929688,40685700,197.1199951171875,211.47999572753903,187.8300018310547,199.25999450683597,215.8999938964844,190.4499969482422,196.75,210.8800048828125,187.52999877929688,198.25,214.16000366210935,187.8500061035156,0.021966324768223133,0.021728540914003922,-0.006351495788949668,-0.012237320417028852,200.88800048828125,201.92849884033203,193.32840026855467,0.017988937098571404,0.024170767844629706,2.9499969482421875,2.1699981689453125,38996680.0
2024-11-26,207.8600006103516,208.0,201.7899932861328,201.8999938964844,41673700,201.4499969482422,202.6100006103516,188.38999938964844,201.9499969482422,207.33999633789065,190.2100067138672,199.0,199.6100006103516,188.2100067138672,199.27999877929688,206.75999450683597,189.57000732421875,0.03181932866326287,0.03132358260823768,0.021966324768223133,-0.04194247823144048,201.53800048828126,202.77999877929688,193.74800018310546,0.022596240682344403,0.024910526455891004,6.2100067138671875,5.9600067138671875,41091840.0
2024-11-27,205.7400054931641,207.63999938964844,205.0500030517578,206.97999572753903,28061600,207.8600006103516,201.6999969482422,190.8300018310547,208.0,204.6699981689453,191.4600067138672,201.7899932861328,200.9499969482422,187.82000732421875,201.8999938964844,204.1499938964844,188.5800018310547,-0.010199148999145757,-0.010251516694207487,0.03181932866326287,-0.004491405455644193,202.11000061035156,203.4304992675781,194.13420043945314,0.022836402700643396,0.02508845324084443,2.589996337890625,-1.2399902343749432,40150360.0
2024-11-29,207.88999938964844,208.1999969482422,204.58999633789065,205.8300018310547,24892400,205.7400054931641,204.6100006103516,192.72999572753903,207.63999938964844,205.3000030517578,195.6100006103516,205.0500030517578,198.77999877929688,192.4199981689453,206.97999572753903,199.3300018310547,194.6999969482422,0.010450052683389277,0.010395828320660513,-0.010199148999145757,0.014427385751801136,204.01199951171876,204.50499954223633,194.49460052490235,0.01798460331648627,0.023605322593251668,3.610000610351534,2.05999755859375,33368840.0
2024-12-02,210.7100067138672,212.9900054931641,209.50999450683597,209.9600067138672,39523200,207.88999938964844,202.8800048828125,186.3999938964844,208.1999969482422,203.1300048828125,190.6000061035156,204.58999633789065,199.4499969482422,185.22999572753903,205.8300018310547,202.97999572753903,190.50999450683597,0.01356490130596999,0.01347372166869659,0.010450052683389277,-0.008455088814713463,206.7300018310547,205.1440002441406,194.87680053710938,0.0156383379318962,0.019710920859561925,3.480010986328125,0.75,34967320.0
2024-12-03,213.44000244140625,214.0200042724609,209.6499938964844,210.30999755859372,32214800,210.7100067138672,198.3800048828125,197.92999267578125,212.9900054931641,203.4900054931641,200.5,209.50999450683597,195.75,197.0200042724609,209.9600067138672,203.4900054931641,199.0,0.012956175029913197,0.012872961773847143,0.01356490130596999,-0.022180598835253806,209.1280029296875,206.0270004272461,195.26800048828125,0.01492461595965816,0.019527759639879405,4.370010375976506,3.1300048828125284,33273140.0
2024-12-04,218.16000366210935,220.0,215.75,215.9600067138672,48745700,213.44000244140625,197.1199951171875,195.77999877929688,214.0200042724609,199.25999450683597,197.3300018310547,209.6499938964844,196.75,194.30999755859372,210.30999755859372,198.25,196.4499969482422,0.022113948494724367,0.021872981158047995,0.012956175029913197,-0.006351495788949668,211.18800354003906,206.96000061035156,195.7520004272461,0.012001616317337585,0.019661301876630607,4.25,2.199996948242159,34687540.0
2024-12-05,220.5500030517578,222.1499938964844,217.3000030517578,218.02999877929688,41140200,218.16000366210935,201.4499969482422,199.5,220.0,201.9499969482422,199.82000732421875,215.75,199.0,195.9900054931641,215.9600067138672,199.27999877929688,196.0399932861328,0.010955259211262947,0.01089568506430313,0.022113948494724367,0.021966324768223133,214.1500030517578,207.63300094604492,196.31240051269532,0.004716653703310012,0.01811278599142478,4.849990844726591,2.5200042724609375,37303260.0
2024-12-06,227.02999877929688,227.1499938964844,220.6000061035156,220.75,44178100,220.5500030517578,207.8600006103516,207.08999633789065,222.1499938964844,208.0,207.5500030517578,217.3000030517578,201.7899932861328,199.13999938964844,218.02999877929688,201.8999938964844,200.00999450683597,0.029381072944344444,0.0289577215747153,0.010955259211262947,0.03181932866326287,217.9780029296875,208.48200073242188,197.02980041503906,0.0077617719598511315,0.018891757236815937,6.549987792968807,6.279998779296875,41160400.0
2024-12-09,226.08999633789065,230.0800018310547,225.6699981689453,227.2100067138672,46819400,227.02999877929688,205.7400054931641,210.0500030517578,227.1499938964844,207.63999938964844,212.25,220.6000061035156,205.0500030517578,207.19000244140625,220.75,206.97999572753903,207.44000244140625,-0.004140432746599365,-0.004149028072046192,0.029381072944344444,-0.010199148999145757,221.0540008544922,209.37750091552735,197.79220031738282,0.012664204668604843,0.018749190797021045,4.410003662109375,-1.120010375976534,42619640.0
2024-12-10,225.0399932861328,229.05999755859372,224.1999969482422,226.08999633789065,31199900,226.08999633789065,207.88999938964844,208.17999267578125,230.0800018310547,208.1999969482422,209.9600067138672,225.6699981689453,204.58999633789065,207.44000244140625,227.2100067138672,205.8300018310547,209.72000122070312,-0.004644181824783655,-0.0046549995431563376,-0.004140432746599365,0.010450052683389277,223.3739990234375,210.28750076293946,198.56640014648437,0.015288907210666572,0.018699370133601644,4.860000610351534,-1.050003051757841,42416660.0
2024-12-11,230.25999450683597,231.1999969482422,226.25999450683597,226.41000366210935,35385800,225.0399932861328,210.7100067138672,206.83999633789065,229.05999755859372,212.9900054931641,209.6499938964844,224.1999969482422,209.50999450683597,205.58999633789065,226.08999633789065,209.9600067138672,208.5,0.02319588240507131,0.02293094704166927,-0.004644181824783655,0.01356490130596999,225.79399719238282,211.3550003051758,199.46899993896486,0.015496497826363254,0.019135267590041676,4.940002441406222,3.8499908447266193,39744680.0
2024-12-12,228.97000122070312,231.08999633789065,227.6300048828125,229.8300018310547,28204100,230.25999450683597,213.44000244140625,208.91000366210935,231.1999969482422,214.0200042724609,209.5399932861328,226.25999450683597,209.6499938964844,206.00999450683597,226.41000366210935,210.30999755859372,208.3699951171875,-0.0056023335225717785,-0.0056180854522786755,0.02319588240507131,0.012956175029913197,227.47799682617188,212.09850006103517,200.3532000732422,0.017173372019825106,0.01868359753048806,3.4599914550781534,-0.8600006103515625,37157460.0
2024-12-13,227.4600067138672,230.1999969482422,225.8600006103516,228.3999938964844,28768100,228.97000122070312,218.16000366210935,214.1000061035156,231.08999633789065,220.0,215.08999633789065,227.6300048828125,215.75,209.13999938964844,229.8300018310547,215.9600067138672,209.3999938964844,-0.006594726378065796,-0.006616567663893641,-0.0056023335225717785,0.022113948494724367,227.56399841308593,212.89750061035156,201.2632000732422,0.012753985477549655,0.0184744165221497,4.339996337890597,-0.9399871826172159,34075460.0
2024-12-16,232.92999267578125,233.0,228.00999450683597,230.22999572753903,37552100,227.4600067138672,220.5500030517578,211.47999572753903,230.1999969482422,222.1499938964844,215.8999938964844,225.8600006103516,217.3000030517578,210.8800048828125,228.3999938964844,218.02999877929688,214.16000366210935,0.024048121869595374,0.023763519526408726,-0.006594726378065796,0.010955259211262947,228.93199768066407,214.41350021362305,202.19160003662108,0.016030755702718648,0.015531197663890276,4.990005493164034,2.699996948242216,32222000.0
2024-12-17,231.1499938964844,232.72999572753903,227.8500061035156,232.38999938964844,35948100,232.92999267578125,227.02999877929688,202.6100006103516,233.0,227.1499938964844,207.33999633789065,228.00999450683597,220.6000061035156,199.6100006103516,230.22999572753903,220.75,206.75999450683597,-0.007641775792155969,-0.007671123770165903,0.024048121869595374,0.029381072944344444,230.15399780273438,215.88600006103516,203.19859985351562,0.016578794943857493,0.015670414554654524,4.8799896240234375,-1.240005493164034,33171640.0
2024-12-18,220.5200042724609,231.3999938964844,220.1100006103516,230.7700042724609,43281400,231.1499938964844,226.08999633789065,201.6999969482422,232.72999572753903,230.0800018310547,204.6699981689453,227.8500061035156,225.6699981689453,200.9499969482422,232.38999938964844,227.2100067138672,204.1499938964844,-0.04598741035997567,-0.04707841093326951,-0.007641775792155969,-0.004140432746599365,228.20599975585938,216.68150024414064,203.95459991455078,0.024886467402867953,0.019507153294479513,11.289993286132812,-10.25,34750760.0
2024-12-19,223.2899932861328,226.08999633789065,222.9199981689453,224.91000366210935,39918700,220.5200042724609,225.0399932861328,204.6100006103516,231.3999938964844,229.05999755859372,205.3000030517578,220.1100006103516,224.1999969482422,198.77999877929688,230.7700042724609,226.08999633789065,199.3300018310547,0.012561168873593376,0.01248293187603738,-0.04598741035997567,-0.004644181824783655,227.06999816894532,217.70199966430664,204.71699981689454,0.02665189543622124,0.019370298528528018,3.169998168945341,-1.620010375976534,37093680.0
2024-12-20,224.9199981689453,226.2100067138672,218.72999572753903,219.83999633789065,88279200,223.2899932861328,230.25999450683597,202.8800048828125,226.08999633789065,231.1999969482422,203.1300048828125,222.9199981689453,226.25999450683597,199.4499969482422,224.91000366210935,226.41000366210935,202.97999572753903,0.00729994595290151,0.007273430311082978,0.012561168873593376,0.02319588240507131,226.56199645996094,219.02899932861328,205.48239990234376,0.02712806436713603,0.018285719158495348,7.480010986328153,5.080001831054659,48995900.0
2024-12-23,225.05999755859372,226.8800048828125,223.8999938964844,225.00999450683597,28070000,224.9199981689453,228.97000122070312,198.3800048828125,226.2100067138672,231.08999633789065,203.4900054931641,218.72999572753903,227.6300048828125,195.75,219.83999633789065,229.8300018310547,203.4900054931641,0.0006224408269079884,0.0006222471909635992,0.00729994595290151,-0.0056023335225717785,224.98799743652344,220.4259994506836,206.20719970703124,0.02326462814882252,0.018094093625692084,2.9800109863280966,0.05000305175775566,47099480.0
2024-12-24,229.0500030517578,229.13999938964844,226.1300048828125,226.94000244140625,15007500,225.05999755859372,227.4600067138672,197.1199951171875,226.8800048828125,230.1999969482422,199.25999450683597,223.8999938964844,225.8600006103516,196.75,225.00999450683597,228.3999938964844,198.25,0.017728630305015924,0.017573311182246233,0.0006224408269079884,-0.006594726378065796,224.56799926757813,221.80599975585938,207.03739990234374,0.025634522758279644,0.01793130270398262,3.0099945068359375,2.1100006103515625,42911360.0
2024-12-26,227.0500030517578,228.5,226.6699981689453,228.5,16146700,229.0500030517578,232.92999267578125,201.4499969482422,229.13999938964844,233.0,201.9499969482422,226.1300048828125,228.00999450683597,199.0,226.94000244140625,230.22999572753903,199.27999877929688,-0.00873171784917226,-0.00877006267142877,0.017728630305015924,0.024048121869595374,225.8739990234375,222.7654998779297,207.8245999145508,0.010346342784658707,0.017206898595700834,1.8300018310546875,-1.4499969482421875,37484420.0
2024-12-27,223.75,226.02999877929688,220.8999938964844,225.6000061035156,27367100,227.0500030517578,231.1499938964844,207.8600006103516,228.5,232.72999572753903,208.0,226.6699981689453,227.8500061035156,201.7899932861328,228.5,232.38999938964844,201.8999938964844,-0.014534256804240364,-0.014640913829901727,-0.00873171784917226,-0.007641775792155969,225.96600036621095,223.66599960327147,208.5617999267578,0.012789945347414953,0.0174285718747578,5.130004882812472,-1.8500061035155966,34974100.0
2024-12-30,221.3000030517578,223.0,218.42999267578125,220.05999755859372,28321200,223.75,220.5200042724609,205.7400054931641,226.02999877929688,231.3999938964844,207.63999938964844,220.8999938964844,220.1100006103516,205.0500030517578,225.6000061035156,230.7700042724609,206.97999572753903,-0.010949707031249978,-0.011010096307821616,-0.014534256804240364,-0.04598741035997567,225.24200134277345,224.33649978637695,209.23720001220704,0.012958956294743433,0.017689309553732265,4.57000732421875,1.240005493164091,22982500.0
2024-12-31,219.38999938964844,223.22999572753903,218.94000244140625,222.97000122070312,24819700,221.3000030517578,223.2899932861328,207.88999938964844,223.0,226.08999633789065,208.1999969482422,218.42999267578125,222.9199981689453,204.58999633789065,220.05999755859372,224.91000366210935,205.8300018310547,-0.008630834323407832,-0.008668295678212696,-0.010949707031249978,0.012561168873593376,224.10800170898438,224.770499420166,209.8451998901367,0.012942155912859594,0.017706347736483066,4.289993286132784,-3.5800018310546875,22332440.0
2025-01-02,220.22000122070312,225.1499938964844,218.19000244140625,222.02999877929688,33956600,219.38999938964844,224.9199981689453,210.7100067138672,223.22999572753903,226.2100067138672,212.9900054931641,218.94000244140625,218.72999572753903,209.50999450683597,222.97000122070312,219.83999633789065,209.9600067138672,0.003783225458606987,0.0037760870596221323,-0.008630834323407832,0.00729994595290151,222.34200134277344,225.10949935913087,210.4681997680664,0.006910129589916732,0.017530182785004053,6.959991455078153,-1.80999755859375,26122260.0
2025-01-03,224.19000244140625,225.3600006103516,221.6199951171875,222.50999450683597,27515600,220.22000122070312,225.05999755859372,213.44000244140625,225.1499938964844,226.8800048828125,214.0200042724609,218.19000244140625,223.8999938964844,209.6499938964844,222.02999877929688,225.00999450683597,210.30999755859372,0.018027432561515733,0.017866865271653997,0.003783225458606987,0.0006224408269079884,221.77000122070314,225.4109992980957,211.15799987792968,0.013366513688689085,0.017302197273207715,3.740005493164091,1.680007934570284,28396040.0
2025-01-06,227.6100006103516,228.83999633789065,224.83999633789065,226.77999877929688,31849800,224.19000244140625,229.0500030517578,218.16000366210935,225.3600006103516,229.13999938964844,220.0,221.6199951171875,226.1300048828125,215.75,222.50999450683597,226.94000244140625,215.9600067138672,0.015254909370185699,0.015139723199454355,0.018027432561515733,0.017728630305015924,222.54200134277343,225.76399917602538,212.01599975585938,0.013278323855235573,0.0174518331778328,4.0,0.8300018310547159,29292580.0
2025-01-07,222.1100006103516,228.3800048828125,221.4600067138672,227.8999938964844,28084200,227.6100006103516,227.0500030517578,220.5500030517578,228.83999633789065,228.5,222.1499938964844,224.83999633789065,226.6699981689453,217.3000030517578,226.77999877929688,228.5,218.02999877929688,-0.02416414035082548,-0.02446088330127337,0.015254909370185699,-0.00873171784917226,222.7040008544922,225.51799926757812,212.73059967041016,0.01751258666721179,0.017088786412618906,6.9199981689453125,-5.7899932861328125,29245180.0
2025-01-08,222.1300048828125,223.5200042724609,220.1999969482422,223.19000244140625,25033300,222.1100006103516,223.75,227.02999877929688,228.3800048828125,226.02999877929688,227.1499938964844,221.4600067138672,220.8999938964844,220.6000061035156,227.8999938964844,225.6000061035156,220.75,9.006470850447812e-05,9.006065292212719e-05,-0.02416414035082548,-0.014534256804240364,223.252001953125,225.31999969482422,213.4165997314453,0.016749413411383498,0.017073457426335918,3.3200073242187216,-1.05999755859375,29287900.0
2025-01-10,218.94000244140625,221.7100067138672,216.5,221.4600067138672,36811500,222.1300048828125,221.3000030517578,226.08999633789065,223.5200042724609,223.0,230.0800018310547,220.1999969482422,218.42999267578125,225.6699981689453,223.19000244140625,220.05999755859372,227.2100067138672,-0.014360970473526025,-0.01446508722386957,9.006470850447812e-05,-0.010949707031249978,222.99600219726562,225.0150001525879,214.02759979248046,0.018320356001305695,0.01732666962076836,5.2100067138671875,-2.5200042724609375,29858880.0
2025-01-13,218.4600067138672,219.3999938964844,216.47000122070312,218.05999755859372,27262700,218.94000244140625,219.38999938964844,225.0399932861328,221.7100067138672,223.22999572753903,229.05999755859372,216.5,218.94000244140625,224.1999969482422,221.4600067138672,222.97000122070312,226.08999633789065,-0.0021923619356289947,-0.002194768679336334,-0.014360970473526025,-0.008630834323407832,221.85000305175782,224.42500076293945,214.58019989013673,0.014990974254285088,0.016345232364092962,2.9299926757812784,0.4000091552734659,29808300.0
2025-01-14,217.75999450683597,221.82000732421875,216.1999969482422,220.44000244140625,24711700,218.4600067138672,220.22000122070312,230.25999450683597,219.3999938964844,225.1499938964844,231.1999969482422,216.47000122070312,218.19000244140625,226.25999450683597,218.05999755859372,222.02999877929688,226.41000366210935,-0.003204303696411004,-0.003209448470719685,-0.0021923619356289947,0.003783225458606987,219.8800018310547,223.8645004272461,215.08079986572267,0.010258916677374509,0.016330055723284092,5.6200103759765625,-2.680007934570284,28380680.0
2025-01-15,223.3500061035156,223.57000732421875,220.75,222.8300018310547,31291300,217.75999450683597,224.19000244140625,228.97000122070312,221.82000732421875,225.3600006103516,231.08999633789065,216.1999969482422,221.6199951171875,227.6300048828125,220.44000244140625,222.50999450683597,229.8300018310547,0.02567051679689558,0.025346561447878273,-0.003204303696411004,0.018027432561515733,220.1280029296875,223.65900039672852,215.81980010986328,0.014774030928912494,0.017447187038427955,2.82000732421875,0.5200042724609091,29022100.0
2025-01-16,220.66000366210935,224.6499938964844,220.30999755859372,224.4199981689453,24757300,223.3500061035156,227.6100006103516,227.4600067138672,223.57000732421875,228.83999633789065,230.1999969482422,220.75,224.83999633789065,225.8600006103516,222.8300018310547,226.77999877929688,228.3999938964844,-0.012043887924316987,-0.012117003196939351,0.02567051679689558,0.015254909370185699,219.83400268554686,223.0455009460449,216.27440032958984,0.015951679417792748,0.016591109275187522,4.339996337890682,-3.759994506835966,28966900.0
2025-01-17,225.94000244140625,226.50999450683597,223.0800018310547,225.83999633789065,42370100,220.66000366210935,222.1100006103516,232.92999267578125,224.6499938964844,228.3800048828125,233.0,220.30999755859372,221.4600067138672,228.00999450683597,224.4199981689453,227.8999938964844,230.22999572753903,0.023928209424767477,0.023646416176010977,-0.012043887924316987,-0.02416414035082548,221.23400268554687,222.785001373291,216.87760040283203,0.017210710868744192,0.01755688768482981,3.4299926757812784,0.10000610351559658,30078620.0
2025-01-21,230.7100067138672,231.77999877929688,226.94000244140625,228.8999938964844,39951500,225.94000244140625,222.1300048828125,231.1499938964844,226.50999450683597,223.5200042724609,232.72999572753903,223.0800018310547,220.1999969482422,227.8500061035156,225.83999633789065,223.19000244140625,232.38999938964844,0.021111818274402117,0.02089205157407654,0.023928209424767477,9.006470850447812e-05,223.6840026855469,223.29450149536132,217.50180053710938,0.017445284398407392,0.014681659961728728,4.839996337890625,1.810012817382784,32616380.0
2025-01-22,235.00999450683597,235.44000244140625,231.19000244140625,232.0200042724609,41448200,230.7100067138672,218.94000244140625,220.5200042724609,231.77999877929688,221.7100067138672,231.3999938964844,226.94000244140625,216.5,220.1100006103516,228.8999938964844,221.4600067138672,230.7700042724609,0.018638063663626525,0.018466503377704703,0.021111818274402117,-0.014360970473526025,227.13400268554688,223.8805015563965,218.0602005004883,0.01560826871465572,0.014963985721751222,4.25,2.989990234375057,35963680.0
2025-01-23,235.4199981689453,235.5200042724609,231.50999450683597,234.1000061035156,26404400,235.00999450683597,218.4600067138672,223.2899932861328,235.44000244140625,219.3999938964844,226.08999633789065,231.19000244140625,216.47000122070312,222.9199981689453,232.0200042724609,218.05999755859372,224.91000366210935,0.0017446222360446573,0.0017431021503980866,0.018638063663626525,-0.0021923619356289947,229.54800109863282,224.40550155639647,218.56760040283203,0.015361352733874673,0.014924973288770162,4.010009765624943,1.319992065429716,34986300.0
2025-01-24,234.8500061035156,236.3999938964844,232.92999267578125,234.5,25890700,235.4199981689453,217.75999450683597,224.9199981689453,235.5200042724609,221.82000732421875,226.2100067138672,231.50999450683597,216.1999969482422,218.72999572753903,234.1000061035156,220.44000244140625,219.83999633789065,-0.002421170970448583,-0.0024241067445139475,0.0017446222360446573,-0.003204303696411004,232.38600158691406,224.89500198364257,219.1010006713867,0.012048987459113798,0.014959415131295787,3.4700012207031534,0.3500061035155966,35212980.0
2025-01-27,235.4199981689453,235.6100006103516,225.8600006103516,226.2100067138672,49428300,234.8500061035156,223.3500061035156,225.05999755859372,236.3999938964844,223.57000732421875,226.8800048828125,232.92999267578125,220.75,223.8999938964844,234.5,222.8300018310547,225.00999450683597,0.0024270472668350695,0.002424106744514067,-0.002421170970448583,0.02567051679689558,234.28200073242186,225.21350173950196,219.67260070800782,0.010763669288308311,0.014509965438821935,9.75,9.209991455078125,36624620.0
2025-01-28,238.1499938964844,241.7700042724609,233.97999572753903,234.2899932861328,41587200,235.4199981689453,220.66000366210935,229.0500030517578,235.6100006103516,224.6499938964844,229.13999938964844,225.8600006103516,220.30999755859372,226.1300048828125,226.2100067138672,224.4199981689453,226.94000244140625,0.011596277923594078,0.011529556411484978,0.0024270472668350695,-0.012043887924316987,235.7699981689453,225.76850128173828,220.2574005126953,0.008544609607301983,0.014469498623480704,7.790008544921875,3.860000610351591,36951760.0
2025-01-29,237.07000732421875,240.38999938964844,236.1499938964844,239.0200042724609,26091700,238.1499938964844,225.94000244140625,227.0500030517578,241.7700042724609,226.50999450683597,228.5,233.97999572753903,223.0800018310547,226.6699981689453,234.2899932861328,225.83999633789065,228.5,-0.004534900692607535,-0.004545214548106087,0.011596277923594078,0.023928209424767477,236.18200073242187,226.43450164794922,220.71680053710938,0.0062109880278656375,0.014015997280709555,4.240005493164034,-1.949996948242159,33880460.0
2025-01-30,234.63999938964844,237.9499969482422,232.22000122070312,237.13999938964844,32020700,237.07000732421875,230.7100067138672,223.75,240.38999938964844,231.77999877929688,226.02999877929688,236.1499938964844,226.94000244140625,220.8999938964844,239.0200042724609,228.8999938964844,225.6000061035156,-0.010250170242948609,-0.01030306500192206,-0.004534900692607535,0.021111818274402117,236.0260009765625,227.10150146484375,221.18000061035156,0.008213272970052988,0.013980211068600385,5.7299957275390625,-2.5,35003720.0
2025-01-31,237.67999267578125,240.2899932861328,236.41000366210935,236.5,36110200,234.63999938964844,235.00999450683597,221.3000030517578,237.9499969482422,235.44000244140625,223.0,232.22000122070312,231.19000244140625,218.42999267578125,237.13999938964844,232.0200042724609,220.05999755859372,0.012955989149507907,0.012872778270920829,-0.010250170242948609,0.018638063663626525,236.5919982910156,228.0160011291504,221.88140045166017,0.010051284430596876,0.013865922269552659,3.879989624023466,1.17999267578125,37047620.0
2025-02-03,237.4199981689453,239.25,232.8999938964844,234.05999755859372,37285900,237.67999267578125,235.4199981689453,219.38999938964844,240.2899932861328,235.5200042724609,223.22999572753903,236.41000366210935,231.50999450683597,218.94000244140625,236.5,234.1000061035156,222.97000122070312,-0.0010938846972727845,-0.0010944834258047257,0.012955989149507907,0.0017446222360446573,236.99199829101562,228.8760009765625,222.59580047607423,0.010174894941565439,0.013914639078571198,6.350006103515597,3.360000610351591,34619140.0
2025-02-04,242.05999755859372,242.5200042724609,238.02999877929688,239.00999450683597,29713800,237.4199981689453,234.8500061035156,220.22000122070312,239.25,236.3999938964844,225.1499938964844,232.8999938964844,232.92999267578125,218.19000244140625,234.05999755859372,234.5,222.02999877929688,0.019543422733693472,0.01935490231141661,-0.0010938846972727845,-0.002421170970448583,237.7739990234375,229.76950073242188,223.34480041503906,0.01246377763589427,0.013999752411840326,4.490005493164034,3.0500030517577557,32244460.0
2025-02-05,236.1699981689453,238.32000732421875,235.1999969482422,237.0200042724609,38727300,242.05999755859372,235.4199981689453,224.19000244140625,242.5200042724609,235.6100006103516,225.3600006103516,238.02999877929688,225.8600006103516,221.6199951171875,239.00999450683597,226.2100067138672,222.50999450683597,-0.024332807771026532,-0.02463374228856392,0.019543422733693472,0.0024270472668350695,237.5939971923828,230.19750061035157,224.0106002807617,0.017650296711381137,0.015072488578553388,3.1200103759765625,-0.8500061035155966,34771580.0
2025-02-06,238.8300018310547,239.66000366210935,236.00999450683597,238.00999450683597,60897100,236.1699981689453,238.1499938964844,227.6100006103516,238.32000732421875,241.7700042724609,228.83999633789065,235.1999969482422,233.97999572753903,224.83999633789065,237.0200042724609,234.2899932861328,226.77999877929688,0.011263088803542765,0.011200132499427723,-0.024332807771026532,0.011596277923594078,238.43199768066407,231.03350067138672,224.81960021972657,0.017339996695028823,0.013875515331795665,3.6500091552733807,0.8200073242187216,40546860.0
2025-02-07,229.1499938964844,234.80999755859372,228.05999755859372,232.5,77539300,238.8300018310547,237.07000732421875,222.1100006103516,239.66000366210935,240.38999938964844,228.3800048828125,236.00999450683597,236.1499938964844,221.4600067138672,238.00999450683597,239.0200042724609,227.8999938964844,-0.04053095448794497,-0.04137522511569357,0.011263088803542765,-0.004534900692607535,236.7259979248047,231.3845001220703,225.4602001953125,0.024988609738997938,0.01704650417116645,6.75,-3.3500061035155966,48832680.0
2025-02-10,233.13999938964844,233.9199981689453,229.1999969482422,230.5500030517578,35419900,229.1499938964844,234.63999938964844,222.1300048828125,234.80999755859372,237.9499969482422,223.5200042724609,228.05999755859372,232.22000122070312,220.1999969482422,232.5,237.13999938964844,223.19000244140625,0.017412199866636113,0.01726234455405173,-0.04053095448794497,-0.010250170242948609,235.8699981689453,232.09449996948243,226.09400024414063,0.027346935421870614,0.016951632278921918,4.720001220703125,2.589996337890625,48459480.0
2025-02-11,232.75999450683597,233.44000244140625,230.1300048828125,231.9199981689453,23713700,233.13999938964844,237.67999267578125,218.94000244140625,233.9199981689453,240.2899932861328,221.7100067138672,229.1999969482422,236.41000366210935,216.5,230.5500030517578,236.5,221.4600067138672,-0.0016299428832774465,-0.0016312726853762412,0.017412199866636113,0.012955989149507907,234.00999755859374,232.80949935913085,226.59200012207032,0.024400286208513648,0.016942532895069765,3.30999755859375,0.8399963378906534,47259460.0
2025-02-12,228.92999267578125,231.17999267578125,228.16000366210935,230.4600067138672,32285200,232.75999450683597,237.4199981689453,218.4600067138672,233.44000244140625,239.25,219.3999938964844,230.1300048828125,232.8999938964844,216.47000122070312,231.9199981689453,234.05999755859372,218.05999755859372,-0.01645472556041938,-0.01659160821196502,-0.0016299428832774465,-0.0010938846972727845,232.56199645996094,233.3679992675781,227.05579986572266,0.023275148384220228,0.01746188898635265,3.0199890136719034,-1.5300140380859375,45971040.0
2025-02-13,230.3699951171875,230.4199981689453,227.5200042724609,228.8500061035156,31346500,228.92999267578125,242.05999755859372,217.75999450683597,231.17999267578125,242.5200042724609,221.82000732421875,228.16000366210935,238.02999877929688,216.1999969482422,230.4600067138672,239.00999450683597,220.44000244140625,0.006290143220533118,0.006270442838655877,-0.01645472556041938,0.019543422733693472,230.8699951171875,233.71899871826173,227.50539978027345,0.02244513400943588,0.016635342802586904,2.8999938964844034,1.5199890136719034,40060920.0
2025-02-14,228.67999267578125,229.88999938964844,227.22999572753903,229.1999969482422,27031100,230.3699951171875,236.1699981689453,223.3500061035156,230.4199981689453,238.32000732421875,223.57000732421875,227.5200042724609,235.1999969482422,220.75,228.8500061035156,237.0200042724609,222.8300018310547,-0.007336035409240549,-0.007363076447512864,0.006290143220533118,-0.024332807771026532,230.77599487304687,234.1199981689453,227.86479949951172,0.012936307198958783,0.016463332293605627,2.6600036621094034,-0.5200042724609375,29959280.0
2025-02-18,226.6499938964844,229.3000030517578,223.72000122070312,228.82000732421875,42975100,228.67999267578125,238.8300018310547,220.66000366210935,229.88999938964844,239.66000366210935,224.6499938964844,227.22999572753903,236.00999450683597,220.30999755859372,229.1999969482422,238.00999450683597,224.4199981689453,-0.008877028355405603,-0.008916663909923328,-0.007336035409240549,0.011263088803542765,229.47799377441407,234.1554977416992,228.12899932861328,0.008495802619125692,0.01577464395129074,5.5800018310546875,-2.1700134277343466,31470320.0
2025-02-19,226.6300048828125,226.8300018310547,223.7100067138672,225.5200042724609,28566700,226.6499938964844,229.1499938964844,225.94000244140625,229.3000030517578,234.80999755859372,226.50999450683597,223.72000122070312,228.05999755859372,223.0800018310547,228.82000732421875,232.5,225.83999633789065,-8.81933122002243e-05,-8.819720145905549e-05,-0.008877028355405603,-0.04053095448794497,228.2519958496094,233.95149765014648,228.29839935302735,0.008701473866617421,0.014993823225504736,3.1199951171875,1.110000610351591,32440920.0
2025-02-20,222.8800048828125,225.1300048828125,221.80999755859372,224.77999877929688,30001700,226.6300048828125,233.13999938964844,230.7100067138672,226.8300018310547,233.9199981689453,231.77999877929688,223.7100067138672,229.1999969482422,226.94000244140625,225.5200042724609,230.5500030517578,228.8999938964844,-0.016546793977871843,-0.016685221316839496,-8.81933122002243e-05,0.017412199866636113,227.04199829101563,233.34499816894532,228.34499938964845,0.008731045541396552,0.014655399635461527,3.3200073242187784,-1.899993896484375,31984220.0
2025-02-21,216.5800018310547,223.30999755859372,214.7400054931641,223.27999877929688,55323900,222.8800048828125,232.75999450683597,235.00999450683597,225.1300048828125,233.44000244140625,235.44000244140625,221.80999755859372,230.1300048828125,231.19000244140625,224.77999877929688,231.9199981689453,232.0200042724609,-0.028266344731418536,-0.028673529284667792,-0.016546793977871843,-0.0016299428832774465,224.28399963378905,232.4029983520508,228.13599945068358,0.010705320954661235,0.01569293576937993,8.56999206542963,-6.6999969482421875,36779700.0
2025-02-24,212.7100067138672,217.72000122070312,212.4199981689453,217.4499969482422,42387600,216.5800018310547,228.92999267578125,235.4199981689453,223.30999755859372,231.17999267578125,235.5200042724609,214.7400054931641,228.16000366210935,231.50999450683597,223.27999877929688,230.4600067138672,234.1000061035156,-0.017868663239768212,-0.018030235415601108,-0.028266344731418536,-0.01645472556041938,221.09000244140626,231.29599838256837,227.86839965820312,0.010538287019902575,0.015986278613324266,5.3000030517578125,-4.739990234375,39851000.0
2025-02-25,212.8000030517578,213.33999633789065,204.16000366210935,211.6300048828125,58958000,212.7100067138672,230.3699951171875,234.8500061035156,217.72000122070312,230.4199981689453,236.3999938964844,212.4199981689453,227.5200042724609,232.92999267578125,217.4499969482422,228.8500061035156,234.5,0.000423094048469963,0.0004230045694208501,-0.017868663239768212,0.006290143220533118,218.32000427246095,230.16499862670898,227.62359985351563,0.01239789629195703,0.015944717157281546,9.179992675781307,1.1699981689453125,43047580.0
2025-02-26,214.3500061035156,218.16000366210935,213.08999633789065,214.94000244140625,39120600,212.8000030517578,228.67999267578125,235.4199981689453,213.33999633789065,229.88999938964844,235.6100006103516,204.16000366210935,227.22999572753903,225.8600006103516,211.6300048828125,229.1999969482422,226.2100067138672,0.007283848822975836,0.00725744971005982,0.000423094048469963,-0.007336035409240549,215.86400451660157,228.97499923706056,227.3054000854492,0.014498777513353586,0.01573747547074053,5.070007324218693,-0.5899963378906534,45158360.0
2025-02-27,208.7400054931641,219.97000122070312,208.3699951171875,218.3500061035156,40548600,214.3500061035156,226.6499938964844,238.1499938964844,218.16000366210935,229.3000030517578,241.7700042724609,213.08999633789065,223.72000122070312,233.97999572753903,214.94000244140625,228.82000732421875,234.2899932861328,-0.02617215045770649,-0.02652073681079169,0.007283848822975836,-0.008877028355405603,213.03600463867187,227.55849914550782,226.90080017089844,0.015983215589083933,0.01642305876800698,11.600006103515625,-9.610000610351506,47267740.0
2025-02-28,212.27999877929688,212.6199951171875,206.9900054931641,208.6499938964844,51771700,208.7400054931641,226.6300048828125,237.07000732421875,219.97000122070312,226.8300018310547,240.38999938964844,208.3699951171875,223.7100067138672,236.1499938964844,218.3500061035156,225.5200042724609,239.0200042724609,0.016958863624484843,0.01681666750153105,-0.02617215045770649,-8.81933122002243e-05,212.1760040283203,226.44049911499025,226.59720001220703,0.017818732575780916,0.01718059424888601,5.629989624023409,3.6300048828124716,46557300.0
2025-03-03,205.0200042724609,214.00999450683597,202.5500030517578,213.3500061035156,42948400,212.27999877929688,222.8800048828125,234.63999938964844,212.6199951171875,225.1300048828125,237.9499969482422,206.9900054931641,221.80999755859372,232.22000122070312,208.6499938964844,224.77999877929688,237.13999938964844,-0.03420008737791658,-0.034798596014760694,0.016958863624484843,-0.016546793977871843,210.63800354003905,224.80749969482423,226.03900024414062,0.022025406387388247,0.017831311613855576,11.459991455078153,-8.330001831054688,46669460.0
2025-03-04,203.8000030517578,206.8000030517578,197.42999267578125,200.1100006103516,60853100,205.0200042724609,216.5800018310547,237.67999267578125,214.00999450683597,223.30999755859372,240.2899932861328,202.5500030517578,214.7400054931641,236.41000366210935,213.3500061035156,223.27999877929688,236.5,-0.005950644792113935,-0.0059684204315927645,-0.03420008737791658,-0.028266344731418536,208.83800354003907,223.12649993896486,225.4920004272461,0.021659564713478803,0.01777660550145344,9.370010375976562,3.6900024414062216,47048480.0
2025-03-05,208.3600006103516,209.97999572753903,203.25999450683597,204.8000030517578,38610100,203.8000030517578,212.7100067138672,237.4199981689453,206.8000030517578,217.72000122070312,239.25,197.42999267578125,212.4199981689453,232.8999938964844,200.1100006103516,217.4499969482422,234.05999755859372,0.022374865016246748,0.022128220043401252,-0.005950644792113935,-0.017868663239768212,207.64000244140624,221.44150009155274,225.24880035400392,0.025162434118255264,0.01801263559252909,6.720001220703068,3.5599975585937784,46946380.0
2025-03-06,200.6999969482422,205.7700042724609,198.3000030517578,204.3999938964844,49863800,208.3600006103516,212.8000030517578,242.05999755859372,209.97999572753903,213.33999633789065,242.5200042724609,203.25999450683597,204.16000366210935,238.02999877929688,204.8000030517578,211.6300048828125,239.00999450683597,-0.03676331176651404,-0.03745611520958073,0.022374865016246748,0.000423094048469963,206.03200073242186,219.6680000305176,224.7970004272461,0.02766938227772507,0.0188268865640002,7.470001220703097,-3.699996948242216,48809420.0
2025-03-07,199.25,202.2700042724609,192.52999877929688,199.4900054931641,59802800,200.6999969482422,214.3500061035156,236.1699981689453,205.7700042724609,218.16000366210935,238.32000732421875,198.3000030517578,213.08999633789065,235.1999969482422,204.3999938964844,214.94000244140625,237.0200042724609,-0.007224698407026442,-0.0072509229263983,-0.03676331176651404,0.007283848822975836,203.4260009765625,217.68899993896486,224.28360046386717,0.024220202234951253,0.018280660965172956,9.740005493164034,-0.24000549316409092,50415640.0
2025-03-10,194.5399932861328,196.72999572753903,190.8500061035156,195.6000061035156,62350900,199.25,208.7400054931641,238.8300018310547,202.2700042724609,219.97000122070312,239.66000366210935,192.52999877929688,208.3699951171875,236.00999450683597,199.4900054931641,218.3500061035156,238.00999450683597,-0.02363867861413893,-0.023922554740530594,-0.007224698407026442,-0.02617215045770649,201.3299987792969,215.95849990844727,223.67320037841796,0.02221615789394021,0.017091864466433834,5.8799896240234375,-1.060012817382784,54296140.0
2025-03-11,196.58999633789065,200.17999267578125,193.3999938964844,193.8999938964844,54002900,194.5399932861328,212.27999877929688,229.1499938964844,196.72999572753903,212.6199951171875,234.80999755859372,190.8500061035156,206.9900054931641,228.05999755859372,195.6000061035156,208.6499938964844,232.5,0.010537694677220655,0.010482560161564325,-0.02363867861413893,0.016958863624484843,199.88799743652345,214.13099975585936,223.02400024414064,0.024151542019033752,0.016616129626881786,6.779998779296847,2.69000244140625,52926100.0
2025-03-12,198.88999938964844,201.5200042724609,195.2899932861328,200.72000122070312,43679300,196.58999633789065,205.0200042724609,233.13999938964844,200.17999267578125,214.00999450683597,233.9199981689453,193.3999938964844,202.5500030517578,229.1999969482422,193.8999938964844,213.3500061035156,230.5500030517578,0.011699491808345286,0.011631581915007296,0.010537694677220655,-0.03420008737791658,197.9939971923828,212.4375,222.46080017089844,0.021203798124240017,0.017158636159747834,6.230010986328097,-1.8300018310546875,53939940.0
2025-03-13,193.88999938964844,198.8800048828125,191.82000732421875,198.1699981689453,41270800,198.88999938964844,203.8000030517578,232.75999450683597,201.5200042724609,206.8000030517578,233.44000244140625,195.2899932861328,197.42999267578125,230.1300048828125,200.72000122070312,200.1100006103516,231.9199981689453,-0.025139524437347016,-0.02546092021137873,0.011699491808345286,-0.005950644792113935,196.63199768066406,210.68550033569335,221.8636001586914,0.01776847980827297,0.01749862324736737,7.05999755859375,-4.279998779296875,52221340.0
2025-03-14,197.9499969482422,198.6499938964844,195.32000732421875,197.41000366210935,38096700,193.88999938964844,208.3600006103516,228.92999267578125,198.8800048828125,209.97999572753903,231.17999267578125,191.82000732421875,203.25999450683597,228.16000366210935,198.1699981689453,204.8000030517578,230.4600067138672,0.02093969555611075,0.020723473340341268,-0.025139524437347016,0.022374865016246748,196.3719970703125,209.0645004272461,221.3966000366211,0.02162694976073832,0.01841634040587843,3.3299865722656534,0.5399932861328409,47880120.0
2025-03-17,195.7400054931641,199.0,194.32000732421875,198.7700042724609,47341800,197.9499969482422,200.6999969482422,230.3699951171875,198.6499938964844,205.7700042724609,230.4199981689453,195.32000732421875,198.3000030517578,227.5200042724609,197.41000366210935,204.3999938964844,228.8500061035156,-0.011164392468548168,-0.011227182074080435,0.02093969555611075,-0.03676331176651404,196.61199951171878,207.41750106811523,220.9236001586914,0.018931348247303175,0.018435605841418578,4.67999267578125,-3.029998779296818,44878300.0
2025-03-18,192.82000732421875,194.0,189.3800048828125,192.5200042724609,40414900,195.7400054931641,199.25,228.67999267578125,199.0,202.2700042724609,229.88999938964844,194.32000732421875,192.52999877929688,227.22999572753903,198.7700042724609,199.4900054931641,229.1999969482422,-0.014917738259935365,-0.015030126840267867,-0.011164392468548168,-0.007224698407026442,195.85800170898438,205.72600173950195,220.37560028076172,0.019270869204306793,0.01850724636277793,4.6199951171875,0.3000030517578409,42160700.0
2025-03-19,195.5399932861328,195.97000122070312,191.9600067138672,193.3800048828125,39442900,192.82000732421875,194.5399932861328,226.6499938964844,194.0,196.72999572753903,229.3000030517578,189.3800048828125,190.8500061035156,223.72000122070312,192.5200042724609,195.6000061035156,228.82000732421875,0.014106347155876442,0.014007778521538292,-0.014917738259935365,-0.02363867861413893,195.18800048828126,204.17150115966797,219.80260009765624,0.019775667215880494,0.01908517431358015,4.0099945068359375,2.1599884033203125,41313420.0
2025-03-20,194.9499969482422,199.32000732421875,192.3000030517578,193.07000732421875,38921100,195.5399932861328,196.58999633789065,226.6300048828125,195.97000122070312,200.17999267578125,226.8300018310547,191.9600067138672,193.3999938964844,223.7100067138672,193.3800048828125,193.8999938964844,225.5200042724609,-0.003017266841301769,-0.0030218279679656837,0.014106347155876442,0.010537694677220655,195.4,202.77500076293944,219.14940002441406,0.015705682375740524,0.018975020864016333,7.0200042724609375,1.8799896240234375,40843480.0
2025-03-21,196.2100067138672,196.9900054931641,192.5200042724609,192.8999938964844,60056900,194.9499969482422,198.88999938964844,222.8800048828125,199.32000732421875,201.5200042724609,225.1300048828125,192.3000030517578,195.2899932861328,221.80999755859372,193.07000732421875,200.72000122070312,224.77999877929688,0.006463245885351521,0.006442448675219972,-0.003017266841301769,0.011699491808345286,195.052001953125,201.7565010070801,218.63140014648437,0.012067492879352262,0.018460398994798302,4.470001220703182,3.310012817382784,45235520.0
2025-03-24,203.25999450683597,203.63999938964844,199.9499969482422,200.0,41625400,196.2100067138672,193.88999938964844,216.5800018310547,196.9900054931641,198.8800048828125,223.30999755859372,192.5200042724609,191.82000732421875,214.7400054931641,192.8999938964844,198.1699981689453,223.27999877929688,0.03593082692897398,0.035300372234540224,0.006463245885351521,-0.025139524437347016,196.55599975585938,201.28400039672852,218.25399993896485,0.019144003437349403,0.020280278244221038,3.69000244140625,3.259994506835966,44092240.0
2025-03-25,205.7100067138672,206.2100067138672,203.22000122070312,203.6000061035156,31171200,203.25999450683597,197.9499969482422,212.7100067138672,203.63999938964844,198.6499938964844,217.72000122070312,199.9499969482422,195.32000732421875,212.4199981689453,200.0,197.41000366210935,217.4499969482422,0.012053587883713357,0.011981521917604297,0.03593082692897398,0.02093969555611075,199.13399963378907,200.92950057983398,217.98940002441407,0.014380254664014507,0.02052095571175683,2.9900054931640625,2.110000610351591,42243500.0
2025-03-26,201.1300048828125,206.00999450683597,199.92999267578125,205.83999633789065,32855300,205.7100067138672,195.7400054931641,212.8000030517578,206.2100067138672,199.0,213.33999633789065,203.22000122070312,194.32000732421875,204.16000366210935,203.6000061035156,198.7700042724609,211.6300048828125,-0.022264360904062586,-0.022515953159889142,0.012053587883713357,-0.011164392468548168,200.252001953125,200.26850051879882,217.64279998779296,0.02128826567656151,0.020915750028957448,6.080001831054716,-4.709991455078153,40925980.0
2025-03-27,201.3600006103516,203.7899932861328,199.27999877929688,200.88999938964844,27317700,201.1300048828125,192.82000732421875,214.3500061035156,206.00999450683597,194.0,218.16000366210935,199.92999267578125,189.3800048828125,213.08999633789065,205.83999633789065,192.5200042724609,214.94000244140625,0.0011435177345771042,0.001142864416179142,-0.022264360904062586,-0.014917738259935365,201.53400268554688,199.8995002746582,217.31480010986328,0.020934187935074896,0.020200501827181132,4.5099945068359375,0.4700012207031534,38605300.0
2025-03-28,192.72000122070312,199.25999450683597,191.8800048828125,198.4199981689453,52548200,201.3600006103516,195.5399932861328,208.7400054931641,203.7899932861328,195.97000122070312,219.97000122070312,199.27999877929688,191.9600067138672,208.3699951171875,200.88999938964844,193.3800048828125,218.3500061035156,-0.04290822091507429,-0.04385598921751466,0.0011435177345771042,0.014106347155876442,200.83600158691405,198.9215003967285,216.70220001220704,0.030507998836334975,0.021686091919221526,7.379989624023466,-5.6999969482421875,37103560.0
2025-03-31,190.25999450683597,191.3300018310547,184.3999938964844,188.19000244140625,63547600,192.72000122070312,194.9499969482422,212.27999877929688,199.25999450683597,199.32000732421875,212.6199951171875,191.8800048828125,192.3000030517578,206.9900054931641,198.4199981689453,193.07000732421875,208.6499938964844,-0.01276466738421178,-0.012846835734262143,-0.04290822091507429,-0.003017266841301769,198.23600158691406,198.18349990844726,216.09419982910157,0.021260840160901632,0.020651033455560706,6.930007934570284,2.069992065429716,41488000.0
2025-04-01,192.1699981689453,193.92999267578125,187.1999969482422,187.8600006103516,41267300,190.25999450683597,196.2100067138672,205.0200042724609,191.3300018310547,196.9900054931641,214.00999450683597,184.3999938964844,192.5200042724609,202.5500030517578,188.19000244140625,192.8999938964844,213.3500061035156,0.010038913682617112,0.0099888585095992,-0.01276466738421178,0.006463245885351521,195.5279998779297,197.60199966430665,215.41879974365236,0.02067970141948694,0.02086063775404387,6.7299957275390625,4.309997558593722,43507220.0
2025-04-02,196.00999450683597,198.33999633789065,187.66000366210935,187.66000366210935,53679200,192.1699981689453,203.25999450683597,203.8000030517578,193.92999267578125,203.63999938964844,206.8000030517578,187.1999969482422,199.9499969482422,197.42999267578125,187.8600006103516,200.0,200.1100006103516,0.019982288465834053,0.019785262896237093,0.010038913682617112,0.03593082692897398,194.5039978027344,196.98449935913087,214.72479949951173,0.024419773569643213,0.020715473413705714,10.679992675781307,8.34999084472662,47672000.0
2025-04-04,171.0,178.13999938964844,166.0,167.14999389648438,123159400,178.41000366210938,201.1300048828125,200.6999969482422,184.1300048828125,206.00999450683597,205.7700042724609,176.9199981689453,199.92999267578125,198.3000030517578,183.0,205.83999633789065,204.3999938964844,-0.041533565999713695,-0.04242073641032032,-0.08979129298487265,-0.022264360904062586,185.56999816894535,194.4574996948242,212.3043997192383,0.04429504841443504,0.02870802723691959,12.139999389648438,3.850006103515625,75441420.0
2025-04-07,175.25999450683594,183.41000366210935,161.3800048828125,162.0,109327100,171.0,201.3600006103516,199.25,178.13999938964844,203.7899932861328,202.2700042724609,166.0,199.27999877929688,192.52999877929688,167.14999389648438,200.88999938964844,199.4900054931641,0.024912248577988017,0.024606997782102066,-0.041533565999713695,0.0011435177345771042,182.56999816894532,193.49349975585938,211.1125994873047,0.04934844404559666,0.029292676990296945,22.029998779296847,13.259994506835938,84597320.0
2025-04-08,170.66000366210938,185.8999938964844,168.57000732421875,185.22999572753903,87710400,175.25999450683594,192.72000122070312,194.5399932861328,183.41000366210935,199.25999450683597,196.72999572753903,161.3800048828125,191.8800048828125,190.8500061035156,162.0,198.4199981689453,195.6000061035156,-0.026246667744515673,-0.026597259717812963,0.024912248577988017,-0.04290822091507429,178.26799926757812,192.1970001220703,209.81739959716796,0.04732095769549351,0.02943444673840358,17.329986572265653,-14.569992065429659,93885940.0
2025-04-10,181.22000122070312,186.8699951171875,175.85000610351562,185.44000244140625,68302000,191.1000061035156,192.1699981689453,198.88999938964844,192.6499938964844,193.92999267578125,201.5200042724609,169.92999267578125,187.1999969482422,195.2899932861328,172.1199951171875,187.8600006103516,200.72000122070312,-0.051700704171933065,-0.05308511365514066,0.11977031526306248,0.010038913682617112,177.8480010986328,191.17400054931642,207.75939971923827,0.07057870011871598,0.041963638667791216,11.019989013671875,-4.220001220703125,101060640.0
2025-04-11,184.8699951171875,185.8600006103516,178.0,179.92999267578125,50594300,181.22000122070312,196.00999450683597,193.88999938964844,186.8699951171875,198.33999633789065,198.8800048828125,175.85000610351562,187.66000366210935,191.82000732421875,185.44000244140625,187.66000366210935,198.1699981689453,0.020141230945248445,0.019941079422269643,-0.051700704171933065,0.019982288465834053,180.62200012207032,190.52000045776367,206.76399963378907,0.06561929125807289,0.04194048997380237,7.860000610351591,4.94000244140625,86547620.0
2025-04-14,182.1199951171875,187.44000244140625,179.22999572753906,186.83999633789065,48002500,184.8699951171875,178.41000366210938,197.9499969482422,185.8600006103516,184.1300048828125,198.6499938964844,178.0,176.9199981689453,195.32000732421875,179.92999267578125,183.0,197.41000366210935,-0.014875318183769082,-0.014987065296594422,0.020141230945248445,-0.08979129298487265,181.99400024414064,189.83899993896483,205.6527996826172,0.06687722145641702,0.04198860876798789,8.210006713867188,-4.720001220703153,74282700.0
2025-04-15,179.58999633789062,182.3500061035156,177.92999267578125,181.41000366210935,43642000,182.1199951171875,171.0,195.7400054931641,187.44000244140625,178.13999938964844,199.0,179.22999572753906,166.0,194.32000732421875,186.83999633789065,167.14999389648438,198.7700042724609,-0.013891933050343641,-0.013989329016472998,-0.014875318183769082,-0.041533565999713695,183.77999877929688,189.17749938964843,204.4961996459961,0.06544293928974905,0.04197361779348107,4.420013427734347,-1.8200073242187216,65469020.0
2025-04-16,174.3300018310547,179.10000610351562,171.41000366210938,176.2899932861328,51875300,179.58999633789062,175.25999450683594,192.82000732421875,182.3500061035156,183.41000366210935,194.0,177.92999267578125,161.3800048828125,189.3800048828125,181.41000366210935,162.0,192.5200042724609,-0.029288905919567454,-0.029726389380639047,-0.013891933050343641,0.024912248577988017,180.42599792480468,188.11699981689452,203.14159973144533,0.026194181887770483,0.04217900902641383,7.69000244140625,-1.959991455078125,52483220.0
2025-04-17,172.61000061035156,176.2100067138672,172.0,176.0,44726500,174.3300018310547,170.66000366210938,195.5399932861328,179.10000610351562,185.8999938964844,195.97000122070312,171.41000366210938,168.57000732421875,191.9600067138672,176.2899932861328,185.22999572753903,193.3800048828125,-0.009866352335440198,-0.00991534732389348,-0.029288905919567454,-0.026246667744515673,178.70399780273436,187.0,201.87039978027343,0.018155611263796244,0.04219078640758898,4.2100067138671875,-3.3899993896484375,47768120.0
2025-04-21,167.32000732421875,169.60000610351562,165.2899932861328,169.60000610351562,48126100,172.61000061035156,191.1000061035156,194.9499969482422,176.2100067138672,192.6499938964844,199.32000732421875,172.0,169.92999267578125,192.3000030517578,176.0,172.1199951171875,193.07000732421875,-0.030647084568839134,-0.031126527586896723,-0.009866352335440198,0.11977031526306248,175.19400024414062,185.55550003051758,200.4401998901367,0.009558983096220452,0.04246439281370051,4.3100128173828125,-2.279998779296875,47274480.0
2025-04-22,173.17999267578125,176.77999877929688,169.35000610351562,169.85000610351562,56607200,167.32000732421875,181.22000122070312,196.2100067138672,169.60000610351562,186.8699951171875,196.9900054931641,165.2899932861328,175.85000610351562,192.5200042724609,169.60000610351562,185.44000244140625,192.8999938964844,0.03502262189247651,0.03442328337941731,-0.030647084568839134,-0.051700704171933065,173.40599975585937,184.05149993896484,199.32079986572265,0.02664682241270695,0.04241642436158088,7.42999267578125,3.329986572265625,48995420.0
2025-04-23,180.6000061035156,187.3800048828125,180.19000244140625,183.4499969482422,63470100,173.17999267578125,184.8699951171875,203.25999450683597,176.77999877929688,185.8600006103516,203.63999938964844,169.35000610351562,178.0,199.9499969482422,169.85000610351562,179.92999267578125,200.0,0.042845673527805994,0.041953201051518486,0.03502262189247651,0.020141230945248445,173.60800170898435,182.79599990844727,198.27,0.035155911938673345,0.04368934016498879,7.19000244140625,-2.849990844726591,52961040.0
2025-04-24,186.5399932861328,186.7400054931641,180.17999267578125,180.9199981689453,43763200,180.6000061035156,182.1199951171875,205.7100067138672,187.3800048828125,187.44000244140625,206.2100067138672,180.19000244140625,179.22999572753906,203.22000122070312,183.4499969482422,186.83999633789065,203.6000061035156,0.032890293365840595,0.03236098252849648,0.042845673527805994,-0.014875318183769082,176.05,182.06649932861328,197.34559997558594,0.03237985334417735,0.044318038178504736,6.560012817382841,5.6199951171875,51338620.0
2025-04-25,188.9900054931641,189.94000244140625,185.4900054931641,187.6199951171875,36414300,186.5399932861328,179.58999633789062,201.1300048828125,186.7400054931641,182.3500061035156,206.00999450683597,180.17999267578125,177.92999267578125,199.92999267578125,180.9199981689453,181.41000366210935,205.83999633789065,0.013133978209558528,0.013048475365695443,0.032890293365840595,-0.013891933050343641,179.3260009765625,181.4479995727539,196.5468002319336,0.02965176368928831,0.04445562768452466,4.449996948242159,1.370010375976591,49676180.0
2025-04-28,187.6999969482422,190.22000122070312,184.88999938964844,190.1100006103516,33224700,188.9900054931641,174.3300018310547,201.3600006103516,189.94000244140625,179.10000610351562,203.7899932861328,185.4900054931641,171.41000366210938,199.27999877929688,187.6199951171875,176.2899932861328,200.88999938964844,-0.006825802991833663,-0.006849205339079859,0.013133978209558528,-0.029288905919567454,183.4019989013672,181.19699935913087,195.69340026855468,0.02013873571746578,0.043438825542334115,5.3300018310546875,-2.4100036621094034,46695900.0
2025-04-29,187.38999938964844,188.0200042724609,183.67999267578125,183.9900054931641,41667300,187.6999969482422,172.61000061035156,192.72000122070312,190.22000122070312,176.2100067138672,199.25999450683597,184.88999938964844,172.0,191.8800048828125,190.1100006103516,176.0,198.4199981689453,-0.0016515586767922308,-0.0016529240033086564,-0.006825802991833663,-0.009866352335440198,186.24400024414064,181.0534996032715,194.86760040283204,0.021486916133083234,0.04334377763170902,4.340011596679659,3.3999938964843466,43707920.0
2025-04-30,184.4199981689453,185.0500030517578,178.85000610351562,182.1699981689453,55176500,187.38999938964844,167.32000732421875,190.25999450683597,188.0200042724609,169.60000610351562,191.3300018310547,183.67999267578125,165.2899932861328,184.3999938964844,183.9900054931641,169.60000610351562,188.19000244140625,-0.015849304820837684,-0.01597624814818092,-0.0016515586767922308,-0.030647084568839134,187.00799865722655,180.66599960327147,194.02300048828124,0.019109129126265903,0.043418495670121175,6.1999969482421875,2.25,42049200.0
2025-05-01,190.1999969482422,191.80999755859372,187.5,190.6300048828125,74266000,184.4199981689453,173.17999267578125,192.1699981689453,185.0500030517578,176.77999877929688,193.92999267578125,178.85000610351562,169.35000610351562,187.1999969482422,182.1699981689453,169.85000610351562,187.8600006103516,0.031341496782804956,0.030860378884021808,-0.015849304820837684,0.03502262189247651,187.73999938964843,180.3754997253418,193.29440032958985,0.01853453265683052,0.043782570088769394,4.309997558593722,-0.4300079345703125,48149760.0
2025-05-02,189.97999572753903,192.8800048828125,186.3999938964844,191.44000244140625,77903500,190.1999969482422,180.6000061035156,196.00999450683597,191.80999755859372,187.3800048828125,198.33999633789065,187.5,180.19000244140625,187.66000366210935,190.6300048828125,183.4499969482422,187.66000366210935,-0.0011566836184704332,-0.0011573530932638618,0.031341496782804956,0.042845673527805994,187.93799743652343,180.9539993286133,192.63640014648436,0.017869551315974567,0.03843980562391691,6.480010986328097,-1.460006713867216,56447600.0
2025-05-05,186.3500061035156,188.17999267578125,185.52999877929688,186.50999450683597,35217500,189.97999572753903,186.5399932861328,178.41000366210938,192.8800048828125,186.7400054931641,184.1300048828125,186.3999938964844,180.17999267578125,176.9199981689453,191.44000244140625,180.9199981689453,183.0,-0.01910722026349243,-0.019292122294797282,-0.0011566836184704332,0.032890293365840595,187.66799926757812,181.72149963378905,192.0318002319336,0.019964904408187333,0.037358885977914535,2.649993896484375,-0.15998840332036934,56846160.0
2025-05-06,185.00999450683597,187.92999267578125,183.8500061035156,184.57000732421875,29314100,186.3500061035156,188.9900054931641,171.0,188.17999267578125,189.94000244140625,178.13999938964844,185.52999877929688,185.4900054931641,166.0,186.50999450683597,187.6199951171875,167.14999389648438,-0.007190832051463758,-0.007216810697897855,-0.01910722026349243,0.013133978209558528,187.19199829101564,182.20899963378906,191.47779998779296,0.020143244779700926,0.037144992885662136,4.079986572265653,0.4399871826172159,54375520.0
2025-05-07,188.7100067138672,190.9900054931641,185.00999450683597,185.55999755859372,43948600,185.00999450683597,187.6999969482422,175.25999450683594,187.92999267578125,190.22000122070312,183.41000366210935,183.8500061035156,184.88999938964844,161.3800048828125,184.57000732421875,190.1100006103516,162.0,0.0199989855515319,0.019801632738363474,-0.007190832051463758,-0.006825802991833663,188.05,183.11149978637695,190.99600006103515,0.02053213893043324,0.03664212332258849,5.980010986328125,3.150009155273466,52129940.0
2025-05-08,192.0800018310547,194.3300018310547,188.82000732421875,191.42999267578125,41043600,188.7100067138672,187.38999938964844,170.66000366210938,190.9900054931641,188.0200042724609,185.8999938964844,185.00999450683597,183.67999267578125,168.57000732421875,185.55999755859372,183.9900054931641,185.22999572753903,0.01785806262143419,0.01770048072706834,0.0199989855515319,-0.0016515586767922308,188.4260009765625,183.1604995727539,190.55059997558592,0.01669850331975058,0.02525396333478216,5.5099945068359375,0.6500091552734375,45485460.0
2025-05-09,193.05999755859372,194.69000244140625,191.16000366210935,193.3800048828125,29663100,192.0800018310547,184.4199981689453,191.1000061035156,194.3300018310547,185.0500030517578,192.6499938964844,188.82000732421875,178.85000610351562,169.92999267578125,191.42999267578125,182.1699981689453,172.1199951171875,0.005102018524557161,0.005089047328857853,0.01785806262143419,-0.015849304820837684,189.04200134277343,183.75249938964845,190.23699981689452,0.016629615663366397,0.022059395709079548,3.5299987792969034,-0.3200073242187784,35837380.0
2025-05-12,208.63999938964844,211.66000366210935,205.75,210.7100067138672,75205000,193.05999755859372,190.1999969482422,181.22000122070312,194.69000244140625,191.80999755859372,186.8699951171875,191.16000366210935,187.5,175.85000610351562,193.3800048828125,190.6300048828125,185.44000244140625,0.08070031092964336,0.07760926703827985,0.005102018524557161,0.031341496782804956,193.5,184.94099960327148,190.16419982910156,0.03389750818546967,0.027869547359236125,5.910003662109347,-2.07000732421875,43834880.0
2025-05-13,211.3699951171875,214.83999633789065,210.1000061035156,211.0800018310547,56193700,208.63999938964844,189.97999572753903,184.8699951171875,211.66000366210935,192.8800048828125,185.8600006103516,205.75,186.3999938964844,178.0,210.7100067138672,191.44000244140625,179.92999267578125,0.01308471882441209,0.012999853383055317,0.08070031092964336,-0.0011566836184704332,198.77200012207032,186.40349960327148,190.2911996459961,0.03036799666050463,0.027442728085399246,4.739990234375057,0.2899932861328125,49210800.0
2025-05-14,210.25,211.92999267578125,208.8500061035156,211.4499969482422,38492100,211.3699951171875,186.3500061035156,182.1199951171875,214.83999633789065,188.17999267578125,187.44000244140625,210.1000061035156,185.52999877929688,179.22999572753906,211.0800018310547,186.50999450683597,186.83999633789065,-0.005298742220089303,-0.005312830342904736,0.01308471882441209,-0.01910722026349243,203.0799987792969,187.93649978637694,190.42019958496093,0.033810904658098793,0.02715053195190383,3.0799865722656534,-1.1999969482421875,48119500.0
2025-05-15,205.1699981689453,206.8800048828125,202.6699981689453,206.4499969482422,64347300,210.25,185.00999450683597,179.58999633789062,211.92999267578125,187.92999267578125,182.3500061035156,208.8500061035156,183.8500061035156,177.92999267578125,211.4499969482422,184.57000732421875,181.41000366210935,-0.024161720956264898,-0.024458403999516362,-0.005298742220089303,-0.007190832051463758,205.697998046875,189.47849960327147,190.3563995361328,0.03986739246794022,0.02679931564659088,4.2100067138671875,-1.279998779296875,52780240.0
2025-05-16,205.58999633789065,206.8500061035156,204.3699951171875,206.8500061035156,43318500,205.1699981689453,188.7100067138672,174.3300018310547,206.8800048828125,190.9900054931641,179.10000610351562,202.6699981689453,185.00999450683597,171.41000366210938,206.4499969482422,185.55999755859372,176.2899932861328,0.002047074000553817,0.002044981599618388,-0.024161720956264898,0.0199989855515319,208.20399780273436,191.12749938964845,190.45419952392578,0.04005860412224924,0.026500067957179387,2.4800109863280966,-1.2600097656249432,55511320.0
2025-05-19,206.16000366210935,206.6199951171875,201.25999450683597,201.6499938964844,34314800,205.58999633789065,192.0800018310547,172.61000061035156,206.8500061035156,194.3300018310547,176.2100067138672,204.3699951171875,188.82000732421875,172.0,206.8500061035156,191.42999267578125,176.0,0.0027725440652368594,0.0027687076543828405,0.002047074000553817,0.01785806262143419,207.70799865722657,193.06949920654296,190.59239959716797,0.013858607406648224,0.02486460744519942,5.360000610351534,4.510009765624943,47333280.0
2025-05-20,204.07000732421875,205.58999633789065,202.6499938964844,204.6300048828125,29470400,206.16000366210935,193.05999755859372,167.32000732421875,206.6199951171875,194.69000244140625,169.60000610351562,201.25999450683597,191.16000366210935,165.2899932861328,201.6499938964844,193.3800048828125,169.60000610351562,-0.0101377391383638,-0.010189475975831036,0.0027725440652368594,0.005102018524557161,206.2480010986328,194.61399993896484,190.78299987792968,0.0110068922908144,0.024596106290948334,2.94000244140625,-0.55999755859375,41988620.0
2025-05-21,201.1199951171875,203.4600067138672,200.05999755859372,201.6100006103516,42460900,204.07000732421875,208.63999938964844,173.17999267578125,205.58999633789065,211.66000366210935,176.77999877929688,202.6499938964844,205.75,169.35000610351562,204.6300048828125,210.7100067138672,169.85000610351562,-0.014455883280997672,-0.01456138756787949,-0.0101377391383638,0.08070031092964336,204.4220001220703,195.63999938964844,190.87359985351563,0.011416468331941675,0.023708582598711028,3.400009155273466,-0.4900054931640909,42782380.0
2025-05-22,203.1000061035156,205.75999450683597,200.16000366210935,201.3800048828125,38938900,201.1199951171875,211.3699951171875,180.6000061035156,203.4600067138672,214.83999633789065,187.3800048828125,200.05999755859372,210.1000061035156,180.19000244140625,201.6100006103516,211.0800018310547,183.4499969482422,0.009844923599835909,0.009796778074282054,-0.014455883280997672,0.01308471882441209,204.00800170898438,196.46800003051757,190.95779998779298,0.010010357393626542,0.022860062681857318,5.599990844726619,1.7200012207030966,37700700.0
2025-05-23,200.9900054931641,202.3699951171875,197.8500061035156,198.8999938964844,33393500,203.1000061035156,210.25,186.5399932861328,205.75999450683597,211.92999267578125,186.7400054931641,200.16000366210935,208.8500061035156,180.17999267578125,201.3800048828125,211.4499969482422,180.9199981689453,-0.010388973643240984,-0.010443315729919602,0.009844923599835909,-0.005298742220089303,203.08800354003907,197.06800003051757,191.09980010986328,0.010298626331506383,0.022997311884504604,4.519989013671903,2.0900115966796875,35715700.0
2025-05-27,206.0200042724609,206.69000244140625,202.19000244140625,203.08999633789065,34892000,200.9900054931641,205.1699981689453,188.9900054931641,202.3699951171875,206.8800048828125,189.94000244140625,197.8500061035156,202.6699981689453,185.4900054931641,198.8999938964844,206.4499969482422,187.6199951171875,0.02502611394509313,0.024718089285440805,-0.010388973643240984,-0.024161720956264898,203.06000366210938,197.9840003967285,191.26120025634765,0.016903427910117196,0.02335733995378446,4.5,2.9300079345702557,35831140.0
2025-05-28,204.72000122070312,207.66000366210935,204.41000366210935,205.9199981689453,28549800,206.0200042724609,205.58999633789065,187.6999969482422,206.69000244140625,206.8500061035156,190.22000122070312,202.19000244140625,204.3699951171875,184.88999938964844,203.08999633789065,206.8500061035156,190.1100006103516,-0.00631008166584901,-0.0063300743793082,0.02502611394509313,0.002047074000553817,203.19000244140625,198.85050048828126,191.44080017089843,0.016410267266367306,0.023449357620990666,3.25,-1.1999969482421875,35647020.0
2025-05-29,205.6999969482422,208.80999755859372,204.22999572753903,208.02999877929688,34650000,204.72000122070312,206.16000366210935,187.38999938964844,207.66000366210935,206.6199951171875,188.0200042724609,204.41000366210935,201.25999450683597,183.67999267578125,205.9199981689453,201.6499938964844,183.9900054931641,0.004787005283780621,0.004775584008620333,-0.00631008166584901,0.0027725440652368594,204.1060028076172,199.91450042724608,191.6983999633789,0.014039846881917598,0.022946844298732196,4.5800018310546875,-2.3300018310546875,34084840.0
2025-05-30,205.00999450683597,205.9900054931641,201.6999969482422,204.83999633789065,51679400,205.6999969482422,204.07000732421875,184.4199981689453,208.80999755859372,205.58999633789065,185.0500030517578,204.22999572753903,202.6499938964844,178.85000610351562,208.02999877929688,204.6300048828125,182.1699981689453,-0.0033544115296211263,-0.003360050181078922,0.004787005283780621,-0.0101377391383638,204.48800048828124,200.65500030517578,191.88779998779296,0.014046099249649911,0.022207317812554386,4.290008544921903,0.1699981689453125,36632940.0
2025-06-02,206.6499938964844,207.0,202.67999267578125,204.97999572753903,29113300,205.00999450683597,201.1199951171875,190.1999969482422,205.9900054931641,203.4600067138672,191.80999755859372,201.6999969482422,200.05999755859372,187.5,204.83999633789065,201.6100006103516,190.6300048828125,0.007999607012299847,0.007967779780350723,-0.0033544115296211263,-0.014455883280997672,205.6199981689453,201.48850021362304,192.1217999267578,0.012306706644667972,0.022190158690681118,4.32000732421875,1.6699981689453693,35776900.0
2025-06-03,205.7100067138672,208.9499969482422,205.02999877929688,207.1100006103516,33139100,206.6499938964844,203.1000061035156,189.97999572753903,207.0,205.75999450683597,192.8800048828125,202.67999267578125,200.16000366210935,186.3999938964844,204.97999572753903,201.3800048828125,191.44000244140625,-0.00454869204152053,-0.004559068820302432,0.007999607012299847,0.009844923599835909,205.55799865722656,202.4565002441406,192.3117999267578,0.0062901096273309375,0.021608190738995905,3.9199981689453125,-1.3999938964844034,35426320.0
2025-06-04,207.22999572753903,208.17999267578125,205.17999267578125,206.5500030517578,29915600,205.7100067138672,200.9900054931641,186.3500061035156,208.9499969482422,202.3699951171875,188.17999267578125,205.02999877929688,197.8500061035156,185.52999877929688,207.1100006103516,198.8999938964844,186.50999450683597,0.00738898917924824,0.007361824330479196,-0.00454869204152053,-0.010388973643240984,206.05999755859375,203.56750030517577,192.39119995117187,0.005985944538379503,0.02141434210221552,3.0,0.6799926757812216,35699480.0
2025-06-05,207.91000366210935,212.80999755859372,207.55999755859372,209.5500030517578,51864200,207.22999572753903,206.0200042724609,185.00999450683597,208.17999267578125,206.69000244140625,187.92999267578125,205.17999267578125,202.19000244140625,183.8500061035156,206.5500030517578,203.08999633789065,184.57000732421875,0.0032814165352026414,0.003276044436817532,0.00738898917924824,0.02502611394509313,206.5019989013672,204.5275001525879,192.43519989013672,0.005876137706125656,0.021159708381907352,5.25,-1.639999389648466,39142320.0
2025-06-06,213.57000732421875,213.8699951171875,210.5,212.3999938964844,39832500,207.91000366210935,204.72000122070312,188.7100067138672,212.80999755859372,207.66000366210935,190.9900054931641,207.55999755859372,204.41000366210935,185.00999450683597,209.5500030517578,205.9199981689453,185.55999755859372,0.027223334916139486,0.0268593707089079,0.0032814165352026414,-0.00631008166584901,208.21400146484376,205.60200042724608,192.68399993896483,0.011718393893848092,0.02155767696702515,3.3699951171875,1.1700134277343466,36772940.0
2025-06-09,216.97999572753903,217.8500061035156,212.8800048828125,214.75,38102500,213.57000732421875,205.6999969482422,192.0800018310547,213.8699951171875,208.80999755859372,194.3300018310547,210.5,204.22999572753903,188.82000732421875,212.3999938964844,208.02999877929688,191.42999267578125,0.015966607137600564,0.015840481625608156,0.027223334916139486,0.004787005283780621,210.28000183105468,206.79800033569336,192.9963998413086,0.01220420095908358,0.02168284667070332,4.970001220703097,2.229995727539034,38570780.0
2025-06-10,217.6100006103516,217.69000244140625,214.1499938964844,216.77999877929688,31303300,216.97999572753903,205.00999450683597,193.05999755859372,217.8500061035156,205.9900054931641,194.69000244140625,212.8800048828125,201.6999969482422,191.16000366210935,214.75,204.83999633789065,193.3800048828125,0.0029035159702170965,0.0028993089092675243,0.015966607137600564,-0.0033544115296211263,212.66000061035157,207.24650039672852,193.49419982910158,0.010312741181399375,0.012713469400290606,3.5400085449218466,0.8300018310547159,38203620.0
2025-06-11,213.1999969482422,218.3999938964844,212.88999938964844,217.41000366210935,39326000,217.6100006103516,206.6499938964844,208.63999938964844,217.69000244140625,207.0,211.66000366210935,214.1499938964844,202.67999267578125,205.75,216.77999877929688,204.97999572753903,210.7100067138672,-0.020265629565462295,-0.02047379463536867,0.0029035159702170965,0.007999607012299847,213.8540008544922,207.33800048828124,193.9529998779297,0.01772333715594713,0.013378157817341975,5.509994506835966,-4.210006713867159,40085700.0
2025-06-12,213.2400054931641,213.5800018310547,211.3300018310547,211.77999877929688,27640000,213.1999969482422,205.7100067138672,211.3699951171875,218.3999938964844,208.9499969482422,214.83999633789065,212.88999938964844,205.02999877929688,210.1000061035156,217.41000366210935,207.1100006103516,211.0800018310547,0.0001876573428452044,0.00018763973740853443,-0.020265629565462295,-0.00454869204152053,214.9200012207031,207.48750076293945,194.37440002441406,0.017887445101935337,0.013308720894770042,2.25,1.460006713867216,35240860.0
2025-06-13,212.1000061035156,214.0500030517578,209.6199951171875,209.9600067138672,29337800,213.2400054931641,207.22999572753903,210.25,213.5800018310547,208.17999267578125,211.92999267578125,211.3300018310547,205.17999267578125,208.8500061035156,211.77999877929688,206.5500030517578,211.4499969482422,-0.005346085913907173,-0.005360427367806428,0.0001876573428452044,0.00738898917924824,214.6260009765625,207.83400115966796,194.69620025634765,0.013172734408290318,0.012058345235355959,4.4300079345703125,2.139999389648409,33141920.0
2025-06-16,216.1000061035156,217.05999755859372,211.6000061035156,212.30999755859372,33284200,212.1000061035156,207.91000366210935,205.1699981689453,214.0500030517578,212.80999755859372,206.8800048828125,209.6199951171875,207.55999755859372,202.6699981689453,209.9600067138672,209.5500030517578,206.4499969482422,0.018859028217320217,0.01868340140955021,-0.005346085913907173,0.0032814165352026414,214.45000305175782,208.35950164794923,195.4500003051758,0.014148530002910213,0.012652865894707838,5.459991455078125,3.790008544921875,32178260.0
2025-06-17,214.82000732421875,217.41000366210935,214.55999755859372,215.1999969482422,32086300,216.1000061035156,213.57000732421875,205.58999633789065,217.05999755859372,213.8699951171875,206.8500061035156,211.6000061035156,210.5,204.3699951171875,212.30999755859372,212.3999938964844,206.8500061035156,-0.005923177895162612,-0.0059407894922021915,0.018859028217320217,0.027223334916139486,213.89200439453126,208.7925018310547,196.32640045166016,0.014132122154494373,0.012794214295711507,2.850006103515625,-0.3799896240234375,32334860.0
2025-06-18,212.5200042724609,217.9600067138672,212.33999633789065,215.08999633789065,44360500,214.82000732421875,216.97999572753903,206.16000366210935,217.41000366210935,217.8500061035156,206.6199951171875,214.55999755859372,212.8800048828125,201.25999450683597,215.1999969482422,214.75,201.6499938964844,-0.010706651956707836,-0.0107643805780299,-0.005923177895162612,0.015966607137600564,213.756005859375,209.2150016784668,197.07160064697266,0.0115355878671094,0.012823539868028215,5.620010375976534,-2.5699920654297443,33341760.0
2025-06-20,209.69000244140625,214.88999938964844,208.2700042724609,214.67999267578125,75350700,212.5200042724609,217.6100006103516,204.07000732421875,217.9600067138672,217.69000244140625,205.58999633789065,212.33999633789065,214.1499938964844,202.6499938964844,215.08999633789065,216.77999877929688,204.6300048828125,-0.013316402099382896,-0.013405860444963166,-0.010706651956707836,0.0029035159702170965,213.04600524902344,209.64350204467775,197.8522006225586,0.012818697043214483,0.012748383527703591,6.619995117187528,-4.989990234375,42883900.0
2025-06-23,208.47000122070312,210.38999938964844,207.30999755859372,209.7899932861328,37311700,209.69000244140625,213.1999969482422,201.1199951171875,214.88999938964844,218.3999938964844,203.4600067138672,208.2700042724609,212.88999938964844,200.05999755859372,214.67999267578125,217.41000366210935,201.6100006103516,-0.005818118205440093,-0.005835109391705959,-0.013316402099382896,-0.020265629565462295,212.32000427246095,209.9120018005371,198.19960052490234,0.012839377517540053,0.012732882111627673,3.080001831054716,-1.3199920654296875,44478680.0
2025-06-24,212.7700042724609,214.33999633789065,211.0500030517578,212.13999938964844,38378800,208.47000122070312,213.2400054931641,203.1000061035156,210.38999938964844,213.5800018310547,205.75999450683597,207.30999755859372,211.3300018310547,200.16000366210935,209.7899932861328,211.77999877929688,201.3800048828125,0.02062648355436747,0.02041663831593163,-0.005818118205440093,0.0001876573428452044,211.65400390625,210.50100173950196,198.8306005859375,0.013606196378758567,0.013107009338174734,3.289993286132841,0.6300048828124716,45497600.0
2025-06-25,211.9900054931641,216.02999877929688,211.1100006103516,214.6199951171875,31755700,212.7700042724609,212.1000061035156,200.9900054931641,214.33999633789065,214.0500030517578,202.3699951171875,211.0500030517578,209.6199951171875,197.8500061035156,212.13999938964844,209.9600067138672,198.8999938964844,-0.0036659245365150417,-0.0036726605052765328,0.02062648355436747,-0.005346085913907173,211.08800354003907,210.79950180053712,199.37300079345704,0.01352329700430307,0.012092538168672156,4.919998168945284,-2.629989624023409,45431480.0
2025-06-26,217.1199951171875,218.0399932861328,212.00999450683597,213.1199951171875,50480800,211.9900054931641,216.1000061035156,206.0200042724609,216.02999877929688,217.05999755859372,206.69000244140625,211.1100006103516,211.6000061035156,202.19000244140625,214.6199951171875,212.30999755859372,203.08999633789065,0.024199205109171285,0.023911043937020576,-0.0036659245365150417,0.018859028217320217,212.00800170898438,211.41950149536132,200.07300079345703,0.016871923020814805,0.012949643385490447,6.029998779296847,4.0,46655540.0
2025-06-27,223.3000030517578,223.3000030517578,216.7400054931641,219.9199981689453,119217100,217.1199951171875,214.82000732421875,204.72000122070312,218.0399932861328,217.41000366210935,207.66000366210935,212.00999450683597,214.55999755859372,204.41000366210935,213.1199951171875,215.1999969482422,205.9199981689453,0.028463559660798277,0.028065998915184062,0.024199205109171285,-0.005923177895162612,214.7300018310547,212.29950180053712,200.94720092773437,0.016234964048128128,0.01414624996051705,6.559997558593722,3.3800048828125,55428820.0
2025-06-30,219.38999938964844,223.82000732421875,219.1199951171875,223.5200042724609,58887800,223.3000030517578,212.5200042724609,205.6999969482422,223.3000030517578,217.9600067138672,208.80999755859372,216.7400054931641,212.33999633789065,204.22999572753903,219.9199981689453,215.08999633789065,208.02999877929688,-0.017510092291414314,-0.017665207343808734,0.028463559660798277,-0.010706651956707836,216.91400146484375,213.01850204467775,201.84840087890626,0.01998819736531907,0.01487963924539045,4.70001220703125,-4.130004882812472,59744040.0
2025-07-01,220.4600067138672,221.8800048828125,217.92999267578125,219.5,39256800,219.38999938964844,209.69000244140625,205.00999450683597,223.82000732421875,214.88999938964844,205.9900054931641,219.1199951171875,208.2700042724609,201.6999969482422,223.5200042724609,214.67999267578125,204.83999633789065,0.00487719279454657,0.004865337820140418,-0.017510092291414314,-0.013316402099382896,218.452001953125,213.70900268554686,202.80540100097656,0.019203761764412294,0.014846285930825844,3.95001220703125,0.9600067138671875,59919640.0
2025-07-02,219.9199981689453,221.6000061035156,219.05999755859372,219.72999572753903,30894200,220.4600067138672,208.47000122070312,206.6499938964844,221.8800048828125,210.38999938964844,207.0,217.92999267578125,207.30999755859372,202.67999267578125,219.5,209.7899932861328,204.97999572753903,-0.002449462616694653,-0.002452467458083949,0.00487719279454657,-0.005818118205440093,220.03800048828126,214.41950225830078,203.85740081787108,0.0190375197467766,0.01479488174379317,2.540008544921875,0.19000244140627842,59747340.0
2025-07-03,223.41000366210935,224.00999450683597,221.3600006103516,221.82000732421875,29632400,219.9199981689453,212.7700042724609,205.7100067138672,221.6000061035156,214.33999633789065,208.9499969482422,219.05999755859372,211.0500030517578,205.02999877929688,219.72999572753903,212.13999938964844,207.1100006103516,0.015869432167251007,0.015744829251554494,-0.002449462616694653,0.02062648355436747,221.29600219726564,215.2285026550293,204.86200103759765,0.01751630274098682,0.01503335515624979,2.649993896484375,1.5899963378905966,55577660.0
2025-07-07,223.47000122070312,224.2899932861328,222.3699951171875,223.0,36604100,223.41000366210935,211.9900054931641,207.22999572753903,224.00999450683597,216.02999877929688,208.17999267578125,221.3600006103516,211.1100006103516,205.17999267578125,221.82000732421875,214.6199951171875,206.5500030517578,0.0002685535903061975,0.00026851753624558485,0.015869432167251007,-0.0036659245365150417,221.3300018310547,216.006502532959,205.7194009399414,0.012125163285559345,0.015054673229339795,1.9199981689453125,0.470001220703125,39055060.0
2025-07-08,219.3600006103516,224.0,218.42999267578125,223.9199981689453,45692000,223.47000122070312,217.1199951171875,207.91000366210935,224.2899932861328,218.0399932861328,212.80999755859372,222.3699951171875,212.00999450683597,207.55999755859372,223.0,213.1199951171875,209.5500030517578,-0.018391733064396565,-0.018562963722362852,0.0002685535903061975,0.024199205109171285,221.32400207519532,216.29600219726564,206.37580108642578,0.012449374142017614,0.014759300477205018,5.57000732421875,-4.559997558593722,36415900.0
2025-07-09,222.5399932861328,224.2899932861328,220.47000122070312,221.07000732421875,38155100,219.3600006103516,223.3000030517578,213.57000732421875,224.0,223.3000030517578,213.8699951171875,218.42999267578125,216.7400054931641,210.5,223.9199981689453,219.9199981689453,212.3999938964844,0.014496684294917683,0.014392611963869678,-0.018391733064396565,0.028463559660798277,221.73999938964843,216.57400207519532,207.04680084228517,0.014027991107588915,0.014686644177373576,3.8199920654296875,1.4699859619140625,36195560.0
2025-07-10,222.25999450683597,222.7899932861328,219.6999969482422,221.5500030517578,30370600,222.5399932861328,219.38999938964844,216.97999572753903,224.2899932861328,223.82000732421875,217.8500061035156,220.47000122070312,219.1199951171875,212.8800048828125,221.07000732421875,223.5200042724609,214.75,-0.0012581953255333955,-0.0012589875178301406,0.014496684294917683,-0.017510092291414314,222.20799865722657,216.80650177001954,207.73800079345702,0.013944271624927241,0.014693222765059638,3.089996337890625,0.7099914550781534,36090840.0
2025-07-11,225.0200042724609,226.67999267578125,222.3699951171875,223.5800018310547,50518300,222.25999450683597,220.4600067138672,217.6100006103516,222.7899932861328,221.8800048828125,217.69000244140625,219.6999969482422,217.92999267578125,214.1499938964844,221.5500030517578,219.5,216.77999877929688,0.012417933203629383,0.012341463087489441,-0.0012581953255333955,0.00487719279454657,222.52999877929688,217.39750213623046,208.49060089111327,0.013161686756493427,0.01398534913874605,4.30999755859375,1.4400024414062216,40268020.0
2025-07-14,225.69000244140625,226.66000366210935,224.2400054931641,225.07000732421875,35702600,225.0200042724609,219.9199981689453,213.1999969482422,226.67999267578125,221.6000061035156,218.3999938964844,222.3699951171875,219.05999755859372,212.88999938964844,223.5800018310547,219.72999572753903,217.41000366210935,0.0029775049161144818,0.002973080927807535,0.012417933203629383,-0.002449462616694653,222.9739990234375,218.02000198364257,209.3160009765625,0.01315373377622267,0.013971891597529882,2.4199981689452557,0.6199951171875,40087720.0
2025-07-15,226.3500061035156,227.2700042724609,225.4600067138672,226.1999969482422,34907300,225.69000244140625,223.41000366210935,213.2400054931641,226.66000366210935,224.00999450683597,213.5800018310547,224.2400054931641,221.3600006103516,211.3300018310547,225.07000732421875,221.82000732421875,211.77999877929688,0.0029243814744550622,0.0029201137891530816,0.0029775049161144818,0.015869432167251007,224.37200012207032,218.73250198364258,210.03900115966798,0.006785538864531437,0.013835671042011935,1.8099975585937216,0.15000915527340908,37930780.0
2025-07-16,223.19000244140625,226.1000061035156,222.17999267578125,225.8800048828125,39535900,226.3500061035156,223.47000122070312,212.1000061035156,227.2700042724609,224.2899932861328,214.0500030517578,225.4600067138672,222.3699951171875,209.6199951171875,226.1999969482422,223.0,209.9600067138672,-0.013960696164789121,-0.014059063272129541,0.0029243814744550622,0.0002685535903061975,224.502001953125,219.0870018005371,210.7032012939453,0.00956796150500584,0.01384532477012293,3.9200134277343466,-2.69000244140625,38206940.0
2025-07-17,223.8800048828125,224.5,222.50999450683597,223.32000732421875,31855800,223.19000244140625,219.3600006103516,216.1000061035156,226.1000061035156,224.0,217.05999755859372,222.17999267578125,218.42999267578125,211.6000061035156,225.8800048828125,223.9199981689453,212.30999755859372,0.0030915472640284936,0.003086778258328562,-0.013960696164789121,-0.018391733064396565,224.8260040283203,219.5400016784668,211.45380126953125,0.009552209308823438,0.013730141706906741,1.990005493164034,0.55999755859375,38503980.0
2025-07-18,226.1300048828125,226.3999938964844,222.97999572753903,225.13999938964844,37833800,223.8800048828125,222.5399932861328,214.82000732421875,224.5,224.2899932861328,217.41000366210935,222.50999450683597,220.47000122070312,214.55999755859372,223.32000732421875,221.07000732421875,215.1999969482422,0.010050026580880944,0.009999860894734277,0.0030915472640284936,0.014496684294917683,225.04800415039062,220.2205017089844,212.2762014770508,0.008912244113881446,0.013489007875469406,3.4199981689453693,0.9900054931640625,35967080.0
2025-07-21,229.3000030517578,229.69000244140625,225.6499938964844,225.83999633789065,40297600,226.1300048828125,222.25999450683597,212.5200042724609,226.3999938964844,222.7899932861328,217.9600067138672,222.97999572753903,219.6999969482422,212.33999633789065,225.13999938964844,221.5500030517578,215.08999633789065,0.014018476542235536,0.013921126445029842,0.010050026580880944,-0.0012581953255333955,225.77000427246094,221.20100173950195,213.0880014038086,0.010706732194943006,0.013107444643497033,4.040008544921847,3.460006713867159,36886080.0
2025-07-22,227.47000122070312,230.0,226.3500061035156,229.67999267578125,37483700,229.3000030517578,225.0200042724609,209.69000244140625,229.69000244140625,226.67999267578125,214.88999938964844,225.6499938964844,222.3699951171875,208.2700042724609,225.83999633789065,223.5800018310547,214.67999267578125,-0.007980819043607368,-0.008012836242670535,0.014018476542235536,0.012417933203629383,225.99400329589844,222.15100173950196,213.79580139160157,0.011834549753342352,0.013206130404150225,3.6499938964844034,-2.209991455078125,37401360.0
2025-07-23,228.2899932861328,228.7899932861328,227.08999633789065,228.47000122070312,28294900,227.47000122070312,225.69000244140625,208.47000122070312,230.0,226.66000366210935,210.38999938964844,226.3500061035156,224.2400054931641,207.30999755859372,229.67999267578125,225.07000732421875,209.7899932861328,0.003604836070819184,0.003598354221935051,-0.007980819043607368,0.0029775049161144818,227.01400146484374,222.92700119018554,214.50040130615236,0.008365762867832792,0.012645560111136621,1.699996948242159,-0.1800079345703125,35153160.0
2025-07-24,232.22999572753903,236.0,228.63999938964844,229.1699981689453,42902300,228.2899932861328,226.3500061035156,212.7700042724609,228.7899932861328,227.2700042724609,214.33999633789065,227.08999633789065,225.4600067138672,211.0500030517578,228.47000122070312,226.1999969482422,212.13999938964844,0.01725876103762425,0.017111520335049226,0.003604836070819184,0.0029243814744550622,228.68399963378906,223.9390007019043,214.97220123291015,0.009987422475462557,0.012876091363974496,7.3600006103515625,3.0599975585937216,37362460.0
2025-07-25,231.44000244140625,232.47999572753903,231.17999267578125,232.22000122070312,28712100,232.22999572753903,223.19000244140625,211.9900054931641,236.0,226.1000061035156,216.02999877929688,228.63999938964844,222.17999267578125,211.1100006103516,229.1699981689453,225.8800048828125,214.6199951171875,-0.003401771091877559,-0.0034075702705455803,0.01725876103762425,-0.013960696164789121,229.74599914550782,224.65500106811524,215.37360137939453,0.010865055617536786,0.012127738828402367,1.300003051757784,-0.779998779296875,35538120.0
2025-07-28,232.7899932861328,234.2899932861328,232.25,233.3500061035156,26300100,231.44000244140625,223.8800048828125,217.1199951171875,232.47999572753903,224.5,218.0399932861328,231.17999267578125,222.50999450683597,212.00999450683597,232.22000122070312,223.32000732421875,213.1199951171875,0.005833005662313484,0.00581605955069594,-0.003401771091877559,0.0030915472640284936,230.44399719238282,225.12950057983397,215.8244012451172,0.00965977941359901,0.010614609374569357,2.0399932861328125,-0.5600128173827841,32738620.0
2025-07-29,231.00999450683597,234.72000122070312,230.30999755859372,234.1499938964844,33716200,232.7899932861328,226.1300048828125,223.3000030517578,234.2899932861328,226.3999938964844,223.3000030517578,232.25,222.97999572753903,216.7400054931641,233.3500061035156,225.13999938964844,219.9199981689453,-0.007646371539299701,-0.007675754918145959,0.005833005662313484,0.010050026580880944,231.15199584960936,225.71050033569335,216.341201171875,0.009564881259566461,0.009855734528174166,4.410003662109403,-3.1399993896484375,31985120.0
2025-07-30,230.19000244140625,231.8000030517578,229.2899932861328,231.63999938964844,32993300,231.00999450683597,229.3000030517578,219.38999938964844,234.72000122070312,229.69000244140625,223.82000732421875,230.30999755859372,225.6499938964844,219.1199951171875,234.1499938964844,225.83999633789065,223.5200042724609,-0.0035495956232554082,-0.003555910385463179,-0.007646371539299701,0.014018476542235536,231.53199768066406,226.1970001220703,216.8332012939453,0.010001221889486434,0.009934419025547385,2.510009765625,-1.4499969482421875,32924800.0
2025-07-31,234.1100006103516,236.52999877929688,231.3999938964844,235.7700042724609,104357300,230.19000244140625,227.47000122070312,220.4600067138672,231.8000030517578,230.0,221.8800048828125,229.2899932861328,226.3500061035156,217.92999267578125,231.63999938964844,229.67999267578125,219.5,0.017029402351838252,0.016886027515609428,-0.0035495956232554082,-0.007980819043607368,231.90799865722656,226.90650024414063,217.39220123291017,0.009912141792230307,0.01039774090194554,5.130004882812472,-1.6600036621093182,45215800.0
2025-08-04,211.6499938964844,217.44000244140625,211.4199981689453,217.3999938964844,77890100,214.75,232.22999572753903,223.41000366210935,220.44000244140625,236.0,224.00999450683597,212.8000030517578,228.63999938964844,221.3600006103516,217.2100067138672,229.1699981689453,221.82000732421875,-0.014435418409851408,-0.014540622735209882,-0.08269617085933045,0.01725876103762425,224.3419982910156,225.88249969482422,217.81640106201172,0.03788480751914317,0.02167796691079859,6.0200042724609375,-5.75,74243140.0
2025-08-05,213.75,216.3000030517578,212.8699951171875,213.0500030517578,51505100,211.6499938964844,231.44000244140625,223.47000122070312,217.44000244140625,232.47999572753903,224.2899932861328,211.4199981689453,231.17999267578125,222.3699951171875,217.3999938964844,232.22000122070312,223.0,0.009922070229506863,0.009873169687714855,-0.014435418409851408,-0.003401771091877559,220.88999938964844,225.60199966430665,218.0294009399414,0.039877536079716815,0.021508072935600513,3.4300079345703125,0.6999969482421875,77800920.0
2025-08-06,222.30999755859372,222.6499938964844,213.7400054931641,214.6999969482422,54823000,213.75,232.7899932861328,219.3600006103516,216.3000030517578,234.2899932861328,224.0,212.8699951171875,232.25,218.42999267578125,213.0500030517578,233.3500061035156,223.9199981689453,0.040046772203947256,0.03926568541504018,0.009922070229506863,0.005833005662313484,219.31399841308593,225.5904998779297,218.45580078125,0.047057481540029866,0.02317522444821878,8.909988403320312,7.610000610351534,82166860.0
2025-08-07,223.1300048828125,226.22000122070312,220.82000732421875,221.0,40603500,222.30999755859372,231.00999450683597,222.5399932861328,222.6499938964844,234.72000122070312,224.2899932861328,213.7400054931641,230.30999755859372,220.47000122070312,214.6999969482422,234.1499938964844,221.07000732421875,0.0036885760119835798,0.003681789897764909,0.040046772203947256,-0.007646371539299701,217.1179992675781,225.6340003967285,218.79800079345702,0.045784370445302966,0.02318509991796094,5.399993896484375,2.1300048828125,69416100.0
2025-08-08,222.69000244140625,223.8000030517578,221.8800048828125,223.13999938964844,32970500,223.1300048828125,230.19000244140625,222.25999450683597,226.22000122070312,231.8000030517578,222.7899932861328,220.82000732421875,229.2899932861328,219.6999969482422,221.0,231.63999938964844,221.5500030517578,-0.001971955504762035,-0.0019739023688590293,0.0036885760119835798,-0.0035495956232554082,218.70599975585938,225.5175003051758,219.1574008178711,0.020313504032175578,0.023017140339714005,1.9199981689453125,-0.4499969482421875,51558440.0
2025-08-11,221.3000030517578,223.0500030517578,220.3999938964844,221.77999877929688,31646200,222.69000244140625,234.1100006103516,225.0200042724609,223.8000030517578,236.52999877929688,226.67999267578125,221.8800048828125,231.3999938964844,222.3699951171875,223.13999938964844,235.7700042724609,223.5800018310547,-0.006241858073597895,-0.006261419913672536,-0.001971955504762035,0.017029402351838252,220.63600158691406,225.29800033569336,219.4694009399414,0.018341361663266546,0.02304119874928725,2.650009155273409,-0.4799957275390625,42309660.0
2025-08-12,221.47000122070312,223.5,219.0500030517578,222.22999572753903,37185800,221.3000030517578,214.75,225.69000244140625,223.0500030517578,220.44000244140625,226.66000366210935,220.3999938964844,212.8000030517578,224.2400054931641,221.77999877929688,217.2100067138672,225.07000732421875,0.0007681796954406295,0.0007678847964323423,-0.006241858073597895,-0.08269617085933045,222.18000183105468,225.05400009155272,219.79860107421874,0.018690909451153644,0.023028285851419493,4.4499969482421875,-0.7599945068359091,39445800.0
2025-08-13,224.55999755859372,224.9199981689453,222.0,222.0,36508300,221.47000122070312,211.6499938964844,226.3500061035156,223.5,217.44000244140625,227.2700042724609,219.0500030517578,211.4199981689453,225.4600067138672,222.22999572753903,217.3999938964844,226.1999969482422,0.013952211680404059,0.013855775538096235,0.0007681796954406295,-0.014435418409851408,222.6300018310547,225.12249984741212,220.15680114746092,0.007598043700509887,0.023036359998450016,2.9199981689453125,2.5599975585937216,35782860.0
2025-08-14,230.97999572753903,233.1100006103516,227.0200042724609,227.3999938964844,61545800,224.55999755859372,213.75,223.19000244140625,224.9199981689453,216.3000030517578,226.1000061035156,222.0,212.8699951171875,222.17999267578125,222.0,213.0500030517578,225.8800048828125,0.02858923333961183,0.028188187008165968,0.013952211680404059,0.009922070229506863,224.2,225.47749938964844,220.66220092773438,0.01422238361365296,0.023873757473351413,6.089996337890682,3.5800018310546307,39971320.0
2025-08-15,231.02999877929688,234.0800018310547,229.80999755859372,232.5800018310547,39649200,230.97999572753903,222.30999755859372,223.8800048828125,233.1100006103516,222.6499938964844,224.5,227.0200042724609,213.7400054931641,222.50999450683597,227.3999938964844,214.6999969482422,223.32000732421875,0.00021648217457248542,0.0002164587456877612,0.02858923333961183,0.040046772203947256,225.8679992675781,225.72249908447264,221.13820098876954,0.013906681744289372,0.023796951299048318,4.270004272460966,-1.5500030517578125,41307060.0
2025-08-18,231.4900054931641,231.91000366210935,228.3300018310547,230.22999572753903,25248900,231.02999877929688,223.1300048828125,226.1300048828125,234.0800018310547,226.22000122070312,226.3999938964844,229.80999755859372,220.82000732421875,222.97999572753903,232.5800018310547,221.0,225.13999938964844,0.0019911124801876845,0.001989132843084511,0.00021648217457248542,0.0036885760119835798,227.90599975585937,225.83199920654297,221.60980102539062,0.012270355693371813,0.023611210151728658,3.580001831054659,1.2600097656250568,40027600.0
2025-08-19,228.00999450683597,230.52999877929688,227.1199951171875,230.08999633789065,29891000,231.4900054931641,222.69000244140625,229.3000030517578,231.91000366210935,223.8000030517578,229.69000244140625,228.3300018310547,221.8800048828125,225.6499938964844,230.22999572753903,223.13999938964844,225.83999633789065,-0.01503309388634011,-0.015147236228621111,0.0019911124801876845,-0.001971955504762035,229.21399841308593,225.8589988708496,221.89860076904296,0.016320281034172712,0.023800344237058582,3.410003662109375,-2.0800018310546875,38568640.0
2025-08-20,223.80999755859372,227.2700042724609,220.9199981689453,227.1199951171875,36604300,228.00999450683597,221.3000030517578,227.47000122070312,230.52999877929688,223.0500030517578,230.0,227.1199951171875,220.3999938964844,226.3500061035156,230.08999633789065,221.77999877929688,229.67999267578125,-0.018420231785569063,-0.01859199682633888,-0.01503309388634011,-0.006241858073597895,229.06399841308593,225.63499908447267,222.03520080566406,0.018609427121991796,0.024151037689117003,6.350006103515597,-3.3099975585937784,38587840.0
2025-08-21,221.9499969482422,222.77999877929688,220.5,222.6499938964844,32140500,223.80999755859372,221.47000122070312,228.2899932861328,227.2700042724609,223.5,228.7899932861328,220.9199981689453,219.0500030517578,227.08999633789065,227.1199951171875,222.22999572753903,228.47000122070312,-0.008310623433453124,-0.008345349193359537,-0.018420231785569063,0.0007681796954406295,227.25799865722655,225.12099914550782,222.12200073242187,0.009019917829983268,0.02382461933920766,2.279998779296875,-0.6999969482422159,32706780.0
2025-08-22,228.83999633789065,229.13999938964844,220.82000732421875,222.7899932861328,37315300,221.9499969482422,224.55999755859372,232.22999572753903,222.77999877929688,224.9199981689453,236.0,220.5,222.0,228.63999938964844,222.6499938964844,222.0,229.1699981689453,0.031043025385826706,0.03057093586711227,-0.008310623433453124,0.013952211680404059,226.81999816894532,224.99099884033203,222.43480072021484,0.019917061441394785,0.024935764935354012,8.319992065429688,6.050003051757841,32240000.0
2025-08-25,227.94000244140625,229.6000061035156,227.30999755859372,227.3500061035156,22633700,228.83999633789065,230.97999572753903,231.44000244140625,229.13999938964844,233.1100006103516,232.47999572753903,220.82000732421875,227.0200042724609,231.17999267578125,222.7899932861328,227.3999938964844,232.22000122070312,-0.003932852258726305,-0.003940606259072966,0.031043025385826706,0.02858923333961183,226.10999755859376,224.7484992980957,222.72880065917968,0.019815116922390977,0.02490574543230821,2.290008544921875,0.5899963378906534,31716960.0
2025-08-26,228.7100067138672,229.0,226.0200042724609,227.1100006103516,26105400,227.94000244140625,231.02999877929688,232.7899932861328,229.6000061035156,234.0800018310547,234.2899932861328,227.30999755859372,229.80999755859372,232.25,227.3500061035156,232.5800018310547,233.3500061035156,0.0033781006590050122,0.0033724076943096397,-0.003932852258726305,0.00021648217457248542,226.25,224.63349990844728,223.06100067138672,0.018682184548959473,0.024867037445664025,2.979995727539091,1.6000061035155966,30959840.0
2025-08-27,229.1199951171875,229.8699951171875,227.80999755859372,228.57000732421875,21254500,228.7100067138672,231.4900054931641,231.00999450683597,229.0,231.91000366210935,234.72000122070312,226.0200042724609,228.3300018310547,230.30999755859372,227.1100006103516,230.22999572753903,234.1499938964844,0.0017926124405795996,0.0017910076284830656,0.0033781006590050122,0.0019911124801876845,227.31199951171874,224.57999954223632,223.32140045166017,0.01539410226024796,0.024857835156083266,2.0599975585937784,0.54998779296875,27889880.0
2025-08-28,231.6000061035156,232.7100067138672,228.0200042724609,229.00999450683597,33679600,229.1199951171875,228.00999450683597,230.19000244140625,229.8699951171875,230.52999877929688,231.8000030517578,227.80999755859372,227.1199951171875,229.2899932861328,228.57000732421875,230.08999633789065,231.63999938964844,0.0108240705271474,0.010765909591411497,0.0017926124405795996,-0.01503309388634011,229.24200134277345,224.45449981689453,223.6570004272461,0.013595172110396887,0.02467303625742299,4.690002441406278,2.5900115966796307,28197700.0
2025-08-29,229.0,231.80999755859372,228.16000366210935,231.32000732421875,26199200,231.6000061035156,223.80999755859372,234.1100006103516,232.7100067138672,227.2700042724609,236.52999877929688,228.0200042724609,220.9199981689453,231.3999938964844,229.00999450683597,227.1199951171875,235.7700042724609,-0.011226278216735053,-0.011289768498294493,0.0108240705271474,-0.018420231785569063,229.2740020751953,225.16699981689453,223.98660034179687,0.008263511851080901,0.01561529149212585,3.649993896484375,-2.32000732421875,25974480.0
2025-09-02,225.33999633789065,226.1699981689453,221.8300018310547,223.5200042724609,38843900,229.0,221.9499969482422,214.75,231.80999755859372,222.77999877929688,220.44000244140625,228.16000366210935,220.5,212.8000030517578,231.32000732421875,222.6499938964844,217.2100067138672,-0.015982548742835556,-0.01611164706970365,-0.011226278216735053,-0.008310623433453124,228.75400085449218,225.85149993896485,224.29960021972656,0.011046557829745575,0.01571147789590839,4.339996337890625,1.8199920654297443,29216520.0
2025-09-03,225.9900054931641,227.1699981689453,224.3600006103516,225.2100067138672,29223100,225.33999633789065,228.83999633789065,211.6499938964844,226.1699981689453,229.13999938964844,217.44000244140625,221.8300018310547,220.82000732421875,211.4199981689453,223.5200042724609,222.7899932861328,217.3999938964844,0.0028845707190781056,0.00288041832828813,-0.015982548742835556,0.031043025385826706,228.21000061035156,226.46350021362304,224.65000030517578,0.01098581406748457,0.015632904510838527,2.8099975585937216,0.7799987792969034,29840060.0
2025-09-04,235.67999267578125,235.7700042724609,230.77999877929688,231.19000244140625,59391800,225.9900054931641,227.94000244140625,213.75,227.1699981689453,229.6000061035156,216.3000030517578,224.3600006103516,227.30999755859372,212.8699951171875,225.2100067138672,227.3500061035156,213.0500030517578,0.042877945692648245,0.041984146824532165,0.0028845707190781056,-0.003932852258726305,229.52200012207032,227.13199996948242,225.1082000732422,0.02330697378719546,0.015995564073196543,4.990005493164034,4.489990234375,37467520.0
2025-09-05,232.3300018310547,236.0,231.92999267578125,235.19000244140625,36721800,235.67999267578125,228.7100067138672,222.30999755859372,235.7700042724609,229.0,222.6499938964844,230.77999877929688,226.0200042724609,213.7400054931641,231.19000244140625,227.1100006103516,214.6999969482422,-0.014214150326010255,-0.01431613896889294,0.042877945692648245,0.0033781006590050122,229.66799926757812,227.59199981689454,225.515,0.024630194434355674,0.01645203263934943,4.07000732421875,-2.8600006103515625,38075960.0
2025-09-08,235.83999633789065,237.6000061035156,233.75,234.94000244140625,33947100,232.3300018310547,229.1199951171875,223.1300048828125,236.0,229.8699951171875,226.22000122070312,231.92999267578125,227.80999755859372,220.82000732421875,235.19000244140625,228.57000732421875,221.0,0.015107797009308976,0.014994810804568525,-0.014214150326010255,0.0017926124405795996,231.03599853515624,228.24949951171874,225.88940002441407,0.02420947291790812,0.01666871270063768,3.8500061035155966,0.8999938964844034,39625540.0
2025-09-09,238.2400054931641,238.8500061035156,235.0800018310547,236.3600006103516,27033800,235.83999633789065,231.6000061035156,222.69000244140625,237.6000061035156,232.7100067138672,223.8000030517578,233.75,228.0200042724609,221.8800048828125,234.94000244140625,229.00999450683597,223.13999938964844,0.010176429751274751,0.010124998519937195,0.015107797009308976,0.0108240705271474,233.61600036621093,229.09649963378905,226.1882000732422,0.02082485039307566,0.01659356292530362,3.770004272460909,1.8800048828125,37263520.0
2025-09-10,230.3300018310547,237.67999267578125,229.1000061035156,237.5200042724609,60907700,238.2400054931641,229.0,221.3000030517578,238.8500061035156,231.80999755859372,223.0500030517578,235.0800018310547,228.16000366210935,220.3999938964844,236.3600006103516,231.32000732421875,221.77999877929688,-0.03320182790348525,-0.03376552082845374,0.010176429751274751,-0.011226278216735053,234.48399963378907,229.53949966430665,226.40700012207031,0.029106038937169385,0.018546474872680786,8.579986572265653,-7.190002441406222,43600440.0
2025-09-11,229.9499969482422,231.52999877929688,229.33999633789065,231.4900054931641,37485600,230.3300018310547,225.33999633789065,221.47000122070312,237.67999267578125,226.1699981689453,223.5,229.1000061035156,221.8300018310547,219.0500030517578,237.5200042724609,223.5200042724609,222.22999572753903,-0.0016498279850283293,-0.0016511904499798356,-0.03320182790348525,-0.015982548742835556,233.33800048828124,229.80899963378906,226.59679992675783,0.01953085972695235,0.018349927264271048,2.1900024414062216,-1.5400085449219034,39219200.0
2025-09-12,228.1499938964844,230.7899932861328,226.2899932861328,230.3500061035156,38496200,229.9499969482422,225.9900054931641,224.55999755859372,231.52999877929688,227.1699981689453,224.9199981689453,229.33999633789065,224.3600006103516,222.0,231.4900054931641,225.2100067138672,222.0,-0.00782780202498956,-0.007858600093329381,-0.0016498279850283293,0.0028845707190781056,232.50199890136724,229.66749954223633,226.7613998413086,0.018958139628136538,0.017279886427566036,4.5,-2.200012207031193,39574080.0
2025-09-15,231.42999267578125,233.72999572753903,230.32000732421875,230.6300048828125,33243300,228.1499938964844,235.67999267578125,230.97999572753903,230.7899932861328,235.7700042724609,233.1100006103516,226.2899932861328,230.77999877929688,227.0200042724609,230.3500061035156,231.19000244140625,227.3999938964844,0.014376501718361023,0.014274139722700788,-0.00782780202498956,0.042877945692648245,231.6199981689453,229.68749923706054,226.92179962158204,0.018780888723725853,0.01759690270462261,3.409988403320284,0.79998779296875,39433320.0
2025-09-16,234.0500030517578,235.8999938964844,232.22999572753903,232.94000244140625,38203900,231.42999267578125,232.3300018310547,231.02999877929688,233.72999572753903,236.0,234.0800018310547,230.32000732421875,231.92999267578125,229.80999755859372,230.6300048828125,235.19000244140625,232.5800018310547,0.011320962964584513,0.011257360441086762,0.014376501718361023,-0.014214150326010255,230.78199768066406,229.81549911499025,227.13339965820313,0.01899689565654254,0.017768800221919265,3.6699981689453693,1.1100006103515625,41667340.0
2025-09-17,231.6199951171875,234.3000030517578,228.7100067138672,233.7700042724609,42815200,234.0500030517578,235.83999633789065,231.4900054931641,235.8999938964844,237.6000061035156,231.91000366210935,232.22999572753903,233.75,228.3300018310547,232.94000244140625,234.94000244140625,230.22999572753903,-0.010382430689534927,-0.010436704109897131,0.011320962964584513,0.015107797009308976,231.0399963378906,229.99599914550782,227.37859954833985,0.011178374557556206,0.017581526738756938,5.589996337890625,-2.150009155273409,38048840.0
2025-09-18,231.22999572753903,233.47999572753903,228.7899932861328,232.5,37931700,231.6199951171875,238.2400054931641,228.00999450683597,234.3000030517578,238.8500061035156,230.52999877929688,228.7100067138672,235.0800018310547,227.1199951171875,233.7700042724609,236.3600006103516,230.08999633789065,-0.0016837898189711042,-0.0016852089863250992,-0.010382430689534927,0.010176429751274751,231.29599609375,230.36699905395508,227.55239959716798,0.011180524536745035,0.017000666545605003,4.690002441406222,-1.270004272460966,38138060.0
2025-09-19,231.47999572753903,234.16000366210935,229.6999969482422,232.3699951171875,97943200,231.22999572753903,230.3300018310547,223.80999755859372,233.47999572753903,237.67999267578125,227.2700042724609,228.7899932861328,229.1000061035156,220.9199981689453,232.5,237.5200042724609,227.1199951171875,0.0010811746080494622,0.001080590559717161,-0.0016837898189711042,-0.03320182790348525,231.96199645996094,230.84349899291993,227.73679962158204,0.010041861188642111,0.01683652686079839,4.460006713867159,-0.8899993896484659,50027460.0
2025-09-22,227.6300048828125,230.57000732421875,227.50999450683597,230.55999755859372,45914500,231.47999572753903,229.9499969482422,221.9499969482422,234.16000366210935,231.52999877929688,222.77999877929688,229.6999969482422,229.33999633789065,220.5,232.3699951171875,231.4900054931641,222.6499938964844,-0.016632067201427292,-0.01677193303853678,0.0010811746080494622,-0.0016498279850283293,231.20199890136718,230.78299942016602,227.78899963378908,0.010764245371708241,0.015892097258417105,3.060012817382784,-2.9299926757812216,52561700.0
2025-09-23,220.7100067138672,227.8600006103516,220.07000732421875,227.8300018310547,70956200,227.6300048828125,228.1499938964844,228.83999633789065,230.57000732421875,230.7899932861328,229.13999938964844,227.50999450683597,226.2899932861328,220.82000732421875,230.55999755859372,230.3500061035156,222.7899932861328,-0.030400202172415014,-0.030871872178262885,-0.016632067201427292,-0.00782780202498956,228.53399963378905,230.42149963378907,227.68939971923828,0.012643131840050378,0.017266615587465308,7.789993286132841,-7.1199951171875,59112160.0
2025-09-24,220.2100067138672,224.55999755859372,219.4499969482422,224.1499938964844,49509000,220.7100067138672,231.42999267578125,227.94000244140625,227.8600006103516,233.72999572753903,229.6000061035156,220.07000732421875,230.32000732421875,227.30999755859372,227.8300018310547,230.6300048828125,227.3500061035156,-0.0022654160880354324,-0.002267986025112884,-0.030400202172415014,0.014376501718361023,226.252001953125,229.99649963378906,227.5665997314453,0.013340972104843392,0.017229306832202907,5.110000610351534,-3.939987182617216,60450920.0
2025-09-25,218.1499938964844,220.6699981689453,216.47000122070312,220.05999755859372,52226300,220.2100067138672,234.0500030517578,228.7100067138672,224.55999755859372,235.8999938964844,229.0,219.4499969482422,232.22999572753903,226.0200042724609,224.1499938964844,232.94000244140625,227.1100006103516,-0.009354764790773018,-0.009398795415484247,-0.0022654160880354324,0.011320962964584513,223.63600158691406,229.4479995727539,227.46579956054688,0.012567023001917338,0.017288836293105472,4.1999969482421875,-1.9100036621093182,63309840.0
2025-09-26,219.77999877929688,221.0500030517578,218.0200042724609,219.0800018310547,41650100,218.1499938964844,231.6199951171875,229.1199951171875,220.6699981689453,234.3000030517578,229.8699951171875,216.47000122070312,228.7100067138672,227.80999755859372,220.05999755859372,233.7700042724609,228.57000732421875,0.007471945580644457,0.007444168873481592,-0.009354764790773018,-0.010382430689534927,221.29600219726564,228.85699920654298,227.38379943847656,0.014364738467189195,0.017170666024774697,3.0299987792969034,0.6999969482421875,52051220.0
2025-09-29,222.1699981689453,222.6000061035156,219.3000030517578,220.0800018310547,44259200,219.77999877929688,231.22999572753903,231.6000061035156,221.0500030517578,233.47999572753903,232.7100067138672,218.0200042724609,228.7899932861328,228.0200042724609,219.0800018310547,232.5,229.00999450683597,0.01087450815780766,0.010815805882780046,0.007471945580644457,-0.0016837898189711042,220.2040008544922,228.51549911499023,227.30459930419923,0.016422621129705856,0.01728866144057176,3.300003051757784,2.089996337890625,51720160.0
2025-09-30,219.57000732421875,222.2400054931641,217.88999938964844,222.02999877929688,48396400,222.1699981689453,231.47999572753903,229.0,222.6000061035156,234.16000366210935,231.80999755859372,219.3000030517578,229.6999969482422,228.16000366210935,220.0800018310547,232.3699951171875,231.32000732421875,-0.011702709034319914,-0.011771724709007034,0.01087450815780766,0.0010811746080494622,219.9760009765625,228.22699966430665,227.10999938964844,0.009984100461718938,0.017123991722247656,4.350006103515653,-2.459991455078125,47208200.0
2025-10-01,220.6300048828125,222.1499938964844,216.6100006103516,217.3600006103516,43933800,219.57000732421875,227.6300048828125,225.33999633789065,222.2400054931641,230.57000732421875,226.1699981689453,217.88999938964844,227.50999450683597,221.8300018310547,222.02999877929688,230.55999755859372,223.5200042724609,0.004827606336181178,0.004815990813160187,-0.011702709034319914,-0.016632067201427292,220.06000061035155,227.95899963378906,226.97319946289062,0.0102586514334703,0.017153615269907736,5.5399932861328125,3.270004272460909,46093160.0
2025-10-02,222.41000366210935,222.80999755859372,218.9499969482422,221.00999450683597,41258600,220.6300048828125,220.7100067138672,225.9900054931641,222.1499938964844,227.8600006103516,227.1699981689453,216.6100006103516,220.07000732421875,224.3600006103516,217.3600006103516,227.8300018310547,225.2100067138672,0.008067800117405932,0.008035429408424596,0.004827606336181178,-0.030400202172415014,220.91200256347656,227.29550018310547,226.85559967041016,0.008987182445780848,0.013922472872315609,3.860000610351534,1.4000091552733807,43899620.0
2025-10-03,219.50999450683597,224.1999969482422,219.33999633789065,223.44000244140625,43639000,222.41000366210935,220.2100067138672,235.67999267578125,222.80999755859372,224.55999755859372,235.7700042724609,218.9499969482422,219.4499969482422,230.77999877929688,221.00999450683597,224.1499938964844,231.19000244140625,-0.013039023009410733,-0.013124777320547301,0.008067800117405932,-0.0022654160880354324,220.85800170898438,226.65449981689454,226.6011996459961,0.01132950510065773,0.01387416510703868,4.860000610351534,-3.930007934570284,44297400.0
2025-10-06,220.8999938964844,221.72999572753903,216.02999877929688,221.0,43690900,219.50999450683597,218.1499938964844,232.3300018310547,224.1999969482422,220.6699981689453,236.0,219.33999633789065,216.47000122070312,231.92999267578125,223.44000244140625,220.05999755859372,235.19000244140625,0.00633228292302257,0.006312318256467209,-0.013039023009410733,-0.009354764790773018,220.6040008544922,225.90749969482422,226.39039947509767,0.01036076222055704,0.013410988886961975,5.699996948242159,-0.10000610351559658,44183740.0
2025-10-07,221.77999877929688,222.88999938964844,220.1699981689453,220.8800048828125,31194700,220.8999938964844,219.77999877929688,235.83999633789065,221.72999572753903,221.0500030517578,237.6000061035156,216.02999877929688,218.0200042724609,233.75,221.0,219.0800018310547,234.94000244140625,0.003983725247293846,0.003975811225101454,0.00633228292302257,0.007471945580644457,221.0459991455078,225.08449935913086,226.17019958496093,0.008568600620038655,0.013155424147522667,2.720001220703125,0.899993896484375,40743400.0
2025-10-08,225.22000122070312,226.72999572753903,221.19000244140625,222.9199981689453,46686000,221.77999877929688,222.1699981689453,238.2400054931641,222.88999938964844,222.6000061035156,238.8500061035156,220.1699981689453,219.3000030517578,235.0800018310547,220.8800048828125,220.0800018310547,236.3600006103516,0.015510877718191152,0.015391813667974614,0.003983725247293846,0.01087450815780766,221.96399841308593,224.8289993286133,226.0543997192383,0.010543587926097919,0.01180510391727679,5.539993286132784,2.3000030517578125,41293840.0
2025-10-09,227.7400054931641,228.2100067138672,221.75,225.0,46412100,225.22000122070312,219.57000732421875,230.3300018310547,226.72999572753903,222.2400054931641,237.67999267578125,221.19000244140625,217.88999938964844,229.1000061035156,222.9199981689453,222.02999877929688,237.5200042724609,0.01118907849570383,0.011126943813862119,0.015510877718191152,-0.011702709034319914,223.02999877929688,224.71849975585937,226.00539978027345,0.010917738508233417,0.012116015598529746,6.4600067138671875,2.740005493164091,42324540.0
2025-10-10,216.3699951171875,228.25,216.0,226.2100067138672,72367500,227.7400054931641,220.6300048828125,229.9499969482422,228.2100067138672,222.1499938964844,231.52999877929688,221.75,216.6100006103516,229.33999633789065,225.0,217.3600006103516,231.4900054931641,-0.04992539782966621,-0.051214768870408295,0.01118907849570383,0.004827606336181178,222.4019989013672,224.12949981689454,225.65059967041014,0.02683731233333895,0.016378871957495864,12.25,-9.840011596679688,48070240.0
2025-10-13,220.07000732421875,220.67999267578125,217.0399932861328,217.6999969482422,37809700,216.3699951171875,222.41000366210935,228.1499938964844,228.25,222.80999755859372,230.7899932861328,216.0,218.9499969482422,226.2899932861328,226.2100067138672,221.00999450683597,230.3500061035156,0.017100394188331425,0.016955828210376053,-0.04992539782966621,0.008067800117405932,222.23600158691406,223.5615005493164,225.75699981689453,0.028132297496509917,0.016537302019435644,3.6399993896484375,2.3700103759765625,46894000.0
2025-10-14,216.38999938964844,219.32000732421875,212.6000061035156,215.55999755859372,45665600,220.07000732421875,219.50999450683597,231.42999267578125,220.67999267578125,224.1999969482422,233.72999572753903,217.0399932861328,219.33999633789065,230.32000732421875,217.6999969482422,223.44000244140625,230.6300048828125,-0.016721987604375044,-0.016863378479674927,0.017100394188331425,-0.013039023009410733,221.1580017089844,222.67850036621093,225.85179992675782,0.02883565112196333,0.016503188398000072,6.720001220703153,0.8300018310547159,49788180.0
2025-10-15,215.57000732421875,217.7100067138672,212.66000366210935,216.6199951171875,45909500,216.38999938964844,220.8999938964844,234.0500030517578,219.32000732421875,221.72999572753903,235.8999938964844,212.6000061035156,216.02999877929688,232.22999572753903,215.55999755859372,221.0,232.94000244140625,-0.003789417568938358,-0.0037966156016826813,-0.016721987604375044,0.00633228292302257,219.2280029296875,221.8760009765625,225.8882000732422,0.026687400453114546,0.016430121596921598,5.050003051757841,-1.04998779296875,49632880.0
2025-10-16,214.47000122070312,218.58999633789065,212.80999755859372,215.6699981689453,42414600,215.57000732421875,221.77999877929688,231.6199951171875,217.7100067138672,222.88999938964844,234.3000030517578,212.66000366210935,220.1699981689453,228.7100067138672,216.6199951171875,220.8800048828125,233.7700042724609,-0.00510277898660183,-0.005115842622809568,-0.003789417568938358,0.003983725247293846,216.57400207519532,221.0380012512207,225.73140014648436,0.024606726742963825,0.016428522935166154,5.779998779296932,-1.1999969482421875,48833380.0
2025-10-17,213.0399932861328,214.8000030517578,211.02999877929688,214.55999755859372,45986900,214.47000122070312,225.22000122070312,231.22999572753903,218.58999633789065,226.72999572753903,233.47999572753903,212.80999755859372,221.19000244140625,228.7899932861328,215.6699981689453,222.9199981689453,232.5,-0.006667636156250767,-0.006689964147498498,-0.00510277898660183,0.015510877718191152,215.9080017089844,220.1160011291504,225.52959991455077,0.01235727135932769,0.016403052772020168,3.7700042724609375,-1.520004272460909,43557260.0
2025-10-20,216.47999572753903,216.69000244140625,213.58999633789065,213.8800048828125,38882800,213.0399932861328,227.7400054931641,231.47999572753903,214.8000030517578,228.2100067138672,234.16000366210935,211.02999877929688,221.75,229.6999969482422,214.55999755859372,225.0,232.3699951171875,0.016147214372026264,0.016018234695332437,-0.006667636156250767,0.01118907849570383,215.18999938964845,219.55850067138672,225.40539978027343,0.011970251777140489,0.01671047080631871,3.1000061035155966,2.599990844726534,43771880.0
2025-10-21,222.02999877929688,223.32000732421875,217.9900054931641,218.42999267578125,50494600,216.47999572753903,216.3699951171875,227.6300048828125,216.69000244140625,228.25,230.57000732421875,213.58999633789065,216.0,227.50999450683597,213.8800048828125,226.2100067138672,230.55999755859372,0.025637486886977978,0.025314357693141158,0.016147214372026264,-0.04992539782966621,216.31799926757813,219.6245002746582,225.4199996948242,0.014708160410146864,0.01645988887915195,5.330001831054659,3.600006103515625,44737680.0
2025-10-22,217.9499969482422,220.00999450683597,216.5200042724609,219.3000030517578,44308500,222.02999877929688,220.07000732421875,220.7100067138672,223.32000732421875,220.67999267578125,227.8600006103516,217.9900054931641,217.0399932861328,220.07000732421875,218.42999267578125,217.6999969482422,227.8300018310547,-0.018375903497213075,-0.01854683769726401,0.025637486886977978,0.017100394188331425,216.79399719238282,219.51149978637696,225.349599609375,0.018021462416354536,0.016984525491608157,3.489990234375057,-1.350006103515625,44417480.0
2025-10-23,221.08999633789065,221.3000030517578,218.17999267578125,219.0,31540000,217.9499969482422,216.38999938964844,220.2100067138672,220.00999450683597,219.32000732421875,224.55999755859372,216.5200042724609,212.6000061035156,219.4499969482422,219.3000030517578,215.55999755859372,224.1499938964844,0.014406971477930908,0.014304177190941961,-0.018375903497213075,-0.016721987604375044,218.1179962158203,219.65849990844725,225.28019958496094,0.01812225189757029,0.017153693355224972,3.1200103759765625,2.0899963378906534,42242560.0
2025-10-24,224.2100067138672,225.3999938964844,221.8999938964844,221.97000122070312,38685100,221.08999633789065,215.57000732421875,218.1499938964844,221.3000030517578,217.7100067138672,220.6699981689453,218.17999267578125,212.66000366210935,216.47000122070312,219.0,216.6199951171875,220.05999755859372,0.014111947295924798,0.014013300747684945,0.014406971477930908,-0.003789417568938358,220.35199890136718,219.88000030517577,225.1447998046875,0.01675632291049118,0.017352497007436195,3.5,2.2400054931640625,40782200.0
2025-10-27,226.97000122070312,228.3999938964844,225.5399932861328,227.66000366210935,38267000,224.2100067138672,214.47000122070312,219.77999877929688,225.3999938964844,218.58999633789065,221.0500030517578,221.8999938964844,212.80999755859372,218.0200042724609,221.97000122070312,215.6699981689453,219.0800018310547,0.012309863182682124,0.012234712914707927,0.014111947295924798,-0.00510277898660183,222.45,220.12000045776367,225.06359985351563,0.016512559845583537,0.01739777169977142,2.860000610351591,-0.6900024414062216,40659040.0
2025-10-28,229.25,231.4900054931641,226.2100067138672,228.22000122070312,47100000,226.97000122070312,213.0399932861328,222.1699981689453,228.3999938964844,214.8000030517578,222.6000061035156,225.5399932861328,211.02999877929688,219.3000030517578,227.66000366210935,214.55999755859372,220.0800018310547,0.010045375014470892,0.009995255600938363,0.012309863182682124,-0.006667636156250767,223.8940002441406,220.60400009155273,225.01879974365235,0.014014249069929327,0.017226700882121845,5.279998779296903,1.029998779296875,39980120.0
2025-10-29,230.3000030517578,232.82000732421875,227.75999450683597,231.6699981689453,52036200,229.25,216.47999572753903,219.57000732421875,231.4900054931641,216.69000244140625,222.2400054931641,226.2100067138672,213.58999633789065,217.88999938964844,228.22000122070312,213.8800048828125,222.02999877929688,0.0045801659836763875,0.00456970894129321,0.010045375014470892,0.016147214372026264,226.36400146484374,221.0875,225.06459991455077,0.00403397161529769,0.017224880633154718,5.060012817382784,-1.3699951171875,41525660.0
2025-10-30,222.8600006103516,228.44000244140625,222.75,227.05999755859372,102252900,230.3000030517578,222.02999877929688,220.6300048828125,232.82000732421875,223.32000732421875,222.1499938964844,227.75999450683597,217.9900054931641,216.6100006103516,231.6699981689453,218.42999267578125,217.3600006103516,-0.03230569840563202,-0.032839045720237554,0.0045801659836763875,0.025637486886977978,226.71800231933594,221.1099998474121,225.04559997558593,0.01937099711857382,0.01880539723801691,5.69000244140625,-4.199996948242131,55668240.0
2025-11-03,254.0,258.6000061035156,252.8999938964844,255.3600006103516,95997800,244.22000122070312,221.08999633789065,219.50999450683597,250.5,221.3000030517578,224.1999969482422,243.97999572753903,218.17999267578125,219.33999633789065,250.1000061035156,219.0,223.44000244140625,0.04004585509136338,0.039264803615285844,0.09584492754129248,0.014406971477930908,236.1260009765625,224.00050048828126,225.99420013427735,0.04785581440970352,0.029204294034844955,5.700012207031222,-1.360000610351591,92745540.0
2025-11-04,249.32000732421875,257.010009765625,248.66000366210935,250.3800048828125,51546300,254.0,224.2100067138672,220.8999938964844,258.6000061035156,225.3999938964844,221.72999572753903,252.8999938964844,221.8999938964844,216.02999877929688,255.3600006103516,221.97000122070312,221.0,-0.018425168014886806,-0.018597025701107325,0.04004585509136338,0.014111947295924798,240.14000244140624,225.37750091552735,226.4218002319336,0.0514377951053073,0.029766761415801465,8.350006103515653,-1.05999755859375,93634800.0
2025-11-05,250.1999969482422,251.0,246.16000366210935,249.02999877929688,40610700,249.32000732421875,226.97000122070312,221.77999877929688,257.010009765625,228.3999938964844,222.88999938964844,248.66000366210935,225.5399932861328,220.1699981689453,250.3800048828125,227.66000366210935,220.8800048828125,0.0035295587926045258,0.0035233445181079427,-0.018425168014886806,0.012309863182682124,244.12000122070313,226.6265007019043,226.8516000366211,0.05150815178492057,0.029691695821668487,4.839996337890653,1.1699981689453125,91349700.0
2025-11-06,243.0399932861328,250.3800048828125,242.1699981689453,249.16000366210935,46004200,250.1999969482422,229.25,225.22000122070312,251.0,231.4900054931641,226.72999572753903,246.16000366210935,226.2100067138672,221.19000244140625,249.02999877929688,228.22000122070312,222.9199981689453,-0.028617121300727022,-0.029034574612610754,0.0035295587926045258,0.010045375014470892,248.15599975585937,227.39150009155273,227.13,0.05063117610787683,0.0306226557399097,8.210006713867188,-6.120010375976534,80099960.0
2025-11-07,244.41000366210935,244.8999938964844,238.4900054931641,242.8999938964844,46374300,243.0399932861328,230.3000030517578,227.7400054931641,250.3800048828125,232.82000732421875,228.2100067138672,242.1699981689453,227.75999450683597,221.75,249.16000366210935,231.6699981689453,225.0,0.005636975040414827,0.005621146751201127,-0.028617121300727022,0.0045801659836763875,248.19400024414062,228.79350051879882,227.38619995117188,0.026482958503205995,0.02790194826379243,6.4099884033203125,1.5100097656249432,56106660.0
2025-11-10,248.3999938964844,251.75,245.58999633789065,248.33999633789065,36476500,244.41000366210935,222.8600006103516,216.3699951171875,244.8999938964844,228.44000244140625,228.25,238.4900054931641,222.75,216.0,242.8999938964844,227.05999755859372,226.2100067138672,0.01632498741700905,0.016193167513876918,0.005636975040414827,-0.03230569840563202,247.0739990234375,230.20999984741212,227.77419982910158,0.01854910923815627,0.02788693370600747,6.160003662109347,0.05999755859375,44202400.0
2025-11-11,249.1000061035156,249.75,247.22999572753903,248.41000366210935,23564100,248.3999938964844,244.22000122070312,220.07000732421875,251.75,250.5,220.67999267578125,245.58999633789065,243.97999572753903,217.0399932861328,248.33999633789065,250.1000061035156,217.6999969482422,0.0028180846386127723,0.0028141212824004096,0.01632498741700905,0.09584492754129248,247.02999877929688,231.84550018310546,228.24940002441406,0.01686416916473646,0.027370605175173073,2.520004272460966,0.69000244140625,38605960.0
2025-11-12,244.1999969482422,250.3699951171875,243.75,250.2400054931641,31190100,249.1000061035156,254.0,216.38999938964844,249.75,258.6000061035156,219.32000732421875,247.22999572753903,252.8999938964844,212.6000061035156,248.41000366210935,255.3600006103516,215.55999755859372,-0.019670851205186968,-0.019866897590761556,0.0028180846386127723,0.04004585509136338,245.8299987792969,233.27699966430663,228.61359985351564,0.018718839507725953,0.02793706715601601,6.6199951171875,-6.040008544921903,36721840.0
2025-11-13,237.5800018310547,243.75,236.5,243.0500030517578,41401700,244.1999969482422,249.32000732421875,215.57000732421875,250.3699951171875,257.010009765625,217.7100067138672,243.75,248.66000366210935,212.66000366210935,250.2400054931641,250.3800048828125,216.6199951171875,-0.027108907452568887,-0.027483132611142096,-0.019670851205186968,-0.018425168014886806,244.73800048828124,234.43249969482423,228.6516000366211,0.018243218544509436,0.028841527219669514,7.25,-5.470001220703125,35801340.0
2025-11-14,234.69000244140625,238.72999572753903,232.88999938964844,235.05999755859372,38956700,237.5800018310547,250.1999969482422,214.47000122070312,243.75,251.0,218.58999633789065,236.5,246.16000366210935,212.80999755859372,243.0500030517578,249.02999877929688,215.6699981689453,-0.012164320933474637,-0.01223891180071706,-0.027108907452568887,0.0035295587926045258,242.79400024414062,235.5150001525879,228.69880004882813,0.017517339475553173,0.028989520541164257,5.839996337890597,-0.3699951171874716,34317820.0
2025-11-17,232.8699951171875,234.6000061035156,229.19000244140625,233.25,59919000,234.69000244140625,243.0399932861328,213.0399932861328,238.72999572753903,250.3800048828125,214.8000030517578,232.88999938964844,242.1699981689453,211.02999877929688,235.05999755859372,249.16000366210935,214.55999755859372,-0.007754941860691922,-0.007785167790615942,-0.012164320933474637,-0.028617121300727022,239.68800048828126,236.33450012207032,228.63940002441407,0.011420725248917048,0.029008819891040344,5.410003662109347,-0.3800048828125,39006320.0
2025-11-18,222.5500030517578,230.1999969482422,222.4199981689453,228.1000061035156,60608400,232.8699951171875,244.41000366210935,216.47999572753903,234.6000061035156,244.8999938964844,216.69000244140625,229.19000244140625,238.4900054931641,213.58999633789065,233.25,242.8999938964844,213.8800048828125,-0.04431653833391602,-0.045328527802621185,-0.007754941860691922,0.005636975040414827,234.37799987792968,236.36050033569336,228.32559997558593,0.014396264658173192,0.030449639836112298,7.779998779296875,-5.550003051757784,46415180.0
2025-11-19,222.69000244140625,223.7400054931641,218.5200042724609,223.7400054931641,58335600,222.5500030517578,248.3999938964844,222.02999877929688,230.1999969482422,251.75,223.32000732421875,222.4199981689453,245.58999633789065,217.9900054931641,228.1000061035156,248.33999633789065,218.42999267578125,0.0006290693674619874,0.0006288715862684946,-0.04431653833391602,0.01632498741700905,230.0760009765625,236.59750061035157,228.17279998779296,0.017758720033452868,0.03012286138569447,5.220001220703182,-1.050003051757841,51844280.0
2025-11-20,217.13999938964844,227.41000366210935,216.7400054931641,227.0500030517578,50309000,222.69000244140625,249.1000061035156,217.9499969482422,223.7400054931641,249.75,220.00999450683597,218.5200042724609,247.22999572753903,216.5200042724609,223.7400054931641,248.41000366210935,219.3000030517578,-0.02492255148822009,-0.025238376767976148,0.0006290693674619874,0.0028180846386127723,225.98800048828124,236.40000076293944,227.9166000366211,0.017507911778522425,0.030516825221393776,10.669998168945256,-9.910003662109375,53625740.0
2025-11-21,220.69000244140625,222.2100067138672,215.17999267578125,216.3500061035156,68490500,217.13999938964844,244.1999969482422,221.08999633789065,227.41000366210935,250.3699951171875,221.3000030517578,216.7400054931641,243.75,218.17999267578125,227.0500030517578,250.2400054931641,219.0,0.016348913427910006,0.01621670892983362,-0.02492255148822009,-0.019670851205186968,223.18800048828126,236.2240005493164,227.76740020751953,0.0234122069633408,0.030577124532985313,7.0300140380859375,4.339996337890653,59532500.0
2025-11-24,226.27999877929688,227.3300018310547,222.2700042724609,222.55999755859372,54318400,220.69000244140625,237.5800018310547,224.2100067138672,222.2100067138672,243.75,225.3999938964844,215.17999267578125,236.5,221.8999938964844,216.3500061035156,243.0500030517578,221.97000122070312,0.02532963104830621,0.025014152157624068,0.016348913427910006,-0.027108907452568887,221.87000122070313,236.1895004272461,227.66440032958985,0.028936573615817373,0.030996748817468313,5.059997558593778,3.7200012207031534,58412380.0
2025-11-25,229.6699981689453,230.5200042724609,223.8000030517578,226.3800048828125,39379300,226.27999877929688,234.69000244140625,226.97000122070312,227.3300018310547,238.72999572753903,228.3999938964844,222.2700042724609,232.88999938964844,225.5399932861328,222.55999755859372,235.05999755859372,227.66000366210935,0.0149814363087164,0.01487032297548011,0.02532963104830621,-0.012164320933474637,223.29400024414062,236.21050033569335,227.5768002319336,0.019655354658369813,0.031097977268004832,6.720001220703097,3.2899932861328125,54166560.0
2025-11-26,229.16000366210935,231.75,228.7700042724609,230.7400054931641,38497900,229.6699981689453,232.8699951171875,229.25,230.5200042724609,234.6000061035156,231.4900054931641,223.8000030517578,229.19000244140625,226.2100067138672,226.3800048828125,233.25,228.22000122070312,-0.0022205534501760216,-0.002223022534822027,0.0149814363087164,-0.007754941860691922,224.58800048828124,236.15350036621095,227.52760040283204,0.019906882299526724,0.031088645431600594,2.979995727539091,-1.5800018310547443,50199020.0
2025-11-28,233.22000122070312,233.2899932861328,230.22000122070312,231.2400054931641,20292300,229.16000366210935,222.5500030517578,230.3000030517578,231.75,230.1999969482422,232.82000732421875,228.7700042724609,222.4199981689453,227.75999450683597,230.7400054931641,228.1000061035156,231.6699981689453,0.017716868099636462,0.017561753805358658,-0.0022205534501760216,-0.04431653833391602,227.8040008544922,236.6715003967285,227.56740051269531,0.010134504081486475,0.03033910721855599,3.0699920654296875,1.979995727539034,44195680.0
2025-12-01,233.8800048828125,235.8000030517578,232.25,233.22000122070312,42904000,233.22000122070312,222.69000244140625,222.8600006103516,233.2899932861328,223.7400054931641,228.44000244140625,230.22000122070312,218.5200042724609,222.75,231.2400054931641,223.7400054931641,227.05999755859372,0.0028299616613276513,0.002825964858582112,0.017716868099636462,0.0006290693674619874,230.44200134277344,236.15450057983398,227.6154006958008,0.011238249244451364,0.021001587743827627,3.5500030517578125,0.660003662109375,39078380.0
2025-12-02,234.4199981689453,238.97000122070312,233.5500030517578,235.00999450683597,45785400,233.8800048828125,217.13999938964844,244.22000122070312,235.8000030517578,227.41000366210935,250.5,232.25,216.7400054931641,243.97999572753903,233.22000122070312,227.0500030517578,250.1000061035156,0.0023088475921804186,0.0023061862991379644,0.0028299616613276513,-0.02492255148822009,232.07000122070312,235.17550048828124,227.75120056152343,0.008701914943032919,0.01858623237144689,5.4199981689453125,-0.5899963378906534,37371780.0
2025-12-03,232.3800048828125,233.3800048828125,230.6100006103516,233.3500061035156,35495100,234.4199981689453,220.69000244140625,254.0,238.97000122070312,222.2100067138672,258.6000061035156,233.5500030517578,215.17999267578125,252.8999938964844,235.00999450683597,216.3500061035156,255.3600006103516,-0.008702300580441968,-0.008740386717129234,0.0023088475921804186,0.016348913427910006,232.61200256347655,234.32850036621093,227.98460052490233,0.009739216010497731,0.018309688081017732,2.770004272460909,-0.9700012207030966,36594940.0
2025-12-04,229.1100006103516,233.5,226.8000030517578,232.7700042724609,45683200,232.3800048828125,226.27999877929688,249.32000732421875,233.3800048828125,227.3300018310547,257.010009765625,230.6100006103516,222.2700042724609,248.66000366210935,233.3500061035156,222.55999755859372,250.3800048828125,-0.014071797072686798,-0.014171743534491094,-0.008702300580441968,0.02532963104830621,232.602001953125,233.2740005493164,228.16260040283203,0.012257355471982579,0.018384411707603736,6.6999969482421875,-3.660003662109318,38032000.0
2025-12-05,229.52999877929688,231.2400054931641,228.5500030517578,230.32000732421875,33117400,229.1100006103516,229.6699981689453,250.1999969482422,233.5,230.5200042724609,251.0,226.8000030517578,223.8000030517578,246.16000366210935,232.7700042724609,226.3800048828125,249.02999877929688,0.0018331725713691682,0.00183149436118387,-0.014071797072686798,0.0149814363087164,231.86400146484374,232.5985008239746,228.39020050048828,0.007754097581315709,0.017498106810653485,2.6900024414062784,-0.790008544921875,40597020.0
2025-12-08,226.88999938964844,230.8300018310547,226.2700042724609,229.58999633789065,35019200,229.52999877929688,229.16000366210935,243.0399932861328,231.2400054931641,231.75,250.3800048828125,228.5500030517578,228.7700042724609,242.1699981689453,230.32000732421875,230.7400054931641,249.16000366210935,-0.011501761877265149,-0.011568418747626617,0.0018331725713691682,-0.0022205534501760216,230.46600036621095,231.72250061035157,228.53240051269532,0.007634095860210461,0.017487545237392075,4.559997558593778,-2.699996948242216,39020060.0
2025-12-09,227.9199981689453,228.57000732421875,225.1100006103516,226.83999633789065,25841700,226.88999938964844,233.22000122070312,244.41000366210935,230.8300018310547,233.2899932861328,244.8999938964844,226.2700042724609,230.22000122070312,238.4900054931641,229.58999633789065,231.2400054931641,242.8999938964844,0.004539639393836836,0.004529366309921425,-0.011501761877265149,0.017716868099636462,229.16600036621094,230.6985008239746,228.6474005126953,0.00828083433818742,0.01697301793307512,3.460006713867159,1.080001831054659,35031320.0
2025-12-10,231.77999877929688,232.4199981689453,228.4600067138672,228.80999755859372,38790700,227.9199981689453,233.8800048828125,248.3999938964844,228.57000732421875,235.8000030517578,251.75,225.1100006103516,232.25,245.58999633789065,226.83999633789065,233.22000122070312,248.33999633789065,0.016935769749744978,0.016793958483706913,0.004539639393836836,0.0028299616613276513,229.0459991455078,229.83250045776367,228.89160034179687,0.012649793667092415,0.017561640422489724,3.959991455078125,2.9700012207031534,35690440.0
2025-12-11,230.27999877929688,232.1100006103516,228.69000244140625,230.7100067138672,28249600,231.77999877929688,234.4199981689453,249.1000061035156,232.4199981689453,238.97000122070312,249.75,228.4600067138672,233.5500030517578,247.22999572753903,228.80999755859372,235.00999450683597,248.41000366210935,-0.006471654188885845,-0.006492686132941979,0.016935769749744978,0.0023088475921804186,229.27999877929688,229.1365005493164,229.08460021972655,0.010946108672042773,0.01716344297094965,3.419998168945341,-0.4300079345703125,32203720.0
2025-12-12,226.19000244140625,230.0800018310547,225.1199951171875,229.8699951171875,35639100,230.27999877929688,232.3800048828125,244.1999969482422,232.1100006103516,233.3800048828125,250.3699951171875,228.69000244140625,230.6100006103516,243.75,230.7100067138672,233.3500061035156,250.2400054931641,-0.017760970816273702,-0.017920589673159203,-0.006471654188885845,-0.008702300580441968,228.61199951171875,228.56700057983397,229.1602001953125,0.013751271324585314,0.016583800624338025,4.9600067138671875,-3.67999267578125,32708060.0
2025-12-15,222.5399932861328,227.92999267578125,221.5,227.92999267578125,47286100,226.19000244140625,229.1100006103516,237.5800018310547,230.0800018310547,233.5,243.75,225.1199951171875,226.8000030517578,236.5,229.8699951171875,232.7700042724609,243.0500030517578,-0.01613691637948922,-0.016268534273204432,-0.017760970816273702,-0.014071797072686798,227.74199829101562,227.95950012207032,229.22080017089843,0.014609632428038232,0.016731030623116604,6.42999267578125,-5.3899993896484375,35161440.0
2025-12-16,222.55999755859372,223.66000366210935,221.1300048828125,223.0399932861328,39298900,222.5399932861328,229.52999877929688,234.69000244140625,227.92999267578125,231.2400054931641,238.72999572753903,221.5,228.5500030517578,232.88999938964844,227.92999267578125,230.32000732421875,235.05999755859372,8.989068511011666e-05,8.988664518458119e-05,-0.01613691637948922,0.0018331725713691682,226.6699981689453,227.44400024414062,229.25400024414063,0.014102973838057139,0.01669376721004591,2.5299987792968466,-0.4799957275390909,37852880.0
2025-12-17,221.2700042724609,225.19000244140625,220.9900054931641,224.66000366210935,44034400,222.55999755859372,226.88999938964844,232.8699951171875,223.66000366210935,230.8300018310547,234.6000061035156,221.1300048828125,226.2700042724609,229.19000244140625,223.0399932861328,229.58999633789065,233.25,-0.005796159688549629,-0.005813022613826566,8.989068511011666e-05,-0.011501761877265149,224.56799926757813,227.38000030517577,229.2438003540039,0.007528976514146895,0.013483623915587979,4.199996948242159,-3.3899993896484375,38901620.0
2025-12-18,226.75999450683597,229.22999572753903,224.41000366210935,225.7100067138672,50272400,221.2700042724609,227.9199981689453,222.5500030517578,225.19000244140625,228.57000732421875,230.1999969482422,220.9900054931641,225.1100006103516,222.4199981689453,224.66000366210935,226.83999633789065,228.1000061035156,0.02481127187766008,0.024508470639878342,-0.005796159688549629,0.004539639393836836,223.86399841308594,227.58349990844727,229.27460021972655,0.017184942747378085,0.014600093467788225,4.8199920654296875,1.0499877929687784,43306180.0
2025-12-19,227.3500061035156,229.1300048828125,225.5800018310547,226.75999450683597,85544400,226.75999450683597,231.77999877929688,222.69000244140625,229.22999572753903,232.4199981689453,223.7400054931641,224.41000366210935,228.4600067138672,218.5200042724609,225.7100067138672,228.80999755859372,223.7400054931641,0.0026019210221044364,0.002598541885829773,0.02481127187766008,0.016935769749744978,224.09599914550782,228.09400024414063,229.2668002319336,0.015084493910585623,0.013263349047630858,3.5500030517578125,0.5900115966796307,53287240.0
2025-12-22,228.42999267578125,229.47999572753903,226.7100067138672,228.6100006103516,32261300,227.3500061035156,230.27999877929688,217.13999938964844,229.1300048828125,232.1100006103516,227.41000366210935,225.5800018310547,228.69000244140625,216.7400054931641,226.75999450683597,230.7100067138672,227.0500030517578,0.00475032567966549,0.004739078487121393,0.0026019210221044364,-0.006471654188885845,225.2739990234375,228.4809997558594,229.50800018310548,0.011603244543020206,0.01286825818272162,2.7699890136718466,-0.18000793457034092,50282280.0
2025-12-23,232.13999938964844,232.4499969482422,228.72999572753903,229.05999755859372,29230200,228.42999267578125,226.19000244140625,220.69000244140625,229.47999572753903,230.0800018310547,222.2100067138672,226.7100067138672,225.1199951171875,215.17999267578125,228.6100006103516,229.8699951171875,216.3500061035156,0.016241329216049705,0.016110849706755952,0.00475032567966549,-0.017760970816273702,227.18999938964845,228.77399978637695,229.74940002441406,0.012033401230074915,0.012133226331436061,3.7200012207031534,3.080001831054716,48268540.0
2025-12-24,232.3800048828125,232.9499969482422,231.3300018310547,232.1300048828125,11420500,232.13999938964844,222.5399932861328,226.27999877929688,232.4499969482422,227.92999267578125,227.3300018310547,228.72999572753903,221.5,222.2700042724609,229.05999755859372,227.92999267578125,222.55999755859372,0.001033882544133169,0.0010333484556670999,0.016241329216049705,-0.01613691637948922,229.41199951171876,228.9095001220703,230.06920013427734,0.010258494962175332,0.011701586410719757,1.6199951171875,0.25,41745760.0
2025-12-26,232.5200042724609,232.9900054931641,231.17999267578125,232.0399932861328,15994700,232.3800048828125,222.55999755859372,229.6699981689453,232.9499969482422,223.66000366210935,230.5200042724609,231.3300018310547,221.1300048828125,223.8000030517578,232.1300048828125,223.0399932861328,226.3800048828125,0.000602458846315157,0.000602277440840304,0.001033882544133169,8.989068511011666e-05,230.56400146484376,229.0775001525879,230.4082000732422,0.006466035997278935,0.011682128487255758,1.810012817382841,0.4800109863280966,34890220.0
2025-12-29,232.07000732421875,232.6000061035156,230.7700042724609,231.94000244140625,19797900,232.5200042724609,221.2700042724609,229.16000366210935,232.9900054931641,225.19000244140625,231.75,231.17999267578125,220.9900054931641,228.7700042724609,232.0399932861328,224.66000366210935,230.7400054931641,-0.0019353042317806768,-0.0019371793526923157,0.000602458846315157,-0.005796159688549629,231.50800170898438,229.02000045776367,230.7602001953125,0.007174366524676781,0.010989646097458134,1.8300018310546875,0.1300048828125,21740920.0
2025-12-30,232.52999877929688,232.7700042724609,230.1999969482422,231.2100067138672,21910500,232.07000732421875,226.75999450683597,233.22000122070312,232.6000061035156,229.22999572753903,233.2899932861328,230.7700042724609,224.41000366210935,230.22000122070312,231.94000244140625,225.7100067138672,231.2400054931641,0.001982123671998126,0.0019801618568183687,-0.0019353042317806768,0.02481127187766008,232.3280029296875,228.9525001525879,231.15000030517578,0.007222004439806867,0.01097901407976779,2.5700073242187216,1.3199920654296875,19670760.0
2025-12-31,230.82000732421875,232.9900054931641,230.1199951171875,232.91000366210935,24383700,232.52999877929688,227.3500061035156,233.8800048828125,232.7700042724609,229.1300048828125,235.8000030517578,230.1999969482422,225.5800018310547,232.25,231.2100067138672,226.75999450683597,233.22000122070312,-0.0073538531116630335,-0.007381025988312501,0.001982123671998126,0.0026019210221044364,232.06400451660156,228.77250061035156,231.43680053710938,0.0037667589482197608,0.01107350257749761,2.870010375976591,-2.0899963378905966,18701460.0
2026-01-02,226.5,235.4600067138672,224.6999969482422,231.33999633789065,51456200,230.82000732421875,228.42999267578125,234.4199981689453,232.9900054931641,229.47999572753903,238.97000122070312,230.1199951171875,226.7100067138672,233.5500030517578,232.91000366210935,228.6100006103516,235.00999450683597,-0.018715913643268745,-0.01889327280046985,-0.0073538531116630335,0.00475032567966549,230.88800354003905,228.47850036621094,231.52620056152344,0.008413701707303888,0.011664250560434632,10.760009765625,-4.839996337890653,26708600.0
2026-01-05,233.05999755859372,234.0,227.17999267578125,228.83999633789065,49733300,226.5,232.13999938964844,232.3800048828125,235.4600067138672,232.4499969482422,233.3800048828125,224.6999969482422,228.72999572753903,230.6100006103516,231.33999633789065,229.05999755859372,233.3500061035156,0.028962461627345393,0.028550975746587545,-0.018715913643268745,0.016241329216049705,230.99600219726562,228.67600021362304,231.82840057373048,0.01767155079815772,0.01305438360288839,6.82000732421875,4.220001220703068,33456320.0
2026-01-06,240.92999267578125,243.17999267578125,232.07000732421875,232.1000061035156,53764700,233.05999755859372,232.3800048828125,229.1100006103516,234.0,232.9499969482422,233.5,227.17999267578125,231.3300018310547,226.8000030517578,228.83999633789065,232.1300048828125,232.7700042724609,0.033768107781812384,0.033210483799024845,0.028962461627345393,0.001033882544133169,232.76799926757812,229.24599990844726,232.22520050048828,0.02285140875859769,0.014980862417819683,11.1099853515625,8.829986572265653,40249680.0
2026-01-07,241.55999755859372,245.2899932861328,239.5200042724609,239.6100006103516,42236500,240.92999267578125,232.5200042724609,229.52999877929688,243.17999267578125,232.9900054931641,231.2400054931641,232.07000732421875,231.17999267578125,228.5500030517578,232.1000061035156,232.0399932861328,230.32000732421875,0.0026148877348792787,0.002611474864167473,0.033768107781812384,0.000602458846315157,234.5739990234375,229.97949981689453,232.57220031738282,0.022813348792579825,0.014612873848288454,5.769989013671903,1.9499969482421307,44314880.0
2026-01-08,246.2899932861328,246.41000366210935,241.8800048828125,243.05999755859372,39509800,241.55999755859372,232.07000732421875,226.88999938964844,245.2899932861328,232.6000061035156,230.8300018310547,239.5200042724609,230.7700042724609,226.2700042724609,239.6100006103516,231.94000244140625,229.58999633789065,0.0195810389772495,0.01939179681615786,0.0026148877348792787,-0.0019353042317806768,237.66799621582032,230.89799957275392,232.9586001586914,0.021464396037745585,0.015063495562266492,4.529998779296847,3.229995727539091,47340100.0
2026-01-09,247.3800048828125,247.8600006103516,242.2400054931641,244.57000732421875,34560000,246.2899932861328,232.52999877929688,227.9199981689453,246.41000366210935,232.7700042724609,228.57000732421875,241.8800048828125,230.1999969482422,225.1100006103516,243.05999755859372,231.2100067138672,226.83999633789065,0.004425724253495522,0.004415959535942419,0.0195810389772495,0.001982123671998126,241.8439971923828,231.6779998779297,233.32120025634765,0.014072910057637283,0.014754208656018342,5.6199951171875,2.80999755859375,43960860.0
2026-01-12,246.47000122070312,248.94000244140625,245.9600067138672,246.72999572753903,35867800,247.3800048828125,230.82000732421875,231.77999877929688,247.8600006103516,232.9900054931641,232.4199981689453,242.2400054931641,230.1199951171875,228.4600067138672,244.57000732421875,232.91000366210935,228.80999755859372,-0.003678565947722645,-0.0036853485099490966,0.004425724253495522,-0.0073538531116630335,244.5259979248047,232.4875,233.64460021972656,0.01516926854948139,0.014669176905400065,2.9799957275390625,-0.2599945068359091,41187760.0
2026-01-13,242.6000061035156,247.66000366210935,240.25,246.52999877929688,38371800,246.47000122070312,226.5,230.27999877929688,248.94000244140625,235.4600067138672,232.1100006103516,245.9600067138672,224.6999969482422,228.69000244140625,246.72999572753903,231.33999633789065,230.7100067138672,-0.01570168822988771,-0.015826265506308508,-0.003678565947722645,-0.018715913643268745,244.86000061035156,233.30800018310546,234.03940032958985,0.01283967538213693,0.014518511089711703,7.410003662109347,-3.9299926757812784,38109180.0
2026-01-14,236.6499938964844,241.27999877929688,236.22000122070312,241.1499938964844,41410600,242.6000061035156,233.05999755859372,226.19000244140625,247.66000366210935,234.0,230.0800018310547,240.25,227.17999267578125,225.1199951171875,246.52999877929688,228.83999633789065,229.8699951171875,-0.02452601837319146,-0.024831791107773286,-0.01570168822988771,0.028962461627345393,243.87799987792968,234.01350021362305,233.88800018310548,0.01721486615038875,0.015223056698302703,5.05999755859375,-4.5,37944000.0
2026-01-15,238.17999267578125,240.6499938964844,236.6300048828125,239.30999755859372,43003600,236.6499938964844,240.92999267578125,222.5399932861328,241.27999877929688,243.17999267578125,227.92999267578125,236.22000122070312,232.07000732421875,221.5,241.1499938964844,232.1000061035156,227.92999267578125,0.006465239039753046,0.006444429028140061,-0.02452601837319146,0.033768107781812384,242.25599975585936,234.79449996948242,233.5716000366211,0.013275773610954025,0.015221519974332392,4.019989013671903,-1.1300048828124716,38642760.0
2026-01-16,239.1199951171875,239.57000732421875,236.41000366210935,239.08999633789065,45888300,238.17999267578125,241.55999755859372,222.55999755859372,240.6499938964844,245.2899932861328,223.66000366210935,236.6300048828125,239.5200042724609,221.1300048828125,239.30999755859372,239.6100006103516,223.0399932861328,0.0039466053837939885,0.003938837966679267,0.006465239039753046,0.0026148877348792787,240.60399780273437,235.68699951171874,233.36759979248046,0.013177633557705222,0.015063206643308106,3.1600036621094034,0.02999877929684658,40908420.0
2026-01-20,231.0,235.08999633789065,229.33999633789065,233.75999450683597,47737900,239.1199951171875,246.2899932861328,221.2700042724609,239.57000732421875,246.41000366210935,225.19000244140625,236.41000366210935,241.8800048828125,220.9900054931641,239.08999633789065,243.05999755859372,224.66000366210935,-0.033957825706746436,-0.03454778703396358,0.0039466053837939885,0.0195810389772495,237.50999755859374,235.89899978637695,232.9835998535156,0.0176434185591521,0.016456277494553678,5.75,-2.759994506835966,43282440.0
2026-01-21,231.30999755859372,232.3000030517578,226.8800048828125,231.08999633789065,47276100,231.0,247.3800048828125,226.75999450683597,235.08999633789065,247.8600006103516,229.22999572753903,229.33999633789065,242.2400054931641,224.41000366210935,233.75999450683597,244.57000732421875,225.7100067138672,0.001341980773132967,0.0013410811217218887,-0.033957825706746436,0.004425724253495522,235.2519958496094,236.09699935913085,232.74899993896486,0.018554625388956004,0.016452456552111434,5.4199981689453125,0.22000122070306816,45063300.0
2026-01-22,234.33999633789065,235.72000122070312,230.8999938964844,234.0500030517578,31913300,231.30999755859372,246.47000122070312,227.3500061035156,232.3000030517578,248.94000244140625,229.1300048828125,226.8800048828125,245.9600067138672,225.5800018310547,231.08999633789065,246.72999572753903,226.75999450683597,0.013099298825289152,0.01301424496916034,0.001341980773132967,-0.003678565947722645,234.7899963378906,236.39249954223632,232.54759979248047,0.01848866112095621,0.016657468325845557,4.820007324218722,0.2899932861328409,43163840.0
2026-01-23,239.16000366210935,240.4499969482422,234.57000732421875,234.9600067138672,33778500,234.33999633789065,242.6000061035156,228.42999267578125,235.72000122070312,247.66000366210935,229.47999572753903,230.8999938964844,240.25,226.7100067138672,234.0500030517578,246.52999877929688,228.6100006103516,0.020568436457892636,0.02035976271241001,0.013099298825289152,-0.01570168822988771,234.98599853515626,236.74349975585938,232.36279998779298,0.020977164663616484,0.016886769473726727,5.8799896240234375,4.199996948242159,41318820.0
2026-01-26,238.4199981689453,240.9499969482422,237.5399932861328,239.97999572753903,32825500,239.16000366210935,236.6499938964844,232.13999938964844,240.4499969482422,241.27999877929688,232.4499969482422,234.57000732421875,236.22000122070312,228.72999572753903,234.9600067138672,241.1499938964844,229.05999755859372,-0.003094185824689677,-0.0030989827151845415,0.020568436457892636,-0.02452601837319146,234.84599914550782,237.045499420166,232.14919982910158,0.020966203989504082,0.016919586058927686,3.410003662109375,-1.5599975585937216,38706260.0
2026-01-27,244.67999267578125,244.8800048828125,238.0800018310547,239.69000244140625,38029200,238.4199981689453,238.17999267578125,232.3800048828125,240.9499969482422,240.6499938964844,232.9499969482422,237.5399932861328,236.6300048828125,231.3300018310547,239.97999572753903,239.30999755859372,232.1300048828125,0.026256163723313408,0.02591738783059459,-0.003094185824689677,0.006465239039753046,237.58199768066407,237.65349884033202,232.15879974365234,0.012436076996965256,0.01780367981997391,6.8000030517578125,4.989990234375,36764520.0
2026-01-28,243.00999450683597,247.77999877929688,241.52999877929688,246.3699951171875,40882700,244.67999267578125,239.1199951171875,232.5200042724609,244.8800048828125,239.57000732421875,232.9900054931641,238.0800018310547,236.41000366210935,231.17999267578125,239.69000244140625,239.08999633789065,232.0399932861328,-0.006825233852112089,-0.006848632287987498,0.026256163723313408,0.0039466053837939885,239.9219970703125,238.20049819946288,232.26739959716798,0.014492295832174153,0.017904015386065775,6.25,-3.360000610351534,35485840.0
2026-01-29,241.72999572753903,243.0,236.7400054931641,242.82000732421875,47229600,243.00999450683597,231.0,232.07000732421875,247.77999877929688,235.08999633789065,232.6000061035156,241.52999877929688,229.33999633789065,230.7700042724609,246.3699951171875,233.75999450683597,231.94000244140625,-0.005267268047532636,-0.005281189009016069,-0.006825233852112089,-0.033957825706746436,241.39999694824218,238.660498046875,232.40819946289062,0.015780978475686786,0.017987343963277884,6.259994506835909,-1.090011596679716,38549100.0
2026-01-30,239.3000030517578,243.32000732421875,237.63999938964844,239.88999938964844,46585000,241.72999572753903,231.30999755859372,232.52999877929688,243.0,232.3000030517578,232.7700042724609,236.7400054931641,226.8800048828125,230.1999969482422,242.82000732421875,231.08999633789065,231.2100067138672,-0.010052507834071744,-0.010103375476311452,-0.005267268047532636,0.001341980773132967,241.42799682617186,239.08449783325196,232.53679962158202,0.014782879608757831,0.018071882541575133,5.6800079345703125,-0.589996337890625,41110400.0
2026-02-02,242.9600067138672,245.6300048828125,238.1699981689453,238.30999755859372,37546100,239.3000030517578,234.33999633789065,230.82000732421875,243.32000732421875,235.72000122070312,232.9900054931641,237.63999938964844,230.8999938964844,230.1199951171875,239.88999938964844,234.0500030517578,232.91000366210935,0.015294624385431943,0.015178840703943746,-0.010052507834071744,0.013099298825289152,242.33599853515625,239.90749816894532,232.94499969482422,0.015995121641170715,0.01761834015044869,7.4600067138671875,4.650009155273466,42054520.0
2026-02-03,238.6199951171875,246.3500061035156,235.4499969482422,244.97999572753903,53831300,242.9600067138672,239.16000366210935,226.5,245.6300048828125,240.4499969482422,235.4600067138672,238.1699981689453,234.57000732421875,224.6999969482422,238.30999755859372,234.9600067138672,231.33999633789065,-0.017863069956986388,-0.01802454038618342,0.015294624385431943,0.020568436457892636,241.1239990234375,240.185498046875,233.26359954833984,0.012311018157824762,0.017185073635130717,10.900009155273409,-6.360000610351534,45214940.0
2026-02-04,232.9900054931641,238.8600006103516,231.82000732421875,238.8600006103516,51299900,238.6199951171875,238.4199981689453,233.05999755859372,246.3500061035156,240.9499969482422,234.0,235.4499969482422,237.5399932861328,227.17999267578125,244.97999572753903,239.97999572753903,228.83999633789065,-0.023593955826118007,-0.023876750218376545,-0.017863069956986388,-0.003094185824689677,239.12000122070313,239.78849868774415,233.58059967041015,0.014952695200006662,0.016245629573372816,7.039993286132841,-5.8699951171875,47298380.0
2026-02-05,222.69000244140625,226.30999755859372,220.3800048828125,224.91000366210935,103509200,232.9900054931641,244.67999267578125,240.92999267578125,238.8600006103516,244.8800048828125,243.17999267578125,231.82000732421875,238.0800018310547,232.07000732421875,238.8600006103516,239.69000244140625,232.1000061035156,-0.04420791797466195,-0.04521487700574913,-0.023593955826118007,0.026256163723313408,235.31200256347657,238.84499893188476,233.62059967041014,0.0216305123213637,0.018788826106621772,5.929992675781222,-2.2200012207030966,58554300.0
2026-02-06,210.32000732421875,211.44000244140625,200.30999755859372,202.6999969482422,179210900,222.69000244140625,243.00999450683597,241.55999755859372,226.30999755859372,247.77999877929688,245.2899932861328,220.3800048828125,241.52999877929688,239.5200042724609,224.91000366210935,246.3699951171875,239.6100006103516,-0.05554804877440456,-0.057150465515023806,-0.04420791797466195,-0.006825233852112089,229.51600341796876,237.04649963378907,233.30139984130858,0.027287946981474145,0.021204402200878006,11.130004882812528,7.6200103759765625,85079480.0
2026-02-09,208.72000122070312,212.80999755859372,203.3500061035156,208.97000122070312,91178400,210.32000732421875,241.72999572753903,246.2899932861328,211.44000244140625,243.0,246.41000366210935,200.30999755859372,236.7400054931641,241.8800048828125,202.6999969482422,242.82000732421875,243.05999755859372,-0.00760748406141476,-0.007636568568798812,-0.05554804877440456,-0.005267268047532636,222.66800231933593,235.1134994506836,232.88239990234376,0.019647243554423523,0.021013709789048138,9.459991455078125,-0.25,95805940.0
2026-02-10,206.9600067138672,212.6499938964844,206.41000366210935,208.8000030517578,67175000,208.72000122070312,239.3000030517578,247.3800048828125,212.80999755859372,243.32000732421875,247.8600006103516,203.3500061035156,237.63999938964844,242.2400054931641,208.97000122070312,239.88999938964844,244.57000732421875,-0.008432323191560842,-0.008468076358810299,-0.00760748406141476,-0.010052507834071744,216.33600463867188,233.13799972534179,232.4383999633789,0.02144573977309359,0.02098617639982977,6.239990234375057,-1.839996337890625,98474680.0
2026-02-11,204.0800018310547,208.57000732421875,202.4900054931641,208.05999755859372,65545500,206.9600067138672,242.9600067138672,246.47000122070312,212.6499938964844,245.6300048828125,248.94000244140625,206.41000366210935,238.1699981689453,245.9600067138672,208.8000030517578,238.30999755859372,246.72999572753903,-0.013915755650289796,-0.01401348751238724,-0.008432323191560842,0.015294624385431943,210.55400390625,231.21199951171874,231.85559997558593,0.022346899632939555,0.02095763441216279,6.080001831054659,-3.979995727539034,101323800.0
2026-02-12,199.6000061035156,203.9600067138672,197.55999755859372,203.9600067138672,83975400,204.0800018310547,238.6199951171875,242.6000061035156,208.57000732421875,246.3500061035156,247.66000366210935,202.4900054931641,235.4499969482422,240.25,208.05999755859372,244.97999572753903,246.52999877929688,-0.021952154485219033,-0.0221966883496971,-0.013915755650289796,-0.017863069956986388,205.93600463867188,229.3595001220703,231.17,0.019879390183843916,0.02086105255698562,6.400009155273466,-4.360000610351591,97417040.0
2026-02-13,198.7899932861328,201.16000366210935,197.27999877929688,198.8800048828125,66321600,199.6000061035156,232.9900054931641,236.6499938964844,203.9600067138672,238.8600006103516,241.27999877929688,197.55999755859372,231.82000732421875,236.22000122070312,203.9600067138672,238.8600006103516,241.1499938964844,-0.004058180323715521,-0.004066437083335827,-0.021952154485219033,-0.023593955826118007,203.6300018310547,227.3900001525879,230.45739990234375,0.0069741615303636015,0.020600995473873195,3.8800048828124716,-0.0900115966796875,74839180.0
2026-02-17,201.1499938964844,201.7400054931641,196.0,198.1300048828125,69879200,198.7899932861328,222.69000244140625,238.17999267578125,201.16000366210935,226.30999755859372,240.6499938964844,197.27999877929688,220.3800048828125,236.6300048828125,198.8800048828125,224.91000366210935,239.30999755859372,0.011871828009746288,0.011801910679928855,-0.004058180323715521,-0.04420791797466195,202.11600036621093,225.49150009155272,229.83279968261718,0.012627394404161966,0.020932502258424728,5.740005493164091,3.0199890136719034,70579340.0
2026-02-18,204.7899932861328,206.8600006103516,201.50999450683597,202.07000732421875,51003300,201.1499938964844,210.32000732421875,239.1199951171875,201.7400054931641,211.44000244140625,239.57000732421875,196.0,200.30999755859372,236.41000366210935,198.1300048828125,202.6999969482422,239.08999633789065,0.018095945812067082,0.01793416301137342,0.011871828009746288,-0.05554804877440456,201.68199768066407,224.18099975585938,229.34639953613282,0.016886267427094148,0.020822915776780686,5.350006103515625,2.7199859619140625,67345000.0
2026-02-19,204.8600006103516,205.63999938964844,202.80999755859372,203.8000030517578,35669600,204.7899932861328,208.72000122070312,231.0,206.8600006103516,212.80999755859372,235.08999633789065,201.50999450683597,203.3500061035156,229.33999633789065,202.07000732421875,208.97000122070312,233.75999450683597,0.00034184934085601526,0.0003417909236829623,0.018095945812067082,-0.00760748406141476,201.83799743652344,222.85849990844727,228.8529995727539,0.01551764764800959,0.020806069507889824,2.830001831054716,1.0599975585937784,61369820.0
2026-02-20,210.1100006103516,211.1699981689453,203.75,204.75999450683597,65881600,204.8600006103516,206.9600067138672,231.30999755859372,205.63999938964844,212.6499938964844,232.3000030517578,202.80999755859372,206.41000366210935,226.8800048828125,203.8000030517578,208.8000030517578,231.08999633789065,0.025627257563010764,0.025304384018124338,0.00034184934085601526,-0.008432323191560842,203.93999633789065,221.64700012207032,228.51739959716798,0.012282769056277905,0.02158058884803568,7.4199981689453125,5.350006103515625,57751060.0
2026-02-23,205.2700042724609,208.42999267578125,203.1100006103516,208.1000061035156,53581500,210.1100006103516,204.0800018310547,234.33999633789065,211.1699981689453,208.57000732421875,235.72000122070312,203.75,202.4900054931641,230.8999938964844,204.75999450683597,208.05999755859372,234.0500030517578,-0.023035535309270938,-0.023304999462925746,0.025627257563010764,-0.013915755650289796,205.23599853515626,219.9525001525879,228.06439971923828,0.01896979788533404,0.021034013546141057,5.319992065429659,-2.8300018310546875,55203040.0
2026-02-24,208.55999755859372,210.3600006103516,203.25,205.47000122070312,41137200,205.2700042724609,199.6000061035156,239.16000366210935,208.42999267578125,203.9600067138672,240.4499969482422,203.1100006103516,197.55999755859372,234.57000732421875,208.1000061035156,203.9600067138672,234.9600067138672,0.016027637831418806,0.015900551376285547,-0.023035535309270938,-0.021952154485219033,206.71799926757814,218.45950012207032,227.59999969482422,0.01934690515675532,0.02166507212994953,7.110000610351591,3.0899963378905966,49454640.0
2026-02-25,210.63999938964844,211.58999633789065,208.92999267578125,210.4600067138672,41346400,208.55999755859372,198.7899932861328,238.4199981689453,210.3600006103516,201.16000366210935,240.9499969482422,203.25,197.27999877929688,237.5399932861328,205.47000122070312,198.8800048828125,239.97999572753903,0.009973158109912061,0.009923754371216576,0.016027637831418806,-0.004058180323715521,207.88800048828125,216.75750045776368,227.20719970703124,0.01855005802118297,0.020653986012889636,2.6600036621094034,0.17999267578125,47523260.0
2026-02-26,207.9199981689453,211.0500030517578,205.3500061035156,210.72999572753903,47756800,210.63999938964844,201.1499938964844,244.67999267578125,211.58999633789065,201.7400054931641,244.8800048828125,208.92999267578125,196.0,238.0800018310547,210.4600067138672,198.1300048828125,239.69000244140625,-0.012913032798065993,-0.012997130763748655,0.009973158109912061,0.011871828009746288,208.5,215.00300064086915,226.84179962158203,0.020379637128190874,0.02069212242531125,5.699996948242216,-2.8099975585937216,49940700.0
2026-02-27,210.0,210.3300018310547,205.1999969482422,206.8300018310547,57422800,207.9199981689453,204.7899932861328,243.00999450683597,211.0500030517578,206.8600006103516,247.77999877929688,205.3500061035156,201.50999450683597,241.52999877929688,210.72999572753903,202.07000732421875,246.3699951171875,0.01000385652833935,0.009954149190768667,-0.012913032798065993,0.018095945812067082,208.47799987792968,213.4165008544922,226.59099975585937,0.016983873796321367,0.02105970154923663,5.1300048828125,3.1699981689453125,48248940.0
2026-03-02,208.38999938964844,209.72999572753903,203.4600067138672,204.5500030517578,46001000,210.0,204.8600006103516,241.72999572753903,210.3300018310547,205.63999938964844,243.0,205.1999969482422,202.80999755859372,236.7400054931641,206.8300018310547,203.8000030517578,242.82000732421875,-0.007666669573102691,-0.007696209563361218,0.01000385652833935,0.00034184934085601526,209.10199890136718,211.87100067138672,226.30759979248046,0.012593298057487205,0.021047044859308733,6.269989013671847,3.839996337890625,46732840.0
2026-03-03,208.72999572753903,209.17999267578125,202.47999572753903,203.1000061035156,43184900,208.38999938964844,210.1100006103516,239.3000030517578,209.72999572753903,211.1699981689453,243.32000732421875,203.4600067138672,203.75,237.63999938964844,204.5500030517578,204.75999450683597,239.88999938964844,0.001631538648142472,0.0016302091348673652,-0.007666669573102691,0.025627257563010764,209.13599853515626,210.1595001220703,226.05679962158203,0.010338223711440952,0.020511235478955576,6.699996948242216,5.6299896240234375,47142380.0
2026-03-04,216.82000732421875,217.5399932861328,210.1499938964844,210.47000122070312,54731100,208.72999572753903,205.2700042724609,242.9600067138672,209.17999267578125,208.42999267578125,245.6300048828125,202.47999572753903,203.1100006103516,238.1699981689453,203.1000061035156,208.1000061035156,238.30999755859372,0.038758260730479055,0.03802601972435095,0.001631538648142472,-0.023035535309270938,210.37200012207032,209.0695007324219,225.8579998779297,0.02032665560263153,0.022768751437888462,7.389999389648409,6.350006103515625,49819320.0
2026-03-05,218.94000244140625,220.47000122070312,215.58999633789065,215.97999572753903,60943400,216.82000732421875,208.55999755859372,238.6199951171875,217.5399932861328,210.3600006103516,246.3500061035156,210.1499938964844,203.25,235.4499969482422,210.47000122070312,205.47000122070312,244.97999572753903,0.009777672934109694,0.009730180814114253,0.038758260730479055,0.016027637831418806,212.5760009765625,208.36700057983398,225.6897998046875,0.01737796521483639,0.022519577091365265,4.880004882812472,2.960006713867216,52456640.0
2026-03-06,213.2100067138672,217.32000732421875,212.52999877929688,214.9900054931641,51152700,218.94000244140625,210.63999938964844,232.9900054931641,220.47000122070312,211.58999633789065,238.8600006103516,215.58999633789065,208.92999267578125,231.82000732421875,215.97999572753903,210.4600067138672,238.8600006103516,-0.026171534044230005,-0.026520103831069775,0.009777672934109694,0.009973158109912061,213.21800231933594,207.89300079345702,225.38540008544922,0.02393149386564033,0.021092600489350546,4.790008544921875,-1.7799987792969034,51202620.0
2026-03-09,213.4900054931641,213.82000732421875,207.1100006103516,210.4499969482422,54642900,213.2100067138672,207.9199981689453,222.69000244140625,217.32000732421875,211.0500030517578,226.30999755859372,212.52999877929688,205.3500061035156,220.3800048828125,214.9900054931641,210.72999572753903,224.91000366210935,0.0013132534612818603,0.0013123918981730745,-0.026171534044230005,-0.012913032798065993,214.23800354003907,208.0515007019043,225.01240020751953,0.023232683728410898,0.016905909621057216,6.710006713867159,3.0400085449219034,52931000.0
2026-03-10,214.3300018310547,215.6499938964844,212.42999267578125,214.19000244140625,35678800,213.4900054931641,210.0,210.32000732421875,213.82000732421875,210.3300018310547,211.44000244140625,207.1100006103516,205.1999969482422,200.30999755859372,210.4499969482422,206.8300018310547,202.6999969482422,0.003934593265620068,0.003926872997654063,0.0013132534612818603,0.01000385652833935,215.35800476074218,208.33200073242188,224.65140014648438,0.023170419106252567,0.016797458577023625,3.2200012207031534,0.1399993896484375,51429780.0
2026-03-11,212.6499938964844,217.0,211.3500061035156,215.7100067138672,34199300,214.3300018310547,208.38999938964844,208.72000122070312,215.6499938964844,209.72999572753903,212.80999755859372,212.42999267578125,203.4600067138672,203.3500061035156,214.19000244140625,204.5500030517578,208.97000122070312,-0.007838417021498234,-0.007869298894721224,0.003934593265620068,-0.007666669573102691,214.5240020751953,208.61650009155272,224.25399993896485,0.014027800926240876,0.016779564403950505,5.649993896484403,-3.060012817382784,47323420.0
2026-03-12,209.52999877929688,211.7100067138672,208.1499938964844,210.38999938964844,44349500,212.6499938964844,208.72999572753903,206.9600067138672,217.0,209.17999267578125,212.6499938964844,211.3500061035156,202.47999572753903,206.41000366210935,215.7100067138672,203.1000061035156,208.8000030517578,-0.014671973697334306,-0.014780671622370446,-0.007838417021498234,0.001631538648142472,212.64200134277343,208.88899993896484,223.8031997680664,0.012263345991772043,0.016816917805298023,3.560012817382784,-0.8600006103515625,44004640.0
2026-03-13,207.6699981689453,210.55999755859372,206.22000122070312,209.6100006103516,35662100,209.52999877929688,216.82000732421875,204.0800018310547,211.7100067138672,217.5399932861328,208.57000732421875,208.1499938964844,210.1499938964844,202.4900054931641,210.38999938964844,210.47000122070312,208.05999755859372,-0.008877013416636048,-0.008916648837354262,-0.014671973697334306,0.038758260730479055,211.53399963378905,209.29249954223633,223.30599975585938,0.007682111156667804,0.016097956127958862,4.339996337890597,-1.9400024414062784,40906520.0
2026-03-16,211.7400054931641,212.72000122070312,207.4499969482422,208.3500061035156,42209300,207.6699981689453,218.94000244140625,199.6000061035156,210.55999755859372,220.47000122070312,203.9600067138672,206.22000122070312,215.58999633789065,197.55999755859372,209.6100006103516,215.97999572753903,203.9600067138672,0.0195984367511175,0.019408860320450153,-0.008877013416636048,0.009777672934109694,211.18399963378906,209.94000015258788,222.9243997192383,0.013626724381443769,0.016485616458274652,5.2700042724609375,3.3899993896484943,38419800.0
2026-03-17,215.1999969482422,215.6999969482422,212.42999267578125,212.82000732421875,44969900,211.7400054931641,213.2100067138672,198.7899932861328,212.72000122070312,217.32000732421875,201.16000366210935,207.4499969482422,212.52999877929688,197.27999877929688,208.3500061035156,214.9900054931641,198.8800048828125,0.016340754535353108,0.016208681248397017,0.0195984367511175,-0.026171534044230005,211.35799865722657,210.6425003051758,222.69839965820313,0.01583101536064514,0.016637655052575348,3.2700042724609375,2.3799896240234375,40278020.0
2026-03-18,209.8699951171875,215.13999938964844,208.8300018310547,213.92999267578125,37846600,215.1999969482422,213.4900054931641,201.1499938964844,215.6999969482422,213.82000732421875,201.7400054931641,212.42999267578125,207.1100006103516,196.0,212.82000732421875,210.4499969482422,198.1300048828125,-0.024767666852414494,-0.02507954596315967,0.016340754535353108,0.0013132534612818603,210.8019989013672,210.89650039672853,222.234599609375,0.01954471901870349,0.017403336640451204,6.30999755859375,-4.05999755859375,41007480.0
2026-03-19,208.75999450683597,209.1199951171875,206.0500030517578,207.05999755859372,36440600,209.8699951171875,214.3300018310547,204.7899932861328,215.13999938964844,215.6499938964844,206.8600006103516,208.8300018310547,212.42999267578125,201.50999450683597,213.92999267578125,214.19000244140625,202.07000732421875,-0.005288991452693015,-0.00530302768152438,-0.024767666852414494,0.003934593265620068,210.647998046875,211.09150009155275,221.59119964599608,0.018503632875429873,0.01746626599813737,3.0699920654296875,1.6999969482422443,39425700.0
2026-03-20,205.3699951171875,207.5399932861328,204.32000732421875,207.3999938964844,63694600,208.75999450683597,212.6499938964844,204.8600006103516,209.1199951171875,217.0,205.63999938964844,206.0500030517578,211.3500061035156,202.80999755859372,207.05999755859372,215.7100067138672,203.8000030517578,-0.016238740557820153,-0.016372033885598266,-0.005288991452693015,-0.007838417021498234,210.18799743652343,210.85449981689453,220.86739959716797,0.01958811005177584,0.01686903534863487,3.2199859619140625,-2.0299987792969034,45032200.0
2026-03-23,210.13999938964844,212.8000030517578,209.50999450683597,209.7899932861328,44277400,205.3699951171875,209.52999877929688,210.1100006103516,207.5399932861328,211.7100067138672,211.1699981689453,204.32000732421875,208.1499938964844,203.75,207.3999938964844,210.38999938964844,204.75999450683597,0.02322639327005427,0.022960765779813284,-0.016238740557820153,-0.014671973697334306,209.8679962158203,211.0979995727539,220.1443997192383,0.02063091840820668,0.016861008457480117,3.2900085449218466,0.350006103515625,45445820.0
2026-03-24,207.2400054931641,209.3500061035156,206.63999938964844,207.9499969482422,35351400,210.13999938964844,207.6699981689453,205.2700042724609,212.8000030517578,210.55999755859372,208.42999267578125,209.50999450683597,206.22000122070312,203.1100006103516,209.7899932861328,209.6100006103516,208.1000061035156,-0.013800294588880657,-0.013896403903249682,0.02322639327005427,-0.008877013416636048,208.2759979248047,211.03199996948243,219.3415997314453,0.018460443268646723,0.01680955361763831,2.710006713867159,-0.7099914550780966,43522120.0
2026-03-25,211.7100067138672,213.07000732421875,209.8999938964844,211.55999755859372,36388800,207.2400054931641,211.7400054931641,208.55999755859372,209.3500061035156,212.72000122070312,210.3600006103516,206.63999938964844,207.4499969482422,203.25,207.9499969482422,208.3500061035156,205.47000122070312,0.021569200454641724,0.02133987694053351,-0.013800294588880657,0.0195984367511175,208.6440002441406,211.08550033569335,218.6463998413086,0.019163031097428583,0.017369009102145158,3.1700134277343466,0.15000915527346592,43230560.0
2026-03-26,207.5399932861328,212.88999938964844,207.1199951171875,210.6100006103516,46746000,211.7100067138672,215.1999969482422,210.63999938964844,213.07000732421875,215.6999969482422,211.58999633789065,209.8999938964844,212.42999267578125,208.92999267578125,211.55999755859372,212.82000732421875,210.4600067138672,-0.019696817795534227,-0.019893385566031804,0.021569200454641724,0.016340754535353108,208.4,211.06650009155274,217.94519958496093,0.02145882089768097,0.01770556974409179,5.7700042724609375,-3.0700073242187784,45291640.0
2026-03-27,199.33999633789065,206.6000061035156,199.13999938964844,206.4600067138672,56009800,207.5399932861328,209.8699951171875,207.9199981689453,212.88999938964844,215.13999938964844,211.0500030517578,207.1199951171875,208.8300018310547,205.3500061035156,210.6100006103516,213.92999267578125,210.72999572753903,-0.039510442389467215,-0.0403121686592431,-0.019696817795534227,-0.024767666852414494,207.19400024414062,210.53349990844725,217.19899963378907,0.027317579610762324,0.019601685563595577,7.460006713867159,-7.120010375976534,43754680.0
2026-03-30,200.9499969482422,203.8000030517578,199.97999572753903,201.47999572753903,46373800,199.33999633789065,208.75999450683597,210.0,206.6000061035156,209.1199951171875,210.3300018310547,199.13999938964844,206.0500030517578,205.1999969482422,206.4600067138672,207.05999755859372,206.8300018310547,0.008076656164990093,0.008044214540419104,-0.039510442389467215,-0.005288991452693015,205.3559997558594,210.16149978637696,216.45439971923827,0.02394735491404894,0.019695739828177693,3.8200073242187784,-0.5299987792968466,44173960.0
2026-03-31,208.2700042724609,210.27999877929688,204.13999938964844,204.8500061035156,58470100,200.9499969482422,205.3699951171875,208.38999938964844,203.8000030517578,207.5399932861328,209.72999572753903,199.97999572753903,204.32000732421875,203.4600067138672,201.47999572753903,207.3999938964844,204.5500030517578,0.03642700888472317,0.03577922965641569,0.008076656164990093,-0.016238740557820153,205.56199951171874,210.13850021362305,215.83739990234375,0.030809909692943536,0.021457185614874155,6.1399993896484375,3.4199981689453125,48797700.0
2026-04-01,210.57000732421875,213.5800018310547,208.19000244140625,210.44000244140625,45955400,208.2700042724609,210.13999938964844,208.72999572753903,210.27999877929688,212.8000030517578,209.17999267578125,204.13999938964844,209.50999450683597,202.47999572753903,204.8500061035156,209.7899932861328,203.1000061035156,0.011043371606930696,0.0109828388282875,0.03642700888472317,0.02322639327005427,205.33399963378906,209.82600021362305,215.42880004882812,0.02941290384070531,0.019648410084237223,5.3899993896484375,0.1300048828125,50711020.0
2026-04-02,209.7700042724609,212.2100067138672,204.8999938964844,206.5399932861328,31453000,210.57000732421875,207.2400054931641,216.82000732421875,213.5800018310547,209.3500061035156,217.5399932861328,208.19000244140625,206.63999938964844,210.1499938964844,210.44000244140625,207.9499969482422,210.47000122070312,-0.0037992260242745157,-0.003806461415203767,0.011043371606930696,-0.013800294588880657,205.78000183105468,209.36750030517578,214.99800018310546,0.02765715977570903,0.019480165113384487,7.310012817382784,3.2300109863280966,47652420.0
2026-04-06,212.7899932861328,212.9499969482422,209.58999633789065,209.8000030517578,25385500,209.7700042724609,211.7100067138672,218.94000244140625,212.2100067138672,213.07000732421875,220.47000122070312,204.8999938964844,209.8999938964844,215.58999633789065,206.5399932861328,211.55999755859372,215.97999572753903,0.014396667550949704,0.01429401955243711,-0.0037992260242745157,0.021569200454641724,208.47000122070312,209.34649963378905,214.5670001220703,0.014669655446459142,0.018930391841726242,3.360000610351534,2.989990234375,41527560.0
2026-04-07,213.7700042724609,213.97000122070312,209.0800018310547,211.2400054931641,28154600,212.7899932861328,207.5399932861328,213.2100067138672,212.9499969482422,212.88999938964844,217.32000732421875,209.58999633789065,207.1199951171875,212.52999877929688,209.8000030517578,210.6100006103516,214.9900054931641,0.004605531356027148,0.00459495834694615,0.014396667550949704,-0.019696817795534227,211.03400268554688,209.3604995727539,214.05920013427735,0.015051596776808446,0.01895605205585514,4.8899993896484375,2.529998779296818,37883720.0
2026-04-08,221.25,226.1000061035156,219.6199951171875,223.7899932861328,51092700,213.7700042724609,199.33999633789065,213.4900054931641,213.97000122070312,206.6000061035156,213.82000732421875,209.0800018310547,199.13999938964844,207.1100006103516,211.2400054931641,206.4600067138672,210.4499969482422,0.034990857360911454,0.03439259321059869,0.004605531356027148,-0.039510442389467215,213.6300018310547,209.70649948120118,213.71580017089843,0.014484700991313142,0.020485263224872322,6.480010986328097,-2.5399932861328125,36408240.0
2026-04-09,233.6499938964844,233.8000030517578,223.2700042724609,225.22999572753903,65964200,221.25,200.9499969482422,214.3300018310547,226.1000061035156,203.8000030517578,215.6499938964844,219.6199951171875,199.97999572753903,212.42999267578125,223.7899932861328,201.47999572753903,214.19000244140625,0.056045170153601775,0.05453095913592383,0.034990857360911454,0.008076656164990093,218.24599914550782,210.75649948120116,213.4952001953125,0.024243479687048625,0.023642323293203475,10.529998779296903,8.41999816894537,40410000.0
2026-04-10,238.3800048828125,240.42999267578125,235.2100067138672,235.3000030517578,56912800,233.6499938964844,208.2700042724609,212.6499938964844,233.8000030517578,210.27999877929688,217.0,223.2700042724609,204.13999938964844,211.3500061035156,225.22999572753903,204.8500061035156,215.7100067138672,0.02024400218227118,0.020041816513913967,0.056045170153601775,0.03642700888472317,223.96799926757814,212.19899978637696,213.40260040283204,0.020056320440231583,0.02340245430371781,5.2199859619140625,3.0800018310546875,45501960.0
2026-04-13,239.88999938964844,240.0,235.75,237.4499969482422,42166200,238.3800048828125,210.57000732421875,209.52999877929688,240.42999267578125,213.5800018310547,211.7100067138672,235.2100067138672,208.19000244140625,208.1499938964844,235.3000030517578,210.44000244140625,210.38999938964844,0.006334400855383171,0.006314422859656274,0.02024400218227118,0.011043371606930696,229.38800048828125,213.80999984741212,213.3658004760742,0.021500189279710674,0.023113966830687793,4.25,2.44000244140625,48858100.0
2026-04-14,249.0200042724609,252.17999267578125,241.77999877929688,241.77999877929688,72685000,239.88999938964844,209.7700042724609,207.6699981689453,240.0,212.2100067138672,210.55999755859372,235.75,204.8999938964844,206.22000122070312,237.4499969482422,206.5399932861328,209.6100006103516,0.03805913087682655,0.03735274928383268,0.006334400855383171,-0.0037992260242745157,236.43800048828126,215.67399978637695,213.5602005004883,0.018821605619954152,0.02397551199619484,10.399993896484375,7.240005493164034,57764180.0
2026-04-15,248.5,250.44000244140625,247.1999969482422,249.25,43045200,249.0200042724609,212.7899932861328,211.7400054931641,252.17999267578125,212.9499969482422,212.72000122070312,241.77999877929688,209.58999633789065,207.4499969482422,241.77999877929688,209.8000030517578,208.3500061035156,-0.002088202809168549,-0.002090386144682408,0.03805913087682655,0.014396667550949704,241.88800048828125,217.33899993896483,213.67100036621093,0.023616372733763387,0.024008898993850947,3.2400054931640625,-0.75,56154680.0
2026-04-16,249.6999969482422,250.0,244.1999969482422,248.50999450683597,41895700,248.5,213.7700042724609,215.1999969482422,250.44000244140625,213.97000122070312,215.6999969482422,247.1999969482422,209.0800018310547,212.42999267578125,249.25,211.2400054931641,212.82000732421875,0.004828961562342915,0.0048173395273468644,-0.002088202809168549,0.004605531356027148,245.0980010986328,219.33050003051758,213.89260040283204,0.015954265086749183,0.022797461223154004,5.8000030517578125,1.1900024414062216,51340980.0
2026-04-17,250.55999755859372,256.17999267578125,250.1100006103516,254.9900054931641,52029300,249.6999969482422,221.25,209.8699951171875,250.0,226.1000061035156,215.13999938964844,244.1999969482422,219.6199951171875,208.8300018310547,248.50999450683597,223.7899932861328,213.92999267578125,0.003444135445983987,0.003438217994609056,0.004828961562342915,0.034990857360911454,247.53399963378905,221.42050018310547,214.24400024414064,0.01594151947800305,0.022592665294694225,6.069992065429659,-4.430007934570369,50364280.0
2026-04-20,248.27999877929688,250.17999267578125,245.3699951171875,249.19000244140625,39463100,250.55999755859372,233.6499938964844,208.75999450683597,256.17999267578125,233.8000030517578,209.1199951171875,250.1100006103516,223.2700042724609,206.0500030517578,254.9900054931641,225.22999572753903,207.05999755859372,-0.009099612075002761,-0.009141266429826225,0.003444135445983987,0.056045170153601775,249.21199951171874,223.56600036621094,214.75580017089842,0.01819214088343725,0.022219445750312327,4.80999755859375,-0.910003662109375,49823660.0
2026-04-21,249.91000366210935,255.08999633789065,249.1000061035156,255.08999633789065,42922400,248.27999877929688,238.3800048828125,205.3699951171875,250.17999267578125,240.42999267578125,207.5399932861328,245.3699951171875,235.2100067138672,204.32000732421875,249.19000244140625,235.3000030517578,207.3999938964844,0.00656518805713957,0.006543731071589846,-0.009099612075002761,0.02024400218227118,249.38999938964844,225.55450057983398,215.54760009765624,0.0063792824311462845,0.02199942145301628,5.989990234375057,-5.179992675781307,43871140.0
2026-04-22,255.3600006103516,255.94000244140625,250.3300018310547,252.44000244140625,36065100,249.91000366210935,239.88999938964844,210.13999938964844,255.08999633789065,240.0,212.8000030517578,249.1000061035156,235.75,209.50999450683597,255.08999633789065,237.4499969482422,209.7899932861328,0.021807838295304638,0.0215734489512025,0.00656518805713957,0.006334400855383171,250.76199951171876,227.96050033569335,216.48040008544922,0.011010283002638666,0.021498059566816184,5.6100006103515625,2.919998168945341,42475120.0
2026-04-23,255.0800018310547,258.7900085449219,253.07000732421875,255.38999938964844,39091400,255.3600006103516,249.0200042724609,207.2400054931641,255.94000244140625,252.17999267578125,209.3500061035156,250.3300018310547,241.77999877929688,206.63999938964844,252.44000244140625,241.77999877929688,207.9499969482422,-0.001096486445127165,-0.0010970880261798573,0.021807838295304638,0.03805913087682655,251.83800048828124,230.12900009155274,217.44279998779297,0.011413333444847466,0.021493020014530538,5.720001220703125,-0.30999755859375,41914260.0
2026-04-24,263.989990234375,264.5,257.69000244140625,259.9800109863281,53777400,255.0800018310547,248.5,211.7100067138672,258.7900085449219,250.44000244140625,213.07000732421875,253.07000732421875,247.1999969482422,209.8999938964844,255.38999938964844,249.25,211.55999755859372,0.03493017225717909,0.034333958023186784,-0.001096486445127165,-0.002088202809168549,254.5239990234375,232.95149993896484,218.64099975585938,0.01773931259739761,0.02104314052823609,6.80999755859375,4.009979248046875,42263880.0
2026-04-27,261.1199951171875,264.1499938964844,260.3399963378906,263.4599914550781,44906800,263.989990234375,249.6999969482422,207.5399932861328,264.5,250.0,212.88999938964844,257.69000244140625,244.1999969482422,207.1199951171875,259.9800109863281,248.50999450683597,210.6100006103516,-0.010871605831113018,-0.01093113357236666,0.03493017225717909,0.004828961562342915,257.0919982910156,236.04049987792968,219.8713995361328,0.018242367627829013,0.018099820125207368,3.80999755859375,-2.339996337890625,43352620.0
2026-04-28,259.70001220703125,261.0299987792969,256.6300048828125,258.3900146484375,42204400,261.1199951171875,250.55999755859372,199.33999633789065,264.1499938964844,256.17999267578125,206.6000061035156,260.3399963378906,250.1100006103516,199.13999938964844,263.4599914550781,254.9900054931641,206.4600067138672,-0.005438047398549362,-0.005452887403187945,-0.010871605831113018,0.003444135445983987,259.05,238.97800064086914,221.08959991455077,0.019591235202653417,0.018568673918301894,4.399993896484375,1.30999755859375,43209020.0
2026-04-29,263.0400085449219,265.9100036621094,257.70001220703125,257.989990234375,72367900,259.70001220703125,248.27999877929688,200.9499969482422,261.0299987792969,250.17999267578125,203.8000030517578,256.6300048828125,245.3699951171875,199.97999572753903,258.3900146484375,249.19000244140625,201.47999572753903,0.012860978748156615,0.01277897868001351,-0.005438047398549362,-0.009099612075002761,260.58600158691405,241.71650085449218,222.32740020751953,0.01837007335958109,0.017737377412172465,8.209991455078125,5.050018310546875,50469580.0
2026-04-30,265.0599975585937,273.8800048828125,256.1600036621094,273.1700134277344,100974900,263.0400085449219,249.91000366210935,208.2700042724609,265.9100036621094,255.08999633789065,210.27999877929688,257.70001220703125,249.1000061035156,204.13999938964844,257.989990234375,255.08999633789065,204.8500061035156,0.0076793983730685245,0.007650061888692953,0.012860978748156615,0.00656518805713957,262.5820007324219,244.44100036621094,223.53280029296874,0.017927241024977038,0.01776174302677781,17.720001220703125,-8.110015869140682,62846280.0
2026-05-01,268.260009765625,273.32000732421875,262.739990234375,265.5799865722656,50825200,265.0599975585937,255.3600006103516,210.57000732421875,273.8800048828125,255.94000244140625,213.5800018310547,256.1600036621094,250.3300018310547,208.19000244140625,273.1700134277344,252.44000244140625,210.44000244140625,0.012072784412985316,0.012000489635761885,0.0076793983730685245,0.021807838295304638,263.4360046386719,247.36550064086913,224.80080047607422,0.010778837523869525,0.017382377680564023,10.58001708984375,2.680023193359375,62255840.0
2026-05-04,272.04998779296875,276.1000061035156,268.79998779296875,268.79998779296875,49083700,268.260009765625,255.0800018310547,209.7700042724609,273.32000732421875,258.7900085449219,212.2100067138672,262.739990234375,253.07000732421875,204.8999938964844,265.5799865722656,255.38999938964844,206.5399932861328,0.014128002271583506,0.014029132183864345,0.012072784412985316,-0.001096486445127165,265.62200317382815,250.32850036621093,226.03960021972657,0.008032953689644668,0.01738094956100915,7.300018310546875,3.25,63091220.0
2026-05-05,273.54998779296875,278.5599975585937,272.3800048828125,276.0799865722656,41908500,272.04998779296875,263.989990234375,212.7899932861328,276.1000061035156,264.5,212.9499969482422,268.79998779296875,257.69000244140625,209.58999633789065,268.79998779296875,259.9800109863281,209.8000030517578,0.005513692583370089,0.0054985478239463976,0.014128002271583506,0.03493017225717909,268.3919982910156,253.31749954223633,227.4051998901367,0.0036748233989741777,0.017360413419168243,6.179992675781193,-2.529998779296875,63032040.0
2026-05-06,274.989990234375,277.79998779296875,272.2099914550781,272.8900146484375,44552000,273.54998779296875,261.1199951171875,213.7700042724609,278.5599975585937,264.1499938964844,213.97000122070312,272.3800048828125,260.3399963378906,209.0800018310547,276.0799865722656,263.4599914550781,211.2400054931641,0.005264129064761924,0.005250321971042334,0.005513692583370089,-0.010871605831113018,270.78199462890626,256.0044990539551,228.73379974365236,0.00398654233542211,0.01659317830723094,5.589996337890625,2.0999755859375,57468860.0
2026-05-07,271.1700134277344,276.6300048828125,270.489990234375,275.0199890136719,35892900,274.989990234375,259.70001220703125,221.25,277.79998779296875,261.0299987792969,226.1000061035156,272.2099914550781,256.6300048828125,219.6199951171875,272.8900146484375,258.3900146484375,223.7899932861328,-0.01389133038400725,-0.01398871786017844,0.005264129064761924,-0.005438047398549362,272.0039978027344,257.88050003051757,229.94440002441405,0.011066040525005632,0.013737336225083044,6.1400146484375,-3.8499755859375,44452460.0
2026-05-08,272.67999267578125,274.0,269.95001220703125,271.6300048828125,34732700,271.1700134277344,263.0400085449219,233.6499938964844,276.6300048828125,265.9100036621094,233.8000030517578,270.489990234375,257.70001220703125,223.2700042724609,275.0199890136719,257.989990234375,225.22999572753903,0.0055683857848436435,0.005552939638259035,-0.01389133038400725,0.012860978748156615,272.88799438476565,259.595499420166,231.23959991455078,0.010328236922083362,0.013412400797527759,4.04998779296875,1.04998779296875,41233960.0
2026-05-11,268.989990234375,273.6300048828125,268.4800109863281,269.8399963378906,38176700,272.67999267578125,265.0599975585937,238.3800048828125,274.0,273.8800048828125,240.42999267578125,269.95001220703125,256.1600036621094,235.2100067138672,271.6300048828125,273.1700134277344,235.3000030517578,-0.013532354923427414,-0.013624751749596186,0.0055683857848436435,0.0076793983730685245,272.2759948730469,261.05049896240234,232.41939971923827,0.010496075068360753,0.014165464099072341,5.149993896484375,-0.850006103515625,39052560.0
2026-05-12,265.82000732421875,267.6499938964844,262.6300048828125,266.7099914550781,36776200,268.989990234375,268.260009765625,239.88999938964844,273.6300048828125,273.32000732421875,240.0,268.4800109863281,262.739990234375,235.75,269.8399963378906,265.5799865722656,237.4499969482422,-0.011784761609137218,-0.011854752338375166,-0.013532354923427414,0.012072784412985316,270.72999877929686,261.89049911499023,233.56799987792968,0.010156938105562976,0.012482437148177808,5.019989013671875,-0.889984130859375,38026100.0
2026-05-13,270.1300048828125,270.7200012207031,263.20001220703125,264.42999267578125,39670900,265.82000732421875,272.04998779296875,249.0200042724609,267.6499938964844,276.1000061035156,252.17999267578125,262.6300048828125,268.79998779296875,241.77999877929688,266.7099914550781,268.79998779296875,241.77999877929688,0.016213969753363422,0.01608392713413966,-0.011784761609137218,0.014128002271583506,269.75800170898435,262.97199935913085,234.79600006103516,0.01367607673148494,0.012731698138888442,7.519989013671875,5.70001220703125,37049880.0
2026-05-14,267.2200012207031,270.7799987792969,266.6300048828125,269.1499938964844,31338400,270.1300048828125,273.54998779296875,248.5,270.7200012207031,278.5599975585937,250.44000244140625,263.20001220703125,272.3800048828125,247.1999969482422,264.42999267578125,276.0799865722656,249.25,-0.010772604336833247,-0.010831048951722346,0.016213969753363422,0.005513692583370089,268.96799926757814,263.8479995727539,235.80399993896484,0.013143571004711415,0.013165454402627721,4.149993896484375,-1.92999267578125,36138980.0
2026-05-15,264.1400146484375,264.3599853515625,260.8900146484375,262.5,40770300,267.2200012207031,274.989990234375,249.6999969482422,270.7799987792969,277.79998779296875,250.0,266.6300048828125,272.2099914550781,244.1999969482422,269.1499938964844,272.8900146484375,248.50999450683597,-0.011526033074604314,-0.011592972656152402,-0.010772604336833247,0.005264129064761924,267.2600036621094,264.5270004272461,236.70800018310547,0.012615289173107844,0.013586316587359063,3.469970703125,1.6400146484375,37346500.0
2026-05-18,264.8599853515625,268.8500061035156,262.5299987792969,263.8699951171875,33690800,264.1400146484375,271.1700134277344,250.55999755859372,264.3599853515625,276.6300048828125,256.17999267578125,260.8900146484375,270.489990234375,250.1100006103516,262.5,275.0199890136719,254.9900054931641,0.0027257161474880665,0.0027220081197222258,-0.011526033074604314,-0.01389133038400725,266.4340026855469,265.3559997558594,237.74099975585938,0.012371691306044109,0.013298694351841075,6.32000732421875,0.989990234375,36449320.0
2026-05-19,259.3399963378906,262.25,255.19000244140625,262.0400085449219,40340700,264.8599853515625,272.67999267578125,248.27999877929688,268.8500061035156,274.0,250.17999267578125,262.5299987792969,269.95001220703125,245.3699951171875,263.8699951171875,271.6300048828125,249.19000244140625,-0.020841158796957915,-0.021061401192618883,0.0027257161474880665,0.0055683857848436435,265.13800048828125,265.82749938964844,238.6579995727539,0.014460684791314758,0.014319607080937782,7.05999755859375,-2.70001220703125,37162220.0
2026-05-20,265.010009765625,265.5799865722656,259.5299987792969,260.04998779296875,34933200,259.3399963378906,268.989990234375,249.91000366210935,262.25,273.6300048828125,255.08999633789065,255.19000244140625,268.4800109863281,249.1000061035156,262.0400085449219,269.8399963378906,255.08999633789065,0.021863243262898013,0.021627669973466716,-0.020841158796957915,-0.013532354923427414,264.11400146484374,266.3099998474121,239.67159973144533,0.01658204275672107,0.014323655617812571,6.04998779296875,4.96002197265625,36214680.0
2026-05-21,268.4599914550781,269.489990234375,261.3699951171875,263.5,36591700,265.010009765625,265.82000732421875,255.3600006103516,265.5799865722656,267.6499938964844,255.94000244140625,259.5299987792969,262.6300048828125,250.3300018310547,260.04998779296875,266.7099914550781,252.44000244140625,0.01301830709151064,0.012934297256761875,0.021863243262898013,-0.011784761609137218,264.36199951171875,266.97899932861327,240.7877996826172,0.017440032368295662,0.014511967443977022,8.1199951171875,4.959991455078125,37265340.0
2026-05-22,266.32000732421875,269.7900085449219,266.239990234375,268.6600036621094,27535500,268.4599914550781,270.1300048828125,255.0800018310547,269.489990234375,270.7200012207031,258.7900085449219,261.3699951171875,263.20001220703125,253.07000732421875,263.5,264.42999267578125,255.38999938964844,-0.007971333528174807,-0.0080032744617438,0.01301830709151064,0.016213969753363422,264.797998046875,267.09550018310546,241.9235998535156,0.01686218922376016,0.01252555082273504,3.550018310546875,-2.339996337890625,34618380.0
2026-05-26,265.2900085449219,269.29998779296875,262.07000732421875,267.94000244140625,38028100,266.32000732421875,267.2200012207031,263.989990234375,269.7900085449219,270.7799987792969,264.5,266.239990234375,266.6300048828125,257.69000244140625,268.6600036621094,269.1499938964844,259.9800109863281,-0.003867523096163561,-0.0038750213028487137,-0.007971333528174807,-0.010772604336833247,264.8840026855469,267.3040008544922,243.07600006103516,0.01702470386971508,0.012286090437487976,7.22998046875,-2.649993896484375,35485840.0
2026-05-27,271.8500061035156,272.4100036621094,265.70001220703125,266.1499938964844,40061900,265.2900085449219,264.1400146484375,261.1199951171875,269.29998779296875,264.3599853515625,264.1499938964844,262.07000732421875,260.8900146484375,260.3399963378906,267.94000244140625,262.5,263.4599914550781,0.024727646527565872,0.024426866578213892,-0.003867523096163561,-0.011526033074604314,267.38600463867186,267.91150054931643,244.27820007324217,0.01484110036136529,0.013282876348749124,6.709991455078125,5.70001220703125,35430080.0
2026-05-28,274.0,274.5,267.44000244140625,272.2699890136719,40630400,271.8500061035156,264.8599853515625,259.70001220703125,272.4100036621094,268.8500061035156,261.0299987792969,265.70001220703125,262.5299987792969,256.6300048828125,266.1499938964844,263.8699951171875,258.3900146484375,0.007908750591183455,0.007877640344363742,0.024727646527565872,0.0027257161474880665,269.1840026855469,268.4595001220703,245.45420013427736,0.013165093445932767,0.013122252123327465,7.05999755859375,1.730010986328125,36569520.0
2026-05-29,270.6400146484375,274.75,269.6400146484375,271.2900085449219,54749600,274.0,259.3399963378906,263.0400085449219,274.5,262.25,265.9100036621094,267.44000244140625,255.19000244140625,257.70001220703125,272.2699890136719,262.0400085449219,257.989990234375,-0.01226272026117703,-0.012338527790443166,0.007908750591183455,-0.020841158796957915,269.62000732421876,268.7385009765625,246.66960052490234,0.014902268357063169,0.01343197507372846,5.1099853515625,-0.649993896484375,40201100.0
