Date,Close,High,Low,Open,Volume,Close_lag1,Close_lag7,Close_lag21,High_lag1,High_lag7,High_lag21,Low_lag1,Low_lag7,Low_lag21,Open_lag1,Open_lag7,Open_lag21,returns,log_returns,returns_lag1,returns_lag7,ma_5,ma_20,ma_50,volatility_5,volatility_20,high_low_range,close_open_change,volume_ma_5
2020-03-17,53.701995849609375,55.44167070339347,49.75164057161001,53.48168707292004,22684200,52.94990158081055,72.41299438476562,83.62590026855469,59.62751569488327,72.97515826774338,84.30201762829131,52.94230892404609,70.9695953051915,83.24605879472868,55.130193827896605,71.34943686318879,84.20325513570715,0.01420388416871754,0.014103954157207776,-0.16446912288664328,-0.019240474518461115,58.20691452026367,70.31853942871093,78.9470378112793,0.09755349971145526,0.06129543325407808,5.690030131783459,0.22030877668933613,21579600.0
2020-03-19,43.59820938110352,44.43386246731432,39.19964386591597,41.98008368782441,29871000,41.82055282592773,64.55787658691406,84.12728118896484,50.31381275997103,65.56065811229598,84.40076749165108,41.4559052965777,61.5647231235506,83.48155189492472,50.2986158527087,65.51507318210422,83.96015002666542,0.042506768444096066,0.04162816718206556,-0.22124769919083132,0.05342781121976259,51.0886848449707,66.2120735168457,77.05616790771484,0.13763036794467037,0.07728919017258586,5.234218601398354,1.6181256932791115,23707060.0
2020-03-20,45.11758041381836,46.074782775953246,42.81574146814352,45.22393558784198,26960400,43.59820938110352,63.07648468017578,83.4207992553711,44.43386246731432,64.4515091888388,84.37800158307112,39.19964386591597,62.10409127321484,83.33723365079844,41.98008368782441,62.46874169878613,84.15769278882703,0.03484939070395332,0.03425589990075444,0.042506768444096066,-0.022946726024110964,47.43764801025391,64.32729969024658,76.19088600158692,0.12441668939860752,0.07847243902764112,3.2590413078097242,-0.10635517402361927,24399640.0
2020-03-25,52.623233795166016,55.563208808745074,50.62526978398815,51.87874777253367,22560100,50.556907653808594,52.94990158081055,76.50767517089844,51.3925578224828,59.62751569488327,79.70593994453276,45.82407985582264,52.94230892404609,75.96830092980737,46.70531204928228,55.130193827896605,79.61478169280669,0.04087129211910501,0.040058143294514764,0.2274072507212639,-0.16446912288664328,46.61718673706055,60.01913642883301,73.8127830505371,0.11248431899337705,0.09878827192537724,4.937939024756922,0.7444860226323442,26470860.0
2020-03-30,54.65919494628906,55.40368691024543,50.91395715344089,51.66604757100794,18486800,52.25099182128906,43.59820938110352,70.90879821777344,55.86708424791994,44.43386246731432,70.98477114356042,52.03828152488505,39.19964386591597,68.45502572715505,54.7883358613448,41.98008368782441,68.85005828001307,0.04608913708732332,0.045058579112651806,-0.09950248494556102,0.042506768444096066,53.622982025146484,57.4760986328125,71.86534576416015,0.11809178734959631,0.10424532434467793,4.489729756804543,2.9931473752811257,22957260.0
2020-03-31,55.04661560058594,57.00659863725849,53.79313780755489,55.661956820689234,18514200,54.65919494628906,45.11758041381836,73.37776947021484,55.40368691024543,46.074782775953246,73.44614394597062,50.91395715344089,42.81574146814352,70.05036041206375,51.66604757100794,45.22393558784198,71.42538462400736,0.007087931951386572,0.00706293063063576,0.04608913708732332,0.03484939070395332,54.52092361450195,56.64310531616211,71.23048263549805,0.07481964878525221,0.10425625508515352,3.2134608297035996,-0.6153412201032964,20820340.0
2020-04-01,52.083866119384766,54.91748634087548,51.362169567050685,52.80556846764034,14362000,55.04661560058594,41.19000244140625,71.70648193359375,57.00659863725849,45.12515958661128,74.81358859197798,53.79313780755489,40.24039893914557,70.9316077802797,55.661956820689234,44.25911875826323,73.52972239517709,-0.053822554736128736,-0.05532515324540812,0.007087931951386572,-0.0870520523571604,54.4130500793457,55.504719734191895,70.57045585632324,0.07985326021225181,0.10399536694688592,3.555316773824792,-0.721702348255576,19180720.0
2020-04-03,57.05978775024414,60.0073555568279,55.47964579796538,59.2552710471641,14905400,57.82707595825195,52.623233795166016,73.83358764648438,59.78705382593471,55.563208808745074,73.98552191787171,52.8587481066582,50.62526978398815,72.12430101173258,54.507258937150816,51.87874777253367,72.70925433208687,-0.013268666888184955,-0.013357482163784597,0.11026850091548135,0.04087129211910501,55.33530807495117,53.9367338180542,69.474095993042,0.06234918295745184,0.10753763606737,4.527709758862521,-2.19548329691996,17897800.0
2020-04-06,61.070926666259766,61.49634736651876,57.36367505962008,58.49560130619336,17334900,57.05978775024414,58.02458190917969,72.41299438476562,60.0073555568279,58.57155456311663,72.97515826774338,55.47964579796538,51.5748752560021,70.9695953051915,59.2552710471641,53.40571395621207,71.34943686318879,0.07029712296815305,0.0679362949434318,-0.013268666888184955,0.10264188884777048,56.617654418945314,53.92609882354736,69.01573654174804,0.06579691520949325,0.1029353918845591,4.132672306898684,2.575325360066408,17667420.0
2020-04-07,61.473541259765625,65.09723207893964,61.420363686541215,64.01088525799474,16394800,61.070926666259766,52.25099182128906,61.28362655639648,61.49634736651876,55.86708424791994,66.85970282097654,57.36367505962008,52.03828152488505,60.774640334615206,58.49560130619336,54.7883358613448,62.468735984148005,0.006592573839694138,0.006570937863898515,0.07029712296815305,-0.09950248494556102,57.90303955078125,53.77188205718994,68.58735595703125,0.0658293228564974,0.10230613957756603,3.6768683923984256,-2.537343998229119,17243540.0
2020-04-08,65.31756591796875,65.56066431694927,61.92937365053834,62.51433297665971,12284800,61.473541259765625,54.65919494628906,64.55787658691406,65.09723207893964,55.40368691024543,65.56065811229598,61.420363686541215,50.91395715344089,61.5647231235506,64.01088525799474,51.66604757100794,65.51507318210422,0.06253136844613572,0.06065414462405432,0.006592573839694138,0.04608913708732332,60.54977951049805,53.88393611907959,68.2248927307129,0.05012871197956618,0.10296418469641468,3.6312906664109335,2.803232941309041,16828100.0
2020-04-09,64.04885864257812,68.3030872003761,61.92934281496724,67.41425386911209,17023800,65.31756591796875,55.04661560058594,63.07648468017578,65.56066431694927,57.00659863725849,64.4515091888388,61.92937365053834,53.79313780755489,62.10409127321484,62.51433297665971,55.661956820689234,62.46874169878613,-0.019423676580109794,-0.01961479504947269,0.06253136844613572,0.007087931951386572,61.79413604736328,54.18970775604248,67.84831924438477,0.04233926159386462,0.10107519446358518,6.373744385408855,-3.3653952265339626,15588740.0
2020-04-13,64.50469207763672,66.3659132756289,63.35756902224595,66.22917009156959,13854700,64.04885864257812,52.083866119384766,57.93342590332031,68.3030872003761,54.91748634087548,59.354029372064296,61.92934281496724,51.362169567050685,55.35050260207507,67.41425386911209,52.80556846764034,58.67031932413805,0.007116964216370425,0.007091758149664336,-0.019423676580109794,-0.053822554736128736,63.2831169128418,54.2463041305542,67.46539337158202,0.03902447378435286,0.09912936964150791,3.008344253382951,-1.7244780139328668,15378600.0
2020-04-14,64.27676391601562,66.15318141028499,64.06405365359026,64.92249315435546,14797600,64.50469207763672,57.82707595825195,63.37276458740234,66.3659132756289,59.78705382593471,63.43354062812728,63.35756902224595,52.8587481066582,56.30011658284159,66.22917009156959,54.507258937150816,60.75945859137489,-0.0035335129008408073,-0.003539770502777916,0.007116964216370425,0.11026850091548135,63.92428436279297,54.81264724731445,67.1418864440918,0.030928220424978795,0.09076977978078657,2.0891277566947224,-0.6457292383398396,14871140.0
2020-04-15,62.66625213623047,63.34236957588549,60.25805829854138,61.12409649755841,13982300,64.27676391601562,57.05978775024414,52.94990158081055,66.15318141028499,60.0073555568279,59.62751569488327,64.06405365359026,55.47964579796538,52.94230892404609,64.92249315435546,59.2552710471641,55.130193827896605,-0.025055893944652574,-0.025375136750272767,-0.0035335129008408073,-0.013268666888184955,64.16282653808594,55.26086006164551,66.79908462524413,0.03494556182181688,0.09118258510871163,3.0843112773441135,1.5421556386720567,14388640.0
2020-04-16,60.76703643798828,62.43834237502149,59.87061034152089,61.76981768183987,12291900,62.66625213623047,61.070926666259766,53.701995849609375,63.34236957588549,61.49634736651876,55.44167070339347,60.25805829854138,57.36367505962008,49.75164057161001,61.12409649755841,58.49560130619336,53.48168707292004,-0.030306833957669532,-0.030775581193293492,-0.025055893944652574,0.07029712296815305,63.25272064208984,56.208184242248535,66.40973861694336,0.01559443813457255,0.07384984369771348,2.5677320335006044,-1.0027812438515866,14390060.0
2020-04-20,63.48672103881836,66.0924344926051,62.362387419083085,62.79541238156852,15749000,66.22157287597656,65.31756591796875,43.59820938110352,66.47226968409213,65.56066431694927,44.43386246731432,61.777428004853085,61.92937365053834,39.19964386591597,61.78502645853227,62.51433297665971,41.98008368782441,-0.04129850316724104,-0.0421755175853336,0.08976143576714568,0.06253136844613572,63.48366928100586,58.257809448242185,65.70337043762207,0.053150020343705084,0.07662400567156234,3.730047073522009,0.6913086572498415,14590180.0
2020-04-21,62.02051544189453,63.65383494009111,60.20487365894513,60.987346168426974,19620600,63.48672103881836,64.04885864257812,45.11758041381836,66.0924344926051,68.3030872003761,46.074782775953246,62.362387419083085,61.92934281496724,42.81574146814352,62.79541238156852,67.41425386911209,45.22393558784198,-0.023094681422077712,-0.023365541995832823,-0.04129850316724104,-0.019423676580109794,63.03241958618164,59.2993350982666,65.3077057647705,0.05399632928248339,0.07318420512962914,3.4489612811459764,1.033169273467557,15554780.0
2020-04-22,64.14762878417969,64.76297010585739,63.030893944156574,64.53506290735115,10320700,62.02051544189453,64.50469207763672,41.19000244140625,63.65383494009111,66.3659132756289,45.12515958661128,60.20487365894513,63.35756902224595,40.24039893914557,60.987346168426974,66.22917009156959,44.25911875826323,0.034296931057885116,0.03372190222897473,-0.023094681422077712,0.007116964216370425,63.328694915771486,59.97887115478515,64.94181785583496,0.05526854251431239,0.05537887852598375,1.7320761617008174,-0.38743412317145953,14822460.0
2020-04-23,65.94049072265625,67.44465990828215,64.86933484556724,65.56064919959007,14226500,64.14762878417969,64.27676391601562,50.556907653808594,64.76297010585739,66.15318141028499,51.3925578224828,63.030893944156574,64.06405365359026,45.82407985582264,64.53506290735115,64.92249315435546,46.70531204928228,0.02794899784228222,0.027565552808319183,0.034296931057885116,-0.0035335129008408073,64.36338577270507,60.64473400115967,64.59046165466309,0.05176442570687589,0.05511641107344043,2.57532506271491,0.379841523066176,15209380.0
2020-04-24,66.10002136230469,67.4522562140196,65.15801024202925,67.21675633191148,9175500,65.94049072265625,62.66625213623047,52.623233795166016,67.44465990828215,63.34236957588549,55.563208808745074,64.86933484556724,60.25805829854138,50.62526978398815,65.56064919959007,61.12409649755841,51.87874777253367,0.002419312290522946,0.0024163904661316476,0.02794899784228222,-0.025055893944652574,64.33907546997071,61.04850597381592,64.22983100891113,0.032412169409109765,0.050910534278027775,2.2942459719903496,-1.1167349696067959,13818460.0
2020-04-27,68.15116882324219,68.8424832122635,65.23398856045127,65.90250758836036,12037100,66.10002136230469,60.76703643798828,58.02458190917969,67.4522562140196,62.43834237502149,58.57155456311663,65.15801024202925,59.87061034152089,51.5748752560021,67.21675633191148,61.76981768183987,53.40571395621207,0.03103096517465298,0.03055923870083301,0.002419312290522946,-0.030306833957669532,65.27196502685547,61.84351482391357,63.915930099487305,0.024522274859689188,0.04438549765529148,3.6084946518122365,2.2486612348818227,13076080.0
2020-04-28,68.3031234741211,69.10078740538356,67.48266417688838,68.02963704171019,10645200,68.15116882324219,66.22157287597656,52.25099182128906,68.8424832122635,66.47226968409213,55.86708424791994,65.23398856045127,61.777428004853085,52.03828152488505,65.90250758836036,61.78502645853227,54.7883358613448,0.002229670503128389,0.0022271884765683696,0.03103096517465298,0.08976143576714568,66.52848663330079,62.52571125030518,63.60947456359863,0.015915996595151874,0.04381104412464739,1.618123228495179,0.2734864324109054,11281000.0
2020-04-29,71.8812026977539,72.27623528090143,70.11114003613314,70.25548165109133,12342800,68.3031234741211,63.48672103881836,54.65919494628906,69.10078740538356,66.0924344926051,55.40368691024543,67.48266417688838,62.362387419083085,50.91395715344089,68.02963704171019,62.79541238156852,51.66604757100794,0.052385294282895956,0.05105929658095024,0.002229670503128389,-0.04129850316724104,68.07520141601563,63.36744060516357,63.37214942932129,0.021255881884680795,0.044700726358596454,2.1650952447682954,1.6257210466625764,11685420.0
2020-04-30,69.89082336425781,72.73203564772975,68.81207509030861,71.19747881537161,12222000,71.8812026977539,62.02051544189453,55.04661560058594,72.27623528090143,63.65383494009111,57.00659863725849,70.11114003613314,60.20487365894513,53.79313780755489,70.25548165109133,60.987346168426974,55.661956820689234,-0.027689844615778614,-0.028080435518591105,0.052385294282895956,-0.023094681422077712,68.86526794433594,64.25778846740722,63.087420272827146,0.03064169596402367,0.04295067776157839,3.9199605574211347,-1.306655451113798,11284520.0
2020-05-01,67.94603729248047,69.92881003357607,66.1227972575061,69.5185805910128,13250100,69.89082336425781,64.14762878417969,52.083866119384766,72.73203564772975,64.76297010585739,54.91748634087548,68.81207509030861,63.030893944156574,51.362169567050685,71.19747881537161,64.53506290735115,52.80556846764034,-0.027826057530349613,-0.028220537373827816,-0.027689844615778614,0.034296931057885116,69.23447113037109,64.76373653411865,62.77792503356934,0.03560745899610033,0.037722896149217575,3.806012776069977,-1.572543298532338,12099440.0
2020-05-04,69.46542358398438,69.60216677198127,66.61661199731732,67.42947267154277,11192400,67.94603729248047,65.94049072265625,57.82707595825195,69.92881003357607,67.44465990828215,59.78705382593471,66.1227972575061,64.86933484556724,52.8587481066582,69.5185805910128,65.56064919959007,54.507258937150816,0.02236166157804842,0.022115305481523198,-0.027826057530349613,0.02794899784228222,69.49732208251953,65.38401832580567,62.51097236633301,0.03427148534833978,0.03746851176830026,2.985554774663953,2.0359509124416064,11930500.0
2020-05-05,70.56695556640625,72.39779443449112,70.40742282703346,71.79004569751919,13608700,69.46542358398438,66.10002136230469,57.05978775024414,69.60216677198127,67.4522562140196,60.0073555568279,66.61661199731732,65.15801024202925,55.47964579796538,67.42947267154277,67.21675633191148,59.2552710471641,0.015857270071780505,0.015732857074925378,0.02236166157804842,0.002419312290522946,69.95008850097656,65.85881977081299,62.33138328552246,0.03460670043165002,0.03477957971467101,1.9903716074576607,-1.22309013111294,12523200.0
2020-05-06,68.40946960449219,70.99998611804928,68.19675345507208,70.53657893539119,11145900,70.56695556640625,68.15116882324219,61.070926666259766,72.39779443449112,68.8424832122635,61.49634736651876,70.40742282703346,65.23398856045127,57.36367505962008,71.79004569751919,65.90250758836036,58.49560130619336,-0.030573601264175077,-0.031050723905516085,0.015857270071780505,0.03103096517465298,69.25574188232422,66.20561618804932,62.16941917419434,0.02631036231846059,0.03582552829805907,2.8032326629771944,-2.1271093308990032,12283820.0
2020-05-07,70.37703704833984,71.4557855846401,69.82247166944707,70.63533229833834,9749600,68.40946960449219,68.3031234741211,61.473541259765625,70.99998611804928,69.10078740538356,65.09723207893964,68.19675345507208,67.48266417688838,61.420363686541215,70.53657893539119,68.02963704171019,64.01088525799474,0.02876162401525839,0.02835577210959263,-0.030573601264175077,0.002229670503128389,69.35298461914063,66.45858974456787,62.087373428344726,0.02860522746098214,0.033754737503875976,1.6333139151930283,-0.25829524999849696,11789340.0
2020-05-08,72.52693176269531,72.59530044577511,71.46337447939375,72.16987985082285,8585900,70.37703704833984,71.8812026977539,65.31756591796875,71.4557855846401,72.27623528090143,65.56066431694927,69.82247166944707,70.11114003613314,61.92937365053834,70.63533229833834,70.25548165109133,62.51433297665971,0.03054824136569967,0.030090933805009427,0.02876162401525839,0.052385294282895956,70.2691635131836,66.88249340057374,62.107732925415036,0.02524910114946869,0.03375821311925512,1.1319259663813597,0.35705191187246044,10856500.0
2020-05-11,70.93160247802734,71.86600930494228,70.7872608560156,71.56973340412328,7101000,72.52693176269531,69.89082336425781,64.04885864257812,72.59530044577511,72.73203564772975,68.3030872003761,71.46337447939375,68.81207509030861,61.92934281496724,72.16987985082285,71.19747881537161,67.41425386911209,-0.021996370808678556,-0.0222418981246328,0.03054824136569967,-0.027689844615778614,70.5623992919922,67.20383892059326,62.108189010620116,0.028845875550552055,0.03436457033081194,1.0787484489266745,-0.6381309260959398,10038220.0
2020-05-12,69.20712280273438,71.43299431018508,69.1311556589967,70.74927842470301,8749100,70.93160247802734,67.94603729248047,64.50469207763672,71.86600930494228,69.92881003357607,66.3659132756289,70.7872608560156,66.1227972575061,63.35756902224595,71.56973340412328,69.5185805910128,66.22917009156959,-0.024311866855498798,-0.024612279344059407,-0.021996370808678556,-0.027826057530349613,70.29043273925781,67.4503568649292,62.02477607727051,0.030448002843681064,0.03495505738790772,2.301838651188376,-1.5421556219686323,9066300.0
2020-05-13,67.38388061523438,68.37147084582034,66.33552014879683,68.29550370406483,12215100,69.20712280273438,69.46542358398438,64.27676391601562,71.43299431018508,69.60216677198127,66.15318141028499,69.1311556589967,66.61661199731732,64.06405365359026,70.74927842470301,67.42947267154277,64.92249315435546,-0.026344718775506815,-0.02669795869839186,-0.024311866855498798,0.02236166157804842,70.08531494140625,67.6862382888794,61.93832405090332,0.029554060029227742,0.03501311089293071,2.035950697023509,-0.9116230888304528,9280140.0
2020-05-14,68.40946960449219,69.07798868633088,65.34794165803753,66.31274249901647,10678200,67.38388061523438,70.56695556640625,62.66625213623047,68.37147084582034,72.39779443449112,63.34236957588549,66.33552014879683,70.40742282703346,60.25805829854138,68.29550370406483,71.79004569751919,61.12409649755841,0.015220093884381392,0.015105430252481932,-0.026344718775506815,0.015857270071780505,69.69180145263672,68.06835994720458,61.809481887817384,0.026406633367383674,0.03411960621409936,3.730047028293356,2.096727105475722,9465860.0
2020-05-15,67.73332977294922,69.93640553407766,67.48263302630919,68.86525566485652,10113000,68.40946960449219,68.40946960449219,60.76703643798828,69.07798868633088,70.99998611804928,62.43834237502149,65.34794165803753,68.19675345507208,59.87061034152089,66.31274249901647,70.53657893539119,61.76981768183987,-0.009883716910130347,-0.00993288508457804,0.015220093884381392,-0.030573601264175077,68.7330810546875,68.14394779205323,61.68747673034668,0.01726257621081463,0.028055559903456026,2.453772507768477,-1.1319258919073008,9771280.0
2020-05-18,71.34085845947266,71.99606773914311,70.50064434616932,71.22523190870477,12304300,67.73332977294922,70.37703704833984,66.22157287597656,69.93640553407766,71.4557855846401,66.47226968409213,67.48263302630919,69.82247166944707,61.777428004853085,68.86525566485652,70.63533229833834,61.78502645853227,0.05326076096681409,0.051890838740831745,-0.009883716910130347,0.02876162401525839,68.81493225097657,68.53665466308594,61.66603401184082,0.03331121575286389,0.028428285864123853,1.495423392973791,0.1156265507678853,10811940.0
2020-05-19,69.08230590820312,71.40251741155728,69.01292762868525,71.3254350084344,7749300,71.34085845947266,72.52693176269531,63.48672103881836,71.99606773914311,72.59530044577511,66.0924344926051,70.50064434616932,71.46337447939375,62.362387419083085,71.22523190870477,72.16987985082285,62.79541238156852,-0.03165861190964736,-0.03217058023323436,0.05326076096681409,0.03054824136569967,68.78996887207032,68.88974418640137,61.82200759887695,0.03486505833412543,0.028952887505154987,2.3895897828720365,-2.243129100231272,10611980.0
2020-05-20,71.6877212524414,72.05001497822714,69.5139647787368,70.14604982765772,9160000,69.08230590820312,70.93160247802734,62.02051544189453,71.40251741155728,71.86600930494228,63.65383494009111,69.01292762868525,70.7872608560156,60.20487365894513,71.3254350084344,71.56973340412328,60.987346168426974,0.037714655149183374,0.03702084825191445,-0.03165861190964736,-0.021996370808678556,69.65073699951172,69.26674880981446,61.9646044921875,0.03447718060647603,0.029139408998595382,2.536050199490333,1.5416714247836865,10000960.0
2020-05-21,70.94770812988281,71.97292087198699,70.36187143710775,71.51041481500157,8830900,71.6877212524414,69.20712280273438,64.14762878417969,72.05001497822714,71.43299431018508,64.76297010585739,69.5139647787368,69.1311556589967,63.030893944156574,70.14604982765772,70.74927842470301,64.53506290735115,-0.010322731837893229,-0.010376380755812063,0.037714655149183374,-0.024311866855498798,70.15838470458985,69.51710968017578,62.12202896118164,0.03591550588385515,0.02887572666829645,1.6110494348792344,-0.562706685118755,9631500.0
2020-05-22,69.59104919433594,70.60855212899577,68.96667413109306,70.49292559257785,8563100,70.94770812988281,67.38388061523438,65.94049072265625,71.97292087198699,68.37147084582034,67.44465990828215,70.36187143710775,66.33552014879683,64.86933484556724,71.51041481500157,68.29550370406483,65.56064919959007,-0.019121955751738473,-0.019307144934614495,-0.010322731837893229,-0.026344718775506815,70.5299285888672,69.69166107177735,62.35518142700195,0.037266308154845273,0.02933815139154868,1.6418779979027107,-0.9018763982419102,9321520.0
2020-05-26,71.91899108886719,72.72065524140076,70.94002621248586,71.29461001714795,9430000,69.59104919433594,68.40946960449219,66.10002136230469,70.60855212899577,69.07798868633088,67.4522562140196,68.96667413109306,65.34794165803753,65.15801024202925,70.49292559257785,66.31274249901647,67.21675633191148,0.03345174302560627,0.03290440628283576,-0.019121955751738473,0.015220093884381392,70.64555511474609,69.88005218505859,62.52610595703125,0.03160552493590556,0.029464682708059815,1.7806290289149018,0.6243810717192417,8746660.0
2020-05-27,72.38148498535156,72.9904459914906,71.0016881558989,72.9827359865745,7822600,71.91899108886719,67.73332977294922,68.15116882324219,72.72065524140076,69.93640553407766,68.8424832122635,70.94002621248586,67.48263302630919,65.23398856045127,71.29461001714795,68.86525566485652,65.90250758836036,0.006430761742929558,0.0064101726166677815,0.03345174302560627,-0.009883716910130347,71.30539093017578,70.08397026062012,62.91473762512207,0.025452135898458596,0.02947310210281889,1.9887578355916986,-0.6012510012229342,8761320.0
2020-05-28,70.04584503173828,72.38147635699394,69.98417676178191,72.15793328915956,9633300,72.38148498535156,71.34085845947266,68.3031234741211,72.9904459914906,71.99606773914311,69.10078740538356,71.0016881558989,70.50064434616932,67.48266417688838,72.9827359865745,71.22523190870477,68.02963704171019,-0.03226847244272435,-0.032800577738306594,0.006430761742929558,0.05326076096681409,70.97701568603516,69.99220237731933,63.24161460876465,0.025389567760949337,0.028101574754627053,2.397299595212033,-2.112088257421277,8855980.0
2020-05-29,70.68563842773438,70.83209910734824,68.80480313016336,69.5216806383103,17010000,70.04584503173828,69.08230590820312,71.8812026977539,72.38147635699394,71.40251741155728,72.27623528090143,69.98417676178191,69.01292762868525,70.11114003613314,72.15793328915956,71.3254350084344,70.25548165109133,0.009133923585420423,0.009092461587956922,-0.03226847244272435,-0.03165861190964736,70.92460174560547,70.03194313049316,63.81891632080078,0.025737029250768255,0.027454168733713123,2.0272959771848775,1.1639577894240745,10491800.0
2020-06-01,71.52584075927734,72.34292466738314,69.46000097943593,70.0997959811837,7344000,70.68563842773438,71.6877212524414,69.89082336425781,70.83209910734824,72.05001497822714,72.73203564772975,68.80480313016336,69.5139647787368,68.81207509030861,69.5216806383103,70.14604982765772,71.19747881537161,0.011886464495923788,0.011816375338314153,0.009133923585420423,0.037714655149183374,71.31156005859376,70.210933303833,64.37746894836425,0.0237821293921445,0.02669105896907812,2.882923687947212,1.4260447780936403,10247980.0
2020-06-02,72.99043273925781,73.39897471047695,71.91126160635226,72.28896944451586,7880300,71.52584075927734,70.94770812988281,67.94603729248047,72.34292466738314,71.97292087198699,69.92881003357607,69.46000097943593,70.36187143710775,66.1227972575061,70.0997959811837,71.51041481500157,69.5185805910128,0.020476403554759992,0.020269580565118774,0.011886464495923788,-0.010322731837893229,71.52584838867188,70.38718376159667,64.93492599487304,0.02047905849912156,0.026621976769028277,1.487713104124694,0.7014632947419557,9938040.0
2020-06-03,74.9098129272461,75.33377491106178,73.80751765033492,73.97710244386118,8440200,72.99043273925781,69.59104919433594,69.46542358398438,73.39897471047695,70.60855212899577,69.60216677198127,71.91126160635226,68.96667413109306,66.61661199731732,72.28896944451586,70.49292559257785,67.42947267154277,0.026296325640989826,0.025956521463366126,0.020476403554759992,-0.019121955751738473,72.03151397705078,70.60432662963868,65.60932220458984,0.02304533943499629,0.026990961753709904,1.5262572607268652,0.9327104833849091,10061560.0
2020-06-04,74.21604919433594,74.68625937173948,73.35271710284782,74.60146698689564,6371700,74.9098129272461,71.91899108886719,70.56695556640625,75.33377491106178,72.72065524140076,72.39779443449112,73.80751765033492,70.94002621248586,70.40742282703346,73.97710244386118,71.29461001714795,71.79004569751919,-0.00926131978975775,-0.00930447245226915,0.026296325640989826,0.03345174302560627,72.86555480957031,70.89465560913087,66.08250503540039,0.013565343930951313,0.02598369317862595,1.3335422688916623,-0.3854177925597071,9409240.0
2020-06-05,77.70793151855469,78.66377185462272,76.35126515686028,76.37438928287652,12760100,74.21604919433594,72.38148498535156,68.40946960449219,74.68625937173948,72.9904459914906,70.99998611804928,73.35271710284782,71.0016881558989,68.19675345507208,74.60146698689564,72.9827359865745,70.53657893539119,0.047050231885494176,0.04597690770554014,-0.00926131978975775,0.006430761742929558,74.27001342773437,71.26120033264161,66.58419898986817,0.02056159542507758,0.027180394701789724,2.312506697762444,1.3335422356781663,8559260.0
2020-06-08,79.5810775756836,79.85086889975119,77.75420069484748,79.11086731901874,11090700,77.70793151855469,70.04584503173828,70.37703704833984,78.66377185462272,72.38147635699394,71.4557855846401,76.35126515686028,69.98417676178191,69.82247166944707,76.37438928287652,72.15793328915956,70.63533229833834,0.02410495325926476,0.023819014782475362,0.047050231885494176,-0.03226847244272435,75.88106079101563,71.61390762329101,67.01532890319824,0.020184395128794375,0.02690233137949141,2.0966682049037075,0.4702102566648563,9308600.0
2020-06-09,78.2629623413086,79.34213369967541,76.95254375822724,77.62316717901125,10745400,79.5810775756836,70.68563842773438,72.52693176269531,79.85086889975119,70.83209910734824,72.59530044577511,77.75420069484748,68.80480313016336,71.46337447939375,79.11086731901874,69.5216806383103,72.16987985082285,-0.01656317399222751,-0.016701877066870565,0.02410495325926476,0.009133923585420423,76.93556671142578,71.98047561645508,67.53556831359863,0.026553223430972477,0.02664161923307892,2.389589941448179,0.6397951622973466,9881620.0
2020-06-10,75.21814727783203,78.23982174050583,75.20272727082325,77.8544038994196,10486300,78.2629623413086,71.52584075927734,70.93160247802734,79.34213369967541,72.34292466738314,71.86600930494228,76.95254375822724,69.46000097943593,70.7872608560156,77.62316717901125,70.0997959811837,71.56973340412328,-0.03890492989772065,-0.039681946598704734,-0.01656317399222751,0.011886464495923788,76.99723358154297,72.28102684020996,67.9467473602295,0.03413289966191159,0.027674109553614185,3.037094469682586,-2.636256621587563,10290840.0
2020-06-12,71.21751403808594,72.18876872385083,69.38292708142782,72.16564459245333,9532400,68.88959503173828,74.9098129272461,67.38388061523438,72.60502321597029,75.33377491106178,68.37147084582034,68.6968860888196,73.80751765033492,66.33552014879683,71.14814407798578,73.97710244386118,68.29550370406483,0.033792026288950616,0.03323362073878795,-0.08413597615902557,0.026296325640989826,74.63385925292968,72.49671478271485,68.60627990722656,0.0481002456988833,0.034124491142599765,2.8058416424230046,-0.9481305543673955,11359920.0
2020-06-15,70.32335662841797,70.97856591954736,67.99542908641514,68.67376251190039,12289500,71.21751403808594,74.21604919433594,68.40946960449219,72.18876872385083,74.68625937173948,69.07798868633088,69.38292708142782,73.35271710284782,65.34794165803753,72.16564459245333,74.60146698689564,66.31274249901647,-0.012555302185776829,-0.012634785988487511,0.033792026288950616,-0.00926131978975775,72.78231506347656,72.62621612548828,68.85620552062989,0.04290735732437056,0.0341810046660657,2.983136833132221,1.6495941165175765,11599680.0
2020-06-16,72.48168182373047,73.67647954235021,70.52375838885564,73.22168340934296,8726700,70.32335662841797,77.70793151855469,67.73332977294922,70.97856591954736,78.66377185462272,69.93640553407766,67.99542908641514,76.35126515686028,67.48263302630919,68.67376251190039,76.37438928287652,68.86525566485652,0.030691441631788052,0.030229879573907614,-0.012555302185776829,0.047050231885494176,71.62605895996094,72.68325729370117,69.16464340209961,0.04955439670324609,0.03275781871723836,3.152721153494568,-0.7400015856124895,11195940.0
2020-06-17,70.56230926513672,72.45856461202813,70.53147512766567,72.32752393853397,6019900,72.48168182373047,79.5810775756836,71.34085845947266,73.67647954235021,79.85086889975119,71.99606773914311,70.52375838885564,77.75420069484748,70.50064434616932,73.22168340934296,79.11086731901874,71.22523190870477,-0.026480795013304248,-0.026837726591801076,0.030691441631788052,0.02410495325926476,70.69489135742188,72.75725746154785,69.35447105407715,0.04830301685779813,0.03250300278075383,1.9270894843624546,-1.765214673397253,10302660.0
2020-06-18,70.8706283569336,71.86500700645242,69.45228776657028,70.14604099658445,7064100,70.56230926513672,78.2629623413086,69.08230590820312,72.45856461202813,79.34213369967541,71.40251741155728,70.53147512766567,76.95254375822724,69.01292762868525,72.32752393853397,77.62316717901125,71.3254350084344,0.004369458638865842,0.00435994027113775,-0.026480795013304248,-0.01656317399222751,71.09109802246094,72.71640281677246,69.54241279602051,0.026381893667045856,0.03138748658310128,2.4127192398821364,0.7245873603491475,8726520.0
2020-06-19,69.86083221435547,72.77459588521137,69.79916983247682,72.77459588521137,14838800,70.8706283569336,75.21814727783203,71.6877212524414,71.86500700645242,78.23982174050583,72.05001497822714,69.45228776657028,75.20272727082325,69.5139647787368,70.14604099658445,77.8544038994196,70.14604982765772,-0.014248443480596507,-0.014350927205202313,0.004369458638865842,-0.03890492989772065,70.81976165771485,72.6620590209961,69.63327812194824,0.0221162994385098,0.031466977452305867,2.975426052734548,-2.9137636708559,9787800.0
2020-06-22,70.6008529663086,70.67794125643138,69.05918126002639,69.62189402046417,5939200,69.86083221435547,68.88959503173828,70.94770812988281,72.77459588521137,72.60502321597029,71.97292087198699,69.79916983247682,68.6968860888196,70.36187143710775,72.77459588521137,71.14814407798578,71.51041481500157,0.010592784661976218,0.010537074192531012,-0.014248443480596507,-0.08413597615902557,70.87526092529296,72.71254920959473,69.76431800842285,0.022207343699438924,0.03123177799149231,1.6187599964049895,0.9789589458444254,8517740.0
2020-06-23,70.48521423339844,71.75708836039253,70.28479531625013,71.302298146451,6317700,70.6008529663086,71.21751403808594,69.59104919433594,70.67794125643138,72.18876872385083,70.60855212899577,69.05918126002639,69.38292708142782,68.96667413109306,69.62189402046417,72.16564459245333,70.49292559257785,-0.0016379226036453698,-0.0016392654654092142,0.010592784661976218,0.033792026288950616,70.47596740722656,72.64086036682129,69.88392845153808,0.014899889164142132,0.030295797793783764,1.472293044142404,-0.8170839130525565,8035940.0
2020-06-24,67.5560531616211,69.47543277399711,66.95480214191373,69.36751622589634,8974500,70.48521423339844,70.32335662841797,71.91899108886719,71.75708836039253,70.97856591954736,72.72065524140076,70.28479531625013,67.99542908641514,70.94002621248586,71.302298146451,68.67376251190039,71.29461001714795,-0.041557099650402995,-0.04244529015448419,-0.0016379226036453698,-0.012555302185776829,69.87471618652344,72.39958877563477,69.9495142364502,0.0206340850731656,0.03158569808987628,2.520630632083382,-1.8114630642752445,8626860.0
2020-06-25,68.7662582397461,68.99751132282657,67.1860484420636,67.30166910259362,7398000,67.5560531616211,72.48168182373047,72.38148498535156,69.47543277399711,73.67647954235021,72.9904459914906,66.95480214191373,70.52375838885564,71.0016881558989,69.36751622589634,73.22168340934296,72.9827359865745,0.017914087953446733,0.017755521594005112,-0.041557099650402995,0.030691441631788052,69.45384216308594,72.33560943603516,70.0715143585205,0.023443281624263772,0.031124870862262413,1.8114628807629742,1.4645891371524726,8693640.0
2020-06-26,66.6464614868164,68.47334442050007,66.43062840726094,68.43480027871787,13766000,68.7662582397461,70.56230926513672,70.04584503173828,68.99751132282657,72.45856461202813,72.38147635699394,67.1860484420636,70.53147512766567,69.98417676178191,67.30166910259362,72.32752393853397,72.15793328915956,-0.030826117447589563,-0.03131123783123864,0.017914087953446733,-0.026480795013304248,68.81096801757812,72.13365058898925,70.18910285949707,0.025974683689707484,0.03175337820086769,2.0427160132391293,-1.7883387919014666,8479080.0
2020-06-29,67.57917785644531,68.27293130071067,66.75438372854396,66.99334684218643,7022200,66.6464614868164,70.8706283569336,70.68563842773438,68.47334442050007,71.86500700645242,70.83209910734824,66.43062840726094,69.45228776657028,68.80480313016336,68.43480027871787,70.14604099658445,69.5216806383103,0.01399498711290792,0.0138979614811382,-0.030826117447589563,0.004369458638865842,68.20663299560547,71.93631744384766,70.21625495910645,0.026655270832551536,0.03180693730728585,1.5185475721667103,0.5858310142588863,8695680.0
2020-06-30,68.78167724609375,69.3675081876089,66.56937650436718,66.75437543952934,8263600,67.57917785644531,69.86083221435547,71.52584075927734,68.27293130071067,72.77459588521137,72.34292466738314,66.75438372854396,69.79916983247682,69.46000097943593,66.99334684218643,72.77459588521137,70.0997959811837,0.017793933394733452,0.017637474646611116,0.01399498711290792,-0.014248443480596507,67.86592559814453,71.72587966918945,70.32215408325196,0.029188019599802936,0.03171115316781749,2.7981316832417207,2.0273018065644095,9084860.0
2020-07-01,67.54063415527344,69.96876219321845,67.48667588511934,68.82021851078947,6379400,68.78167724609375,70.6008529663086,72.99043273925781,69.3675081876089,70.67794125643138,73.39897471047695,66.56937650436718,69.05918126002639,71.91126160635226,66.75437543952934,69.62189402046417,72.28896944451586,-0.018043222272408177,-0.018207986130359736,0.017793933394733452,0.010592784661976218,67.862841796875,71.35742073059082,70.43255645751952,0.022962287904848742,0.031138327977076854,2.482086308099113,-1.279584355516036,8565840.0
2020-07-02,68.072509765625,69.65272555792818,67.95688909678236,68.88959973851362,5832800,67.54063415527344,70.48521423339844,74.9098129272461,69.96876219321845,71.75708836039253,75.33377491106178,67.48667588511934,70.28479531625013,73.80751765033492,68.82021851078947,71.302298146451,73.97710244386118,0.00787489808177999,0.00784405290115878,-0.018043222272408177,-0.0016379226036453698,67.72409210205078,71.05024375915528,70.51105407714844,0.021408858054273498,0.031241672823864454,1.6958364611458165,-0.8170899728886241,8252800.0
2020-07-06,68.2729263305664,69.56793070525083,67.69479948260033,68.98980385728476,6747500,68.072509765625,67.5560531616211,74.21604919433594,69.65272555792818,69.47543277399711,74.68625937173948,67.95688909678236,66.95480214191373,73.35271710284782,68.88959973851362,69.36751622589634,74.60146698689564,0.0029441630054694023,0.0029398374455905083,0.00787489808177999,-0.041557099650402995,68.04938507080078,70.57849349975587,70.55770278930665,0.014036009363465028,0.028931730968043815,1.8731312226504997,-0.7168775267183491,6849100.0
2020-07-07,66.53083038330078,67.89521292715234,66.4074997238679,67.69479398943773,5898000,68.2729263305664,68.7662582397461,77.70793151855469,69.56793070525083,68.99751132282657,78.66377185462272,67.69479948260033,67.1860484420636,76.35126515686028,68.98980385728476,67.30166910259362,76.37438928287652,-0.025516643871842826,-0.025847839576828464,0.0029441630054694023,0.017914087953446733,67.83971557617187,69.92598114013671,70.56631896972657,0.018160956549792082,0.02833164882434905,1.487713203284443,-1.1639636061369458,6624260.0
2020-07-08,66.56166076660156,67.67937604757634,66.20707705432979,66.59249489997427,6736400,66.53083038330078,66.6464614868164,79.5810775756836,67.89521292715234,68.47334442050007,79.85086889975119,66.4074997238679,66.43062840726094,77.75420069484748,67.69479398943773,68.43480027871787,79.11086731901874,0.0004633999474101813,0.00046329261081312016,-0.025516643871842826,-0.030826117447589563,67.39571228027344,69.34091606140137,70.53452880859375,0.014484367982800634,0.02833321576977008,1.4722989932465538,-0.03083413337270713,6318820.0
2020-07-09,63.77896499633789,66.53855911483912,63.74042672736023,66.26876770794912,8833600,66.56166076660156,67.57917785644531,78.2629623413086,67.67937604757634,68.27293130071067,79.34213369967541,66.20707705432979,66.75438372854396,76.95254375822724,66.59249489997427,66.99334684218643,77.62316717901125,-0.041806285152968026,-0.04270531388771906,0.0004633999474101813,0.01399498711290792,66.64337844848633,68.76895694732666,70.44404563903808,0.021457251905679646,0.02850842312041706,2.798132387478887,-2.489802711611233,6809660.0
2020-07-10,65.69832611083984,65.844780887647,63.5939421643042,63.5939421643042,6218100,63.77896499633789,68.78167724609375,75.21814727783203,66.53855911483912,69.3675081876089,78.23982174050583,63.74042672736023,66.56937650436718,75.20272727082325,66.26876770794912,66.75437543952934,77.8544038994196,0.03009395205162324,0.029650013665756206,-0.041806285152968026,0.017793933394733452,66.1685417175293,68.60939350128174,70.3203881072998,0.027769658662407805,0.023398743013159126,2.2508387233428024,2.1043839465356413,6886720.0
2020-07-13,65.82937622070312,67.00875401297435,65.37458005629847,66.3227106451694,7074000,65.69832611083984,67.54063415527344,68.88959503173828,65.844780887647,69.96876219321845,72.60502321597029,63.5939421643042,67.48667588511934,68.6968860888196,63.5939421643042,68.82021851078947,71.14814407798578,0.001994725248283924,0.001992738425547447,0.03009395205162324,-0.018043222272408177,65.67983169555664,68.3399866104126,70.23915916442871,0.027689807621758874,0.021860841776590104,1.6341739566758804,-0.4933344244662692,6952020.0
2020-07-14,68.10334014892578,68.29604909438454,65.55187559297502,65.82166694041523,7440500,65.82937622070312,68.072509765625,71.21751403808594,67.00875401297435,69.65272555792818,72.18876872385083,65.37458005629847,67.95688909678236,69.38292708142782,66.3227106451694,68.88959973851362,72.16564459245333,0.03454330055625676,0.03396007383427462,0.001994725248283924,0.00787489808177999,65.99433364868165,68.22898578643799,70.24230522155761,0.03050793777283952,0.02334296653863579,2.74417350140952,2.281673208510554,7260520.0
2020-07-15,68.51959991455078,69.52168889650338,67.99543128846973,69.51397889113147,5935200,68.10334014892578,68.2729263305664,70.32335662841797,68.29604909438454,69.56793070525083,70.97856591954736,65.55187559297502,67.69479948260033,67.99542908641514,65.82166694041523,68.98980385728476,68.67376251190039,0.006112178414667158,0.00609357481935715,0.03454330055625676,0.0029441630054694023,66.38592147827148,68.030881690979,70.22338874816894,0.030399664149560697,0.02218604441364351,1.5262576080336459,-0.9943789765806912,7100280.0
2020-07-16,68.11103057861328,68.97436852331269,67.33248501602759,68.17269883487937,4795700,68.51959991455078,66.53083038330078,72.48168182373047,69.52168889650338,67.89521292715234,73.67647954235021,67.99543128846973,66.4074997238679,70.52375838885564,69.51397889113147,67.69479398943773,73.22168340934296,-0.005962809713527473,-0.00598065825035499,0.006112178414667158,-0.025516643871842826,67.25233459472656,67.90831775665283,70.17427024841308,0.01791527746975029,0.02148558515491062,1.641883507285101,-0.061668256266088406,6292700.0
2020-07-17,67.20916748046875,68.68917063318752,66.99333442249015,68.14958798824101,5964000,68.11103057861328,66.56166076660156,70.56230926513672,68.97436852331269,67.67937604757634,72.45856461202813,67.33248501602759,66.20707705432979,70.53147512766567,68.17269883487937,66.59249489997427,72.32752393853397,-0.013241072561713918,-0.013329517164894618,-0.005962809713527473,0.0004633999474101813,67.55450286865235,67.72524471282959,70.15026420593261,0.018272331315633054,0.021591026420834623,1.6958362106973652,-0.9404205077722594,6241880.0
2020-07-20,65.72916412353516,67.44042048960316,65.36687624835855,66.93167193485903,14974800,67.20916748046875,63.77896499633789,70.8706283569336,68.68917063318752,66.53855911483912,71.86500700645242,66.99333442249015,63.74042672736023,69.45228776657028,68.14958798824101,66.26876770794912,70.14604099658445,-0.02202085537458398,-0.022266933688579946,-0.013241072561713918,-0.041806285152968026,67.53446044921876,67.51866130828857,70.05730674743653,0.021945003422741725,0.02188299731168767,2.073544241244605,-1.2025078113238692,7822040.0
2020-07-22,70.17686462402344,70.33873937329855,68.527277124544,69.33665087091953,10317500,70.44668579101562,65.82937622070312,70.6008529663086,70.70877303044008,67.00875401297435,70.67794125643138,66.56938252040794,65.37458005629847,69.05918126002639,66.65417493189726,66.3227106451694,69.62189402046417,-0.0038301470674237947,-0.0038375008641237138,0.07177212323306126,0.001994725248283924,68.33458251953125,67.49553546905517,70.00060707092285,0.03781185233114857,0.02744134981132045,1.8114622487545518,0.8402137531039102,10233400.0
2020-07-23,70.15376281738281,70.43896827926059,69.39063119530707,69.76063494064773,6586300,70.17686462402344,68.10334014892578,70.48521423339844,70.33873937329855,68.29604909438454,71.75708836039253,68.527277124544,65.55187559297502,70.28479531625013,69.33665087091953,65.82166694041523,71.302298146451,-0.00032919405511200317,-0.0003292482513693472,-0.0038301470674237947,0.03454330055625676,68.74312896728516,67.62542095184327,70.01953987121583,0.03747313901155819,0.025633585623761498,1.0483370839535269,0.393127876735079,10591520.0
2020-07-24,69.47541046142578,71.48729184647564,69.35978982631514,70.51604322549281,6620500,70.15376281738281,68.51959991455078,67.5560531616211,70.43896827926059,69.52168889650338,69.47543277399711,69.39063119530707,67.99543128846973,66.95480214191373,69.76063494064773,69.51397889113147,69.36751622589634,-0.009669507788525156,-0.009716561045869205,-0.00032919405511200317,0.006112178414667158,69.19637756347656,67.66087856292725,70.06137046813964,0.037034947969315814,0.025485018999175983,2.127502020160506,-1.040632764067027,10722820.0
2020-07-27,70.17686462402344,70.21540287041762,68.45019475074749,69.19019612500861,7599700,69.47541046142578,68.11103057861328,68.7662582397461,71.48729184647564,68.97436852331269,68.99751132282657,69.35978982631514,67.33248501602759,67.1860484420636,70.51604322549281,68.17269883487937,67.30166910259362,0.01009643783230496,0.010045809297238513,-0.009669507788525156,-0.005962809713527473,70.08591766357422,67.8373987197876,70.09671836853028,0.03330004887545801,0.02443177244682702,1.7652081196701346,0.9866684990148258,9247800.0
2020-07-28,68.68916320800781,70.27708271806453,68.42707603664371,69.73750013144597,6787300,70.17686462402344,67.20916748046875,66.6464614868164,70.21540287041762,68.68917063318752,68.47334442050007,68.45019475074749,66.99333442249015,66.43062840726094,69.19019612500861,68.14958798824101,68.43480027871787,-0.02119931438923739,-0.02142724695334002,0.01009643783230496,-0.013241072561713918,69.73441314697266,67.89289798736573,70.11583503723145,0.01156836825863345,0.024851639610271186,1.8500066814208225,-1.048336923438157,7582260.0
2020-07-29,69.42919158935547,69.4369015952953,68.28064770679865,68.97440121609893,6386900,68.68916320800781,65.72916412353516,67.57917785644531,70.27708271806453,67.44042048960316,68.27293130071067,68.42707603664371,65.36687624835855,66.75438372854396,69.73750013144597,66.93167193485903,66.99334684218643,0.010773582713573981,0.010715961162254012,-0.02119931438923739,-0.02202085537458398,69.58487854003906,67.9252737045288,70.0776016998291,0.013598651795101918,0.02465226747704976,1.15625388849665,0.45479037325654303,6796140.0
2020-07-30,66.5,68.21896637309075,66.06062384165101,68.16500810385527,10112800,69.42919158935547,70.44668579101562,68.78167724609375,69.4369015952953,70.70877303044008,69.3675081876089,68.28064770679865,66.56938252040794,66.56937650436718,68.97440121609893,66.65417493189726,66.75437543952934,-0.042189625463024405,-0.043105459500450555,0.010773582713573981,0.07177212323306126,68.8541259765625,67.87324199676513,70.02595558166504,0.022339183988096374,0.026166013879573704,2.158342531439743,-1.6650081038552713,7501440.0
2020-07-31,64.70394897460938,64.82727962550074,62.830818033683656,64.17207047255346,19119800,66.5,70.17686462402344,67.54063415527344,68.21896637309075,70.33873937329855,69.96876219321845,66.06062384165101,68.527277124544,67.48667588511934,68.16500810385527,69.33665087091953,68.82021851078947,-0.02700828609609962,-0.027379712861272932,-0.042189625463024405,-0.0038301470674237947,67.89983367919922,67.70481395721436,69.8862801361084,0.02350544951870105,0.02673791401269128,1.9964615918170807,0.5318785020559176,10001300.0
2020-08-03,65.37458038330078,65.62895760122272,64.59604048264555,64.73479115778386,11220100,64.70394897460938,70.15376281738281,68.072509765625,64.82727962550074,70.43896827926059,69.65272555792818,62.830818033683656,69.39063119530707,67.95688909678236,64.17207047255346,69.76063494064773,68.88959973851362,0.010364613278156742,0.010311268952874264,-0.02700828609609962,-0.00032919405511200317,66.93937683105469,67.55989665985108,69.77481758117676,0.023574114998860838,0.026864223790941538,1.0329171185771742,0.6397892255169211,10725380.0
2020-08-04,66.6695785522461,66.84687335223578,64.96603234803972,65.12020301781547,9077900,65.37458038330078,69.47541046142578,68.2729263305664,65.62895760122272,71.48729184647564,69.56793070525083,64.59604048264555,69.35978982631514,67.69479948260033,64.73479115778386,70.51604322549281,68.98980385728476,0.019808894548195122,0.019615251456340223,0.010364613278156742,-0.009669507788525156,66.53545989990235,67.56683406829833,69.71638816833496,0.027229018679621877,0.026671810885185863,1.880841004196057,1.5493755344306237,11183500.0
2020-08-05,67.21685791015625,68.16498822856776,66.6079029982027,67.94144521234053,7324200,66.6695785522461,70.17686462402344,66.53083038330078,66.84687335223578,70.21540287041762,67.89521292715234,64.96603234803972,68.45019475074749,66.4074997238679,65.12020301781547,69.19019612500861,67.69479398943773,0.00820883182096721,0.00817532261708188,0.019808894548195122,0.01009643783230496,66.0929931640625,67.59959392547607,69.62234550476074,0.026863984028811332,0.02672836585639277,1.557085230365061,-0.7245873021842755,11370960.0
2020-08-06,67.42501068115234,67.75647032176927,66.36896348174247,66.62334071591583,7035600,67.21685791015625,68.68916320800781,66.56166076660156,68.16498822856776,70.27708271806453,67.67937604757634,66.6079029982027,68.42707603664371,66.20707705432979,67.94144521234053,69.73750013144597,66.59249489997427,0.00309673462086435,0.0030919496142603137,0.00820883182096721,-0.02119931438923739,66.27799530029297,67.78189620971679,69.52321601867676,0.017778912878665867,0.024773259887524688,1.387506840026802,0.8016699652365133,10755520.0
2020-08-07,66.90855407714844,67.14751130852764,66.09146407773586,66.9702164755293,7185000,67.42501068115234,69.42919158935547,63.77896499633789,67.75647032176927,69.4369015952953,66.53855911483912,66.36896348174247,68.28064770679865,63.74042672736023,66.62334071591583,68.97440121609893,66.26876770794912,-0.007659718534509197,-0.007689204846261266,0.00309673462086435,0.010773582713573981,66.71891632080079,67.84240760803223,69.46047019958496,0.010083572288430364,0.02403308527954077,1.0560472307917763,-0.06166239838086085,8368560.0
2020-08-10,69.1670913696289,69.19021550014243,67.52520753105148,67.7872947325609,8150200,66.90855407714844,66.5,65.69832611083984,67.14751130852764,68.21896637309075,65.844780887647,66.09146407773586,66.06062384165101,63.5939421643042,66.9702164755293,68.16500810385527,63.5939421643042,0.033755583626516206,0.03319836867275241,-0.007659718534509197,-0.042189625463024405,67.4774185180664,68.00929336547851,69.43009925842286,0.01591283617328024,0.025114546468868442,1.6650079690909507,1.3797966370680115,7754580.0
2020-08-11,69.08230590820312,71.69543877683883,68.73542627263453,70.87834883690707,9074300,69.1670913696289,64.70394897460938,65.82937622070312,69.19021550014243,64.82727962550074,67.00875401297435,67.52520753105148,62.830818033683656,65.37458005629847,67.7872947325609,64.17207047255346,66.3227106451694,-0.001225806373332805,-0.0012265582884963325,0.033755583626516206,-0.02700828609609962,67.95996398925782,68.05824165344238,69.38122856140137,0.015928377422746602,0.023980911958197643,2.9600125042043004,-1.7960429287039403,7753860.0
2020-08-12,69.93021392822266,70.65480135035763,68.95124931989015,69.99188219415106,9057400,69.08230590820312,65.37458038330078,68.10334014892578,71.69543877683883,65.62895760122272,68.29604909438454,68.73542627263453,64.59604048264555,65.55187559297502,70.87834883690707,64.73479115778386,65.82166694041523,0.01227388126195783,0.012199167908652423,-0.001225806373332805,0.010364613278156742,68.5026351928711,68.12877235412597,69.32002418518067,0.016093390439304196,0.02408961379310737,1.7035520304674776,-0.0616682659284038,8100500.0
2020-08-13,69.23646545410156,70.36188492101942,69.19021719194369,69.27500959323976,7314600,69.93021392822266,66.6695785522461,68.51959991455078,70.65480135035763,66.84687335223578,69.52168889650338,68.95124931989015,64.96603234803972,67.99543128846973,69.99188219415106,65.12020301781547,69.51397889113147,-0.00992058275172969,-0.009970119628211586,0.01227388126195783,0.019808894548195122,68.86492614746093,68.18504409790039,69.20655723571777,0.018030926230116585,0.024168462222135024,1.171667729075736,-0.03854413913819599,8156300.0
2020-08-14,69.64500427246094,69.83000319365514,68.48875072323023,68.60437725435524,6343000,69.23646545410156,67.21685791015625,68.11103057861328,70.36188492101942,68.16498822856776,68.97436852331269,69.19021719194369,66.6079029982027,67.33248501602759,69.27500959323976,67.94144521234053,68.17269883487937,0.005900630768481463,0.005883290226734574,-0.00992058275172969,0.00820883182096721,69.41221618652344,68.3068359375,69.11513633728028,0.01652394815387838,0.02394897070133167,1.3412524704249194,1.0406270181056954,7987900.0
2020-08-17,69.9687728881836,70.59315397370314,69.15939871215645,69.64502321777273,10473800,69.64500427246094,67.42501068115234,67.20916748046875,69.83000319365514,67.75647032176927,68.68917063318752,68.48875072323023,66.36896348174247,66.99333442249015,68.60437725435524,66.62334071591583,68.14958798824101,0.0046488419249144375,0.00463806943279963,0.005900630768481463,0.00309673462086435,69.57255249023437,68.51881637573243,68.96035316467285,0.008362529488897172,0.023271056811047523,1.4337552615466933,0.3237496704108622,8452620.0
2020-08-18,68.52214813232422,69.88274288173231,68.27974599496946,69.5699622738525,7981500,69.9687728881836,66.90855407714844,65.72916412353516,70.59315397370314,67.14751130852764,67.44042048960316,69.15939871215645,66.09146407773586,65.36687624835855,69.64502321777273,66.9702164755293,66.93167193485903,-0.020675291221288306,-0.02089201751199749,0.0046488419249144375,-0.007659718534509197,69.4605209350586,68.42258949279785,68.73917457580566,0.013424609414015094,0.017417136607125648,1.6029968867628526,-1.0478141415282778,8234060.0
2020-08-19,67.55252075195312,68.7332644880785,67.40394864920167,68.26409664850722,9120300,68.52214813232422,69.1670913696289,70.44668579101562,69.88274288173231,69.19021550014243,70.70877303044008,68.27974599496946,67.52520753105148,66.56938252040794,69.5699622738525,67.7872947325609,66.65417493189726,-0.014150568929897411,-0.014251642865829814,-0.020675291221288306,0.033755583626516206,68.98498229980468,68.29137229919434,68.52496574401856,0.011711819357655697,0.017649281921468394,1.3293158388768376,-0.7115758965540948,8246640.0
2020-08-20,66.31707000732422,67.94352480058272,66.25451864281072,66.79405921078748,7872300,67.55252075195312,69.08230590820312,70.17686462402344,68.7332644880785,71.69543877683883,70.33873937329855,67.40394864920167,68.73542627263453,68.527277124544,68.26409664850722,70.87834883690707,69.33665087091953,-0.018288743793371864,-0.018458050314325902,-0.014150568929897411,-0.001225806373332805,68.40110321044922,68.0995376586914,68.3469441986084,0.01280874225565829,0.018025786544037217,1.689006157771999,-0.4769892034632619,8358180.0
2020-08-21,66.52819061279297,66.53600580369039,65.30053150711147,66.2075888121616,9003600,66.31707000732422,69.93021392822266,70.15376281738281,67.94352480058272,70.65480135035763,70.43896827926059,66.25451864281072,68.95124931989015,69.39063119530707,66.79405921078748,69.99188219415106,69.76063494064773,0.0031835032133571417,0.0031784465959985744,-0.018288743793371864,0.01227388126195783,67.77774047851562,67.95217666625976,68.2997161102295,0.01208133114661709,0.017991552504867548,1.2354742965789143,0.32060180063136556,8890300.0
2020-08-24,68.1859130859375,68.29538540874411,66.37961379383441,66.93479656400908,8738700,66.52819061279297,69.23646545410156,69.47541046142578,66.53600580369039,70.36188492101942,71.48729184647564,65.30053150711147,69.19021719194369,69.35978982631514,66.2075888121616,69.27500959323976,70.51604322549281,0.02491759444943864,0.024612213699383025,0.0031835032133571417,-0.00992058275172969,67.42116851806641,67.85262908935547,68.23908409118653,0.01915770422192518,0.01880338565436035,1.9157716149097013,1.2511165219284237,8543280.0
2020-08-25,67.34922790527344,68.8427525313201,67.05991075368941,68.81929502884509,6835800,68.1859130859375,69.64500427246094,70.17686462402344,68.29538540874411,69.83000319365514,70.21540287041762,66.37961379383441,68.48875072323023,68.45019475074749,66.93479656400908,68.60437725435524,69.19019612500861,-0.01227064569201497,-0.012346551647390572,0.02491759444943864,0.005900630768481463,67.18658447265625,67.78563232421875,68.17960151672364,0.01775623729169134,0.018407115804673992,1.7828417776306935,-1.4700671235716527,8314140.0
2020-08-26,66.29360961914062,67.1224733294314,66.19977959355003,67.02082214644324,7486500,67.34922790527344,69.9687728881836,68.68916320800781,68.8427525313201,70.59315397370314,70.27708271806453,67.05991075368941,69.15939871215645,68.42707603664371,68.81929502884509,69.64502321777273,69.73750013144597,-0.015673799373283614,-0.015797932163479196,-0.01227064569201497,0.0046488419249144375,66.93480224609375,67.62885322570801,68.05584007263184,0.017999871816637862,0.018480028618452642,0.9226937358813672,-0.727212527302612,7987380.0
2020-08-27,66.39527130126953,66.95826939063885,65.66023756638259,66.5907584889909,7438200,66.29360961914062,68.52214813232422,69.42919158935547,67.1224733294314,69.88274288173231,69.4369015952953,66.19977959355003,68.27974599496946,68.28064770679865,67.02082214644324,69.5699622738525,68.97440121609893,0.0015335065131156789,0.0015323318927081566,-0.015673799373283614,-0.020675291221288306,66.95044250488282,67.62361679077148,67.97249931335449,0.01603931305426616,0.015899534541326147,1.298031824256256,-0.19548718772136908,7900560.0
2020-08-28,66.958251953125,67.03645158048494,65.93390126528473,66.50472632972482,7307900,66.39527130126953,67.55252075195312,66.5,66.95826939063885,68.7332644880785,68.21896637309075,65.66023756638259,67.40394864920167,66.06062384165101,66.5907584889909,68.26409664850722,68.16500810385527,0.008479228126065497,0.008443481398887448,0.0015335065131156789,-0.014150568929897411,67.03645477294921,67.73633193969727,67.89425178527831,0.01644393263761588,0.014653333265837497,1.1025503152002045,0.4535256234001821,7561420.0
2020-08-31,65.62893676757812,67.16937624184803,65.5820217674013,67.11464008637722,9437500,66.958251953125,66.31707000732422,64.70394897460938,67.03645158048494,67.94352480058272,64.82727962550074,65.93390126528473,66.25451864281072,62.830818033683656,66.50472632972482,66.79405921078748,64.17207047255346,-0.01985289559944725,-0.020052612051201252,0.008479228126065497,-0.018288743793371864,66.52505950927734,67.74904975891113,67.80961387634278,0.012032122189307297,0.01527028498762926,1.5873544744467267,-1.4857033187990965,7701180.0
2020-09-01,64.96427917480469,65.39434724625143,64.47164782927645,65.10503013555658,8990600,65.62893676757812,66.52819061279297,65.37458038330078,67.16937624184803,66.53600580369039,65.62895760122272,65.5820217674013,65.30053150711147,64.59604048264555,67.11464008637722,66.2075888121616,64.73479115778386,-0.010127508161945298,-0.010179140271611428,-0.01985289559944725,0.0031835032133571417,66.04806976318359,67.66378479003906,67.69688240051269,0.011859152252409761,0.014714911854345121,0.9226994169749787,-0.14075096075188753,8132140.0
2020-09-02,65.0503158569336,65.65241374574575,64.66715668916694,64.94865870533232,10821900,64.96427917480469,68.1859130859375,66.6695785522461,65.39434724625143,68.29538540874411,66.84687335223578,64.47164782927645,66.37961379383441,64.96603234803972,65.10503013555658,66.93479656400908,65.12020301781547,0.001324369072077225,0.0013234928688833096,-0.010127508161945298,0.02491759444943864,65.79941101074219,67.55545768737792,67.5881844329834,0.011215973689114965,0.014563157726456359,0.9852570565788028,0.1016571516012732,8799220.0
2020-09-03,64.33872985839844,66.06683554863541,63.89301939499609,64.94083362128939,16179900,65.0503158569336,67.34922790527344,67.21685791015625,65.65241374574575,68.8427525313201,68.16498822856776,64.66715668916694,67.05991075368941,66.6079029982027,64.94865870533232,68.81929502884509,67.94144521234053,-0.0109390091218029,-0.010999280021059047,0.001324369072077225,-0.01227064569201497,65.38810272216797,67.40114364624023,67.52383796691895,0.01113977414182428,0.014665953301036153,2.173816153639322,-0.6021037628909482,10547560.0
2020-09-04,64.06504821777344,65.40217959078734,63.25964212459497,64.4794800159492,10516600,64.33872985839844,66.29360961914062,67.42501068115234,66.06683554863541,67.1224733294314,67.75647032176927,63.89301939499609,66.19977959355003,66.36896348174247,64.94083362128939,67.02082214644324,66.62334071591583,-0.004253761944435941,-0.004262834928460044,-0.0109390091218029,-0.015673799373283614,64.80946197509766,67.25896835327148,67.4298137664795,0.007932066198366436,0.014619389263827163,2.1425374661923726,-0.4144317981757695,11189300.0
2020-09-08,61.750484466552734,63.00942224221267,61.02327199965472,62.94686491981842,14942500,64.06504821777344,66.39527130126953,66.90855407714844,65.40217959078734,66.95826939063885,67.14751130852764,63.25964212459497,65.66023756638259,66.09146407773586,64.4794800159492,66.5907584889909,66.9702164755293,-0.03612833854979569,-0.03679712451006801,-0.004253761944435941,0.0015335065131156789,64.03377151489258,66.88813800811768,67.33189422607421,0.014355735579681983,0.013942331215829194,1.9861502425579545,-1.1963804532656823,12290300.0
2020-09-09,62.57933044433594,63.392557508535695,62.30564969335355,62.5324154486798,9269800,61.750484466552734,66.958251953125,69.1670913696289,63.00942224221267,67.03645158048494,69.19021550014243,61.02327199965472,65.93390126528473,67.52520753105148,62.94686491981842,66.50472632972482,67.7872947325609,0.013422501619920979,0.01333321789834486,-0.03612833854979569,0.008479228126065497,63.55678176879883,66.56298923492432,67.23189727783203,0.01842142618133059,0.014553479199935873,1.086907815182144,0.0469149956561381,12346140.0
2020-09-10,61.10929489135742,63.25183275686642,61.03110121094235,63.04852441515092,11845900,62.57933044433594,65.62893676757812,69.08230590820312,63.392557508535695,67.16937624184803,71.69543877683883,62.30564969335355,65.5820217674013,68.73542627263453,62.5324154486798,67.11464008637722,70.87834883690707,-0.02349075233852349,-0.02377105849880012,0.013422501619920979,-0.01985289559944725,62.768577575683594,66.12194328308105,67.07844963073731,0.01884981127440629,0.014538528243777103,2.2207315459240675,-1.9392295237935002,12550940.0
2020-09-11,60.74958419799805,61.53153274078275,60.264773953785706,61.17965231705328,13732400,61.10929489135742,64.96427917480469,69.93021392822266,63.25183275686642,65.39434724625143,70.65480135035763,61.03110121094235,64.47164782927645,68.95124931989015,63.04852441515092,65.10503013555658,69.99188219415106,-0.00588634992432624,-0.0059037427692087,-0.02349075233852349,-0.010127508161945298,62.05074844360352,65.69759922027588,66.9426286315918,0.019073638015880075,0.014518268833100105,1.2667587869970447,-0.43006811905523534,12061440.0
2020-09-14,60.43680953979492,60.97635599650722,60.14748640278501,60.58538168661008,8182800,60.74958419799805,65.0503158569336,69.23646545410156,61.53153274078275,65.65241374574575,70.36188492101942,60.264773953785706,64.66715668916694,69.19021719194369,61.17965231705328,64.94865870533232,69.27500959323976,-0.00514858928389883,-0.005161888938986978,-0.00588634992432624,0.001324369072077225,61.32510070800781,65.23718948364258,66.78991462707519,0.018995416277533157,0.014232314726153238,0.8288695937222101,-0.1485721468151553,11594680.0
2020-09-15,59.70176696777344,61.36732109606847,59.39680752908718,60.64792393982487,11732000,60.43680953979492,64.33872985839844,69.64500427246094,60.97635599650722,66.06683554863541,69.83000319365514,60.14748640278501,63.89301939499609,68.48875072323023,60.58538168661008,64.94083362128939,68.60437725435524,-0.012162167024013626,-0.012236731370147046,-0.00514858928389883,-0.0109390091218029,60.915357208251955,64.72383918762208,66.61849143981934,0.013413962821619581,0.01400467333832726,1.970513566981296,-0.9461569720514333,10952580.0
2020-09-16,61.42989730834961,62.14929475579671,59.39683157221591,59.70179113434616,13019000,59.70176696777344,64.06504821777344,69.9687728881836,61.36732109606847,65.40217959078734,70.59315397370314,59.39680752908718,63.25964212459497,69.15939871215645,60.64792393982487,64.4794800159492,69.64502321777273,0.028946050148046742,0.028535026078072068,-0.012162167024013626,-0.004253761944435941,60.68547058105469,64.36922664642334,66.5164727783203,0.019594707864289105,0.015875839495672332,2.752463183580801,1.7281061740034502,11702420.0
2020-09-17,61.60973358154297,61.65664859052319,59.7174193192752,60.62447663239581,10515100,61.42989730834961,61.750484466552734,68.52214813232422,62.14929475579671,63.00942224221267,69.88274288173231,59.39683157221591,61.02327199965472,68.27974599496946,59.70179113434616,62.94686491981842,69.5699622738525,0.0029275040505223338,0.002923227255396335,0.028946050148046742,-0.03612833854979569,60.7855583190918,64.07208728790283,66.41743423461914,0.016128107011073017,0.015835580856045663,1.9392292712479886,0.985256949147157,11436260.0
2020-09-18,61.15620422363281,61.89123787598286,60.60102138874102,60.89815973302547,14517800,61.60973358154297,62.57933044433594,67.55252075195312,61.65664859052319,63.392557508535695,68.7332644880785,59.7174193192752,62.30564969335355,67.40394864920167,60.62447663239581,62.5324154486798,68.26409664850722,-0.007361326393497403,-0.007388554663046982,0.0029275040505223338,0.013422501619920979,60.86688232421875,63.81404399871826,66.36497901916503,0.01631477294816024,0.015519215523274977,1.2902164872418425,0.2580444906073396,11593340.0
2020-09-21,59.66268157958984,59.93636240107899,58.39592267839007,59.6157606060528,16199100,61.15620422363281,61.10929489135742,66.31707000732422,61.89123787598286,63.25183275686642,67.94352480058272,60.60102138874102,61.03110121094235,66.25451864281072,60.89815973302547,63.04852441515092,66.79405921078748,-0.02442144117678624,-0.024724590307859156,-0.007361326393497403,-0.02349075233852349,60.712056732177736,63.47076854705811,66.24426612854003,0.020098598684673532,0.016071187880445436,1.540439722688916,0.04692097353703417,13196600.0
2020-09-22,59.06058120727539,60.62447852388608,58.91983021014864,59.54539152311085,9155000,59.66268157958984,60.74958419799805,66.52819061279297,59.93636240107899,61.53153274078275,66.53600580369039,58.39592267839007,60.264773953785706,65.30053150711147,59.6157606060528,61.17965231705328,66.2075888121616,-0.010091741711462432,-0.010143008542899073,-0.02442144117678624,-0.00588634992432624,60.58381958007813,63.014501953125,66.10889022827149,0.019867558008079645,0.014428358496819376,1.7046483137374437,-0.4848103158354604,12681200.0
2020-09-23,56.26121139526367,59.35773376225994,56.18301771172845,59.10750442967421,16649200,59.06058120727539,60.43680953979492,68.1859130859375,60.62447852388608,60.97635599650722,68.29538540874411,58.91983021014864,60.14748640278501,66.37961379383441,59.54539152311085,60.58538168661008,66.93479656400908,-0.047398277409211764,-0.048558382312594385,-0.010091741711462432,-0.00514858928389883,59.55008239746094,62.46010112762451,65.87204765319824,0.019471161885393502,0.017004316097492728,3.1747160505314866,-2.846293034410536,13407240.0
2020-09-24,56.1439094543457,57.1057028501817,55.127373931698855,55.71383535650416,15203500,56.26121139526367,59.70176696777344,67.34922790527344,59.35773376225994,61.36732109606847,68.8427525313201,56.18301771172845,59.39680752908718,67.05991075368941,59.10750442967421,60.64792393982487,68.81929502884509,-0.0020849522790019615,-0.0020871288178507972,-0.047398277409211764,-0.012162167024013626,58.45691757202148,61.952616119384764,65.62453384399414,0.01826291049928358,0.01698731714352187,1.9783289184828448,0.4300740978415405,14344920.0
2020-09-25,56.1673698425293,56.67563762996606,55.33850026281285,55.52617222376436,11070500,56.1439094543457,61.42989730834961,66.29360961914062,57.1057028501817,62.14929475579671,67.1224733294314,55.127373931698855,59.39683157221591,66.19977959355003,55.71383535650416,59.70179113434616,67.02082214644324,0.00041786167745705427,0.00041777439757940824,-0.0020849522790019615,0.028946050148046742,57.45915069580078,61.44122104644775,65.38566062927246,0.019699578305095722,0.016955697018045512,1.3371373671532112,0.6411976187649344,13655460.0
2020-09-28,57.809452056884766,58.458470734842535,57.19953318971232,57.58268627907566,12863800,56.1673698425293,61.60973358154297,66.39527130126953,56.67563762996606,61.65664859052319,66.95826939063885,55.33850026281285,59.7174193192752,65.66023756638259,55.52617222376436,60.62447663239581,66.5907584889909,0.029235519109390484,0.028816312207125095,0.00041786167745705427,0.0029275040505223338,57.088504791259766,60.983781051635745,65.19766632080078,0.02751643530307787,0.01858656012778357,1.258937545130216,0.22676577780910634,12988400.0
2020-09-29,56.22210311889648,57.97366623725928,55.604363035527854,57.86419391522374,10553000,57.809452056884766,61.15620422363281,66.958251953125,58.458470734842535,61.89123787598286,67.03645158048494,57.19953318971232,60.60102138874102,65.93390126528473,57.58268627907566,60.89815973302547,66.50472632972482,-0.02745829412855061,-0.027842319194222247,0.029235519109390484,-0.007361326393497403,56.520809173583984,60.51343936920166,65.00752510070801,0.029208552409995328,0.018934595916908433,2.3693032017314266,-1.6420907963272597,13268000.0
2020-09-30,56.3003044128418,56.99623825401472,55.99534490786917,56.49579158094194,10466500,56.22210311889648,59.66268157958984,65.62893676757812,57.97366623725928,59.93636240107899,67.16937624184803,55.604363035527854,58.39592267839007,65.5820217674013,57.86419391522374,59.6157606060528,67.11464008637722,0.0013909350523573227,0.0013899685982768219,-0.02745829412855061,-0.02442144117678624,56.52862777709961,60.080240631103514,64.72459747314453,0.02009153544944303,0.019026508501698382,1.0008933461455527,-0.19548716810014355,12031460.0
2020-10-01,55.06482696533203,56.20647137099013,54.759867444372446,55.917154165143735,14930700,56.3003044128418,59.06058120727539,64.96427917480469,56.99623825401472,60.62447852388608,65.39434724625143,55.99534490786917,58.91983021014864,64.47164782927645,56.49579158094194,59.54539152311085,65.10503013555658,-0.021944418602965143,-0.022188778867869605,0.0013909350523573227,-0.010091741711462432,56.312811279296874,59.58096618652344,64.42235671997071,0.022499634237460153,0.019203995149531777,1.4466039266176836,-0.8523271998117039,11976900.0
2020-10-02,55.66692733764648,56.04225935578049,53.81370685500088,53.89190052829589,9854800,55.06482696533203,56.26121139526367,65.0503158569336,56.20647137099013,59.35773376225994,65.65241374574575,54.759867444372446,56.18301771172845,64.66715668916694,55.917154165143735,59.10750442967421,64.94865870533232,0.010934391434545221,0.010875043209084374,-0.021944418602965143,-0.047398277409211764,56.21272277832031,59.14737606048584,64.13262001037597,0.023449027923339114,0.019652694258357375,2.2285525007796068,1.7750268093505852,11733760.0
2020-10-05,56.8476676940918,56.87113116619065,55.29159146272603,55.92496799610809,12049800,55.66692733764648,56.1439094543457,64.33872985839844,56.04225935578049,57.1057028501817,66.06683554863541,53.81370685500088,55.127373931698855,63.89301939499609,53.89190052829589,55.71383535650416,64.94083362128939,0.021210805282705136,0.020988987295434927,0.010934391434545221,-0.0020849522790019615,56.02036590576172,58.786507034301756,63.8800651550293,0.020955665242915734,0.02064185818266278,1.5795397034646186,0.9226996979837097,11570960.0
2020-10-06,56.53489303588867,58.11442677486875,56.4957932148199,57.7390887763118,15294500,56.8476676940918,56.1673698425293,64.06504821777344,56.87113116619065,56.67563762996606,65.40217959078734,55.29159146272603,55.33850026281285,63.25964212459497,55.92496799610809,55.52617222376436,64.4794800159492,-0.00550197872472491,-0.005517170357987905,0.021210805282705136,0.00041786167745705427,56.082923889160156,58.52572746276856,63.6072257232666,0.01639974223653726,0.019366599282194575,1.618633560048849,-1.2041957404231312,12519260.0
2020-10-07,57.69216537475586,57.80163769887616,55.95623856971363,56.43322768157818,15410300,56.53489303588867,57.809452056884766,61.750484466552734,58.11442677486875,58.458470734842535,63.00942224221267,56.4957932148199,57.19953318971232,61.02327199965472,57.7390887763118,57.58268627907566,62.94686491981842,0.02047005445172667,0.020263358840870757,-0.00550197872472491,0.029235519109390484,56.36129608154297,58.28136920928955,63.387285766601565,0.01853117200161688,0.0197645899806482,1.84539912916253,1.2589376931776783,13508020.0
2020-10-08,58.81817626953125,59.07622074644227,57.85637684004224,58.169157481831846,11590900,57.69216537475586,56.22210311889648,62.57933044433594,57.80163769887616,57.97366623725928,63.392557508535695,55.95623856971363,55.604363035527854,62.30564969335355,56.43322768157818,57.86419391522374,62.5324154486798,0.01951757032278234,0.01932954513867823,0.02047005445172667,-0.02745829412855061,57.11196594238281,58.16681327819824,63.175065460205076,0.011311009964459271,0.01985703361149419,1.2198439064000297,0.6490187876994042,12840060.0
2020-10-09,57.86418151855469,59.49845080867385,57.84854517552555,59.31860601777098,12260900,58.81817626953125,56.3003044128418,61.10929489135742,59.07622074644227,56.99623825401472,63.25183275686642,57.85637684004224,55.99534490786917,61.03110121094235,58.169157481831846,56.49579158094194,63.04852441515092,-0.016219386786236467,-0.016352360838886245,0.01951757032278234,0.0013909350523573227,57.55141677856445,58.02254314422608,63.002349090576175,0.017546434779416916,0.02010401886551328,1.6499056331483004,-1.4544244992162945,13321280.0
2020-10-12,58.262996673583984,58.60705002929001,57.23863986615039,57.574878030582205,9056900,57.86418151855469,55.06482696533203,60.74958419799805,59.49845080867385,56.20647137099013,61.53153274078275,57.84854517552555,54.759867444372446,60.264773953785706,59.31860601777098,55.917154165143735,61.17965231705328,0.006892262960660922,0.006868619890306116,-0.016219386786236467,-0.021944418602965143,57.83448257446289,57.913852500915525,62.873530044555665,0.015923347628466786,0.020192337220809275,1.3684101631396146,0.6881186430017792,12722700.0
2020-10-13,57.3950309753418,58.4428392821708,56.91022067418225,58.4428392821708,10440300,58.262996673583984,55.66692733764648,60.43680953979492,58.60705002929001,56.04225935578049,60.97635599650722,57.23863986615039,53.81370685500088,60.14748640278501,57.574878030582205,53.89190052829589,60.58538168661008,-0.014897374796990381,-0.015009455213883294,0.006892262960660922,0.010934391434545221,58.006510162353514,57.798515701293944,62.713939056396484,0.017907868547285707,0.02027647607230971,1.532618607988553,-1.0478083068290047,11751860.0
2020-10-14,57.04314804077149,58.200434594879226,57.01187534663924,57.30119251082039,7057500,57.3950309753418,56.8476676940918,59.70176696777344,58.4428392821708,56.87113116619065,61.36732109606847,56.91022067418225,55.29159146272603,59.39680752908718,58.4428392821708,55.92496799610809,60.64792393982487,-0.006130895455418117,-0.0061497665656999045,-0.014897374796990381,0.021210805282705136,57.87670669555664,57.57917823791504,62.52141044616699,0.015227732250098191,0.018953501430427688,1.188559248239983,-0.2580444700489011,10081300.0
2020-10-15,57.481048583984375,57.64525708930852,55.82331525065338,56.159553418448986,10052100,57.04314804077149,56.53489303588867,61.42989730834961,58.200434594879226,58.11442677486875,62.14929475579671,57.01187534663924,56.4957932148199,59.39683157221591,57.30119251082039,57.7390887763118,59.70179113434616,0.007676654572077446,0.0076473389941581925,-0.006130895455418117,-0.00550197872472491,57.60928115844727,57.37274398803711,62.32669425964355,0.011469060899561206,0.01906800835368937,1.8219418386551425,1.3214951655353886,9773540.0
2020-10-16,56.99622344970703,57.88764422744077,56.51141325105802,57.48884883767777,9305600,57.481048583984375,57.69216537475586,61.60973358154297,57.64525708930852,57.80163769887616,61.65664859052319,55.82331525065338,55.95623856971363,59.7174193192752,56.159553418448986,56.43322768157818,60.62447663239581,-0.008434521398282713,-0.008470293261609663,0.007676654572077446,0.02047005445172667,57.435689544677736,57.16474494934082,62.11811851501465,0.009908703535717857,0.019081579134963132,1.3762309763827432,-0.4926253879707403,9182480.0
2020-10-19,55.7373046875,57.34811716708992,55.66693216517014,57.16827229949445,8357100,56.99622344970703,58.81817626953125,61.15620422363281,57.88764422744077,59.07622074644227,61.89123787598286,56.51141325105802,57.85637684004224,60.60102138874102,57.48884883767777,58.169157481831846,60.89815973302547,-0.022087757504107075,-0.022335344572732008,-0.008434521398282713,0.01951757032278234,56.93055114746094,56.968476104736325,61.894693527221676,0.011095912963265746,0.018952592124488517,1.6811850019197792,-1.430967611994447,9042520.0
2020-10-20,56.050079345703125,56.52706849840356,55.54963268808214,56.22993015975195,7753200,55.7373046875,57.86418151855469,59.66268157958984,57.34811716708992,59.49845080867385,59.93636240107899,55.66693216517014,57.84854517552555,58.39592267839007,57.16827229949445,59.31860601777098,59.6157606060528,0.0056115856329390645,0.005595899342229845,-0.022087757504107075,-0.016219386786236467,56.6615608215332,56.81795101165771,61.63235328674316,0.012019098874349564,0.018978413167948283,0.9774358103214169,-0.17985081404882663,8505100.0
2020-10-21,55.416690826416016,55.97187353033029,55.3072185166748,55.61999313548201,9800600,56.050079345703125,58.262996673583984,59.06058120727539,56.52706849840356,58.60705002929001,60.62447852388608,55.54963268808214,57.23863986615039,58.91983021014864,56.22993015975195,57.574878030582205,59.54539152311085,-0.011300403615497556,-0.01136473830761248,0.0056115856329390645,0.006892262960660922,56.33626937866211,56.77572498321533,61.35904098510742,0.012392410416914381,0.015953107539116877,0.6646550136554907,-0.20330230906599667,9053720.0
2020-10-22,57.3950309753418,57.46540348887749,55.182114907535045,55.4245170752175,9810100,55.416690826416016,57.3950309753418,56.26121139526367,55.97187353033029,58.4428392821708,59.35773376225994,55.3072185166748,56.91022067418225,56.18301771172845,55.61999313548201,58.4428392821708,59.10750442967421,0.03569935554475134,0.035076904371265996,-0.011300403615497556,-0.014897374796990381,56.31906585693359,56.838281059265135,61.108337326049806,0.02231922270397213,0.017891839289967085,2.283288581342447,1.9705139001242955,9005320.0
2020-10-23,56.74600982666016,58.14569854058322,56.16736953141749,57.80946040298388,8727200,57.3950309753418,57.04314804077149,56.1439094543457,57.46540348887749,58.200434594879226,57.1057028501817,55.182114907535045,57.01187534663924,55.127373931698855,55.4245170752175,57.30119251082039,55.71383535650416,-0.011307967565353683,-0.011372388739369067,0.03569935554475134,-0.006130895455418117,56.26902313232422,56.86721305847168,60.858528213500975,0.02262233555928191,0.018111455814641023,1.9783290091657264,-1.0634505763237172,8889640.0
2020-10-26,55.471439361572266,56.21428819572083,54.92407172490957,56.0891795134345,9710900,56.74600982666016,57.481048583984375,56.1673698425293,58.14569854058322,57.64525708930852,56.67563762996606,56.16736953141749,55.82331525065338,55.33850026281285,57.80946040298388,56.159553418448986,55.52617222376436,-0.022460970718140016,-0.02271706026562707,-0.011307967565353683,0.007676654572077446,56.215850067138675,56.750312423706056,60.575056915283206,0.022711083320503485,0.017498378288088687,1.2902164708112664,-0.6177401518622361,9160400.0
2020-10-27,54.35324096679688,55.20556195349722,54.337598656222575,55.064810987296106,14251700,55.471439361572266,56.99622344970703,57.809452056884766,56.21428819572083,57.88764422744077,58.458470734842535,54.92407172490957,56.51141325105802,57.19953318971232,56.0891795134345,57.48884883767777,57.58268627907566,-0.020158092302000274,-0.020364039006287006,-0.022460970718140016,-0.008434521398282713,55.87648239135742,56.65686931610107,60.26274627685547,0.023803758335996617,0.017006789612076398,0.8679632972746418,-0.7115700204992237,10460100.0
2020-10-28,52.29672622680664,53.23506823405568,51.866658026888175,52.930108722293376,15961900,54.35324096679688,55.7373046875,56.22210311889648,55.20556195349722,57.34811716708992,57.97366623725928,54.337598656222575,55.66693216517014,55.604363035527854,55.064810987296106,57.16827229949445,57.86419391522374,-0.03783610146166849,-0.03857047012724263,-0.020158092302000274,-0.022087757504107075,55.252489471435545,56.45669040679932,59.93823783874512,0.027911015631386458,0.01881534018694486,1.368410207167507,-0.6333824954867353,11692360.0
2020-10-29,53.79806900024414,54.06392867516174,50.95177641828255,51.71026159037995,12292200,52.29672622680664,56.050079345703125,56.3003044128418,53.23506823405568,56.52706849840356,56.99623825401472,51.866658026888175,55.54963268808214,55.99534490786917,52.930108722293376,56.22993015975195,56.49579158094194,0.02870815979811625,0.028303801268927276,-0.03783610146166849,0.0056115856329390645,54.53309707641601,56.39335250854492,59.66314880371094,0.024996285369342734,0.01959667221415255,3.1121522568791917,2.0878074098641903,12188780.0
2020-10-30,54.34542083740234,54.82240990043296,53.23505539740704,54.6582014310641,17191600,53.79806900024414,55.416690826416016,55.06482696533203,54.06392867516174,55.97187353033029,56.20647137099013,50.95177641828255,55.3072185166748,54.759867444372446,51.71026159037995,55.61999313548201,55.917154165143735,0.010174191143472289,0.010122782461220147,0.02870815979811625,-0.011300403615497556,54.05297927856445,56.327277183532715,59.4237158203125,0.0270389871480188,0.019573068132698223,1.5873545030259208,-0.31278059366176336,13881660.0
2020-11-02,56.4175910949707,57.14480351113102,54.26723250550455,55.28376207741203,11475500,54.34542083740234,57.3950309753418,55.66692733764648,54.82240990043296,57.46540348887749,56.04225935578049,53.23505539740704,55.182114907535045,53.81370685500088,54.6582014310641,55.4245170752175,53.89190052829589,0.038129620226295735,0.03742065192462948,0.010174191143472289,0.03569935554475134,54.24220962524414,56.30577335357666,59.221503829956056,0.03219908628600362,0.020904701126227814,2.8775710056264714,1.133829017558675,14234580.0
2020-11-03,56.09697723388672,57.31682080959331,55.5574368880057,57.20734850951352,8608000,56.4175910949707,56.74600982666016,56.8476676940918,57.14480351113102,58.14569854058322,56.87113116619065,54.26723250550455,56.16736953141749,55.29159146272603,55.28376207741203,57.80946040298388,55.92496799610809,-0.00568287044628113,-0.005699079392600439,0.038129620226295735,-0.011307967565353683,54.59095687866211,56.283877563476565,58.97972511291504,0.030087580217846282,0.020907167178029866,1.759383921587613,-1.1103712756268038,13105840.0
2020-11-04,56.120452880859375,57.54359920793153,54.650391543093086,55.34632537543198,10925700,56.09697723388672,55.471439361572266,56.53489303588867,57.31682080959331,56.21428819572083,58.11442677486875,55.5574368880057,54.92407172490957,56.4957932148199,57.20734850951352,56.0891795134345,57.7390887763118,0.00041848327896132353,0.00041839573925568895,-0.00568287044628113,-0.022460970718140016,55.35570220947265,56.20529193878174,58.755149612426756,0.018604216765292905,0.020337726599929155,2.8932076648384424,0.7741275054273942,12098600.0
2020-11-05,56.40977096557617,57.05878972891043,56.11263264821806,56.22210497386549,10627700,56.120452880859375,54.35324096679688,57.69216537475586,57.54359920793153,55.20556195349722,57.80163769887616,54.650391543093086,54.337598656222575,55.95623856971363,55.34632537543198,55.064810987296106,56.43322768157818,0.005155305594753523,0.0051420625021588,0.00041848327896132353,-0.020158092302000274,55.87804260253906,56.08487167358398,58.55747283935547,0.016969701150283227,0.019815126123590907,0.9461570806923731,0.18766599171068066,11765700.0
2020-11-06,55.635650634765625,57.29337804386979,55.38542729193131,56.69128017591678,8366900,56.40977096557617,52.29672622680664,58.81817626953125,57.05878972891043,53.23506823405568,59.07622074644227,56.11263264821806,51.866658026888175,57.85637684004224,56.22210497386549,52.930108722293376,58.169157481831846,-0.0137231603241742,-0.013818193325853562,0.005155305594753523,-0.03783610146166849,56.13608856201172,55.973445129394534,58.34228042602539,0.019894521040263343,0.01972787051897595,1.907950751938479,-1.0556295411511556,10000760.0
2020-11-10,64.95646667480469,65.01902399142824,62.32911903455637,63.447305714577496,15039700,62.086727142333984,54.34542083740234,58.262996673583984,65.89481344226648,54.82240990043296,58.60705002929001,61.19530611352632,53.23505539740704,57.23863986615039,62.555895162896704,54.6582014310641,57.574878030582205,0.046221465755342805,0.04518506957541211,0.1159522075138133,0.010174191143472289,59.041813659667966,56.54270343780517,58.2314005279541,0.052563577330373035,0.03392213456156987,2.689904956871871,1.5091609602271916,13795040.0
2020-11-11,64.47948455810547,66.06683935310805,63.963401554560285,65.7618798587871,11640600,64.95646667480469,56.4175910949707,57.3950309753418,65.01902399142824,57.14480351113102,58.4428392821708,62.32911903455637,54.26723250550455,56.91022067418225,63.447305714577496,55.28376207741203,58.4428392821708,-0.0073431044069431906,-0.0073701977122358035,0.046221465755342805,0.038129620226295735,60.713619995117185,56.914520263671875,58.221704635620114,0.05378569861540831,0.03394739906206599,2.103437798547766,-1.2823953006816282,13938020.0
2020-11-12,63.079776763916016,64.30743552822541,62.48550026805429,63.32218482760536,8920700,64.47948455810547,56.09697723388672,57.04314804077149,66.06683935310805,57.31682080959331,58.200434594879226,63.963401554560285,55.5574368880057,57.01187534663924,65.7618798587871,57.20734850951352,57.30119251082039,-0.021707800609480854,-0.021946881187956235,-0.0073431044069431906,-0.00568287044628113,62.047621154785155,57.19445667266846,58.18229385375977,0.05797318338705262,0.03453239635062018,1.8219352601711236,-0.24240806368934642,13596620.0
2020-11-13,64.9251937866211,65.17541710955943,63.36129652680782,63.45513251008267,10890300,63.079776763916016,56.120452880859375,57.481048583984375,64.30743552822541,57.54359920793153,57.64525708930852,62.48550026805429,54.650391543093086,55.82331525065338,63.32218482760536,55.34632537543198,56.159553418448986,0.029255287786001283,0.02883551916840487,-0.021707800609480854,0.00041848327896132353,63.90552978515625,57.59090518951416,58.19402313232422,0.054057916534928446,0.03477663163727264,1.8141205827516131,1.4700612765384236,14101300.0
2020-11-17,69.06227111816406,69.45106207587344,67.30873763542812,68.55446079074626,14329000,69.5621566772461,55.635650634765625,55.7373046875,69.7341863483481,57.29337804386979,57.34811716708992,66.88789351501104,55.38542729193131,55.66693216517014,67.4352552268854,56.69128017591678,57.16827229949445,-0.007186171087267934,-0.007212115985756426,0.07142008548891732,-0.0137231603241742,66.22177658081054,58.93275737762451,58.4502010345459,0.03775921242143531,0.03709338873256861,2.1423244404453214,0.5078103274178005,12952160.0
2020-11-18,66.8723373413086,69.74464451207427,66.84853467735482,69.32411463935281,10583700,69.06227111816406,62.086727142333984,56.050079345703125,69.45106207587344,65.89481344226648,56.52706849840356,67.30873763542812,61.19530611352632,55.54963268808214,68.55446079074626,62.555895162896704,56.22993015975195,-0.03170955344211801,-0.03222318861400246,-0.007186171087267934,0.1159522075138133,66.70034713745117,59.50553970336914,58.536061172485354,0.04231995780294822,0.03801204512058028,2.8961098347194536,-2.4517772980442203,12740780.0
2020-11-19,68.02286529541016,68.20535646279963,65.90433691973448,66.29313403101808,8820200,66.8723373413086,64.95646667480469,55.416690826416016,69.74464451207427,65.01902399142824,55.97187353033029,66.84853467735482,62.32911903455637,55.3072185166748,69.32411463935281,63.447305714577496,55.61999313548201,0.017204841341635912,0.01705851403310516,-0.03170955344211801,0.046221465755342805,67.68896484375,60.03693141937256,58.67433258056641,0.038929853389798784,0.03757902501335022,2.301019543065152,1.729731264392072,12720680.0
2020-11-20,68.0704574584961,68.4830511056889,67.34841100893742,68.01491588957443,8294600,68.02286529541016,64.47948455810547,57.3950309753418,68.20535646279963,66.06683935310805,57.46540348887749,65.90433691973448,63.963401554560285,55.182114907535045,66.29313403101808,65.7618798587871,55.4245170752175,0.000699649491082921,0.0006994048504795333,0.017204841341635912,-0.0073431044069431906,68.318017578125,60.60315380096436,58.820750045776364,0.03855466152757208,0.03732962779565132,1.1346400967514825,0.05554156892166873,12201540.0
2020-11-23,72.2281494140625,72.66455173344372,68.84010196081911,69.3875813527253,13379300,68.0704574584961,63.079776763916016,56.74600982666016,68.4830511056889,64.30743552822541,58.14569854058322,67.34841100893742,62.48550026805429,56.16736953141749,68.01491588957443,63.32218482760536,57.80946040298388,0.061079242167594305,0.05928654314606791,0.000699649491082921,-0.021707800609480854,68.85121612548828,61.440989303588864,59.056576843261716,0.03450687267969194,0.03819636059456861,3.824449772624604,2.840568061337194,11081360.0
2020-11-24,75.87010955810547,76.0287980117613,73.79125691518583,74.10070363731822,17257400,72.2281494140625,64.9251937866211,55.471439361572266,72.66455173344372,65.17541710955943,56.21428819572083,68.84010196081911,63.36129652680782,54.92407172490957,69.3875813527253,63.45513251008267,56.0891795134345,0.050423002300179265,0.04919294237690229,0.061079242167594305,0.029255287786001283,70.21278381347656,62.516832733154295,59.37994369506836,0.03763707271633132,0.03813935991316482,2.2375410965754696,1.76940592078725,11667040.0
2020-11-25,73.10888671875,75.12426158774171,73.10888671875,75.12426158774171,10556600,75.87010955810547,69.5621566772461,54.35324096679688,76.0287980117613,69.7341863483481,55.20556195349722,73.79125691518583,66.88789351501104,54.337598656222575,74.10070363731822,67.4352552268854,55.064810987296106,-0.0363940800328062,-0.037072864666276566,0.050423002300179265,0.07142008548891732,71.46009368896485,63.557440757751465,59.61352348327637,0.039255277712614584,0.03803048538468592,2.0153748689917137,-2.0153748689917137,11661620.0
2020-11-27,72.4503173828125,73.46593801898831,71.83936017477991,72.46618986038953,4627700,73.10888671875,69.06227111816406,52.29672622680664,75.12426158774171,69.45106207587344,53.23506823405568,73.10888671875,67.30873763542812,51.866658026888175,75.12426158774171,68.55446079074626,52.930108722293376,-0.009008061338302342,-0.00904887923448024,-0.0363940800328062,-0.007186171087267934,72.34558410644532,64.49005317687988,59.83033515930176,0.04119124705411925,0.03838180526595715,1.6265778442083985,-0.015872477577033806,10823120.0
2020-11-30,69.17337036132812,72.08534721011438,68.95120404803123,71.4188482702237,14288400,72.4503173828125,66.8723373413086,53.79806900024414,73.46593801898831,69.74464451207427,54.06392867516174,71.83936017477991,66.84853467735482,50.95177641828255,72.46618986038953,69.32411463935281,51.71026159037995,-0.04523026454348933,-0.046285082279455124,-0.009008061338302342,-0.03170955344211801,72.56616668701172,65.23145065307617,59.990678482055664,0.04908536954548512,0.040727033231439114,3.1341431620831486,-2.2454779088955803,12021880.0
2020-12-01,69.3875961303711,71.18080506067383,69.08608558867923,70.8396193711062,9913600,69.17337036132812,68.02286529541016,54.34542083740234,72.08534721011438,68.20535646279963,54.82240990043296,68.95120404803123,65.90433691973448,53.23505539740704,71.4188482702237,66.29313403101808,54.6582014310641,0.003096939876197302,0.003092154235913309,-0.04523026454348933,0.017204841341635912,71.99805603027343,65.8799509048462,60.18517677307129,0.03784195510871323,0.04033624767220709,2.0947194719946083,-1.4520232407351017,11328740.0
2020-12-02,71.3077392578125,72.45030931956138,69.10986748339349,69.23682307557438,10509600,69.3875961303711,68.0704574584961,56.4175910949707,71.18080506067383,68.4830511056889,57.14480351113102,69.08608558867923,67.34841100893742,54.26723250550455,70.8396193711062,68.01491588957443,55.28376207741203,0.027672714354215255,0.02729674509132404,0.003096939876197302,0.000699649491082921,71.08558197021485,66.64048900604249,60.43011993408203,0.029623096604124828,0.04029330934094005,3.340441836167898,2.070916182238122,9979180.0
2020-12-03,71.25220489501953,72.2916281832693,70.67298054095905,71.87109833546066,8249800,71.3077392578125,72.2281494140625,56.09697723388672,72.45030931956138,72.66455173344372,57.31682080959331,69.10986748339349,68.84010196081911,55.5574368880057,69.23682307557438,69.3875813527253,57.20734850951352,-0.0007787985339456904,-0.000779101955070108,0.027672714354215255,0.061079242167594305,70.71424560546875,67.39707660675049,60.72993980407715,0.026388021530394545,0.04031358036635442,1.6186476423102505,-0.618893440441127,9517820.0
2020-12-04,74.01342010498047,74.14830589035657,72.14086737226401,72.37890609646107,10791100,71.25220489501953,75.87010955810547,56.120452880859375,72.2916281832693,76.0287980117613,57.54359920793153,70.67298054095905,73.79125691518583,54.650391543093086,71.87109833546066,74.10070363731822,55.34632537543198,0.0387526984467248,0.038020664966793884,-0.0007787985339456904,0.050423002300179265,71.02686614990235,68.2772590637207,61.08733001708984,0.03245362149861007,0.040678584211196765,2.007438518092556,1.6345140085194032,10750500.0
2020-12-07,72.013916015625,73.29930814397416,71.31567233743428,72.85497566045356,9398400,74.01342010498047,73.10888671875,56.40977096557617,74.14830589035657,75.12426158774171,57.05878972891043,72.14086737226401,73.10888671875,56.11263264821806,72.37890609646107,75.12426158774171,56.22210497386549,-0.02701542620945463,-0.027387051196688623,0.0387526984467248,-0.0363940800328062,71.59497528076172,69.09617233276367,61.40426094055176,0.02578436658856327,0.04126717497459211,1.9836358065398798,-0.8410596448285617,9772500.0
2020-12-08,72.6328125,73.36278905491626,71.5616503297417,71.68066364032214,7627300,72.013916015625,72.4503173828125,55.635650634765625,73.29930814397416,73.46593801898831,57.29337804386979,71.31567233743428,71.83936017477991,55.38542729193131,72.85497566045356,72.46618986038953,56.69128017591678,0.008594123450260893,0.008557404201179066,-0.02701542620945463,-0.009008061338302342,72.2440185546875,69.62347660064697,61.70072814941406,0.025621297222937007,0.03353393054803148,1.8011387251745674,0.9521488596778624,9315240.0
2020-12-09,71.76002502441406,73.80713297970104,70.91102897395014,73.1565005490051,11129400,72.6328125,69.17337036132812,62.086727142333984,73.36278905491626,72.08534721011438,65.89481344226648,71.5616503297417,68.95120404803123,61.19530611352632,71.68066364032214,71.4188482702237,62.555895162896704,-0.012016435073141873,-0.01208921606204207,0.008594123450260893,-0.04523026454348933,72.33447570800782,69.96365451812744,62.011486587524416,0.024693654748247473,0.03259239728363432,2.8961040057508995,-1.3964755245910396,9439200.0
2020-12-10,74.06896209716797,75.02904113080886,72.02978466709612,72.64074790441613,11992100,71.76002502441406,69.3875961303711,64.95646667480469,73.80713297970104,71.18080506067383,65.01902399142824,70.91102897395014,69.08608558867923,62.32911903455637,73.1565005490051,70.8396193711062,63.447305714577496,0.03217581197844299,0.031669012993906114,-0.012016435073141873,0.003096939876197302,72.8978271484375,70.44312839508056,62.36685974121094,0.028094665433876734,0.032969159813823014,2.99925646371274,1.4282141927518381,10187660.0
2020-12-11,73.35486602783203,74.01343471501066,72.2281620918539,73.41834384062507,9584500,74.06896209716797,71.3077392578125,64.47948455810547,75.02904113080886,72.45030931956138,66.06683935310805,72.02978466709612,69.10986748339349,63.963401554560285,72.64074790441613,69.23682307557438,65.7618798587871,-0.009640962275117904,-0.009687737231760241,0.03217581197844299,0.027672714354215255,72.76611633300782,70.95688285827637,62.73266052246094,0.02271468041229224,0.032514443871773595,1.7852726231567573,-0.06347781279303888,9946340.0
2020-12-14,70.96656799316406,74.34667959387575,70.80787347091047,74.10864689086091,12198400,73.35486602783203,71.25220489501953,63.079776763916016,74.01343471501066,72.2916281832693,64.30743552822541,72.2281620918539,70.67298054095905,62.48550026805429,73.41834384062507,71.87109833546066,63.32218482760536,-0.03255814050238748,-0.03309994942640881,-0.009640962275117904,-0.0007787985339456904,72.55664672851563,71.25895156860352,63.03865333557129,0.024343173416191778,0.03332246233510814,3.5388061229652834,-3.142078897696848,10506340.0
2020-12-15,70.91102600097656,71.79176092010746,70.43494849063131,70.95069509112066,11775300,70.96656799316406,74.01342010498047,64.9251937866211,74.34667959387575,74.14830589035657,65.17541710955943,70.80787347091047,72.14086737226401,63.36129652680782,74.10864689086091,72.37890609646107,63.45513251008267,-0.0007826501091732219,-0.0007829565396655874,-0.03255814050238748,0.0387526984467248,72.21228942871093,71.32639503479004,63.319920501708985,0.02360666551532073,0.029429191758742198,1.3568124294761503,-0.039669090144101915,11335940.0
2020-12-16,70.3714828491211,70.89515968098684,69.70497790888216,70.77614029306086,9892900,70.91102600097656,72.013916015625,69.5621566772461,71.79176092010746,73.29930814397416,69.7341863483481,70.43494849063131,71.31567233743428,66.88789351501104,70.95069509112066,72.85497566045356,67.4352552268854,-0.007608734244629822,-0.007637828336463777,-0.0007826501091732219,-0.02701542620945463,71.93458099365235,71.3918556213379,63.596652297973634,0.023339606192250006,0.029435807939095112,1.1901817721046797,-0.40465744393976877,11088640.0
2020-12-17,70.14932250976562,71.05386024908096,69.46695108486767,71.04592400825803,11748900,70.3714828491211,72.6328125,69.06227111816406,70.89515968098684,73.36278905491626,69.45106207587344,69.70497790888216,71.5616503297417,67.30873763542812,70.77614029306086,71.68066364032214,68.55446079074626,-0.0031569654405576575,-0.0031619591687419386,-0.007608734244629822,0.008594123450260893,71.15065307617188,71.55570487976074,63.845795440673825,0.012685569988791721,0.028423129026248377,1.5869091642132815,-0.8966014984924016,11040000.0
2020-12-18,69.18130493164062,70.38735319766417,68.44339194967779,69.80813475963726,27427600,70.14932250976562,71.76002502441406,66.8723373413086,71.05386024908096,73.80713297970104,69.74464451207427,69.46695108486767,70.91102897395014,66.84853467735482,71.04592400825803,73.1565005490051,69.32411463935281,-0.013799385988228718,-0.01389548258860276,-0.0031569654405576575,-0.012016435073141873,70.3159408569336,71.61362686157227,64.05305801391602,0.012730959054120767,0.028440208955071183,1.9439612479863797,-0.6268298279966302,14608620.0
2020-12-21,68.30848693847656,68.90357774325233,66.27724559531985,66.92787796639828,11430500,69.18130493164062,74.06896209716797,68.02286529541016,70.38735319766417,75.02904113080886,68.20535646279963,68.44339194967779,72.02978466709612,65.90433691973448,69.80813475963726,72.64074790441613,66.29313403101808,-0.012616385221795312,-0.012696647605164231,-0.013799385988228718,0.03217581197844299,69.7843246459961,71.62552833557129,64.26194412231445,0.005696778514683235,0.02860853022561562,2.626332147932473,1.380608972078278,14455040.0
2020-12-22,66.93582153320312,68.07839794059967,66.88821620075406,67.79275383875053,8585800,68.30848693847656,73.35486602783203,68.0704574584961,68.90357774325233,74.01343471501066,68.4830511056889,66.27724559531985,72.2281620918539,67.34841100893742,66.92787796639828,73.41834384062507,68.01491588957443,-0.020095093110607976,-0.020299745811936526,-0.012616385221795312,-0.009640962275117904,68.98928375244141,71.36091194152831,64.43540061950684,0.0064254826195509875,0.02511553006558435,1.1901817398456132,-0.856932305547403,13817140.0
2020-12-23,67.9911117553711,68.7607635177779,67.44362626384937,67.44362626384937,7223100,66.93582153320312,70.96656799316406,72.2281494140625,68.07839794059967,74.34667959387575,72.66455173344372,66.88821620075406,70.80787347091047,68.84010196081911,67.79275383875053,74.10864689086091,69.3875813527253,0.01576570210084749,0.015642714393680642,-0.020095093110607976,-0.03255814050238748,68.51320953369141,70.9669620513916,64.64732223510742,0.0139826851711929,0.022229042213861624,1.3171372539285358,0.5474854915217264,13283180.0
2020-12-24,67.7054672241211,68.18153866619792,67.2928675350315,68.18153866619792,3335600,67.9911117553711,70.91102600097656,75.87010955810547,68.7607635177779,71.79176092010746,76.0287980117613,67.44362626384937,70.43494849063131,73.79125691518583,67.44362626384937,70.95069509112066,74.10070363731822,-0.004201204008514203,-0.0042100538614638985,0.01576570210084749,-0.0007826501091732219,68.0244384765625,70.69679107666016,64.86056861877441,0.013922704228904527,0.020984524628003348,0.8886711311664186,-0.4760714420768295,11600520.0
2020-12-28,67.36426544189453,68.73693787191517,67.142099225723,67.92761721963672,8051900,67.7054672241211,70.3714828491211,73.10888671875,68.18153866619792,70.89515968098684,75.12426158774171,67.2928675350315,69.70497790888216,73.10888671875,68.18153866619792,70.77614029306086,75.12426158774171,-0.005039501183812911,-0.005052242293821555,-0.004201204008514203,-0.007608734244629822,67.66103057861328,70.44248847961425,65.05823295593262,0.013392569127612847,0.020949653377709286,1.5948386461921729,-0.5633517777421844,7725380.0
2020-12-29,67.13418579101562,68.01492077111165,66.68985320775184,67.64993242720533,7670800,67.36426544189453,70.14932250976562,72.4503173828125,68.73693787191517,71.05386024908096,73.46593801898831,67.142099225723,69.46695108486767,71.83936017477991,67.92761721963672,71.04592400825803,72.46618986038953,-0.00341545549958322,-0.00342130148264358,-0.005039501183812911,-0.0031569654405576575,67.4261703491211,70.34052925109863,65.26099220275879,0.01274147126617546,0.018501340124162637,1.3250675633598092,-0.5157466361897036,6973440.0
2020-12-30,67.7054672241211,68.69728525077149,67.07863750484883,67.13417907219818,7901800,67.13418579101562,69.18130493164062,69.17337036132812,68.01492077111165,70.38735319766417,72.08534721011438,66.68985320775184,68.44339194967779,68.95120404803123,67.64993242720533,69.80813475963726,71.4188482702237,0.008509545865110102,0.008473543776465184,-0.00341545549958322,-0.013799385988228718,67.5800994873047,70.25642280578613,65.50035545349121,0.009336502548052308,0.01860883001571851,1.618647745922658,0.5712881519229143,6836640.0
2020-12-31,67.00721740722656,67.6023081694704,66.61842647089527,67.36427549671863,8350700,67.7054672241211,68.30848693847656,69.3875961303711,68.69728525077149,68.90357774325233,71.18080506067383,67.07863750484883,66.27724559531985,69.08608558867923,67.13417907219818,66.92787796639828,70.8396193711062,-0.010313049234017657,-0.010366597206343949,0.008509545865110102,-0.012616385221795312,67.38332061767578,70.04139671325683,65.71949821472168,0.0069221926070392945,0.017422277770879815,0.9838816985751322,-0.35705808949207096,7062160.0
2021-01-04,67.21353149414062,68.19741340147047,66.56289903151608,67.56265341920954,9234900,67.00721740722656,66.93582153320312,71.3077392578125,67.6023081694704,68.07839794059967,72.45030931956138,66.61842647089527,66.88821620075406,69.10986748339349,67.36427549671863,67.79275383875053,69.23682307557438,0.003078983054321194,0.0030742526933104477,-0.010313049234017657,-0.020095093110607976,67.2849334716797,69.83946304321289,65.95543502807617,0.007331514550910829,0.017469014061072385,1.6345143699543883,-0.34912192506891415,8242020.0
2021-01-05,69.03053283691406,70.79200257442828,67.69752920205818,67.83241499727191,13414800,67.21353149414062,67.9911117553711,71.25220489501953,68.19741340147047,68.7607635177779,72.2916281832693,66.56289903151608,67.44362626384937,70.67298054095905,67.56265341920954,67.44362626384937,71.87109833546066,0.027033266998206074,0.02667432282511514,0.003078983054321194,0.01576570210084749,67.6181869506836,69.59031867980957,66.18814506530762,0.014201929126475926,0.01614965546097789,3.0944733723701034,1.1981178396421512,9314600.0
2021-01-06,71.25220489501953,72.02978678813606,69.68116257779661,70.617438977165,13916800,69.03053283691406,67.7054672241211,74.01342010498047,70.79200257442828,68.18153866619792,74.14830589035657,67.69752920205818,67.2928675350315,72.14086737226401,67.83241499727191,68.18153866619792,72.37890609646107,0.03218390423487261,0.031676852961297554,0.027033266998206074,-0.004201204008514203,68.44179077148438,69.5522331237793,66.4782689666748,0.017485569374121983,0.016988227409199634,2.3486242103394517,0.6347659178545371,10563800.0
2021-01-07,71.58546447753906,72.06153595697413,70.86341799176033,71.72035028688983,9286600,71.25220489501953,67.36426544189453,72.013916015625,72.02978678813606,68.73693787191517,73.29930814397416,69.68116257779661,67.142099225723,71.31567233743428,70.617438977165,67.92761721963672,72.85497566045356,0.004677182734352581,0.004666278702069239,0.03218390423487261,-0.005039501183812911,69.21779022216796,69.49986572265625,66.80054946899413,0.017763999644228295,0.016901498046027696,1.1981179652137968,-0.134885809350763,10840760.0
2021-01-08,72.267822265625,73.33898440687766,71.7679421604179,73.06127660041602,11152100,71.58546447753906,67.13418579101562,72.6328125,72.06153595697413,68.01492077111165,73.36278905491626,70.86341799176033,66.68985320775184,71.5616503297417,71.72035028688983,67.64993242720533,71.68066364032214,0.009532071811869436,0.009486928262998368,0.004677182734352581,-0.00341545549958322,70.26991119384766,69.5252555847168,67.1588410949707,0.013399648020020858,0.01682146226062334,1.5710422464597542,-0.7934543347910221,11401040.0
2021-01-11,72.68042755126953,73.07715478250307,70.27626149856661,70.71266387435436,10635000,72.267822265625,67.7054672241211,71.76002502441406,73.33898440687766,68.69728525077149,73.80713297970104,71.7679421604179,67.07863750484883,70.91102897395014,73.06127660041602,67.13417907219818,73.1565005490051,0.00570939143742244,0.005693154634324425,0.009532071811869436,0.008509545865110102,71.36329040527343,69.45582885742188,67.56651512145996,0.012839774969084488,0.015155874298625504,2.8008932839364604,1.967763676915169,11681060.0
2021-01-12,74.06102752685547,74.52123251143537,72.76769909113233,73.5214843700635,10923900,72.68042755126953,67.00721740722656,74.06896209716797,73.07715478250307,67.6023081694704,75.02904113080886,70.27626149856661,66.61842647089527,72.02978466709612,70.71266387435436,67.36427549671863,72.64074790441613,0.01899548505836801,0.018817323473527582,0.00570939143742244,-0.010313049234017657,72.36938934326172,69.49113693237305,67.97177429199219,0.01152149732346433,0.015625751645022418,1.753533420303043,0.5395431567919644,11182880.0
2021-01-13,73.98960876464844,74.20383874843667,72.95018563496482,73.94993363074389,9723300,74.06102752685547,67.21353149414062,73.35486602783203,74.52123251143537,68.19741340147047,74.01343471501066,72.76769909113233,66.56289903151608,72.2281620918539,73.5214843700635,67.56265341920954,73.41834384062507,-0.0009643231344735881,-0.0009647883931579524,0.01899548505836801,0.003078983054321194,72.9168701171875,69.64228897094726,68.36465805053712,0.007400242725908249,0.013557894829106616,1.2536531134718416,0.03967513390455224,10344180.0
2021-01-14,75.76696014404297,76.42552875918443,74.41809006441204,74.53710943698577,13950200,73.98960876464844,69.03053283691406,70.96656799316406,74.20383874843667,70.79200257442828,74.34667959387575,72.95018563496482,67.69752920205818,70.80787347091047,73.94993363074389,67.83241499727191,74.10864689086091,0.024021635052133616,0.02373765437472264,-0.0009643231344735881,0.027033266998206074,73.75316925048828,69.88508567810058,68.75164543151855,0.0100713506411415,0.014382549305675549,2.0074386947723895,1.2298507070571958,11276900.0
2021-01-15,73.06919860839844,74.8306680030899,72.76768817420572,74.75926002666615,10244600,75.76696014404297,71.25220489501953,70.91102600097656,76.42552875918443,72.02978678813606,71.79176092010746,74.41809006441204,69.68116257779661,70.43494849063131,74.53710943698577,70.617438977165,70.95069509112066,-0.03560604161122116,-0.03625539732686876,0.024021635052133616,0.03218390423487261,73.91344451904297,70.01997146606445,69.09108985900879,0.02350335237300483,0.016689446834498082,2.062979828884181,-1.6900614182677174,11095400.0
2021-01-19,74.9893798828125,75.4019735228855,74.02136450953033,74.18798921342002,9574800,73.06919860839844,71.58546447753906,70.3714828491211,74.8306680030899,72.06153595697413,70.89515968098684,72.76768817420572,70.86341799176033,69.70497790888216,74.75926002666615,71.72035028688983,70.77614029306086,0.026278942577500297,0.025939583654790627,-0.03560604161122116,0.004677182734352581,74.37523498535157,70.2619743347168,69.46846839904785,0.02589872623961272,0.017488164149340513,1.3806090133551692,0.8013906693924753,10883360.0
2021-01-20,75.67969512939453,75.82251719493419,74.82276878973451,75.378184570401,8735400,74.9893798828125,72.267822265625,70.14932250976562,75.4019735228855,73.33898440687766,71.05386024908096,74.02136450953033,71.7679421604179,69.46695108486767,74.18798921342002,73.06127660041602,71.04592400825803,0.009205506801907237,0.009163394371054848,0.026278942577500297,0.009532071811869436,74.69896850585937,70.58689384460449,69.85386688232421,0.02507924340902042,0.01704222727990489,0.9997484051996821,0.3015105589935274,10445660.0
2021-01-21,73.00574493408203,75.10840041698049,72.37891519820954,74.4736344416831,10393100,75.67969512939453,72.68042755126953,69.18130493164062,75.82251719493419,73.07715478250307,70.38735319766417,74.82276878973451,70.27626149856661,68.44339194967779,75.378184570401,70.71266387435436,69.80813475963726,-0.03533246521065747,-0.03597176053937883,0.009205506801907237,0.00570939143742244,74.5021957397461,70.82175674438477,70.20126876831054,0.030993533074617125,0.01890751983301193,2.7294852187709466,-1.4678895076010718,10579620.0
2021-01-22,72.7835693359375,73.02160200600161,71.27600487789323,71.72827360994889,7810600,73.00574493408203,74.06102752685547,68.30848693847656,75.10840041698049,74.52123251143537,68.90357774325233,72.37891519820954,72.76769909113233,66.27724559531985,74.4736344416831,73.5214843700635,66.92787796639828,-0.003043261846655154,-0.0030479019844830988,-0.03533246521065747,0.01899548505836801,73.905517578125,71.11414413452148,70.41520561218262,0.027405976536749182,0.018157059924225876,1.7455971281083862,1.0552957259886142,9351700.0
2021-01-25,72.12501525878906,72.22816216449843,70.87929193596543,71.90284896736739,7689400,72.7835693359375,73.98960876464844,66.93582153320312,73.02160200600161,74.20383874843667,68.07839794059967,71.27600487789323,72.95018563496482,66.88821620075406,71.72827360994889,73.94993363074389,67.79275383875053,-0.009048114610989089,-0.009089297405980518,-0.003043261846655154,-0.0009643231344735881,73.71668090820313,71.32083930969239,70.5585765838623,0.022838165859855805,0.018183989475343595,1.348870228533002,0.2221662914216722,8840660.0
2021-01-26,70.90309143066406,73.71985720101661,70.8316773810003,73.15649920408438,7827800,72.12501525878906,75.76696014404297,67.9911117553711,72.22816216449843,76.42552875918443,68.7607635177779,70.87929193596543,74.41809006441204,67.44362626384937,71.90284896736739,74.53710943698577,67.44362626384937,-0.016941747932262663,-0.017086901111865786,-0.009048114610989089,0.024021635052133616,72.89942321777343,71.48072052001953,70.68704872131347,0.016603841047725828,0.0186703739949996,2.8881798200163047,-2.253407773420321,8491260.0
2021-01-27,69.98268127441406,71.68860958202367,68.83217472352094,69.45106823661253,10178500,70.90309143066406,73.06919860839844,67.7054672241211,73.71985720101661,74.8306680030899,68.18153866619792,70.8316773810003,72.76768817420572,67.2928675350315,73.15649920408438,74.75926002666615,68.18153866619792,-0.012981241546429101,-0.013066234203857064,-0.016941747932262663,-0.03560604161122116,71.76002044677735,71.61164131164551,70.82510681152344,0.012232558153693722,0.01892139694718992,2.8564348585027375,0.5316130378015345,8779880.0
2021-01-28,70.63330078125,71.5299080355954,70.02234361947505,70.3555929804432,8155500,69.98268127441406,74.9893798828125,67.36426544189453,71.68860958202367,75.4019735228855,68.73693787191517,68.83217472352094,74.02136450953033,67.142099225723,69.45106823661253,74.18798921342002,67.92761721963672,0.009296864524020565,0.009253914673109978,-0.012981241546429101,0.026278942577500297,71.28553161621093,71.78659706115722,70.93926895141601,0.010234866706667437,0.018940619238954383,1.5075644161203456,0.2777078008067946,8332360.0
2021-01-29,67.60230255126953,69.30029423413814,67.38013632040085,68.89563690801695,14699800,70.63330078125,75.67969512939453,67.13418579101562,71.5299080355954,75.82251719493419,68.01492077111165,70.02234361947505,74.82276878973451,66.68985320775184,70.3555929804432,75.378184570401,67.64993242720533,-0.04291174554290489,-0.043859671867807565,0.009296864524020565,0.009205506801907237,70.24927825927735,71.78143882751465,70.90007186889649,0.018785023168614353,0.021438002885459998,1.9201579137372846,-1.2933343567474225,9710200.0
2021-02-01,68.56239318847656,69.26856707465286,67.10243403876204,68.22913776124825,8073600,67.60230255126953,73.00574493408203,67.7054672241211,69.30029423413814,75.10840041698049,68.69728525077149,67.38013632040085,72.37891519820954,67.07863750484883,68.89563690801695,74.4736344416831,67.13417907219818,0.014202040477525157,0.014102136285183265,-0.04291174554290489,-0.03533246521065747,69.53675384521485,71.85919761657715,70.89007431030274,0.022903483248055734,0.021509388397169052,2.166133035890823,0.33325542722830903,9787040.0
2021-02-02,69.07814025878906,70.11756967130073,68.65761038238267,69.83192559419886,9233100,68.56239318847656,72.7835693359375,67.00721740722656,69.26856707465286,73.02160200600161,67.6023081694704,67.10243403876204,71.27600487789323,66.61842647089527,68.22913776124825,71.72827360994889,67.36427549671863,0.007522302625795563,0.007494151194975971,0.014202040477525157,-0.003043261846655154,69.17176361083985,71.95242805480957,70.93419036865234,0.023616329813298014,0.02155088362799887,1.459959288918057,-0.7537853354098019,10068100.0
2021-02-03,70.58570098876953,70.92688661465287,68.94325066267449,69.07020626931784,9256500,69.07814025878906,72.12501525878906,67.21353149414062,70.11756967130073,72.22816216449843,68.19741340147047,68.65761038238267,70.87929193596543,66.56289903151608,69.83192559419886,71.90284896736739,67.56265341920954,0.021823991270359278,0.02158925705794784,0.007522302625795563,-0.009048114610989089,69.29236755371093,72.03018646240234,70.98544708251953,0.025703523503085503,0.02125668229834458,1.9836359519783855,1.515494719451695,9883700.0
2021-02-04,70.617431640625,71.13317813860316,69.78430221669292,71.02209502255565,7917600,70.58570098876953,70.90309143066406,69.03053283691406,70.92688661465287,73.71985720101661,70.79200257442828,68.94325066267449,70.8316773810003,67.69752920205818,69.07020626931784,73.15649920408438,67.83241499727191,0.0004495337074079675,0.0004494326974013876,0.021823991270359278,-0.016941747932262663,69.28919372558593,71.99844779968262,71.03638656616211,0.02537692672068256,0.019978418975839306,1.3488759219102349,-0.40466338193064644,9836120.0
2021-02-05,70.82373809814453,71.78381715042703,70.33179421406263,71.36328730683628,8017300,70.617431640625,69.98268127441406,71.25220489501953,71.13317813860316,71.68860958202367,72.02978678813606,69.78430221669292,68.83217472352094,69.68116257779661,71.02209502255565,69.45106823661253,70.617438977165,0.0029214664527794643,0.002917207263032331,0.0004495337074079675,-0.012981241546429101,69.93348083496093,71.96036148071289,71.00829833984375,0.008703761279709258,0.019959451262748215,1.4520229363644006,-0.5395492086917528,8499620.0
2021-02-08,72.58522033691406,73.02955291985094,71.41884125312731,71.64100754459575,9886600,70.82373809814453,70.63330078125,71.58546447753906,71.78381715042703,71.5299080355954,72.06153595697413,70.33179421406263,70.02234361947505,70.86341799176033,71.36328730683628,70.3555929804432,71.72035028688983,0.02487135367422355,0.024567096102993152,0.0029214664527794643,0.009296864524020565,70.73804626464843,71.97623138427734,70.94260055541992,0.01114565433984101,0.020641948861092496,1.6107116667236312,0.9442127923183108,8862220.0
2021-02-09,72.172607421875,72.41857633484024,71.26013370268844,72.28369054731584,7605500,72.58522033691406,67.60230255126953,72.267822265625,73.02955291985094,69.30029423413814,73.33898440687766,71.41884125312731,67.38013632040085,71.7679421604179,71.64100754459575,68.89563690801695,73.06127660041602,-0.005684530722974479,-0.005700749159750315,0.02487135367422355,-0.04291174554290489,71.35693969726563,71.95084037780762,70.92387496948243,0.013619587689448081,0.020645614843943963,1.1584426321518038,-0.11108312544084242,8536700.0
2021-02-10,73.41040802001953,73.46594959313639,71.88697682574777,72.50587037007207,8778800,72.172607421875,68.56239318847656,72.68042755126953,72.41857633484024,69.26856707465286,73.07715478250307,71.26013370268844,67.10243403876204,70.27626149856661,72.28369054731584,68.22913776124825,70.71266387435436,0.017150559503956053,0.01700514888592372,-0.005684530722974479,0.014202040477525157,71.92188110351563,71.91830940246582,70.94307678222657,0.012633543952809077,0.02055952892634779,1.5789727673886205,0.9045376499474571,8441160.0
2021-02-11,73.01366424560547,73.34691966247038,71.4743669731673,73.29137810192223,8572400,73.41040802001953,69.07814025878906,74.06102752685547,73.46594959313639,70.11756967130073,74.52123251143537,71.88697682574777,68.65761038238267,72.76769909113233,72.50587037007207,69.83192559419886,73.5214843700635,-0.005404462188874692,-0.005419119127081366,0.017150559503956053,0.007522302625795563,72.40112762451172,71.86951217651367,71.01988265991211,0.013725515401869146,0.02059172711993902,1.8725526893030775,-0.2777138563167654,8572120.0
2021-02-12,73.4342041015625,73.57702612979334,72.48205522883148,72.62487725706231,7858300,73.01366424560547,70.58570098876953,73.98960876464844,73.34691966247038,70.92688661465287,74.20383874843667,71.4743669731673,68.94325066267449,72.95018563496482,73.29137810192223,69.07020626931784,73.94993363074389,0.0057597418278092505,0.00574321793339737,-0.005404462188874692,0.021823991270359278,72.92322082519532,71.75287437438965,71.10081481933594,0.013584479761758951,0.01984016128102994,1.0949709009618545,0.8093268445001911,8540320.0
2021-02-16,74.9389419555664,75.52635396894546,74.52051610566751,74.87457299806843,14006000,73.4342041015625,70.617431640625,75.76696014404297,73.57702612979334,71.13317813860316,76.42552875918443,72.48205522883148,69.78430221669292,74.41809006441204,72.62487725706231,71.02209502255565,74.53710943698577,0.020490967014809458,0.020283851699738283,0.0057597418278092505,0.0004495337074079675,73.39396514892579,71.84636154174805,71.17343887329102,0.012246443552734798,0.018677117471053765,1.0058378632779466,0.064368957497976,9364200.0
2021-02-17,77.18396759033203,77.82770623501263,75.79993380167144,76.78163247219334,14342300,74.9389419555664,70.82373809814453,73.06919860839844,75.52635396894546,71.78381715042703,74.8306680030899,74.52051610566751,70.33179421406263,72.76768817420572,74.87457299806843,71.36328730683628,74.75926002666615,0.029958064207748825,0.029518087051283386,0.020490967014809458,0.0029214664527794643,74.39623718261718,71.95609092712402,71.29207412719727,0.013695957321171097,0.018950842046683593,2.027772433341184,0.40233511813869427,10711560.0
2021-02-18,76.44367218017578,77.07131398002323,75.88040547240158,77.04717485528244,9030600,77.18396759033203,72.58522033691406,74.9893798828125,77.82770623501263,73.02955291985094,75.4019735228855,75.79993380167144,71.41884125312731,74.02136450953033,76.78163247219334,71.64100754459575,74.18798921342002,-0.009591310647380835,-0.009637603511315668,0.029958064207748825,0.02487135367422355,75.00289001464844,71.99428977966309,71.34067916870117,0.01682289467033318,0.019020574073373937,1.190908507621657,-0.6035026751066539,10761920.0
2021-02-19,77.08741760253906,77.55412171325054,76.16204552482536,76.54828383294156,8913900,76.44367218017578,72.172607421875,75.67969512939453,77.07131398002323,72.41857633484024,75.82251719493419,75.88040547240158,71.26013370268844,74.82276878973451,77.04717485528244,72.28369054731584,75.378184570401,0.00842117344711002,0.008385913182899959,-0.009591310647380835,-0.005684530722974479,75.81764068603516,72.19837341308593,71.44214920043946,0.015063192565933702,0.017078108649700764,1.3920761884251789,0.5391337695974983,10830220.0
2021-02-22,79.17151641845703,80.17735437086058,77.61850237438003,78.04497668393552,13178700,77.08741760253906,73.41040802001953,73.00574493408203,77.55412171325054,73.46594959313639,75.10840041698049,76.16204552482536,71.88697682574777,72.37891519820954,76.54828383294156,72.50587037007207,74.4736344416831,0.02703552513152707,0.026676521518099183,0.00842117344711002,0.017150559503956053,76.96510314941406,72.51777076721191,71.57292327880859,0.01617417886183955,0.01783810164088805,2.5588519964805556,1.126539734521515,11894300.0
2021-02-23,80.16928100585938,80.59576132187514,77.89206925586043,80.44287203614977,14874000,79.17151641845703,73.01366424560547,72.7835693359375,80.17735437086058,73.34691966247038,73.02160200600161,77.61850237438003,71.4743669731673,71.27600487789323,78.04497668393552,73.29137810192223,71.72827360994889,0.012602570122930423,0.012523818692787646,0.02703552513152707,-0.005404462188874692,78.01117095947265,72.91998405456543,71.7411083984375,0.015919448024029594,0.017636953293666754,2.7036920660147103,-0.27359103029039034,12067900.0
2021-02-24,83.1304931640625,83.71790522976207,80.3141468960336,80.73257892234916,16116000,80.16928100585938,73.4342041015625,72.12501525878906,80.59576132187514,73.57702612979334,72.22816216449843,77.89206925586043,72.48205522883148,70.87929193596543,80.44287203614977,72.62487725706231,71.90284896736739,0.036936992836279714,0.036271168323642536,0.012602570122930423,0.0057597418278092505,79.20047607421876,73.53135414123535,71.9223390197754,0.017887243436527228,0.018144337356921524,3.4037583337284616,2.3979142417133374,12422640.0
2021-02-25,82.35801696777344,84.45820727317519,81.74646572435022,84.40992901208719,13219200,83.1304931640625,74.9389419555664,70.90309143066406,83.71790522976207,75.52635396894546,73.71985720101661,80.3141468960336,74.52051610566751,70.8316773810003,80.73257892234916,74.87457299806843,73.15649920408438,-0.009292332655413738,-0.00933577571283615,0.036936992836279714,0.020490967014809458,80.38334503173829,74.15012092590332,72.10240203857421,0.017784350363353685,0.017935844425579307,2.7117415488249748,-2.0519120443137524,13260360.0
2021-02-26,80.4670181274414,81.31996655506548,78.54385688532726,80.70842163748225,14454100,82.35801696777344,77.18396759033203,69.98268127441406,84.45820727317519,77.82770623501263,71.68860958202367,81.74646572435022,75.79993380167144,68.83217472352094,84.40992901208719,76.78163247219334,69.45106823661253,-0.022960713600862603,-0.0232284164897322,-0.009292332655413738,0.029958064207748825,81.05926513671875,74.6418067932129,72.29241104125977,0.02487337416492166,0.01924661164892233,2.7761096697382186,-0.24140351004083982,14368400.0
2021-03-01,82.1166000366211,83.52477294957242,81.59356315540983,82.4465116410134,10439900,80.4670181274414,76.44367218017578,70.63330078125,81.31996655506548,77.07131398002323,71.5299080355954,78.54385688532726,75.88040547240158,70.02234361947505,80.70842163748225,77.04717485528244,70.3555929804432,0.020500099886479273,0.020292801147698134,-0.022960713600862603,-0.009591310647380835,81.64828186035156,75.36752166748047,72.51652252197266,0.023829584791971527,0.01549934397825459,1.9312097941625979,-0.3299116043923078,13820640.0
2021-03-02,82.43043518066406,83.13049447786915,81.84302310568096,81.98786401874887,10643500,82.1166000366211,77.08741760253906,67.60230255126953,83.52477294957242,77.55412171325054,69.30029423413814,81.59356315540983,76.16204552482536,67.38013632040085,82.4465116410134,76.54828383294156,68.89563690801695,0.003821823406022773,0.003814538793385574,0.020500099886479273,0.00842117344711002,82.1005126953125,76.06092376708985,72.75770156860352,0.023687948344661498,0.015520978953552384,1.2874713721881932,0.44257116191519685,12974540.0
2021-03-03,83.35578918457031,85.09387989083315,83.20290600997734,83.21095443152862,14958200,82.43043518066406,79.17151641845703,68.56239318847656,83.13049447786915,80.17735437086058,69.26856707465286,81.84302310568096,77.61850237438003,67.10243403876204,81.98786401874887,78.04497668393552,68.22913776124825,0.011225877940328033,0.011163335400574978,0.003821823406022773,0.02703552513152707,82.14557189941407,76.77480621337891,73.02183090209961,0.017119079255338242,0.015519909661383648,1.8909738808558103,0.14483475304169247,12742980.0
2021-03-04,84.08806610107422,86.56645268060682,82.98566532104319,84.10415680962893,22994200,83.35578918457031,80.16928100585938,69.07814025878906,85.09387989083315,80.59576132187514,70.11756967130073,83.20290600997734,77.89206925586043,68.65761038238267,83.21095443152862,80.44287203614977,69.83192559419886,0.008784955714143283,0.008746592506364252,0.011225877940328033,0.012602570122930423,82.49158172607422,77.44992446899414,73.31996612548828,0.01638518945295031,0.015248753841313798,3.5807873595636295,-0.01609070855471373,14697980.0
2021-03-05,87.70905303955078,87.81365795693641,85.41574416496981,86.06752507165427,23638200,84.08806610107422,83.1304931640625,70.58570098876953,86.56645268060682,83.71790522976207,70.92688661465287,82.98566532104319,80.3141468960336,68.94325066267449,84.10415680962893,80.73257892234916,69.07020626931784,0.04306184107176536,0.04216046579669078,0.008784955714143283,0.036936992836279714,83.93998870849609,78.30450553894043,73.70797744750976,0.015530737392761325,0.01689410862613168,2.3979137919666016,1.6415279678965078,16534800.0
2021-03-08,88.31257629394531,88.85975241085413,86.95268135505107,88.40109052897085,18033600,87.70905303955078,82.35801696777344,70.617431640625,87.81365795693641,84.45820727317519,71.13317813860316,85.41574416496981,81.74646572435022,69.78430221669292,86.06752507165427,84.40992901208719,71.02209502255565,0.006880968765246909,0.006857402941708133,0.04306184107176536,-0.009292332655413738,85.17918395996094,79.17894744873047,74.13551254272461,0.0160538788227854,0.0168171054119455,1.9070710558030584,-0.08851423502554212,18053540.0
2021-03-09,88.11139678955078,89.06895639955334,86.80782870914666,87.76538831914922,19010700,88.31257629394531,80.4670181274414,70.82373809814453,88.85975241085413,81.31996655506548,71.78381715042703,86.95268135505107,78.54385688532726,70.33179421406263,88.40109052897085,80.70842163748225,71.36328730683628,-0.0022780391291599145,-0.002280637807641202,0.006880968765246909,-0.022960713600862603,86.31537628173828,79.9552562713623,74.5379182434082,0.017277569614833916,0.01675351974486615,2.2611276904066813,0.34600847040155713,19726980.0
2021-03-10,89.61613464355469,90.13112315087324,88.27233055997138,88.67466571501072,17389900,88.11139678955078,82.1166000366211,72.58522033691406,89.06895639955334,83.52477294957242,73.02955291985094,86.80782870914666,81.59356315540983,71.41884125312731,87.76538831914922,82.4465116410134,71.64100754459575,0.017077675633696776,0.016933491370772248,-0.0022780391291599145,0.020500099886479273,87.56744537353515,80.82743263244629,74.97613159179687,0.017280234599460813,0.016410818491775093,1.8587925909018566,0.9414689285439692,20213320.0
2021-03-11,89.4712905883789,90.5656426626426,89.2298870482057,89.84143818127001,10989500,89.61613464355469,82.43043518066406,72.172607421875,90.13112315087324,83.13049447786915,72.41857633484024,88.27233055997138,81.84302310568096,71.26013370268844,88.67466571501072,81.98786401874887,72.28369054731584,-0.0016162720669876673,-0.001617579643808122,0.017077675633696776,0.003821823406022773,88.64409027099609,81.63047676086425,75.41827209472656,0.018735900796653087,0.016576865718150147,1.3357556144369056,-0.3701475928911009,17812380.0
2021-03-12,89.76901245117188,90.68633605858707,89.09309237798043,89.8333875455178,10930300,89.4712905883789,83.35578918457031,73.41040802001953,90.5656426626426,85.09387989083315,73.46594959313639,89.2298870482057,83.20290600997734,71.88697682574777,89.84143818127001,83.21095443152862,72.50587037007207,0.0033275686629208323,0.0033220445574855574,-0.0016162720669876673,0.011225877940328033,89.05608215332032,82.46824417114257,75.87096862792968,0.007880879273500715,0.016259787044171473,1.5932436806066477,-0.06437509434591959,15270800.0
2021-03-15,88.71488952636719,90.05064500480164,87.62053756352701,89.74486639982939,10488000,89.76901245117188,84.08806610107422,73.01366424560547,90.68633605858707,86.56645268060682,73.34691966247038,89.09309237798043,82.98566532104319,71.4743669731673,89.8333875455178,84.10415680962893,73.29137810192223,-0.011742614695444686,-0.011812103719625145,0.0033275686629208323,0.008784955714143283,89.13654479980468,83.2322784423828,76.2911570739746,0.010534029899901418,0.01698364174557771,2.430107441274629,-1.0299768734622035,13761680.0
2021-03-16,86.61470794677734,87.61249736924137,86.16409455711236,87.33086400070076,11698400,88.71488952636719,87.70905303955078,73.4342041015625,90.05064500480164,87.81365795693641,73.57702612979334,87.62053756352701,85.41574416496981,72.48205522883148,89.74486639982939,86.06752507165427,72.62487725706231,-0.02367338324831758,-0.023958100240151395,-0.011742614695444686,0.04306184107176536,88.83720703125,83.81606674194336,76.68330688476563,0.015397715180656392,0.018316322661144864,1.4484028121290038,-0.7161560539234131,12299220.0
2021-03-17,86.92854309082031,87.35501742429055,85.77786416317987,86.26871360260924,9168600,86.61470794677734,88.31257629394531,74.9389419555664,87.61249736924137,88.85975241085413,75.52635396894546,86.16409455711236,86.95268135505107,74.52051610566751,87.33086400070076,88.40109052897085,74.87457299806843,0.0036233470213373753,0.003616798513097005,-0.02367338324831758,0.006880968765246909,88.29968872070313,84.30329551696778,77.07760711669921,0.011663556392908577,0.01754130783006038,1.5771532611106807,0.6598294882110736,10654960.0
2021-03-18,83.78225708007812,86.52617906162398,83.45233937630867,86.10775329058166,13246600,86.92854309082031,88.11139678955078,77.18396759033203,87.35501742429055,89.06895639955334,77.82770623501263,85.77786416317987,86.80782870914666,75.79993380167144,86.26871360260924,87.76538831914922,76.78163247219334,-0.036193934683284024,-0.03686518166775865,0.0036233470213373753,-0.0022780391291599145,87.16188201904296,84.67022476196288,77.3726416015625,0.017294237801990416,0.019673405199972155,3.0738396853153063,-2.3254962105035304,11106380.0
2021-03-19,83.18682098388672,84.40187496656361,82.67183243609276,83.63744056756725,18491000,83.78225708007812,89.61613464355469,76.44367218017578,86.52617906162398,90.13112315087324,77.07131398002323,83.45233937630867,88.27233055997138,75.88040547240158,86.10775329058166,88.67466571501072,77.04717485528244,-0.007106947424707077,-0.0071323220712149965,-0.036193934683284024,0.017077675633696776,85.84544372558594,84.97519493103027,77.61133392333984,0.015363500471098624,0.01982782668517938,1.730042530470854,-0.4506195836805347,12618520.0
2021-03-22,82.51090240478516,84.08805563014565,82.32582551413489,82.9293283057388,12508500,83.18682098388672,89.4712905883789,77.08741760253906,84.40187496656361,90.5656426626426,77.55412171325054,82.67183243609276,89.2298870482057,76.16204552482536,83.63744056756725,89.84143818127001,76.54828383294156,-0.00812530844558279,-0.008158498673744062,-0.007106947424707077,-0.0016162720669876673,84.60464630126953,85.14216423034668,77.82984268188477,0.01563903582380458,0.01922763602873413,1.7622301160107554,-0.4184259009536504,13022620.0
2021-03-23,82.05223083496094,83.92711409277112,81.0222538412369,81.63379884429358,14781700,82.51090240478516,89.76901245117188,79.17151641845703,84.08805563014565,90.68633605858707,80.17735437086058,82.32582551413489,89.09309237798043,77.61850237438003,82.9293283057388,89.8333875455178,78.04497668393552,-0.005558920778420906,-0.005574429078174289,-0.00812530844558279,0.0033275686629208323,83.69215087890625,85.23631172180175,78.02553085327149,0.015008871648793403,0.01914128146463983,2.904860251534217,0.4184319906673579,13639280.0
2021-03-24,84.24897766113281,85.1019323507844,82.80862323159515,82.87299218961927,11026800,82.05223083496094,88.71488952636719,80.16928100585938,83.92711409277112,90.05064500480164,80.59576132187514,81.0222538412369,87.62053756352701,77.89206925586043,81.63379884429358,89.74486639982939,80.44287203614977,0.026772542365001595,0.026420428680482357,-0.005558920778420906,-0.011742614695444686,83.15623779296875,85.29223594665527,78.25690185546875,0.022313902656644097,0.01826094177393787,2.293309119189246,1.3759854715135447,14010920.0
2021-03-25,84.54669952392578,84.699588829808,82.13268887094705,82.76033065845807,11138200,84.24897766113281,86.61470794677734,83.1304931640625,85.1019323507844,87.61249736924137,83.71790522976207,82.80862323159515,86.16409455711236,80.3141468960336,82.87299218961927,87.33086400070076,80.73257892234916,0.0035338335379031527,0.0035276042194357315,0.026772542365001595,-0.02367338324831758,83.30912628173829,85.40167007446288,78.46661529541015,0.014650769092817232,0.01811148736082349,2.566899958860944,1.7863688654677077,13589240.0
2021-03-26,86.48597717285156,86.53425543225703,84.78007371713262,85.72958503337699,9820200,84.54669952392578,86.92854309082031,82.35801696777344,84.699588829808,87.35501742429055,84.45820727317519,82.13268887094705,85.77786416317987,81.74646572435022,82.76033065845807,86.26871360260924,84.40992901208719,0.022937354856495507,0.02267824839502832,0.0035338335379031527,0.0036233470213373753,83.96895751953124,85.7026180267334,78.71654266357422,0.01611917070744519,0.017757665109363097,1.7541817151244032,0.7563921394745705,11855080.0
2021-03-29,86.03533172607422,86.52618101305023,85.05363315212217,85.61690594559514,7542300,86.48597717285156,83.78225708007812,80.4670181274414,86.53425543225703,86.52617906162398,81.31996655506548,84.78007371713262,83.45233937630867,78.54385688532726,85.72958503337699,86.10775329058166,80.70842163748225,-0.005210618663378019,-0.0052242412789139155,0.022937354856495507,-0.036193934683284024,84.67384338378906,85.89855461120605,78.92191009521484,0.015432271490542871,0.01740943881190805,1.47254786092806,0.4184257804790832,10861840.0
2021-03-30,85.23872375488281,85.96292824107516,84.96513266492255,85.34332868210895,6284600,86.03533172607422,83.18682098388672,82.1166000366211,86.52618101305023,84.40187496656361,83.52477294957242,85.05363315212217,82.67183243609276,81.59356315540983,85.61690594559514,83.63744056756725,82.4465116410134,-0.009259079441080176,-0.009302211163607178,-0.005210618663378019,-0.007106947424707077,85.31114196777344,86.03896903991699,79.16530059814453,0.0163368848718039,0.017600921677127537,0.9977955761526118,-0.10460492722613424,9162420.0
2021-03-31,84.32140350341797,85.47208230568212,84.16851417821064,84.93295466509997,8954400,85.23872375488281,82.51090240478516,82.43043518066406,85.96292824107516,84.08805563014565,83.13049447786915,84.96513266492255,82.32582551413489,81.84302310568096,85.34332868210895,82.9293283057388,81.98786401874887,-0.010761778345048212,-0.010820105125668075,-0.009259079441080176,-0.00812530844558279,85.32562713623047,86.08724975585938,79.35194107055663,0.013847380819531224,0.01766925366595917,1.303568127471479,-0.6115511616820015,8747940.0
2021-04-01,85.09388732910156,85.18240155646221,83.85469428519994,84.69960058667976,8515800,84.32140350341797,82.05223083496094,83.35578918457031,85.47208230568212,83.92711409277112,85.09387989083315,84.16851417821064,81.0222538412369,83.20290600997734,84.93295466509997,81.63379884429358,83.21095443152862,0.009161183206020551,0.009119474110070323,-0.010761778345048212,-0.005558920778420906,85.43506469726563,86.13754081726074,79.54022491455078,0.014398916544370937,0.017678485600452664,1.3277072712622697,0.39428674242179795,8223460.0
2021-04-05,84.09608459472656,85.15824901661846,83.82249353347977,85.0777832241858,8692700,85.09388732910156,84.24897766113281,84.08806610107422,85.18240155646221,85.1019323507844,86.56645268060682,83.85469428519994,82.80862323159515,82.98566532104319,84.69960058667976,82.87299218961927,84.10415680962893,-0.011725903771630297,-0.011795194377202906,0.009161183206020551,0.026772542365001595,84.95708618164062,85.95689239501954,79.76203170776367,0.008596443383669139,0.014783516134068447,1.3357554831386835,-0.9816986294592311,7997960.0
2021-04-06,83.34774780273438,84.55475320429846,83.2431367388781,83.8868754087044,8125100,84.09608459472656,84.54669952392578,87.70905303955078,85.15824901661846,84.699588829808,87.81365795693641,83.82249353347977,82.13268887094705,85.41574416496981,85.0777832241858,82.76033065845807,86.06752507165427,-0.008898592551586093,-0.008938421483292703,-0.011725903771630297,0.0035338335379031527,84.41956939697266,85.70865097045899,79.97331527709962,0.0087164337338329,0.014705640163063294,1.3116164654203573,-0.5391276059700232,8114520.0
2021-04-07,83.83859252929688,84.14436500405498,83.09024897606966,83.25922898626334,7699300,83.34774780273438,86.48597717285156,88.31257629394531,84.55475320429846,86.53425543225703,88.85975241085413,83.2431367388781,84.78007371713262,86.95268135505107,83.8868754087044,85.72958503337699,88.40109052897085,0.005889118056605636,0.005871844983132278,-0.008898592551586093,0.022937354856495507,84.13954315185546,85.4950107574463,80.20758682250977,0.009971632584557131,0.01483332663259209,1.054116027985316,0.5793635430335371,8397460.0
2021-04-08,82.8971176147461,83.37992462458352,82.13268341441376,83.29945269684652,8283000,83.83859252929688,86.03533172607422,88.11139678955078,84.14436500405498,86.52618101305023,89.06895639955334,83.09024897606966,85.05363315212217,86.80782870914666,83.25922898626334,85.61690594559514,87.76538831914922,-0.011229612594245153,-0.011293140739140712,0.005889118056605636,-0.005210618663378019,83.8546859741211,85.15905990600587,80.4474673461914,0.010061329019521866,0.014216952153695983,1.2472412101697614,-0.40233508210042146,8263180.0
2021-04-09,82.816650390625,83.42820142377803,82.15682111298352,82.97758810416319,7163700,82.8971176147461,85.23872375488281,89.61613464355469,83.37992462458352,85.96292824107516,90.13112315087324,82.13268341441376,84.96513266492255,88.27233055997138,83.29945269684652,85.34332868210895,88.67466571501072,-0.0009706878409820874,-0.0009711592635185087,-0.011229612594245153,-0.009259079441080176,83.39923858642578,84.82632789611816,80.70414672851562,0.007637142080337703,0.014222885888332567,1.2713803107945125,-0.1609377135381891,7992760.0
2021-04-12,81.8993148803711,83.57303002044189,81.68205667293991,83.42014074982485,7845900,82.816650390625,84.32140350341797,89.4712905883789,83.42820142377803,85.47208230568212,90.5656426626426,82.15682111298352,84.16851417821064,89.2298870482057,82.97758810416319,84.93295466509997,89.84143818127001,-0.011076703850337655,-0.011138507344208395,-0.0009706878409820874,-0.010761778345048212,82.95988464355469,84.43284301757812,80.92946701049804,0.007506841373662571,0.014209758762750851,1.8909733475019834,-1.520825869453759,7823400.0
2021-04-13,82.2695083618164,82.55919022647217,81.50507385956564,81.72233218848316,6829900,81.8993148803711,85.09388732910156,89.76901245117188,83.57303002044189,85.18240155646221,90.68633605858707,81.68205667293991,83.85469428519994,89.09309237798043,83.42014074982485,84.69960058667976,89.8333875455178,0.004520104740632469,0.004509919747157909,-0.011076703850337655,0.009161183206020551,82.74423675537109,84.11057395935059,81.22281112670899,0.00824222209653168,0.014237621251956387,1.054116366906527,0.5471761733332414,7564360.0
2021-04-14,83.9029769897461,84.7559317587123,82.55917894186102,82.59941491612132,10194800,82.2695083618164,84.09608459472656,88.71488952636719,82.55919022647217,85.15824901661846,90.05064500480164,81.50507385956564,83.82249353347977,87.62053756352701,81.72233218848316,85.0777832241858,89.74486639982939,0.019855091642772216,0.0196605501868152,0.004520104740632469,-0.011725903771630297,82.75711364746094,83.97498741149903,81.52962280273438,0.012885598627168805,0.014345080258112394,2.196752816851273,1.303562073624775,8063460.0
2021-04-15,83.21900177001953,83.90297030390833,82.82471503810788,83.69376044403936,7860500,83.9029769897461,83.34774780273438,86.61470794677734,84.7559317587123,84.55475320429846,87.61249736924137,82.55917894186102,83.2431367388781,86.16409455711236,82.59941491612132,83.8868754087044,87.33086400070076,-0.008151977966290191,-0.008185387029184393,0.019855091642772216,-0.008898592551586093,82.82149047851563,83.78951034545898,81.81244003295899,0.012260290097261248,0.014365744894334505,1.0782552658004505,-0.4747586740198244,7978960.0
2021-04-16,82.8488540649414,83.97539372247456,82.42237978453142,83.5247803151202,7459700,83.21900177001953,83.83859252929688,86.92854309082031,83.90297030390833,84.14436500405498,87.35501742429055,82.82471503810788,83.09024897606966,85.77786416317987,83.69376044403936,83.25922898626334,86.26871360260924,-0.004447874850758815,-0.004457796075945063,-0.008151977966290191,0.005889118056605636,82.8279312133789,83.74284019470215,82.05770309448242,0.012484891821293486,0.011948521681663651,1.553013937943149,-0.6759262501787902,8038160.0
2021-04-19,83.09024810791016,83.54890988482833,82.24534192662307,83.0982903898735,7068700,82.8488540649414,82.8971176147461,83.78225708007812,83.97539372247456,83.37992462458352,86.52617906162398,82.42237978453142,82.13268341441376,83.45233937630867,83.5247803151202,83.29945269684652,86.10775329058166,0.002913667855677593,0.0029094313526710847,-0.004447874850758815,-0.011229612594245153,83.06611785888671,83.73801155090332,82.30715942382812,0.010796184459358347,0.011866386523401093,1.3035679582052637,-0.008042281963341225,7882720.0
2021-04-20,81.53724670410156,82.87299627087813,80.8774172734691,82.74425220934245,9783800,83.09024810791016,82.816650390625,83.18682098388672,83.54890988482833,83.42820142377803,84.40187496656361,82.24534192662307,82.15682111298352,82.67183243609276,83.0982903898735,82.97758810416319,83.63744056756725,-0.018690537568159526,-0.01886741306489057,0.002913667855677593,-0.0009706878409820874,82.91966552734375,83.68932876586913,82.52142959594727,0.014350653434249516,0.01246747561926791,1.9955789974090266,-1.2070055052408861,8473500.0
2021-04-21,82.66378021240234,82.87299006412252,80.57968100375123,80.73257032082499,8264400,81.53724670410156,81.8993148803711,82.51090240478516,82.87299627087813,83.57303002044189,84.08805563014565,80.8774172734691,81.68205667293991,82.32582551413489,82.74425220934245,83.42014074982485,82.9293283057388,0.013816182834686108,0.013721609480187507,-0.018690537568159526,-0.011076703850337655,82.671826171875,83.71990623474122,82.72300079345703,0.012171165056100252,0.01280354704882686,2.2933090603712856,1.9312098915773532,8087420.0
2021-04-22,81.2314682006836,82.77643991606597,81.16709923936774,82.77643991606597,9899400,82.66378021240234,82.2695083618164,82.05223083496094,82.87299006412252,82.55919022647217,83.92711409277112,80.57968100375123,81.50507385956564,81.0222538412369,80.73257032082499,81.72233218848316,81.63379884429358,-0.017326959982213008,-0.017478828590898388,0.013816182834686108,0.004520104740632469,82.27431945800781,83.56903076171875,82.9041780090332,0.013748133489843625,0.011788674711198545,1.6093406766982241,-1.544971715382374,8495200.0
2021-04-23,81.71427154541016,82.2131632031176,81.0463937219952,81.35216622636904,6756000,81.2314682006836,83.9029769897461,84.24897766113281,82.77643991606597,84.7559317587123,85.1019323507844,81.16709923936774,82.55917894186102,82.80862323159515,82.77643991606597,82.59941491612132,82.87299218961927,0.0059435506389444726,0.00592595741822601,-0.017326959982213008,0.019855091642772216,82.04740295410156,83.42740936279297,83.07025527954102,0.014565789703213688,0.011857699020801497,1.166769481122401,0.3621053190411203,8354460.0
2021-04-26,81.69009399414062,82.61546570265978,81.48088421869055,81.4889264983384,5639700,81.71427154541016,83.21900177001953,84.54669952392578,82.2131632031176,83.90297030390833,84.699588829808,81.0463937219952,82.82471503810788,82.13268887094705,81.35216622636904,83.69376044403936,82.76033065845807,-0.00029587917523188345,-0.0002959229561111647,0.0059435506389444726,-0.008151977966290191,81.76737213134766,83.18761520385742,83.24378387451172,0.014327031816070555,0.01036813504265414,1.134581483969228,0.20116749580222404,8068660.0
2021-04-27,82.6396484375,82.96151782849674,81.68209482669846,81.923492265585,6898900,81.69009399414062,82.8488540649414,86.48597717285156,82.61546570265978,83.97539372247456,86.53425543225703,81.48088421869055,82.42237978453142,84.78007371713262,81.4889264983384,83.5247803151202,85.72958503337699,0.011623862783503247,0.01155682468482397,-0.00029587917523188345,-0.004447874850758815,81.98785247802735,83.01783103942871,83.42789276123047,0.01248765678429221,0.010834749901394165,1.2794230017982784,0.7161561719150029,7491680.0
2021-04-28,84.66740417480469,85.18239264055592,83.1787654491442,83.31555791742102,8718400,82.6396484375,83.09024810791016,86.03533172607422,82.96151782849674,83.54890988482833,86.52618101305023,81.68209482669846,82.24534192662307,85.05363315212217,81.923492265585,83.0982903898735,85.61690594559514,0.024537322890939794,0.024241118380676215,0.011623862783503247,0.002913667855677593,82.38857727050781,82.9892650604248,83.62246200561523,0.01543501396097828,0.012186859631988256,2.0036271914117236,1.35184625738367,7582480.0
2021-04-29,86.01924133300781,86.62274395301608,85.09386942116592,85.63299695497824,9740300,84.66740417480469,81.53724670410156,85.23872375488281,85.18239264055592,82.87299627087813,85.96292824107516,83.1787654491442,80.8774172734691,84.96513266492255,83.31555791742102,82.74425220934245,85.34332868210895,0.0159664415294003,0.015840318620040254,0.024537322890939794,-0.018690537568159526,83.34613189697265,83.0741569519043,83.79916748046875,0.009486015591842258,0.012438210980977589,1.528874531850164,0.38624437802957345,7550660.0
2021-04-30,82.93737030029297,84.80420521206085,82.85690449547874,84.47429357057834,13730000,86.01924133300781,82.66378021240234,84.32140350341797,86.62274395301608,82.87299006412252,85.47208230568212,85.09386942116592,80.57968100375123,84.16851417821064,85.63299695497824,80.73257032082499,84.93295466509997,-0.035827693722430554,-0.036485259392016606,0.0159664415294003,0.013816182834686108,83.59075164794922,82.96633110046386,83.9290414428711,0.023582869242753893,0.01475108993072022,1.947300716582106,-1.5369232702853708,8945460.0
2021-05-03,84.9168472290039,85.06973653514116,83.0580609876365,83.66961207303895,7938100,82.93737030029297,81.2314682006836,85.09388732910156,84.80420521206085,82.77643991606597,85.18240155646221,82.85690449547874,81.16709923936774,83.85469428519994,84.47429357057834,82.77643991606597,84.69960058667976,0.023867129154732103,0.02358676151335718,-0.035827693722430554,-0.017326959982213008,84.23610229492188,83.00736923217774,84.08563003540038,0.02511327618596127,0.01553775748502001,2.011675547504666,1.2472351559649582,9405140.0
2021-05-04,85.3835678100586,85.70543716462042,84.3696814918904,85.26286603470449,8704300,84.9168472290039,81.71427154541016,84.09608459472656,85.06973653514116,82.2131632031176,85.15824901661846,83.0580609876365,81.0463937219952,83.82249353347977,83.66961207303895,81.35216622636904,85.0777832241858,0.005496207128321995,0.005481158098464647,0.023867129154732103,0.0059435506389444726,84.78488616943359,83.10916023254394,84.20987106323243,0.025043676889572573,0.015407418503456425,1.3357556727300164,0.12070177535410664,9766220.0
2021-05-05,87.67686462402344,88.14357481538131,85.95487087991339,86.17212913360262,12872400,85.3835678100586,81.69009399414062,83.34774780273438,85.70543716462042,82.61546570265978,84.55475320429846,84.3696814918904,81.48088421869055,83.2431367388781,85.26286603470449,81.4889264983384,83.8868754087044,0.026858760681755856,0.026504395375650087,0.005496207128321995,-0.00029587917523188345,85.38677825927735,83.30107383728027,84.3600227355957,0.02547238631500043,0.01641521272876813,2.1887039354679274,1.5047354904208134,10597020.0
2021-05-06,87.72515106201172,87.81366528377966,86.43767984422401,87.66882438808186,9654900,87.67686462402344,82.6396484375,83.83859252929688,88.14357481538131,82.96151782849674,84.14436500405498,85.95487087991339,81.68209482669846,83.09024897606966,86.17212913360262,81.923492265585,83.25922898626334,0.0005507318058799449,0.0005505802087759518,0.026858760681755856,0.011623862783503247,85.72796020507812,83.54247550964355,84.45191589355468,0.025086990546886356,0.016110097379849524,1.3759854395556488,0.056326673929859794,10579940.0
2021-05-07,88.52981567382812,89.05285254921047,86.66298099274317,86.97680189014326,10273000,87.72515106201172,84.66740417480469,82.8971176147461,87.81366528377966,85.18239264055592,83.37992462458352,86.43767984422401,83.1787654491442,82.13268341441376,87.66882438808186,83.31555791742102,83.29945269684652,0.00917256456187343,0.00913075208217537,0.0005507318058799449,0.024537322890939794,86.84644927978516,83.82813377380371,84.57535186767578,0.011574988531877418,0.016139540707838473,2.3898715564672983,1.553013783684861,9888540.0
2021-05-10,88.167724609375,91.01625821078464,88.12748863867782,89.67246028190058,13586500,88.52981567382812,86.01924133300781,82.816650390625,89.05285254921047,86.62274395301608,83.42820142377803,86.66298099274317,85.09386942116592,82.15682111298352,86.97680189014326,85.63299695497824,82.97758810416319,-0.0040900465193238755,-0.004098433636533726,0.00917256456187343,0.0159664415294003,87.49662475585937,84.14155426025391,84.72936599731446,0.011875901109781277,0.015881775107064913,2.888769572106824,-1.5047356725255838,11018220.0
2021-05-11,85.85830688476562,88.17576096283916,85.46402021031696,87.75732902578862,12754800,88.167724609375,82.93737030029297,81.8993148803711,91.01625821078464,84.80420521206085,83.57303002044189,88.12748863867782,82.85690449547874,81.68205667293991,89.67246028190058,84.47429357057834,83.42014074982485,-0.026193459509601724,-0.026542618794397174,-0.0040900465193238755,-0.035827693722430554,87.59157257080078,84.32099418640136,84.80420013427734,0.01936958778693542,0.017237047656863732,2.7117407525222035,-1.8990221410229964,11828320.0
2021-05-12,86.39745330810547,88.63443578539741,85.87441637930081,86.0997230836112,11661900,85.85830688476562,84.9168472290039,82.2695083618164,88.17576096283916,85.06973653514116,82.55919022647217,85.46402021031696,83.0580609876365,81.50507385956564,87.75732902578862,83.66961207303895,81.72233218848316,0.006279490510608943,0.006259856660919979,-0.026193459509601724,0.023867129154732103,87.33569030761718,84.44571800231934,84.88354049682617,0.01401703660689832,0.016769437343927166,2.7600194060966032,0.29773022449427344,11586220.0
2021-05-13,85.84223175048828,86.7997914155297,84.84444225210702,85.35138235405087,9706300,86.39745330810547,85.3835678100586,83.9029769897461,88.63443578539741,85.70543716462042,84.7559317587123,85.87441637930081,84.3696814918904,82.55917894186102,86.0997230836112,85.26286603470449,82.59941491612132,-0.006426364856348177,-0.006447102833262765,0.006279490510608943,0.005496207128321995,86.9591064453125,84.57687950134277,84.93326934814453,0.013940166444188797,0.016720990375172166,1.9553491634226816,0.49084939643741166,11596500.0
2021-05-14,88.08724975585938,88.36888310435927,86.74345196505517,86.74345196505517,9124100,85.84223175048828,87.67686462402344,83.21900177001953,86.7997914155297,88.14357481538131,83.90297030390833,84.84444225210702,85.95487087991339,82.82471503810788,85.35138235405087,86.17212913360262,83.69376044403936,0.026152838289392744,0.02581670084870489,-0.006426364856348177,0.026858760681755856,86.87059326171875,84.83879928588867,85.01325302124023,0.019130260356853477,0.017511498059562664,1.6254311393040979,1.343797790804203,11366720.0
2021-05-17,89.16553497314453,89.22186166184117,87.68494421931935,87.78150074900009,12692900,88.08724975585938,87.72515106201172,82.8488540649414,88.36888310435927,87.81366528377966,83.97539372247456,86.74345196505517,86.43767984422401,82.42237978453142,86.74345196505517,87.66882438808186,83.5247803151202,0.012241104362705313,0.01216678790703414,0.026152838289392744,0.0005507318058799449,87.07015533447266,85.14256362915039,85.0423826599121,0.019821611797641553,0.017626837325433554,1.5369174425218262,1.3840342241444432,11188000.0
2021-05-18,86.4857406616211,88.83155620927037,86.31469219386182,88.73381777871933,12759900,89.16553497314453,88.52981567382812,83.09024810791016,89.22186166184117,89.05285254921047,83.54890988482833,87.68494421931935,86.66298099274317,82.24534192662307,87.78150074900009,86.97680189014326,83.0982903898735,-0.030054149423659693,-0.03051503319103707,0.012241104362705313,0.00917256456187343,87.19564208984374,85.38998832702637,85.00584594726563,0.02123895516830739,0.01854519453943668,2.516864015408558,-2.2480771170982337,11189020.0
2021-05-19,84.0584716796875,84.94630181848817,83.05661543853536,84.563476377905,14762700,86.4857406616211,88.167724609375,81.53724670410156,88.83155620927037,91.01625821078464,82.87299627087813,86.31469219386182,88.12748863867782,80.8774172734691,88.73381777871933,89.67246028190058,82.74425220934245,-0.028065539629594904,-0.02846690439750485,-0.030054149423659693,-0.0040900465193238755,86.72784576416015,85.45972290039063,84.92478744506836,0.024643729321633404,0.019607372854687246,1.8896863799528063,-0.5050046982175047,11809180.0
2021-05-20,84.35169982910156,84.7671068213929,83.05661584894565,83.95258671886609,9706300,84.0584716796875,85.85830688476562,82.66378021240234,84.94630181848817,88.17576096283916,82.87299006412252,83.05661543853536,85.46402021031696,80.57968100375123,84.563476377905,87.75732902578862,80.73257032082499,0.003488383069007339,0.003482312773703335,-0.028065539629594904,-0.026193459509601724,86.42973937988282,85.61573448181153,84.8194987487793,0.024920776581649207,0.01912882882608158,1.7104909724472463,0.3991131102354757,11809180.0
2021-05-21,84.8078384399414,85.68751546024839,84.44944759303773,84.79154455728464,10352800,84.35169982910156,86.39745330810547,81.2314682006836,84.7671068213929,88.63443578539741,82.77643991606597,83.05661584894565,85.87441637930081,81.16709923936774,83.95258671886609,86.0997230836112,82.77643991606597,0.005407580543889345,0.005393012076727201,0.003488383069007339,0.006279490510608943,85.77385711669922,85.77041282653809,84.72622970581055,0.020053920687229863,0.019123478368360626,1.2380678672106598,0.016293882656768233,12054920.0
2021-05-24,86.0133056640625,86.20878871248499,84.71007498408918,85.48386645255313,6785600,84.8078384399414,85.84223175048828,81.71427154541016,85.68751546024839,86.7997914155297,82.2131632031176,84.44944759303773,84.84444225210702,81.0463937219952,84.79154455728464,85.35138235405087,81.35216622636904,0.014214101506369259,0.014114028350716177,0.005407580543889345,-0.006426364856348177,85.1434112548828,85.98657341003418,84.65111557006836,0.020550201240427876,0.019304795095910564,1.4987137283958134,0.52943921150937,10873460.0
2021-05-25,84.60420989990234,86.029620157049,84.39243292169495,85.87485934055564,7884000,86.0133056640625,88.08724975585938,81.69009399414062,86.20878871248499,88.36888310435927,82.61546570265978,84.71007498408918,86.74345196505517,81.48088421869055,85.48386645255313,86.74345196505517,81.4889264983384,-0.016382299846300352,-0.016517973525782777,0.014214101506369259,0.026152838289392744,84.76710510253906,86.0848014831543,84.56890197753906,0.017381351827919906,0.019640810660851882,1.6371872353540482,-1.270649440653301,9898280.0
2021-05-26,84.8078384399414,85.45131009038418,84.4331599246764,85.13364152153154,9232400,84.60420989990234,89.16553497314453,82.6396484375,86.029620157049,89.22186166184117,82.96151782849674,84.39243292169495,87.68494421931935,81.68209482669846,85.87485934055564,87.78150074900009,81.923492265585,0.002406836968041892,0.002403945175066556,-0.016382299846300352,0.012241104362705313,84.91697845458984,86.09182319641113,84.53276458740234,0.011190798075123057,0.018874755922213136,1.0181501657077803,-0.3258030815901378,8792220.0
2021-05-27,83.90371704101562,85.45130647018594,83.5453262092954,84.80783484700424,11703400,84.8078384399414,86.4857406616211,84.66740417480469,85.45131009038418,88.83155620927037,85.18239264055592,84.4331599246764,86.31469219386182,83.1787654491442,85.13364152153154,88.73381777871933,83.31555791742102,-0.01066082352241593,-0.010718057237306287,0.002406836968041892,-0.030054149423659693,84.82738189697265,85.98604698181153,84.47226806640624,0.012390310006560707,0.018645766438659235,1.9059802608905443,-0.9041178059886192,9191640.0
2021-05-28,84.5390396118164,84.80783272889336,83.8548395151019,84.40057269003556,7278200,83.90371704101562,84.0584716796875,86.01924133300781,85.45130647018594,84.94630181848817,86.62274395301608,83.5453262092954,83.05661543853536,85.09386942116592,84.80783484700424,84.563476377905,85.63299695497824,0.007572043208648349,0.007543519189050999,-0.01066082352241593,-0.028065539629594904,84.77362213134765,86.06613044738769,84.48740371704102,0.012704109857466192,0.016825345644651882,0.9529932137914585,0.13846692178084652,8576720.0
2021-06-01,86.86856842041016,87.50389309324427,85.76896754709763,85.76896754709763,10260600,84.5390396118164,84.35169982910156,82.93737030029297,84.80783272889336,84.7671068213929,84.80420521206085,83.8548395151019,83.05661584894565,82.85690449547874,84.40057269003556,83.95258671886609,84.47429357057834,0.027555657354169094,0.027182833662517288,0.007572043208648349,0.003488383069007339,84.94467468261719,86.16371650695801,84.56103866577149,0.017193471922292366,0.017106005512584548,1.7349255461466413,1.099600873312525,9271720.0
2021-06-02,88.0333251953125,88.42429132465121,86.51017052176509,87.32469054123106,9141800,86.86856842041016,84.8078384399414,84.9168472290039,87.50389309324427,85.68751546024839,85.06973653514116,85.76896754709763,84.44944759303773,83.0580609876365,85.76896754709763,84.79154455728464,83.66961207303895,0.013408264877410758,0.013319169618887313,0.027555657354169094,0.005407580543889345,85.63049774169922,86.2962043762207,84.67148712158203,0.01406547293349553,0.017299135779680393,1.9141208028861172,0.7086346540814361,9523280.0
2021-06-03,87.63421630859375,88.04147636664494,86.79526158329554,87.60978169939793,8809300,88.0333251953125,86.0133056640625,85.3835678100586,88.42429132465121,86.20878871248499,85.70543716462042,86.51017052176509,84.71007498408918,84.3696814918904,87.32469054123106,85.48386645255313,85.26286603470449,-0.004533611400379112,-0.004543919383268668,0.013408264877410758,0.014214101506369259,86.19577331542969,86.29407196044922,84.78312683105469,0.015069065304901883,0.016288179350836707,1.2462147833494015,0.024434609195822077,9438660.0
2021-06-04,88.33470153808594,88.51389695270728,87.32469836347799,88.1636530643915,6699300,87.63421630859375,84.60420989990234,87.67686462402344,88.04147636664494,86.029620157049,88.14357481538131,86.79526158329554,84.39243292169495,85.95487087991339,87.60978169939793,85.87485934055564,86.17212913360262,0.00799328457534787,0.007961507499353721,-0.004533611400379112,-0.016382299846300352,87.08197021484375,86.32454948425293,84.86484130859375,0.011620763757478909,0.01638370486886758,1.1891985892292922,0.17104847369444087,8437840.0
2021-06-07,87.76454162597656,88.53833324276127,87.61792775798317,88.26954633001942,6748600,88.33470153808594,84.8078384399414,87.72515106201172,88.51389695270728,85.45131009038418,87.81366528377966,87.32469836347799,84.4331599246764,86.43767984422401,88.1636530643915,85.13364152153154,87.66882438808186,-0.006454540539354681,-0.006475461156711921,0.00799328457534787,0.002406836968041892,87.72707061767578,86.28628578186036,84.92919815063476,0.013936223645126325,0.01631955300778861,0.9204054847781009,-0.5050047040428609,8331920.0
2021-06-08,88.56278228759766,88.76641233347576,86.58349799309059,87.68309899797322,10559500,87.76454162597656,83.90371704101562,88.52981567382812,88.53833324276127,85.45130647018594,89.05285254921047,87.61792775798317,83.5453262092954,86.66298099274317,88.26954633001942,84.80783484700424,86.97680189014326,0.009095252442870683,0.009054139733319408,-0.006454540539354681,-0.01066082352241593,88.06591339111328,86.30603866577148,84.97073425292969,0.008838764387746004,0.016424673913033577,2.1829143403851674,0.8796832896244382,8391700.0
2021-06-09,87.78897094726562,89.214381050232,87.68308557676285,88.831555628291,10146900,88.56278228759766,84.5390396118164,88.167724609375,88.76641233347576,84.80783272889336,91.01625821078464,86.58349799309059,83.8548395151019,88.12748863867782,87.68309899797322,84.40057269003556,89.67246028190058,-0.0087374325912567,-0.008775827769193303,0.009095252442870683,0.007572043208648349,88.01704254150391,86.40257186889649,85.00580703735352,0.008422928017852592,0.015369727598166242,1.5312954734691573,-1.0425846810253745,8592720.0
2021-06-10,88.30213165283203,89.80084573253586,87.35728530443964,88.8315647741498,13526200,87.78897094726562,86.86856842041016,85.85830688476562,89.214381050232,87.50389309324427,88.17576096283916,87.68308557676285,85.76896754709763,85.46402021031696,88.831555628291,85.76896754709763,87.75732902578862,0.005845389233172016,0.005828371231221129,-0.0087374325912567,0.027555657354169094,88.15062561035157,86.49780578613282,85.0670751953125,0.008467600675890951,0.015362518820746199,2.4435604280962195,-0.5294331213177657,9536100.0
2021-06-11,87.89486694335938,88.75825626048528,87.85413845265542,88.6523646703731,7731700,88.30213165283203,88.0333251953125,86.39745330810547,89.80084573253586,88.42429132465121,88.63443578539741,87.35728530443964,86.51017052176509,85.87441637930081,88.8315647741498,87.32469054123106,86.0997230836112,-0.004612173022887522,-0.004622841910025787,0.005845389233172016,0.013408264877410758,88.06265869140626,86.60043754577637,85.13854446411133,0.007928389164584031,0.015320395910957631,0.9041178078298628,-0.7574977270137282,9742580.0
2021-06-14,87.9437484741211,88.75012174574212,87.01519592757661,88.11479697329548,9051900,87.89486694335938,87.63421630859375,85.84223175048828,88.75825626048528,88.04147636664494,86.7997914155297,87.85413845265542,86.79526158329554,84.84444225210702,88.6523646703731,87.60978169939793,85.35138235405087,0.0005561363531412233,0.000555981766631044,-0.004612173022887522,-0.004533611400379112,88.09850006103515,86.59326248168945,85.19554168701171,0.007312562449886361,0.01415961558490633,1.7349258181655074,-0.1710484991743897,10203240.0
2021-06-15,89.8415756225586,89.98818949909625,88.28583914294815,88.30213302606101,10540200,87.9437484741211,88.33470153808594,88.08724975585938,88.75012174574212,88.51389695270728,88.36888310435927,87.01519592757661,87.32469836347799,86.74345196505517,88.11479697329548,88.1636530643915,86.74345196505517,0.021580012011837013,0.021350460168747504,0.0005561363531412233,0.00799328457534787,88.35425872802735,86.62706451416015,85.31045150756836,0.011778910846556469,0.014726678895346356,1.7023503561481022,1.5394425964975795,10199380.0
2021-06-16,89.32841491699219,90.01261500976483,88.70123719505435,89.62164264042404,9283300,89.8415756225586,87.76454162597656,89.16553497314453,89.98818949909625,88.53833324276127,89.22186166184117,88.28583914294815,87.61792775798317,87.68494421931935,88.30213302606101,88.26954633001942,87.78150074900009,-0.005711840002921242,-0.005728214944833337,0.021580012011837013,-0.006454540539354681,88.66214752197266,86.76919822692871,85.43006484985352,0.011087317109755026,0.012971525689636476,1.3113778147104824,-0.29322772343185477,10026660.0
2021-06-17,87.21066284179688,89.5809192064925,78.44642522944568,88.97816988596057,14337800,89.32841491699219,88.56278228759766,86.4857406616211,90.01261500976483,88.76641233347576,88.83155620927037,88.70123719505435,86.58349799309059,86.31469219386182,89.62164264042404,87.68309899797322,88.73381777871933,-0.02370748520684285,-0.023993029692575385,-0.005711840002921242,0.009095252442870683,88.44385375976563,86.92680778503419,85.49750625610352,0.016229975719514744,0.012472217147164094,11.134493977046816,-1.7675070441636933,10188980.0
2021-06-18,83.91999816894531,86.5590413409963,83.82225974194378,85.72823364000986,22284500,87.21066284179688,87.78897094726562,84.0584716796875,89.5809192064925,89.214381050232,84.94630181848817,78.44642522944568,87.68308557676285,83.05661543853536,88.97816988596057,88.831555628291,84.563476377905,-0.03773236626834198,-0.03846266146615233,-0.02370748520684285,-0.0087374325912567,87.64888000488281,86.90522270202636,85.5179638671875,0.022798727031241837,0.015286977841898381,2.73678159905252,-1.808235471064549,13099540.0
2021-06-21,86.37984466552734,86.69750695433501,84.65306010474923,84.7915270071948,13591500,83.91999816894531,88.30213165283203,84.35169982910156,86.5590413409963,89.80084573253586,84.7671068213929,83.82225974194378,87.35728530443964,83.05661584894565,85.72823364000986,88.8315647741498,83.95258671886609,0.02931180350635776,0.02889042699298803,-0.03773236626834198,0.005845389233172016,87.33609924316406,86.98382301330567,85.58922775268555,0.028681019269021737,0.016620277593775046,2.044446849585782,1.5883176583325422,14007460.0
2021-06-22,86.6649398803711,87.12106914778353,84.96258963998646,85.79340362196791,10230100,86.37984466552734,87.89486694335938,84.8078384399414,86.69750695433501,88.75825626048528,85.68751546024839,84.65306010474923,87.85413845265542,84.44944759303773,84.7915270071948,88.6523646703731,84.79154455728464,0.003300483069258453,0.003295048429687341,0.02931180350635776,-0.004612173022887522,86.70077209472656,87.01640472412109,85.68454025268555,0.025738503988878846,0.0163421660739049,2.158479507797068,0.8715362584031823,13945440.0
2021-06-23,86.55905151367188,88.07405945319067,86.52647617703948,87.44688168714255,7792800,86.6649398803711,87.9437484741211,86.0133056640625,87.12106914778353,88.75012174574212,86.20878871248499,84.96258963998646,87.01519592757661,84.71007498408918,85.79340362196791,88.11479697329548,85.48386645255313,-0.001221813190494192,-0.0012225602127735357,0.003300483069258453,0.0005561363531412233,86.1468994140625,87.11414680480956,85.77033111572266,0.02586866412804951,0.01586220541142517,1.5475832761511867,-0.8878301734706753,13647340.0
2021-06-24,87.2676773071289,87.7889696398783,86.632352664984,87.2676773071289,8724600,86.55905151367188,89.8415756225586,84.60420989990234,88.07405945319067,89.98818949909625,86.029620157049,86.52647617703948,88.28583914294815,84.39243292169495,87.44688168714255,88.30213302606101,85.87485934055564,0.00818661689407607,0.008153288321273293,-0.001221813190494192,0.021580012011837013,86.1583023071289,87.23713874816895,85.8376251220703,0.024298350766058716,0.01593662360348631,1.1566169748943054,0.0,12524700.0
2021-06-25,87.39799499511719,88.01702569610165,86.97444113202869,87.63420031710426,8102300,87.2676773071289,89.32841491699219,84.8078384399414,87.7889696398783,90.01261500976483,85.45131009038418,86.632352664984,88.70123719505435,84.4331599246764,87.2676773071289,89.62164264042404,85.13364152153154,0.0014933099173666253,0.0014921960388846094,0.00818661689407607,-0.005711840002921242,86.85390167236328,87.41185264587402,85.92120498657226,0.012282741519880121,0.015676023234637602,1.0425845640729676,-0.23620532198707167,9688260.0
2021-06-28,84.70194244384766,87.1536496554667,84.4331555369334,87.11292116523674,11348400,87.39799499511719,87.21066284179688,83.90371704101562,88.01702569610165,89.5809192064925,85.45130647018594,86.97444113202869,78.44642522944568,83.5453262092954,87.63420031710426,88.97816988596057,84.80783484700424,-0.0308479908654673,-0.031333807222662935,0.0014933099173666253,-0.02370748520684285,86.51832122802735,87.41999778747558,85.95826675415039,0.015494791327111176,0.017252610333698227,2.7204941185332956,-2.4109787213890854,9239640.0
2021-06-29,84.51459503173828,85.5001634637697,84.39241579163809,85.19064189360998,7225500,84.70194244384766,83.91999816894531,84.5390396118164,87.1536496554667,86.5590413409963,84.80783272889336,84.4331555369334,83.82225974194378,83.8548395151019,87.11292116523674,85.72823364000986,84.40057269003556,-0.002211843160900062,-0.002214292898941766,-0.0308479908654673,-0.03773236626834198,86.08825225830078,87.30229911804199,85.98675369262695,0.015051456402747623,0.016011281445046883,1.1077476721316089,-0.676046861871697,8638720.0
2021-06-30,85.31283569335938,85.42686801310204,84.4820279046206,84.57976634194554,7927500,84.51459503173828,86.37984466552734,86.86856842041016,85.5001634637697,86.69750695433501,87.50389309324427,84.39241579163809,84.65306010474923,85.76896754709763,85.19064189360998,84.7915270071948,85.76896754709763,0.009445003686302078,0.009400678521306924,-0.002211843160900062,0.02931180350635776,85.83900909423828,87.16627464294433,86.06226547241211,0.01640208255563848,0.015843966681785164,0.9448401084814435,0.7330693514138318,8665660.0
2021-07-01,86.51016998291016,87.2350922985759,86.12734458185857,87.11291305355812,10873200,85.31283569335938,86.6649398803711,88.0333251953125,85.42686801310204,87.12106914778353,88.42429132465121,84.4820279046206,84.96258963998646,86.51017052176509,84.57976634194554,85.79340362196791,87.32469054123106,0.014034632418671089,0.013937058844792462,0.009445003686302078,0.003300483069258453,85.68750762939453,87.11007232666016,86.13919326782226,0.017548648205468913,0.016193815117972354,1.1077477167173413,-0.6027430706479606,9095380.0
2021-07-02,86.39614868164062,86.66494181205492,85.5571939542524,86.09477400078563,7107700,86.51016998291016,86.55905151367188,87.63421630859375,87.2350922985759,88.07405945319067,88.04147636664494,86.12734458185857,86.52647617703948,86.79526158329554,87.11291305355812,87.44688168714255,87.60978169939793,-0.0013180103714055535,-0.0013188797110248339,0.014034632418671089,-0.001221813190494192,85.48713836669921,87.0131446838379,86.24248687744141,0.017468920651447985,0.016069558082819256,1.1077478578025222,0.3013746808549911,8896460.0
2021-07-06,84.70194244384766,86.31469495680876,84.21323163256388,86.31469495680876,10162800,86.39614868164062,87.2676773071289,88.33470153808594,86.66494181205492,87.7889696398783,88.51389695270728,85.5571939542524,86.632352664984,87.32469836347799,86.09477400078563,87.2676773071289,88.1636530643915,-0.019609742605957048,-0.019804564756132775,-0.0013180103714055535,0.00818661689407607,85.48713836669921,86.86001472473144,86.30224029541016,0.013012756077260636,0.01656674922870037,2.1014633242448895,-1.6127525129611087,8659340.0
2021-07-07,83.83854675292969,85.44315220280397,83.17878751864835,84.67750138770587,8245000,84.70194244384766,87.39799499511719,87.76454162597656,86.31469495680876,88.01702569610165,88.53833324276127,84.21323163256388,86.97444113202869,87.61792775798317,86.31469495680876,87.63420031710426,88.26954633001942,-0.010193339916500177,-0.0102456477705819,-0.019609742605957048,0.0014933099173666253,85.3519287109375,86.62380294799804,86.34520935058593,0.013826459818537503,0.016469873946422887,2.2643646841556233,-0.8389546347761865,8863240.0
2021-07-08,83.56976318359375,83.96887630293766,82.44572765360066,82.67379229322574,8695500,83.83854675292969,84.70194244384766,88.56278228759766,85.44315220280397,87.1536496554667,88.76641233347576,83.17878751864835,84.4331555369334,86.58349799309059,84.67750138770587,87.11292116523674,87.68309899797322,-0.003205966464662535,-0.003211116585504432,-0.010193339916500177,-0.0308479908654673,85.00331420898438,86.41284255981445,86.36381164550781,0.012400362342914,0.01640784600616474,1.5231486493370028,0.8959708903680053,9016840.0
2021-07-09,84.76709747314453,84.89742365803795,83.37426899714242,84.2702397682538,8567900,83.56976318359375,84.51459503173828,87.78897094726562,83.96887630293766,85.5001634637697,89.214381050232,82.44572765360066,84.39241579163809,87.68308557676285,82.67379229322574,85.19064189360998,88.831555628291,0.014327362480618389,0.014225695749561666,-0.003205966464662535,-0.002211843160900062,84.65469970703126,86.23609085083008,86.3658055114746,0.012507370793319122,0.01673662956491792,1.5231546608955284,0.4968577048907292,8555780.0
2021-07-12,84.93814849853516,85.54089158615719,84.0910469139961,84.35169307737006,9898600,84.76709747314453,85.31283569335938,88.30213165283203,84.89742365803795,85.42686801310204,89.80084573253586,83.37426899714242,84.4820279046206,87.35728530443964,84.2702397682538,84.57976634194554,88.8315647741498,0.002017894094401562,0.002015860880860398,0.014327362480618389,0.009445003686302078,84.36309967041015,86.08825492858887,86.34418365478516,0.012772364908409658,0.016745883560858835,1.4498446721610918,0.5864554211650983,9113960.0
2021-07-13,84.65306091308594,85.18250013758563,84.07475247885507,84.71007706253704,6738000,84.93814849853516,86.51016998291016,87.89486694335938,85.54089158615719,87.2350922985759,88.75825626048528,84.0910469139961,86.12734458185857,87.85413845265542,84.35169307737006,87.11291305355812,88.6523646703731,-0.003356413937538716,-0.003362059330522138,0.002017894094401562,0.014034632418671089,84.35332336425782,85.92372055053711,86.37849746704102,0.009148216086705793,0.01674252575493331,1.1077476587305597,-0.05701614945110123,8429000.0
2021-07-14,83.05661010742188,85.7852510194026,82.85298009586668,85.10105716343863,9216600,84.65306091308594,86.39614868164062,87.9437484741211,85.18250013758563,86.66494181205492,88.75012174574212,84.07475247885507,85.5571939542524,87.01519592757661,84.71007706253704,86.09477400078563,88.11479697329548,-0.018858748738018516,-0.019038842766637656,-0.003356413937538716,-0.0013180103714055535,84.19693603515626,85.58447227478027,86.34129272460937,0.011938038565020593,0.016207355654027096,2.93227092353591,-2.0444470560167503,8623320.0
2021-07-15,82.51089477539062,83.28468644243829,82.14435697445042,82.30726473518907,9665700,83.05661010742188,84.70194244384766,89.8415756225586,85.7852510194026,86.31469495680876,89.98818949909625,82.85298009586668,84.21323163256388,88.28583914294815,85.10105716343863,86.31469495680876,88.30213302606101,-0.006570402179013168,-0.0065920822882809425,-0.018858748738018516,-0.019609742605957048,83.98516235351562,85.2435962677002,86.28383926391602,0.012129314299322685,0.01621384148897072,1.1403294679878684,0.20363004020155984,8817360.0
2021-07-16,80.32797241210938,82.82854880556897,80.09176084353106,82.7796733751181,12199100,82.51089477539062,83.83854675292969,89.32841491699219,83.28468644243829,85.44315220280397,90.01261500976483,82.14435697445042,83.17878751864835,88.70123719505435,82.30726473518907,84.67750138770587,89.62164264042404,-0.02645617126348654,-0.02681243336873378,-0.006570402179013168,-0.010193339916500177,83.09733734130859,84.89946174621582,86.13686141967773,0.011699717152832797,0.016401706812096118,2.7367879620379085,-2.4517009630087188,9543600.0
2021-07-19,78.16134643554688,78.96771957788533,76.98843552720362,78.04731412104628,17385500,80.32797241210938,83.56976318359375,87.21066284179688,82.82854880556897,83.96887630293766,89.5809192064925,80.09176084353106,82.44572765360066,78.44642522944568,82.7796733751181,82.67379229322574,88.97816988596057,-0.02697224779242513,-0.027342674892942,-0.02645617126348654,-0.003205966464662535,81.74197692871094,84.6115291595459,85.94558532714844,0.011019203942324115,0.01538076628323087,1.9792840506817129,0.11403231450059081,11040980.0
2021-07-20,78.62561798095703,79.85554497375783,77.42013180921275,78.10432565572252,12114600,78.16134643554688,84.76709747314453,83.91999816894531,78.96771957788533,84.89742365803795,86.5590413409963,76.98843552720362,83.37426899714242,83.82225974194378,78.04731412104628,84.2702397682538,85.72823364000986,0.005939912329849584,0.005922340599298016,-0.02697224779242513,0.014327362480618389,80.53648834228515,84.22381782531738,85.74750137329102,0.014125679956305068,0.013539419995225649,2.435413164545082,0.5212923252345121,12116300.0
2021-07-21,81.30538177490234,81.83482098926244,79.57859723070612,79.8066680384368,11478100,78.62561798095703,84.93814849853516,86.37984466552734,79.85554497375783,85.54089158615719,86.69750695433501,77.42013180921275,84.0910469139961,84.65306010474923,78.10432565572252,84.35169307737006,84.7915270071948,0.034082578461823276,0.03351463601323178,0.005939912329849584,0.002017894094401562,80.18624267578124,83.95583992004394,85.61025451660156,0.0254346972224457,0.01600951664732972,2.2562237585563167,1.4987137364655467,12568600.0
2021-07-22,80.4908676147461,80.97143765491593,79.73336375240295,80.96329071476538,7694300,81.30538177490234,84.65306091308594,86.6649398803711,81.83482098926244,85.18250013758563,87.12106914778353,79.57859723070612,84.07475247885507,84.96258963998646,79.8066680384368,84.71007706253704,85.79340362196791,-0.01001796120226417,-0.010068478646630583,0.034082578461823276,-0.003356413937538716,79.78223724365235,83.65243072509766,85.50290573120117,0.025568338277515444,0.01607690338548254,1.2380739025129799,-0.47242310001928445,12174320.0
2021-07-23,80.52345275878906,80.73522971210366,79.7740958031157,80.4745835442914,7570800,80.4908676147461,83.05661010742188,86.55905151367188,80.97143765491593,85.7852510194026,88.07405945319067,79.73336375240295,82.85298009586668,86.52647617703948,80.96329071476538,85.10105716343863,87.44688168714255,0.0004048303243411322,0.0004047484026542221,-0.01001796120226417,-0.018858748738018516,79.82133331298829,83.31521949768066,85.38542572021484,0.02248648233029846,0.015871923700069526,0.9611339089879607,0.0488692144976568,11248660.0
2021-07-26,82.2258071899414,82.47831266379966,80.9958862297593,81.01217389857486,10227500,80.52345275878906,82.51089477539062,87.2676773071289,80.73522971210366,83.28468644243829,87.7889696398783,79.7740958031157,82.14435697445042,86.632352664984,80.4745835442914,82.30726473518907,87.2676773071289,0.021141100795215584,0.020920728258087662,0.0004048303243411322,-0.006570402179013168,80.63422546386718,83.05661010742188,85.3130972290039,0.01741324417150906,0.016803601620933178,1.482426434040363,1.2136332913665484,9817060.0
2021-07-27,81.9488525390625,82.03845023056654,80.58860571611075,81.49272335634672,8332100,82.2258071899414,80.32797241210938,87.39799499511719,82.47831266379966,82.82854880556897,88.01702569610165,80.9958862297593,80.09176084353106,86.97444113202869,81.01217389857486,82.7796733751181,87.63420031710426,-0.003368220517910414,-0.0033739057422883423,0.021141100795215584,-0.02645617126348654,81.29887237548829,82.91895561218261,85.19032928466797,0.01846316460220155,0.015469582044332884,1.4498445144557905,0.4561291827157845,9060560.0
2021-07-28,82.41315460205078,82.92630009412632,81.68008517458858,82.1850899389061,8546100,81.9488525390625,78.16134643554688,84.70194244384766,82.03845023056654,78.96771957788533,87.1536496554667,80.58860571611075,76.98843552720362,84.4331555369334,81.49272335634672,78.04731412104628,87.11292116523674,0.0056657542918854276,0.005649764274613049,-0.003368220517910414,-0.02697224779242513,81.52042694091797,82.81388359069824,85.0552816772461,0.011754641080918792,0.015551573562858004,1.246214919537735,0.22806466314467855,8474160.0
2021-07-29,83.54533386230469,83.79783312725809,83.03218839066835,83.39057304092253,8681300,82.41315460205078,78.62561798095703,84.51459503173828,82.92630009412632,79.85554497375783,85.5001634637697,81.68008517458858,77.42013180921275,84.39241579163809,82.1850899389061,78.10432565572252,85.19064189360998,0.013737846412030574,0.013644337632863551,0.0056657542918854276,0.005939912329849584,82.13132019042969,82.7255084991455,84.99647354125976,0.009960084634802304,0.015733961273176708,0.765644736589735,0.15476082138215475,8671560.0
2021-07-30,82.92628479003906,84.75081418707072,82.07918318733755,83.944434858532,12295300,83.54533386230469,81.30538177490234,85.31283569335938,83.79783312725809,81.83482098926244,85.42686801310204,83.03218839066835,79.57859723070612,84.4820279046206,83.39057304092253,79.8066680384368,84.57976634194554,-0.007409738445547598,-0.007437326924222862,0.013737846412030574,0.034082578461823276,82.61188659667968,82.54631423950195,84.9738298034668,0.011798439299561203,0.015387451967998997,2.6716309997331678,-1.0181500684929432,9616460.0
2021-08-02,82.77967834472656,84.69380561634395,82.72266218435682,83.14621613078529,8911800,82.92628479003906,80.4908676147461,86.51016998291016,84.75081418707072,80.97143765491593,87.2350922985759,82.07918318733755,79.73336375240295,86.12734458185857,83.944434858532,80.96329071476538,87.11291305355812,-0.0017679128600019967,-0.0017694774622678548,-0.007409738445547598,-0.01001796120226417,82.72266082763672,82.36549072265625,84.94238937377929,0.008378516512877798,0.015386729811684048,1.9711434319871302,-0.36653778605872844,9353320.0
2021-08-03,83.56976318359375,83.82226864686041,81.99773910126898,82.74709612126438,8437300,82.77967834472656,80.52345275878906,86.39614868164062,84.69380561634395,80.73522971210366,86.66494181205492,82.72266218435682,79.7740958031157,85.5571939542524,83.14621613078529,80.4745835442914,86.09477400078563,0.00954442992127813,0.00949916961135564,-0.0017679128600019967,0.0004048303243411322,83.04684295654297,82.30888175964355,84.91762786865235,0.008540806435609912,0.015009329049299771,1.8245295455914317,0.8226670623293728,9374360.0
2021-08-04,81.69638061523438,82.99961172538836,81.53347284253005,81.81041294897933,10389800,83.56976318359375,82.2258071899414,84.70194244384766,83.82226864686041,82.47831266379966,86.31469495680876,81.99773910126898,80.9958862297593,84.21323163256388,82.74709612126438,81.01217389857486,86.31469495680876,-0.02241699027247157,-0.0226720702907832,0.00954442992127813,0.021141100795215584,82.90348815917969,82.20177345275879,84.83128936767578,0.014374949356071785,0.015656903703152165,1.466138882858317,-0.11403233374495869,9743100.0
2021-08-05,82.45387268066406,83.4312943175939,81.99773719770762,82.21766110530872,7986100,81.69638061523438,81.9488525390625,83.83854675292969,82.99961172538836,82.03845023056654,85.44315220280397,81.53347284253005,80.58860571611075,83.17878751864835,81.81041294897933,81.49272335634672,84.67750138770587,0.009272039467663085,0.009229317983534864,-0.02241699027247157,-0.003368220517910414,82.68519592285156,82.1459789276123,84.78828262329101,0.013275557559867498,0.015819564103159198,1.4335571198862738,0.2362115753553411,9604060.0
2021-08-06,83.04032897949219,83.55348066456773,82.75524816239229,83.09734514291216,6475600,82.45387268066406,82.41315460205078,83.56976318359375,83.4312943175939,82.92630009412632,83.96887630293766,81.99773719770762,81.68008517458858,82.44572765360066,82.21766110530872,82.1850899389061,82.67379229322574,0.007112537953182896,0.007087363155764416,0.009272039467663085,0.0056657542918854276,82.70800476074218,82.05964050292968,84.75293243408203,0.013534157190285185,0.015542209752784846,0.7982325021754377,-0.05701616341997351,8440120.0
2021-08-09,81.6556396484375,82.57604512004669,81.39499346621129,82.19322589482006,9243100,83.04032897949219,83.54533386230469,84.76709747314453,83.55348066456773,83.79783312725809,84.89742365803795,82.75524816239229,83.03218839066835,83.37426899714242,83.09734514291216,83.39057304092253,84.2702397682538,-0.016674901798578556,-0.01681549306186819,0.007112537953182896,0.013737846412030574,82.48319702148437,81.8955150604248,84.70797088623047,0.015601094116587591,0.015914230776805503,1.1810516538353966,-0.5375862463825598,8506380.0
2021-08-10,83.14620971679688,83.34169279237118,81.92442961944138,82.0547495983926,9762600,81.6556396484375,82.92628479003906,84.93814849853516,82.57604512004669,84.75081418707072,85.54089158615719,81.39499346621129,82.07918318733755,84.0910469139961,82.19322589482006,83.944434858532,84.35169307737006,0.018254343175522436,0.018089732870480088,-0.016674901798578556,-0.007409738445547598,82.398486328125,81.82017250061035,84.68011428833007,0.017652110133583053,0.016528266834672713,1.4172631729297933,1.091460118404271,8771440.0
2021-08-11,83.77338409423828,83.87112873527792,82.75523405368047,83.11362485653112,7079800,83.14620971679688,82.77967834472656,84.65306091308594,83.34169279237118,84.69380561634395,85.18250013758563,81.92442961944138,82.72266218435682,84.07475247885507,82.0547495983926,83.14621613078529,84.71007706253704,0.007543030278561291,0.007514723880563871,0.018254343175522436,-0.0017679128600019967,82.81388702392579,81.85601119995117,84.61821060180664,0.012986605619387023,0.016054886676607576,1.115894681597453,0.6597592377071635,8109440.0
2021-08-12,83.60234069824219,84.09919844528042,82.90185293075533,83.78153611052419,7377600,83.77338409423828,83.56976318359375,83.05661010742188,83.87112873527792,83.82226864686041,85.7852510194026,82.75523405368047,81.99773910126898,82.85298009586668,83.11362485653112,82.74709612126438,85.10105716343863,-0.002041739125683173,-0.0020438263164951837,0.007543030278561291,0.00954442992127813,83.0435806274414,81.91058349609375,84.52959091186523,0.013063669181525453,0.01598090969914789,1.1973455145250966,-0.17919541228199876,7987740.0
2021-08-13,83.04847717285156,83.52090037076323,82.78783096267544,83.26840110242583,6572600,83.60234069824219,81.69638061523438,82.51089477539062,84.09919844528042,82.99961172538836,83.28468644243829,82.90185293075533,81.53347284253005,82.14435697445042,83.78153611052419,81.81041294897933,82.30726473518907,-0.006624976295696805,-0.00664701885940233,-0.002041739125683173,-0.02241699027247157,83.04521026611329,82.04660873413086,84.4378761291504,0.013380846080986318,0.014771621710933379,0.7330694080877862,-0.21992392957426432,8007140.0
2021-08-16,82.20137023925781,82.42943488195621,81.37870938013798,82.12806641023138,9476600,83.04847717285156,82.45387268066406,80.32797241210938,83.52090037076323,83.4312943175939,82.82854880556897,82.78783096267544,81.99773719770762,80.09176084353106,83.26840110242583,82.21766110530872,82.7796733751181,-0.010200150110286077,-0.010252528121552274,-0.006624976295696805,0.009272039467663085,83.15435638427735,82.24860992431641,84.31520950317383,0.011539216117102239,0.013472997640334643,1.0507255018182349,0.07330382902642896,8053840.0
2021-08-17,82.0466079711914,82.82039953863594,81.15063093819897,81.61490712152467,10937500,82.20137023925781,83.04032897949219,78.16134643554688,82.42943488195621,83.55348066456773,78.96771957788533,81.37870938013798,82.75524816239229,76.98843552720362,82.12806641023138,83.09734514291216,78.04731412104628,-0.001882721268708143,-0.001884495816064469,-0.010200150110286077,0.007112537953182896,82.93443603515625,82.41965942382812,84.20085083007812,0.006664484038064063,0.013484746295824005,1.6697686004369672,0.4317008496667398,8288820.0
2021-08-18,79.82600402832031,82.0713694394185,79.70218382394746,81.46875678454552,12893600,82.0466079711914,81.6556396484375,78.62561798095703,82.82039953863594,82.57604512004669,79.85554497375783,81.15063093819897,81.39499346621129,77.42013180921275,81.61490712152467,82.19322589482006,78.10432565572252,-0.02706515232964657,-0.02743815929464412,-0.001882721268708143,-0.016674901798578556,82.14496002197265,82.34569053649902,84.02611526489258,0.010379298220936028,0.012794091900512543,2.3691856154710393,-1.6427527562252067,9451580.0
2021-08-19,77.8365478515625,78.67855672573356,76.65608029295805,78.26580591920161,17423400,79.82600402832031,83.14620971679688,81.30538177490234,82.0713694394185,83.34169279237118,81.83482098926244,79.70218382394746,81.92442961944138,79.57859723070612,81.46875678454552,82.0547495983926,79.8066680384368,-0.02492240719016825,-0.025238228781740406,-0.02706515232964657,0.018254343175522436,80.99180145263672,82.21297454833984,83.82706680297852,0.011242316750415567,0.01375483708770479,2.0224764327755054,-0.4292580676391111,11460740.0
2021-08-20,77.84481811523438,78.32360434720665,76.94501792613337,77.20092145512534,9707600,77.8365478515625,83.77338409423828,80.4908676147461,78.67855672573356,83.87112873527792,80.97143765491593,76.65608029295805,82.75523405368047,79.73336375240295,78.26580591920161,83.11362485653112,80.96329071476538,0.00010625167611033604,0.00010624603180080594,-0.02492240719016825,0.007543030278561291,79.95106964111328,82.07904281616212,83.61792053222656,0.012678373289972211,0.013752725668329356,1.3785864210732797,0.6438966601090357,12087740.0
2021-08-23,79.85078430175781,80.07366699543601,79.29769336174466,79.3224574057002,10277800,77.84481811523438,83.60234069824219,80.52345275878906,78.32360434720665,84.09919844528042,80.73522971210366,76.94501792613337,82.90185293075533,79.7740958031157,77.20092145512534,83.78153611052419,80.4745835442914,0.02576878249691572,0.025442363161464556,0.00010625167611033604,-0.002041739125683173,79.48095245361328,81.96029167175293,83.45703887939453,0.021589859681889492,0.014187526952090168,0.7759736336913505,0.5283268960576066,12247980.0
2021-08-24,80.7670669555664,81.40270666282015,80.39559378499351,80.48639945745832,8924900,79.85078430175781,83.04847717285156,82.2258071899414,80.07366699543601,83.52090037076323,82.47831266379966,79.29769336174466,82.78783096267544,80.9958862297593,79.3224574057002,83.26840110242583,81.01217389857486,0.01147493618028772,0.01140959845587182,0.02576878249691572,-0.006624976295696805,79.22504425048828,81.90120239257813,83.31350524902344,0.02294838038180355,0.014462967862613434,1.0071128778266427,0.28066749810808744,11845460.0
2021-08-25,81.3201675415039,81.49352212847532,79.84251886427793,80.25526968032727,9342300,80.7670669555664,82.20137023925781,81.9488525390625,81.40270666282015,82.42943488195621,82.03845023056654,80.39559378499351,81.37870938013798,80.58860571611075,80.48639945745832,82.12806641023138,81.49272335634672,0.006848095477353322,0.0068247537750647826,0.01147493618028772,-0.010200150110286077,79.523876953125,81.84655303955078,83.14307708740235,0.01863751720152261,0.014492426660608041,1.651003264197385,1.0648978611766324,11135200.0
2021-08-26,80.25526428222656,81.50177342631508,80.23875072377184,80.98996018153134,8124800,81.3201675415039,82.0466079711914,82.41315460205078,81.49352212847532,82.82039953863594,82.92630009412632,79.84251886427793,81.15063093819897,81.68008517458858,80.25526968032727,81.61490712152467,82.1850899389061,-0.013095192637593178,-0.013181690641243034,0.006848095477353322,-0.001882721268708143,80.00762023925782,81.68204956054687,82.96161407470703,0.014323218378243848,0.01433966299765612,1.263022702543239,-0.7346958993047821,9275480.0
2021-08-27,81.42747497558594,82.10438601617231,80.94043206868666,81.0147241874704,10281200,80.25526428222656,79.82600402832031,83.54533386230469,81.50177342631508,82.0713694394185,83.79783312725809,80.23875072377184,79.70218382394746,83.03218839066835,80.98996018153134,81.46875678454552,83.39057304092253,0.014606028699091445,0.01450038807946933,-0.013095192637593178,-0.02706515232964657,80.72415161132812,81.60710906982422,82.84595031738282,0.014243424154770251,0.014734743165105983,1.163953947485652,0.412750788115531,9390200.0
2021-08-30,81.22110748291016,81.98056749538628,80.87439829870296,81.79895612325551,8127200,81.42747497558594,77.8365478515625,82.92628479003906,82.10438601617231,78.67855672573356,84.75081418707072,80.94043206868666,76.65608029295805,82.07918318733755,81.0147241874704,78.26580591920161,83.944434858532,-0.0025343717552048783,-0.0025375887117603684,0.014606028699091445,-0.02492240719016825,80.99821624755859,81.5291805267334,82.79197250366211,0.011291138612373608,0.014738367210463947,1.1061691966833251,-0.5778486403453513,8960080.0
2021-08-31,79.8838119506836,81.23764079073467,79.77649897655536,81.01475176236458,15676900,81.22110748291016,77.84481811523438,82.77967834472656,81.98056749538628,78.32360434720665,84.69380561634395,80.87439829870296,76.94501792613337,82.72266218435682,81.79895612325551,77.20092145512534,83.14621613078529,-0.01646487684876674,-0.016601929384764954,-0.0025343717552048783,0.00010625167611033604,80.82156524658203,81.34488296508789,82.66205184936524,0.013101416875959403,0.014919631771523313,1.4611418141793138,-1.1309398116809888,10310480.0
2021-09-01,79.00875091552734,80.1314335035127,78.8106323111996,79.95807893746631,10557300,79.8838119506836,79.85078430175781,83.56976318359375,81.23764079073467,80.07366699543601,83.82226864686041,79.77649897655536,79.29769336174466,81.99773910126898,81.01475176236458,79.3224574057002,82.74709612126438,-0.010954172238256121,-0.01101461095901511,-0.01646487684876674,0.02576878249691572,80.35928192138672,81.21050148010254,82.50892807006836,0.012455251081738474,0.01430758697884195,1.3208011923130982,-0.9493280219389675,10553480.0
2021-09-02,80.6597671508789,81.2211085365296,79.70218849187357,79.77648061884835,12340100,79.00875091552734,80.7670669555664,81.69638061523438,80.1314335035127,81.40270666282015,82.99961172538836,78.8106323111996,80.39559378499351,81.53347284253005,79.95807893746631,80.48639945745832,81.81041294897933,0.020896624946225906,0.02068128522814172,-0.010954172238256121,0.01147493618028772,80.44018249511718,81.12079620361328,82.3909423828125,0.01613501867697529,0.01499116136699859,1.5189200446560278,0.883286532030553,11396540.0
2021-09-03,80.47815704345703,81.25413063827068,80.38735135478403,80.40386491531257,9097000,80.6597671508789,81.3201675415039,82.45387268066406,81.2211085365296,81.49352212847532,83.4312943175939,79.70218849187357,79.84251886427793,81.99773719770762,79.77648061884835,80.25526968032727,82.21766110530872,-0.0022515575464303605,-0.002254096113324924,0.020896624946225906,0.006848095477353322,80.25031890869141,80.99268760681153,82.25515197753906,0.014262466242522307,0.014870445266739288,0.8667792834866503,0.07429212814446373,11159700.0
2021-09-07,80.1231918334961,80.88265817310538,79.85903154522096,80.09017101020194,9237800,80.47815704345703,80.25526428222656,83.04032897949219,81.25413063827068,81.50177342631508,83.55348066456773,80.38735135478403,80.23875072377184,82.75524816239229,80.40386491531257,80.98996018153134,83.09734514291216,-0.0044107025185636806,-0.004420458364241651,-0.0022515575464303605,-0.013095192637593178,80.03073577880859,80.91606521606445,82.10965591430664,0.014296080072737982,0.014457165242765456,1.0236266278844255,0.03302082329415157,11381820.0
2021-09-08,79.57009887695312,81.28714371987527,79.53707805711878,80.48640615860498,10775900,80.1231918334961,81.42747497558594,81.6556396484375,80.88265817310538,82.10438601617231,82.57604512004669,79.85903154522096,80.94043206868666,81.39499346621129,80.09017101020194,81.0147241874704,82.19322589482006,-0.006903031992189557,-0.006926968135776543,-0.0044107025185636806,0.014606028699091445,79.9679931640625,80.73725967407226,82.00701904296875,0.012512129009044845,0.013786582861280549,1.7500656627564979,-0.9163072816518536,10401620.0
2021-09-09,79.24815368652344,80.58546854729138,78.71157638632212,79.1573480065781,10219400,79.57009887695312,81.22110748291016,83.14620971679688,81.28714371987527,81.98056749538628,83.34169279237118,79.53707805711878,80.87439829870296,81.92442961944138,80.48640615860498,81.79895612325551,82.0547495983926,-0.004046057438329198,-0.00405426487471297,-0.006903031992189557,-0.0025343717552048783,80.01587371826172,80.51099815368653,81.90169021606445,0.011435214982209941,0.013602025542610412,1.8738921609692625,0.0908056799453334,10334040.0
2021-09-10,79.30593872070312,80.65150406581725,79.1573481802917,80.56895516516144,11006000,79.24815368652344,79.8838119506836,83.77338409423828,80.58546854729138,81.23764079073467,83.87112873527792,78.71157638632212,79.77649897655536,82.75523405368047,79.1573480065781,81.01475176236458,83.11362485653112,0.0007291656838879224,0.0007288999717482463,-0.004046057438329198,-0.01646487684876674,79.74510803222657,80.29617805480957,81.78155227661132,0.002831796961130759,0.013623015983253219,1.4941558855255437,-1.2630164444583158,10067220.0
2021-09-13,80.87439727783203,81.48526673249727,80.12318775678771,80.24701426332089,11500900,79.30593872070312,79.00875091552734,83.60234069824219,80.65150406581725,80.1314335035127,84.09919844528042,79.1573481802917,78.8106323111996,82.90185293075533,80.56895516516144,79.95807893746631,83.78153611052419,0.01977731532379501,0.01958428515126345,0.0007291656838879224,-0.010954172238256121,79.82435607910156,80.18747406005859,81.66883682250976,0.010838045609621242,0.014460467918631125,1.3620789757095508,0.627383014511139,10548000.0
2021-09-14,79.41326141357422,81.51003649771498,79.2316563290616,81.21285538039876,15294100,80.87439727783203,80.6597671508789,83.04847717285156,81.48526673249727,81.2211085365296,83.52090037076323,80.12318775678771,79.70218849187357,82.78783096267544,80.24701426332089,79.77648061884835,83.26840110242583,-0.01806672956384825,-0.018231925649237767,0.01977731532379501,0.020896624946225906,79.68236999511718,80.04806861877441,81.52917907714844,0.013852989442984357,0.014819929065121121,2.278380168653385,-1.7995939668245455,11759260.0
2021-09-15,81.09727478027344,81.33667099815268,80.06539778842013,80.06539778842013,11623400,79.41326141357422,80.47815704345703,82.20137023925781,81.51003649771498,81.25413063827068,82.42943488195621,79.2316563290616,80.38735135478403,81.37870938013798,81.21285538039876,80.40386491531257,82.12806641023138,0.021205694574475187,0.02098398272537753,-0.01806672956384825,-0.0022515575464303605,79.98780517578125,80.00060195922852,81.45708572387696,0.016638099784703386,0.015673043573972284,1.2712732097325556,1.0318769918533093,11928760.0
2021-09-16,80.33780670166016,81.38619084821141,79.99935435755843,81.1633082116641,10616700,81.09727478027344,80.1231918334961,82.0466079711914,81.33667099815268,80.88265817310538,82.82039953863594,80.06539778842013,79.85903154522096,81.15063093819897,80.06539778842013,80.09017101020194,81.61490712152467,-0.009364902589772628,-0.009409028999124878,0.021205694574475187,-0.0044107025185636806,80.20573577880859,80.02619209289551,81.38707092285156,0.017426106133640457,0.014551576555192246,1.386836490652982,-0.8255015100039458,12008220.0
2021-09-17,79.87555694580078,81.21286584801274,79.55361174355872,80.16448131985405,16006100,80.33780670166016,79.57009887695312,79.82600402832031,81.38619084821141,81.28714371987527,82.0713694394185,79.99935435755843,79.53707805711878,79.70218382394746,81.1633082116641,80.48640615860498,81.46875678454552,-0.0057538259362241995,-0.005770442964324915,-0.009364902589772628,-0.006903031992189557,80.31965942382813,80.12814254760742,81.3131867980957,0.017859716903658254,0.013378553430942432,1.6592541044540212,-0.2889243740532663,13008240.0
2021-09-20,78.24103546142578,78.62902219543679,77.02754718205586,78.12546574892168,15796100,79.87555694580078,79.24815368652344,77.8365478515625,81.21286584801274,80.58546854729138,78.67855672573356,79.55361174355872,78.71157638632212,76.65608029295805,80.16448131985405,79.1573480065781,78.26580591920161,-0.02046335007697153,-0.02067562532660642,-0.0057538259362241995,-0.004046057438329198,79.79298706054688,80.147953414917,81.18266555786133,0.016621775517367574,0.014244140666963112,1.6014750133809343,0.11556971250409731,13867280.0
2021-09-21,78.29883575439453,79.15735828659587,77.62192460566939,78.89319799192455,10958400,78.24103546142578,79.30593872070312,77.84481811523438,78.62902219543679,80.65150406581725,78.32360434720665,77.02754718205586,79.1573481802917,76.94501792613337,78.12546574892168,80.56895516516144,77.20092145512534,0.0007387465238397617,0.0007384737849415283,-0.02046335007697153,0.0007291656838879224,79.57010192871094,80.07035598754882,81.04987930297851,0.015432002521252267,0.01293245912803333,1.5354336809264737,-0.5943622375300208,13000140.0
2021-09-22,80.60198211669922,81.54305351153613,79.4462785253675,79.4462785253675,13292800,78.29883575439453,80.87439727783203,79.85078430175781,79.15735828659587,81.48526673249727,80.07366699543601,77.62192460566939,80.12318775678771,79.29769336174466,78.89319799192455,80.24701426332089,79.3224574057002,0.029414822584707734,0.028990507379699274,0.0007387465238397617,0.01977731532379501,79.47104339599609,80.06210174560547,80.96885772705077,0.01870454758102367,0.014377498191901929,2.096774986168626,1.155703591331715,13334020.0
2021-09-23,82.59969329833984,82.77304788952117,80.69278649726758,81.09728054335731,10094900,80.60198211669922,79.41326141357422,80.7670669555664,81.54305351153613,81.51003649771498,81.40270666282015,79.4462785253675,79.2316563290616,80.39559378499351,79.4462785253675,81.21285538039876,80.48639945745832,0.024784889021069567,0.024482726196074934,0.029414822584707734,-0.01806672956384825,79.92342071533203,80.12607803344727,80.95971939086914,0.021017499006172863,0.015353741239314165,2.0802613922535897,1.5024127549825295,13229660.0
2021-09-24,83.04547882080078,83.35091675043276,82.26125463947172,82.26125463947172,8225300,82.59969329833984,81.09727478027344,81.3201675415039,82.77304788952117,81.33667099815268,81.49352212847532,80.69278649726758,80.06539778842013,79.84251886427793,81.09728054335731,80.06539778842013,80.25526968032727,0.005396939197471529,0.005382427908735292,0.024784889021069567,0.021205694574475187,80.55740509033203,80.26558876037598,80.97041107177735,0.02006232711198932,0.015020261143727802,1.0896621109610436,0.7842241813290656,11673500.0
2021-09-27,85.00190734863281,85.67056168107892,84.68821268554717,84.68821268554717,12697500,83.04547882080078,80.33780670166016,80.25526428222656,83.35091675043276,81.38619084821141,81.50177342631508,82.26125463947172,79.99935435755843,80.23875072377184,82.26125463947172,81.1633082116641,80.98996018153134,0.023558519447563153,0.02328530030062225,0.005396939197471529,-0.009364902589772628,81.90957946777344,80.44431037902832,81.06388977050781,0.012811725047852086,0.015545665686026687,0.9823489955317513,0.3136946630856414,11053780.0
2021-09-28,85.32386016845703,86.58687682027352,84.92761656294674,85.77788864372107,15560800,85.00190734863281,79.87555694580078,81.42747497558594,85.67056168107892,81.21286584801274,82.10438601617231,84.68821268554717,79.55361174355872,80.94043206868666,84.68821268554717,80.16448131985405,81.0147241874704,0.0037875952418777725,0.003780440363850043,0.023558519447563153,-0.0057538259362241995,83.31458435058593,80.64944801330566,81.20714004516601,0.011897376666222703,0.015507179221791574,1.6592602573267783,-0.4540284752640389,11974260.0
2021-09-29,85.29907989501953,86.05028305889451,84.48182879503426,85.20001743796995,10268100,85.32386016845703,78.24103546142578,81.22110748291016,86.58687682027352,78.62902219543679,81.98056749538628,84.92761656294674,77.02754718205586,80.87439829870296,85.77788864372107,78.12546574892168,81.79895612325551,-0.00029042607060414394,-0.00029046825242271814,0.0037875952418777725,-0.02046335007697153,84.25400390625,80.92021141052246,81.34060928344726,0.011807043166327903,0.0148703395116579,1.5684542638602466,0.09906245704958394,11369320.0
2021-09-30,83.74713897705078,85.3981422593826,83.74713897705078,85.37337821784006,15319800,85.29907989501953,78.29883575439453,79.8838119506836,86.05028305889451,79.15735828659587,81.23764079073467,84.48182879503426,77.62192460566939,79.77649897655536,85.20001743796995,78.89319799192455,81.01475176236458,-0.018194110884651726,-0.018361659092055324,-0.00029042607060414394,0.0007387465238397617,84.48349304199219,81.15713081359863,81.38944442749023,0.014907427898082762,0.015319234932792147,1.6510032823318141,-1.6262392407892747,12414300.0
2021-10-01,86.12459564208984,86.29795024688228,84.10211265668819,84.38278651545566,10854900,83.74713897705078,80.60198211669922,79.00875091552734,85.3981422593826,81.54305351153613,80.1314335035127,83.74713897705078,79.4462785253675,78.8106323111996,85.37337821784006,79.4462785253675,79.95807893746631,0.02838851206237103,0.027993025657172682,-0.018194110884651726,0.029414822584707734,85.09931640625,81.43037223815918,81.50211898803711,0.018900089375503592,0.015861194603000395,2.1958375901940883,1.7418091266341804,12940220.0
2021-10-04,86.44652557373047,87.3875968613786,85.94296911127769,86.67766500605426,13305400,86.12459564208984,82.59969329833984,80.6597671508789,86.29795024688228,82.77304788952117,81.2211085365296,84.10211265668819,80.69278649726758,79.70218849187357,84.38278651545566,81.09728054335731,79.77648061884835,0.003737955798114534,0.0037309870019761283,0.02838851206237103,0.024784889021069567,85.38824005126953,81.72879066467286,81.62058044433594,0.016617597225706996,0.015805279472163276,1.4446277501009064,-0.2311394323237863,13061800.0
2021-10-05,87.38760375976562,88.96430861076945,87.02438102425414,87.53619430628599,13017300,86.44652557373047,83.04547882080078,80.47815704345703,87.3875968613786,83.35091675043276,81.25413063827068,85.94296911127769,82.26125463947172,80.38735135478403,86.67766500605426,82.26125463947172,80.40386491531257,0.010886246495037,0.010827417877129484,0.003737955798114534,0.005396939197471529,85.80098876953124,82.09201126098633,81.72381637573243,0.016949734616539425,0.015762126168473552,1.93992758651531,-0.14859054652036718,12553100.0
2021-10-06,86.6198959350586,86.96660514673448,85.50546987005563,86.0007696436038,10630100,87.38760375976562,85.00190734863281,80.1231918334961,88.96430861076945,85.67056168107892,80.88265817310538,87.02438102425414,84.68821268554717,79.85903154522096,87.53619430628599,84.68821268554717,80.09017101020194,-0.008785088407018415,-0.00882390480035826,0.010886246495037,0.023558519447563153,86.06515197753906,82.4445011138916,81.81723724365234,0.017994297857629345,0.015839005652382387,1.4611352766788457,0.6191262914547906,12625500.0
2021-10-07,87.23899841308594,87.7508116082883,86.85926848041706,87.18121356024668,8830900,86.6198959350586,85.32386016845703,79.57009887695312,86.96660514673448,86.58687682027352,81.28714371987527,85.50546987005563,84.92761656294674,79.53707805711878,86.0007696436038,85.77788864372107,80.48640615860498,0.0071473472848719855,0.0071219260559618166,-0.008785088407018415,0.0037875952418777725,86.76352386474609,82.84404335021972,81.91375411987305,0.013456178533780859,0.01572323123359146,0.8915431278712447,0.05778485283926216,11327720.0
2021-10-08,89.19544982910156,89.50913816778863,87.99846873790612,88.17182331702877,10586700,87.23899841308594,85.29907989501953,79.24815368652344,87.7508116082883,86.05028305889451,80.58546854729138,86.85926848041706,84.48182879503426,78.71157638632212,87.18121356024668,85.20001743796995,79.1573480065781,0.022426339728840228,0.022178566954861305,0.0071473472848719855,-0.00029042607060414394,87.37769470214843,83.33851890563965,82.02675643920898,0.011323343675213744,0.016160445391600012,1.5106694298825118,1.023626512072795,11274080.0
2021-10-11,88.43598937988281,90.49974350214526,88.26263478938209,90.44195863864503,9794800,89.19544982910156,83.74713897705078,79.30593872070312,89.50913816778863,85.3981422593826,80.65150406581725,87.99846873790612,83.74713897705078,79.1573481802917,88.17182331702877,85.37337821784006,80.56895516516144,-0.008514564932111224,-0.00855102092555437,0.022426339728840228,-0.018194110884651726,87.77558746337891,83.71659851074219,82.13695053100587,0.013369101768535677,0.016130744165123452,2.237108712763174,-2.005969258762221,10571960.0
2021-10-12,88.4524917602539,88.80745767634194,87.64349747542178,88.32040849004582,9085000,88.43598937988281,86.12459564208984,80.87439727783203,90.49974350214526,86.29795024688228,81.48526673249727,88.26263478938209,84.10211265668819,80.12318775678771,90.44195863864503,84.38278651545566,80.24701426332089,0.00018660254141789068,0.00018658513332922092,-0.008514564932111224,0.02838851206237103,87.98856506347656,84.16856002807617,82.25040679931641,0.012968058939883481,0.01527430135293453,1.1639602009201582,0.13208327020808497,9785500.0
2021-10-13,88.98081970214844,89.43484181086579,87.8994146035175,88.13880452919751,9220700,88.4524917602539,86.44652557373047,79.41326141357422,88.80745767634194,87.3875968613786,81.51003649771498,87.64349747542178,85.94296911127769,79.2316563290616,88.32040849004582,86.67766500605426,81.21285538039876,0.00597301366395131,0.00595524593399421,0.00018660254141789068,0.003737955798114534,88.46074981689453,84.56273727416992,82.3586279296875,0.011336477327397301,0.014823846858364922,1.5354272073482917,0.8420151729509229,9503620.0
2021-10-14,89.82283020019531,90.1117608086919,89.24498157935737,89.8806150622791,7648600,88.98081970214844,87.38760375976562,81.09727478027344,89.43484181086579,88.96430861076945,81.33667099815268,87.8994146035175,87.02438102425414,80.06539778842013,88.13880452919751,87.53619430628599,80.06539778842013,0.009462831437891728,0.009418339309263613,0.00597301366395131,0.010886246495037,88.9775161743164,85.03698844909668,82.52115692138672,0.011469975611893338,0.014473793131275794,0.8667792293345258,-0.05778486208379263,9267160.0
2021-10-15,90.48322296142578,90.8299320915458,90.33463243450622,90.61529993086714,9968100,89.82283020019531,86.6198959350586,80.33780670166016,90.1117608086919,86.96660514673448,81.38619084821141,89.24498157935737,85.50546987005563,79.99935435755843,89.8806150622791,86.0007696436038,81.1633082116641,0.0073521704867081095,0.007325275027490485,0.009462831437891728,-0.008785088407018415,89.23507080078124,85.56737174987794,82.68174392700195,0.007245524320433292,0.014222701885659788,0.4952996570395811,-0.13207696944135705,9143440.0
2021-10-18,90.44195556640624,91.14363698260216,89.94665585350374,90.9867896592533,10677400,90.48322296142578,87.23899841308594,79.87555694580078,90.8299320915458,87.7508116082883,81.21286584801274,90.33463243450622,86.85926848041706,79.55361174355872,90.61529993086714,87.18121356024668,80.16448131985405,-0.00045607786359624924,-0.0004561818987383666,0.0073521704867081095,0.0071473472848719855,89.63626403808594,86.17741775512695,82.82977645874024,0.004418777497730867,0.0128775246016513,1.1969811290984183,-0.5448340928470685,9319960.0
2021-10-19,92.2085189819336,92.2085189819336,90.6400711031864,90.93725215976684,10362800,90.44195556640624,89.19544982910156,78.24103546142578,91.14363698260216,89.50913816778863,78.62902219543679,89.94665585350374,87.99846873790612,77.02754718205586,90.9867896592533,88.17182331702877,78.12546574892168,0.0195325654389491,0.01934425308126781,-0.00045607786359624924,0.022426339728840228,90.38746948242188,86.8729019165039,83.04083404541015,0.007253934734503078,0.013054186161454961,1.5684478787471932,1.2712668221667514,9575520.0
2021-10-20,93.41375732421876,93.42200780500644,91.44905962751882,91.70496308962936,10811400,92.2085189819336,88.43598937988281,78.29883575439453,92.2085189819336,90.49974350214526,79.15735828659587,90.6400711031864,88.26263478938209,77.62192460566939,90.93725215976684,90.44195863864503,78.89319799192455,0.013070791675130478,0.012986106018443211,0.0195325654389491,-0.008514564932111224,91.27405700683593,87.51349067687988,83.2461849975586,0.0073605928561012845,0.012141834639317626,1.9729481774876234,1.708794234589405,9893660.0
2021-10-21,92.24153900146484,93.12482538475273,91.52335670267,93.04227649154464,9372600,93.41375732421876,88.4524917602539,80.60198211669922,93.42200780500644,88.80745767634194,81.54305351153613,91.44905962751882,87.64349747542178,79.4462785253675,91.70496308962936,88.32040849004582,79.4462785253675,-0.012548669021902326,-0.01262806850688056,0.013070791675130478,0.00018660254141789068,91.75779876708984,87.99558296203614,83.41554809570313,0.012438139968593744,0.012209800088476146,1.601468682082725,-0.800737490079797,10238460.0
2021-10-22,93.1165771484375,93.18261248574947,92.0021450199987,92.63778473898287,8673800,92.24153900146484,88.98081970214844,82.59969329833984,93.12482538475273,89.43484181086579,82.77304788952117,91.52335670267,87.8994146035175,80.69278649726758,93.04227649154464,88.13880452919751,81.09728054335731,0.009486378441265542,0.009441665308015499,-0.012548669021902326,0.00597301366395131,92.28446960449219,88.49913787841797,83.60583282470704,0.012558342562081014,0.012240319949206359,1.1804674657507803,0.478792409454627,9979600.0
2021-10-25,93.9833526611328,94.39610344690684,93.52933057562768,93.71919241016052,9579800,93.1165771484375,89.82283020019531,83.04547882080078,93.18261248574947,90.1117608086919,83.35091675043276,92.0021450199987,89.24498157935737,82.26125463947172,92.63778473898287,89.8806150622791,82.26125463947172,0.009308498435392165,0.00926544135542759,0.009486378441265542,0.009462831437891728,92.9927490234375,88.94821014404297,83.82453033447266,0.012089433209024034,0.011548002594251417,0.8667728712791529,0.2641602509722816,9760080.0
2021-10-26,94.1897430419922,94.60249389344534,93.702700060355,94.09068686841348,7463000,93.9833526611328,90.48322296142578,85.00190734863281,94.39610344690684,90.8299320915458,85.67056168107892,93.52933057562768,90.33463243450622,84.68821268554717,93.71919241016052,90.61529993086714,84.68821268554717,0.0021960312652771208,0.0021936235129733127,0.009308498435392165,0.0073521704867081095,93.38899383544921,89.39150428771973,84.06429779052735,0.010212916610937811,0.01156298129045005,0.8997938330903423,0.09905617357871677,9180120.0
2021-10-27,92.5139617919922,93.76047094089428,92.16725264003072,93.4632898683338,9096100,94.1897430419922,90.44195556640624,85.32386016845703,94.60249389344534,91.14363698260216,86.58687682027352,93.702700060355,89.94665585350374,84.92761656294674,94.09068686841348,90.9867896592533,85.77788864372107,-0.01779154710351949,-0.0179517193292352,0.0021960312652771208,-0.00045607786359624924,93.2090347290039,89.75224838256835,84.27364486694336,0.012629216157136176,0.012601463759924762,1.5932183008635548,-0.949328076341601,8837060.0
2021-10-28,93.38074493408205,93.50456513784084,92.1094716915126,92.1094716915126,7538200,92.5139617919922,92.2085189819336,85.29907989501953,93.76047094089428,92.2085189819336,86.05028305889451,92.16725264003072,90.6400711031864,84.48182879503426,93.4632898683338,90.93725215976684,85.20001743796995,0.00936921438991778,0.00932559553869139,-0.01779154710351949,0.0195325654389491,93.43687591552734,90.23392868041992,84.54473968505859,0.011770615758448537,0.011487994722269489,1.3950934463282465,1.2712732425694497,8470180.0
2021-10-29,94.5116729736328,95.1720767487784,93.40550389305272,94.79234678239668,15294200,93.38074493408205,93.41375732421876,83.74713897705078,93.50456513784084,93.42200780500644,85.3981422593826,92.1094716915126,91.44905962751882,83.74713897705078,92.1094716915126,91.70496308962936,85.37337821784006,0.012110934008387808,0.012038183442959151,0.00936921438991778,0.013070791675130478,93.71589508056641,90.65328254699708,84.8782421875,0.012209632465059003,0.010297614688728546,1.76657285572567,-0.28067380876387915,9794260.0
2021-11-01,94.54468536376952,95.00696418631412,94.1484481724675,94.9574361119205,11213800,94.5116729736328,92.24153900146484,86.12459564208984,95.1720767487784,93.12482538475273,86.29795024688228,93.40550389305272,91.52335670267,84.10211265668819,94.79234678239668,93.04227649154464,84.38278651545566,0.0003492943156970796,0.0003492333266392646,0.012110934008387808,-0.012548669021902326,93.82816162109376,91.05819053649903,85.2122395324707,0.011706496488650214,0.010342189060611772,0.858516013846625,-0.4127507481509838,10121060.0
2021-11-02,93.9668426513672,94.26402371227508,93.45502942467536,94.2557669333396,9189700,94.54468536376952,93.1165771484375,86.44652557373047,95.00696418631412,93.18261248574947,87.3875968613786,94.1484481724675,92.0021450199987,85.94296911127769,94.9574361119205,92.63778473898287,86.67766500605426,-0.00611184764303796,-0.006130601436442189,0.0003492943156970796,0.009486378441265542,93.78358154296875,91.3871524810791,85.4945606994629,0.01212035975023587,0.010490428740978627,0.8089942875997167,-0.28892428197239894,10466400.0
2021-11-03,93.28993225097656,93.50455812010196,92.4314098802439,92.67905656725252,10416000,93.9668426513672,93.9833526611328,87.38760375976562,94.26402371227508,94.39610344690684,88.96430861076945,93.45502942467536,93.52933057562768,87.02438102425414,94.2557669333396,93.71919241016052,87.53619430628599,-0.007203715494646268,-0.007229787538958367,-0.00611184764303796,0.009308498435392165,93.93877563476562,91.720654296875,85.7450180053711,0.00879388817318969,0.010397010289320392,1.0731482398580567,0.6108756837240463,10730380.0
2021-11-04,93.70269012451172,94.32181633604186,93.2073904149031,94.28879551565764,9673000,93.28993225097656,94.1897430419922,86.6198959350586,93.50455812010196,94.60249389344534,86.96660514673448,92.4314098802439,93.702700060355,85.50546987005563,92.67905656725252,94.09068686841348,86.0007696436038,0.004424463214580454,0.004414704052658563,-0.007203715494646268,0.0021960312652771208,94.00316467285157,92.0438388824463,85.99266845703124,0.0079541351956493,0.010368207894117198,1.1144259211387606,-0.5861053911459209,11157340.0
2021-11-05,94.71804809570312,94.97395786433198,94.04939384138306,94.33006135126853,8102100,93.70269012451172,92.5139617919922,87.23899841308594,94.32181633604186,93.76047094089428,87.7508116082883,93.2073904149031,92.16725264003072,86.85926848041706,94.28879551565764,93.4632898683338,87.18121356024668,0.010835953267106957,0.010777665019940366,0.004424463214580454,-0.01779154710351949,94.04443969726563,92.31996879577636,86.28192413330078,0.007505187211284366,0.00955435366295295,0.924564022948914,0.387986744434599,9718920.0
2021-11-08,95.05652618408205,95.74994461941994,94.6767961411953,95.00699179721616,7695900,94.71804809570312,93.38074493408205,89.19544982910156,94.97395786433198,93.50456513784084,89.50913816778863,94.04939384138306,92.1094716915126,87.99846873790612,94.33006135126853,92.1094716915126,88.17182331702877,0.0035735331880670795,0.0035671632891967706,0.010835953267106957,0.00936921438991778,94.14680786132813,92.65099563598633,86.5545051574707,0.007630884253256285,0.009158308146950624,1.0731484782246383,0.049534386865886404,9015340.0
2021-11-09,95.75818634033205,95.85724880040576,94.4869131107342,95.15556739651898,10945900,95.05652618408205,94.5116729736328,88.43598937988281,95.74994461941994,95.1720767487784,90.49974350214526,94.6767961411953,93.40550389305272,88.26263478938209,95.00699179721616,94.79234678239668,90.44195863864503,0.007381504294520447,0.007354394318225123,0.0035735331880670795,0.012110934008387808,94.50507659912111,93.01628036499024,86.84524673461914,0.0067796530154693255,0.009156164405892788,1.370335689671549,0.60261894381307,9366580.0
2021-11-10,94.23101043701172,95.93154174537143,93.826516409874,95.56006853854171,10305100,95.75818634033205,94.54468536376952,88.4524917602539,95.85724880040576,95.00696418631412,88.80745767634194,94.4869131107342,94.1484481724675,87.64349747542178,95.15556739651898,94.9574361119205,88.32040849004582,-0.015948254260921613,-0.016076796179328702,0.007381504294520447,0.0003492943156970796,94.69329223632813,93.2787899017334,87.1321907043457,0.010458420519629757,0.01016592806228665,2.10502533549743,-1.329058101529995,9344400.0
2021-11-11,94.23927307128906,94.66027438569704,93.75222381408425,93.77698785633436,7317500,94.23101043701172,93.9668426513672,88.98081970214844,95.93154174537143,94.26402371227508,89.43484181086579,93.826516409874,93.45502942467536,87.8994146035175,95.56006853854171,94.2557669333396,88.13880452919751,8.768487400301339e-05,8.768102990915988e-05,-0.015948254260921613,-0.00611184764303796,94.80060882568361,93.49961204528809,87.43680114746094,0.01039224652569523,0.010063976652508187,0.9080505716127902,0.4622852149547043,8873300.0
2021-11-12,94.29705047607422,94.36308581749122,93.76872365819644,93.94208453638858,8682800,94.23927307128906,93.28993225097656,89.82283020019531,94.66027438569704,93.50455812010196,90.1117608086919,93.75222381408425,92.4314098802439,89.24498157935737,93.77698785633436,92.67905656725252,89.8806150622791,0.0006130926407024173,0.00061290477619102,8.768487400301339e-05,-0.007203715494646268,94.71640930175782,93.6903034210205,87.70954681396485,0.008920511803199428,0.010003877749930903,0.5943621592947892,0.3549659396856413,8989440.0
2021-11-15,96.43509674072266,96.54240968150454,94.33006513973132,94.89140648012383,11050400,94.29705047607422,93.70269012451172,90.48322296142578,94.36308581749122,94.32181633604186,90.8299320915458,93.76872365819644,93.2073904149031,90.33463243450622,93.94208453638858,94.28879551565764,90.61529993086714,0.02267352217120422,0.02242029837167143,0.0006130926407024173,0.004424463214580454,94.99212341308593,93.98996047973633,88.02868560791016,0.013959341789221284,0.0109803987085065,2.21234454177322,1.5436902605988223,9660340.0
2021-11-16,96.81482696533205,97.47523076678009,96.46811780370663,96.67449320439948,10566300,96.43509674072266,94.71804809570312,90.44195556640624,96.54240968150454,94.97395786433198,91.14363698260216,94.33006513973132,94.04939384138306,89.94665585350374,94.89140648012383,94.33006135126853,90.9867896592533,0.003937676607826068,0.003929944250992501,0.02267352217120422,0.010835953267106957,95.20345153808594,94.22027587890625,88.36251831054688,0.013770416244819233,0.010297274531290736,1.0071129630734532,0.14033376093256322,9584420.0
2021-11-17,96.380615234375,97.30751302880763,95.74598744624788,95.92134562750954,11108000,96.81482696533205,95.05652618408205,92.2085189819336,97.47523076678009,95.74994461941994,92.2085189819336,96.46811780370663,94.6767961411953,90.6400711031864,96.67449320439948,95.00699179721616,90.93725215976684,-0.0044849714095189785,-0.004495059066994641,0.003937676607826068,0.0035735331880670795,95.6333724975586,94.36861877441406,88.69872863769531,0.010557911892113492,0.010094176930782144,1.561525582559753,0.4592696068654618,9745000.0
2021-11-18,95.57061767578124,96.34720750517644,94.70217902672364,95.90463597127138,8368600,96.380615234375,95.75818634033205,93.41375732421876,97.30751302880763,95.85724880040576,93.42200780500644,95.74598744624788,94.4869131107342,91.44905962751882,95.92134562750954,95.15556739651898,91.70496308962936,-0.008404154265087893,-0.008439668286400094,-0.0044849714095189785,0.007381504294520447,95.89964141845704,94.53507270812989,89.02517791748046,0.012037599110386975,0.009827158708767464,1.6450284784528009,-0.3340182954901394,9955220.0
2021-11-19,93.44960021972656,94.48505103601325,92.7732115277741,93.95062439722862,13532600,95.57061767578124,94.23101043701172,92.24153900146484,96.34720750517644,95.93154174537143,93.12482538475273,94.70217902672364,93.826516409874,91.52335670267,95.90463597127138,95.56006853854171,93.04227649154464,-0.022193196064193343,-0.0224431704492359,-0.008404154265087893,-0.015948254260921613,95.7301513671875,94.55172386169434,89.30805114746094,0.016571999342832308,0.011008558387808998,1.7118395082391515,-0.5010241775020603,10925180.0
2021-11-22,95.11970520019533,96.18855870409377,93.3995131196687,93.54146883202752,9947100,93.44960021972656,94.23927307128906,93.1165771484375,94.48505103601325,94.66027438569704,93.18261248574947,92.7732115277741,93.75222381408425,92.0021450199987,93.95062439722862,93.77698785633436,92.63778473898287,0.01787171883605576,0.01771389725685158,-0.022193196064193343,8.768487400301339e-05,95.46707305908203,94.60854148864746,89.5929573059082,0.01485725618793827,0.011533971628784419,2.789045584425068,1.5782363681678078,10704520.0
2021-11-23,97.11542510986328,97.56634235976156,96.07996803809004,96.18852761787848,10366800,95.11970520019533,94.29705047607422,93.9833526611328,96.18855870409377,94.36308581749122,94.39610344690684,93.3995131196687,93.76872365819644,93.52933057562768,93.54146883202752,93.94208453638858,93.71919241016052,0.020981140610850657,0.020764067524025098,0.01787171883605576,0.0006130926407024173,95.52719268798828,94.75482559204102,89.94700057983398,0.018303318917378096,0.012397791748129888,1.4863743216715193,0.9268974919848034,10664620.0
2021-11-24,97.858642578125,98.5350250333196,97.43276907591724,97.54132231845794,8500900,97.11542510986328,96.43509674072266,94.1897430419922,97.56634235976156,96.54240968150454,94.60249389344534,96.07996803809004,94.33006513973132,93.702700060355,96.18852761787848,94.89140648012383,94.09068686841348,0.007652929155393728,0.007623794044611099,0.020981140610850657,0.02267352217120422,95.82279815673829,95.02205963134766,90.28222793579101,0.01823955864969487,0.01158140758268928,1.1022559574023632,0.31732025966705635,10143200.0
2021-11-26,95.62071228027344,95.8879256081726,94.05082840435614,94.65205998484632,11861800,97.858642578125,96.81482696533205,92.5139617919922,98.5350250333196,97.47523076678009,93.76047094089428,97.43276907591724,96.46811780370663,92.16725264003072,97.54132231845794,96.67449320439948,93.4632898683338,-0.02286901022630594,-0.023134562463046692,0.007652929155393728,0.003937676607826068,95.83281707763672,95.13405799865723,90.58788604736328,0.021408448767024364,0.012808546450677149,1.8370972038164552,0.9686522954271197,10841840.0
2021-11-29,95.9046401977539,97.84193875192976,95.78773474481072,97.14885187314576,12003800,95.62071228027344,96.380615234375,93.38074493408205,95.8879256081726,97.30751302880763,93.50456513784084,94.05082840435614,95.74598744624788,92.1094716915126,94.65205998484632,95.92134562750954,92.1094716915126,0.002969313977166932,0.0029649142716724392,-0.02286901022630594,-0.0044849714095189785,96.32382507324219,95.20370635986328,90.90846771240234,0.01738106400878339,0.012561827060530639,2.05420400711904,-1.2442116753918526,10536080.0
2021-11-30,94.25125122070312,96.74802656357464,93.89218268343112,94.73557103887444,24451200,95.9046401977539,95.57061767578124,94.5116729736328,97.84193875192976,96.34720750517644,95.1720767487784,95.78773474481072,94.70217902672364,93.40550389305272,97.14885187314576,95.90463597127138,94.79234678239668,-0.017239926802723238,-0.01739026472274997,0.002969313977166932,-0.008404154265087893,96.15013427734375,95.18903465270996,91.22867202758789,0.018119949151694775,0.013195289584020655,2.8558438801435244,-0.48431981817131486,13436900.0
2021-12-01,93.6082763671875,96.91504437574106,93.59992415714945,95.98814655847193,12302700,94.25125122070312,93.44960021972656,94.54468536376952,96.74802656357464,94.48505103601325,95.00696418631412,93.89218268343112,92.7732115277741,94.1484481724675,94.73557103887444,93.95062439722862,94.9574361119205,-0.006821923796109686,-0.006845299490377897,-0.017239926802723238,-0.022193196064193343,95.44870452880859,95.17110633850098,91.53486083984374,0.012946682543970422,0.013213337136832334,3.315120218591616,-2.379870191284425,13824080.0
2021-12-02,96.14678955078124,96.61441129561778,93.46630398478308,94.5685597910895,11392400,93.6082763671875,95.11970520019533,93.9668426513672,96.91504437574106,96.18855870409377,94.26402371227508,93.59992415714945,93.3995131196687,93.45502942467536,95.98814655847193,93.54146883202752,94.2557669333396,0.02711846945708274,0.02675727916900486,-0.006821923796109686,0.01787171883605576,95.10633392333985,95.3139492034912,91.8457569885254,0.019711898114874123,0.014417265088297118,3.1481073108347033,1.5782297596917374,14402380.0
2021-12-03,95.53722381591795,97.69998102153995,94.85248279015988,97.4828681687598,10445100,96.14678955078124,97.11542510986328,93.28993225097656,96.61441129561778,97.56634235976156,93.50455812010196,93.46630398478308,96.07996803809004,92.4314098802439,94.5685597910895,96.18852761787848,92.67905656725252,-0.006339948923009375,-0.006360131749798877,0.02711846945708274,0.020981140610850657,95.08963623046876,95.40567588806152,92.10450759887695,0.01679402544626092,0.014507233133786001,2.8474982313800723,-1.945644352841839,14119040.0
2021-12-06,97.03194427490234,98.07574748943816,96.07165041422478,96.83153584155484,9833900,95.53722381591795,97.858642578125,93.70269012451172,97.69998102153995,98.5350250333196,94.32181633604186,94.85248279015988,97.43276907591724,93.2073904149031,97.4828681687598,97.54132231845794,94.28879551565764,0.015645424885534,0.015524296990274496,-0.006339948923009375,0.007652929155393728,95.31509704589844,95.52137069702148,92.38423690795898,0.01825907377621887,0.014715998094214587,2.00409707521338,0.2004084333475049,13685060.0
2021-12-07,98.4682159423828,99.08615201625412,97.90038675368996,97.90038675368996,11419600,97.03194427490234,95.62071228027344,94.71804809570312,98.07574748943816,95.8879256081726,94.97395786433198,96.07165041422478,94.05082840435614,94.04939384138306,96.83153584155484,94.65205998484632,94.33006135126853,0.01480204976014221,0.014693568607073411,0.015645424885534,-0.02286901022630594,96.15848999023436,95.69195518493652,92.65356307983399,0.014930511278778869,0.015017978787111428,1.1857652625641606,0.5678291886928406,11078740.0
2021-12-08,98.91078186035156,99.58717061948232,98.2511038898239,98.86068134888583,8827900,98.4682159423828,95.9046401977539,95.05652618408205,99.08615201625412,97.84193875192976,95.74994461941994,97.90038675368996,95.78773474481072,94.6767961411953,97.90038675368996,97.14885187314576,95.00699179721616,0.004494505295269402,0.00448443516856244,0.01480204976014221,0.002969313977166932,97.21899108886717,95.8495849609375,92.92530151367187,0.01263657467634731,0.014976047944005727,1.3360667296584268,0.050100511465728914,10383780.0
2021-12-09,98.65193939208984,99.03605825137764,98.18431754093425,98.40977625606428,8334700,98.91078186035156,94.25125122070312,95.75818634033205,99.58717061948232,96.74802656357464,95.85724880040576,98.2511038898239,93.89218268343112,94.4869131107342,98.86068134888583,94.73557103887444,95.15556739651898,-0.0026169287452116885,-0.0026203588888416202,0.004494505295269402,-0.017239926802723238,97.72002105712889,96.07063140869141,93.19235870361328,0.009950863469806543,0.014434824359238287,0.8517407104433943,0.24216313602556738,9772240.0
2021-12-10,98.81893157958984,99.53706867695873,97.59142439168022,99.31160999330524,9090700,98.65193939208984,93.6082763671875,94.23101043701172,99.03605825137764,96.91504437574106,95.93154174537143,98.18431754093425,93.59992415714945,93.826516409874,98.40977625606428,95.98814655847193,95.56006853854171,0.001692741050292934,0.0016913099788891984,-0.0026169287452116885,-0.006821923796109686,98.37636260986328,96.29961433410645,93.49379455566407,0.008098645338294583,0.0144257868564755,1.9456442852785045,-0.4926784137153959,9501360.0
2021-12-13,96.76473236083984,98.4097672710063,96.53927366629476,98.08410117284708,8533000,98.81893157958984,96.14678955078124,94.23927307128906,99.53706867695873,96.61441129561778,94.66027438569704,97.59142439168022,93.46630398478308,93.75222381408425,99.31160999330524,94.5685597910895,93.77698785633436,-0.020787506866490668,-0.0210066087949362,0.001692741050292934,0.02711846945708274,98.32292022705079,96.42299842834473,93.70659729003906,0.013038105740765365,0.015336066960719043,1.870493604711541,-1.3193688120072409,9241180.0
2021-12-14,97.0486297607422,97.63315689849878,96.4223479542024,96.6478066013748,12245300,96.76473236083984,95.53722381591795,94.29705047607422,98.4097672710063,97.69998102153995,94.36308581749122,96.53927366629476,94.85248279015988,93.76872365819644,98.08410117284708,97.4828681687598,93.94208453638858,0.002933893299510215,0.002929597834137562,-0.020787506866490668,-0.006339948923009375,98.03900299072265,96.4536750793457,93.9186393737793,0.010366290670405176,0.014508025362879108,1.2108089442963887,0.4008231593674054,9406320.0
2021-12-15,96.4975128173828,97.13214692461317,95.1530938331697,97.13214692461317,11069500,97.0486297607422,97.03194427490234,96.43509674072266,97.63315689849878,98.07574748943816,96.54240968150454,96.4223479542024,96.07165041422478,94.33006513973132,96.6478066013748,96.83153584155484,94.89140648012383,-0.00567877099056513,-0.005694956515559118,0.002933893299510215,0.015645424885534,97.55634918212891,96.43780937194825,94.10083755493164,0.009527139059464071,0.014544514001795229,1.9790530914434612,-0.6346341072303687,9854640.0
2021-12-16,97.39935302734376,98.69367140201462,96.79812143061584,97.02358646482304,11344700,96.4975128173828,98.4682159423828,96.81482696533205,97.13214692461317,99.08615201625412,97.47523076678009,95.1530938331697,97.90038675368996,96.46811780370663,97.13214692461317,97.90038675368996,96.67449320439948,0.009345735279909784,0.009302334097037238,-0.00567877099056513,0.01480204976014221,97.30583190917969,96.48874626159667,94.31642669677734,0.01153218543043173,0.014651639898069104,1.8955499713987791,0.3757665625207238,10456640.0
2021-12-17,94.86083221435548,97.24905441220452,94.80237949080822,96.7981306716104,22727900,97.39935302734376,98.91078186035156,96.380615234375,98.69367140201462,99.58717061948232,97.30751302880763,96.79812143061584,98.2511038898239,95.74598744624788,97.02358646482304,98.86068134888583,95.92134562750954,-0.02606301514421372,-0.026408674705880854,0.009345735279909784,0.004494505295269402,96.51421203613282,96.4532569885254,94.46886337280273,0.01512938399849749,0.015717862967652985,2.446674921396294,-1.9372984572549115,13184080.0
2021-12-20,94.90258026123048,94.95268077195176,92.464257719476,93.40785343964896,13464400,94.86083221435548,98.65193939208984,95.57061767578124,97.24905441220452,99.03605825137764,96.34720750517644,94.80237949080822,98.18431754093425,94.70217902672364,96.7981306716104,98.40977625606428,95.90463597127138,0.0004400978349068385,0.0004400010202589301,-0.02606301514421372,-0.0026169287452116885,96.14178161621095,96.52590599060059,94.58300598144531,0.013558259761935452,0.014845810578762502,2.488423052475767,1.4947268215815228,14170360.0
2021-12-21,96.42237091064452,96.92339520098768,95.43702037892622,95.55392583431065,11368200,94.90258026123048,98.81893157958984,93.44960021972656,94.95268077195176,99.53706867695873,94.48505103601325,92.464257719476,97.59142439168022,92.7732115277741,93.40785343964896,99.31160999330524,93.95062439722862,0.016014218425153715,0.015887343571314435,0.0004400978349068385,0.001692741050292934,96.0165298461914,96.59103927612304,94.74273361206055,0.016189966045106096,0.01473932167800367,1.4863748220614639,0.8684450763338702,13994940.0
2021-12-22,96.97347259521484,97.43274846818788,95.53720500427764,96.38059324974743,8345200,96.42237091064452,96.76473236083984,95.11970520019533,96.92339520098768,98.4097672710063,96.18855870409377,95.43702037892622,96.53927366629476,93.3995131196687,95.55392583431065,98.08410117284708,93.54146883202752,0.005715496096658335,0.005699224619113564,0.016014218425153715,-0.020787506866490668,96.11172180175782,96.58394165039063,94.91315322875977,0.01620179988239923,0.014015851355379486,1.8955434639102435,0.5928793454674093,13450080.0
2021-12-23,97.2072982788086,98.4682078381916,97.19894607015476,97.2908012527414,7416600,96.97347259521484,97.0486297607422,97.11542510986328,97.43274846818788,97.63315689849878,97.56634235976156,95.53720500427764,96.4223479542024,96.07996803809004,96.38059324974743,96.6478066013748,96.18852761787848,0.0024112334779406996,0.002408331119071776,0.005715496096658335,0.002933893299510215,96.07331085205078,96.5513744354248,95.07768280029296,0.015604256888662741,0.013914257034376905,1.2692617680368414,-0.08350297393280925,12664460.0
2021-12-27,99.1947021484375,99.21975240480786,96.3722607120261,96.9233854647808,7745500,97.2072982788086,96.4975128173828,97.858642578125,98.4682078381916,97.13214692461317,98.5350250333196,97.19894607015476,95.1530938331697,97.43276907591724,97.2908012527414,97.13214692461317,97.54132231845794,0.020445006751742767,0.020238813282399164,0.0024112334779406996,-0.00567877099056513,96.9400848388672,96.73007392883301,95.26512023925781,0.008770106030787289,0.013573703784507857,2.847491692781759,2.271316683656707,9667980.0
2021-12-28,99.00264739990234,99.65397960055392,98.56842805642442,99.086156755571,6516000,99.1947021484375,97.39935302734376,95.62071228027344,99.21975240480786,98.69367140201462,95.8879256081726,96.3722607120261,96.79812143061584,94.05082840435614,96.9233854647808,97.02358646482304,94.65205998484632,-0.0019361391725110089,-0.0019380159127701455,0.020445006751742767,0.009345735279909784,97.76009826660156,96.88497428894043,95.43550872802734,0.009392573082953153,0.013598119363700874,1.0855515441295012,-0.08350935566865303,8278300.0
2021-12-29,98.49327087402344,99.07780450914072,97.94214607785672,98.60183048800474,6957400,99.00264739990234,94.86083221435548,95.9046401977539,99.65397960055392,97.24905441220452,97.84193875192976,98.56842805642442,94.80237949080822,95.78773474481072,99.086156755571,96.7981306716104,97.14885187314576,-0.005145079846414324,-0.005158361345562701,-0.0019361391725110089,-0.02606301514421372,98.17427825927734,97.09707527160644,95.59653503417968,0.00992888788193465,0.012966764315281768,1.135658431284,-0.10855961398129921,7396140.0
2021-12-30,98.05904388427734,99.1111992487482,97.98388674423784,98.64357110294512,6016000,98.49327087402344,94.90258026123048,94.25125122070312,99.07780450914072,94.95268077195176,96.74802656357464,97.94214607785672,92.464257719476,93.89218268343112,98.60183048800474,93.40785343964896,94.73557103887444,-0.004408697019530283,-0.004418443982389063,-0.005145079846414324,0.0004400978349068385,98.39139251708984,97.31961364746094,95.71354553222656,0.010578643270420697,0.012888567437552149,1.1273125045103711,-0.5845272186677732,6930300.0
2021-12-31,97.99225616455078,98.61018595722749,97.80854575759744,98.01730642534078,5706600,98.05904388427734,96.42237091064452,93.6082763671875,99.1111992487482,96.92339520098768,96.91504437574106,97.98388674423784,95.43702037892622,93.59992415714945,98.64357110294512,95.55392583431065,95.98814655847193,-0.000681096990965746,-0.00068132904289386,-0.004408697019530283,0.016014218425153715,98.54838409423829,97.41188697814941,95.8051155090332,0.010658652479298737,0.011508047553403131,0.8016401996300431,-0.02505026078999606,6588300.0
2022-01-03,99.58715057373048,99.94621903231874,97.94211615579972,98.05066936574782,10717700,97.99225616455078,96.97347259521484,96.14678955078124,98.61018595722749,97.43274846818788,96.61441129561778,97.80854575759744,95.53720500427764,93.46630398478308,98.01730642534078,96.38059324974743,94.5685597910895,0.016275718833348662,0.0161446891447427,-0.000681096990965746,0.005715496096658335,98.62687377929687,97.61438331604003,95.95202774047851,0.008826809809287009,0.011853329108560287,2.0041028765190134,1.5364812079826606,7182740.0
2022-01-04,101.39922332763672,101.85849930668566,99.92120072656284,100.16335747456742,16413100,99.58715057373048,97.2072982788086,95.53722381591795,99.94621903231874,98.4682078381916,97.69998102153995,97.94211615579972,97.19894607015476,94.85248279015988,98.05066936574782,97.2908012527414,97.4828681687598,0.018195848997252462,0.01803228567289,0.016275718833348662,0.0024112334779406996,99.10618896484375,97.83274726867675,96.1176806640625,0.011455095225109159,0.012018779473256622,1.937298580122814,1.2358658530692992,9162160.0
2022-01-05,102.05889129638672,103.4116560150448,101.93363365221175,102.07558934253812,15487100,101.39922332763672,99.1947021484375,97.03194427490234,101.85849930668566,99.21975240480786,98.07574748943816,99.92120072656284,96.3722607120261,96.07165041422478,100.16335747456742,96.9233854647808,96.83153584155484,0.006505651099698362,0.006484580686714662,0.018195848997252462,0.020445006751742767,99.8193130493164,98.01228103637695,96.27919143676758,0.01000787801622132,0.011702581829017606,1.4780223628330447,-0.016698046151404355,10868100.0
2022-01-06,102.9273452758789,103.81248832970088,101.57457406741314,103.2279610999824,13318500,102.05889129638672,99.00264739990234,98.4682159423828,103.4116560150448,99.65397960055392,99.08615201625412,101.93363365221175,98.56842805642442,97.90038675368996,102.07558934253812,99.086156755571,97.90038675368996,0.008509341699295181,0.008473341333328752,0.006505651099698362,-0.0019361391725110089,100.79297332763672,98.21310920715332,96.45394348144531,0.007661422413204561,0.01178434307916916,2.2379142622877453,-0.3006158241034882,12328600.0
2022-01-07,104.4053726196289,104.83124611870764,102.66848252652323,103.16951317055434,14164600,102.9273452758789,98.49327087402344,98.91078186035156,103.81248832970088,99.07780450914072,99.58717061948232,101.57457406741314,97.94214607785672,98.2511038898239,103.2279610999824,98.60183048800474,98.86068134888583,0.014359909310673435,0.014257782341231462,0.008509341699295181,-0.005145079846414324,102.07559661865234,98.50078086853027,96.69177169799805,0.0050411553066601255,0.012038539653890274,2.1627635921844046,1.2358594490745674,14020200.0
2022-01-10,104.47216796875,104.95649414907548,103.4283648409117,104.50557043334508,12626100,104.4053726196289,98.05904388427734,98.65193939208984,104.83124611870764,99.1111992487482,99.03605825137764,102.66848252652323,97.98388674423784,98.18431754093425,103.16951317055434,98.64357110294512,98.40977625606428,0.0006397692709210201,0.0006395647058060123,0.014359909310673435,-0.004408697019530283,103.05260009765625,98.78344268798828,96.91360015869141,0.006848115766901546,0.012046430479775248,1.5281293081637841,-0.03340246459508478,14401880.0
2022-01-11,106.86038970947266,106.8854399651255,104.23835676999768,105.09844952537806,14609000,104.47216796875,97.99225616455078,98.81893157958984,104.95649414907548,98.61018595722749,99.53706867695873,103.4283648409117,97.80854575759744,97.59142439168022,104.50557043334508,98.01730642534078,99.31160999330524,0.022859884954594012,0.022602512735178003,0.0006397692709210201,-0.000681096990965746,104.14483337402343,99.28822555541993,97.1605744934082,0.008437702458696463,0.011478177029392973,2.64708319512782,1.7619401840945983,14041060.0
2022-01-12,106.32596588134766,107.24450501073034,105.607828802582,106.87709063315104,12469200,106.86038970947266,99.58715057373048,96.76473236083984,106.8854399651255,99.94621903231874,98.4097672710063,104.23835676999768,97.94211615579972,96.53927366629476,105.09844952537806,98.05066936574782,98.08410117284708,-0.005001140549627081,-0.005013688105233505,0.022859884954594012,0.016275718833348662,104.99824829101563,99.7520923614502,97.39620010375977,0.01100400554570555,0.011689884497257384,1.6366762081483301,-0.5511247518033855,13437480.0
2022-01-13,105.88338470458984,106.96894243277244,105.59111475178574,106.16729607822232,9691300,106.32596588134766,101.39922332763672,97.0486297607422,107.24450501073034,101.85849930668566,97.63315689849878,105.607828802582,99.92120072656284,96.4223479542024,106.87709063315104,100.16335747456742,96.6478066013748,-0.004162493828193448,-0.00417118112121149,-0.005001140549627081,0.018195848997252462,105.5894561767578,100.22138595581055,97.63453094482422,0.012317032230640268,0.011624171498104609,1.377827680986698,-0.28391137363247765,12712040.0
2022-01-14,107.68708801269533,107.88749006097272,105.84999066277076,105.84999066277076,13281000,105.88338470458984,102.05889129638672,96.4975128173828,106.96894243277244,103.4116560150448,97.13214692461317,105.59111475178574,101.93363365221175,95.1530938331697,106.16729607822232,102.07558934253812,97.13214692461317,0.017034809693114106,0.016891344300835623,-0.004162493828193448,0.006505651099698362,106.2457992553711,100.73577270507812,97.92247406005859,0.012832384410049186,0.011909015239964913,2.037499398201959,1.8370973499245622,12535320.0
2022-01-18,108.0377960205078,108.55551826101232,106.77688013994062,108.29665714076006,12905500,107.68708801269533,102.9273452758789,97.39935302734376,107.88749006097272,103.81248832970088,98.69367140201462,105.84999066277076,101.57457406741314,96.79812143061584,105.84999066277076,103.2279610999824,97.02358646482304,0.0032567322070322646,0.0032514405406124237,0.017034809693114106,0.008509341699295181,106.95892486572265,101.39462089538574,98.20917617797852,0.012596320298625509,0.00941421836861805,1.7786381210717082,-0.2588611202522628,12591200.0
2022-01-19,107.64533233642578,108.68077688751808,107.3363579453124,108.5137709349294,12064300,108.0377960205078,104.4053726196289,94.86083221435548,108.55551826101232,104.83124611870764,97.24905441220452,106.77688013994062,102.66848252652323,94.80237949080822,108.29665714076006,103.16951317055434,96.7981306716104,-0.0036326517065149444,-0.0036392658084027202,0.0032567322070322646,0.014359909310673435,107.11591339111328,102.03175849914551,98.46772186279297,0.00928828824498595,0.009596004628277557,1.344418942205678,-0.8684385985036158,12082260.0
2022-01-20,107.26121520996094,109.2736708549577,106.78524120148518,107.1109136638973,11370400,107.64533233642578,104.47216796875,94.90258026123048,108.68077688751808,104.95649414907548,94.95268077195176,107.3363579453124,103.4283648409117,92.464257719476,108.5137709349294,104.50557043334508,93.40785343964896,-0.003568358405586558,-0.0035747401826101153,-0.0036326517065149444,0.0006397692709210201,107.30296325683594,102.57370071411133,98.71181564331054,0.009056831242048079,0.009558373528136153,2.4884296534725223,0.15030154606363055,11862500.0
2022-01-21,105.9752426147461,107.2194477366835,105.40741348197756,106.68502743798965,13055700,107.26121520996094,106.86038970947266,96.42237091064452,109.2736708549577,106.8854399651255,96.92339520098768,106.78524120148518,104.23835676999768,95.43702037892622,107.1109136638973,105.09844952537806,95.55392583431065,-0.011989166752377267,-0.012061616468853415,-0.003568358405586558,0.022859884954594012,107.32133483886719,103.02378921508789,98.91615676879883,0.010842254199524929,0.010315855935828063,1.8120342547059494,-0.7097848232435524,12535380.0
2022-01-24,106.20072174072266,106.65999773471636,102.5766334204105,103.92105256187972,19513700,105.9752426147461,106.32596588134766,96.97347259521484,107.2194477366835,107.24450501073034,97.43274846818788,105.40741348197756,105.607828802582,95.53720500427764,106.68502743798965,106.87709063315104,96.38059324974743,0.0021276585022433903,0.002125398242365268,-0.011989166752377267,-0.005001140549627081,107.02406158447266,103.4734603881836,99.15555099487305,0.006055632680524318,0.01031907011107909,4.083364314305854,2.279669178842937,13781920.0
2022-01-25,110.71829223632812,110.84355626793248,104.60578082697548,106.15061469125924,19984500,106.20072174072266,105.88338470458984,97.2072982788086,106.65999773471636,106.96894243277244,98.4682078381916,102.5766334204105,105.59111475178574,97.19894607015476,103.92105256187972,106.16729607822232,97.2908012527414,0.04253803949312718,0.04165816274754638,0.0021276585022433903,-0.004162493828193448,107.56016082763672,104.04963989257813,99.48513137817383,0.02152835780308614,0.012961724757064452,6.237775440957009,4.567677545068889,15197720.0
2022-01-26,110.80178833007812,112.48857770158264,109.88323650853184,110.97714011490432,17266500,110.71829223632812,107.68708801269533,99.1947021484375,110.84355626793248,107.88749006097272,99.21975240480786,104.60578082697548,105.84999066277076,96.3722607120261,106.15061469125924,105.84999066277076,96.9233854647808,0.0007541309756817771,0.0007538467617982218,0.04253803949312718,0.017034809693114106,108.19145202636719,104.63959693908691,99.81522613525391,0.021170157719485105,0.012893300216451143,2.605341193050805,-0.17535178482619074,16238160.0
2022-01-27,113.0396957397461,114.4008190510672,111.553321153896,112.27145819191526,20654100,110.80178833007812,108.0377960205078,99.00264739990234,112.48857770158264,108.55551826101232,99.65397960055392,109.88323650853184,106.77688013994062,98.56842805642442,110.97714011490432,108.29665714076006,99.086156755571,0.020197394314622974,0.01999613241072303,0.0007541309756817771,0.0032567322070322646,109.34714813232422,105.36691818237304,100.14731811523437,0.021160467948266537,0.013013687478137895,2.847497897171209,0.7682375478308359,18094900.0
2022-01-28,109.0648956298828,110.27570464209217,106.94389339913386,108.55551922232398,24817800,113.0396957397461,107.64533233642578,98.49327087402344,114.4008190510672,108.68077688751808,99.07780450914072,111.553321153896,107.3363579453124,97.94214607785672,112.27145819191526,108.5137709349294,98.60183048800474,-0.03516286985604211,-0.035795968940494076,0.020197394314622974,-0.0036326517065149444,109.96507873535157,105.91721076965332,100.39231948852539,0.028607031798141117,0.01592324197207076,3.3318112429583095,0.5093764075588183,20447320.0
2022-01-31,109.66613006591795,110.10870155952016,107.99604511142304,108.71418215152534,16401800,109.0648956298828,107.26121520996094,98.05904388427734,110.27570464209217,109.2736708549577,99.1111992487482,106.94389339913386,106.78524120148518,97.98388674423784,108.55551922232398,107.1109136638973,98.64357110294512,0.005512630187402223,0.005497491253024539,-0.03516286985604211,-0.003568358405586558,110.65816040039063,106.50090446472169,100.65802978515624,0.028529742278010507,0.015857761090680975,2.1126564480971126,0.951947914392619,19824940.0
2022-02-01,112.55538177490234,113.3486824053596,108.98140061461514,109.2486203515562,16169700,109.66613006591795,105.9752426147461,97.99225616455078,110.10870155952016,107.2194477366835,98.61018595722749,107.99604511142304,105.40741348197756,97.80854575759744,108.71418215152534,106.68502743798965,98.01730642534078,0.026345889175151127,0.026004813887455604,0.005512630187402223,-0.011989166752377267,111.02557830810547,107.14931602478028,100.99772506713867,0.02401635525788802,0.016361025621260596,4.367281790744457,3.3067614233461455,19061980.0
2022-02-02,113.0731201171875,113.39878621746608,110.8936584486343,112.18797701087848,10906700,112.55538177490234,106.20072174072266,99.58715057373048,113.3486824053596,106.65999773471636,99.94621903231874,108.98140061461514,102.5766334204105,97.94211615579972,109.2486203515562,103.92105256187972,98.05066936574782,0.004599854170639128,0.004589307172179319,0.026345889175151127,0.0021276585022433903,111.47984466552734,107.7330108642578,101.39019546508788,0.023966783509682343,0.016119934685143694,2.505127768831784,0.885143106309016,17790020.0
2022-02-03,112.06272888183594,113.02303564122238,111.21934033365773,112.6055142871606,9447700,113.0731201171875,110.71829223632812,101.39922332763672,113.39878621746608,110.84355626793248,101.85849930668566,110.8936584486343,104.60578082697548,99.92120072656284,112.18797701087848,106.15061469125924,100.16335747456742,-0.008935733216739794,-0.008975896317652797,0.004599854170639128,0.04253803949312718,111.28445129394531,108.23320274353027,101.7290559387207,0.022639863899512187,0.016440185831078025,1.8036953075646522,-0.5427854053246648,15548740.0
2022-02-04,113.46556854248048,114.40081197911474,112.73907296991132,112.73907296991132,13034700,112.06272888183594,110.80178833007812,102.05889129638672,113.02303564122238,112.48857770158264,103.4116560150448,111.21934033365773,109.88323650853184,101.93363365221175,112.6055142871606,110.97714011490432,102.07558934253812,0.012518342848171882,0.012440636227713462,-0.008935733216739794,0.0007541309756817771,112.16458587646484,108.76011390686035,102.05605880737305,0.012860344043130563,0.01651189488609791,1.6617390092034157,0.7264955725691635,13192120.0
2022-02-07,115.69514465332033,116.42997341262954,112.58878543383334,113.01465253553768,18422500,113.46556854248048,113.0396957397461,102.9273452758789,114.40081197911474,114.4008190510672,103.81248832970088,112.73907296991132,111.553321153896,101.57457406741314,112.73907296991132,112.27145819191526,103.2279610999824,0.019649803367486784,0.019459238313055075,0.012518342848171882,0.020197394314622974,113.37038879394531,109.32460250854493,102.41278884887696,0.013701104134377019,0.016710642166500988,3.8411879787961993,2.6804921177826486,13596260.0
2022-02-08,113.9332046508789,115.59493112822682,112.73908720917228,115.38617049605844,11021600,115.69514465332033,109.0648956298828,104.4053726196289,116.42997341262954,110.27570464209217,104.83124611870764,112.58878543383334,106.94389339913386,102.66848252652323,113.01465253553768,108.55551922232398,103.16951317055434,-0.015229161152104154,-0.015346315793312528,0.019649803367486784,-0.03516286985604211,113.64595336914063,109.79765434265137,102.77903869628906,0.01452574748245764,0.017308563049335483,2.8558439190545357,-1.4529658451795342,12566640.0
2022-02-09,115.06051635742188,115.51979234419107,113.64930504060612,114.1670273847428,10140800,113.9332046508789,109.66613006591795,104.47216796875,115.59493112822682,110.10870155952016,104.95649414907548,112.73908720917228,107.99604511142304,103.4283648409117,115.38617049605844,108.71418215152534,104.50557043334508,0.009894496604368808,0.00984586658941124,-0.015229161152104154,0.005512630187402223,114.0434326171875,110.20766067504883,103.16215621948243,0.014903301150183852,0.01682006877635398,1.8704873035849516,0.89348897267908,12413460.0
2022-02-10,113.59917449951172,115.89554134228707,113.05640197882332,114.86844264938668,11012700,115.06051635742188,112.55538177490234,106.86038970947266,115.51979234419107,113.3486824053596,106.8854399651255,113.64930504060612,108.98140061461514,104.23835676999768,114.1670273847428,109.2486203515562,105.09844952537806,-0.012700637057552089,-0.01278197961719702,0.009894496604368808,0.026345889175151127,114.35072174072266,110.57132110595703,103.5491146850586,0.015763968526416438,0.017118476438901093,2.839139363463758,-1.2692681498749607,12726460.0
2022-02-11,115.91224670410156,116.43832755336118,113.79959021087494,114.28391638703285,12821200,113.59917449951172,113.0731201171875,106.32596588134766,115.89554134228707,113.39878621746608,107.24450501073034,113.05640197882332,110.8936584486343,105.607828802582,114.86844264938668,112.18797701087848,106.87709063315104,0.020361699059703975,0.020157171359283334,-0.012700637057552089,0.004599854170639128,114.84005737304688,111.07276420593261,103.99519409179688,0.017286247963223693,0.017419992629284894,2.6387373424862375,1.6283303170687162,12683760.0
2022-02-14,114.12525177001952,115.27761444511188,112.772487058728,115.18575926460834,15945000,115.91224670410156,112.06272888183594,105.88338470458984,116.43832755336118,113.02303564122238,106.96894243277244,113.79959021087494,111.21934033365773,105.59111475178574,114.28391638703285,112.6055142871606,106.16729607822232,-0.015416791451241973,-0.015536865887597078,0.020361699059703975,-0.008935733216739794,114.52607879638671,111.39467239379883,104.35476333618163,0.016651870453262253,0.017717317083695505,2.505127386383876,-1.060507494588819,12188260.0
2022-02-15,113.28987121582033,113.77928232436749,111.53474571894822,112.29418207725074,11746800,114.12525177001952,113.46556854248048,107.68708801269533,115.27761444511188,114.40081197911474,107.88749006097272,112.772487058728,112.73907296991132,105.84999066277076,115.18575926460834,112.73907296991132,105.84999066277076,-0.007319857272977681,-0.007346778883575615,-0.015416791451241973,0.012518342848171882,114.397412109375,111.65727615356445,104.70981628417968,0.015489472743655615,0.017868215610640333,2.2445366054192704,0.9956891385695883,12333300.0
2022-02-16,113.32364654541016,114.89313311988548,112.8679820920546,113.87211770630418,11348800,113.28987121582033,115.69514465332033,108.0377960205078,113.77928232436749,116.42997341262954,108.55551826101232,111.53474571894822,112.58878543383334,106.77688013994062,112.29418207725074,113.01465253553768,108.29665714076006,0.00029813194443018,0.00029808751193298027,-0.007319857272977681,0.019649803367486784,114.05003814697265,111.94119186401367,105.03565032958984,0.014349015542265812,0.01781844341893045,2.025151027830873,-0.5484711608940245,12574900.0
2022-02-17,112.74141693115234,113.55991338761103,111.76259456819965,113.21394831312551,10073900,113.32364654541016,113.9332046508789,107.64533233642578,114.89313311988548,115.59493112822682,108.68077688751808,112.8679820920546,112.73908720917228,107.3363579453124,113.87211770630418,115.38617049605844,108.5137709349294,-0.005137759258607266,-0.005151002925028399,0.00029813194443018,-0.015229161152104154,113.87848663330078,112.21520195007324,105.32111434936523,0.013434396026666129,0.01785103744300971,1.7973188194113874,-0.4725313819731696,12387140.0
2022-02-18,112.58109283447266,112.99456423810324,111.42507762245356,112.07481472086886,10691800,112.74141693115234,115.06051635742188,107.26121520996094,113.55991338761103,115.51979234419107,109.2736708549577,111.76259456819965,113.64930504060612,106.78524120148518,113.21394831312551,114.1670273847428,107.1109136638973,-0.0014220514611554824,-0.0014230635359299664,-0.005137759258607266,0.009894496604368808,113.212255859375,112.54549446105958,105.59452056884766,0.0061559900261346,0.017548914575153177,1.56948661564968,0.5062781136037984,11961260.0
2022-02-22,111.72039031982422,115.6019197839429,110.13403696426946,115.6019197839429,19428700,112.58109283447266,113.59917449951172,105.9752426147461,112.99456423810324,115.89554134228707,107.2194477366835,111.42507762245356,113.05640197882332,105.40741348197756,112.07481472086886,114.86844264938668,106.68502743798965,-0.007645178182040913,-0.007674552366447627,-0.0014220514611554824,-0.012700637057552089,112.73128356933594,112.82147789001465,105.85588958740234,0.003550424754251257,0.01771484864216098,5.467882819673449,-3.8815294641186853,12658000.0
2022-02-23,114.37842559814452,114.8256437802184,111.85542955876174,112.16763507724298,16134200,111.72039031982422,115.91224670410156,106.20072174072266,115.6019197839429,116.43832755336118,106.65999773471636,110.13403696426946,113.79959021087494,102.5766334204105,115.6019197839429,114.28391638703285,103.92105256187972,0.023791854563979697,0.023513238928410337,-0.007645178182040913,0.020361699059703975,112.94899444580078,113.00448455810547,106.16707946777343,0.012584376630430234,0.01589797349850031,2.970214221456658,2.21079052090154,13535480.0
2022-02-24,113.78772735595705,116.63979498959962,111.14659924243745,116.38664953973462,22108900,114.37842559814452,114.12525177001952,110.71829223632812,114.8256437802184,115.27761444511188,110.84355626793248,111.85542955876174,112.772487058728,104.60578082697548,112.16763507724298,115.18575926460834,106.15061469125924,-0.005164420117678703,-0.005177801827652392,0.023791854563979697,-0.015416791451241973,113.04181060791015,113.15378150939941,106.50753936767578,0.012996918132959273,0.015972352000339838,5.493195747162176,-2.5989221837775744,15687500.0
2022-02-25,118.45399475097656,118.55524778194302,114.27712696643398,114.7243578960652,28028000,113.78772735595705,113.28987121582033,110.80178833007812,116.63979498959962,113.77928232436749,112.48857770158264,111.14659924243745,111.53474571894822,109.88323650853184,116.38664953973462,112.29418207725074,110.97714011490432,0.04100852968459634,0.04018998334047018,-0.005164420117678703,-0.007319857272977681,114.184326171875,113.42449645996093,106.93564666748047,0.021350964169643997,0.01782796101397795,4.278120815509041,3.7296368549113623,19278320.0
2022-02-28,121.50858306884766,121.50858306884766,116.994196533793,117.51736724402144,24394300,118.45399475097656,113.32364654541016,113.0396957397461,118.55524778194302,114.89313311988548,114.4008190510672,114.27712696643398,112.8679820920546,111.553321153896,114.7243578960652,113.87211770630418,112.27145819191526,0.02578712794188731,0.02546024758262874,0.04100852968459634,0.00029813194443018,115.96982421875,114.04668083190919,107.43586807250976,0.0211421795513442,0.016186210921491424,4.514386535054655,3.991215824826213,22018820.0
2022-03-01,126.33519744873048,126.53771642495572,122.0992688768362,122.36084784059692,31159900,121.50858306884766,112.74141693115234,109.0648956298828,121.50858306884766,113.55991338761103,110.27570464209217,116.994196533793,111.76259456819965,106.94389339913386,117.51736724402144,113.21394831312551,108.55551922232398,0.03972241514122521,0.03895376900881064,0.02578712794188731,-0.005137759258607266,118.89278564453124,114.8801342010498,108.0145849609375,0.018607725026253356,0.017900025567204037,4.4384475481195125,3.974349608133565,24365060.0
2022-03-02,130.06483459472656,131.42336880980355,126.61365580085597,126.74022211338811,31329500,126.33519744873048,112.58109283447266,109.66613006591795,126.53771642495572,112.99456423810324,110.10870155952016,122.0992688768362,111.42507762245356,107.99604511142304,122.36084784059692,112.07481472086886,108.71418215152534,0.029521758158565836,0.02909438194772084,0.03972241514122521,-0.0014220514611554824,122.03006744384766,115.75560684204102,108.71866500854492,0.018688743591374155,0.018091404225024123,4.809713008947583,3.3246124813384483,27404120.0
2022-03-03,131.81996154785156,132.57938518055445,128.04813089602945,128.47846923782572,22492900,130.06483459472656,111.72039031982422,112.55538177490234,131.42336880980355,115.6019197839429,113.3486824053596,126.61365580085597,110.13403696426946,108.98140061461514,126.74022211338811,115.6019197839429,109.2486203515562,0.013494246608576788,0.0134040101385772,0.029521758158565836,-0.007645178182040913,125.63651428222656,116.69294891357421,109.45701263427735,0.011248183925657443,0.01812799592474653,4.531254284525005,3.341492310025842,27480920.0
2022-03-04,133.87042236328125,134.96737770086497,130.86646147380176,131.45712577080346,29034400,131.81996154785156,114.37842559814452,113.0731201171875,132.57938518055445,114.8256437802184,113.39878621746608,128.04813089602945,111.85542955876174,110.8936584486343,128.47846923782572,112.16763507724298,112.18797701087848,0.015555009964749233,0.015435270895859401,0.013494246608576788,0.023791854563979697,128.7197998046875,117.78333358764648,110.20597366333008,0.010714901981772497,0.01775756158080037,4.100916227063209,2.413296592477792,27682200.0
2022-03-07,136.73094177246094,136.78158117865175,131.39807024132745,134.92518921714927,34824700,133.87042236328125,113.78772735595705,112.06272888183594,134.96737770086497,116.63979498959962,113.02303564122238,130.86646147380176,111.14659924243745,111.21934033365773,131.45712577080346,116.38664953973462,112.6055142871606,0.02136782239632562,0.02114273130489633,0.015555009964749233,-0.005164420117678703,131.76427154541017,118.94660224914551,111.001123046875,0.010796738755104554,0.01795692256731232,5.383510937324303,1.8057525553116704,29768280.0
2022-03-08,143.89486694335938,146.82288762899017,138.4691767589257,138.64636958543136,57231000,136.73094177246094,118.45399475097656,113.46556854248048,136.78158117865175,118.55524778194302,114.40081197911474,131.39807024132745,114.27712696643398,112.73907296991132,134.92518921714927,114.7243578960652,112.73907296991132,0.052394323318712965,0.05106787613554262,0.02136782239632562,0.04100852968459634,135.27620544433594,120.35658836364746,111.93487442016601,0.015771200893729773,0.02027248459721847,8.353710870064475,5.2484973579280165,34982500.0
2022-03-09,140.30023193359375,143.25356566276662,136.0305572309288,137.34689820442085,43430000,143.89486694335938,121.50858306884766,115.69514465332033,146.82288762899017,121.50858306884766,116.42997341262954,138.4691767589257,116.994196533793,112.58878543383334,138.64636958543136,117.51736724402144,113.01465253553768,-0.02498098150492445,-0.025298302025736883,0.052394323318712965,0.02578712794188731,137.3232849121094,121.6749397277832,112.75698501586913,0.027560553938587643,0.02104317533375133,7.223008431837826,2.953333729172897,37402600.0
2022-03-10,144.13955688476562,147.4641557741463,142.00470682782947,142.3844314346263,34913600,140.30023193359375,126.33519744873048,113.9332046508789,143.25356566276662,126.53771642495572,115.59493112822682,136.0305572309288,122.0992688768362,112.73908720917228,137.34689820442085,122.36084784059692,115.38617049605844,0.027365064891618163,0.026997335058085332,-0.02498098150492445,0.03972241514122521,139.78720397949218,123.12889175415039,113.65972320556641,0.02799455326128841,0.021369352215497624,5.459448946316826,1.7551254501393316,39886740.0
2022-03-11,144.20706176757812,145.96218735704574,139.97114666154468,139.97958012272724,28423600,144.13955688476562,130.06483459472656,115.06051635742188,147.4641557741463,131.42336880980355,115.51979234419107,142.00470682782947,126.61365580085597,113.64930504060612,142.3844314346263,126.74022211338811,114.1670273847428,0.0004683300286989489,0.0004682203964191153,0.027365064891618163,0.029521758158565836,141.85453186035156,124.6592861175537,114.5739990234375,0.029158645211687723,0.02077768491469498,5.991040695501056,4.227481644850883,39764580.0
2022-03-14,140.679931640625,142.05534535109152,138.6379140393476,140.24959339786193,25156200,144.20706176757812,131.81996154785156,113.59917449951172,145.96218735704574,132.57938518055445,115.89554134228707,139.97114666154468,128.04813089602945,113.05640197882332,139.97958012272724,128.47846923782572,114.86844264938668,-0.024458789214066967,-0.024762874003065392,0.0004683300286989489,0.013494246608576788,142.6443298339844,125.89767036437988,115.42641677856446,0.03364124510861741,0.022218487033417323,3.4174313117439112,0.43033824276307087,37830880.0
2022-03-15,133.55819702148438,135.16987662334907,131.00988814646675,134.2585606109153,28534400,140.679931640625,133.87042236328125,115.91224670410156,142.05534535109152,134.96737770086497,116.43832755336118,138.6379140393476,130.86646147380176,113.79959021087494,140.24959339786193,131.45712577080346,114.28391638703285,-0.05062367130895051,-0.05195000609016984,-0.024458789214066967,0.015555009964749233,140.57699584960938,126.86931762695312,116.13773559570312,0.029540938001646627,0.025488993463262326,4.159988476882319,-0.7003635894309355,32091560.0
2022-03-16,133.07725524902344,135.4314790323968,131.81154049171133,133.9885585438338,22299700,133.55819702148438,136.73094177246094,114.12525177001952,135.16987662334907,136.78158117865175,115.27761444511188,131.00988814646675,131.39807024132745,112.772487058728,134.2585606109153,134.92518921714927,115.18575926460834,-0.0036009903037518276,-0.0036074894763316384,-0.05062367130895051,0.02136782239632562,139.1324005126953,127.85868682861329,116.80753768920898,0.029179942041507444,0.025383153058634426,3.6199385406854674,-0.9113032948103523,27865500.0
2022-03-17,135.38082885742188,135.84492676248317,133.2544248313773,134.96735747372836,15750700,133.07725524902344,143.89486694335938,113.28987121582033,135.4314790323968,146.82288762899017,113.77928232436749,131.81154049171133,138.4691767589257,111.53474571894822,133.9885585438338,138.64636958543136,112.29418207725074,0.01731004749149534,0.017161935394659846,-0.0036009903037518276,0.052394323318712965,137.38065490722656,128.96154594421387,117.48716979980469,0.026133919932055223,0.02538286215854174,2.5905019311058766,0.4134713836935191,24032920.0
2022-03-18,136.46937561035156,136.46937561035156,133.98013890587978,135.7605783632408,23214700,135.38082885742188,140.30023193359375,113.32364654541016,135.84492676248317,143.25356566276662,114.89313311988548,133.2544248313773,136.0305572309288,112.8679820920546,134.96735747372836,137.34689820442085,113.87211770630418,0.00804062703793984,0.008008473438099056,0.01731004749149534,-0.02498098150492445,135.83311767578124,130.14794387817383,118.17537948608398,0.02724595391790917,0.025160120413527564,2.4892367044717787,0.7087972471107662,22991140.0
2022-03-21,138.92486572265625,139.7180491132992,137.30475220955304,137.55789776249492,13180600,136.46937561035156,144.13955688476562,112.74141693115234,136.46937561035156,147.4641557741463,113.55991338761103,133.98013890587978,142.00470682782947,111.76259456819965,135.7605783632408,142.3844314346263,113.21394831312551,0.01799297535672495,0.017833017669085703,0.00804062703793984,0.027365064891618163,135.4821044921875,131.46513252258302,118.89532989501953,0.028460852649887968,0.025074830723643513,2.413296903746158,1.3669679601613325,20596020.0
2022-03-22,138.46072387695312,139.4479796330767,137.18657592684772,138.1232051635055,11063900,138.92486572265625,144.20706176757812,112.58109283447266,139.7180491132992,145.96218735704574,112.99456423810324,137.30475220955304,139.97114666154468,111.42507762245356,137.55789776249492,139.97958012272724,112.07481472086886,-0.0033409558705618236,-0.0033465493254250054,0.01799297535672495,0.0004683300286989489,136.46260986328124,132.80214920043946,119.57643692016602,0.010572947793550056,0.02492560711042541,2.2614037062289754,0.3375187134476221,17101920.0
2022-03-23,139.9542694091797,141.21155042596527,139.17796607432678,140.0724022454505,10755000,138.46072387695312,140.679931640625,111.72039031982422,139.4479796330767,142.05534535109152,115.6019197839429,137.18657592684772,138.6379140393476,110.13403696426946,138.1232051635055,140.24959339786193,115.6019197839429,0.010786781192577255,0.010729018876719643,-0.0033409558705618236,-0.024458789214066967,137.8380126953125,134.0809413909912,120.2860789489746,0.008655042832794063,0.024745584920251366,2.0335843516384955,-0.11813283627080295,14792980.0
2022-03-24,140.32554626464844,141.25372914702834,139.22859115318732,140.4352327629352,9024800,139.9542694091797,133.55819702148438,114.37842559814452,141.21155042596527,135.16987662334907,114.8256437802184,139.17796607432678,131.00988814646675,111.85542955876174,140.0724022454505,134.2585606109153,112.16763507724298,0.0026528440828286204,0.0026493315028113997,0.010786781192577255,-0.05062367130895051,138.82695617675782,135.40783233642577,120.95538208007812,0.008090810352270557,0.024547207846812004,2.025137993841014,-0.1096864982867487,13447800.0
2022-03-25,142.86541748046875,143.18606928491306,139.36361239446103,139.41423891610717,10254700,140.32554626464844,133.07725524902344,113.78772735595705,141.25372914702834,135.4314790323968,116.63979498959962,139.22859115318732,131.81154049171133,111.14659924243745,140.4352327629352,133.9885585438338,116.38664953973462,0.0180998491253348,0.017937996938618948,0.0026528440828286204,-0.0036009903037518276,140.10616455078124,136.6284034729004,121.68617111206055,0.009475957674559991,0.023579980981612823,3.822456890452031,3.4511785643615838,10855800.0
2022-03-28,140.36776733398438,140.60403305123168,139.3383183336142,139.9880426182864,9992000,142.86541748046875,135.38082885742188,118.45399475097656,143.18606928491306,135.84492676248317,118.55524778194302,139.36361239446103,133.2544248313773,114.27712696643398,139.41423891610717,134.96735747372836,114.7243578960652,-0.017482538395450553,-0.01763716277115637,0.0180998491253348,0.01731004749149534,140.39474487304688,137.57136268615722,122.37585876464844,0.013645800245974005,0.024005312485107316,1.2657147176174703,0.37972471569796085,10218080.0
2022-03-29,138.65480041503906,138.7898001663921,135.43144154506004,137.97130381984823,15102600,140.36776733398438,136.46937561035156,121.50858306884766,140.60403305123168,136.46937561035156,121.50858306884766,139.3383183336142,133.98013890587978,116.994196533793,139.9880426182864,135.7605783632408,117.51736724402144,-0.012203420710322765,-0.012278493840024078,-0.017482538395450553,0.00804062703793984,140.43356018066407,138.18734283447264,122.99521301269532,0.015040547617823233,0.023130575821073744,3.3583586213320586,0.6834965951908316,11025820.0
2022-03-30,139.6336212158203,140.36774438737854,138.09789430476556,139.43111513443637,9906000,138.65480041503906,138.92486572265625,126.33519744873048,138.7898001663921,139.7180491132992,126.53771642495572,135.43144154506004,137.30475220955304,122.0992688768362,137.97130381984823,137.55789776249492,122.36084784059692,0.007059407953069918,0.007034606984442216,-0.012203420710322765,0.01799297535672495,140.3694305419922,138.66578216552733,123.62712951660156,0.014477031099277862,0.022407066937617313,2.269850082612976,0.20250608138394455,10856020.0
2022-03-31,137.3975067138672,140.20739398153572,137.3046871509528,137.93754429568412,10395900,139.6336212158203,138.46072387695312,130.06483459472656,140.36774438737854,139.4479796330767,131.42336880980355,138.09789430476556,137.18657592684772,126.61365580085597,139.43111513443637,138.1232051635055,126.74022211338811,-0.01601415534799422,-0.016143767549610447,0.007059407953069918,-0.0033409558705618236,139.78382263183593,138.9446594238281,124.22217300415039,0.015843533475490796,0.02270431727048138,2.902706830582929,-0.5400375818169323,11130240.0
2022-04-01,138.5704345703125,140.03022179469383,136.97563469931973,137.35534650183902,8795300,137.3975067138672,139.9542694091797,131.81996154785156,140.20739398153572,141.21155042596527,132.57938518055445,137.3046871509528,139.17796607432678,128.04813089602945,137.93754429568412,140.0724022454505,128.47846923782572,0.008536747751092477,0.008500515776136303,-0.01601415534799422,0.010786781192577255,138.9248260498047,139.17966003417968,124.84835739135742,0.012771818915343494,0.022542644241655606,3.054587095374103,1.2150880684734773,10838360.0
2022-04-04,138.69699096679688,139.60830695302124,137.540975842153,139.22859517763953,8718600,138.5704345703125,140.32554626464844,133.87042236328125,140.03022179469383,141.25372914702834,134.96737770086497,136.97563469931973,139.22859115318732,130.86646147380176,137.35534650183902,140.4352327629352,131.45712577080346,0.0009133001341650182,0.0009128833293567715,0.008536747751092477,0.0026528440828286204,138.59067077636718,139.2779624938965,125.50279235839844,0.011197165407753947,0.022075354615884214,2.0673311108682526,-0.5316042108426586,10583680.0
2022-04-05,137.84475708007812,141.5237679931377,137.62537118693996,139.2539177746322,9538200,138.69699096679688,142.86541748046875,136.73094177246094,139.60830695302124,143.18606928491306,136.78158117865175,137.540975842153,139.36361239446103,131.39807024132745,139.22859517763953,139.41423891610717,134.92518921714927,-0.0061445737270736656,-0.0061635293094238945,0.0009133001341650182,0.0180998491253348,138.428662109375,138.97545700073243,126.13567306518554,0.010141147865567182,0.01848339229185739,3.898396806197752,-1.4091606945540889,9470800.0
2022-04-06,139.0682830810547,140.92466195920397,138.66325800548933,139.08516288122846,9269000,137.84475708007812,140.36776733398438,143.89486694335938,141.5237679931377,140.60403305123168,146.82288762899017,137.62537118693996,139.3383183336142,138.4691767589257,139.2539177746322,139.9880426182864,138.64636958543136,0.008876115616539337,0.00883695446432973,-0.0061445737270736656,-0.017482538395450553,138.3155944824219,138.91385955810546,126.70267288208008,0.01053288723192131,0.01780398619858245,2.261403953714648,-0.016879800173768444,9343400.0
2022-04-07,141.00064086914062,141.506919088961,137.89541371040252,139.3130210520379,8018400,139.0682830810547,138.65480041503906,140.30023193359375,140.92466195920397,138.7898001663921,143.25356566276662,138.66325800548933,135.43144154506004,136.0305572309288,139.08516288122846,137.97130381984823,137.34689820442085,0.013895028724556058,0.013799377842329232,0.008876115616539337,-0.012203420710322765,139.03622131347657,138.7569137573242,127.30664993286133,0.00786328828816743,0.016936477829489517,3.6115053785584905,1.6876198171027283,8867900.0
2022-04-08,143.38858032226562,144.375849030509,140.93310380904958,140.95841707074663,10801200,141.00064086914062,139.6336212158203,144.13955688476562,141.506919088961,140.36774438737854,147.4641557741463,137.89541371040252,138.09789430476556,142.00470682782947,139.3130210520379,139.43111513443637,142.3844314346263,0.01693566382681322,0.01679385432478122,0.013895028724556058,0.007059407953069918,139.99985046386718,138.7159896850586,127.91362762451172,0.00948091988582013,0.017403505912304666,3.442745221459404,2.430163251518991,9269080.0
2022-04-11,139.70111083984375,142.41817869482892,139.15263976762205,142.24098589479337,10206100,143.38858032226562,137.3975067138672,144.20706176757812,144.375849030509,140.20739398153572,145.96218735704574,140.93310380904958,137.3046871509528,139.97114666154468,140.95841707074663,137.93754429568412,139.97958012272724,-0.025716618953436132,-0.026053072023052525,0.01693566382681322,-0.01601415534799422,140.20067443847657,138.66704864501952,128.52635192871094,0.01764556248152566,0.017498034437912487,3.265538927206876,-2.5398750549496185,9566580.0
2022-04-12,142.6123046875,145.70908543469437,141.88662766802688,142.5785579571716,9528400,139.70111083984375,138.5704345703125,140.679931640625,142.41817869482892,140.03022179469383,142.05534535109152,139.15263976762205,136.97563469931973,138.6379140393476,142.24098589479337,137.35534650183902,140.24959339786193,0.020838730845839093,0.020624574547946962,-0.025716618953436132,0.008536747751092477,141.15418395996093,139.1197540283203,129.1852754211426,0.018786034840389373,0.013499274009816117,3.8224577666674975,0.03374673032840292,9564620.0
2022-04-13,144.85678100585938,145.20274600456187,142.0047006637459,144.23235731616546,7330700,142.6123046875,138.69699096679688,133.55819702148438,145.70908543469437,139.60830695302124,135.16987662334907,141.88662766802688,137.540975842153,131.00988814646675,142.5785579571716,139.22859517763953,134.2585606109153,0.015738307597493728,0.01561574471680613,0.020838730845839093,0.0009133001341650182,142.31188354492187,139.7087303161621,129.83130340576173,0.019206446102536023,0.013665149784122121,3.1980453408159804,0.6244236896939128,9176960.0
2022-04-14,144.78929138183594,145.9284395330153,143.9201684926153,144.02986786472513,9421100,144.85678100585938,137.84475708007812,133.07725524902344,145.20274600456187,141.5237679931377,135.4314790323968,142.0047006637459,137.62537118693996,131.81154049171133,144.23235731616546,139.2539177746322,133.9885585438338,-0.0004659058661582449,-0.00046601443401921705,0.015738307597493728,-0.0061445737270736656,143.06961364746093,140.1791534423828,130.4656268310547,0.019241475887585374,0.013351561116630507,2.008271040400018,0.7594235171108039,9457500.0
2022-04-18,146.73007202148438,147.27854319049604,145.02557277815674,145.97908188403795,7639000,144.78929138183594,139.0682830810547,135.38082885742188,145.9284395330153,140.92466195920397,135.84492676248317,143.9201684926153,138.66325800548933,133.2544248313773,144.02986786472513,139.08516288122846,134.96735747372836,0.013404172512525347,0.013315131391363224,-0.0004659058661582449,0.008876115616539337,143.7379119873047,140.69218826293945,131.15897369384766,0.018774350430534725,0.01350164468236932,2.2529704123392946,0.7509901374464221,8825060.0
2022-04-19,144.9917755126953,146.56126156330205,144.31672539540563,146.04653729736356,6970200,146.73007202148438,141.00064086914062,136.46937561035156,147.27854319049604,141.506919088961,136.46937561035156,145.02557277815674,137.89541371040252,133.98013890587978,145.97908188403795,139.3130210520379,135.7605783632408,-0.01184690012647538,-0.011917633853076221,0.013404172512525347,0.013895028724556058,144.796044921875,140.99553375244142,131.78949783325194,0.013401522622749927,0.013489897387440357,2.2445361678964275,-1.0547617846682442,8177880.0
2022-04-20,145.5824737548828,146.46847643735325,144.6796041502605,144.81460390504088,7495000,144.9917755126953,143.38858032226562,138.92486572265625,146.56126156330205,144.375849030509,139.7180491132992,144.31672539540563,140.93310380904958,137.30475220955304,146.04653729736356,140.95841707074663,137.55789776249492,0.004074012061020538,0.0040657357448102924,-0.01184690012647538,0.01693566382681322,145.39007873535155,141.35162124633788,132.3872444152832,0.011148284988799478,0.013430607166011015,1.7888722870927438,0.7678698498419294,7771200.0
2022-04-21,138.87417602539062,145.5065195432996,138.24131886862645,144.9158554387554,14594800,145.5824737548828,139.70111083984375,138.46072387695312,146.46847643735325,142.41817869482892,139.4479796330767,144.6796041502605,139.15263976762205,137.18657592684772,144.81460390504088,142.24098589479337,138.1232051635055,-0.046079020066570275,-0.04717444122292523,0.004074012061020538,-0.025716618953436132,144.1935577392578,141.29761657714843,132.88606384277344,0.023050631250974937,0.017118505670750895,7.265200674673139,-6.041679413364761,9224020.0
2022-04-22,135.81117248535156,139.62519604248854,135.73523270032476,138.7054465335695,12160100,138.87417602539062,142.6123046875,139.9542694091797,145.5065195432996,145.70908543469437,141.21155042596527,138.24131886862645,141.88662766802688,139.17796607432678,144.9158554387554,142.5785579571716,140.0724022454505,-0.02205596193405346,-0.022302831375957365,-0.046079020066570275,0.020838730845839093,142.39793395996094,141.0718978881836,133.30107696533204,0.023264874613804415,0.017777194523942542,3.8899633421637816,-2.8942740482179374,9771820.0
2022-04-25,132.89163208007812,133.62574260768088,127.71907302793458,131.40651834541046,15449800,135.81117248535156,144.85678100585938,140.32554626464844,139.62519604248854,145.20274600456187,141.25372914702834,135.73523270032476,142.0047006637459,139.22859115318732,138.7054465335695,144.23235731616546,140.4352327629352,-0.02149705618356501,-0.021731483651364573,-0.02205596193405346,0.015738307597493728,139.6302459716797,140.57320861816407,133.68692611694337,0.018243270382743086,0.017686318001882948,5.906669579746293,1.4851137346676637,11333980.0
2022-04-26,132.08155822753906,135.3217850457336,131.96342536048562,134.01389004461225,9810600,132.89163208007812,144.78929138183594,142.86541748046875,133.62574260768088,145.9284395330153,143.18606928491306,127.71907302793458,143.9201684926153,139.36361239446103,131.40651834541046,144.02986786472513,139.41423891610717,-0.006095747639331628,-0.0061144025580598445,-0.02149705618356501,-0.0004659058661582449,137.04820251464844,140.1588981628418,134.0103123474121,0.01901011465158364,0.01739204771196553,3.35835968524799,-1.932331817073191,11902060.0
2022-04-27,131.8368682861328,133.25446279030308,130.38551417442454,132.54566553821795,10396600,132.08155822753906,146.73007202148438,140.36776733398438,135.3217850457336,147.27854319049604,140.60403305123168,131.96342536048562,145.02557277815674,139.3383183336142,134.01389004461225,145.97908188403795,139.9880426182864,-0.0018525670403185535,-0.0018542851649265843,-0.006095747639331628,0.013404172512525347,134.29908142089843,139.8180015563965,134.3645446777344,0.017378651145918883,0.017253851065343728,2.868948615878537,-0.7087972520851338,12482380.0
2022-04-28,136.51992797851562,137.54094309864436,130.73139452081605,132.8577979824534,9366400,131.8368682861328,144.9917755126953,138.65480041503906,133.25446279030308,146.56126156330205,138.7898001663921,130.38551417442454,144.31672539540563,135.43144154506004,132.54566553821795,146.04653729736356,137.97130381984823,0.035521624210755,0.03490528450436647,-0.0018525670403185535,-0.01184690012647538,133.82823181152344,139.66231689453124,134.8291458129883,0.023451516979638997,0.019143289133894594,6.809548577828309,3.6621299960622196,11436700.0
2022-04-29,132.19967651367188,137.06846254301288,131.87902467752866,136.0896401093765,14713200,136.51992797851562,145.5824737548828,139.6336212158203,137.54094309864436,146.46847643735325,140.36774438737854,130.73139452081605,144.6796041502605,138.09789430476556,132.8577979824534,144.81460390504088,139.43111513443637,-0.031645573864671483,-0.03215711601765615,0.035521624210755,0.004074012061020538,133.1059326171875,139.40242538452148,135.2066664123535,0.02566702003512273,0.020086474726377184,5.189437865484223,-3.8899635957046144,11947320.0
2022-05-02,134.79861450195312,135.009566950313,130.91708430192537,131.8959067524389,11559000,132.19967651367188,138.87417602539062,137.3975067138672,137.06846254301288,145.5065195432996,140.20739398153572,131.87902467752866,138.24131886862645,137.3046871509528,136.0896401093765,144.9158554387554,137.93754429568412,0.019659185686528247,0.019468439781877983,-0.031645573864671483,-0.046079020066570275,133.4873291015625,139.2138343811035,135.64781036376954,0.02569879099354916,0.020534748791338465,4.09248264838763,2.902707749514235,11169160.0
2022-05-03,137.1106414794922,137.90381177448958,134.38512690413643,134.64671872407152,8827200,134.79861450195312,135.81117248535156,138.5704345703125,135.009566950313,139.62519604248854,140.03022179469383,130.91708430192537,135.73523270032476,136.97563469931973,131.8959067524389,138.7054465335695,137.35534650183902,0.01715171172998642,0.017006281683194468,0.019659185686528247,-0.02205596193405346,134.49314575195314,139.13451690673827,136.13840133666992,0.025718199335989286,0.020938803582586336,3.5186848703531552,2.4639227554206684,10972480.0
2022-05-04,141.4140625,141.66720798146378,137.93757070614032,139.20328523794524,9183200,137.1106414794922,132.89163208007812,138.69699096679688,137.90381177448958,133.62574260768088,139.60830695302124,134.38512690413643,127.71907302793458,137.540975842153,134.64671872407152,131.40651834541046,139.22859517763953,0.031386484477585075,0.030903998493777392,0.01715171172998642,-0.02149705618356501,136.40858459472656,139.31298217773437,136.73227478027343,0.026879771249984943,0.022046101046139577,3.729637275323455,2.210777262054762,10729800.0
2022-05-05,140.2917938232422,143.02574184231574,137.24564034037053,142.8232228823982,9807600,141.4140625,132.08155822753906,137.84475708007812,141.66720798146378,135.3217850457336,141.5237679931377,137.93757070614032,131.96342536048562,137.62537118693996,139.20328523794524,134.01389004461225,139.2539177746322,-0.007936047214242348,-0.007967705241240998,0.031386484477585075,-0.006095747639331628,137.16295776367187,139.37415771484376,137.25054214477538,0.025329957768383312,0.022071009499501536,5.780101501945211,-2.531429059156011,10818040.0
2022-05-06,144.0298614501953,144.26612710613023,139.58298129114763,141.98784378075055,10418100,140.2917938232422,131.8368682861328,139.0682830810547,143.02574184231574,133.25446279030308,140.92466195920397,137.24564034037053,130.38551417442454,138.66325800548933,142.8232228823982,132.54566553821795,139.08516288122846,0.026644948539633173,0.026296154073786156,-0.007936047214242348,-0.0018525670403185535,139.52899475097655,139.52561874389647,137.85538482666016,0.01523294062589996,0.02264963232986104,4.683145814982595,2.0420176694447605,9959020.0
2022-05-10,135.66773986816406,138.54513440288844,133.21225023734007,136.8743945885874,11636000,134.376708984375,132.19967651367188,143.38858032226562,141.54909219547193,137.06846254301288,144.375849030509,133.7269718412842,131.87902467752866,140.93310380904958,141.54909219547193,136.0896401093765,140.95841707074663,0.009607549504276003,0.009561690495035125,-0.06702188260563113,-0.031645573864671483,139.15603332519532,138.87335662841798,138.45702224731446,0.03978558122453695,0.026549030105540196,5.332884165548364,-1.2066547204233302,11031120.0
2022-05-11,137.67601013183594,141.30439484888174,137.12752603623284,138.0304087029638,9105500,135.66773986816406,134.79861450195312,139.70111083984375,138.54513440288844,135.009566950313,142.41817869482892,133.21225023734007,130.91708430192537,139.15263976762205,136.8743945885874,131.8959067524389,142.24098589479337,0.014802857817366233,0.014694364877540639,0.009607549504276003,0.019659185686528247,138.4084228515625,138.62654190063478,138.68383850097655,0.03695277349110085,0.026319551199780408,4.176868812648905,-0.35439857112785944,11015580.0
2022-05-12,138.98390197753906,139.10203482104998,134.04761006012413,137.72662088369722,8936400,137.67601013183594,137.1106414794922,142.6123046875,141.30439484888174,137.90381177448958,145.70908543469437,137.12752603623284,134.38512690413643,141.88662766802688,138.0304087029638,134.64671872407152,142.5785579571716,0.009499780277266279,0.009454941115720332,0.014802857817366233,0.01715171172998642,138.14684448242187,138.33289794921876,138.8622198486328,0.037400527072032695,0.026141798395305223,5.054424760925855,1.25728109384184,10841340.0
2022-05-13,141.6503448486328,142.42664830774856,139.12736182538558,140.4943295604029,9229900,138.98390197753906,141.4140625,144.85678100585938,139.10203482104998,141.66720798146378,145.20274600456187,134.04761006012413,137.93757070614032,142.0047006637459,137.72662088369722,139.20328523794524,144.23235731616546,0.019185264143214642,0.019003547473012833,0.009499780277266279,0.031386484477585075,137.6709411621094,138.1759506225586,139.05882751464844,0.036134794330684,0.026558083709528814,3.2992864823629873,1.1560152882299235,10603700.0
2022-05-16,145.98753356933594,147.64140649588242,142.4857279366468,142.6038607974347,13296300,141.6503448486328,140.2917938232422,144.78929138183594,142.42664830774856,143.02574184231574,145.9284395330153,139.12736182538558,137.24564034037053,143.9201684926153,140.4943295604029,142.8232228823982,144.02986786472513,0.030618977492344435,0.03015957076568429,0.019185264143214642,-0.007936047214242348,139.99310607910155,138.13882369995116,139.30116973876954,0.008741430701917472,0.02730945416880352,5.155678559235611,3.383672771901246,10440820.0
2022-05-17,146.8482208251953,148.21518860301035,145.65001243499069,147.53170471410283,12827600,145.98753356933594,144.0298614501953,146.73007202148438,147.64140649588242,144.26612710613023,147.27854319049604,142.4857279366468,139.58298129114763,145.02557277815674,142.6038607974347,141.98784378075055,145.97908188403795,0.005895621597378442,0.005878310427118047,0.030618977492344435,0.026644948539633173,142.2292022705078,138.23164596557618,139.50351531982423,0.009613075445519894,0.027188643708495948,2.5651761680196614,-0.6834838889075172,10679140.0
2022-05-18,142.97727966308594,148.14134694476743,141.0460703306159,148.13283112256156,13107500,146.8482208251953,134.376708984375,144.9917755126953,148.21518860301035,141.54909219547193,146.56126156330205,145.65001243499069,133.7269718412842,144.31672539540563,147.53170471410283,141.54909219547193,146.04653729736356,-0.02636015023101479,-0.026713807816753723,0.005895621597378442,-0.06702188260563113,143.28945617675782,138.10138626098632,139.48516357421875,0.02135273164505114,0.027850755948905084,7.095276614151544,-5.1555514594756175,11479540.0
2022-05-19,141.95640563964844,144.3214939349143,138.5278778957401,140.059233298073,10958700,142.97727966308594,135.66773986816406,145.5824737548828,148.14134694476743,138.54513440288844,146.46847643735325,141.0460703306159,133.21225023734007,144.6796041502605,148.13283112256156,136.8743945885874,144.81460390504088,-0.0071401136309426905,-0.007165726233020068,-0.02636015023101479,0.009607549504276003,143.8839569091797,138.25549774169923,139.51828704833986,0.022291415373183125,0.0257831842092637,5.793616039174196,1.8971723415754411,11884000.0
2022-05-20,142.7731170654297,145.51252483938617,139.59980475483303,143.67491154116104,9615000,141.95640563964844,137.67601013183594,138.87417602539062,144.3214939349143,141.30439484888174,145.5065195432996,138.5278778957401,137.12752603623284,138.24131886862645,140.059233298073,138.0304087029638,144.9158554387554,0.005753255177892047,0.005736768410151055,-0.0071401136309426905,0.014802857817366233,144.10851135253907,138.6035949707031,139.49095825195312,0.02083173478372776,0.025193727631765677,5.912720084553143,-0.9017944757313501,11961020.0
2022-05-23,146.0910186767578,147.14595499386326,143.87055719759002,144.14279087144735,10216400,142.7731170654297,138.98390197753906,135.81117248535156,145.51252483938617,139.10203482104998,139.62519604248854,139.59980475483303,134.04761006012413,135.73523270032476,143.67491154116104,137.72662088369722,138.7054465335695,0.023238979995145792,0.022973066720993245,0.005753255177892047,0.009499780277266279,144.12920837402345,139.2635643005371,139.5286373901367,0.018394035381236618,0.02490645318700856,3.2753977962732392,1.9482278053104665,11345040.0
2022-05-24,146.87374877929688,147.673457322619,144.46612030704958,145.21478583380875,9782700,146.0910186767578,141.6503448486328,132.89163208007812,147.14595499386326,142.42664830774856,133.62574260768088,143.87055719759002,139.12736182538558,127.71907302793458,144.14279087144735,140.4943295604029,131.40651834541046,0.005357824934268729,0.005343522852877202,0.023238979995145792,0.019185264143214642,144.13431396484376,140.003173828125,139.65251373291017,0.01835450037807985,0.024768085328083025,3.207337015569408,1.6589629454881276,10736060.0
2022-05-25,149.2303009033203,149.72373825561348,147.1544654838234,147.29909165892792,10174500,146.87374877929688,145.98753356933594,132.08155822753906,147.673457322619,147.64140649588242,135.3217850457336,144.46612030704958,142.4857279366468,131.96342536048562,145.21478583380875,142.6038607974347,134.01389004461225,0.016044746890504946,0.015917390401524196,0.005357824934268729,0.030618977492344435,145.38491821289062,140.8728454589844,139.9659558105469,0.011576677526105944,0.024807236970048798,2.5692727717900823,1.9312092443923916,10149460.0
2022-05-26,150.2341766357422,151.3741803205076,148.8899879552165,150.1491092902519,11213900,149.2303009033203,146.8482208251953,131.8368682861328,149.72373825561348,148.21518860301035,133.25446279030308,147.1544654838234,145.65001243499069,130.38551417442454,147.29909165892792,147.53170471410283,132.54566553821795,0.006727023441923219,0.00670449798282894,0.016044746890504946,0.005895621597378442,147.04047241210938,141.5585578918457,140.30909423828126,0.007936662853403892,0.023852269800525076,2.4841923652911078,0.0850673454903017,10200500.0
2022-05-27,151.6719512939453,151.73151012018397,149.46850838895432,150.1746335749291,10512300,150.2341766357422,142.97727966308594,136.51992797851562,151.3741803205076,148.14134694476743,137.54094309864436,148.8899879552165,141.0460703306159,130.73139452081605,150.1491092902519,148.13283112256156,132.8577979824534,0.009570223569628666,0.009524719075134077,0.006727023441923219,-0.02636015023101479,148.8202392578125,142.53217163085938,140.63491668701172,0.007421673749529036,0.022238747511758323,2.26300173122965,1.4973177190162232,10379960.0
2022-05-31,148.5922393798828,153.95197567859373,147.5798431590619,153.10122429725664,20547600,151.6719512939453,141.95640563964844,132.19967651367188,151.73151012018397,144.3214939349143,137.06846254301288,149.46850838895432,138.5278778957401,131.87902467752866,150.1746335749291,140.059233298073,136.0896401093765,-0.02030508533574482,-0.02051406735211116,0.009570223569628666,-0.0071401136309426905,149.3204833984375,143.22185287475585,140.87737396240234,0.013917285602337728,0.02284140613548592,6.372132519531817,-4.508984917373823,12446200.0
2022-06-01,150.00450134277344,151.54435938457377,148.83046019203644,150.3532995700971,8824100,148.5922393798828,142.7731170654297,134.79861450195312,153.95197567859373,145.51252483938617,135.009566950313,147.5798431590619,139.59980475483303,130.91708430192537,153.10122429725664,143.67491154116104,131.8959067524389,0.009504278075250783,0.009459396577774412,-0.02030508533574482,0.005753255177892047,149.9466339111328,143.8665458679199,141.0989666748047,0.01417832125270377,0.022693204084214564,2.713899192537326,-0.3487982273236696,12254480.0
2022-06-02,149.7322540283203,150.16613259110784,148.11583147854384,148.6603118830257,7441900,150.00450134277344,146.0910186767578,137.1106414794922,151.54435938457377,147.14595499386326,137.90381177448958,148.83046019203644,143.87055719759002,134.38512690413643,150.3532995700971,144.14279087144735,134.64671872407152,-0.001814927632278307,-0.001816576608917741,0.009504278075250783,0.023238979995145792,150.04702453613282,144.28245544433594,141.32439727783202,0.012649635091562021,0.021840782079238955,2.050301112564,1.0719421452945994,11707960.0
2022-06-03,151.0934295654297,151.6464126940405,149.73222235147898,149.73222235147898,8435300,149.7322540283203,146.87374877929688,141.4140625,150.16613259110784,147.673457322619,141.66720798146378,148.11583147854384,144.46612030704958,137.93757070614032,148.6603118830257,145.21478583380875,139.20328523794524,0.009090730290161275,0.009049658329971942,-0.001814927632278307,0.005357824934268729,150.2188751220703,144.82253723144532,141.54718048095702,0.01296961233463906,0.021719734485241088,1.9141903425615112,1.3612072139507063,11152240.0
2022-06-06,150.43838500976562,151.43376267858835,149.31538683072213,151.3486823384412,6734200,151.0934295654297,149.2303009033203,140.2917938232422,151.6464126940405,149.72373825561348,143.02574184231574,149.73222235147898,147.1544654838234,137.24564034037053,149.73222235147898,147.29909165892792,142.8232228823982,-0.004335360958766299,-0.0043447858862603606,0.009090730290161275,0.016044746890504946,149.97216186523437,145.14296340942383,141.74943725585936,0.012196325440819725,0.021111829919574818,2.1183758478662185,-0.9102973286755685,10396620.0
2022-06-07,153.30538940429688,153.69674073388794,150.5149260379176,150.9828418728302,9668300,150.43838500976562,150.2341766357422,144.0298614501953,151.43376267858835,151.3741803205076,144.26612710613023,149.31538683072213,148.8899879552165,139.58298129114763,151.3486823384412,150.1491092902519,141.98784378075055,0.019057665331525087,0.01887834275868653,-0.004335360958766299,0.006727023441923219,150.9147918701172,146.08939743041992,141.95823669433594,0.00948388831531911,0.013682038996780712,3.1818146959703313,2.3225475314666824,8220760.0
2022-06-08,154.09664916992188,155.17709440932916,153.34798357041333,153.94350712391338,8715200,153.30538940429688,151.6719512939453,134.376708984375,153.69674073388794,151.73151012018397,141.54909219547193,150.5149260379176,149.46850838895432,133.7269718412842,150.9828418728302,150.1746335749291,141.54909219547193,0.005161330392229768,0.005148056381300436,0.019057665331525087,0.009570223569628666,151.73322143554688,147.0108428955078,142.2328143310547,0.009314472948622273,0.013668423976180582,1.829110838915824,0.15314204600849735,8198980.0
2022-06-09,151.02542114257812,153.67976186585136,150.91481928529552,153.16080289301257,9764600,154.09664916992188,148.5922393798828,135.66773986816406,155.17709440932916,153.95197567859373,138.54513440288844,153.34798357041333,147.5798431590619,133.21225023734007,153.94350712391338,153.10122429725664,136.8743945885874,-0.019930530896600573,-0.02013182298966928,0.005161330392229768,-0.02030508533574482,151.99185485839843,147.6783134460449,142.48022674560548,0.014765995951173708,0.014721006673542862,2.7649425805558394,-2.1353817504344477,8663520.0
2022-06-10,149.22181701660156,151.91871085989737,147.73300180071757,150.04704706049236,9529700,151.02542114257812,150.00450134277344,137.67601013183594,153.67976186585136,151.54435938457377,141.30439484888174,150.91481928529552,148.83046019203644,137.12752603623284,153.16080289301257,150.3532995700971,138.0304087029638,-0.011942387661172837,-0.012014270850519548,-0.019930530896600573,0.009504278075250783,151.6175323486328,148.19020919799806,142.6719906616211,0.015163503830301494,0.015131272629687243,4.1857090591798,-0.825230043890798,8882400.0
2022-06-13,142.35623168945312,146.32923912418036,139.57427100851112,145.9974466012376,14614900,149.22181701660156,149.7322540283203,138.98390197753906,151.91871085989737,150.16613259110784,139.10203482104998,147.73300180071757,148.11583147854384,134.04761006012413,150.04704706049236,148.6603118830257,137.72662088369722,-0.04600925966733549,-0.04710131373120235,-0.011942387661172837,-0.001814927632278307,150.0011016845703,148.22550354003906,142.7711651611328,0.024852490660283135,0.018302709565725005,6.754968115669243,-3.6412149117844876,10458540.0
2022-06-14,142.54342651367188,146.57598060106537,141.08863563383696,144.09178760295163,10269300,142.35623168945312,151.0934295654297,141.6503448486328,146.32923912418036,151.6464126940405,142.42664830774856,139.57427100851112,149.73222235147898,139.12736182538558,145.9974466012376,149.73222235147898,140.4943295604029,0.0013149745676543922,0.0013141107457838729,-0.04600925966733549,0.009090730290161275,147.8487091064453,148.05329818725585,142.850625,0.020404089064350955,0.016874216578673176,5.48734496722841,-1.5483610892797515,10578740.0
2022-06-15,139.7444305419922,142.79863815793286,137.7706938995505,141.88832786206538,11565300,142.54342651367188,150.43838500976562,145.98753356933594,146.57598060106537,151.43376267858835,147.64140649588242,141.08863563383696,149.31538683072213,142.4857279366468,144.09178760295163,151.3486823384412,142.6038607974347,-0.019636092944708472,-0.019831442514936782,0.0013149745676543922,-0.004335360958766299,144.97826538085937,147.6981086730957,142.87157379150392,0.01726983720847173,0.017281482240606647,5.027944258382348,-2.1438973200731937,11148760.0
2022-06-16,132.2748260498047,136.5796261222739,130.8030297402129,136.06918306336905,18125900,139.7444305419922,153.30538940429688,146.8482208251953,142.79863815793286,153.69674073388794,148.21518860301035,137.7706938995505,150.5149260379176,145.65001243499069,141.88832786206538,150.9828418728302,147.53170471410283,-0.05345189402695327,-0.05493348450751673,-0.019636092944708472,0.019057665331525087,141.2281463623047,147.16298599243163,142.76017517089844,0.023120258481243803,0.020096479776583177,5.776596382061001,-3.7943570135643654,12821020.0
2022-06-17,126.2344970703125,132.2663213895719,124.03104107520484,131.76438117838396,35575100,132.2748260498047,154.09664916992188,142.97727966308594,136.5796261222739,155.17709440932916,148.14134694476743,130.8030297402129,153.34798357041333,141.0460703306159,136.06918306336905,153.94350712391338,148.13283112256156,-0.04566499280231795,-0.04674050859172572,-0.05345189402695327,0.005161330392229768,136.63068237304688,146.37689056396485,142.5034994506836,0.022932248816630425,0.02218285642013729,8.235280314367074,-5.529884108071457,18030100.0
2022-06-21,131.51766967773438,132.73425105835804,128.83780767774303,129.35676660571974,13772000,126.2344970703125,151.02542114257812,141.95640563964844,132.2663213895719,153.67976186585136,144.3214939349143,124.03104107520484,150.91481928529552,138.5278778957401,131.76438117838396,153.16080289301257,140.059233298073,0.04185205098475708,0.04099994763102786,-0.04566499280231795,-0.019930530896600573,134.4629699707031,145.8141181945801,142.31384002685547,0.03853131428937027,0.02450362025522914,3.896443380615011,2.1609030720146336,17861520.0
2022-06-22,125.80064392089844,128.29335303724196,124.49049207517858,125.97080463820036,13735800,131.51766967773438,149.22181701660156,142.7731170654297,132.73425105835804,151.91871085989737,145.51252483938617,128.83780767774303,147.73300180071757,139.59980475483303,129.35676660571974,150.04704706049236,143.67491154116104,-0.04346964001753306,-0.044442749902505345,0.04185205098475708,-0.011942387661172837,131.11441345214843,144.79959945678712,141.96208129882814,0.03895947155939705,0.025159547594672316,3.8028609620633773,-0.1701607173019255,18554820.0
2022-06-23,121.17251586914062,126.95762799489192,119.23280371248228,126.58329530124972,15713700,125.80064392089844,142.35623168945312,146.0910186767578,128.29335303724196,146.32923912418036,147.14595499386326,124.49049207517858,139.57427100851112,143.87055719759002,125.97080463820036,145.9974466012376,144.14279087144735,-0.036789382848214314,-0.0374831816978558,-0.04346964001753306,-0.04600925966733549,127.40003051757813,143.5145378112793,141.59150939941406,0.0392253000786148,0.025813899214982432,7.724824282409642,-5.410779432109095,19384500.0
2022-06-24,123.16329956054688,125.13703631056342,121.31717034427186,123.52911647823112,11108300,121.17251586914062,142.54342651367188,146.87374877929688,126.95762799489192,146.57598060106537,147.673457322619,119.23280371248228,141.08863563383696,144.46612030704958,126.58329530124972,144.09178760295163,145.21478583380875,0.016429333641600596,0.016295832379573875,-0.036789382848214314,0.0013149745676543922,125.57772521972656,142.21118774414063,141.202529296875,0.040108515086983015,0.025833870099434095,3.819865966291559,-0.36581691768424207,17980980.0
2022-06-27,125.54542541503906,126.60886496223657,123.8694436501406,124.09063440263938,9242400,123.16329956054688,139.7444305419922,149.2303009033203,125.13703631056342,142.79863815793286,149.72373825561348,121.31717034427186,137.7706938995505,147.1544654838234,123.52911647823112,141.88832786206538,147.29909165892792,0.019341198741765986,0.01915653503701512,0.016429333641600596,-0.019636092944708472,125.43991088867188,140.97675018310548,140.8163021850586,0.03754090194463803,0.026391956391243407,2.7394213120959705,1.4547910123996814,12714440.0
2022-06-28,127.56166076660156,129.47585132316777,126.00478422282212,128.3613691205967,9183300,125.54542541503906,132.2748260498047,150.2341766357422,126.60886496223657,136.5796261222739,151.3741803205076,123.8694436501406,130.8030297402129,148.8899879552165,124.09063440263938,136.06918306336905,150.1491092902519,0.016059807395586434,0.015932212970618878,0.019341198741765986,-0.05345189402695327,124.64870910644531,139.77123565673827,140.4717495727539,0.03155690366407716,0.026665602960158248,3.4710671003456497,-0.7997083539951291,11796700.0
2022-06-29,125.04344940185548,129.4078086659852,124.28628110084745,128.9994515887344,9082900,127.56166076660156,126.2344970703125,151.6719512939453,129.47585132316777,132.2663213895719,151.73151012018397,126.00478422282212,124.03104107520484,149.46850838895432,128.3613691205967,131.76438117838396,150.1746335749291,-0.01974113028642377,-0.0199385894307641,0.016059807395586434,-0.04566499280231795,124.49727020263671,138.59379615783692,140.03801712036133,0.02569374912153835,0.026652509198676875,5.12152756513774,-3.956002186878905,10866120.0
2022-06-30,123.17179107666016,125.84315004933283,122.006265770865,122.97612188243568,10685000,125.04344940185548,131.51766967773438,148.5922393798828,129.4078086659852,132.73425105835804,153.95197567859373,124.28628110084745,128.83780767774303,147.5798431590619,128.9994515887344,129.35676660571974,153.10122429725664,-0.01496806377421922,-0.0150812157714037,-0.01974113028642377,0.04185205098475708,124.89712524414062,137.25216064453124,139.60161743164062,0.019085667516830506,0.02635467097787044,3.836884278467835,0.19566919422447882,9860380.0
2022-07-01,124.64360809326172,125.02645668566797,121.20657745551466,124.72018560060624,7684600,123.17179107666016,125.80064392089844,150.00450134277344,125.84315004933283,128.29335303724196,151.54435938457377,122.006265770865,124.49049207517858,148.83046019203644,122.97612188243568,125.97080463820036,150.3532995700971,0.011949302707513043,0.011878473471599227,-0.01496806377421922,-0.04346964001753306,125.1931869506836,135.99772834777832,139.1828401184082,0.018415895437669392,0.026742025630252197,3.8198792301533047,-0.07657750734452407,9175640.0
2022-07-05,121.36819458007812,122.96759834174792,118.60325260433343,122.21043013533988,11513100,124.64360809326172,121.17251586914062,149.7322540283203,125.02645668566797,126.95762799489192,150.16613259110784,121.20657745551466,119.23280371248228,148.11583147854384,124.72018560060624,126.58329530124972,148.6603118830257,-0.026278230895986576,-0.026629674151714206,0.011949302707513043,-0.036789382848214314,124.35774078369141,134.51146659851074,138.83272048950195,0.019283995798464897,0.02666711797374239,4.364345737414482,-0.8422355552617518,9629780.0
2022-07-06,119.76878356933594,121.87864345085332,116.38279656101236,120.5174489711219,12421200,121.36819458007812,123.16329956054688,151.0934295654297,122.96759834174792,125.13703631056342,151.6464126940405,118.60325260433343,121.31717034427186,149.73222235147898,122.21043013533988,123.52911647823112,149.73222235147898,-0.013178172553987344,-0.013265775149178054,-0.026278230895986576,0.016429333641600596,122.79916534423828,132.97798652648925,138.51187271118164,0.014547999659837656,0.026631895064602302,5.495846889840962,-0.7486654017859564,10277360.0
2022-07-07,122.09984588623048,123.61418235612932,121.72551318914331,122.59328326135112,12741800,119.76878356933594,125.54542541503906,150.43838500976562,121.87864345085332,126.60886496223657,151.43376267858835,116.38279656101236,123.8694436501406,149.31538683072213,120.5174489711219,124.09063440263938,151.3486823384412,0.01946302072563899,0.019276038403601054,-0.013178172553987344,0.019341198741765986,122.21044464111328,131.41770935058594,138.2960369873047,0.019390305842257087,0.02665611289493755,1.8886691669860056,-0.4934373751206351,11009140.0
2022-07-08,121.46177673339844,123.74178417397869,120.03250768140838,123.25686264341049,7915500,122.09984588623048,127.56166076660156,153.30538940429688,123.61418235612932,129.47585132316777,153.69674073388794,121.72551318914331,126.00478422282212,150.5149260379176,122.59328326135112,128.3613691205967,150.9828418728302,-0.005225798183452146,-0.0052395004243897935,0.01946302072563899,0.016059807395586434,121.86844177246094,129.78596572875978,138.08364135742187,0.018560008721792427,0.026425374523688934,3.709276492570311,-1.7950859100120482,10455240.0
2022-07-11,120.38980865478516,121.52982523298996,119.04562007801508,120.73011695478446,7056800,121.46177673339844,125.04344940185548,154.09664916992188,123.74178417397869,129.4078086659852,155.17709440932916,120.03250768140838,124.28628110084745,153.34798357041333,123.25686264341049,128.9994515887344,153.94350712391338,-0.008825559014884021,-0.0088647349307447,-0.005225798183452146,-0.01974113028642377,121.01768188476562,128.25418510437012,137.85470016479493,0.016706356738910976,0.02635534789706539,2.4842051549748874,-0.34030829999930745,10329680.0
2022-07-12,118.18638610839844,118.78190950812554,116.77413563087669,117.82907206856218,8653900,120.38980865478516,123.17179107666016,151.02542114257812,121.52982523298996,125.84315004933283,153.67976186585136,119.04562007801508,122.006265770865,150.91481928529552,120.73011695478446,122.97612188243568,153.16080289301257,-0.018302400934160246,-0.018471961976944645,-0.008825559014884021,-0.01496806377421922,120.38132019042969,126.70241355895996,137.48802932739258,0.01463500198884619,0.02640641774894106,2.0077738772488516,0.357314039836254,9757840.0
2022-07-13,117.39517974853516,119.72623006572368,116.67203593132216,117.07189009169618,9414600,118.18638610839844,124.64360809326172,149.22181701660156,118.78190950812554,125.02645668566797,151.91871085989737,116.77413563087669,121.20657745551466,147.73300180071757,117.82907206856218,124.72018560060624,150.04704706049236,-0.006694564288797222,-0.006717073399677367,-0.018302400934160246,0.011949302707513043,119.90659942626954,125.45436096191406,137.19193939208984,0.014027534501968489,0.025114954038399553,3.054194134401527,0.3232896568389805,9156520.0
2022-07-14,115.65115356445312,115.83831992095566,112.75859086123732,114.26442455439437,10150200,117.39517974853516,121.36819458007812,142.35623168945312,119.72623006572368,122.96759834174792,146.32923912418036,116.67203593132216,118.60325260433343,139.57427100851112,117.07189009169618,122.21043013533988,145.9974466012376,-0.014856028908663887,-0.01496748494639462,-0.006694564288797222,-0.026278230895986576,118.61686096191406,124.10974731445313,136.80899017333985,0.005580329426327201,0.025015649084788493,3.079729059718332,1.3867290100587581,8638200.0
2022-07-15,117.10591888427734,118.22041406431464,116.06800119212096,118.22041406431464,7051900,115.65115356445312,119.76878356933594,142.54342651367188,115.83831992095566,121.87864345085332,146.57598060106537,112.75859086123732,116.38279656101236,141.08863563383696,114.26442455439437,120.5174489711219,144.09178760295163,0.012578908856395232,0.01250045163479125,-0.014856028908663887,-0.013178172553987344,117.74568939208984,122.97782173156739,136.40889572143556,0.011999783771748372,0.025403414285291526,2.152412872193679,-1.114495180037295,8465480.0
2022-07-18,118.74787902832033,120.92580048134218,118.3225033388571,119.58161174486617,7943900,117.10591888427734,122.09984588623048,139.7444305419922,118.22041406431464,123.61418235612932,142.79863815793286,116.06800119212096,121.72551318914331,137.7706938995505,118.22041406431464,122.59328326135112,141.88832786206538,0.01402115417979477,0.013923767061631879,0.012578908856395232,0.01946302072563899,117.41730346679688,122.30147438049316,135.95557205200194,0.015167319653894722,0.023529039046171554,2.6032971424850757,-0.833732716545839,8642900.0
2022-07-19,123.02716064453124,123.36745601243052,118.6117587953545,118.84146530847642,9152100,118.74787902832033,121.46177673339844,132.2748260498047,120.92580048134218,123.74178417397869,136.5796261222739,118.3225033388571,120.03250768140838,130.8030297402129,119.58161174486617,123.25686264341049,136.06918306336905,0.03603669936024989,0.03540256730277826,0.01402115417979477,-0.005225798183452146,118.38545837402344,122.1411075592041,135.61027938842773,0.019883218674265228,0.023208543536980056,4.755697217076019,4.18569533605482,8742540.0
2022-07-20,124.65208435058594,125.2816320056788,121.92968278163598,122.93356308647844,7856600,123.02716064453124,120.38980865478516,126.2344970703125,123.36745601243052,121.52982523298996,132.2663213895719,118.6117587953545,119.04562007801508,124.03104107520484,118.84146530847642,120.73011695478446,131.76438117838396,0.01320784530458008,0.013121382211122114,0.03603669936024989,-0.008825559014884021,119.83683929443359,121.79782829284667,135.22272384643554,0.018060266036486108,0.021221788654718573,3.3519492240428264,1.718521264107494,8430940.0
2022-07-21,123.6992645263672,123.75882336323676,120.38133882551816,121.75955211949578,6724200,124.65208435058594,118.18638610839844,131.51766967773438,125.2816320056788,118.78190950812554,132.73425105835804,121.92968278163598,116.77413563087669,128.83780767774303,122.93356308647844,117.82907206856218,129.35676660571974,-0.007643833869146688,-0.007673197697780614,0.01320784530458008,-0.018302400934160246,121.4464614868164,121.69275932312011,135.00917495727538,0.01546020437193256,0.018970862001840724,3.377484537718601,1.939712406871422,7745740.0
2022-07-22,122.66986083984376,124.4649470237766,122.01477855015968,123.83538624057287,5889500,123.6992645263672,117.39517974853516,125.80064392089844,123.75882336323676,119.72623006572368,128.29335303724196,120.38133882551816,116.67203593132216,124.49049207517858,121.75955211949578,117.07189009169618,125.97080463820036,-0.008321825440635644,-0.00835664514017109,-0.007643833869146688,-0.006694564288797222,122.55924987792969,121.76762657165527,134.749217376709,0.01837053258474246,0.017093310893810193,2.4501684736169267,-1.1655254007291092,7513260.0
2022-07-25,126.31959533691406,126.43019720020364,122.66136081997436,123.95450690114733,6210900,122.66986083984376,115.65115356445312,121.17251586914062,124.4649470237766,115.83831992095566,126.95762799489192,122.01477855015968,112.75859086123732,119.23280371248228,123.83538624057287,114.26442455439437,126.58329530124972,0.029752495617773267,0.029318477849225862,-0.008321825440635644,-0.014856028908663887,124.07359313964844,121.92544136047363,134.52208908081056,0.02056326731864207,0.017973377028206363,3.768836380229274,2.3650884357667366,7166660.0
2022-07-26,125.33271026611328,128.19122268553627,124.66060934875084,127.18734220225372,6112800,126.31959533691406,117.10591888427734,123.16329956054688,126.43019720020364,118.22041406431464,125.13703631056342,122.66136081997436,116.06800119212096,121.31717034427186,123.95450690114733,118.22041406431464,123.52911647823112,-0.007812604752007068,-0.007843283037857487,0.029752495617773267,0.012578908856395232,124.53470306396484,121.91480560302735,134.24906524658203,0.017137572220366,0.017569321599265435,3.5306133367854358,-1.8546319361404358,6558800.0
2022-07-27,126.98316192626952,127.7828703988751,124.77121585502933,126.20047211815954,6223000,125.33271026611328,118.74787902832033,125.54542541503906,128.19122268553627,120.92580048134218,126.60886496223657,124.66060934875084,118.3225033388571,123.8694436501406,127.18734220225372,119.58161174486617,124.09063440263938,0.013168562753106627,0.013082610982517033,-0.007812604752007068,0.01402115417979477,125.00091857910157,121.88588066101075,133.95572158813476,0.017132210114071084,0.017442188511650754,3.011654543845779,0.7826898081099785,6232080.0
2022-07-28,127.94451141357422,128.86332454716592,125.93673745085984,128.1997394475892,6574300,126.98316192626952,123.02716064453124,127.56166076660156,127.7828703988751,123.36745601243052,129.47585132316777,124.77121585502933,118.6117587953545,126.00478422282212,126.20047211815954,118.84146530847642,128.3613691205967,0.007570684748446244,0.007542170936956237,0.013168562753106627,0.03603669936024989,125.84996795654297,122.03093376159669,133.59486114501954,0.01589136471008375,0.01688231217832587,2.926587096306079,-0.2552280340149764,6202100.0
2022-08-01,136.5541229248047,137.70264267882447,135.39710032883264,137.12412489011942,8017800,139.33607482910156,123.6992645263672,123.17179107666016,140.08474027735798,123.75882336323676,125.84315004933283,132.63214908610027,120.38133882551816,122.006265770865,133.1766295080766,121.75955211949578,122.97612188243568,-0.01996576914994197,-0.020167778488703367,0.0890351863449983,-0.007643833869146688,131.23011627197266,123.4346736907959,133.31615509033202,0.0426409095866386,0.026086519574789538,2.305542349991839,-0.5700019653147308,8814320.0
2022-08-02,135.3885498046875,137.37080172223577,134.67392188923924,136.8773644525881,5928300,136.5541229248047,122.66986083984376,124.64360809326172,137.70264267882447,124.4649470237766,125.02645668566797,135.39710032883264,122.01477855015968,121.20657745551466,137.12412489011942,123.83538624057287,124.72018560060624,-0.008535612804301929,-0.008572249775578893,-0.01996576914994197,-0.008321825440635644,133.2412841796875,124.13569145202636,133.1847979736328,0.0427446416260192,0.025259491817538195,2.6968798329965296,-1.4888146479005968,8777420.0
2022-08-03,132.17274475097656,136.08620658274998,131.31349046655671,135.53321035574027,8751400,135.3885498046875,126.31959533691406,121.36819458007812,137.37080172223577,126.43019720020364,122.96759834174792,134.67392188923924,122.66136081997436,118.60325260433343,136.8773644525881,123.95450690114733,122.21043013533988,-0.02375241524006333,-0.024039051828805717,-0.008535612804301929,0.029752495617773267,134.2792007446289,124.75588951110839,132.97279052734376,0.046440349472867244,0.025782309503749587,4.772716116193266,-3.3604656047637036,9283100.0
2022-08-04,128.58258056640625,132.24081459493112,128.23376933755486,132.13872856948686,10640000,132.17274475097656,125.33271026611328,119.76878356933594,136.08620658274998,128.19122268553627,121.87864345085332,131.31349046655671,124.66060934875084,116.38279656101236,135.53321035574027,127.18734220225372,120.5174489711219,-0.027162666488726228,-0.027538391130728937,-0.02375241524006333,-0.007812604752007068,134.4068145751953,125.08002624511718,132.62262176513673,0.049199178719179164,0.026526273504258284,4.007045257376262,-3.556148003080608,10096240.0
2022-08-05,130.70945739746094,131.87498277572266,126.77898969799814,127.30645146367496,7170200,128.58258056640625,126.98316192626952,122.09984588623048,132.24081459493112,127.7828703988751,123.61418235612932,128.23376933755486,124.77121585502933,121.72551318914331,132.13872856948686,126.20047211815954,122.59328326135112,0.016540940628861245,0.016405629348851078,-0.027162666488726228,0.013168562753106627,132.68149108886718,125.54241027832032,132.2993359375,0.017722956449392674,0.02662110816746926,5.095993077724515,3.403005933785977,8101540.0
2022-08-08,130.5137939453125,131.84946708286472,130.29259024174377,130.66692298799424,5966900,130.70945739746094,127.94451141357422,121.46177673339844,131.87498277572266,128.86332454716592,123.74178417397869,126.77898969799814,125.93673745085984,120.03250768140838,127.30645146367496,128.1997394475892,123.25686264341049,-0.001496934162563801,-0.0014980556878800963,0.016540940628861245,0.007570684748446244,131.47342529296876,126.04860954284668,131.92500579833984,0.017722140856999986,0.02648534029401946,1.5568768411209533,-0.15312904268174066,7691360.0
2022-08-09,132.2152862548828,134.24858170565955,131.526179655876,132.66618348587335,5842200,130.5137939453125,139.33607482910156,120.38980865478516,131.84946708286472,140.08474027735798,121.52982523298996,130.29259024174377,132.63214908610027,119.04562007801508,130.66692298799424,133.1766295080766,120.73011695478446,0.013036877238303823,0.012952628590416883,-0.001496934162563801,0.0890351863449983,130.83877258300782,126.7500545501709,131.56462799072267,0.020270121222712108,0.025996013948227835,2.7224020497835397,-0.4508972309905346,7674140.0
2022-08-10,132.56405639648438,133.11703947632492,130.10537300003847,132.71718537929576,6145800,132.2152862548828,136.5541229248047,118.18638610839844,134.24858170565955,137.70264267882447,118.78190950812554,131.526179655876,135.39710032883264,116.77413563087669,132.66618348587335,137.12412489011942,117.82907206856218,0.0026378957492798616,0.002634422608802058,0.013036877238303823,-0.01996576914994197,130.9170349121094,127.50849838256836,131.18247009277343,0.017234003117230428,0.025840671449796966,3.0116664762864502,-0.15312898281138132,7153020.0
2022-08-11,135.79693603515625,137.10710047736674,134.09543321358984,134.51230607819068,7888600,132.56405639648438,135.3885498046875,117.39517974853516,133.11703947632492,137.37080172223577,119.72623006572368,130.10537300003847,134.67392188923924,116.67203593132216,132.71718537929576,136.8773644525881,117.07189009169618,0.024387301705695252,0.02409467943049554,0.0026378957492798616,-0.008535612804301929,132.3599060058594,128.51578750610352,130.92656402587892,0.010490074346932604,0.025630607504422673,3.0116672637769,1.2846299569655741,6602740.0
2022-08-12,135.99258422851562,136.0436272233797,133.6870427695008,134.63137711878562,7244700,135.79693603515625,132.17274475097656,115.65115356445312,137.10710047736674,136.08620658274998,115.83831992095566,134.09543321358984,131.31349046655671,112.75859086123732,134.51230607819068,135.53321035574027,114.26442455439437,0.0014407408522731924,0.0014397039809605817,0.024387301705695252,-0.02375241524006333,133.41653137207032,129.46012077331542,130.64632568359374,0.010675691823481596,0.025655202735590472,2.356584453878895,1.3612071097300031,6617640.0
2022-08-15,133.40631103515625,134.24004368534872,130.53928327040876,132.01958224381082,8975200,135.99258422851562,128.58258056640625,117.10591888427734,136.0436272233797,132.24081459493112,118.22041406431464,133.6870427695008,128.23376933755486,116.06800119212096,134.63137711878562,132.13872856948686,118.22041406431464,-0.01901775165191011,-0.019200915046258423,0.0014407408522731924,-0.027162666488726228,133.99503479003906,130.19304237365722,130.31980682373046,0.016080221850399014,0.026289869819744963,3.700760414939964,1.3867287913454334,7219300.0
2022-08-16,133.06602478027344,134.35065467452733,132.56408458795923,133.9167761495256,7218400,133.40631103515625,130.70945739746094,118.74787902832033,134.24004368534872,131.87498277572266,120.92580048134218,130.53928327040876,126.77898969799814,118.3225033388571,132.01958224381082,127.30645146367496,119.58161174486617,-0.002550750802135071,-0.002554009509575619,-0.01901775165191011,0.016540940628861245,134.1651824951172,130.69498558044432,129.95925872802735,0.015511616582021763,0.025381753566237883,1.786570086568105,-0.8507513692521513,7494540.0
2022-08-17,134.1634979248047,135.55872975085217,132.30035021593469,133.25320064498325,6741100,133.06602478027344,130.5137939453125,123.02716064453124,134.35065467452733,131.84946708286472,123.36745601243052,132.56408458795923,130.29259024174377,118.6117587953545,133.9167761495256,130.66692298799424,118.84146530847642,0.00824758345598342,0.008213757997809568,-0.002550750802135071,-0.001496934162563801,134.48507080078124,131.17055625915526,129.63376098632813,0.015825094242619922,0.02531351151186686,3.2583795349174807,0.9102972798214353,7613600.0
2022-08-18,136.5157470703125,137.06517476780334,134.85887077827024,134.9103775781304,6477500,134.1634979248047,132.2152862548828,124.65208435058594,135.55872975085217,134.24858170565955,125.2816320056788,132.30035021593469,131.526179655876,121.92968278163598,133.25320064498325,132.66618348587335,122.93356308647844,0.017532705854361286,0.01738078116383635,0.00824758345598342,0.013036877238303823,134.6288330078125,131.81138038635254,129.29796813964845,0.013594899183990615,0.025331152371075683,2.2063039895330974,1.605369492182092,7331380.0
2022-08-19,135.3739776611328,137.13386771780927,135.31387765607113,136.0350122198572,6834200,136.5157470703125,132.56405639648438,123.6992645263672,137.06517476780334,133.11703947632492,123.75882336323676,134.85887077827024,130.10537300003847,120.38133882551816,134.9103775781304,132.71718537929576,121.75955211949578,-0.008363646199669672,-0.008398817734020653,0.017532705854361286,0.0026378957492798616,134.50511169433594,132.446586227417,128.92351470947267,0.01423115074000628,0.025332332209585532,1.8199900617381388,-0.6610345587243955,7249280.0
2022-08-22,134.69577026367188,135.41690482993474,132.5667393665013,134.5154964466493,9147000,135.3739776611328,135.79693603515625,122.66986083984376,137.13386771780927,137.10710047736674,124.4649470237766,135.31387765607113,134.09543321358984,122.01477855015968,136.0350122198572,134.51230607819068,123.83538624057287,-0.005009880105308118,-0.005022471626923127,-0.008363646199669672,0.024387301705695252,134.76300354003905,132.8653949737549,128.59692169189452,0.010695162670646165,0.024747374066477177,2.8501654634334272,0.18027381702256662,7283640.0
2022-08-23,139.06546020507812,139.36592095104382,136.24964117768596,136.58444852852247,10354800,134.69577026367188,135.99258422851562,126.31959533691406,135.41690482993474,136.0436272233797,126.43019720020364,132.5667393665013,133.6870427695008,122.66136081997436,134.5154964466493,134.63137711878562,123.95450690114733,0.032441181581666756,0.03192607723924832,-0.005009880105308118,0.0014407408522731924,135.962890625,133.55203247070312,128.39379455566407,0.01673790996167187,0.02540730988176376,3.11627977335786,2.481011676555653,7910920.0
2022-08-24,140.09559631347656,140.2329564955968,137.93221929294074,138.78212068299823,9468100,139.06546020507812,133.40631103515625,125.33271026611328,139.36592095104382,134.24004368534872,128.19122268553627,136.24964117768596,130.53928327040876,124.66060934875084,136.58444852852247,132.01958224381082,127.18734220225372,0.0074075626462482,0.007380261394989415,0.032441181581666756,-0.01901775165191011,137.14931030273436,134.20765419006347,128.34858184814453,0.01675117926246869,0.02534849225762012,2.3007372026560517,1.3134756304783366,8456320.0
2022-08-25,141.3232421875,141.56361599671197,139.59769882150178,140.72230766447004,8050700,140.09559631347656,133.06602478027344,126.98316192626952,140.2329564955968,134.35065467452733,127.7828703988751,137.93221929294074,132.56408458795923,124.77121585502933,138.78212068299823,133.9167761495256,126.20047211815954,0.008762915511465907,0.008724744001064733,0.0074075626462482,-0.002550750802135071,138.11080932617188,134.87659072875977,128.3241781616211,0.016052999734228197,0.025355709235355683,1.965917175210194,0.600934523029963,8770960.0
2022-08-26,140.28445434570312,142.61952489533107,139.4688996028625,140.94547561866324,7765800,141.3232421875,134.1634979248047,127.94451141357422,141.56361599671197,135.55872975085217,128.86332454716592,139.59769882150178,132.30035021593469,125.93673745085984,140.72230766447004,133.25320064498325,128.1997394475892,-0.007350438793490621,-0.007377586381649882,0.008762915511465907,0.00824758345598342,139.09290466308593,134.92400970458985,128.33497863769531,0.015814446256605646,0.01605183084084879,3.150625292468561,-0.661021272960113,8957280.0
2022-08-29,141.33180236816406,143.22045889903677,140.48190103454715,140.69652139258696,8462600,140.28445434570312,136.5157470703125,139.33607482910156,142.61952489533107,137.06517476780334,140.08474027735798,139.4688996028625,134.85887077827024,132.63214908610027,140.94547561866324,134.9103775781304,133.1766295080766,0.007465887986989328,0.007438156188073405,-0.007350438793490621,0.017532705854361286,140.42011108398438,135.16289367675782,128.5161181640625,0.014309028093599265,0.015372100442700888,2.7385578644896214,0.6352809755771034,8820400.0
2022-08-30,137.88929748535156,139.55475372926568,136.29252133493156,139.34872654817175,8814300,141.33180236816406,135.3739776611328,136.5541229248047,143.22045889903677,137.13386771780927,137.70264267882447,140.48190103454715,135.31387765607113,135.39710032883264,140.69652139258696,136.0350122198572,137.12412489011942,-0.02435760971790979,-0.024659163110669118,0.007465887986989328,-0.008363646199669672,140.18487854003905,135.287931060791,128.74921417236328,0.014332583912492565,0.016312174116086896,3.26223239433412,-1.4594290628201918,8512300.0
2022-08-31,135.6915740966797,138.56749215590278,134.05187140501056,135.30526006916585,13582700,137.88929748535156,134.69577026367188,135.3885498046875,139.55475372926568,135.41690482993474,137.37080172223577,136.29252133493156,132.5667393665013,134.67392188923924,139.34872654817175,134.5154964466493,136.8773644525881,-0.015938317394831536,-0.016066698320183946,-0.02435760971790979,-0.005009880105308118,139.3040740966797,135.46387252807617,128.8326922607422,0.014460874707044182,0.01577167514318209,4.515620750892225,0.3863140275138335,9335220.0
2022-09-01,133.5282440185547,134.67861950519867,131.54515329590856,134.335218949711,8244400,135.6915740966797,139.06546020507812,132.17274475097656,138.56749215590278,139.36592095104382,136.08620658274998,134.05187140501056,136.24964117768596,131.31349046655671,135.30526006916585,136.58444852852247,135.53321035574027,-0.015942994931900767,-0.01607145162810032,-0.015938317394831536,0.032441181581666756,137.7450744628906,135.7111557006836,128.9872442626953,0.012055100506254052,0.014875085473470702,3.1334662092901056,-0.8069749311563044,9373960.0
2022-09-02,135.5113067626953,136.61016200837344,134.54121849917172,135.84611401568492,7526600,133.5282440185547,140.09559631347656,128.58258056640625,134.67861950519867,140.2329564955968,132.24081459493112,131.54515329590856,137.93221929294074,128.23376933755486,134.335218949711,138.78212068299823,132.13872856948686,0.01485126056076247,0.014742060436076584,-0.015942994931900767,0.0074075626462482,136.79044494628906,135.9512481689453,129.2740200805664,0.016938597050745484,0.01479268483567014,2.0689435092017163,-0.3348072529896058,9326120.0
2022-09-06,134.8846435546875,137.34849499684876,133.67419428592157,137.26264158515576,8550000,135.5113067626953,141.3232421875,130.70945739746094,136.61016200837344,141.56361599671197,131.87498277572266,134.54121849917172,139.59769882150178,126.77898969799814,135.84611401568492,140.72230766447004,127.30645146367496,-0.004624434838527591,-0.004635160617199774,0.01485126056076247,0.008762915511465907,135.50101318359376,136.16979064941407,129.50844696044922,0.015165956417004996,0.014847017086779582,3.6743007109271844,-2.3779980304682624,9343600.0
2022-09-07,133.15908813476562,133.76861586486743,131.02146412847603,132.25767978997408,9442100,134.8846435546875,140.28445434570312,130.5137939453125,137.34849499684876,142.61952489533107,131.84946708286472,133.67419428592157,139.4688996028625,130.29259024174377,137.26264158515576,140.94547561866324,130.66692298799424,-0.012792823367044459,-0.012875356172515166,-0.004624434838527591,-0.007350438793490621,134.55497131347656,136.21698074340821,129.66072021484376,0.013004684573661945,0.014936938896933191,2.7471517363914018,0.9014083447915482,9469160.0
2022-09-08,133.88018798828125,134.24934184684676,131.6738973337049,133.5711341227287,9232500,133.15908813476562,141.33180236816406,132.2152862548828,133.76861586486743,143.22045889903677,134.24858170565955,131.02146412847603,140.48190103454715,131.526179655876,132.25767978997408,140.69652139258696,132.66618348587335,0.0054153258603411025,0.005400715705353201,-0.012792823367044459,0.007465887986989328,134.19269409179688,136.28278732299805,129.78709075927733,0.012794702883188422,0.014971112039136246,2.5754445131418606,0.3090538655525563,8599120.0
2022-09-09,137.331298828125,137.91506001238488,135.23660168575384,135.9920696648095,8261100,133.88018798828125,137.88929748535156,132.56405639648438,134.24934184684676,139.55475372926568,133.11703947632492,131.6738973337049,136.29252133493156,130.10537300003847,133.5711341227287,139.34872654817175,132.71718537929576,0.025777606766923755,0.025450965716156244,0.0054153258603411025,-0.02435760971790979,134.95330505371095,136.3595054626465,130.03284774780275,0.015293071560560915,0.015090130444650605,2.678458326631045,1.3392291633155082,8602460.0
2022-09-12,139.5032501220703,141.24596659872108,138.43014819805438,139.76937730332406,8920800,137.331298828125,135.6915740966797,135.79693603515625,137.91506001238488,138.56749215590278,137.10710047736674,135.23660168575384,134.05187140501056,134.09543321358984,135.9920696648095,135.30526006916585,134.51230607819068,0.01581541362004879,0.015691653142743175,0.025777606766923755,-0.015938317394831536,135.75169372558594,136.53503875732423,130.35947692871093,0.015442257783064286,0.015466423903509108,2.8158184006667,-0.2661271812537507,8881300.0
2022-09-13,136.85055541992188,139.6406206284861,136.2753743180831,138.56751862519215,10308300,139.5032501220703,133.5282440185547,135.99258422851562,141.24596659872108,134.67861950519867,136.0436272233797,138.43014819805438,131.54515329590856,133.6870427695008,139.76937730332406,134.335218949711,134.63137711878562,-0.01901528960670973,-0.019198405273920607,0.01581541362004879,-0.015942994931900767,136.1448760986328,136.7072509765625,130.60361587524415,0.01886111226167739,0.015466252944505113,3.365246310402995,-1.7169632052702752,9232960.0
2022-09-14,140.16429138183594,140.42183847598466,137.65752673752635,138.1640277264056,11160800,136.85055541992188,135.5113067626953,133.40631103515625,139.6406206284861,136.61016200837344,134.24004368534872,136.2753743180831,134.54121849917172,130.53928327040876,138.56751862519215,135.84611401568492,132.01958224381082,0.024214267539842682,0.02392575037287719,-0.01901528960670973,0.01485126056076247,137.54591674804686,137.06216430664062,130.9795378112793,0.018348904084977025,0.016245762057923184,2.7643117384583036,2.000263655430331,9576700.0
2022-09-15,137.88929748535156,138.81645909843948,136.99648246870493,137.94080428062503,9665000,140.16429138183594,134.8846435546875,133.06602478027344,140.42183847598466,137.34849499684876,134.35065467452733,137.65752673752635,133.67419428592157,132.56408458795923,138.1640277264056,137.26264158515576,133.9167761495256,-0.016230909271226834,-0.016364073361286476,0.024214267539842682,-0.004624434838527591,138.34773864746094,137.24845428466796,131.3419480895996,0.02201800793056455,0.016723018251251755,1.8199766297345548,-0.05150679527346824,9663200.0
2022-09-16,134.30941772460938,138.33569774582702,133.58829646392817,137.80344344857,43741600,137.88929748535156,133.15908813476562,134.1634979248047,138.81645909843948,133.76861586486743,135.55872975085217,136.99648246870493,131.02146412847603,132.30035021593469,137.94080428062503,132.25767978997408,133.25320064498325,-0.025961984186064102,-0.026304945491485935,-0.016230909271226834,-0.012792823367044459,137.7433624267578,137.1381378173828,131.5861395263672,0.022615263371001944,0.017345259162635372,4.747401281898846,-3.4940257239606183,16759300.0
2022-09-19,134.69577026367188,134.7386969675218,131.17600323762088,131.2875969483617,6813800,134.30941772460938,133.88018798828125,136.5157470703125,138.33569774582702,134.24934184684676,137.06517476780334,133.58829646392817,131.6738973337049,134.85887077827024,137.80344344857,133.5711341227287,134.9103775781304,0.002876585615572358,0.0028724561604292387,-0.025961984186064102,0.0054153258603411025,136.78186645507813,137.10422744750977,131.85081939697267,0.02037679645302371,0.01726482995429012,3.5626937299009285,3.408173315310165,16337900.0
2022-09-20,134.16348266601562,134.65282339009843,132.49802652349794,133.95744239807743,8955200,134.69577026367188,137.331298828125,135.3739776611328,134.7386969675218,137.91506001238488,137.13386771780927,131.17600323762088,135.23660168575384,135.31387765607113,131.2875969483617,135.9920696648095,136.0350122198572,-0.003951776634220083,-0.003959605535689994,0.002876585615572358,0.025777606766923755,136.24445190429688,137.07761306762694,132.12629287719727,0.019203381776024285,0.017250639660609572,2.154796866600492,0.2060402679381923,16067280.0
2022-09-21,133.07322692871094,136.3097062000477,133.02172012906672,135.90621880364864,6877000,134.16348266601562,139.5032501220703,134.69577026367188,134.65282339009843,141.24596659872108,135.41690482993474,132.49802652349794,138.43014819805438,132.5667393665013,133.95744239807743,139.76937730332406,134.5154964466493,-0.00812632257034318,-0.008159521106605252,-0.003951776634220083,0.01581541362004879,134.82623901367188,136.7780014038086,132.42402969360353,0.011170479235559081,0.015527240313248392,3.287986070980992,-2.8329918749377043,15210520.0
2022-09-22,132.97019958496094,135.88045135854688,132.8414325991604,135.2966902237335,6981100,133.07322692871094,136.85055541992188,139.06546020507812,136.3097062000477,139.6406206284861,139.36592095104382,133.02172012906672,136.2753743180831,136.24964117768596,135.90621880364864,138.56751862519215,136.58444852852247,-0.0007742154160370607,-0.0007745152755728485,-0.00812632257034318,-0.01901528960670973,133.84241943359376,136.4217315673828,132.73553009033202,0.01124998431548464,0.015370967179418401,3.0390187593864653,-2.3264906387725546,14673740.0
2022-09-26,121.01156616210938,124.522752589974,120.95146616535123,123.25220355214458,9444000,124.2823715209961,137.88929748535156,141.3232421875,128.92674652149913,138.81645909843948,141.56361599671197,123.32945652360054,136.99648246870493,139.59769882150178,128.5576057609437,137.94080428062503,140.72230766447004,-0.02631753255797953,-0.026670037278445403,-0.06533665506318043,-0.016230909271226834,129.10016937255858,134.60604362487794,132.98626739501952,0.026736783086313887,0.021054290192433836,3.5712864246227696,-2.2406373900352037,9235400.0
2022-09-27,121.06305694580078,123.42388091768012,120.58230943288368,122.15331894852804,10121000,121.01156616210938,134.30941772460938,140.28445434570312,124.522752589974,138.33569774582702,142.61952489533107,120.95146616535123,133.58829646392817,139.4688996028625,123.25220355214458,137.80344344857,140.94547561866324,0.0004255029938413646,0.00042541249311379086,-0.02631753255797953,-0.025961984186064102,126.48008422851562,133.59260635375978,133.03257095336915,0.02749152756471564,0.020855009885185814,2.8415714847964466,-1.0902620027272576,9468560.0
2022-09-28,125.14942169189452,125.71602257897898,121.389268840463,121.9730430239586,8279800,121.06305694580078,134.69577026367188,141.33180236816406,123.42388091768012,134.7386969675218,143.22045889903677,120.58230943288368,131.17600323762088,140.48190103454715,122.15331894852804,131.2875969483617,140.69652139258696,0.03375401917963439,0.03319685530915817,0.0004255029938413646,0.002876585615572358,124.89532318115235,132.95561256408692,133.0750161743164,0.03682057462716148,0.022375426734535953,4.3267537385159756,3.1763786679359214,9749120.0
2022-09-29,124.2823715209961,124.83179916187534,122.1361677520321,124.05915794541536,8197600,125.14942169189452,134.16348266601562,137.88929748535156,125.71602257897898,134.65282339009843,139.55475372926568,121.389268840463,132.49802652349794,136.29252133493156,121.9730430239586,133.95744239807743,139.34872654817175,-0.006928119676277933,-0.006952230523826567,0.03375401917963439,-0.003951776634220083,123.15775756835937,132.38515243530273,133.0676219177246,0.03646731747149227,0.022225202685157954,2.6956314098432443,0.22321357558072918,9992420.0
2022-09-30,123.3380355834961,124.60000443696306,122.32503370078824,123.64708944759796,9402700,124.2823715209961,133.07322692871094,135.6915740966797,124.83179916187534,136.3097062000477,138.56749215590278,122.1361677520321,133.02172012906672,134.05187140501056,124.05915794541536,135.90621880364864,135.30526006916585,-0.007598309606929754,-0.0076273238274993825,-0.006928119676277933,-0.00812632257034318,122.96889038085938,131.8756420135498,133.06039733886718,0.021960063657876193,0.022069819306792415,2.274970736174822,-0.30905386410186964,9089020.0
2022-10-03,130.25738525390625,130.7810594564045,127.31280020172186,127.88798119473022,9597400,123.3380355834961,132.97019958496094,133.5282440185547,124.60000443696306,135.88045135854688,134.67861950519867,122.32503370078824,132.8414325991604,131.54515329590856,123.64708944759796,135.2966902237335,134.335218949711,0.05610069625055747,0.054583537035823346,-0.007598309606929754,-0.0007742154160370607,124.81805419921875,131.61294593811036,133.21214782714844,0.028481611702409346,0.02555030059409288,3.46825925468265,2.369404059176034,9119700.0
2022-10-04,135.32247924804688,135.53709968047764,131.88855232915475,132.57532723341987,9520200,130.25738525390625,124.2823715209961,135.5113067626953,130.7810594564045,128.92674652149913,136.61016200837344,127.31280020172186,123.32945652360054,134.54121849917172,127.88798119473022,128.5576057609437,135.84611401568492,0.03888527306353806,0.03814828548471966,0.05610069625055747,-0.06533665506318043,127.66993865966796,131.63483772277831,133.3922055053711,0.02870310140658529,0.027090840789616794,3.6485473513228897,2.747152014627005,8999540.0
2022-10-05,136.09507751464844,137.12525274297053,132.89294503765615,133.78576007569828,10633100,135.32247924804688,121.01156616210938,134.8846435546875,135.53709968047764,124.522752589974,137.34849499684876,131.88855232915475,120.95146616535123,133.67419428592157,132.57532723341987,123.25220355214458,137.26264158515576,0.00570931208838843,0.00569307573575013,0.03888527306353806,-0.02631753255797953,129.85906982421875,131.78163719177246,133.6074528503418,0.028777889783507052,0.02692802670807037,4.232307705314383,2.30931743895016,9470200.0
2022-10-06,138.57608032226562,139.02249436418035,134.95328739230808,135.07347427674034,9498300,136.09507751464844,121.06305694580078,133.15908813476562,137.12525274297053,123.42388091768012,133.76861586486743,132.89294503765615,120.58230943288368,131.02146412847603,133.78576007569828,122.15331894852804,132.25767978997408,0.018229923175216545,0.018065750362281467,0.00570931208838843,0.0004255029938413646,132.71781158447266,132.01643180847168,133.8393112182617,0.025511162873516385,0.02717896577905636,4.069206971872262,3.502606045525283,9730340.0
2022-10-07,137.38279724121094,140.73086994513943,136.550069114959,139.5118277529555,9972500,138.57608032226562,125.14942169189452,133.88018798828125,139.02249436418035,125.71602257897898,134.24934184684676,134.95328739230808,121.389268840463,131.6738973337049,135.07347427674034,121.9730430239586,133.5711341227287,-0.008611032136856878,-0.00864832129382698,0.018229923175216545,0.03375401917963439,135.52676391601562,132.01900672912598,134.02807693481446,0.0258098114615378,0.026683958835381,4.180800830180431,-2.12903051174456,9844300.0
2022-10-10,134.9018096923828,138.61903691173768,134.30087514062134,138.2155494771141,5904500,137.38279724121094,124.2823715209961,137.331298828125,140.73086994513943,124.83179916187534,137.91506001238488,136.550069114959,122.1361677520321,135.23660168575384,139.5118277529555,124.05915794541536,135.9920696648095,-0.018058938954868653,-0.018223991731211798,-0.008611032136856878,-0.006928119676277933,136.45564880371094,131.7889347076416,133.9393916320801,0.022449030284285486,0.026726208341131593,4.318161771116337,-3.313739784731297,9105720.0
2022-10-11,134.92750549316406,137.2969091854763,132.30055478879098,132.84998230147434,7533300,134.9018096923828,123.3380355834961,139.5032501220703,138.61903691173768,124.60000443696306,141.24596659872108,134.30087514062134,122.32503370078824,138.43014819805438,138.2155494771141,123.64708944759796,139.76937730332406,0.00019047780633818512,0.00019045966774412792,-0.018058938954868653,-0.007598309606929754,136.37665405273438,131.69278221130372,133.90685928344726,0.013819797337206575,0.02640059327530276,4.996354396685319,2.077523191689721,8708340.0
2022-10-12,135.3310089111328,136.33543058862963,133.51103251423808,134.04328679648765,4942000,134.92750549316406,130.25738525390625,136.85055541992188,137.2969091854763,130.7810594564045,139.6406206284861,132.30055478879098,127.31280020172186,136.2753743180831,132.84998230147434,127.88798119473022,138.56751862519215,0.0029905201055480113,0.0029860573952999033,0.00019047780633818512,0.05610069625055747,136.22384033203124,131.45111808776855,133.90570846557617,0.013565150390966348,0.025779415275203863,2.824398074391553,1.2877221146451632,7570120.0
2022-10-13,141.8898162841797,142.49934389148365,134.22358304637797,134.22358304637797,10227500,135.3310089111328,135.32247924804688,140.16429138183594,136.33543058862963,135.53709968047764,140.42183847598466,133.51103251423808,131.88855232915475,137.65752673752635,134.04328679648765,132.57532723341987,138.1640277264056,0.048464926300474165,0.047327119489385006,0.0029905201055480113,0.03888527306353806,136.88658752441407,131.65114402770996,134.10004989624022,0.025658059539780224,0.027804779580101174,8.27576084510568,7.66623323780172,7715960.0
2022-10-14,137.47723388671875,142.04436198699494,137.2969469988073,140.82530666745598,7327900,141.8898162841797,136.09507751464844,137.88929748535156,142.49934389148365,137.12525274297053,138.81645909843948,134.22358304637797,132.89294503765615,136.99648246870493,134.22358304637797,133.78576007569828,137.94080428062503,-0.0310986546675297,-0.031592483076846596,0.048464926300474165,0.00570931208838843,136.9054748535156,131.80953483581544,134.27794296264648,0.03020696034893181,0.028096885654901246,4.747414988187643,-3.348072780737226,7187040.0
2022-10-17,138.48167419433594,141.57221340374596,138.30140038176484,140.1814642098162,5890400,137.47723388671875,138.57608032226562,134.30941772460938,142.04436198699494,139.02249436418035,138.33569774582702,137.2969469988073,134.95328739230808,133.58829646392817,140.82530666745598,135.07347427674034,137.80344344857,0.00730623012421705,0.007279668921279039,-0.0310986546675297,0.018229923175216545,137.62144775390624,131.99883003234862,134.433387298584,0.028386495053116183,0.028125410100202215,3.2708130219811267,-1.6997900154802608,7184220.0
2022-10-18,139.69212341308594,140.19862440022703,136.46423739574843,139.3830695210459,5631200,138.48167419433594,137.38279724121094,134.69577026367188,141.57221340374596,140.73086994513943,134.7386969675218,138.30140038176484,136.550069114959,131.17600323762088,140.1814642098162,139.5118277529555,131.2875969483617,0.008740862108955527,0.008702881932942838,0.00730623012421705,-0.008611032136856878,138.57437133789062,132.27526206970214,134.61695388793945,0.02823850973995292,0.02813287816382626,3.734387004478606,0.3090538920400263,6803800.0
2022-10-19,144.2248992919922,145.26366772324295,140.43899254172408,140.43899254172408,9766800,139.69212341308594,134.9018096923828,134.16348266601562,140.19862440022703,138.61903691173768,134.65282339009843,136.46423739574843,134.30087514062134,132.49802652349794,139.3830695210459,138.2155494771141,133.95744239807743,0.03244832828191968,0.031932999353210166,0.008740862108955527,-0.018058938954868653,140.3531494140625,132.8328456878662,134.85714614868164,0.030129307087315933,0.028789355153631797,4.82467518151887,3.7859067502681114,7768760.0
2022-10-20,145.04905700683594,147.5043149086245,144.17340210636027,145.34093760719796,8871500,144.2248992919922,134.92750549316406,133.07322692871094,145.26366772324295,137.2969091854763,136.3097062000477,140.43899254172408,132.30055478879098,133.02172012906672,140.43899254172408,132.84998230147434,135.90621880364864,0.005714392721988926,0.005698127514336964,0.03244832828191968,0.00019047780633818512,140.98499755859376,133.43678855895996,135.10684616088867,0.022779558564385266,0.02876421694342435,3.330912802264237,-0.29188060036202046,7497560.0
2022-10-21,148.68038940429688,149.23839705068173,144.95458343146592,145.21211736094443,7971300,145.04905700683594,135.3310089111328,132.97019958496094,147.5043149086245,136.33543058862963,135.88045135854688,144.17340210636027,133.51103251423808,132.8414325991604,145.34093760719796,134.04328679648765,135.2966902237335,0.025035201692416464,0.024726955115212893,0.005714392721988926,0.0029905201055480113,143.2256286621094,134.656689453125,135.36451522827147,0.012105151868655644,0.02385385161988897,4.283813619215806,3.4682720433524423,7626240.0
2022-10-24,148.62892150878906,149.950977390458,147.32402582731814,147.72751322159277,7007700,148.68038940429688,141.8898162841797,124.2823715209961,149.23839705068173,142.49934389148365,128.92674652149913,144.95458343146592,134.22358304637797,123.32945652360054,145.21211736094443,134.22358304637797,128.5576057609437,-0.0003461646536845331,-0.00034622458249882057,0.025035201692416464,0.048464926300474165,145.255078125,136.03755722045898,135.61724197387696,0.013817845930113617,0.022482080588887354,2.626951563139869,0.9014082871962898,7849700.0
2022-10-25,150.1741485595703,150.2342485466947,147.80474455541315,148.56879249547515,7280600,148.62892150878906,137.47723388671875,121.01156616210938,149.950977390458,142.04436198699494,124.522752589974,147.32402582731814,137.2969469988073,120.95146616535123,147.72751322159277,140.82530666745598,123.25220355214458,0.010396543519895385,0.010342871145576636,-0.0003461646536845331,-0.0310986546675297,147.3514831542969,137.49311180114745,135.95259872436523,0.013669810048256315,0.02235553459267902,2.4295039912815355,1.6053560640951616,8179580.0
2022-10-26,152.02847290039062,153.221761561019,150.38019013099375,150.50897020479184,6865300,150.1741485595703,138.48167419433594,121.06305694580078,150.2342485466947,141.57221340374596,123.42388091768012,147.80474455541315,138.30140038176484,120.58230943288368,148.56879249547515,140.1814642098162,122.15331894852804,0.012347826564069075,0.012272213951632496,0.010396543519895385,0.00730623012421705,148.91219787597657,138.83706436157226,136.3318476867676,0.009422773613430285,0.02171541529527605,2.8415714300252546,1.5195026955987885,7599280.0
2022-10-27,152.723876953125,155.72856266237224,152.36331623994215,154.4322601150203,9177400,152.02847290039062,139.69212341308594,125.14942169189452,153.221761561019,140.19862440022703,125.71602257897898,150.38019013099375,136.46423739574843,121.389268840463,150.50897020479184,139.3830695210459,121.9730430239586,0.004574169821399243,0.004563740099407542,0.012347826564069075,0.008740862108955527,150.44716186523436,140.2591396331787,136.70305526733398,0.009583886338545712,0.02139353328498836,3.36524642243009,-1.7083831618953127,7660460.0
2022-10-28,154.50950622558594,156.98193728978197,151.54774748791132,155.78864845520744,10773900,152.723876953125,144.2248992919922,124.2823715209961,155.72856266237224,145.26366772324295,124.83179916187534,152.36331623994215,140.43899254172408,122.1361677520321,154.4322601150203,140.43899254172408,124.05915794541536,0.01169188019636902,0.01162405829690591,0.004574169821399243,0.03244832828191968,151.61298522949218,141.8177131652832,137.06293045043947,0.005461568689391052,0.02096175213245577,5.4341898018706445,-1.279142229621499,8220980.0
2022-10-31,155.29930114746094,157.82323890272414,152.86121678363205,152.86121678363205,13281000,154.50950622558594,145.04905700683594,123.3380355834961,156.98193728978197,147.5043149086245,124.60000443696306,151.54774748791132,144.17340210636027,122.32503370078824,155.78864845520744,145.34093760719796,123.64708944759796,0.005111626728790952,0.0050986067150022565,0.01169188019636902,0.005714392721988926,152.94706115722656,143.06980895996094,137.46143692016602,0.0037066748781818073,0.0181713050390922,4.962022119092097,2.4380843638288923,9475640.0
2022-11-01,156.43252563476562,158.38986272784138,156.15780522200188,157.84901510233166,9185600,155.29930114746094,148.68038940429688,130.25738525390625,157.82323890272414,149.23839705068173,130.7810594564045,152.86121678363205,144.95458343146592,127.31280020172186,152.86121678363205,145.21211736094443,127.88798119473022,0.0072970353306913704,0.007270540778102256,0.005111626728790952,0.025035201692416464,154.19873657226563,144.12531127929688,137.89617202758788,0.0036365378471056673,0.016753214906752828,2.2320575058394923,-1.4164894675660378,9856640.0
2022-11-02,153.23898315429688,157.01629738725137,153.0415360315074,155.3250873935636,8087500,156.43252563476562,148.62892150878906,135.32247924804688,158.38986272784138,149.950977390458,135.53709968047764,156.15780522200188,147.32402582731814,131.88855232915475,157.84901510233166,147.72751322159277,132.57532723341987,-0.020414824011247834,-0.02062608673733463,0.0072970353306913704,-0.0003461646536845331,154.4408386230469,144.9825065612793,138.17964248657228,0.01265028096279636,0.017873484846421272,3.974761355743965,-2.0861042392667173,10101080.0
2022-11-03,155.49681091308594,156.40679951516003,152.30325760430992,152.78400531111188,6607800,153.23898315429688,150.1741485595703,136.09507751464844,157.01629738725137,150.2342485466947,137.12525274297053,153.0415360315074,147.80474455541315,132.89294503765615,155.3250873935636,148.56879249547515,133.78576007569828,0.014734029894440503,0.014626538642532202,-0.020414824011247834,0.010396543519895385,154.99542541503905,145.82854309082032,138.48766677856446,0.013982799853725962,0.017765388784043788,4.103541910850112,2.712805601974054,9587160.0
2022-11-04,157.4627227783203,159.1625129945462,155.04181102786433,158.68176530505946,7491900,155.49681091308594,152.02847290039062,138.57608032226562,156.40679951516003,153.221761561019,139.02249436418035,152.30325760430992,150.38019013099375,134.95328739230808,152.78400531111188,150.50897020479184,135.07347427674034,0.012642779319334219,0.012563526668337523,0.014734029894440503,0.012347826564069075,155.58606872558593,146.8325393676758,138.81045639038086,0.0141246911702513,0.017483506745530637,4.120701966681878,-1.2190425267391447,8930760.0
2022-11-07,159.34275817871094,160.0037926282549,156.3380728072785,156.672880081834,7578000,157.4627227783203,152.723876953125,137.38279724121094,159.1625129945462,155.72856266237224,140.73086994513943,155.04181102786433,152.36331623994215,136.550069114959,158.68176530505946,154.4322601150203,139.5118277529555,0.011939558564838082,0.011868844343378312,0.012642779319334219,0.004574169821399243,156.39476013183594,148.0545867919922,139.19162246704101,0.014596431235468334,0.01647954984596959,3.665719820976392,2.6698780968769427,7790160.0
2022-11-08,159.11097717285156,159.892198575517,157.84042806810743,159.09381697235034,6308200,159.34275817871094,154.50950622558594,134.9018096923828,160.0037926282549,156.98193728978197,138.61903691173768,156.3380728072785,151.54774748791132,134.30087514062134,156.672880081834,155.78864845520744,138.2155494771141,-0.001454606462876873,-0.0014556654299025579,0.011939558564838082,0.01169188019636902,156.93045043945312,149.26376037597657,139.54720596313476,0.014811198125755919,0.016527183417712345,2.0517705074095716,0.017160200501223244,7214680.0
2022-11-09,152.7496337890625,157.79751008591666,152.14011915285295,157.62581637569102,8021700,159.11097717285156,155.29930114746094,134.92750549316406,159.892198575517,157.82323890272414,137.2969091854763,157.84042806810743,152.86121678363205,132.30055478879098,159.09381697235034,152.86121678363205,132.84998230147434,-0.0399805437488977,-0.040801727797394986,-0.001454606462876873,0.005111626728790952,156.83258056640625,150.13469161987305,139.84441268920898,0.023017094056322664,0.01974764444223985,5.657390933063709,-4.8761825866285164,7201520.0
2022-11-10,155.64268493652344,156.5269197561188,152.8440271080605,156.4410663738838,6981500,152.7496337890625,156.43252563476562,135.3310089111328,157.79751008591666,158.38986272784138,136.33543058862963,152.14011915285295,156.15780522200188,133.51103251423808,157.62581637569102,157.84901510233166,134.04328679648765,0.018939823786785936,0.018762698313097483,-0.0399805437488977,0.0072970353306913704,156.86175537109375,150.82233505249025,140.24343490600586,0.023773927356288416,0.017389061052738894,3.6828926480582993,-0.7983814373603764,7276260.0
2022-11-11,160.07247924804688,160.62190692867262,157.86617532623788,158.00353552124162,8428300,155.64268493652344,153.23898315429688,141.8898162841797,156.5269197561188,157.01629738725137,142.49934389148365,152.8440271080605,153.0415360315074,134.22358304637797,156.4410663738838,155.3250873935636,134.22358304637797,0.028461307470569963,0.028063809053741572,0.018939823786785936,-0.020414824011247834,157.38370666503906,151.95209732055665,140.7743196105957,0.02668217614533785,0.01596248002282254,2.755731602434736,2.0689437268052586,7463540.0
2022-11-14,160.14974975585938,162.83678833439382,159.83210264703956,159.94370945008896,9722400,160.07247924804688,155.49681091308594,137.47723388671875,160.62190692867262,156.40679951516003,142.04436198699494,157.86617532623788,152.30325760430992,137.2969469988073,158.00353552124162,152.78400531111188,140.82530666745598,0.00048272200302945656,0.00048260553024449544,0.028461307470569963,0.014734029894440503,157.54510498046875,153.0355010986328,141.267088470459,0.026273744369420312,0.01604537895869564,3.004685687354254,0.206040305770415,7892420.0
2022-11-15,161.43746948242188,161.7722767865579,159.05089165306453,160.63907477293452,7747300,160.14974975585938,157.4627227783203,138.48167419433594,162.83678833439382,159.1625129945462,141.57221340374596,159.83210264703956,155.04181102786433,138.30140038176484,159.94370945008896,158.68176530505946,140.1814642098162,0.008040722689392599,0.008008568326584356,0.00048272200302945656,0.012642779319334219,158.01040344238282,154.1227684020996,141.79814498901368,0.02636878190115038,0.01604310473090563,2.721385133493385,0.7983947094873542,8180240.0
2022-11-16,158.8105010986328,161.24000537212964,157.68587930396032,160.14113697510575,7941100,161.43746948242188,159.34275817871094,139.69212341308594,161.7722767865579,160.0037926282549,140.19862440022703,159.05089165306453,156.3380728072785,136.46423739574843,160.63907477293452,156.672880081834,139.3830695210459,-0.016272358531208897,-0.016406207367722053,0.008040722689392599,0.011939558564838082,159.2225769042969,154.85204849243163,142.31117324829103,0.017204499214123287,0.01573275469394889,3.5541260681693245,-1.3306358764729396,8164120.0
2022-11-17,159.26034545898438,159.38146204110723,155.95558546065038,157.02832855924797,6550500,158.8105010986328,159.11097717285156,144.2248992919922,161.24000537212964,159.892198575517,145.26366772324295,157.68587930396032,157.84042806810743,140.43899254172408,160.14113697510575,159.09381697235034,140.43899254172408,0.0028325857373385777,0.0028285815260911417,-0.016272358531208897,-0.001454606462876873,159.94610900878905,155.56261291503907,142.81877639770508,0.0161002503727688,0.015738552688835835,3.425876580456844,2.232016899736408,8077920.0
2022-11-18,158.30873107910156,158.67208085332604,155.41921262570386,156.55253390332402,7661500,159.26034545898438,152.7496337890625,145.04905700683594,159.38146204110723,157.79751008591666,147.5043149086245,155.95558546065038,152.14011915285295,144.17340210636027,157.02832855924797,157.62581637569102,145.34093760719796,-0.005975212330101898,-0.005993135342832092,0.0028325857373385777,-0.0399805437488977,159.593359375,156.0440299987793,143.2383250427246,0.009349832456024297,0.01515721513005532,3.252868227622173,1.7561971757775439,7924560.0
2022-11-21,156.79476928710938,157.19271814987155,152.10580803860407,155.488426174957,8432900,158.30873107910156,155.64268493652344,148.68038940429688,158.67208085332604,156.5269197561188,149.23839705068173,155.41921262570386,152.8440271080605,144.95458343146592,156.55253390332402,156.4410663738838,145.21211736094443,-0.009563349928158438,-0.009609372413543664,-0.005975212330101898,0.018939823786785936,158.92236328125,156.45232238769532,143.5841554260254,0.009707606778231471,0.015410401518386107,5.0869101112674855,1.3063431121523763,7666660.0
2022-11-22,160.81759643554688,161.3972268379342,158.38660469394398,158.9662350963313,9018000,156.79476928710938,160.07247924804688,148.62892150878906,157.19271814987155,160.62190692867262,149.950977390458,152.10580803860407,157.86617532623788,147.32402582731814,155.488426174957,158.00353552124162,147.72751322159277,0.025656641268888558,0.025333033105553474,-0.009563349928158438,0.028461307470569963,158.798388671875,156.98449478149413,144.06349624633788,0.01624831167882002,0.01616601515488346,3.0106221439902185,1.8513613392155719,7920800.0
2022-11-23,159.39012145996094,160.17737264215742,157.95401541654567,158.4990466355964,5831200,160.81759643554688,160.14974975585938,150.1741485595703,161.3972268379342,162.83678833439382,150.2342485466947,158.38660469394398,159.83210264703956,147.80474455541315,158.9662350963313,159.94370945008896,148.56879249547515,-0.008876360592530386,-0.008915990166432993,0.025656641268888558,0.00048272200302945656,158.91431274414063,157.35257720947266,144.4480128479004,0.014738702401300971,0.016254788964932102,2.2233572256117498,0.8910748243645514,7498820.0
2022-11-25,158.9229736328125,160.3071746781342,158.58557644311426,159.95247134517157,2796400,159.39012145996094,161.43746948242188,152.02847290039062,160.17737264215742,161.7722767865579,153.221761561019,157.95401541654567,159.05089165306453,150.38019013099375,158.4990466355964,160.63907477293452,150.50897020479184,-0.0029308455434347014,-0.002935148881570866,-0.008876360592530386,0.008040722689392599,158.84683837890626,157.66253204345702,144.86868637084962,0.01476679610069199,0.01629081338749536,1.7215982350199397,-1.029497712359074,6748000.0
2022-11-28,154.30322265625,156.99375368898146,153.95717899702618,155.96425598181935,9365500,158.9229736328125,158.8105010986328,152.723876953125,160.3071746781342,161.24000537212964,155.72856266237224,158.58557644311426,157.68587930396032,152.36331623994215,159.95247134517157,160.14113697510575,154.4322601150203,-0.029069119907335184,-0.02949999747513381,-0.0029308455434347014,-0.016272358531208897,158.04573669433594,157.65221786499023,145.26856246948242,0.019743825024486943,0.01753243065902126,3.0365746919552805,-1.661033325569349,7088800.0
2022-11-29,156.61306762695312,157.32247415287944,155.41919479098777,155.94691985029104,6985400,154.30322265625,159.26034545898438,154.50950622558594,156.99375368898146,159.38146204110723,156.98193728978197,153.95717899702618,155.95558546065038,151.54774748791132,155.96425598181935,157.02832855924797,155.78864845520744,0.014969518659042613,0.014858581165024287,-0.029069119907335184,0.0028325857373385777,158.0093963623047,157.71790618896483,145.70690841674804,0.021299827338630874,0.017817579106800596,1.9032793618916628,0.6661477766620862,6799300.0
2022-11-30,158.58555603027344,158.6115086414697,155.39325284595623,158.18760719145237,10936700,156.61306762695312,158.30873107910156,155.29930114746094,157.32247415287944,158.67208085332604,157.82323890272414,155.41919479098777,155.41921262570386,152.86121678363205,155.94691985029104,156.55253390332402,152.86121678363205,0.01259466041504731,0.012516007396422153,0.014969518659042613,-0.005975212330101898,157.56298828125,157.82555770874023,146.1953498840332,0.017886186524962197,0.017961598025088274,3.218255795513471,0.39794883882106546,7183040.0
2022-12-01,157.87615966796875,159.65830934020576,156.96777869114106,159.40741650243402,5217400,158.58555603027344,156.79476928710938,156.43252563476562,158.6115086414697,157.19271814987155,158.38986272784138,155.39325284595623,152.10580803860407,156.15780522200188,158.18760719145237,155.488426174957,157.84901510233166,-0.004473272220133717,-0.00448330723974344,0.01259466041504731,-0.009563349928158438,157.26019592285155,158.05741653442382,146.69140853881837,0.017610021628176882,0.01731076038398555,2.690530649064698,-1.5312568344652675,7060280.0
2022-12-02,156.61306762695312,158.86239058152495,155.66142794600728,157.0456287181618,6852300,157.87615966796875,160.81759643554688,153.23898315429688,159.65830934020576,161.3972268379342,157.01629738725137,156.96777869114106,158.38660469394398,153.0415360315074,159.40741650243402,158.9662350963313,155.3250873935636,-0.008000524231600581,-0.008032700156678672,-0.004473272220133717,0.025656641268888558,156.7982147216797,158.11322937011718,147.1642658996582,0.01783720287180829,0.017151030078189123,3.2009626355176692,-0.4325610912086688,7871460.0
2022-12-05,152.74598693847656,158.27411775408896,151.07630728214102,158.03188457286635,8162200,156.61306762695312,159.39012145996094,155.49681091308594,158.86239058152495,160.17737264215742,156.40679951516003,155.66142794600728,157.95401541654567,152.30325760430992,157.0456287181618,158.4990466355964,152.78400531111188,-0.02469194140100628,-0.02500190035093171,-0.008000524231600581,-0.008876360592530386,156.486767578125,157.877392578125,147.73353820800781,0.016263336805099372,0.017779878696066342,7.197810471947946,-5.285897634389784,7630800.0
2022-12-06,148.80966186523438,154.04365370970208,148.03970365080872,151.8375895040997,8765000,152.74598693847656,158.9229736328125,157.4627227783203,158.27411775408896,160.3071746781342,159.1625129945462,151.07630728214102,158.58557644311426,155.04181102786433,158.03188457286635,159.95247134517157,158.68176530505946,-0.025770399289296364,-0.026108273437030673,-0.02469194140100628,-0.0029308455434347014,154.92608642578125,157.35073776245116,148.2895001220703,0.0158870750704457,0.0182866094544758,6.003950058893366,-3.0279276388653216,7986720.0
2022-12-07,149.25086975097656,151.03301918113445,147.80611741487073,147.98778566512874,6936300,148.80966186523438,154.30322265625,159.34275817871094,154.04365370970208,156.99375368898146,160.0037926282549,148.03970365080872,153.95717899702618,156.3380728072785,151.8375895040997,155.96425598181935,156.672880081834,0.0029649142415346663,0.0029605275519381836,-0.025770399289296364,-0.029069119907335184,153.05914916992188,156.85773239135742,148.85325637817382,0.012721096682673096,0.018336133918657557,3.2269017662637225,1.2630840858478223,7186640.0
2022-12-08,150.13333129882812,152.60758182182312,148.82700126353518,152.4778187457317,8076600,149.25086975097656,156.61306762695312,159.11097717285156,151.03301918113445,157.32247415287944,159.892198575517,147.80611741487073,155.41919479098777,157.84042806810743,147.98778566512874,155.94691985029104,159.09381697235034,0.0059126057310348035,0.005895194873086656,0.0029649142415346663,0.014969518659042613,151.51058349609374,156.7269172668457,149.3529345703125,0.014914943629648536,0.016218347119678678,3.7805805582879373,-2.344487446903571,7758480.0
2022-12-09,145.34056091308594,149.83054821055185,145.27999600969324,149.06058981469585,10754300,150.13333129882812,158.58555603027344,152.7496337890625,152.60758182182312,158.6115086414697,157.79751008591666,148.82700126353518,155.39325284595623,152.14011915285295,152.4778187457317,158.18760719145237,157.62581637569102,-0.03192342662538117,-0.032444090108327966,0.0059126057310348035,0.01259466041504731,149.2560821533203,156.21181106567383,149.7740983581543,0.01771981768166386,0.016941977398135608,4.550552200858618,-3.7200289016099077,8538880.0
2022-12-12,146.8545379638672,147.5206859559877,145.0896939492314,146.14513120849085,9364900,145.34056091308594,157.87615966796875,155.64268493652344,149.83054821055185,159.65830934020576,156.5269197561188,145.27999600969324,156.96777869114106,152.8440271080605,149.06058981469585,159.40741650243402,156.4410663738838,0.010416755248981113,0.01036287470463745,-0.03192342662538117,-0.004473272220133717,148.07779235839843,155.55091400146483,150.2444284057617,0.01962506026268816,0.015589023464894713,2.4309920067562985,0.7094067553763352,8779420.0
2022-12-13,150.12466430664062,150.92923487058934,149.21628329600873,150.15927658934706,7838800,146.8545379638672,156.61306762695312,160.07247924804688,147.5206859559877,158.86239058152495,160.62190692867262,145.0896939492314,155.66142794600728,157.86617532623788,146.14513120849085,157.0456287181618,158.00353552124162,0.02226779225288933,0.022023485102970825,0.010416755248981113,-0.008000524231600581,148.34079284667968,155.0496597290039,150.64177398681642,0.02030170850413837,0.016656776008456966,1.7129515745806145,-0.03461228270643346,8594180.0
2022-12-14,149.08653259277344,151.32719625749414,148.16950503582794,150.95519999223927,7045500,150.12466430664062,152.74598693847656,160.14974975585938,150.92923487058934,158.27411775408896,162.83678833439382,149.21628329600873,151.07630728214102,159.83210264703956,150.15927658934706,158.03188457286635,159.94370945008896,-0.006915130959072258,-0.00693915127697456,0.02226779225288933,-0.02469194140100628,148.30792541503905,154.43211288452147,150.91705505371092,0.02065329765885294,0.016465170245041322,3.157691221666198,-1.868667399465835,8616020.0
2022-12-15,147.9705047607422,148.25599668912085,145.39244413575642,147.58986205695533,7272900,149.08653259277344,148.80966186523438,161.43746948242188,151.32719625749414,154.04365370970208,161.7722767865579,148.16950503582794,148.03970365080872,159.05089165306453,150.95519999223927,151.8375895040997,160.63907477293452,-0.007485772273473246,-0.007513931282707155,-0.006915130959072258,-0.025770399289296364,147.87536010742187,153.89011306762694,151.15456359863282,0.02055550789574675,0.016231618809233413,2.8635525533644284,0.3806427037868616,8455280.0
2022-12-16,145.9634246826172,147.2005431434869,144.56193088482797,145.79904934569768,23876000,147.9705047607422,149.25086975097656,158.8105010986328,148.25599668912085,151.03301918113445,161.24000537212964,145.39244413575642,147.80611741487073,157.68587930396032,147.58986205695533,147.98778566512874,160.14113697510575,-0.013564055089021365,-0.013656887294138309,-0.007485772273473246,0.0029649142415346663,147.99993286132812,153.2252670288086,151.30231048583985,0.014897549047563905,0.01631396842167942,2.638612258658924,0.16437533691950534,11079620.0
2022-12-19,146.9669952392578,147.78021239466312,145.5568415250669,147.16596969194634,7131600,145.9634246826172,150.13333129882812,159.26034545898438,147.2005431434869,152.60758182182312,159.38146204110723,144.56193088482797,148.82700126353518,155.95558546065038,145.79904934569768,152.4778187457317,157.02832855924797,0.006875493356111484,0.00685196493642951,-0.013564055089021365,0.0059126057310348035,148.02242431640624,152.6581802368164,151.49399444580078,0.014410835357795465,0.016493396691056934,2.2233708695962378,-0.19897445268853176,10632960.0
2022-12-20,149.38067626953125,149.91704790833015,146.72475748955145,146.9064257926906,6199100,146.9669952392578,145.34056091308594,158.30873107910156,147.78021239466312,149.83054821055185,158.67208085332604,145.5568415250669,145.27999600969324,155.41921262570386,147.16596969194634,149.06058981469585,156.55253390332402,0.016423286237457813,0.016289882706603327,0.006875493356111484,-0.03192342662538117,147.87362670898438,152.2874755859375,151.78357177734375,0.01225236209994346,0.017012675446127067,3.192290418778697,2.4742504768406377,10305020.0
2022-12-21,151.1368865966797,152.22694931210376,149.80460385648675,151.5608013416469,5479400,149.38067626953125,146.8545379638672,156.79476928710938,149.91704790833015,147.5206859559877,157.19271814987155,146.72475748955145,145.0896939492314,152.10580803860407,146.9064257926906,146.14513120849085,155.488426174957,0.011756609830709808,0.011688037819668064,0.016423286237457813,0.010416755248981113,148.28369750976563,151.80344009399414,152.10775939941405,0.01280628593400494,0.01606905276096823,2.4223454556170054,-0.42391474496722026,9991800.0
2022-12-22,148.87022399902344,151.57806060446356,145.6260158745696,151.53480185599415,5755000,151.1368865966797,150.12466430664062,160.81759643554688,152.22694931210376,150.92923487058934,161.3972268379342,149.80460385648675,149.21628329600873,158.38660469394398,151.5608013416469,150.15927658934706,158.9662350963313,-0.014997414917676699,-0.015111013364432843,0.011756609830709808,0.02226779225288933,148.46364135742186,151.27744522094727,152.37854370117188,0.014626059459313657,0.016244678407179157,5.95204472989397,-2.664577856970709,9688220.0
2022-12-23,153.4727020263672,153.62843091619348,150.26310544973023,150.61780878698823,6079100,148.87022399902344,149.08653259277344,159.39012145996094,151.57806060446356,151.32719625749414,160.17737264215742,145.6260158745696,148.16950503582794,157.95401541654567,151.53480185599415,150.95519999223927,158.4990466355964,0.030916041527377258,0.030447767700830408,-0.014997414917676699,-0.006915130959072258,149.9654968261719,151.004931640625,152.61020141601563,0.01670530327656421,0.017956094117398978,3.365325466463247,2.854893239378953,6128840.0
2022-12-27,155.4019317626953,155.9209972516222,153.4726994200613,154.30322268335158,5168000,153.4727020263672,147.9705047607422,158.9229736328125,153.62843091619348,148.25599668912085,160.3071746781342,150.26310544973023,145.39244413575642,158.58557644311426,150.61780878698823,147.58986205695533,159.95247134517157,0.012570507398746988,0.012492154511052274,0.030916041527377258,-0.007485772273473246,151.65248413085936,151.05986709594725,152.96869537353516,0.016616318378190668,0.016990248667722006,2.448297831560893,1.0987090793437346,5736120.0
2022-12-28,153.10934448242188,155.11643460097065,152.20096340636692,154.73577866809285,4494400,155.4019317626953,145.9634246826172,154.30322265625,155.9209972516222,147.2005431434869,156.99375368898146,153.4726994200613,144.56193088482797,153.95717899702618,154.30322268335158,145.79904934569768,155.96425598181935,-0.014752630512819498,-0.014862532804340502,0.012570507398746988,-0.013564055089021365,152.3982177734375,150.8846809387207,153.26124877929686,0.01977763857581872,0.016957145554056814,2.9154711946037253,-1.6264341856709734,5395180.0
2022-12-29,154.26864624023438,155.02994504254275,152.82388008883345,152.82388008883345,4142100,153.10934448242188,146.9669952392578,156.61306762695312,155.11643460097065,147.78021239466312,157.32247415287944,152.20096340636692,145.5568415250669,155.41919479098777,154.73577866809285,147.16596969194634,155.94691985029104,0.00757172438907272,0.007543202765398499,-0.014752630512819498,0.006875493356111484,153.02456970214843,150.66883544921876,153.55277923583984,0.019512206028227688,0.0167815867582472,2.2060649537093013,1.444766151400927,5127720.0
2022-12-30,155.2808074951172,155.67875636357442,153.73223117458656,154.01772311972437,5005100,154.26864624023438,149.38067626953125,158.58555603027344,155.02994504254275,149.91704790833015,158.6115086414697,152.82388008883345,146.72475748955145,155.39325284595623,152.82388008883345,146.9064257926906,158.18760719145237,0.006561030251776678,0.006539600376430164,0.00757172438907272,0.016423286237457813,154.3066864013672,150.53906784057617,153.77389739990235,0.016312013850799636,0.016851104478290614,1.946525188987863,1.2630843753928218,4977740.0
2023-01-03,150.52261352539062,154.85687091436705,148.37710100485415,154.02634780952764,7565400,155.2808074951172,151.1368865966797,157.87615966796875,155.67875636357442,152.22694931210376,159.65830934020576,153.73223117458656,149.80460385648675,156.96777869114106,154.01772311972437,151.5608013416469,159.40741650243402,-0.03064251175971111,-0.031121810214854596,0.006561030251776678,0.011756609830709808,153.71666870117187,150.23454513549805,153.88336853027343,0.018337953410305297,0.01808338117130992,6.479769909512896,-3.5037342841370105,5275000.0
2023-01-04,148.92214965820312,150.78215729124443,147.80614771852206,147.8926520266179,7684500,150.52261352539062,148.87022399902344,156.61306762695312,154.85687091436705,151.57806060446356,158.86239058152495,148.37710100485415,145.6260158745696,155.66142794600728,154.02634780952764,151.53480185599415,157.0456287181618,-0.010632713781026149,-0.010689644997369126,-0.03064251175971111,-0.014997414917676699,152.42071228027345,150.04335327148436,153.88820373535157,0.015960861975890004,0.017408361127911175,2.9760095727223757,1.0294976315852296,5778300.0
2023-01-05,151.60403442382812,152.42589795686402,148.14354527359828,148.36847231610457,6088200,148.92214965820312,153.4727020263672,152.74598693847656,150.78215729124443,153.62843091619348,158.27411775408896,147.80614771852206,150.26310544973023,151.07630728214102,147.8926520266179,150.61780878698823,158.03188457286635,0.018008635866325395,0.017848401261627508,-0.010632713781026149,0.030916041527377258,152.1196502685547,150.18307189941407,153.94770599365233,0.01910511603448089,0.01689068426970573,4.282352683265742,3.2355621077235526,6097060.0
2023-01-06,152.74598693847656,155.1942845636433,152.00198125308768,153.1439489937527,7191200,151.60403442382812,155.4019317626953,148.80966186523438,152.42589795686402,155.9209972516222,154.04365370970208,148.14354527359828,153.4726994200613,148.03970365080872,148.36847231610457,154.30322268335158,151.8375895040997,0.007532467846178559,0.007504240469502937,0.018008635866325395,0.012570507398746988,151.81511840820312,150.35782775878906,153.99914276123047,0.019100295567501077,0.01694848219907401,3.192303310555616,-0.3979620552761389,6706880.0
2023-01-09,151.5521240234375,154.277267293985,150.86003671731677,154.2167023943039,8385600,152.74598693847656,153.10934448242188,149.25086975097656,155.1942845636433,155.11643460097065,151.03301918113445,152.00198125308768,152.20096340636692,147.80611741487073,153.1439489937527,154.73577866809285,147.98778566512874,-0.007816001840493025,-0.007846706881294505,0.007532467846178559,-0.014752630512819498,151.0693817138672,150.42876739501952,153.98961578369142,0.018595936294799848,0.017029437821078276,3.4172305766682314,-2.664578370866394,7382980.0
2023-01-10,152.29611206054688,152.8757555731801,150.28903534473508,152.60755659239737,8307000,151.5521240234375,154.26864624023438,150.13333129882812,154.277267293985,155.02994504254275,152.60758182182312,150.86003671731677,152.82388008883345,148.82700126353518,154.2167023943039,152.82388008883345,152.4778187457317,0.004909123127791348,0.004897112674008713,-0.007816001840493025,0.00757172438907272,151.42408142089843,150.77654495239258,153.98106048583983,0.011731216479082417,0.015221812677242956,2.5867202284450173,-0.3114445318504977,7531300.0
2023-01-11,151.56942749023438,154.11288921755096,150.79082268423576,153.896608638027,6962600,152.29611206054688,155.2808074951172,145.34056091308594,152.8757555731801,155.67875636357442,149.83054821055185,150.28903534473508,153.73223117458656,145.27999600969324,152.60755659239737,154.01772311972437,149.06058981469585,-0.004771524108400094,-0.004782944171444335,0.004909123127791348,0.006561030251776678,151.9535369873047,151.01228942871094,153.92225891113281,0.010310075629741294,0.015182261095437577,3.322066533315194,-2.327181147792629,7386920.0
2023-01-12,153.19586181640625,154.31186379948187,152.17501061572034,152.25288165696853,6891400,151.56942749023438,150.52261352539062,146.8545379638672,154.11288921755096,154.85687091436705,147.5206859559877,150.79082268423576,148.37710100485415,145.0896939492314,153.896608638027,154.02634780952764,146.14513120849085,0.010730622613697394,0.010673458060088958,-0.004771524108400094,-0.03064251175971111,152.27190246582032,151.1658493041992,153.88019012451173,0.008022375396674757,0.014565946682642255,2.1368531837615308,0.9429801594377238,7547560.0
2023-01-13,153.6111297607422,153.98313925355393,151.98469544008816,153.20452118057867,5726300,153.19586181640625,148.92214965820312,150.12466430664062,154.31186379948187,150.78215729124443,150.92923487058934,152.17501061572034,147.80614771852206,149.21628329600873,152.25288165696853,147.8926520266179,150.15927658934706,0.002710699488956303,0.002707032168936692,0.010730622613697394,-0.010632713781026149,152.44493103027344,151.39207916259767,153.82376220703125,0.007480119027116999,0.014445216030484013,1.9984438134657694,0.4066085801635211,7254580.0
2023-01-17,156.1459197998047,156.86397285205786,154.14747631184525,154.37241654551366,10697700,153.6111297607422,151.60403442382812,149.08653259277344,153.98313925355393,152.42589795686402,151.32719625749414,151.98469544008816,148.14354527359828,148.16950503582794,153.20452118057867,148.36847231610457,150.95519999223927,0.016501343639686583,0.01636667591489049,0.002710699488956303,0.018008635866325395,153.3636901855469,151.80084991455078,153.8819009399414,0.00807296354949267,0.014645965761416475,2.716496540212603,1.773503254291029,7717000.0
2023-01-18,153.32562255859375,157.78101035383287,153.07474289823153,156.43142166891872,8899200,156.1459197998047,152.74598693847656,147.9705047607422,156.86397285205786,155.1942845636433,148.25599668912085,154.14747631184525,152.00198125308768,145.39244413575642,154.37241654551366,153.1439489937527,147.58986205695533,-0.01806193363763109,-0.018227041494021174,0.016501343639686583,0.007532467846178559,153.56959228515626,152.1689598083496,153.83847717285155,0.013543275238031777,0.014941921303331463,4.706267455601335,-3.1057991103249663,7835440.0
2023-01-19,154.8568878173828,155.67875134163307,152.39994371515652,152.78924610025206,5907200,153.32562255859375,151.5521240234375,145.9634246826172,157.78101035383287,154.277267293985,147.2005431434869,153.07474289823153,150.86003671731677,144.56193088482797,156.43142166891872,154.2167023943039,145.79904934569768,0.009987014780937109,0.0099374741179831,-0.01806193363763109,-0.007816001840493025,154.22708435058593,152.56345443725587,153.7863604736328,0.013464051540175142,0.01500517842645167,3.2788076264765493,2.067641717130755,7624360.0
2023-01-20,156.5006103515625,156.89857239642154,153.57650611171212,154.69250801022366,10477900,154.8568878173828,152.29611206054688,146.9669952392578,155.67875134163307,152.8757555731801,147.78021239466312,152.39994371515652,150.28903534473508,145.5568415250669,152.78924610025206,152.60755659239737,147.16596969194634,0.010614461890245952,0.01055852397538484,0.009987014780937109,0.004909123127791348,154.88803405761718,152.91945114135743,153.72951751708985,0.013450433503279006,0.014780620661849792,3.322066284709422,1.808102341338838,8341660.0
2023-01-23,156.29298400878906,157.92806448258017,155.74795278395283,156.76880387168436,8381300,156.5006103515625,151.56942749023438,149.38067626953125,156.89857239642154,154.11288921755096,149.91704790833015,153.57650611171212,150.79082268423576,146.72475748955145,154.69250801022366,153.896608638027,146.9064257926906,-0.0013266807222478416,-0.0013275615422480326,0.010614461890245952,-0.004771524108400094,155.42440490722657,153.1772560119629,153.6731576538086,0.013692484410647797,0.014635144406082769,2.1801116986273428,-0.47581986289529254,8872660.0
2023-01-24,156.44004821777344,157.452239602561,154.59733371687665,156.66497523637608,5989000,156.29298400878906,153.19586181640625,151.1368865966797,157.92806448258017,154.31186379948187,152.22694931210376,155.74795278395283,152.17501061572034,149.80460385648675,156.76880387168436,152.25288165696853,151.5608013416469,0.0009409520837870833,0.0009405096658827068,-0.0013266807222478416,0.010730622613697394,155.4832305908203,153.55574722290038,153.74696594238281,0.0116228051848232,0.014097522764860548,2.85490588568436,-0.2249270186026422,7930920.0
2023-01-25,154.9261016845703,155.7479652220872,152.56432152286263,155.10776997354552,6727500,156.44004821777344,153.6111297607422,148.87022399902344,157.452239602561,153.98313925355393,151.57806060446356,154.59733371687665,151.98469544008816,145.6260158745696,156.66497523637608,153.20452118057867,151.53480185599415,-0.009677487001893748,-0.009724618200098288,0.0009409520837870833,0.002710699488956303,155.80332641601564,153.62841720581054,153.73263427734375,0.008463089027919564,0.012650744534110293,3.183643699224575,-0.18166828897520304,7496580.0
2023-01-26,162.46128845214844,162.47859459195752,158.7326139666669,160.038956907555,14307800,154.9261016845703,156.1459197998047,153.4727020263672,155.7479652220872,156.86397285205786,153.62843091619348,152.56432152286263,154.14747631184525,150.26310544973023,155.10776997354552,154.37241654551366,150.61780878698823,0.048637296657213946,0.04749150857375196,-0.009677487001893748,0.016501343639686583,157.32420654296874,153.98138504028321,153.7804104614258,0.022861813707091876,0.016453754925569018,3.7459806252906276,2.4223315445934475,9176700.0
2023-01-27,155.24618530273438,159.38146860648166,153.9225493147539,159.38146860648166,19654700,162.46128845214844,153.32562255859375,155.4019317626953,162.47859459195752,157.78101035383287,155.9209972516222,158.7326139666669,153.07474289823153,153.4726994200613,160.038956907555,156.43142166891872,154.30322268335158,-0.04441121462322517,-0.0454275992871081,0.048637296657213946,-0.01806193363763109,157.0733215332031,154.08822708129884,153.68233917236327,0.03326945826098953,0.019186063289011724,5.458919291727767,-4.135283303747286,11012060.0
2023-01-30,150.70428466796875,154.28589004955882,150.2457709578189,153.991751669598,11476000,155.24618530273438,154.8568878173828,153.10934448242188,159.38146860648166,155.67875134163307,155.11643460097065,153.9225493147539,152.39994371515652,152.20096340636692,159.38146860648166,152.78924610025206,154.73577866809285,-0.02925611747502066,-0.029692612192967933,-0.04441121462322517,0.009987014780937109,155.95558166503906,153.91000900268554,153.46767547607422,0.03556812446164509,0.02024679706960605,4.040119091739911,-3.2874670016292384,11631000.0
2023-01-31,150.54856872558594,151.07629379486232,148.2992457285056,149.4498598369514,14481300,150.70428466796875,156.5006103515625,154.26864624023438,154.28589004955882,156.89857239642154,155.02994504254275,150.2457709578189,153.57650611171212,152.82388008883345,153.991751669598,154.69250801022366,152.82388008883345,-0.0010332549119348444,-0.0010337890877829428,-0.02925611747502066,0.010614461890245952,154.77728576660155,153.67339706420898,153.30243682861328,0.03547218543219161,0.020169126320346856,2.7770480663567128,1.0987088886345475,13329460.0
2023-02-01,148.24732971191406,150.237113264306,146.67280108848655,149.9343152365034,11526400,150.54856872558594,156.29298400878906,155.2808074951172,151.07629379486232,157.92806448258017,155.67875636357442,148.2992457285056,155.74795278395283,153.73223117458656,149.4498598369514,156.76880387168436,154.01772311972437,-0.015285691741556695,-0.015403722257688381,-0.0010332549119348444,-0.0013266807222478416,153.4415313720703,153.55963287353515,153.08217651367187,0.035660325797111404,0.01926754483770098,3.5643121758194525,-1.6869855245893461,14289240.0
2023-02-02,146.2143096923828,148.30790399585376,144.31970301497364,148.04837787615264,10463400,148.24732971191406,156.44004821777344,150.52261352539062,150.237113264306,157.452239602561,154.85687091436705,146.67280108848655,154.59733371687665,148.37710100485415,149.9343152365034,156.66497523637608,154.02634780952764,-0.013713704142138461,-0.01380860561546248,-0.015285691741556695,0.0009409520837870833,150.1921356201172,153.42424087524415,152.8402880859375,0.016585571836790866,0.019364181654689012,3.988200980880123,-1.8340681837698298,13520360.0
2023-02-03,146.59494018554688,148.41170191277303,145.76443034506102,146.94964342193074,8404900,146.2143096923828,154.9261016845703,148.92214965820312,148.30790399585376,155.7479652220872,150.78215729124443,144.31970301497364,152.56432152286263,147.80614771852206,148.04837787615264,155.10776997354552,147.8926520266179,0.0026032369469504157,0.002599854394767574,-0.013713704142138461,-0.009677487001893748,148.46188659667968,153.17378616333008,152.63629150390625,0.0126770760533846,0.01887951820424147,2.6472715677120107,-0.3547032363838696,11270400.0
2023-02-06,146.7593536376953,147.1746086658487,144.79552222423268,146.69014226621653,7659500,146.59494018554688,162.46128845214844,151.60403442382812,148.41170191277303,162.47859459195752,152.42589795686402,145.76443034506102,158.7326139666669,148.14354527359828,146.94964342193074,160.038956907555,148.36847231610457,0.0011215492972700414,0.0011209208307171928,0.0026032369469504157,0.048637296657213946,147.672900390625,152.87445449829102,152.35512664794922,0.008549848492899827,0.018772040382778205,2.3790864416160105,0.06921137147878653,10507100.0
2023-02-07,150.60914611816406,150.86868546223064,146.73340170245334,147.131363790118,10256500,146.7593536376953,155.24618530273438,152.74598693847656,147.1746086658487,159.38146860648166,155.1942845636433,144.79552222423268,153.9225493147539,152.00198125308768,146.69014226621653,159.38146860648166,153.1439489937527,0.026232007603227414,0.025893849453687407,0.0011215492972700414,-0.04441121462322517,147.6850158691406,152.82730560302736,152.17950714111328,0.016715918083280473,0.01972051035936792,4.135283759777309,3.477782328046061,9662140.0
2023-02-08,147.07078552246094,150.59183948866695,146.61227177659543,149.2162850503522,9784700,150.60914611816406,150.70428466796875,151.5521240234375,150.86868546223064,154.28589004955882,154.277267293985,146.73340170245334,150.2457709578189,150.86003671731677,147.131363790118,153.991751669598,154.2167023943039,-0.02349366347862447,-0.0237740396732716,0.026232007603227414,-0.02925611747502066,147.44970703125,152.56603927612304,151.94246337890624,0.01887893455190516,0.020351319812629203,3.979567712071514,-2.1454995278912747,9313800.0
2023-02-09,145.72117614746094,147.64174836451605,145.34052029172514,147.2697389779683,10123400,147.07078552246094,150.54856872558594,152.29611206054688,150.59183948866695,151.07629379486232,152.8757555731801,146.61227177659543,148.2992457285056,150.28903534473508,149.2162850503522,149.4498598369514,152.60755659239737,-0.009176597311325918,-0.009218961653274136,-0.02349366347862447,-0.0010332549119348444,147.35108032226563,152.27362670898438,151.77082244873046,0.018240357175885073,0.020411794559662827,2.301228072790906,-1.5485628305073647,9245800.0
2023-02-10,148.7750701904297,149.43255832961825,147.74557262986514,147.7628787705778,11602400,145.72117614746094,148.24732971191406,151.56942749023438,147.64174836451605,150.237113264306,154.11288921755096,145.34052029172514,146.67280108848655,150.79082268423576,147.2697389779683,149.9343152365034,153.896608638027,0.020957105368669238,0.020740525928455444,-0.009176597311325918,-0.015285691741556695,147.7871063232422,152.05258712768554,151.6140625,0.020711193177424512,0.020864435468286896,1.6869856997531087,1.012191419851888,9885300.0
2023-02-13,147.9445343017578,148.71449248817902,146.87179128289287,148.21273325719045,9442900,148.7750701904297,146.2143096923828,153.19586181640625,149.43255832961825,148.30790399585376,154.31186379948187,147.74557262986514,144.31970301497364,152.17501061572034,147.7628787705778,148.04837787615264,152.25288165696853,-0.00558249367725927,-0.005598134030362246,0.020957105368669238,-0.013713704142138461,148.02414245605468,151.76925735473634,151.4012420654297,0.02108715951226108,0.02086385039901009,1.8427012052861471,-0.26819895543263783,10241980.0
2023-02-14,149.077880859375,150.10736530630058,147.0534846477208,147.48604579710286,8077300,147.9445343017578,146.59494018554688,153.6111297607422,148.71449248817902,148.41170191277303,153.98313925355393,146.87179128289287,145.76443034506102,151.98469544008816,148.21273325719045,146.94964342193074,153.20452118057867,0.007660617967173655,0.007631424432240798,-0.00558249367725927,0.0026032369469504157,147.71788940429687,151.41585540771484,151.22527648925782,0.016931073250164554,0.02054986040830526,3.0538806585797715,1.5918350622721391,9806140.0
2023-02-15,147.5068817138672,147.95200302394403,146.189003550754,147.84726154764692,8885700,149.077880859375,146.7593536376953,156.1459197998047,150.10736530630058,147.1746086658487,156.86397285205786,147.0534846477208,144.79552222423268,154.14747631184525,147.48604579710286,146.69014226621653,154.37241654551366,-0.010538110257884203,-0.010594029343058722,0.007660617967173655,0.0011215492972700414,147.80510864257812,151.12491836547852,151.0431527709961,0.01343601597722982,0.02030999955172243,1.7629994731900354,-0.34037983377973546,9626340.0
2023-02-16,145.37733459472656,147.20142106621165,145.2289519454947,146.79121801813773,6727500,147.5068817138672,150.60914611816406,153.32562255859375,147.95200302394403,150.86868546223064,157.78101035383287,146.189003550754,146.73340170245334,153.07474289823153,147.84726154764692,147.131363790118,156.43142166891872,-0.014436934022315717,-0.014542160547807843,-0.010538110257884203,0.026232007603227414,147.73634033203126,150.65094070434571,150.8957797241211,0.014558277923126065,0.020302233484214716,1.9724691207169371,-1.4138834234111641,8947160.0
2023-02-17,142.13063049316406,143.86743464475353,141.25786030485455,143.77142939134285,9612100,145.37733459472656,147.07078552246094,154.8568878173828,147.20142106621165,150.59183948866695,155.67875134163307,145.2289519454947,146.61227177659543,152.39994371515652,146.79121801813773,149.2162850503522,152.78924610025206,-0.022332945576512664,-0.02258610205832884,-0.014436934022315717,-0.02349366347862447,146.40745239257814,149.93244171142578,150.7621990966797,0.011168465039487402,0.0204788949892185,2.609574339898984,-1.6407988981787867,8549100.0
2023-02-21,140.5159912109375,142.91610907323613,140.25415750793096,141.54585357403718,7259700,142.13063049316406,145.72117614746094,156.5006103515625,143.86743464475353,147.64174836451605,156.89857239642154,141.25786030485455,145.34052029172514,153.57650611171212,143.77142939134285,147.2697389779683,154.69250801022366,-0.011360248502550796,-0.01142526902747664,-0.022332945576512664,-0.009176597311325918,144.92174377441407,149.1435920715332,150.5875015258789,0.01101841794407776,0.020517204424838325,2.6619515653051735,-1.0298623630996815,8112460.0
2023-02-22,139.94873046875,141.09205749253573,138.69193903828003,139.88763015209892,6205900,140.5159912109375,148.7750701904297,156.29298400878906,142.91610907323613,149.43255832961825,157.92806448258017,140.25415750793096,147.74557262986514,155.74795278395283,141.54585357403718,147.7628787705778,156.76880387168436,-0.004036983529767446,-0.004045154144950194,-0.011360248502550796,0.020957105368669238,143.09591369628907,148.31902618408202,150.38380950927734,0.006655839569962527,0.020470110756986133,2.400118454255704,0.0611003166510784,7738180.0
2023-02-23,141.32766723632812,142.12189128721124,140.13197636499626,141.60696008308892,6445500,139.94873046875,147.9445343017578,156.44004821777344,141.09205749253573,148.71449248817902,157.452239602561,138.69193903828003,146.87179128289287,154.59733371687665,139.88763015209892,148.21273325719045,156.66497523637608,0.009853156673586438,0.009804930851007436,-0.004036983529767446,-0.00558249367725927,141.86007080078124,147.63910446166992,150.3035516357422,0.012160679912649465,0.020717474498966253,1.9899149222149788,-0.27929284676079646,7250140.0
2023-02-24,141.74661254882812,141.91244101898428,138.90137315018356,140.3152699417037,5330200,141.32766723632812,149.077880859375,154.9261016845703,142.12189128721124,150.10736530630058,155.7479652220872,140.13197636499626,147.0534846477208,152.56432152286263,141.60696008308892,147.48604579710286,155.10776997354552,0.0029643545435404928,0.0029599695083392563,0.009853156673586438,0.007660617967173655,141.13392639160156,146.6033706665039,150.2013931274414,0.01250856551655701,0.01669210052997436,3.0110678688007226,1.431342607124435,6970680.0
2023-02-27,142.10443115234375,142.58444404354162,141.31893008804667,142.2702462813057,6386800,141.74661254882812,147.5068817138672,162.46128845214844,141.91244101898428,147.95200302394403,162.47859459195752,138.90137315018356,146.189003550754,158.7326139666669,140.3152699417037,147.84726154764692,160.038956907555,0.0025243538246275676,0.0025211729954126437,0.0029643545435404928,-0.010538110257884203,141.1286865234375,145.94628295898437,150.04098846435548,0.008024903823170889,0.014222403384346806,1.2655139554949528,-0.1658151289619525,6325620.0
2023-02-28,140.31524658203125,143.41358296529205,139.88758445742656,143.41358296529205,10854200,142.10443115234375,145.37733459472656,155.24618530273438,142.58444404354162,147.20142106621165,159.38146860648166,141.31893008804667,145.2289519454947,153.9225493147539,142.2702462813057,146.79121801813773,159.38146860648166,-0.012590631803693686,-0.012670565460529207,0.0025243538246275676,-0.014436934022315717,141.08853759765626,145.4268310546875,149.86556274414062,0.008466626704290946,0.01313061673932594,3.525998507865495,-3.0983363832608006,7044520.0
2023-03-01,141.4324188232422,142.7764791214685,140.15816842428072,140.4461841990614,7470400,140.31524658203125,142.13063049316406,150.70428466796875,143.41358296529205,143.86743464475353,154.28589004955882,139.88758445742656,141.25786030485455,150.2457709578189,143.41358296529205,143.77142939134285,153.991751669598,0.00796187348434585,0.007930345009574142,-0.012590631803693686,-0.022332945576512664,141.3852752685547,144.9710235595703,149.73480102539062,0.008820512513365596,0.013370807697448644,2.6183106971877805,0.9862346241807813,7297420.0
2023-03-02,141.8775177001953,142.68920088904846,141.03092956396017,141.37130939995254,5582000,141.4324188232422,140.5159912109375,150.54856872558594,142.7764791214685,142.91610907323613,151.07629379486232,140.15816842428072,140.25415750793096,148.2992457285056,140.4461841990614,141.54585357403718,149.4498598369514,0.003147078163949102,0.003142136478662839,0.00796187348434585,-0.011360248502550796,141.49524536132813,144.65253295898438,149.65308288574218,0.007806536438124616,0.013114648300600697,1.6582713250882932,0.5062083002427755,7124720.0
2023-03-03,143.97218322753906,144.51329650941912,140.00979891933608,140.40254285997216,6007500,141.8775177001953,139.94873046875,148.24732971191406,142.68920088904846,141.09205749253573,150.237113264306,141.03092956396017,138.69193903828003,146.67280108848655,141.37130939995254,139.88763015209892,149.9343152365034,0.014763900308504496,0.014655974902231332,0.003147078163949102,-0.004036983529767446,141.94035949707032,144.5404266357422,149.5931866455078,0.01007714118606555,0.013332834757347412,4.503497590083043,3.5696403675669046,7260180.0
2023-03-06,145.02821350097656,145.5780629542954,142.968475424597,143.43104253638677,7703600,143.97218322753906,141.32766723632812,146.2143096923828,144.51329650941912,142.12189128721124,148.30790399585376,140.00979891933608,140.13197636499626,144.31970301497364,140.40254285997216,141.60696008308892,148.04837787615264,0.007334960474750352,0.007308190477047198,0.014763900308504496,0.009853156673586438,142.52511596679688,144.46209030151368,149.50613739013673,0.010229617657129405,0.013435892754724859,2.609587529698416,1.5971709645897931,7523540.0
2023-03-07,143.16050720214844,145.40353320218782,142.76776324171928,144.618031963912,7393000,145.02821350097656,141.74661254882812,146.59494018554688,145.5780629542954,141.91244101898428,148.41170191277303,142.968475424597,138.90137315018356,145.76443034506102,143.43104253638677,140.3152699417037,146.94964342193074,-0.012878227303100176,-0.012961870566317653,0.007334960474750352,0.0029643545435404928,143.09416809082032,144.28214797973632,149.3466098022461,0.010347224990398389,0.013711489108083886,2.6357699604685365,-1.4575247617635512,6831300.0
2023-03-08,142.2528076171875,144.26016825286024,140.84764718176743,142.46226392426138,5435800,143.16050720214844,142.10443115234375,146.7593536376953,145.40353320218782,142.58444404354162,147.1746086658487,142.76776324171928,141.31893008804667,144.79552222423268,144.618031963912,142.2702462813057,146.69014226621653,-0.006340432865882706,-0.006360618780540079,-0.012878227303100176,0.0025243538246275676,143.25824584960938,143.8643310546875,149.21426147460937,0.010959729786343192,0.012131131027475544,3.4125210710928116,-0.20945630707387863,6424380.0
2023-03-09,140.0883331298828,144.43473810102932,139.80905360465098,142.95101817994168,6214700,142.2528076171875,140.31524658203125,150.60914611816406,144.26016825286024,143.41358296529205,150.86868546223064,140.84764718176743,139.88758445742656,146.73340170245334,142.46226392426138,143.41358296529205,147.131363790118,-0.015215689050787962,-0.01533263544390186,-0.006340432865882706,-0.012590631803693686,142.90040893554686,143.51520843505858,148.94657409667968,0.013027936935481097,0.011512662627856,4.625684496378341,-2.8626850500588716,6550920.0
2023-03-10,139.35520935058594,143.71906013497485,138.48243919370816,140.46363117869714,7385800,140.0883331298828,141.4324188232422,147.07078552246094,144.43473810102932,142.7764791214685,150.59183948866695,139.80905360465098,140.15816842428072,146.61227177659543,142.95101817994168,140.4461841990614,149.2162850503522,-0.005233296470286031,-0.005247038130012001,-0.015215689050787962,0.00796187348434585,141.97701416015624,143.19691009521483,148.6256396484375,0.008798800360745247,0.011423307276681581,5.236620941266693,-1.1084218281112044,6826580.0
2023-03-13,138.517333984375,140.4723302813385,134.2320300441195,136.5361423351218,10106100,139.35520935058594,141.8775177001953,145.72117614746094,143.71906013497485,142.68920088904846,147.64174836451605,138.48243919370816,141.03092956396017,145.34052029172514,140.46363117869714,141.37130939995254,147.2697389779683,-0.006012515571649946,-0.006030663523191919,-0.005233296470286031,0.003147078163949102,140.67483825683593,142.68402328491212,148.33379943847658,0.004576279317128098,0.010060183816468915,6.240300237218975,1.9811916492531907,7307080.0
2023-03-14,140.30650329589844,143.15174207765193,137.7929346999626,138.12457825095308,10035200,138.517333984375,143.97218322753906,148.7750701904297,140.4723302813385,144.51329650941912,149.43255832961825,134.2320300441195,140.00979891933608,147.74557262986514,136.5361423351218,140.40254285997216,147.7628787705778,0.012916573399580855,0.012833865902333904,-0.006012515571649946,0.014763900308504496,140.10403747558593,142.30212173461913,148.05455657958984,0.010283583679055658,0.010690968052402128,5.358807377689345,2.181925044945359,7835520.0
2023-03-15,134.23207092285156,137.8540622361731,132.66980467326246,135.79432385502315,14063100,140.30650329589844,145.02821350097656,147.9445343017578,143.15174207765193,145.5780629542954,148.71449248817902,137.7929346999626,142.968475424597,146.87179128289287,138.12457825095308,143.43104253638677,148.21273325719045,-0.04329401866880145,-0.044259164272823774,0.012916573399580855,0.007334960474750352,138.49989013671876,141.55983123779296,147.63358184814453,0.02055560559135641,0.013752151898900396,5.184257562910631,-1.5622529321715888,9560980.0
2023-03-16,134.65972900390625,135.68960492331868,130.83700399595895,131.05519657950873,12849600,134.23207092285156,143.16050720214844,149.077880859375,137.8540622361731,145.40353320218782,150.10736530630058,132.66980467326246,142.76776324171928,147.0534846477208,135.79432385502315,144.618031963912,147.48604579710286,0.0031859605391955093,0.0031808961207573623,-0.04329401866880145,-0.012878227303100176,137.41416931152344,140.91747360229493,147.31632415771483,0.021327287944419317,0.01381090656960598,4.852600927359731,3.6045324243975188,10887960.0
2023-03-17,132.9578094482422,135.611038321507,131.43919781908926,134.07495424201167,33161800,134.65972900390625,142.2528076171875,147.5068817138672,135.68960492331868,144.26016825286024,147.95200302394403,130.83700399595895,140.84764718176743,146.189003550754,131.05519657950873,142.46226392426138,147.84726154764692,-0.012638667612458132,-0.012719214965770213,0.0031859605391955093,-0.006340432865882706,136.1346893310547,140.2964973449707,146.99703735351562,0.021371338795563598,0.013748205122168766,4.171840502417751,-1.1171447937694836,16043160.0
2023-03-20,134.912841796875,135.96016354947707,132.04141989835205,132.4341772083191,8469200,132.9578094482422,140.0883331298828,145.37733459472656,135.611038321507,144.43473810102932,147.20142106621165,131.43919781908926,139.80905360465098,145.2289519454947,134.07495424201167,142.95101817994168,146.79121801813773,0.014704155827671483,0.01459709791654079,-0.012638667612458132,-0.015215689050787962,135.41379089355468,139.93560791015625,146.66321350097655,0.023984605702871125,0.013694753718760536,3.918743651125027,2.478664588555887,15715780.0
2023-03-21,139.04100036621094,139.26792911187354,136.56233651643308,137.16455000697667,9753500,134.912841796875,139.35520935058594,142.13063049316406,135.96016354947707,143.71906013497485,143.86743464475353,132.04141989835205,138.48243919370816,141.25786030485455,132.4341772083191,140.46363117869714,143.77142939134285,0.030598707390296465,0.030139902680942646,0.014704155827671483,-0.005233296470286031,135.1606903076172,139.86185836791992,146.38911376953126,0.028220866352647443,0.015378380723444997,2.7055925954404643,1.8764503592342692,15659440.0
2023-03-22,136.2132568359375,139.69560154704374,136.09105621843648,139.5297730717688,6315000,139.04100036621094,138.517333984375,140.5159912109375,139.26792911187354,140.4723302813385,142.91610907323613,136.56233651643308,134.2320300441195,140.25415750793096,137.16455000697667,136.5361423351218,141.54585357403718,-0.02033747975651523,-0.020547133723969838,0.030598707390296465,-0.006012515571649946,135.5569274902344,139.6750846862793,146.08233642578125,0.020541809883982232,0.01599987207812298,3.6045453286072586,-3.316516235831301,14109820.0
2023-03-23,134.86044311523438,138.56097991307078,133.65601608409656,137.04236842241724,7859400,136.2132568359375,140.30650329589844,139.94873046875,139.69560154704374,143.15174207765193,141.09205749253573,136.09105621843648,137.7929346999626,138.69193903828003,139.5297730717688,138.12457825095308,139.88763015209892,-0.009931586338417286,-0.009981233532452416,-0.02033747975651523,0.012916573399580855,135.5970703125,139.35172348022462,145.733623046875,0.02135024105571914,0.01588985043679069,4.904963828974218,-2.1819253071828655,13111780.0
2023-03-24,136.2045135498047,136.71944476507903,132.51269937961098,132.74835105949202,6600100,134.86044311523438,134.23207092285156,141.32766723632812,138.56097991307078,137.8540622361731,142.12189128721124,133.65601608409656,132.66980467326246,140.13197636499626,137.04236842241724,135.79432385502315,141.60696008308892,0.009966380085388193,0.009917043254972028,-0.009931586338417286,-0.04329401866880145,136.2464111328125,139.07461853027343,145.4263247680664,0.02024271191393001,0.016085982675226436,4.206745385468054,3.456162490312664,7799440.0
2023-03-27,137.59222412109375,138.31662502423862,135.88160189462153,137.37403155933026,7006800,136.2045135498047,134.65972900390625,141.74661254882812,136.71944476507903,135.68960492331868,141.91244101898428,132.51269937961098,130.83700399595895,138.90137315018356,132.74835105949202,131.05519657950873,140.3152699417037,0.010188433078479608,0.010136880856069478,0.009966380085388193,0.0031859605391955093,136.78228759765625,138.84900817871093,145.11425201416014,0.019797352788338378,0.016286178233217128,2.435023129617093,0.21819256176348745,7506960.0
2023-03-28,139.19808959960938,139.80902592517774,136.7455947569349,137.2692620745153,5605400,137.59222412109375,132.9578094482422,142.10443115234375,138.31662502423862,135.611038321507,142.58444404354162,135.88160189462153,131.43919781908926,141.31893008804667,137.37403155933026,134.07495424201167,142.2702462813057,0.011671193548716152,0.011603610510819453,0.010188433078479608,-0.012638667612458132,136.81370544433594,138.79315032958985,144.8259912109375,0.014586931965627797,0.016318994362025895,3.063431168242829,1.9288275250940785,6677340.0
2023-03-29,140.39381408691406,140.79529423623868,139.0584767540856,140.18434444586433,7569700,139.19808959960938,134.912841796875,140.31524658203125,139.80902592517774,135.96016354947707,143.41358296529205,136.7455947569349,132.04141989835205,139.88758445742656,137.2692620745153,132.4341772083191,143.41358296529205,0.008590092656760362,0.008553407745656213,0.011671193548716152,0.014704155827671483,137.64981689453126,138.74122009277343,144.5109490966797,0.009026553211986636,0.016336272867706444,1.7368174821530715,0.2094696410497363,6928280.0
2023-03-30,141.72914123535156,142.270254455743,141.02219955905557,141.6069539495401,6322400,140.39381408691406,139.04100036621094,141.4324188232422,140.79529423623868,139.26792911187354,142.7764791214685,139.0584767540856,136.56233651643308,140.15816842428072,140.18434444586433,137.16455000697667,140.4461841990614,0.009511296185819473,0.009466348590089907,0.008590092656760362,0.030598707390296465,139.0235565185547,138.73380126953126,144.27901947021485,0.0011241820420251076,0.016467195367949394,1.248054896687421,0.12218728581146365,6620880.0
2023-03-31,142.40118408203125,142.88993324626847,141.5196776875029,141.999703944313,7041400,141.72914123535156,136.2132568359375,141.8775177001953,142.270254455743,139.69560154704374,142.68920088904846,141.02219955905557,136.09105621843648,141.03092956396017,141.6069539495401,139.5297730717688,141.37130939995254,0.0047417407656744626,0.0047305341249570115,0.009511296185819473,-0.02033747975651523,140.262890625,138.65525131225587,144.02990539550783,0.0026025082570487372,0.016146116178792618,1.3702555587655638,0.401480137718238,6709140.0
2023-04-03,148.32730102539062,149.3309948013202,147.42834873509386,148.19639081512105,12868200,142.40118408203125,134.86044311523438,143.97218322753906,142.88993324626847,138.56097991307078,144.51329650941912,141.5196776875029,133.65601608409656,140.00979891933608,141.999703944313,137.04236842241724,140.40254285997216,0.041615643729097096,0.04077301130053002,0.0047417407656744626,-0.009931586338417286,142.40990600585937,138.82020568847656,143.8664392089844,0.014963812538078113,0.01864006750423728,1.902646066226339,0.13091021026957605,7881420.0
2023-04-04,147.53306579589844,149.36588850618645,146.38101608000983,149.36588850618645,7521400,148.32730102539062,136.2045135498047,145.02821350097656,149.3309948013202,136.71944476507903,145.5780629542954,147.42834873509386,132.51269937961098,142.968475424597,148.19639081512105,132.74835105949202,143.43104253638677,-0.0053546125629039265,-0.005368999882752044,0.041615643729097096,0.009966380085388193,144.0769012451172,139.03883361816406,143.69124084472656,0.017667851220441257,0.018413619058440616,2.984872426176622,-1.8328227102880135,8264620.0
2023-04-05,148.26620483398438,148.75495401188948,146.39847715132336,147.72507825780403,6478100,147.53306579589844,137.59222412109375,143.16050720214844,149.36588850618645,138.31662502423862,145.40353320218782,146.38101608000983,135.88160189462153,142.76776324171928,149.36588850618645,137.37403155933026,144.618031963912,0.004969320159727397,0.004957013840823145,-0.0053546125629039265,0.010188433078479608,145.65137939453126,139.3395034790039,143.52776397705077,0.01790597251764488,0.018328243903088126,2.3564768605661186,0.5411265761803463,8046300.0
2023-04-06,146.3199005126953,147.85598439687743,145.86606965365488,147.8036203221739,5803200,148.26620483398438,139.19808959960938,142.2528076171875,148.75495401188948,139.80902592517774,144.26016825286024,146.39847715132336,136.7455947569349,140.84764718176743,147.72507825780403,137.2692620745153,142.46226392426138,-0.013127093415983504,-0.01321401523196842,0.004969320159727397,0.011671193548716152,146.56953125,139.65108184814454,143.3556399536133,0.02100162922832697,0.018229281551643137,1.9899147432225561,-1.4837198094786004,7942460.0
2023-04-10,146.87847900390625,148.0916289493151,146.0231680072118,147.05304368346515,5923500,146.3199005126953,140.39381408691406,140.0883331298828,147.85598439687743,140.79529423623868,144.43473810102932,145.86606965365488,139.0584767540856,139.80905360465098,147.8036203221739,140.18434444586433,142.95101817994168,0.0038175155208124423,0.003810247300260479,-0.013127093415983504,0.008590092656760362,147.464990234375,140.02724533081056,143.04398376464843,0.021025785791237334,0.018143612671874584,2.068460942103286,-0.1745646795588982,7718880.0
2023-04-11,147.690185546875,148.66768398367785,146.6865050674733,147.55927533388083,5469600,146.87847900390625,141.72914123535156,139.35520935058594,148.0916289493151,142.270254455743,143.71906013497485,146.0231680072118,141.02219955905557,138.48243919370816,147.05304368346515,141.6069539495401,140.46363117869714,0.00552638173048603,0.0055111673110249315,0.0038175155208124423,0.009511296185819473,147.3375671386719,140.48588790893555,142.89286376953126,0.008175048325472936,0.018032121939151654,1.9811789162045557,0.1309102129941664,6239160.0
2023-04-12,148.2138214111328,149.3484118614551,147.90834655609862,148.76365750581397,6157900,147.690185546875,142.40118408203125,138.517333984375,148.66768398367785,142.88993324626847,140.4723302813385,146.6865050674733,141.5196776875029,134.2320300441195,147.55927533388083,141.999703944313,136.5361423351218,0.00354550210847715,0.0035392316328288057,0.00552638173048603,0.0047417407656744626,147.47371826171874,140.88125381469726,142.84305450439453,0.007909203061450883,0.0178921018610249,1.4400653053564838,-0.5498360946811545,5966460.0
2023-04-13,150.19500732421875,150.52666423264938,148.21382873284426,148.5891134935082,6856600,148.2138214111328,148.32730102539062,140.30650329589844,149.3484118614551,149.3309948013202,143.15174207765193,147.90834655609862,147.42834873509386,137.7929346999626,148.76365750581397,148.19639081512105,138.12457825095308,0.013367079360232514,0.013278528195750794,0.00354550210847715,0.041615643729097096,147.85947875976564,141.6794006347656,142.8359832763672,0.009672230165095472,0.014323071186125759,2.312835499805118,1.6058938307105564,6042160.0
2023-04-14,150.50050354003906,150.88452457954807,149.43572277318844,150.5528676240781,4930700,150.19500732421875,147.53306579589844,134.23207092285156,150.52666423264938,149.36588850618645,137.8540622361731,148.21382873284426,146.38101608000983,132.66980467326246,148.5891134935082,149.36588850618645,135.79432385502315,0.0020339971431997395,0.002031931371718376,0.013367079360232514,-0.0053546125629039265,148.6955993652344,142.47143936157227,142.88104675292968,0.004484156974055353,0.01433615248412016,1.4488018063596257,-0.05236408403902715,5867660.0
2023-04-17,149.1738739013672,150.587757296646,148.56293745386498,150.45684709982973,7006000,150.50050354003906,148.26620483398438,134.65972900390625,150.88452457954807,148.75495401188948,135.68960492331868,149.43572277318844,146.39847715132336,130.83700399595895,150.5528676240781,147.72507825780403,131.05519657950873,-0.008814785382554757,-0.008853865427525219,0.0020339971431997395,0.004969320159727397,149.15467834472656,143.28224258422853,142.94023803710937,0.00797797261150173,0.014102684530958554,2.024819842781028,-1.2829731984625425,6084160.0
2023-04-18,148.8247833251953,150.4568593934666,148.48440346824523,149.0866170576377,8045600,149.1738739013672,146.3199005126953,132.9578094482422,150.587757296646,147.85598439687743,135.611038321507,148.56293745386498,145.86606965365488,131.43919781908926,150.45684709982973,147.8036203221739,134.07495424201167,-0.0023401589503715403,-0.0023429014016780997,-0.008814785382554757,-0.013127093415983504,149.38159790039063,143.97783966064452,142.98483489990235,0.008161210273429921,0.01405527837127336,1.972455925221368,-0.2618337324423976,6599360.0
2023-04-19,148.9644012451172,149.0167786401962,147.58543614192575,147.89963392532246,5506800,148.8247833251953,146.87847900390625,134.912841796875,150.4568593934666,148.0916289493151,135.96016354947707,148.48440346824523,146.0231680072118,132.04141989835205,149.0866170576377,147.05304368346515,132.4341772083191,0.0009381362216855926,0.0009376964469246366,-0.0023401589503715403,0.0038175155208124423,149.5317138671875,144.47400970458983,143.02893585205078,0.008085442351424017,0.012714244461774053,1.4313424982704532,1.0647673197947256,6469140.0
2023-04-20,148.2400360107422,148.4233103100893,146.6428648150583,147.2887062931239,5851100,148.9644012451172,147.690185546875,139.04100036621094,149.0167786401962,148.66768398367785,139.26792911187354,147.58543614192575,146.6865050674733,136.56233651643308,147.89963392532246,147.55927533388083,137.16455000697667,-0.004862673419423702,-0.004874534683072011,0.0009381362216855926,0.00552638173048603,149.14071960449218,145.0753486633301,142.98155364990234,0.004410291640179764,0.01160814307308341,1.7804454950310173,0.9513297176182789,6268040.0
2023-04-21,147.60287475585938,148.88584786569217,147.35850019374027,148.22254738528525,7179000,148.2400360107422,148.2138214111328,136.2132568359375,148.4233103100893,149.3484118614551,139.69560154704374,146.6428648150583,147.90834655609862,136.09105621843648,147.2887062931239,148.76365750581397,139.5297730717688,-0.004298172558705016,-0.004307436256554791,-0.004862673419423702,0.00354550210847715,148.56119384765626,145.71247024536132,142.9921954345703,0.0035734461431118462,0.01130906785274618,1.527347671951901,-0.6196726294258781,6717700.0
2023-04-24,149.6626434326172,150.4481446726907,147.13161495524358,147.58545922834708,7177600,147.60287475585938,150.19500732421875,134.86044311523438,148.88584786569217,150.52666423264938,138.56097991307078,147.35850019374027,148.21382873284426,133.65601608409656,148.22254738528525,148.5891134935082,137.04236842241724,0.013954800542772317,0.013858328773873472,-0.004298172558705016,0.013367079360232514,148.65894775390626,146.38537673950196,143.07102478027343,0.007760665910288183,0.011443338053764521,3.3165297174471107,2.077184204270111,6752020.0
2023-04-25,147.48944091796875,148.7200367789467,147.00067841925383,148.65022688226097,5807200,149.6626434326172,150.50050354003906,136.2045135498047,150.4481446726907,150.88452457954807,136.71944476507903,147.13161495524358,149.43572277318844,132.51269937961098,147.58545922834708,150.5528676240781,132.74835105949202,-0.014520674396793498,-0.01462713119571055,0.013954800542772317,0.0020339971431997395,148.39187927246093,146.8802375793457,143.04531219482422,0.010405990852021955,0.01214164118743241,1.719358359692876,-1.1607859642922165,6304340.0
2023-04-26,144.8623809814453,147.45450930668704,144.20780339057447,146.80866794017354,5927400,147.48944091796875,149.1738739013672,137.59222412109375,148.7200367789467,150.587757296646,138.31662502423862,147.00067841925383,148.56293745386498,135.88160189462153,148.65022688226097,150.45684709982973,137.37403155933026,-0.017811850937753393,-0.017972391157128183,-0.014520674396793498,-0.008814785382554757,147.57147521972655,147.1634521484375,142.98366912841797,0.012382384474260153,0.012871382740994069,3.2467059161125746,-1.9462869587282228,6388460.0
2023-04-27,145.708984375,146.09300539944903,144.06818543064952,145.25514013543147,6417200,144.8623809814453,148.8247833251953,139.19808959960938,147.45450930668704,150.4568593934666,139.80902592517774,144.20780339057447,148.48440346824523,136.7455947569349,146.80866794017354,149.0866170576377,137.2692620745153,0.0058441907955602,0.0058271797575228865,-0.017811850937753393,-0.0023401589503715403,147.0652648925781,147.4292106628418,142.91629119873048,0.013405372628578327,0.012812731463458144,2.0248199687995054,0.45384423956852515,6501680.0
2023-04-28,147.13160705566406,147.4458048713405,143.17795897689552,143.57070291713686,10036300,145.708984375,148.9644012451172,140.39381408691406,146.09300539944903,149.0167786401962,140.79529423623868,144.06818543064952,147.58543614192575,139.0584767540856,145.25514013543147,147.89963392532246,140.18434444586433,0.009763452039462273,0.009716097521160422,0.0058441907955602,0.0009381362216855926,146.97101135253905,147.69933395385743,142.9087857055664,0.014584181224252719,0.012820698693113032,4.267845894444974,3.5609041385272064,7073140.0
2023-05-01,145.9621124267578,147.2625316743134,145.1940702871848,146.3723155406281,6099800,147.13160705566406,148.2400360107422,141.72914123535156,147.4458048713405,148.4233103100893,142.270254455743,143.17795897689552,146.6428648150583,141.02219955905557,143.57070291713686,147.2887062931239,141.6069539495401,-0.007948629477443236,-0.007980388237086296,0.009763452039462273,-0.004862673419423702,146.23090515136718,147.87738037109375,142.92048126220703,0.012237400177962779,0.012988167081270721,2.0684613871286217,-0.4102031138702955,6857580.0
2023-05-02,139.67811584472656,144.3387181298045,138.29041463257073,144.2863540565027,10701700,145.9621124267578,147.60287475585938,142.40118408203125,147.2625316743134,148.88584786569217,142.88993324626847,145.1940702871848,147.35850019374027,141.5196776875029,146.3723155406281,148.22254738528525,141.999703944313,-0.04305224470620406,-0.04400648118888173,-0.007948629477443236,-0.004298172558705016,144.66864013671875,147.44492111206054,142.87143096923828,0.021197063028890652,0.012959477059076638,6.048303497233775,-4.608238211776126,7836480.0
2023-05-03,136.87655639648438,139.26795161444633,136.79801027217815,138.02860617189236,7538100,139.67811584472656,149.6626434326172,148.32730102539062,144.3387181298045,150.4481446726907,149.3309948013202,138.29041463257073,147.13161495524358,147.42834873509386,144.2863540565027,147.58545922834708,148.19639081512105,-0.0200572540036017,-0.0202611314768322,-0.04305224470620406,0.013954800542772317,143.07147521972655,146.91209564208984,142.79864227294922,0.021409683671179378,0.0135102416581092,2.4699413422681857,-1.1520497754079884,8158620.0
2023-05-04,136.3441619873047,138.07224325795045,135.64594316239825,137.12092693419132,7500400,136.87655639648438,147.48944091796875,147.53306579589844,139.26795161444633,148.7200367789467,149.36588850618645,136.79801027217815,147.00067841925383,146.38101608000983,138.02860617189236,148.65022688226097,149.36588850618645,-0.003889595290792691,-0.0038971794391219,-0.0200572540036017,-0.014520674396793498,141.1985107421875,146.31599349975585,142.72655090332032,0.019872254663442966,0.013357004582699637,2.426300095552193,-0.7767649468866296,8375260.0
2023-05-05,139.8264923095703,140.62070291531552,138.57842424211847,139.03226838641132,5802000,136.3441619873047,144.8623809814453,148.26620483398438,138.07224325795045,147.45450930668704,148.75495401188948,135.64594316239825,144.20780339057447,146.39847715132336,137.12092693419132,146.80866794017354,147.72507825780403,0.02554073655599476,0.025220021345427234,-0.003889595290792691,-0.017811850937753393,139.73748779296875,145.9913230895996,142.69652740478514,0.024991088546636914,0.01471097694012126,2.042278673197046,0.7942239231589951,7528400.0
2023-05-08,139.27664184570312,141.65057737326885,139.22427777511786,141.01345898545864,5028200,139.8264923095703,145.708984375,146.3199005126953,140.62070291531552,146.09300539944903,147.85598439687743,138.57842424211847,144.06818543064952,145.86606965365488,139.03226838641132,145.25514013543147,147.8036203221739,-0.003932376867824439,-0.003940128991260752,0.02554073655599476,0.0058441907955602,138.4003936767578,145.61123123168946,142.64712799072265,0.025132882958900097,0.014647079471179858,2.4262995981509903,-1.7368171397555159,7314080.0
2023-05-09,138.8751983642578,140.00980235638366,137.8191538161212,137.99370520319812,5019800,139.27664184570312,147.13160705566406,146.87847900390625,141.65057737326885,147.4458048713405,148.0916289493151,139.22427777511786,143.17795897689552,146.0231680072118,141.01345898545864,143.57070291713686,147.05304368346515,-0.002882346071282016,-0.0028865080301137065,-0.003932376867824439,0.009763452039462273,138.23981018066405,145.17048187255858,142.58254333496095,0.016492965888408522,0.014523188520147567,2.1906485402624583,0.8814931610596943,6177700.0
2023-05-10,137.1034393310547,140.02722422684204,136.04739506394824,140.02722422684204,6161200,138.8751983642578,145.9621124267578,147.690185546875,140.00980235638366,147.2625316743134,148.66768398367785,137.8191538161212,145.1940702871848,146.6865050674733,137.99370520319812,146.3723155406281,147.55927533388083,-0.012757922610169392,-0.01284000377557957,-0.002882346071282016,-0.007948629477443236,138.28518676757812,144.61496276855468,142.5183071899414,0.014604196678463547,0.014595531738640519,3.979829162893793,-2.9237848957873496,5902320.0
2023-05-11,136.3441619873047,136.43144433444914,134.3106058190697,135.6110382139903,6666100,137.1034393310547,139.67811584472656,148.2138214111328,140.02722422684204,144.3387181298045,149.3484118614551,136.04739506394824,138.29041463257073,147.90834655609862,140.02722422684204,144.2863540565027,148.76365750581397,-0.005537989035538482,-0.005553380548473187,-0.012757922610169392,-0.04305224470620406,138.28518676757812,143.92242050170898,142.41654205322266,0.014743622730452585,0.01402726808067217,2.1208385153794325,0.7331237733143894,5735460.0
2023-05-12,136.69325256347656,137.836579295165,135.76811836279478,137.02490947217956,4898900,136.3441619873047,136.87655639648438,150.19500732421875,136.43144433444914,139.26795161444633,150.52666423264938,134.3106058190697,136.79801027217815,148.21382873284426,135.6110382139903,138.02860617189236,148.5891134935082,0.002560363209422878,0.002557091063605241,-0.005537989035538482,-0.0200572540036017,137.65853881835938,143.23205795288087,142.3128567504883,0.005523991548995029,0.014041116844073756,2.0684609323702148,-0.33165690870299613,5554840.0
2023-05-15,137.199462890625,138.03732808191592,136.35287479223248,137.22564492934515,5096700,136.69325256347656,136.3441619873047,150.50050354003906,137.836579295165,138.07224325795045,150.88452457954807,135.76811836279478,135.64594316239825,149.43572277318844,137.02490947217956,137.12092693419132,150.5528676240781,0.0037032576052966615,0.003696417428939914,0.002560363209422878,-0.003889595290792691,137.24310302734375,142.63333740234376,142.17740234375,0.006661871520629694,0.014127028823731971,1.6844532896834323,-0.026182038720151013,5568540.0
2023-05-16,133.9789581298828,137.04239027275355,133.8218658750778,136.5710868735039,7007700,137.199462890625,139.8264923095703,149.1738739013672,138.03732808191592,140.62070291531552,150.587757296646,136.35287479223248,138.57842424211847,148.56293745386498,137.22564492934515,139.03226838641132,150.45684709982973,-0.023473158661776683,-0.02375304175364484,0.0037032576052966615,0.02554073655599476,136.26385498046875,141.89104614257812,141.95641723632812,0.011319952267616564,0.014765983083829586,3.220524397675746,-2.592128743621089,5966120.0
2023-05-17,135.8990478515625,136.5187072091346,134.37170006731083,135.09608758280143,6169600,133.9789581298828,139.27664184570312,148.8247833251953,137.04239027275355,141.65057737326885,150.4568593934666,133.8218658750778,139.22427777511786,148.48440346824523,136.5710868735039,141.01345898545864,149.0866170576377,0.014331278198314479,0.014229556150338392,-0.023473158661776683,-0.003932376867824439,136.02297668457032,141.2377784729004,141.8111880493164,0.014081432483845595,0.015348172844590446,2.1470071418237637,0.8029602687610691,5967800.0
2023-05-18,135.73158264160156,135.93429516879334,133.54592095048096,134.72688212289222,7477700,135.8990478515625,138.8751983642578,148.9644012451172,136.5187072091346,140.00980235638366,149.0167786401962,134.37170006731083,137.8191538161212,147.58543614192575,135.09608758280143,137.99370520319812,147.89963392532246,-0.0012322765509280575,-0.0012330364279936473,0.014331278198314479,-0.002882346071282016,135.90046081542968,140.61235580444335,141.68076354980468,0.013917466480487771,0.015364697890607936,2.3883742183123786,1.0047005187093418,6130120.0
2023-05-19,136.80674743652344,137.8731462476854,135.71392365576622,136.50710307391722,8100900,135.73158264160156,137.1034393310547,148.2400360107422,135.93429516879334,140.02722422684204,148.4233103100893,133.54592095048096,136.04739506394824,146.6428648150583,134.72688212289222,140.02722422684204,147.2887062931239,0.007921257337438092,0.007890048877033269,-0.0012322765509280575,-0.012757922610169392,135.92315979003905,140.07254943847656,141.6151318359375,0.014439883773456414,0.01560520716297055,2.159222591919189,0.29964436260621596,6770520.0
2023-05-22,134.3479461669922,136.45429295390628,134.03947988255146,135.5377158759173,11661000,136.80674743652344,136.3441619873047,147.60287475585938,137.8731462476854,136.43144433444914,148.88584786569217,135.71392365576622,134.3106058190697,147.35850019374027,136.50710307391722,135.6110382139903,148.22254738528525,-0.017972807011380043,-0.018136279576631983,0.007921257337438092,-0.005537989035538482,135.3528564453125,139.30681457519532,141.51498657226563,0.016280505434315314,0.0153376894287829,2.414813071354814,-1.1897697089251267,8083380.0
2023-05-23,138.2345428466797,138.96602394276775,135.58177072220423,135.84616844677288,10436200,134.3479461669922,136.69325256347656,149.6626434326172,136.45429295390628,137.836579295165,150.4481446726907,134.03947988255146,135.76811836279478,147.13161495524358,135.5377158759173,137.02490947217956,147.58545922834708,0.028929334541940355,0.02851878057921328,-0.017972807011380043,0.002560363209422878,136.20397338867187,138.84406967163085,141.50933074951172,0.01750053979052576,0.016950848307870258,3.3842532205635223,2.3883743999068088,8769080.0
2023-05-24,138.6046905517578,139.7504050288368,137.74099044488932,139.2039794933467,7064000,138.2345428466797,137.199462890625,147.48944091796875,138.96602394276775,138.03732808191592,148.7200367789467,135.58177072220423,136.35287479223248,147.00067841925383,135.84616844677288,137.22564492934515,148.65022688226097,0.0026776788019522435,0.002674100206864402,0.028929334541940355,0.0037032576052966615,136.74510192871094,138.53118515014648,141.4752944946289,0.016946655931504448,0.016630904681745527,2.009414583947489,-0.5992889415888953,8947960.0
2023-05-25,136.21627807617188,137.15929319988825,135.28208472419067,136.3220317544119,7037700,138.6046905517578,133.9789581298828,144.8623809814453,139.7504050288368,137.04239027275355,147.45450930668704,137.74099044488932,133.8218658750778,144.20780339057447,139.2039794933467,136.5710868735039,146.80866794017354,-0.017231830077886534,-0.01738202599622432,0.0026776788019522435,-0.023473158661776683,136.842041015625,138.0565498352051,141.51497863769532,0.019513083282926117,0.016851712776043186,1.8772084756975858,-0.10575367824003479,8859960.0
2023-05-26,135.7932586669922,137.15930203953033,135.24684669710638,136.85964418549986,7736200,136.21627807617188,135.8990478515625,145.708984375,137.15929319988825,136.5187072091346,146.09300539944903,135.28208472419067,134.37170006731083,144.06818543064952,136.3220317544119,135.09608758280143,145.25514013543147,-0.0031054982205808157,-0.0031103302867550105,-0.017231830077886534,0.014331278198314479,136.63934326171875,137.4896324157715,141.53764923095704,0.019135646519567534,0.01657297306975228,1.9124553424239537,-1.0663855185076727,8787020.0
2023-05-30,134.94723510742188,135.0706189315614,133.26393010262447,133.66932833287078,7814800,135.7932586669922,135.73158264160156,147.13160705566406,137.15930203953033,135.93429516879334,147.4458048713405,135.24684669710638,133.54592095048096,143.17795897689552,136.85964418549986,134.72688212289222,143.57070291713686,-0.006230232397950064,-0.006249721284846014,-0.0031054982205808157,-0.0012322765509280575,136.7592010498047,136.9388885498047,141.57743774414064,0.017207505825746275,0.0165551627301465,1.8066888289369274,1.2779067745510986,8017780.0
2023-05-31,132.74391174316406,134.33028442930086,132.51477425154297,133.55472146100618,13346400,134.94723510742188,136.80674743652344,145.9621124267578,135.0706189315614,137.8731462476854,147.2625316743134,133.26393010262447,135.71392365576622,145.1940702871848,133.66932833287078,136.50710307391722,146.3723155406281,-0.01632729534994848,-0.016462054484819737,-0.006230232397950064,0.007921257337438092,135.66107482910155,136.59217834472656,141.5340591430664,0.008597414594993436,0.01411802503310572,1.8155101777578864,-0.810809717842119,8599820.0
2023-06-01,134.10116577148438,135.49364791111432,131.96838075696064,133.34323279542826,9887700,132.74391174316406,134.3479461669922,139.67811584472656,134.33028442930086,136.45429295390628,144.3387181298045,132.51477425154297,134.03947988255146,138.29041463257073,133.55472146100618,135.5377158759173,144.2863540565027,0.010224604733257703,0.010172687054213137,-0.01632729534994848,-0.017972807011380043,134.76036987304687,136.45340881347656,141.43526245117187,0.011214387343800189,0.013749131527540618,3.5252671541536813,0.7579329760561109,9164560.0
2023-06-02,137.7145538330078,138.14640389213386,135.37906976834805,136.2339481122786,9464300,134.10116577148438,138.2345428466797,136.87655639648438,135.49364791111432,138.96602394276775,139.26795161444633,131.96838075696064,135.58177072220423,136.79801027217815,133.34323279542826,135.84616844677288,138.02860617189236,0.026945239742962812,0.02658860892401223,0.010224604733257703,0.028929334541940355,135.06002502441407,136.5219284057617,141.4652883911133,0.016726831743474637,0.01506604006865533,2.7673341237858153,1.4806057207292156,9649880.0
2023-06-05,137.0535430908203,139.6446161119995,136.8155972852361,139.6446161119995,6443800,137.7145538330078,138.6046905517578,136.3441619873047,138.14640389213386,139.7504050288368,138.07224325795045,135.37906976834805,137.74099044488932,135.64594316239825,136.2339481122786,139.2039794933467,137.12092693419132,-0.004799861189609955,-0.004811417517338249,0.026945239742962812,0.0026776788019522435,135.31208190917968,136.3832809448242,141.509150390625,0.01688021524324938,0.013906211096557852,2.8290188267634164,-2.5910730211791986,9391400.0
2023-06-06,137.30032348632812,137.62641981153672,135.0177164489964,135.1322919238934,6176400,137.0535430908203,136.21627807617188,139.8264923095703,139.6446161119995,137.15929319988825,140.62070291531552,136.8155972852361,135.28208472419067,138.57842424211847,139.6446161119995,136.3220317544119,139.03226838641132,0.0018006130300789458,0.0017989938697995976,-0.004799861189609955,-0.017231830077886534,135.78269958496094,136.28446502685546,141.53106658935548,0.016277079414373133,0.013899707183661692,2.608703362540325,2.16803156243472,9063720.0
2023-06-07,140.86083984375,141.1957444694427,137.92605382591958,137.97012234737778,9900000,137.30032348632812,135.7932586669922,139.27664184570312,137.62641981153672,137.15930203953033,141.65057737326885,135.0177164489964,135.24684669710638,139.22427777511786,135.1322919238934,136.85964418549986,141.01345898545864,0.025932323151273806,0.02560178273213616,0.0018006130300789458,-0.0031054982205808157,137.4060852050781,136.38374710083008,141.5964389038086,0.014202839150926178,0.015095127614938614,3.26969064352312,2.8907174963722184,8374440.0
2023-06-08,140.34088134765625,141.4425272634629,138.44604230377317,141.15169112795078,7142200,140.86083984375,134.94723510742188,138.8751983642578,141.1957444694427,135.0706189315614,140.00980235638366,137.92605382591958,133.26393010262447,137.8191538161212,137.97012234737778,133.66932833287078,137.99370520319812,-0.0036912920345393285,-0.003698121664935069,0.025932323151273806,-0.006230232397950064,138.6540283203125,136.54561920166014,141.61929473876953,0.015904320382010863,0.014799209038411951,2.996484959689724,-0.8108097802945338,7825340.0
2023-06-09,140.0059814453125,141.35439501627172,139.7944605810698,140.37613287186733,6669500,140.34088134765625,132.74391174316406,137.1034393310547,141.4425272634629,134.33028442930086,140.02722422684204,138.44604230377317,132.51477425154297,136.04739506394824,141.15169112795078,133.55472146100618,140.02722422684204,-0.0023863317596968248,-0.002389183587171514,-0.0036912920345393285,-0.01632729534994848,139.11231384277343,136.72871017456055,141.6115380859375,0.012857538915778248,0.014739547773210192,1.5599344352019102,-0.3701514265548269,7266380.0
2023-06-12,138.65756225585938,140.42019570964595,137.68810847714636,138.4196029742069,7159600,140.0059814453125,134.10116577148438,136.3441619873047,141.35439501627172,135.49364791111432,136.43144433444914,139.7944605810698,131.96838075696064,134.3106058190697,140.37613287186733,133.34323279542826,135.6110382139903,-0.009631154151651944,-0.009677833677064634,-0.0023863317596968248,0.010224604733257703,139.43311767578126,136.8269256591797,141.55010650634765,0.013773986909173882,0.014941008256638065,2.7320872324995946,0.23795928165247915,7409540.0
2023-06-13,139.697509765625,141.52184184821488,139.4860023574356,139.70633153951692,7660800,138.65756225585938,137.7145538330078,136.69325256347656,140.42019570964595,138.14640389213386,137.836579295165,137.68810847714636,135.37906976834805,135.76811836279478,138.4196029742069,136.2339481122786,137.02490947217956,0.007500113898199379,0.007472127889016569,-0.009631154151651944,0.026945239742962812,139.9125549316406,136.9518280029297,141.49603302001952,0.013946243405918733,0.015003573083533192,2.035839490779267,-0.008821773891924067,7706420.0
2023-06-14,138.44601440429688,141.6892663197249,137.6175746909043,140.9930187104595,7721100,139.697509765625,137.0535430908203,137.199462890625,141.52184184821488,139.6446161119995,138.03732808191592,139.4860023574356,136.8155972852361,136.35287479223248,139.70633153951692,139.6446161119995,137.22564492934515,-0.008958608950351388,-0.008998978572145344,0.007500113898199379,-0.004799861189609955,139.42958984375,137.1751808166504,141.29840728759766,0.006885576896998575,0.014079622085231766,4.071691628820616,-2.54700430616262,7270640.0
2023-06-15,139.4947967529297,140.82558003858557,138.64874030901098,138.64874030901098,7705400,138.44601440429688,137.30032348632812,133.9789581298828,141.6892663197249,137.62641981153672,137.04239027275355,137.6175746909043,135.0177164489964,133.8218658750778,140.9930187104595,135.1322919238934,136.5710868735039,0.007575388523429094,0.007546839357816887,-0.008958608950351388,0.0018006130300789458,139.2603729248047,137.35496826171874,141.13764190673828,0.008446673981864864,0.013840516436624857,2.1768397295745956,0.8460564439187124,7383280.0
2023-06-16,138.59585571289062,140.34087241489198,138.59585571289062,139.75039185534314,22908100,139.4947967529297,140.86083984375,135.8990478515625,140.82558003858557,141.1957444694427,136.5187072091346,138.64874030901098,137.92605382591958,134.37170006731083,138.64874030901098,137.97012234737778,135.09608758280143,-0.006444262158618375,-0.006465116056270783,0.007575388523429094,0.025932323151273806,138.9783477783203,137.4981819152832,140.94423492431642,0.00877992174975282,0.0139413276879852,1.745016702001351,-1.154536142452514,10631000.0
2023-06-20,135.44073486328125,137.98775286435452,134.17165019707593,137.61758804124182,10438700,138.59585571289062,140.34088134765625,135.73158264160156,140.34087241489198,141.4425272634629,135.93429516879334,138.59585571289062,138.44604230377317,133.54592095048096,139.75039185534314,141.15169112795078,134.72688212289222,-0.022764900388835496,-0.0230280216894072,-0.006444262158618375,-0.0036912920345393285,138.3349822998047,137.42988128662108,140.72665161132812,0.012718230226307923,0.014816430589088677,3.816102667278585,-2.1768531779605667,11286820.0
2023-06-21,136.4983673095703,137.45019118600842,134.40082876068846,134.55065102163303,7328200,135.44073486328125,140.0059814453125,136.80674743652344,137.98775286435452,141.35439501627172,137.8731462476854,134.17165019707593,139.7944605810698,135.71392365576622,137.61758804124182,140.37613287186733,136.50710307391722,0.007808820938225658,0.007778489893476078,-0.022764900388835496,-0.0023863317596968248,137.69515380859374,137.53740234375,140.5190493774414,0.012792301735058124,0.014320110981009878,3.04936242531997,1.9477162879372827,11220300.0
2023-06-22,134.52418518066406,135.3614333849186,133.9337045850777,135.14992597624652,7088600,136.4983673095703,138.65756225585938,134.3479461669922,137.45019118600842,140.42019570964595,136.45429295390628,134.40082876068846,137.68810847714636,134.03947988255146,134.55065102163303,138.4196029742069,135.5377158759173,-0.014463045733205893,-0.014568655104779603,0.007808820938225658,-0.009631154151651944,136.9107879638672,137.3518844604492,140.2557293701172,0.013483980464358359,0.01308215326039548,1.4277287998409065,-0.625740795582459,11093800.0
2023-06-23,133.38729858398438,133.69575138493948,132.31209104823142,133.08764066168925,15172700,134.52418518066406,139.697509765625,138.2345428466797,135.3614333849186,141.52184184821488,138.96602394276775,133.9337045850777,139.4860023574356,135.58177072220423,135.14992597624652,139.70633153951692,135.84616844677288,-0.00845116880026342,-0.008487082411785042,-0.014463045733205893,0.007500113898199379,135.6892883300781,137.09101486206055,139.95919891357423,0.011276001703555909,0.013141568705341208,1.3836603367080613,0.29965792229512545,12587260.0
2023-06-26,135.73158264160156,136.57765260632695,133.554729276427,133.62523622747293,7371800,133.38729858398438,138.44601440429688,138.6046905517578,133.69575138493948,141.6892663197249,139.7504050288368,132.31209104823142,137.6175746909043,137.74099044488932,133.08764066168925,140.9930187104595,139.2039794933467,0.01757501713059395,0.017422362526592617,-0.00845116880026342,-0.008958608950351388,135.1164337158203,137.06678009033203,139.66993041992188,0.016479698834922542,0.01329903170628299,3.022923329899953,2.1063464141286374,9480000.0
2023-06-27,135.3085479736328,136.34850864251547,134.68282066545763,135.2821095492212,6581700,135.73158264160156,139.4947967529297,136.21627807617188,136.57765260632695,140.82558003858557,137.15929319988825,133.554729276427,138.64874030901098,135.28208472419067,133.62523622747293,138.64874030901098,136.3220317544119,-0.0031167003267453808,-0.0031215673525469166,0.01757501713059395,0.007575388523429094,135.08999633789062,137.04254455566405,139.36609130859375,0.01284611747581008,0.013299165424373255,1.6656879770578428,0.02643842441162292,8708600.0
2023-06-28,136.53358459472656,136.6217216458221,134.12759371546824,135.22923961503307,5773800,135.3085479736328,138.59585571289062,135.7932586669922,136.34850864251547,140.34087241489198,137.15930203953033,134.68282066545763,138.59585571289062,135.24684669710638,135.2821095492212,139.75039185534314,136.85964418549986,0.00905365285076054,0.00901291423999043,-0.0031167003267453808,-0.006444262158618375,135.09703979492187,137.1218620300293,139.11328552246093,0.013048890390986204,0.013367024054512372,2.4941279303538693,1.3043449796934965,8397720.0
2023-06-29,137.69691467285156,137.72335309584122,136.1105420543508,136.98303690865782,5633500,136.53358459472656,135.44073486328125,134.94723510742188,136.6217216458221,137.98775286435452,135.0706189315614,134.12759371546824,134.17165019707593,133.26393010262447,135.22923961503307,137.61758804124182,133.66932833287078,0.008520468290480476,0.008484373982554165,0.00905365285076054,-0.022764900388835496,135.73158569335936,137.36951217651367,138.89072814941406,0.010408759065001346,0.012848852856575157,1.6128110414904313,0.7138777641937395,8106700.0
2023-06-30,138.67518615722656,139.17752967623224,138.0141986416017,138.77213153076457,6346600,137.69691467285156,136.4983673095703,132.74391174316406,137.72335309584122,137.45019118600842,134.33028442930086,136.1105420543508,134.40082876068846,132.51477425154297,136.98303690865782,134.55065102163303,133.55472146100618,0.007104527263368521,0.007079409008266857,0.008520468290480476,0.007808820938225658,136.7891632080078,137.59821319580078,138.68494384765626,0.007370480927133014,0.012761249143983196,1.163331034630545,-0.0969453735380057,6341480.0
2023-07-03,138.55181884765625,139.3361902549645,138.10233867693137,138.52536697188387,3272600,138.67518615722656,134.52418518066406,134.10116577148438,139.17752967623224,135.3614333849186,135.49364791111432,138.0141986416017,133.9337045850777,131.96838075696064,138.77213153076457,135.14992597624652,133.34323279542826,-0.0008896134412283985,-0.0008900093821061068,0.007104527263368521,-0.014463045733205893,137.35321044921875,137.64007644653321,138.49117950439452,0.00570257544016015,0.011304101649800618,1.233851578033125,0.026451875772380617,5521640.0
2023-07-05,137.7586212158203,138.98365097974838,136.70985211510984,138.98365097974838,6318700,138.55181884765625,133.38729858398438,137.7145538330078,139.3361902549645,133.69575138493948,138.14640389213386,138.10233867693137,132.31209104823142,135.37906976834805,138.52536697188387,133.08764066168925,136.2339481122786,-0.005724916774337618,-0.005741366924244736,-0.0008896134412283985,-0.00845116880026342,137.84322509765624,137.6753303527832,138.29429443359376,0.006583026059979783,0.011328208086253353,2.273798864638536,-1.2250297639280632,5469040.0
2023-07-06,134.73573303222656,137.33561521805535,133.63408689858483,136.7803812633947,9203000,137.7586212158203,135.73158264160156,137.0535430908203,138.98365097974838,136.57765260632695,139.6446161119995,136.70985211510984,133.554729276427,136.8155972852361,138.98365097974838,133.62523622747293,139.6446161119995,-0.021943368457919776,-0.02218770516152656,-0.005724916774337618,0.01757501713059395,137.48365478515626,137.54710083007814,137.99575622558595,0.012295305957281006,0.01236164045189312,3.701528319470526,-2.0446482311681393,6154880.0
2023-07-07,135.9166717529297,137.47660618294617,133.92490071728136,134.08353127906616,6602200,134.73573303222656,135.3085479736328,137.30032348632812,137.33561521805535,136.34850864251547,137.62641981153672,133.63408689858483,134.68282066545763,135.0177164489964,136.7803812633947,135.2821095492212,135.1322919238934,0.008764851714731625,0.008726663383089774,-0.021943368457919776,-0.0031167003267453808,137.1276062011719,137.2998924255371,137.76430084228517,0.012350857563678463,0.01091385206818676,3.55170546566481,1.8331404738635229,6348620.0
2023-07-10,136.82443237304688,137.30033752512662,135.65227942239198,135.66108774912098,5167900,135.9166717529297,136.53358459472656,140.86083984375,137.47660618294617,136.6217216458221,141.1957444694427,133.92490071728136,134.12759371546824,137.92605382591958,134.08353127906616,135.22923961503307,137.97012234737778,0.006678802595809108,0.006656598204751684,0.008764851714731625,0.00905365285076054,136.75745544433593,137.12406997680665,137.6035418701172,0.012268963404468657,0.011061018938544585,1.6480581027346375,1.1633446239258944,6112880.0
2023-07-11,139.35382080078125,139.6094102268357,137.1857888061664,137.48543331797032,5060500,136.82443237304688,137.69691467285156,140.34088134765625,137.30033752512662,137.72335309584122,141.4425272634629,135.65227942239198,136.1105420543508,138.44604230377317,135.66108774912098,136.98303690865782,141.15169112795078,0.018486379836300637,0.018317583827806603,0.006678802595809108,0.008520468290480476,136.91785583496093,137.0914619445801,137.47643859863283,0.015569356606859854,0.01189723756444246,2.423621420669292,1.868387482810931,6470460.0
2023-07-12,140.6934051513672,141.31032418557098,139.53888236282296,140.3232537308449,6464000,139.35382080078125,138.67518615722656,140.0059814453125,139.6094102268357,139.17752967623224,141.35439501627172,137.1857888061664,138.0141986416017,139.7944605810698,137.48543331797032,138.77213153076457,140.37613287186733,0.009612828287650643,0.009566919031189683,0.018486379836300637,0.007104527263368521,137.50481262207032,137.19325408935546,137.34767456054686,0.015360546280211761,0.011869598986557794,1.7714418227480166,0.37015142052229066,6499520.0
2023-07-13,138.81622314453125,141.53950264604416,137.9877965364056,140.86969318063626,8143900,140.6934051513672,138.55181884765625,138.65756225585938,141.31032418557098,139.3361902549645,140.42019570964595,139.53888236282296,138.10233867693137,137.68810847714636,140.3232537308449,138.52536697188387,138.4196029742069,-0.013342359613916055,-0.013432168631333601,0.009612828287650643,-0.0008896134412283985,138.32091064453124,137.1491897583008,137.20475677490234,0.01173867776603068,0.012161407355062942,3.551706109638559,-2.0534700361050113,6287700.0
2023-07-14,135.35263061523438,138.38436244370095,135.1058629964361,138.37554066942675,7065700,138.81622314453125,137.7586212158203,139.697509765625,141.53950264604416,138.98365097974838,141.52184184821488,137.9877965364056,136.70985211510984,139.4860023574356,140.86969318063626,138.98365097974838,139.70633153951692,-0.024950920366783702,-0.02526747116585873,-0.013342359613916055,-0.005724916774337618,138.20810241699218,136.99452056884766,137.1182470703125,0.01786655167397238,0.01324214851728784,3.2784994472648634,-3.02291005419238,6380400.0
2023-07-17,135.229248046875,135.84616709953238,134.52419193762654,135.1499327646391,4351700,135.35263061523438,134.73573303222656,138.44601440429688,138.38436244370095,137.33561521805535,141.6892663197249,135.1058629964361,133.63408689858483,137.6175746909043,138.37554066942675,136.7803812633947,140.9930187104595,-0.000911563874293031,-0.0009119796013018384,-0.024950920366783702,-0.021943368457919776,137.88906555175782,136.78124313354493,137.0853009033203,0.01739887650148203,0.013086416845978204,1.32197516190584,0.07931528223591044,6217160.0
2023-07-18,135.50244140625,137.547102586816,134.28622006788487,134.55061776507193,6798300,135.229248046875,135.9166717529297,139.4947967529297,135.84616709953238,137.47660618294617,140.82558003858557,134.52419193762654,133.92490071728136,138.64874030901098,135.1499327646391,134.08353127906616,138.64874030901098,0.002020223903635765,0.0020181859955508623,-0.000911563874293031,0.008764851714731625,137.11878967285156,136.6265724182129,137.0684664916992,0.013655081189001439,0.013053907810715753,3.2608825189311403,0.9518236411780663,6564720.0
2023-07-19,136.33090209960938,137.29153421341508,135.0882421462492,135.5729690905912,5653100,135.50244140625,136.82443237304688,138.59585571289062,137.547102586816,137.30033752512662,140.34087241489198,134.28622006788487,135.65227942239198,138.59585571289062,134.55061776507193,135.66108774912098,139.75039185534314,0.006113990897592458,0.006095376289741486,0.002020223903635765,0.006678802595809108,136.2462890625,136.67108078002929,136.9985546875,0.012745423955982287,0.012086483294380626,2.203292067165876,0.7579330090181884,6402540.0
2023-07-20,137.8379364013672,138.53418417515897,137.22983913086284,137.62642898478362,5866600,136.33090209960938,139.35382080078125,135.44073486328125,137.29153421341508,139.6094102268357,137.98775286435452,135.0882421462492,137.1857888061664,134.17165019707593,135.5729690905912,137.48543331797032,137.61758804124182,0.01105423846353415,0.010993586931197506,0.006113990897592458,0.018486379836300637,136.05063171386718,136.73805923461913,136.96978057861327,0.01394748378093067,0.012212356939929279,1.3043450442961273,0.2115074165835722,5947080.0
2023-07-21,139.85617065429688,139.9795544732454,138.4196199103889,138.83383989853624,8760100,137.8379364013672,140.6934051513672,136.4983673095703,138.53418417515897,141.31032418557098,137.45019118600842,137.22983913086284,139.53888236282296,134.40082876068846,137.62642898478362,140.3232537308449,134.55065102163303,0.014642081168807053,0.01453592091504925,0.01105423846353415,0.009612828287650643,136.9513397216797,137.0046585083008,136.98940002441407,0.0063668701580861025,0.0120611916076605,1.5599345628565118,1.0223307557606347,6285960.0
2023-07-24,142.61468505859375,144.57119590065875,141.0194904212219,141.42490204928816,9722100,139.85617065429688,138.81622314453125,134.52418518066406,139.9795544732454,141.53950264604416,135.3614333849186,138.4196199103889,137.9877965364056,133.9337045850777,138.83383989853624,140.86969318063626,135.14992597624652,0.01972393775256087,0.01953194140186314,0.014642081168807053,-0.013342359613916055,138.42842712402344,137.46602783203124,137.09962493896484,0.006954608912785651,0.012414673984100587,3.551705479436862,1.189783009305586,7360040.0
2023-07-25,143.266845703125,144.10409390838038,141.59234929261422,142.69399520685187,6767600,142.61468505859375,135.35263061523438,133.38729858398438,144.57119590065875,138.38436244370095,133.69575138493948,141.0194904212219,135.1058629964361,132.31209104823142,141.42490204928816,138.37554066942675,133.08764066168925,0.004572885634205992,0.004562461758740775,0.01972393775256087,-0.024950920366783702,139.98130798339844,137.84279098510743,137.23807861328126,0.006211089314274595,0.011966979516872013,2.511744615766162,0.5728504962731336,7353900.0
2023-07-26,142.19161987304688,142.85260733632563,141.49538566210265,141.78622175968422,6056400,143.266845703125,135.229248046875,135.73158264160156,144.10409390838038,135.84616709953238,136.57765260632695,141.59234929261422,134.52419193762654,133.554729276427,142.69399520685187,135.1499327646391,133.62523622747293,-0.007505056908324703,-0.007533361555509487,0.004572885634205992,-0.000911563874293031,141.15345153808593,138.18694458007812,137.34804595947264,0.010509639853234476,0.01211991513120362,1.3572216742229841,0.40539811336265075,7434560.0
2023-07-27,140.71104431152344,143.1875423818814,140.3232627656773,142.85263769268204,6470100,142.19161987304688,135.50244140625,135.3085479736328,142.85260733632563,137.547102586816,136.34850864251547,141.49538566210265,134.28622006788487,134.68282066545763,141.78622175968422,134.55061776507193,135.2821095492212,-0.010412537411454648,-0.010467127154944824,-0.007505056908324703,0.002020223903635765,141.7280731201172,138.39581756591798,137.41827758789063,0.013235400090105,0.012349931965355176,2.864279616204101,-2.1415933811586,7555260.0
2023-07-28,140.0147705078125,140.12934597449177,137.93486269631586,139.6093723835738,6542300,140.71104431152344,136.33090209960938,136.53358459472656,143.1875423818814,137.29153421341508,136.6217216458221,140.3232627656773,135.0882421462492,134.12759371546824,142.85263769268204,135.5729690905912,135.22923961503307,-0.004948252691305721,-0.004960535830457998,-0.010412537411454648,0.006113990897592458,141.75979309082032,138.511710357666,137.53899383544922,0.012234862933969037,0.012318777434965062,2.194483278175909,0.40539812423870103,7111700.0
2023-07-31,144.23631286621094,144.51832725354598,141.55710222347756,142.0065824047892,13056300,140.0147705078125,137.8379364013672,137.69691467285156,140.12934597449177,138.53418417515897,137.72335309584122,137.93486269631586,137.22983913086284,136.1105420543508,139.6093723835738,137.62642898478362,136.98303690865782,0.0301506929810873,0.029705095405310983,-0.004948252691305721,0.01105423846353415,142.08411865234376,138.78976669311524,137.7057391357422,0.016515798722306723,0.013904764476609687,2.9612250300684195,2.229730461421724,7778540.0
2023-08-01,143.0377197265625,144.2186810143617,141.49541532228187,144.2186810143617,7531400,144.23631286621094,139.85617065429688,138.67518615722656,144.51832725354598,139.9795544732454,139.17752967623224,141.55710222347756,138.4196199103889,138.0141986416017,142.0065824047892,138.83383989853624,138.77213153076457,-0.008309926368959664,-0.008344646287525365,0.0301506929810873,0.014642081168807053,142.03829345703124,139.01406173706056,137.8518618774414,0.017081722869573334,0.014085422537316119,2.7232656920798206,-1.1809612877991924,7931300.0
2023-08-02,140.772705078125,142.08587173100435,139.30090788281953,142.04180320883327,7067100,143.0377197265625,142.61468505859375,138.55181884765625,144.2186810143617,144.57119590065875,139.3361902549645,141.49541532228187,141.0194904212219,138.10233867693137,144.2186810143617,141.42490204928816,138.52536697188387,-0.015835086386775554,-0.01596180083698869,-0.008309926368959664,0.01972393775256087,141.75451049804687,139.16476593017578,137.93118103027345,0.018332155139619152,0.014539586653550996,2.784963848184816,-1.2690981307082723,8133440.0
2023-08-03,140.71983337402344,142.50890516739736,139.99716068573798,140.93135421948097,6680700,140.772705078125,143.266845703125,137.7586212158203,142.08587173100435,144.10409390838038,138.98365097974838,139.30090788281953,141.59234929261422,136.70985211510984,142.04180320883327,142.69399520685187,138.98365097974838,-0.00037558207091514806,-0.00037565261952622646,-0.015835086386775554,0.004572885634205992,141.7562683105469,139.46397094726564,138.05861877441407,0.017701711840355076,0.013496451462745114,2.5117444816593775,-0.21152084545752814,8175560.0
2023-08-04,140.40255737304688,143.6722481550491,140.1645981053542,141.592340263685,10185400,140.71983337402344,142.19161987304688,134.73573303222656,142.50890516739736,142.85260733632563,137.33561521805535,139.99716068573798,141.49538566210265,133.63408689858483,140.93135421948097,141.78622175968422,136.7803812633947,-0.002254664416303509,-0.0022572099991283734,-0.00037558207091514806,-0.007505056908324703,141.83382568359374,139.6882652282715,138.10197906494142,0.01754861096577171,0.01344180458579355,3.507650049694888,-1.1897828906381278,8904180.0
2023-08-07,140.9137420654297,142.22690893353456,140.19987761186152,141.9008125742818,13927400,140.40255737304688,140.71104431152344,135.9166717529297,143.6722481550491,143.1875423818814,137.47660618294617,140.1645981053542,140.3232627656773,133.92490071728136,141.592340263685,142.85263769268204,134.08353127906616,0.003640850294660991,0.0036342384428755202,-0.002254664416303509,-0.010412537411454648,141.1693115234375,139.89273071289062,138.14816009521485,0.007603371391150973,0.013399805374950322,2.027031321673036,-0.9870705088520992,9078400.0
2023-08-08,140.7021942138672,140.82557800381528,137.67928463622678,139.19515031148873,6451300,140.9137420654297,140.0147705078125,136.82443237304688,142.22690893353456,140.12934597449177,137.30033752512662,140.19987761186152,137.93486269631586,135.65227942239198,141.9008125742818,139.6093723835738,135.66108774912098,-0.0015012577798428905,-0.0015023857964074406,0.003640850294660991,-0.004948252691305721,140.70220642089845,139.96014938354492,138.23787841796874,0.007385427214004357,0.012802916880318609,3.1462933675884983,1.5070439023784559,8862380.0
2023-08-09,140.88729858398438,142.27978068635608,140.4025716736925,141.7686153489417,10531500,140.7021942138672,144.23631286621094,139.35382080078125,140.82557800381528,144.51832725354598,139.6094102268357,137.67928463622678,141.55710222347756,137.1857888061664,139.19515031148873,142.0065824047892,137.48543331797032,0.0013155755754301612,0.0013147109641074434,-0.0015012577798428905,0.0301506929810873,140.72512512207032,139.96984405517577,138.3397592163086,0.0023626668870297004,0.012627332642560695,1.8772090126635703,-0.8813167649573188,9555260.0
2023-08-10,141.7421875,143.19635489157298,140.6757882177729,141.30152908463515,8647100,140.88729858398438,143.0377197265625,140.6934051513672,142.27978068635608,144.2186810143617,141.31032418557098,140.4025716736925,141.49541532228187,139.53888236282296,141.7686153489417,144.2186810143617,140.3232537308449,0.006067892028648769,0.00604955650640787,0.0013155755754301612,-0.008309926368959664,140.92959594726562,140.11614227294922,138.47565826416016,0.003484867822742565,0.01227727824811586,2.52056667380009,0.44065841536485095,9948540.0
2023-08-11,144.66812133789062,144.68575143611335,141.16929319495182,141.45132097521653,6682600,141.7421875,140.772705078125,138.81622314453125,143.19635489157298,142.08587173100435,141.53950264604416,140.6757882177729,139.30090788281953,137.9877965364056,141.30152908463515,142.04180320883327,140.86969318063626,0.020642646268533404,0.02043247426223595,0.006067892028648769,-0.015835086386775554,141.78270874023437,140.58191680908203,138.71414245605467,0.008634009716709863,0.011382972199997458,3.51645824116153,3.2168003626740926,9247980.0
2023-08-14,144.56239318847656,144.75628395971302,143.31092495002227,144.33325566239128,6060100,144.66812133789062,140.71983337402344,135.35263061523438,144.68575143611335,142.50890516739736,138.38436244370095,141.16929319495182,139.99716068573798,135.1058629964361,141.45132097521653,140.93135421948097,138.37554066942675,-0.0007308323937318395,-0.000731099581913487,0.020642646268533404,-0.00037558207091514806,142.51243896484374,141.0485740661621,138.92336700439452,0.0091431730942516,0.01137944498332446,1.4453590096907476,0.2291375260852817,7674520.0
2023-08-15,140.34088134765625,144.01597050904803,140.21749754299896,144.00714873511288,7876500,144.56239318847656,140.40255737304688,135.229248046875,144.75628395971302,143.6722481550491,135.84616709953238,143.31092495002227,140.1645981053542,134.52419193762654,144.33325566239128,141.592340263685,135.1499327646391,-0.029202005775571416,-0.02963687123768774,-0.0007308323937318395,-0.002254664416303509,142.44017639160157,141.2904960632324,138.9758935546875,0.01814685258887431,0.013519602620186628,3.7984729660490757,-3.666267387456628,7959560.0
2023-08-16,139.8032684326172,142.62347910252893,139.6622545371653,141.46895641014515,7920500,140.34088134765625,140.9137420654297,135.50244140625,144.01597050904803,142.22690893353456,137.547102586816,140.21749754299896,140.19987761186152,134.28622006788487,144.00714873511288,141.9008125742818,134.55061776507193,-0.00383076484825029,-0.0038381210204316333,-0.029202005775571416,0.003640850294660991,142.22337036132814,141.4641143798828,139.03088806152343,0.018172472526296654,0.013537099952758515,2.9612245653636364,-1.6656879775279663,7437360.0
2023-08-17,142.14340209960938,144.26999142205457,141.44936967317557,141.63621724648794,8270500,139.8032684326172,140.7021942138672,136.33090209960938,142.62347910252893,140.82557800381528,137.29153421341508,139.6622545371653,137.67928463622678,135.0882421462492,141.46895641014515,139.19515031148873,135.5729690905912,0.01673876221370385,0.016600213089779808,-0.00383076484825029,-0.0015012577798428905,142.30361328125,141.67938766479492,139.12774963378905,0.019822041511695372,0.013808633060763116,2.820621748879006,0.50718485312143,7362040.0
2023-08-18,143.16665649414062,143.5403788086987,140.7286499337772,140.9244040691873,5999200,142.14340209960938,140.88729858398438,137.8379364013672,144.26999142205457,142.27978068635608,138.53418417515897,141.44936967317557,140.4025716736925,137.22983913086284,141.63621724648794,141.7686153489417,137.62642898478362,0.0071987470358574335,0.007172959739936503,0.01673876221370385,0.0013155755754301612,142.0033203125,141.84491195678712,139.17386596679688,0.0171803937106557,0.01353709756099902,2.8117288749214993,2.2422524249533353,7225360.0
2023-08-21,142.68618774414062,144.2077288896253,141.87647863410453,143.43360527168156,6802300,143.16665649414062,141.7421875,139.85617065429688,143.5403788086987,143.19635489157298,139.9795544732454,140.7286499337772,140.6757882177729,138.4196199103889,140.9244040691873,141.30152908463515,138.83383989853624,-0.0033560101336840287,-0.0033616541668522655,0.0071987470358574335,0.006067892028648769,141.62807922363282,141.84848709106444,139.22077209472656,0.01717335138780997,0.012846131857685888,2.3312502555207573,-0.7474175275409323,7373800.0
2023-08-22,141.51165771484375,143.47809211400534,141.44937971167494,142.80185917225066,6080800,142.68618774414062,144.66812133789062,142.61468505859375,144.2077288896253,144.68575143611335,144.57119590065875,141.87647863410453,141.16929319495182,141.0194904212219,143.43360527168156,141.45132097521653,141.42490204928816,-0.008231560796921666,-0.008265627168575608,-0.0033560101336840287,0.020642646268533404,141.86223449707032,141.7607276916504,139.25088562011717,0.010138898023229731,0.012930449747084398,2.028712402330399,-1.2902014574069085,7014660.0
2023-08-23,141.69851684570312,141.84088596099843,139.42955828754864,140.7108531710743,4975600,141.51165771484375,144.56239318847656,143.266845703125,143.47809211400534,144.75628395971302,144.10409390838038,141.44937971167494,143.31092495002227,141.59234929261422,142.80185917225066,144.33325566239128,142.69399520685187,0.0013204504411636897,0.0013195794131617975,-0.008231560796921666,-0.0007308323937318395,142.2412841796875,141.7360725402832,139.31170471191408,0.00968758483964168,0.012830339191235513,2.41132767344979,0.9876636746288341,6425680.0
2023-08-24,140.53286743164062,142.26794821157847,140.19474425198905,140.34600631207974,5989600,141.69851684570312,140.34088134765625,142.19161987304688,141.84088596099843,144.01597050904803,142.85260733632563,139.42955828754864,140.21749754299896,141.49538566210265,140.7108531710743,144.00714873511288,141.78622175968422,-0.008226264042917153,-0.008260286466400623,0.0013204504411636897,-0.029202005775571416,141.91917724609374,141.72716369628907,139.3284118652344,0.00660954987674983,0.01274685548652161,2.0732039595894207,0.1868611195608878,5969500.0
2023-08-25,141.58285522460938,142.2857943200983,140.27486769068864,141.53837675130575,5291800,140.53286743164062,139.8032684326172,140.71104431152344,142.26794821157847,142.62347910252893,143.1875423818814,140.19474425198905,139.6622545371653,140.3232627656773,140.34600631207974,141.46895641014515,142.85263769268204,0.0074714749094513255,0.007443701692926202,-0.008226264042917153,-0.00383076484825029,141.6024169921875,141.8055679321289,139.39114868164063,0.006707511565730546,0.012794838299992374,2.010926629409653,0.0444784733036272,5828020.0
2023-08-28,142.55271911621094,143.9674765711303,141.67182548237835,141.9476571598331,4386100,141.58285522460938,142.14340209960938,140.0147705078125,142.2857943200983,144.26999142205457,140.12934597449177,140.27486769068864,141.44936967317557,137.93486269631586,141.53837675130575,141.63621724648794,139.6093723835738,0.006850150677233824,0.006826794994382947,0.0074714749094513255,0.01673876221370385,141.57572326660156,141.7213882446289,139.45230712890626,0.007742545043835888,0.010883933271618606,2.295651088751953,0.6050619563778241,5344780.0
2023-08-29,142.33026123046875,143.21114121771615,141.5650442612756,143.17555572994527,5374800,142.55271911621094,143.16665649414062,144.23631286621094,143.9674765711303,143.5403788086987,144.51832725354598,141.67182548237835,140.7286499337772,141.55710222347756,141.9476571598331,140.9244040691873,142.0065824047892,-0.0015605306382183715,-0.0015617495344030523,0.006850150677233824,0.0071987470358574335,141.73944396972655,141.6860153198242,139.52699523925781,0.006475741328947024,0.010733621760923786,1.6460969564405445,-0.8452944994765232,5203580.0
2023-08-30,142.5260009765625,143.478079088123,142.30355434231737,142.89081671522018,5534900,142.33026123046875,142.68618774414062,143.0377197265625,143.21114121771615,144.2077288896253,144.2186810143617,141.5650442612756,141.87647863410453,141.49541532228187,143.17555572994527,143.43360527168156,144.2186810143617,0.0013752503817638928,0.0013743055910742604,-0.0015605306382183715,-0.0033560101336840287,141.90494079589843,141.7736801147461,139.66870056152345,0.006476103748551396,0.010083789542037858,1.174524745805627,-0.3648157386576827,5315440.0
2023-08-31,143.34463500976562,143.46920459791232,142.30357267952994,143.26454389254738,7003700,142.5260009765625,141.51165771484375,140.772705078125,143.478079088123,143.47809211400534,142.08587173100435,142.30355434231737,141.44937971167494,139.30090788281953,142.89081671522018,142.80185917225066,142.04180320883327,0.0057437522107826045,0.005727319758649605,0.0013752503817638928,-0.008231560796921666,142.46729431152343,141.9049201965332,139.80562591552734,0.0039058003315445757,0.010143133531207141,1.1656319183823882,0.08009111721824524,5518260.0
2023-09-01,146.19192504882812,146.53894124165566,144.7148761964588,144.7148761964588,6663000,143.34463500976562,141.69851684570312,140.71983337402344,143.46920459791232,141.84088596099843,142.50890516739736,142.30357267952994,139.42955828754864,139.99716068573798,143.26454389254738,140.7108531710743,140.93135421948097,0.019863248030653757,0.019668547749736455,0.0057437522107826045,0.0013204504411636897,143.38910827636718,142.19438858032225,140.03898071289063,0.008223377018667112,0.010946563404881485,1.8240650451968747,1.477048852369336,5792500.0
2023-09-05,148.11387634277344,149.0926334098332,146.99273659094547,147.0639211447969,9755800,146.19192504882812,140.53286743164062,140.40255737304688,146.53894124165566,142.26794821157847,143.6722481550491,144.7148761964588,140.19474425198905,140.1645981053542,144.7148761964588,140.34600631207974,141.592340263685,0.013146767807479032,0.013061099083258584,0.019863248030653757,-0.008226264042917153,144.5013397216797,142.55439529418945,140.3335122680664,0.008763528612035283,0.011220860838148968,2.0998968188877427,1.0499551979765442,6866440.0
2023-09-06,148.26515197753906,148.98587698268324,147.33087329132502,147.95372122311218,7195500,148.11387634277344,141.58285522460938,140.9137420654297,149.0926334098332,142.2857943200983,142.22690893353456,146.99273659094547,140.27486769068864,140.19987761186152,147.0639211447969,141.53837675130575,141.9008125742818,0.0010213468076112342,0.001020825587827777,0.013146767807479032,0.0074714749094513255,145.68831787109374,142.93254318237305,140.58418365478516,0.008133891544564375,0.011186995426257182,1.6550036913582176,0.31143075442687973,7230580.0
2023-09-07,148.2740478515625,149.39517415067183,147.953724112236,148.71894117967895,7925900,148.26515197753906,142.55271911621094,140.7021942138672,148.98587698268324,143.9674765711303,140.82557800381528,147.33087329132502,141.67182548237835,137.67928463622678,147.95372122311218,141.9476571598331,139.19515031148873,5.9999763294182884e-05,5.9997963380381113e-05,0.0010213468076112342,0.006850150677233824,146.83792724609376,143.30188064575196,140.84349365234374,0.008426984832786966,0.011198577593966285,1.4414500384358462,-0.44489332811645,7708780.0
2023-09-08,148.78121948242188,149.9201452145743,148.33632619401655,148.96806706039533,7434400,148.2740478515625,142.33026123046875,140.88729858398438,149.39517415067183,143.21114121771615,142.27978068635608,147.953724112236,141.5650442612756,140.4025716736925,148.71894117967895,143.17555572994527,141.7686153489417,0.0034205016873021243,0.0034146650770423637,5.9999763294182884e-05,-0.0015605306382183715,147.925244140625,143.65383224487306,141.08844635009766,0.008641538022546158,0.011171267538056138,1.5838190205577405,-0.18684757797345242,7794920.0
2023-09-11,145.71145629882812,150.0091274293655,144.91954672676638,149.5553411275324,7155100,148.78121948242188,142.5260009765625,141.7421875,149.9201452145743,143.478079088123,143.19635489157298,148.33632619401655,142.30355434231737,140.6757882177729,148.96806706039533,142.89081671522018,141.30152908463515,-0.02063273304435065,-0.02084856180025558,0.0034205016873021243,0.0013752503817638928,147.829150390625,143.70599899291992,141.2487371826172,0.01234415617712084,0.011449560354639223,5.0895807025991076,-3.8438848287042617,7893340.0
2023-09-12,148.42529296875,148.76341620408658,146.90376556386602,147.08172015933488,7521100,145.71145629882812,143.34463500976562,144.66812133789062,150.0091274293655,143.46920459791232,144.68575143611335,144.91954672676638,142.30357267952994,141.16929319495182,149.5553411275324,143.26454389254738,141.45132097521653,0.018624730950161483,0.018453414527802293,-0.02063273304435065,0.0057437522107826045,147.8914337158203,143.8991439819336,141.44373931884766,0.014000830360850485,0.012143950621381726,1.8596506402205648,1.3435728094151216,7446400.0
2023-09-13,147.88253784179688,149.2617098584357,147.33087446596804,148.95918565730807,5759500,148.42529296875,146.19192504882812,144.56239318847656,148.76341620408658,146.53894124165566,144.75628395971302,146.90376556386602,144.7148761964588,143.31092495002227,147.08172015933488,144.7148761964588,144.33325566239128,-0.0036567563121967517,-0.0036634585896123755,0.018624730950161483,0.019863248030653757,147.81491088867188,144.27622680664064,141.63035369873046,0.014113038108844591,0.00989156501912441,1.9308353924676567,-1.076647815511194,7159200.0
2023-09-14,148.7989959716797,149.92902865391343,148.70111891137495,149.21719672233945,8822800,147.88253784179688,148.11387634277344,140.34088134765625,149.2617098584357,149.0926334098332,144.01597050904803,147.33087446596804,146.99273659094547,140.21749754299896,148.95918565730807,147.0639211447969,144.00714873511288,0.006197203153649022,0.006178079458466069,-0.0036567563121967517,0.013146767807479032,147.9199005126953,144.72601318359375,141.85116119384764,0.014430368534705511,0.009798579184113409,1.2279097425384862,-0.41820075065976425,7338580.0
2023-09-15,148.1494903564453,149.81338719476585,147.5978269292092,147.89145817898364,17439700,148.7989959716797,148.26515197753906,139.8032684326172,149.92902865391343,148.98587698268324,142.62347910252893,148.70111891137495,147.33087329132502,139.6622545371653,149.21719672233945,147.95372122311218,141.46895641014515,-0.004364986544384997,-0.004374540911410631,0.006197203153649022,0.0010213468076112342,147.7935546875,145.02631759643555,142.11943634033204,0.014495541570661234,0.009388012566361814,2.215560265556661,0.25803217746167206,9339640.0
2023-09-18,148.79010009765625,149.8044561678562,148.06046864830418,149.36845589370205,7027600,148.1494903564453,148.2740478515625,142.14340209960938,149.81338719476585,149.39517415067183,144.26999142205457,147.5978269292092,147.953724112236,141.44936967317557,147.89145817898364,148.71894117967895,141.63621724648794,0.0043240765774463785,0.004314754621229938,-0.004364986544384997,5.9999763294182884e-05,148.40928344726564,145.30748977661133,142.37690490722656,0.009316136594303324,0.009327867257648139,1.7439875195520074,-0.5783557960457983,9314140.0
2023-09-19,148.77232360839844,150.33835678534018,148.08718409348643,150.0981105907745,6615100,148.79010009765625,148.78121948242188,143.16665649414062,149.8044561678562,149.9201452145743,143.5403788086987,148.06046864830418,148.33632619401655,140.7286499337772,149.36845589370205,148.96806706039533,140.9244040691873,-0.00011947360238451221,-0.0001194807399238496,0.0043240765774463785,0.0034205016873021243,148.47868957519532,145.6117965698242,142.6158627319336,0.004701310273224016,0.009258430018748643,2.2511726918537533,-1.3257869823760586,9132940.0
2023-09-20,148.31854248046875,149.93794716291475,148.23846493851053,148.65666576038186,5939100,148.77232360839844,145.71145629882812,142.68618774414062,150.33835678534018,150.0091274293655,144.2077288896253,148.08718409348643,144.91954672676638,141.87647863410453,150.0981105907745,149.5553411275324,143.43360527168156,-0.0030501716779267607,-0.003054832932389899,-0.00011947360238451221,-0.02063273304435065,148.56589050292968,145.95214080810547,142.79515716552734,0.0045741086774100164,0.0090226851268054,1.6994822244042211,-0.33812327991310553,9168860.0
2023-09-21,146.9838409423828,149.36846235628167,146.85927136967263,148.701122450249,7150000,148.31854248046875,148.42529296875,141.51165771484375,149.93794716291475,148.76341620408658,143.47809211400534,148.23846493851053,146.90376556386602,141.44937971167494,148.65666576038186,147.08172015933488,142.80185917225066,-0.008998885208582053,-0.009039619737122901,-0.0030501716779267607,0.018624730950161483,148.2028594970703,146.21640701293944,142.92096588134766,0.00495566379850187,0.009375260616385012,2.509190986609042,-1.7172815078661756,8834300.0
2023-09-22,147.95372009277344,148.96807631023918,147.651195896369,147.90922804575712,5963000,146.9838409423828,147.88253784179688,141.69851684570312,149.36846235628167,149.2617098584357,141.84088596099843,146.85927136967263,147.33087446596804,139.42955828754864,148.701122450249,148.95918565730807,140.7108531710743,0.006598542698110776,0.006576867612313977,-0.008998885208582053,-0.0036567563121967517,148.16370544433593,146.5874496459961,143.1037158203125,0.00616898900225667,0.009117129758762712,1.3168804138701944,0.0444920470163197,6538960.0
2023-09-25,150.1159210205078,150.17819902980173,147.695700096,147.99822431729658,5510000,147.95372009277344,148.7989959716797,140.53286743164062,148.96807631023918,149.92902865391343,142.26794821157847,147.651195896369,148.70111891137495,140.19474425198905,147.90922804575712,149.21719672233945,140.34600631207974,0.01461403556719354,0.014508279651451229,0.006598542698110776,0.006197203153649022,148.42886962890626,147.01410293579102,143.39898162841797,0.009097384204612542,0.009451121054263977,2.482498933801736,2.1176967032112373,6235440.0
2023-09-26,149.3061981201172,149.84896850346723,148.5765665719462,148.98587439261442,5659200,150.1159210205078,148.1494903564453,141.58285522460938,150.17819902980173,149.81338719476585,142.2857943200983,147.695700096,147.5978269292092,140.27486769068864,147.99822431729658,147.89145817898364,141.53837675130575,-0.005393984161613408,-0.005408584219502838,0.01461403556719354,-0.004364986544384997,148.53564453125,147.35177688598634,143.6805206298828,0.009664981460528795,0.009582394674700703,1.2724019315210455,0.3203237275027675,6044260.0
2023-09-27,152.18911743164062,152.35817908390052,150.20489681089524,150.7031752109866,9124400,149.3061981201172,148.79010009765625,142.55271911621094,149.84896850346723,149.8044561678562,143.9674765711303,148.5765665719462,148.06046864830418,141.67182548237835,148.98587439261442,149.36845589370205,141.9476571598331,0.019308771824757986,0.01912472288929098,-0.005393984161613408,0.0043240765774463785,149.30975952148438,147.84471969604493,144.01425415039063,0.01228286377301581,0.010246212333794795,2.1532822730052885,1.4859422206540387,6681320.0
2023-09-28,151.7886962890625,152.7763599806169,150.75654055108262,151.7531107981619,7151800,152.18911743164062,148.77232360839844,142.33026123046875,152.35817908390052,150.33835678534018,143.21114121771615,150.20489681089524,148.08718409348643,141.5650442612756,150.7031752109866,150.0981105907745,143.17555572994527,-0.0026310760541599088,-0.002634543418028703,0.019308771824757986,-0.00011947360238451221,150.2707305908203,148.30785446166993,144.3234100341797,0.01066249649353191,0.010326809150870203,2.019819429534266,0.03558549090058705,6681680.0
2023-09-29,150.0358123779297,151.70861553316175,149.32399395848853,151.69972255489188,7396100,151.7886962890625,148.31854248046875,142.5260009765625,152.7763599806169,149.93794716291475,143.478079088123,150.75654055108262,148.23846493851053,142.30355434231737,151.7531107981619,148.65666576038186,142.89081671522018,-0.011548184772564807,-0.01161538290357939,-0.0026310760541599088,-0.0030501716779267607,150.68714904785156,148.6424133300781,144.56736755371094,0.013365954086638852,0.010815276760682604,2.3846215746732184,-1.6639101769621902,6968300.0
2023-10-02,148.18505859375,149.9913379338906,147.01944028701473,149.7866772345973,6839600,150.0358123779297,146.9838409423828,143.34463500976562,151.70861553316175,149.36846235628167,143.46920459791232,149.32399395848853,146.85927136967263,142.30357267952994,151.69972255489188,148.701122450249,143.26454389254738,-0.012335413491265435,-0.012412126212478988,-0.011548184772564807,-0.008998885208582053,150.3009765625,148.74207000732423,144.7339453125,0.012870682426719784,0.010460061998190646,2.971897646875874,-1.601618640847306,7234220.0
2023-10-03,148.53207397460938,148.91468928132252,147.26857860332973,147.63339437606248,6168600,148.18505859375,147.95372009277344,146.19192504882812,149.9913379338906,148.96807631023918,146.53894124165566,147.01944028701473,147.651195896369,144.7148761964588,149.7866772345973,147.90922804575712,144.7148761964588,0.0023417703792305566,0.0023390327081410592,-0.012335413491265435,0.006598542698110776,150.14615173339843,148.76297988891602,144.85229309082033,0.012903741321702964,0.010056190485933331,1.6461106779927945,0.8986795985468916,7336100.0
2023-10-04,145.07080078125,146.7969889515259,143.69164241774027,146.54784979056504,9664700,148.53207397460938,150.1159210205078,148.11387634277344,148.91468928132252,150.17819902980173,149.0926334098332,147.26857860332973,147.695700096,146.99273659094547,147.63339437606248,147.99822431729658,147.0639211447969,-0.02330320381812656,-0.023579016781988423,0.0023417703792305566,0.01461403556719354,148.7224884033203,148.60326232910157,144.8883721923828,0.009876393495275446,0.011339306017502777,3.105346533785621,-1.4770490093150386,7444160.0
2023-10-05,145.83602905273438,146.59235314927827,143.6026694099493,143.62936192375042,8073000,145.07080078125,149.3061981201172,148.26515197753906,146.7969889515259,149.84896850346723,148.98587698268324,143.69164241774027,148.5765665719462,147.33087329132502,146.54784979056504,148.98587439261442,147.95372122311218,0.005274860739469256,0.005260997391675164,-0.02330320381812656,-0.005393984161613408,147.53195495605468,148.48136138916016,144.96126037597656,0.011712286967630544,0.011425254184212428,2.9896837393289672,2.206667128983952,7628400.0
2023-10-06,144.35006713867188,146.25420979852422,141.46716742728836,146.200824778249,10190400,145.83602905273438,152.18911743164062,148.2740478515625,146.59235314927827,152.35817908390052,149.39517415067183,143.6026694099493,150.20489681089524,147.953724112236,143.62936192375042,150.7031752109866,148.71894117967895,-0.010189264777122897,-0.010241530672614437,0.005274860739469256,0.019308771824757986,146.39480590820312,148.25980377197266,145.03404083251954,0.011622294901532361,0.011567167568373601,4.787042371235856,-1.8507576395771252,8187260.0
2023-10-09,148.34524536132812,149.65323294632088,146.7703190407529,148.04272113029978,8183500,144.35006713867188,151.7886962890625,148.78121948242188,146.25420979852422,152.7763599806169,149.9201452145743,141.46716742728836,150.75654055108262,148.33632619401655,146.200824778249,151.7531107981619,148.96806706039533,0.02767700979881238,0.02730092486136186,-0.010189264777122897,-0.0026310760541599088,146.42684326171874,148.39149322509766,145.20065032958985,0.019010105840538985,0.012366364953540609,2.882913905567989,0.30252423102834314,8456040.0
2023-10-10,148.18505859375,148.95027563454002,147.41984155295995,148.38971929304327,6512900,148.34524536132812,150.0358123779297,145.71145629882812,149.65323294632088,151.70861553316175,150.0091274293655,146.7703190407529,149.32399395848853,144.91954672676638,148.04272113029978,151.69972255489188,149.5553411275324,-0.0010798240765179656,-0.0010804075065751104,0.02767700979881238,-0.011548184772564807,146.35744018554686,148.37948150634764,145.27962524414062,0.018982507201170257,0.011649828417876625,1.5304340815800686,-0.2046606992932709,8524900.0
2023-10-11,143.34463500976562,146.88598208170757,142.7929580533444,146.87708910293523,12570700,148.18505859375,148.18505859375,148.42529296875,148.95027563454002,149.9913379338906,148.76341620408658,147.41984155295995,147.01944028701473,146.90376556386602,148.38971929304327,149.7866772345973,147.08172015933488,-0.03266472092341255,-0.033210122757494805,-0.0010798240765179656,-0.012335413491265435,146.01220703125,148.1525863647461,145.2857635498047,0.022032314671151344,0.013744317360104927,4.093024028363175,-3.532454093169605,9106100.0
2023-10-12,143.4602813720703,145.2665469788438,143.16665018190142,145.2665469788438,7397000,143.34463500976562,148.53207397460938,147.88253784179688,146.88598208170757,148.91468928132252,149.2617098584357,142.7929580533444,147.26857860332973,147.33087446596804,146.87708910293523,147.63339437606248,148.95918565730807,0.0008067714727990616,0.0008064462076257525,-0.03266472092341255,0.0023417703792305566,145.53705749511718,147.88565063476562,145.3395150756836,0.021742229676300864,0.013638557089385427,2.0998967969423745,-1.8062656067734792,8970900.0
2023-10-13,145.97840881347656,146.67244137700592,144.41238905575585,145.4000528695581,8042800,143.4602813720703,145.07080078125,148.7989959716797,145.2665469788438,146.7969889515259,149.92902865391343,143.16665018190142,143.69164241774027,148.70111891137495,145.2665469788438,146.54784979056504,149.21719672233945,0.017552784766087237,0.01740051390903958,0.0008067714727990616,-0.02330320381812656,145.86272583007812,147.7770965576172,145.44468658447266,0.02298205420246168,0.014281659241293168,2.260052321250072,0.5783559439184671,8541380.0
2023-10-16,147.1707000732422,147.53551584235882,145.79154168742656,147.1173150488966,5446000,145.97840881347656,145.83602905273438,148.1494903564453,146.67244137700592,146.59235314927827,149.81338719476585,144.41238905575585,143.6026694099493,147.5978269292092,145.4000528695581,143.62936192375042,147.89145817898364,0.008167586353740042,0.00813441213344286,0.017552784766087237,0.005274860739469256,145.62781677246093,147.69612655639648,145.58004943847655,0.018928764048654796,0.014377520654881886,1.7439741549322605,0.05338502434560155,7993880.0
2023-10-17,149.1193389892578,149.66210938001117,146.50336410848158,146.66353276295084,7538300,147.1707000732422,144.35006713867188,148.79010009765625,147.53551584235882,146.25420979852422,149.8044561678562,145.79154168742656,141.46716742728836,148.06046864830418,147.1173150488966,146.200824778249,149.36845589370205,0.013240671648948155,0.013153780117208863,0.008167586353740042,-0.010189264777122897,145.8146728515625,147.71347732543944,145.74416137695312,0.020047875148517025,0.014700361892469838,3.1587452715295967,2.4558062263069758,8198960.0
2023-10-18,150.30274963378906,150.9967820900413,149.1104388578753,149.9023483824229,6893500,149.1193389892578,148.34524536132812,148.77232360839844,149.66210938001117,149.65323294632088,150.33835678534018,146.50336410848158,146.7703190407529,148.08718409348643,146.66353276295084,148.04272113029978,150.0981105907745,0.007935997118499127,0.007904672711165092,0.013240671648948155,0.02767700979881238,147.2062957763672,147.81268768310548,145.93617248535156,0.006297327060434332,0.014776818703100708,1.8863432321660127,0.4004012513661621,7063520.0
2023-10-19,150.4629364013672,151.4150011102955,149.04816522979075,150.10701357512536,6580200,150.30274963378906,148.18505859375,148.31854248046875,150.9967820900413,148.95027563454002,149.93794716291475,149.1104388578753,147.41984155295995,148.23846493851053,149.9023483824229,148.38971929304327,148.65666576038186,0.001065760726057352,0.0010651932062858132,0.007935997118499127,-0.0010798240765179656,148.60682678222656,147.98664245605468,146.12768524169923,0.0062079576605524895,0.014596954389280103,2.3668358805047376,0.35592282624182303,6900160.0
2023-10-20,148.4430694580078,150.46288842455155,147.79352917569776,149.84893362498508,7458300,150.4629364013672,143.34463500976562,146.9838409423828,151.4150011102955,146.88598208170757,149.36846235628167,149.04816522979075,142.7929580533444,146.85927136967263,150.10701357512536,146.87708910293523,148.701122450249,-0.013424348824160104,-0.013515270016904016,0.001065760726057352,-0.03266472092341255,149.09975891113282,148.0111099243164,146.2617028808594,0.010351948044450606,0.01489597800416703,2.6693592488537945,-1.405864166977267,6783260.0
2023-10-23,142.9709014892578,146.30760117200262,142.5882997759613,145.30215156667356,16232400,148.4430694580078,143.4602813720703,147.95372009277344,150.46288842455155,145.2665469788438,148.96807631023918,147.79352917569776,143.16665018190142,147.651195896369,149.84893362498508,145.2665469788438,147.90922804575712,-0.03686374843049167,-0.03756039061959445,-0.013424348824160104,0.0008067714727990616,148.25979919433593,147.65385894775392,146.22775848388673,0.020132489138025664,0.016633291314418222,3.719301396041317,-2.3312500774157456,8940540.0
2023-10-24,139.38507080078125,143.32683264991442,139.22491572363538,143.15777101710495,17689900,142.9709014892578,145.97840881347656,150.1159210205078,146.30760117200262,146.67244137700592,150.17819902980173,142.5882997759613,144.41238905575585,147.695700096,145.30215156667356,145.4000528695581,147.99822431729658,-0.025080842682844717,-0.025400726994124382,-0.03686374843049167,0.017552784766087237,146.3129455566406,147.1578025817871,146.1242120361328,0.018380649361349206,0.017391097269049232,4.101916926279046,-3.772700216323699,10970860.0
2023-10-25,138.69105529785156,140.06133448533947,138.06820729311534,139.64313362993053,10502400,139.38507080078125,147.1707000732422,149.3061981201172,143.32683264991442,147.53551584235882,149.84896850346723,139.22491572363538,145.79154168742656,148.5765665719462,143.15777101710495,147.1173150488966,148.98587439261442,-0.004979123653218398,-0.004991560790600857,-0.025080842682844717,0.008167586353740042,143.99060668945313,146.48289947509767,146.09121551513672,0.015305134499209037,0.01655824379336669,1.9931271922241365,-0.952078332078969,11692640.0
2023-10-26,137.69447326660156,138.07707497904224,136.69791664157862,137.9258128896774,10830400,138.69105529785156,149.1193389892578,152.18911743164062,140.06133448533947,149.66210938001117,152.35817908390052,138.06820729311534,146.50336410848158,150.20489681089524,139.64313362993053,146.66353276295084,150.7031752109866,-0.007185625843784571,-0.0072115667958501575,-0.004979123653218398,0.013240671648948155,141.4369140625,145.7781883239746,146.0490396118164,0.01334347493438974,0.016562480084622883,1.3791583374636218,-0.23133962307582578,12542680.0
2023-10-30,129.9889373779297,130.3003681576701,128.41402467462817,129.60633560911438,13857100,128.440673828125,150.4629364013672,150.0358123779297,134.58019463173943,151.4150011102955,151.70861553316175,128.09365767100007,149.04816522979075,149.32399395848853,134.10860892018664,150.10701357512536,151.69972255489188,0.012054308838931549,0.011982234285970983,-0.06720530765646293,0.001065760726057352,134.8400421142578,143.78862533569335,145.5114306640625,0.03024858382635174,0.022056973672566083,1.8863434830419408,0.38260176881530583,15480820.0
2023-10-31,129.6685791015625,130.37151801943384,128.33389939007748,129.99780932946575,14261300,129.9889373779297,148.4430694580078,148.18505859375,130.3003681576701,150.46288842455155,149.9913379338906,128.41402467462817,147.79352917569776,147.01944028701473,129.60633560911438,149.84893362498508,149.7866772345973,-0.0024645041557327385,-0.002467546044959761,0.012054308838931549,-0.013424348824160104,132.89674377441406,142.845450592041,145.25107849121093,0.030702205473206148,0.02198400794086791,2.037618629356359,-0.3292302279032526,14795100.0
2023-11-01,128.1114501953125,129.9177156157017,127.96909468085212,129.89102310817387,10819600,129.6685791015625,142.9709014892578,148.53207397460938,130.37151801943384,146.30760117200262,148.91468928132252,128.33389939007748,142.5882997759613,147.26857860332973,129.99780932946575,145.30215156667356,147.63339437606248,-0.012008529105808963,-0.0120812139697184,-0.0024645041557327385,-0.03686374843049167,130.78082275390625,141.99748306274415,144.9830743408203,0.03034726840888839,0.02167341820472844,1.948620934849572,-1.7795729128613686,14858540.0
2023-11-02,132.36465454101562,132.57820822052415,127.97801296050967,128.6097538663227,11099100,128.1114501953125,139.38507080078125,145.07080078125,129.9177156157017,143.32683264991442,146.7969889515259,127.96909468085212,139.22491572363538,143.69164241774027,129.89102310817387,143.15777101710495,146.54784979056504,0.03319925220750286,0.03266005847573909,-0.012008529105808963,-0.025080842682844717,129.71485900878906,141.32391433715821,144.79639709472656,0.03757983408758544,0.023276049803659757,4.600195260014473,3.7549006746929194,14912280.0
2023-11-03,131.34140014648438,132.18669469835137,130.04230574075524,131.95535507083952,13160000,132.36465454101562,138.69105529785156,145.83602905273438,132.57820822052415,140.06133448533947,146.59235314927827,127.97801296050967,138.06820729311534,143.6026694099493,128.6097538663227,139.64313362993053,143.62936192375042,-0.007730571262241082,-0.007760607024127997,0.03319925220750286,-0.004979123653218398,130.29500427246094,140.67348098754883,144.61256774902344,0.0183798591781996,0.023251301543315242,2.144388957596135,-0.6139549243551414,12639420.0
2023-11-06,130.7986297607422,132.87183416102772,130.52279808799906,132.3379567719942,10634200,131.34140014648438,137.69447326660156,144.35006713867188,132.18669469835137,138.07707497904224,146.25420979852422,130.04230574075524,136.69791664157862,141.46716742728836,131.95535507083952,137.9258128896774,146.200824778249,-0.004132515605413389,-0.0041410780457818335,-0.007730571262241082,-0.007185625843784571,130.45694274902343,139.79615020751953,144.3968832397461,0.018165130057618654,0.021991915414985484,2.349036073028657,-1.5393270112519986,11994840.0
2023-11-07,128.49407958984375,129.56182073979747,127.45303095035898,129.161419505698,15054600,130.7986297607422,128.440673828125,148.34524536132812,132.87183416102772,134.58019463173943,149.65323294632088,130.52279808799906,128.09365767100007,146.7703190407529,132.3379567719942,134.10860892018664,148.04272113029978,-0.01761906967308402,-0.017776133089839354,-0.004132515605413389,-0.06720530765646293,130.2220428466797,138.8116012573242,144.11571044921874,0.020124093632647177,0.022106253516836295,2.1087897894384895,-0.6673399158542566,12153500.0
2023-11-08,126.70561981201172,128.7076398737841,126.57215723872056,128.02251389479946,12654100,128.49407958984375,129.9889373779297,148.18505859375,129.56182073979747,130.3003681576701,148.95027563454002,127.45303095035898,128.41402467462817,147.41984155295995,129.161419505698,129.60633560911438,148.38971929304327,-0.013918616200379375,-0.014016388435158383,-0.01761906967308402,0.012054308838931549,129.94087677001954,137.97965049743652,143.8032176208496,0.02038611692577741,0.02133895201604886,2.135482635063539,-1.3168940827877407,12520400.0
2023-11-09,126.29631042480467,128.04919108866034,126.15394131228328,127.28397408019003,10359500,126.70561981201172,129.6685791015625,143.34463500976562,128.7076398737841,130.37151801943384,146.88598208170757,126.57215723872056,128.33389939007748,142.7929580533444,128.02251389479946,129.99780932946575,146.87708910293523,-0.0032303964718717326,-0.0032356254667422596,-0.013918616200379375,-0.0024645041557327385,128.72720794677736,137.12145195007324,143.47862380981445,0.006255820954907294,0.021290916760086084,1.8952497763770566,-0.9876636553853615,12372480.0
2023-11-10,127.19499206542967,127.63099238823898,126.10945132461153,127.49751625167316,11988200,126.29631042480467,128.1114501953125,143.4602813720703,128.04919108866034,129.9177156157017,145.2665469788438,126.15394131228328,127.96909468085212,143.16665018190142,127.28397408019003,129.89102310817387,145.2665469788438,0.007115660288113279,0.007090463435001012,-0.0032303964718717326,-0.012008529105808963,127.8979263305664,136.1822811126709,143.15563095092773,0.0097499847251835,0.020802148327794805,1.5215410636274527,-0.3025241862434882,12138120.0
2023-11-13,128.1292724609375,128.39621116064436,127.10602328530511,127.37294840794574,8747700,127.19499206542967,132.36465454101562,145.97840881347656,127.63099238823898,132.57820822052415,146.67244137700592,126.10945132461153,127.97801296050967,144.41238905575585,127.49751625167316,128.6097538663227,145.4000528695581,0.007345260849792146,0.007318415797108276,0.007115660288113279,0.03319925220750286,127.36405487060547,135.23020973205567,142.79437789916992,0.011583439401472741,0.020772103656652323,1.2901878753392424,0.7563240529917579,11760820.0
2023-11-14,129.06356811523438,129.46396942898258,128.0047197324534,128.55638316130342,11224400,128.1292724609375,131.34140014648438,147.1707000732422,128.39621116064436,132.18669469835137,147.53551584235882,127.10602328530511,130.04230574075524,145.79154168742656,127.37294840794574,131.95535507083952,147.1173150488966,0.007291820489979894,0.007265363701204982,0.007345260849792146,-0.007730571262241082,127.47795257568359,134.2274211883545,142.41337173461915,0.009456222800158974,0.020512594815306293,1.4592496965291843,0.5071849539309596,10994780.0
2023-11-15,129.51734924316406,130.47832050368953,128.49409997401978,128.89450127163852,10052100,129.06356811523438,130.7986297607422,149.1193389892578,129.46396942898258,132.87183416102772,149.66210938001117,128.0047197324534,130.52279808799906,146.50336410848158,128.55638316130342,132.3379567719942,146.66353276295084,0.0035159505858735063,0.0035097840814684745,0.007291820489979894,-0.004132515605413389,128.04029846191406,133.18815116882325,142.03841567993163,0.004566623435095141,0.020366589785884508,1.9842205296697557,0.6228479715255446,10474380.0
2023-11-16,127.46734619140624,129.03179516432505,126.54126022808047,128.5912382555769,14031300,129.51734924316406,128.49407958984375,150.30274963378906,130.47832050368953,129.56182073979747,150.9967820900413,128.49409997401978,127.45303095035898,149.1104388578753,128.89450127163852,129.161419505698,149.9023483824229,-0.015828018900456486,-0.015954619661511987,0.0035159505858735063,-0.01761906967308402,128.27450561523438,132.0383716583252,141.6222816467285,0.01003517504405432,0.02035549896735807,2.490534936244572,-1.1238920641706756,11208740.0
2023-11-17,129.88597106933594,130.54232022855814,128.03378532403818,128.528300602652,11075600,127.46734619140624,126.70561981201172,150.4629364013672,129.03179516432505,128.7076398737841,151.4150011102955,126.54126022808047,126.57215723872056,149.04816522979075,128.5912382555769,128.02251389479946,150.10701357512536,0.018974466404108492,0.01879669642331501,-0.015828018900456486,-0.013918616200379375,128.8127014160156,131.1105167388916,141.2443766784668,0.012642274363953845,0.021178461070952462,2.508534904519962,1.3576704666839419,11026220.0
2023-11-20,129.81405639648438,130.9918932935573,129.7151533285186,130.03883484918953,8062400,129.88597106933594,126.29631042480467,148.4430694580078,130.54232022855814,128.04919108866034,150.46288842455155,128.03378532403818,126.15394131228328,147.79352917569776,128.528300602652,127.28397408019003,149.84893362498508,-0.0005536754451577197,-0.0005538287800081116,0.018974466404108492,-0.0032303964718717326,129.149658203125,130.45267448425292,140.92642868041992,0.012653860650545851,0.019953840582362818,1.2767399650387006,-0.22477845270515218,10889160.0
2023-11-21,129.50836181640625,129.7421402138786,128.30355246727316,129.31955557779037,6783300,129.81405639648438,127.19499206542967,142.9709014892578,130.9918932935573,127.63099238823898,146.30760117200262,129.7151533285186,126.10945132461153,142.5882997759613,130.03883484918953,127.49751625167316,145.30215156667356,-0.002354865016654717,-0.002357642071861443,-0.0005536754451577197,0.007115660288113279,129.23861694335938,129.95883903503417,140.54809005737306,0.012509517601446295,0.019365883804121464,1.4385877466054353,0.1888062386158822,10000940.0
2023-11-22,129.76910400390625,129.82304863996498,126.52330244694902,127.44040241811338,7216100,129.50836181640625,128.1292724609375,139.38507080078125,129.7421402138786,128.39621116064436,143.32683264991442,128.30355246727316,127.10602328530511,139.22491572363538,129.31955557779037,127.37294840794574,143.15777101710495,0.0020133231850283373,0.0020112991661188104,-0.002354865016654717,0.007345260849792146,129.28896789550782,129.51274147033692,140.18582138061524,0.012444359828046621,0.019400591350693275,3.299746193015963,2.328701585792871,9433740.0
2023-11-24,130.28158569335938,131.21667173942134,129.65220876969536,129.7421256385279,3861000,129.76910400390625,129.06356811523438,138.69105529785156,129.82304863996498,129.46396942898258,140.06133448533947,126.52330244694902,128.0047197324534,138.06820729311534,127.44040241811338,128.55638316130342,139.64313362993053,0.003949181073467978,0.003941403527791913,0.0020133231850283373,0.007291820489979894,129.85181579589843,129.1420970916748,139.81547317504882,0.008492371209533726,0.01943799712920333,1.5644629697259802,0.5394600548314656,7399680.0
2023-11-27,129.79605102539062,130.20964935354723,128.43839431142078,130.05678795532117,9850800,130.28158569335938,129.51734924316406,137.69447326660156,131.21667173942134,130.47832050368953,138.07707497904224,129.65220876969536,128.49409997401978,136.69791664157862,129.7421256385279,128.89450127163852,137.9258128896774,-0.0037268096284269747,-0.0037337714858242882,0.003949181073467978,0.0035159505858735063,129.83383178710938,129.2098659515381,139.44840438842775,0.0031344861160778857,0.012144316864922306,1.7712550421264552,-0.26073692993054465,7154720.0
2023-11-28,130.83004760742188,131.73816135018248,129.52633530633847,130.1736983572495,9746500,129.79605102539062,127.46734619140624,128.440673828125,130.20964935354723,129.03179516432505,134.58019463173943,128.43839431142078,126.54126022808047,128.09365767100007,130.05678795532117,128.5912382555769,134.10860892018664,0.0079663177258682,0.00793475413638901,-0.0037268096284269747,-0.015828018900456486,130.0370300292969,129.2519214630127,139.08920333862304,0.004749491406672608,0.01197450313244952,2.211826043844013,0.6563492501723829,7491540.0
2023-11-29,129.39144897460938,131.71116384350145,128.62719688252145,131.62124699053152,16417100,130.83004760742188,129.88597106933594,129.9889373779297,131.73816135018248,130.54232022855814,130.3003681576701,129.52633530633847,128.03378532403818,128.41402467462817,130.1736983572495,128.528300602652,129.60633560911438,-0.010995934489982484,-0.011056836639848158,0.0079663177258682,0.018974466404108492,130.0136474609375,129.23806495666503,138.70158584594728,0.0073787760223401385,0.012230765670442139,3.083966960980007,-2.2297980159221424,9418300.0
2023-11-30,129.1127471923828,131.27960102406138,127.7011319408074,130.35351490743577,16276000,129.39144897460938,129.81405639648438,129.6685791015625,131.71116384350145,130.9918932935573,130.37151801943384,128.62719688252145,129.7151533285186,128.33389939007748,131.62124699053152,130.03883484918953,129.99780932946575,-0.002153942817977539,-0.002156265889250343,-0.010995934489982484,-0.0005536754451577197,129.88237609863282,129.28812980651855,138.31746994018556,0.007307098033623434,0.011917561543863248,3.578469083253978,-1.2407677150529537,11230280.0
2023-12-01,130.20066833496094,131.729159064608,128.21363450223612,129.01384524254115,11906500,129.1127471923828,129.50836181640625,128.1114501953125,131.27960102406138,129.7421402138786,129.9177156157017,127.7011319408074,128.30355246727316,127.96909468085212,130.35351490743577,129.31955557779037,129.89102310817387,0.008426132711413015,0.008390831021040566,-0.002153942817977539,-0.002354865016654717,129.86619262695314,129.17993049621583,137.9818064880371,0.008274270187757803,0.009345055422923238,3.515524562371894,1.186823092419786,12839380.0
2023-12-04,130.2545928955078,131.0008588874346,128.79803314128625,129.47236839333488,11842800,130.20066833496094,129.76910400390625,132.36465454101562,131.729159064608,129.82304863996498,132.57820822052415,128.21363450223612,126.52330244694902,127.97801296050967,129.01384524254115,127.44040241811338,128.6097538663227,0.00041416500572899473,0.00041407926307659667,0.008426132711413015,0.0020133231850283373,129.95790100097656,129.125590133667,137.6278239440918,0.008023545996709498,0.009202710187071736,2.202825746148335,0.7822245021729373,13237780.0
2023-12-05,128.4473876953125,130.4344350701728,128.240595379358,130.1556982902851,9597600,130.2545928955078,130.28158569335938,131.34140014648438,131.0008588874346,131.21667173942134,132.18669469835137,128.79803314128625,129.65220876969536,130.04230574075524,129.47236839333488,129.7421256385279,131.95535507083952,-0.013874406729328048,-0.013971555948940933,0.00041416500572899473,0.003949181073467978,129.4813690185547,129.0080280303955,137.19445327758788,0.008987338044243232,0.009658582035602626,2.193839690814798,-1.7083105949726018,13208000.0
2023-12-06,128.1506805419922,129.49935115491098,127.0897329118018,127.58423449436248,18079700,128.4473876953125,129.79605102539062,130.7986297607422,130.4344350701728,130.20964935354723,132.87183416102772,128.240595379358,128.43839431142078,130.52279808799906,130.1556982902851,130.05678795532117,132.3379567719942,-0.002309950857265597,-0.002312622909412927,-0.013874406729328048,-0.0037268096284269747,129.23321533203125,128.99085807800293,136.7713429260254,0.007993799766524876,0.008831939484163,2.409618243109179,0.5664460476297108,13540520.0
2023-12-07,128.0517578125,129.4813451499525,126.76603194431418,129.03178834803273,14786700,128.1506805419922,130.83004760742188,128.49407958984375,129.49935115491098,131.73816135018248,129.56182073979747,127.0897329118018,129.52633530633847,127.45303095035898,127.58423449436248,130.1736983572495,129.161419505698,-0.0007719251202865651,-0.000772223207892976,-0.002309950857265597,0.0079663177258682,129.0210174560547,129.05816497802735,136.28859573364258,0.008006689485935125,0.008216892669990197,2.71531320563831,-0.9800305355327339,13242660.0
2023-12-08,129.75108337402344,130.07476482367116,128.68113597881612,129.03178973931907,10821700,128.0517578125,129.39144897460938,126.70561981201172,129.4813451499525,131.71116384350145,128.7076398737841,126.76603194431418,128.62719688252145,126.57215723872056,129.03178834803273,131.62124699053152,128.02251389479946,0.013270614871305986,0.013183331615450381,-0.0007719251202865651,-0.010995934489982484,128.93110046386718,129.23090362548828,135.8478434753418,0.009651050577612182,0.008634042934921825,1.3936288448550442,0.7192936347043712,13025700.0
2023-12-11,129.78704833984375,130.73110660572672,129.31051924888317,130.22760520542002,9849600,129.75108337402344,129.1127471923828,126.29631042480467,130.07476482367116,131.27960102406138,128.04919108866034,128.68113597881612,127.7011319408074,126.15394131228328,129.03178973931907,130.35351490743577,127.28397408019003,0.0002771843200464197,0.0002771459115701009,0.013270614871305986,-0.002153942817977539,128.83759155273438,129.360506439209,135.4428681945801,0.009647453053524475,0.008529962486096294,1.420587356843555,-0.4405568655762693,12627060.0
2023-12-12,128.12368774414062,129.1037182735312,127.44935254548726,128.72609220861148,9863900,129.78704833984375,130.20066833496094,127.19499206542967,130.73110660572672,131.729159064608,127.63099238823898,129.31051924888317,128.21363450223612,126.10945132461153,130.22760520542002,129.01384524254115,127.49751625167316,-0.012816075386410386,-0.012898909782893903,0.0002771843200464197,0.008426132711413015,128.7728515625,129.36022720336913,135.0416407775879,0.009290653055994042,0.008928094220259997,1.6543657280439419,-0.602404464470851,12680320.0
2023-12-13,130.02084350585938,130.0837743360058,127.35946069626364,127.82700370052792,10641300,128.12368774414062,130.2545928955078,128.1292724609375,129.1037182735312,131.0008588874346,128.39621116064436,127.44935254548726,128.79803314128625,127.10602328530511,128.72609220861148,129.47236839333488,127.37294840794574,0.014807221015268546,0.01469866442053939,-0.012816075386410386,0.00041416500572899473,129.14688415527343,129.4080909729004,134.6714161682129,0.011365237865336683,0.009395489636555782,2.7243136397421637,2.19383980533145,11192640.0
2023-12-14,134.80410766601562,134.80410766601562,131.13573591899,131.13573591899,14960500,130.02084350585938,128.4473876953125,129.06356811523438,130.0837743360058,130.4344350701728,129.46396942898258,127.35946069626364,128.240595379358,128.0047197324534,127.82700370052792,130.1556982902851,128.55638316130342,0.036788441231276,0.036127898049943444,0.014807221015268546,-0.013874406729328048,130.49735412597656,129.67242889404298,134.4660823059082,0.018475997772419338,0.012429853871756035,3.668371747025617,3.668371747025617,11227400.0
2023-12-15,134.2826690673828,134.70525370616213,132.45746891239537,132.45746891239537,30850900,134.80410766601562,128.1506805419922,129.51734924316406,134.80410766601562,129.49935115491098,130.47832050368953,131.13573591899,127.0897329118018,128.49409997401978,131.13573591899,127.58423449436248,128.89450127163852,-0.0038681209917186266,-0.0038756215199366633,0.036788441231276,-0.002309950857265597,131.40367126464844,130.0131950378418,134.23501510620116,0.019392562759141047,0.011794675417030918,2.2477847937667548,1.8252001549874421,15233240.0
2023-12-18,134.57933044433594,136.7731700415778,134.25566268676204,135.61331941877953,11561700,134.2826690673828,128.0517578125,127.46734619140624,134.70525370616213,129.4813451499525,129.03179516432505,132.45746891239537,126.76603194431418,126.54126022808047,132.45746891239537,129.03178834803273,128.5912382555769,0.002209230565742404,0.002206793804148278,-0.0038681209917186266,-0.0007719251202865651,132.36212768554688,130.24786300659179,134.03960037231445,0.019242848214856573,0.011153472111071283,2.5175073548157627,-1.033988974443588,15575660.0
2023-12-19,136.34161376953125,136.51244758373429,134.40852462009056,134.8311091964704,8738100,134.57933044433594,129.75108337402344,129.88597106933594,136.7731700415778,130.07476482367116,130.54232022855814,134.25566268676204,128.68113597881612,128.03378532403818,135.61331941877953,129.03178973931907,128.528300602652,0.013094754739653158,0.013009759628155607,0.002209230565742404,0.013270614871305986,134.005712890625,130.57424087524413,133.7995277404785,0.015567307054453501,0.011414133672468163,2.1039229636437256,1.5105045730608424,15350500.0
2023-12-20,135.09185791015625,137.61836566997945,134.92102408109113,136.80016876203,9370000,136.34161376953125,129.78704833984375,129.81405639648438,136.51244758373429,130.73110660572672,130.9918932935573,134.40852462009056,129.31051924888317,129.7151533285186,134.8311091964704,130.22760520542002,130.03883484918953,-0.009166356659732311,-0.009208626210404018,0.013094754739653158,0.0002771843200464197,135.01991577148436,130.85341567993163,133.53766372680664,0.01819081148414797,0.011665999911647879,2.697341588888321,-1.7083108518737617,15096240.0
2023-12-21,135.5054168701172,135.58633380157087,134.16573266538293,135.5683476881196,7264700,135.09185791015625,128.12368774414062,129.50836181640625,137.61836566997945,129.1037182735312,129.7421402138786,134.92102408109113,127.44935254548726,128.30355246727316,136.80016876203,128.72609220861148,129.31955557779037,0.003061316694866756,0.0030566404062165654,-0.009166356659732311,-0.012816075386410386,135.1601776123047,131.14023132324218,133.38087936401368,0.008352033855040708,0.011667581189006432,1.4206011361879405,-0.06293081800239975,13557080.0
2023-12-22,135.81112670898438,137.01593577060672,135.54138985594108,136.4315173551681,6396100,135.5054168701172,130.02084350585938,129.76910400390625,135.58633380157087,130.0837743360058,129.82304863996498,134.16573266538293,127.35946069626364,126.52330244694902,135.5683476881196,127.82700370052792,127.44040241811338,0.002256070981724756,0.0022535298748148215,0.003061316694866756,0.014807221015268546,135.465869140625,131.41670837402344,133.22789627075196,0.007883422990521671,0.011660583897279303,1.4745459146656401,-0.6203906461837221,8666120.0
2023-12-26,137.03392028808594,137.57338026849587,136.57536352744347,136.72822492724836,5165600,135.81112670898438,134.80410766601562,130.28158569335938,137.01593577060672,134.80410766601562,131.21667173942134,135.54138985594108,131.13573591899,129.65220876969536,136.4315173551681,131.13573591899,129.7421256385279,0.00900363327168141,0.008963342228895064,0.002256070981724756,0.036788441231276,135.956787109375,131.7786018371582,133.04900650024413,0.008432279724421581,0.011670678467938124,0.9980167410523961,0.305695360837575,7386900.0
2023-12-27,136.58438110351562,137.53743953957357,136.07187965051023,136.90806262136434,5337200,137.03392028808594,134.2826690673828,129.79605102539062,137.57338026849587,134.70525370616213,130.20964935354723,136.57536352744347,132.45746891239537,128.43839431142078,136.72822492724836,132.45746891239537,130.05678795532117,-0.0032804956876753,-0.003285888310534155,0.00900363327168141,-0.0038681209917186266,136.00534057617188,132.0663185119629,132.8372801208496,0.006884914179806061,0.011678630548896929,1.4655598890633428,-0.323681517848712,6706720.0
2023-12-28,134.66024780273438,136.68325340407603,134.3275664413321,135.92798755284272,8148000,136.58438110351562,134.57933044433594,130.83004760742188,137.53743953957357,136.7731700415778,131.73816135018248,136.07187965051023,134.25566268676204,129.52633530633847,136.90806262136434,135.61331941877953,130.1736983572495,-0.014087506091366109,-0.014187676889254337,-0.0032804956876753,0.002209230565742404,135.9190185546875,132.32975845336915,132.54809829711914,0.008701861721297291,0.011881442772401997,2.355686962743931,-1.2677397501083476,6462320.0
2023-12-29,134.11181640625,135.073861028883,133.67124570952262,134.8940410144961,7658600,134.66024780273438,136.34161376953125,129.39144897460938,136.68325340407603,136.51244758373429,131.71116384350145,134.3275664413321,134.40852462009056,128.62719688252145,135.92798755284272,134.8311091964704,131.62124699053152,-0.004072704494705648,-0.004081020542539731,-0.014087506091366109,0.013094754739653158,135.64029846191406,132.5797119140625,132.22427963256837,0.008532747354607113,0.011924960509653516,1.4026153193603648,-0.7822246082461106,6541100.0
2024-01-02,134.39952087402344,136.1977483922928,134.18374235223894,134.85807767158994,8879700,134.11181640625,135.09185791015625,129.1127471923828,135.073861028883,137.61836566997945,131.27960102406138,133.67124570952262,134.92102408109113,127.7011319408074,134.8940410144961,136.80016876203,130.35351490743577,0.0021452581545977623,0.002142960373957787,-0.004072704494705648,-0.009166356659732311,135.35797729492188,132.78965454101564,131.90301132202148,0.008518944415275747,0.011828247237351593,2.0140060400538573,-0.4585567975665015,7037820.0
2024-01-03,136.9619903564453,137.73522868038455,133.6802171488277,134.31859390671377,10255300,134.39952087402344,135.5054168701172,130.20066833496094,136.1977483922928,135.58633380157087,131.729159064608,134.18374235223894,134.16573266538293,128.21363450223612,134.85807767158994,135.5683476881196,129.01384524254115,0.01906606114186782,0.018886581522833894,0.0021452581545977623,0.003061316694866756,135.34359130859374,133.1250244140625,131.67338973999023,0.012185162063659515,0.012444590014035932,4.055011531556858,2.64339644973154,8055760.0
2024-01-04,135.46046447753906,138.7781960087102,135.39751993734927,138.1578054011728,8220300,136.9619903564453,135.81112670898438,130.2545928955078,137.73522868038455,137.01593577060672,131.0008588874346,133.6802171488277,135.54138985594108,128.79803314128625,134.31859390671377,136.4315173551681,129.47236839333488,-0.01096308453899153,-0.011023622008493201,0.01906606114186782,0.002256070981724756,135.11880798339843,133.47567825317384,131.52318099975585,0.01314183130405931,0.012257530315196564,3.380676071360938,-2.697340923633732,8632380.0
2024-01-05,135.22671508789062,136.6922750268868,134.7142273368122,136.6473165913284,7455400,135.46046447753906,137.03392028808594,128.4473876953125,138.7781960087102,137.57338026849587,130.4344350701728,135.39751993734927,136.57536352744347,128.240595379358,138.1578054011728,136.72822492724836,130.1556982902851,-0.0017255912309912524,-0.0017270817785034359,-0.01096308453899153,0.00900363327168141,135.2321014404297,133.82947998046876,131.44001388549805,0.01122397253810751,0.012245569570488403,1.9780476900745896,-1.42060150343778,8493860.0
2024-01-08,134.41751098632812,134.59733099962295,131.7921003779384,133.44646645127096,10038200,135.22671508789062,136.58438110351562,128.1506805419922,136.6922750268868,137.53743953957357,129.49935115491098,134.7142273368122,136.07187965051023,127.0897329118018,136.6473165913284,136.90806262136434,127.58423449436248,-0.005984055007448474,-0.006002031214230856,-0.0017255912309912524,-0.0032804956876753,135.29324035644532,134.14776763916015,131.35454299926758,0.011465205359251659,0.012379451887856614,2.805230621684558,0.9710445350571604,8969780.0
2024-01-09,131.00086975097656,134.82210316280313,130.90196669036558,134.82210316280313,11784700,134.41751098632812,134.66024780273438,128.0517578125,134.59733099962295,136.68325340407603,129.4813451499525,131.7921003779384,134.3275664413321,126.76603194431418,133.44646645127096,135.92798755284272,129.03178834803273,-0.025418126033438293,-0.025746747179337337,-0.005984055007448474,-0.014087506091366109,134.61351013183594,134.21025695800782,131.2206709289551,0.016150259602401698,0.01357319640227099,3.920136472437548,-3.8212334118265687,9550780.0
2024-01-10,129.92193603515625,131.28859276775026,129.57128222369843,131.28859276775026,8490400,131.00086975097656,134.11181640625,129.75108337402344,134.82210316280313,135.073861028883,130.07476482367116,130.90196669036558,133.67124570952262,128.68113597881612,134.82210316280313,134.8940410144961,129.03178973931907,-0.008236080553291614,-0.008270184448773478,-0.025418126033438293,-0.004072704494705648,133.20549926757812,134.21700134277344,131.2502961730957,0.0090175978118791,0.013715486793176317,1.717310544051827,-1.3666567325940093,9197800.0
2024-01-11,130.6232452392578,131.4234559324961,130.02982686825763,130.8749959931269,8612500,129.92193603515625,134.39952087402344,129.78704833984375,131.28859276775026,136.1977483922928,130.73110660572672,129.57128222369843,134.18374235223894,129.31051924888317,131.28859276775026,134.85807767158994,130.22760520542002,0.005397927597937002,0.005383411003014868,-0.008236080553291614,0.0021452581545977623,132.23805541992186,134.34197921752929,131.26298233032227,0.011436004549482237,0.013411209530446914,1.3936290642384677,-0.2517507538690893,9276240.0
2024-01-12,132.41249084472656,133.51839695789883,131.42346019432043,132.9159923687924,9386900,130.6232452392578,136.9619903564453,128.12368774414062,131.4234559324961,137.73522868038455,129.1037182735312,130.02982686825763,133.6802171488277,127.44935254548726,130.8749959931269,134.31859390671377,128.72609220861148,0.013697758023018425,0.013604791726764556,0.005397927597937002,0.01906606114186782,131.67521057128906,134.46156158447266,131.31786056518555,0.014849998147734364,0.013353486577066273,2.094936763578403,-0.5035015240658254,9662540.0
2024-01-16,129.19363403320312,131.79207176135805,129.09473098945807,131.7291272247091,9380400,132.41249084472656,135.46046447753906,130.02084350585938,133.51839695789883,138.7781960087102,130.0837743360058,131.42346019432043,135.39751993734927,127.35946069626364,132.9159923687924,138.1578054011728,127.82700370052792,-0.024309313955116374,-0.024609662834791886,0.013697758023018425,-0.01096308453899153,130.63043518066405,134.18103790283203,131.33950424194336,0.017460536774557542,0.011608979182695387,2.697340771899974,-2.5354931915059638,9530980.0
2024-01-17,128.68118286132812,129.4903936399603,127.71013815860351,128.05180584642977,8167000,129.19363403320312,135.22671508789062,134.80410766601562,131.79207176135805,136.6922750268868,134.80410766601562,129.09473098945807,134.7142273368122,131.13573591899,131.7291272247091,136.6473165913284,131.13573591899,-0.003966535779489688,-0.003974423346989447,-0.024309313955116374,-0.0017255912309912524,130.16649780273437,133.9009635925293,131.2658348083496,0.014410154887168023,0.011609807222214386,1.7802554813567895,0.6293770148983526,8807440.0
2024-01-18,127.5123291015625,128.74411065020522,125.53426771330508,128.57327682854768,11187800,128.68118286132812,134.41751098632812,134.2826690673828,129.4903936399603,134.59733099962295,134.70525370616213,127.71013815860351,131.7921003779384,132.45746891239537,128.05180584642977,133.44646645127096,132.45746891239537,-0.00908333086295321,-0.009124835839533442,-0.003966535779489688,-0.005984055007448474,129.68457641601563,133.54761352539063,131.18925338745117,0.014484804089820578,0.011665517563802998,3.209842936900131,-1.0609477269851766,9346920.0
2024-01-19,127.88994598388672,127.89893218249485,126.78402618266276,127.4313891865153,11192500,127.5123291015625,131.00086975097656,134.57933044433594,128.74411065020522,134.82210316280313,136.7731700415778,125.53426771330508,130.90196669036558,134.25566268676204,128.57327682854768,134.82210316280313,135.61331941877953,0.002961414672485896,0.002957038322051393,-0.00908333086295321,-0.025418126033438293,129.1379165649414,133.1250301361084,131.13107971191405,0.01414110618829761,0.011155582676897964,1.1149059998320894,0.45855679737141486,9862920.0
2024-01-22,128.11471557617188,128.26756325827787,126.70310048710908,127.59322798578228,9184600,127.88994598388672,129.92193603515625,136.34161376953125,127.89893218249485,131.28859276775026,136.51244758373429,126.78402618266276,129.57128222369843,134.40852462009056,127.4313891865153,131.28859276775026,134.8311091964704,0.001757523553207907,0.0017559809159043204,0.002961414672485896,-0.008236080553291614,128.27836151123046,132.77617301940919,131.1234924316406,0.011044963016098712,0.011112085700994494,1.5644627711687917,0.5214875903895972,9822460.0
2024-01-23,127.75508880615234,128.8699949640959,127.58425497266052,127.66518564915974,6767200,128.11471557617188,130.6232452392578,135.09185791015625,128.26756325827787,131.4234559324961,137.61836566997945,126.70310048710908,130.02982686825763,134.92102408109113,127.59322798578228,130.8749959931269,136.80016876203,-0.002807068402737145,-0.002811015607692684,0.001757523553207907,0.005397927597937002,127.99065246582032,132.38865661621094,131.14448181152343,0.00482617369004243,0.011032225962021238,1.2857399914353778,0.0899031569926052,9299820.0
2024-01-24,130.29957580566406,130.3535204408622,127.87197118602826,128.3035419870019,8100000,127.75508880615234,132.41249084472656,135.5054168701172,128.8699949640959,133.51839695789883,135.58633380157087,127.58425497266052,131.42346019432043,134.16573266538293,127.66518564915974,132.9159923687924,135.5683476881196,0.019916913081815313,0.0197211662153898,-0.002807068402737145,0.013697758023018425,128.3143310546875,132.11307907104492,131.22454711914062,0.01079860541510526,0.012118494223751062,2.4815492548339506,1.9960338186621698,9286420.0
2024-01-25,133.58132934570312,133.68921859978332,130.57827915306976,131.46840665739035,9773600,130.29957580566406,129.19363403320312,135.81112670898438,130.3535204408622,131.79207176135805,137.01593577060672,127.87197118602826,129.09473098945807,135.54138985594108,128.3035419870019,131.7291272247091,136.4315173551681,0.02518621814190447,0.024874272325247044,0.019916913081815313,-0.024309313955116374,129.52813110351562,131.9404495239258,131.35227386474608,0.012335775667104872,0.013367668116972826,3.1109394467135587,2.1129226883127785,9003580.0
2024-01-26,134.09381103515625,134.2017002844196,132.1517222321021,133.09579432131335,9151900,133.58132934570312,128.68118286132812,137.03392028808594,133.68921859978332,129.4903936399603,137.57338026849587,130.57827915306976,127.71013815860351,136.57536352744347,131.46840665739035,128.05180584642977,136.72822492724836,0.0038364769385310638,0.003829136429353842,0.02518621814190447,-0.003966535779489688,130.76890411376954,131.8159210205078,131.47156463623048,0.012227269273416214,0.01340377525216592,2.049978052317499,0.998016713842901,8595460.0
2024-01-29,134.03985595703125,134.16573131115027,132.2686010830377,134.04884215397382,10494800,134.09381103515625,127.5123291015625,136.58438110351562,134.2017002844196,128.74411065020522,137.53743953957357,132.1517222321021,125.53426771330508,136.07187965051023,133.09579432131335,128.57327682854768,136.90806262136434,-0.00040236814591576575,-0.000402449117699229,0.0038364769385310638,-0.00908333086295321,131.9539321899414,131.78490142822267,131.5710903930664,0.01260495319587456,0.013035861666529256,1.8971302281125588,-0.008986196942572633,8857500.0
2024-01-30,134.9749298095703,135.1457635893905,132.80807645118784,133.2306472231314,9902900,134.03985595703125,127.88994598388672,134.66024780273438,134.16573131115027,127.89893218249485,136.68325340407603,132.2686010830377,126.78402618266276,134.3275664413321,134.04884215397382,127.4313891865153,135.92798755284272,0.006976088163201277,0.006951867837017216,-0.00040236814591576575,0.002961414672485896,133.397900390625,131.82805709838868,131.68024200439453,0.010934227811920553,0.013094862031923627,2.3376871382026536,1.7442825864389135,9484640.0
2024-01-31,132.55633544921875,135.2087320246868,132.4754185032289,135.19973210665202,10428000,134.9749298095703,128.11471557617188,134.11181640625,135.1457635893905,128.26756325827787,135.073861028883,132.80807645118784,126.70310048710908,133.67124570952262,133.2306472231314,127.59322798578228,134.8940410144961,-0.0179188414008723,-0.01808132781139184,0.006976088163201277,0.001757523553207907,133.84925231933593,131.73589782714845,131.78202178955078,0.015463484411390055,0.01370848931383231,2.733313521457916,-2.6433966574332715,9950240.0
2024-02-01,132.9699249267578,133.9859278008843,131.7381435444178,133.23966178141106,8641100,132.55633544921875,127.75508880615234,134.39952087402344,135.2087320246868,128.8699949640959,136.1977483922928,132.4754185032289,127.58425497266052,134.18374235223894,135.19973210665202,127.66518564915974,134.85807767158994,0.003120103434795851,0.0031152460132230562,-0.0179188414008723,-0.002807068402737145,133.7269714355469,131.53629455566406,131.8437008666992,0.009880717656617818,0.012947004755116388,2.2477842564665025,-0.2697368546532459,9723740.0
2024-02-02,136.88108825683594,137.90607742812318,134.46246996790157,135.64030683708222,12839100,132.9699249267578,130.29957580566406,136.9619903564453,133.9859278008843,130.3535204408622,137.73522868038455,131.7381435444178,127.87197118602826,133.6802171488277,133.23966178141106,128.3035419870019,134.31859390671377,0.029413894399297202,0.028989605716143802,0.003120103434795851,0.019916913081815313,134.2844268798828,131.6073257446289,131.98504150390625,0.01699287435563144,0.014439085701923348,3.443607460221614,1.2407814197537164,10461180.0
2024-02-05,136.9619903564453,138.02293792776004,135.57734758783062,136.32361359855923,8277800,136.88108825683594,133.58132934570312,135.46046447753906,137.90607742812318,133.68921859978332,138.7781960087102,134.46246996790157,130.57827915306976,135.39751993734927,135.64030683708222,131.46840665739035,138.1578054011728,0.000591039278249772,0.000590864683327139,0.029413894399297202,0.02518621814190447,134.8688537597656,131.69408950805663,132.13411407470704,0.016930752318166136,0.014428561606721946,2.4455903399294243,0.6383767578860784,10017780.0
2024-02-06,136.97998046875,138.04991426922658,136.49445137801862,137.11484203873837,6198200,136.9619903564453,134.09381103515625,135.22671508789062,138.02293792776004,134.2017002844196,136.6922750268868,135.57734758783062,132.1517222321021,134.7142273368122,136.32361359855923,133.09579432131335,136.6473165913284,0.00013135113076168103,0.00013134250495723602,0.000591039278249772,0.0038364769385310638,135.26986389160157,131.82221298217775,132.2783316040039,0.016950778877730947,0.014343190331039656,1.5554628912079522,-0.13486156998837373,9276840.0
2024-02-07,136.7821502685547,138.26568215475277,135.91899521445373,137.5823607881533,6252000,136.97998046875,134.03985595703125,134.41751098632812,138.04991426922658,134.16573131115027,134.59733099962295,136.49445137801862,132.2686010830377,131.7921003779384,137.11484203873837,134.04884215397382,133.44646645127096,-0.0014442271017877095,-0.0014452710029564427,0.00013135113076168103,-0.00040236814591576575,136.11502685546876,132.11127700805665,132.40834289550781,0.012990014264331606,0.012949514605536984,2.346686940299037,-0.8002105195986076,8441640.0
2024-02-08,138.51747131347656,138.73326356676273,136.35060373966238,136.6203406264231,9237000,136.7821502685547,134.9749298095703,131.00086975097656,138.26568215475277,135.1457635893905,134.82210316280313,135.91899521445373,132.80807645118784,130.90196669036558,137.5823607881533,133.2306472231314,134.82210316280313,0.012686750731106367,0.012606948157163553,-0.0014442271017877095,0.006976088163201277,137.2245361328125,132.54105377197266,132.58277130126953,0.013097156588093918,0.012903624751901023,2.3826598271003547,1.897130687053476,8560820.0
2024-02-09,135.8021240234375,139.65034319093374,135.7481793978057,138.84113264829864,9194500,138.51747131347656,132.55633544921875,129.92193603515625,138.73326356676273,135.2087320246868,131.28859276775026,136.35060373966238,132.4754185032289,129.57128222369843,136.6203406264231,135.19973210665202,131.28859276775026,-0.019602922752567475,-0.019797608516392635,0.012686750731106367,-0.0179188414008723,137.0087432861328,132.79999771118165,132.68221282958984,0.011575974706284395,0.01386364416149845,3.9021637931280395,-3.0390086248611397,7831900.0
2024-02-12,136.73719787597656,137.21372698622244,136.11680729713976,136.32359958362375,6713000,135.8021240234375,132.9699249267578,130.6232452392578,139.65034319093374,133.9859278008843,131.4234559324961,135.7481793978057,131.7381435444178,130.02982686825763,138.84113264829864,133.23966178141106,130.8749959931269,0.006885561321394951,0.0068619641021797515,-0.019602922752567475,0.003120103434795851,136.96378479003906,133.01623306274413,132.8291278076172,0.012189967524783173,0.013644022319765761,1.0969196890826822,0.4135982923528161,7518940.0
2024-02-13,135.40650939941406,137.62732101928754,134.5073958276235,137.2227089364743,6987100,136.73719787597656,136.88108825683594,132.41249084472656,137.21372698622244,137.90607742812318,133.51839695789883,136.11680729713976,134.46246996790157,131.42346019432043,136.32359958362375,135.64030683708222,132.9159923687924,-0.009731722583414815,-0.009779385274445097,0.006885561321394951,0.029413894399297202,136.6490905761719,133.32687683105468,132.9550030517578,0.012887144723477467,0.012525145268948452,3.119925191664038,-1.8161995370602426,7676720.0
2024-02-14,135.775146484375,136.84509391617485,134.93897738049574,136.01791100975964,5995100,135.40650939941406,136.9619903564453,129.19363403320312,137.62732101928754,138.02293792776004,131.79207176135805,134.5073958276235,135.57734758783062,129.09473098945807,137.2227089364743,136.32361359855923,131.7291272247091,0.0027224472929403554,0.002718748145610398,-0.009731722583414815,0.000591039278249772,136.44768981933595,133.68157501220702,133.0664926147461,0.01308477477852108,0.01243446274361425,1.9061165356791037,-0.24276452538464355,7625340.0
2024-02-15,140.3925018310547,140.96511490628328,136.03874516794988,136.25689206794917,8950300,135.775146484375,136.97998046875,128.68118286132812,136.84509391617485,138.04991426922658,129.4903936399603,134.93897738049574,136.49445137801862,127.71013815860351,136.01791100975964,137.11484203873837,128.05180584642977,0.034007367815368506,0.03344190160762885,0.0027224472929403554,0.00013135113076168103,136.82269592285155,134.32558364868163,133.26925079345702,0.020307122448002975,0.013918966146858074,4.926369738333392,4.135609763105521,7568000.0
2024-02-16,140.5470428466797,141.58321653873597,140.05621569991584,141.2196383061162,7570200,140.3925018310547,136.7821502685547,127.5123291015625,140.96511490628328,138.26568215475277,128.74411065020522,136.03874516794988,135.91899521445373,125.53426771330508,136.25689206794917,137.5823607881533,128.57327682854768,0.0011007782724106185,0.0011001728602504166,0.034007367815368506,-0.0014442271017877095,137.7716796875,134.95843849182128,133.5112438964844,0.016297697527682294,0.013938909648786302,1.527000838820129,-0.6725954594365078,7243140.0
2024-02-20,139.97439575195312,141.43776498957803,139.81988022612808,141.31051609365804,6977900,140.5470428466797,138.51747131347656,127.88994598388672,141.58321653873597,138.73326356676273,127.89893218249485,140.05621569991584,136.35060373966238,126.78402618266276,141.2196383061162,136.6203406264231,127.4313891865153,-0.004074415819273036,-0.0040827388668043816,0.0011007782724106185,0.012686750731106367,138.41911926269532,135.55142250061036,133.7477182006836,0.017036702285860846,0.014066789796362507,1.6178847634499505,-1.3361203417049126,7296120.0
2024-02-21,141.2832489013672,141.40141354321165,140.06529320682526,140.49248889908972,6628900,139.97439575195312,135.8021240234375,128.11471557617188,141.43776498957803,139.65034319093374,128.26756325827787,139.81988022612808,135.7481793978057,126.70310048710908,141.31051609365804,138.84113264829864,127.59322798578228,0.009350661186160458,0.00930721438142206,-0.004074415819273036,-0.019602922752567475,139.59446716308594,136.2278305053711,134.01234802246094,0.014979321724646813,0.01399556434541306,1.3361203363863865,0.7907600022774659,7224480.0
2024-02-22,141.27415466308594,142.3648753612935,139.81988351395887,140.71972392925315,8874900,141.2832489013672,136.73719787597656,127.75508880615234,141.40141354321165,137.21372698622244,128.8699949640959,140.06529320682526,136.11680729713976,127.58425497266052,140.49248889908972,136.32359958362375,127.66518564915974,-6.43688360224548e-05,-6.437090778488534e-05,0.009350661186160458,0.006885561321394951,140.69426879882812,136.77655944824218,134.24280944824218,0.015302057100067943,0.01359239089999078,2.544991847334643,0.5544307338327883,7800440.0
2024-02-23,140.57431030273438,140.8106257535009,139.29272302979993,140.76517674052113,6561600,141.27415466308594,135.40650939941406,130.29957580566406,142.3648753612935,137.62732101928754,130.3535204408622,139.81988351395887,134.5073958276235,127.87197118602826,140.71972392925315,137.2227089364743,128.3035419870019,-0.00495380320640082,-0.004966113963043444,-6.43688360224548e-05,-0.009731722583414815,140.73063049316406,137.12620849609374,134.4585546875,0.00568819953311396,0.012782699706729876,1.5179027237009564,-0.19086643778675239,7322700.0
2024-02-26,140.38340759277344,141.38323024240498,139.81987875521168,140.46520748162803,6900800,140.57431030273438,135.775146484375,133.58132934570312,140.8106257535009,136.84509391617485,133.68921859978332,139.29272302979993,134.93897738049574,130.57827915306976,140.76517674052113,136.01791100975964,131.46840665739035,-0.001358019893889728,-0.0013589428385852968,-0.00495380320640082,0.0027224472929403554,140.69790344238282,137.4406883239746,134.70374908447266,0.005704872478474167,0.012809671317313094,1.5633514871933016,-0.08179988885459011,7188820.0
2024-02-27,138.30198669433594,139.86533829932253,136.24780798106102,139.2472622868651,15093800,140.38340759277344,140.3925018310547,134.09381103515625,141.38323024240498,140.96511490628328,134.2017002844196,139.81987875521168,136.03874516794988,132.1517222321021,140.46520748162803,136.25689206794917,133.09579432131335,-0.014826687385131154,-0.01493770139449915,-0.001358019893889728,0.034007367815368506,140.36342163085936,137.65379486083984,134.8693719482422,0.008740123512807488,0.013367978005611346,3.6175303182615153,-0.9452755925291569,8812000.0
2024-02-28,138.465576171875,139.84714550645208,137.95658059310696,138.4837585479994,6715900,138.30198669433594,140.5470428466797,134.03985595703125,139.86533829932253,141.58321653873597,134.16573131115027,136.24780798106102,140.05621569991584,132.2686010830377,139.2472622868651,141.2196383061162,134.04884215397382,0.0011828425711672974,0.0011821435640491673,-0.014826687385131154,0.0011007782724106185,139.79988708496094,137.82832717895508,134.94260131835938,0.006470276822808689,0.013309144485381253,1.8905649133451163,-0.018182376124400434,8829400.0
2024-02-29,138.16563415527344,139.2836214856153,137.68390518948638,138.98367468009113,9334400,138.465576171875,139.97439575195312,134.9749298095703,139.84714550645208,141.43776498957803,135.1457635893905,137.95658059310696,139.81988022612808,132.80807645118784,138.4837585479994,141.31051609365804,133.2306472231314,-0.0021661847290422864,-0.0021685343008667353,0.0011828425711672974,-0.004074415819273036,139.17818298339844,138.10879211425782,135.0202606201172,0.00621351838756688,0.012552747934748507,1.5997162961289177,-0.8180405248176896,8921300.0
2024-03-01,138.8927764892578,140.2925282465953,138.38378089353137,139.11092340275047,7459100,138.16563415527344,141.2832489013672,132.55633544921875,139.2836214856153,141.40141354321165,135.2087320246868,137.68390518948638,140.06529320682526,132.4754185032289,138.98367468009113,140.49248889908972,135.19973210665202,0.00526283064837374,0.005249030353059385,-0.0021661847290422864,0.009350661186160458,138.8418762207031,138.40493469238282,135.10652954101562,0.00753519888971208,0.012570607983312422,1.9087473530639443,-0.21814691349266013,9100800.0
2024-03-04,135.32069396972656,138.69279634652386,134.22088914128489,138.61099646407706,12503200,138.8927764892578,141.27415466308594,132.9699249267578,140.2925282465953,142.3648753612935,133.9859278008843,138.38378089353137,139.81988351395887,131.7381435444178,139.11092340275047,140.71972392925315,133.23966178141106,-0.025718274267542807,-0.02605477103131344,0.00526283064837374,-6.43688360224548e-05,137.82933349609374,138.32691497802733,135.08611114501954,0.012767265179391904,0.012344563826911634,4.471907205238978,-3.290302494350499,10221280.0
2024-03-05,135.9660186767578,136.90220984389032,134.79351212198094,135.27524101889037,6985500,135.32069396972656,140.57431030273438,136.88108825683594,138.69279634652386,140.8106257535009,137.90607742812318,134.22088914128489,139.29272302979993,134.46246996790157,138.61099646407706,140.76517674052113,135.64030683708222,0.004768854549146884,0.0047575195845383465,-0.025718274267542807,-0.00495380320640082,137.3621398925781,138.27711639404296,135.10359436035156,0.012868402609151711,0.012399241395095751,2.1086977219093797,0.6907776578674429,8599620.0
2024-03-06,134.82080078125,138.5292151765945,134.64810287128867,137.09311250370936,14692100,135.9660186767578,140.38340759277344,136.9619903564453,136.90220984389032,141.38323024240498,138.02293792776004,134.79351212198094,139.81987875521168,135.57734758783062,135.27524101889037,140.46520748162803,136.32361359855923,-0.00842282436930386,-0.008458496804149557,0.004768854549146884,-0.001358019893889728,136.63318481445313,138.16915740966797,135.08990203857422,0.012741898467853164,0.01253070739555492,3.881112305305834,-2.2723117224593636,10194860.0
2024-03-07,135.76605224609375,137.0203725322583,134.92984334501327,134.97529234520965,8739300,134.82080078125,138.30198669433594,136.97998046875,138.5292151765945,139.86533829932253,138.04991426922658,134.64810287128867,136.24780798106102,136.49445137801862,137.09311250370936,139.2472622868651,137.11484203873837,0.007011169340088941,0.0069867053731143425,-0.00842282436930386,-0.014826687385131154,136.15326843261718,138.11835250854492,135.0890005493164,0.013905929194601449,0.012647075365333856,2.090529187245039,0.7907599008840975,10075840.0
2024-03-08,136.2296142578125,136.32959651180315,134.875311702682,135.76605386699762,7528400,135.76605224609375,138.465576171875,136.7821502685547,137.0203725322583,139.84714550645208,138.26568215475277,134.92984334501327,137.95658059310696,135.91899521445373,134.97529234520965,138.4837585479994,137.5823607881533,0.0034144176990467123,0.003408601809758485,0.007011169340088941,0.0011828425711672974,135.62063598632812,138.00395965576172,135.07291442871093,0.013639420409638156,0.012311568923731227,1.454284809121134,0.46356039081487665,10089700.0
2024-03-11,138.1565399169922,138.2292555496602,135.96602829104276,136.7931530099166,7577100,136.2296142578125,138.16563415527344,138.51747131347656,136.32959651180315,139.2836214856153,138.73326356676273,134.875311702682,137.68390518948638,136.35060373966238,135.76605386699762,138.98367468009113,136.6203406264231,0.014144689975653879,0.01404558727309819,0.0034144176990467123,-0.0021661847290422864,136.18780517578125,138.12168045043944,135.10435760498046,0.008171208004043208,0.011898939186496796,2.263227258617434,1.3633869070755793,9104480.0
2024-03-12,138.05653381347656,138.67460964986924,137.05671137332067,138.00200056566558,6432900,138.1565399169922,138.8927764892578,135.8021240234375,138.2292555496602,140.2925282465953,139.65034319093374,135.96602829104276,138.38378089353137,135.7481793978057,136.7931530099166,139.11092340275047,138.84113264829864,-0.0007238608000440516,-0.000724122913769839,0.014144689975653879,0.00526283064837374,136.605908203125,138.18764724731446,135.1722833251953,0.008437676012643726,0.011819770420551606,1.6178982765485728,0.0545332478109799,8993960.0
2024-03-13,139.8743896484375,140.7742298892208,139.20178053086428,139.28359427572613,8065600,138.05653381347656,135.32069396972656,136.73719787597656,138.67460964986924,138.69279634652386,137.21372698622244,137.05671137332067,134.22088914128489,136.11680729713976,138.00200056566558,138.61099646407706,136.32359958362375,0.013167474111851707,0.01308153649019679,-0.0007238608000440516,-0.025718274267542807,137.6166259765625,138.41104125976562,135.28753479003908,0.006340105120749213,0.011880701612225791,1.572449358356522,0.5907953727113693,7668660.0
2024-03-14,141.51959228515625,141.5468589203416,138.8473510842557,139.76537403246937,9047200,139.8743896484375,135.9660186767578,135.40650939941406,140.7742298892208,136.90220984389032,137.62732101928754,139.20178053086428,134.79351212198094,134.5073958276235,139.28359427572613,135.27524101889037,137.2227089364743,0.011762000469520029,0.011693365805072098,0.013167474111851707,0.004768854549146884,138.767333984375,138.6982635498047,135.42993621826173,0.006616704524537408,0.012092061839650026,2.6995078360858997,1.7542182526868828,7730240.0
2024-03-15,141.38323974609375,142.7375286717962,140.35615039780376,141.05602629959105,20387200,141.51959228515625,134.82080078125,135.775146484375,141.5468589203416,138.5292151765945,136.84509391617485,138.8473510842557,134.64810287128867,134.93897738049574,139.76537403246937,137.09311250370936,136.01791100975964,-0.0009634887782021817,-0.0009639532318696057,0.011762000469520029,-0.00842282436930386,139.79805908203124,138.74780044555663,135.5183612060547,0.007643572173249926,0.009490498791657684,2.3813782739924534,0.32721344650269657,10302000.0
2024-03-18,141.25601196289062,142.40125226233596,140.82881618083172,141.81954092258863,7242700,141.38323974609375,135.76605224609375,140.3925018310547,142.7375286717962,137.0203725322583,140.96511490628328,140.35615039780376,134.92984334501327,136.03874516794988,141.05602629959105,134.97529234520965,136.25689206794917,-0.0008998788217868814,-0.0009002839557997453,-0.0009634887782021817,0.007011169340088941,140.41795349121094,138.7832489013672,135.63427215576172,0.007316999105221476,0.009493208080315679,1.572436081504236,-0.5635289596980044,10235120.0
2024-03-19,142.3557586669922,142.55572317763736,140.89238958586415,141.15598547220912,7736700,141.25601196289062,136.2296142578125,140.5470428466797,142.40125226233596,136.32959651180315,141.58321653873597,140.82881618083172,134.875311702682,140.05621569991584,141.81954092258863,135.76605386699762,141.2196383061162,0.007785486003883957,0.007755335497512195,-0.0008998788217868814,0.0034144176990467123,141.27779846191407,138.90231704711914,135.77685302734375,0.006777070835211142,0.009575983828272887,1.6633335917732097,1.199773194783063,10495880.0
2024-03-20,140.47433471679688,142.18310395972424,140.1834721151373,141.5741259902282,8449100,142.3557586669922,138.1565399169922,139.97439575195312,142.55572317763736,138.2292555496602,141.43776498957803,140.89238958586415,135.96602829104276,139.81988022612808,141.15598547220912,136.7931530099166,141.31051609365804,-0.013216352944291243,-0.01330446615485466,0.007785486003883957,0.014144689975653879,141.39778747558594,138.86187133789062,135.89798950195313,0.009635563535023402,0.009851868040135044,1.9996318445869292,-1.0997912734313218,10572580.0
2024-03-21,140.7560577392578,141.51046678739914,140.34704446159006,140.83785762097372,7899100,140.47433471679688,138.05653381347656,141.2832489013672,142.18310395972424,138.67460964986924,141.40141354321165,140.1834721151373,137.05671137332067,140.06529320682526,141.5741259902282,138.00200056566558,140.49248889908972,0.00200551241640623,0.0020035040611194074,-0.013216352944291243,-0.0007238608000440516,141.24508056640624,138.83596649169922,136.09309326171876,0.007672219914988617,0.009864681621634886,1.16342232580908,-0.08179988171590935,10342960.0
2024-03-22,140.57431030273438,141.1378392302269,140.11984791112002,140.95605704739944,5974700,140.7560577392578,139.8743896484375,141.27415466308594,141.51046678739914,140.7742298892208,142.3648753612935,140.34704446159006,139.20178053086428,139.81988351395887,140.83785762097372,139.28359427572613,140.71972392925315,-0.0012912228393048286,-0.0012920571858107109,0.00200551241640623,0.013167474111851707,141.0832946777344,138.83596649169922,136.30614074707032,0.0076726133066895115,0.009804371580344931,1.0179913191068692,-0.3817467446650653,7460460.0
2024-03-25,142.2194366455078,142.98292999903944,141.12872987344988,141.31959627728824,6058700,140.57431030273438,141.51959228515625,140.57431030273438,141.1378392302269,141.5468589203416,140.8106257535009,140.11984791112002,138.8473510842557,139.29272302979993,140.95605704739944,139.76537403246937,140.76517674052113,0.011702894641492989,0.01163494539146704,-0.0012912228393048286,0.011762000469520029,141.2759796142578,138.92776794433593,136.5380645751953,0.009593892993793698,0.0101353286951525,1.854200125589557,0.8998403682195715,7223660.0
2024-03-26,141.1287384033203,142.5739253103719,140.56519567290988,142.26489424894385,6677900,142.2194366455078,141.38323974609375,140.38340759277344,142.98292999903944,142.7375286717962,141.38323024240498,141.12872987344988,140.35615039780376,139.81987875521168,141.31959627728824,141.05602629959105,140.46520748162803,-0.0076691222234703815,-0.007698681165718486,0.011702894641492989,-0.0009634887782021817,141.03057556152345,139.06910552978516,136.7123895263672,0.009510416788575286,0.009674138782504072,2.008729637462011,-1.1361558456235343,7011900.0
2024-03-27,142.11038208007812,142.19218197431655,140.74699503307676,140.7651635412918,7416900,141.1287384033203,141.25601196289062,138.30198669433594,142.5739253103719,142.40125226233596,139.86533829932253,140.56519567290988,140.82881618083172,136.24780798106102,142.26489424894385,141.81954092258863,139.2472622868651,0.006955661106758049,0.006931582088553959,-0.0076691222234703815,-0.0008998788217868814,141.3577850341797,139.2513458251953,136.9707244873047,0.007457350563110434,0.009763800248857462,1.4451869412397969,1.3452185387863267,6805460.0
2024-03-28,143.373779296875,143.7827926155942,142.1285430952812,142.83750321281835,8331600,142.11038208007812,142.3557586669922,138.465576171875,142.19218197431655,142.55572317763736,139.84714550645208,140.74699503307676,140.89238958586415,137.95658059310696,140.7651635412918,141.15598547220912,138.4837585479994,0.008890252762004058,0.008850967132680737,0.006955661106758049,0.007785486003883957,141.88132934570314,139.5117530822754,137.26457641601561,0.00799612493689759,0.009866966357025678,1.6542495203129874,0.5362760840566523,6891960.0
2024-04-01,144.59176635742188,145.05531303662235,142.6466677391701,143.85553945024185,6285700,143.373779296875,140.47433471679688,138.16563415527344,143.7827926155942,142.18310395972424,139.2836214856153,142.1285430952812,140.1834721151373,137.68390518948638,142.83750321281835,141.5741259902282,138.98367468009113,0.008495186961800405,0.008459305928555115,0.008890252762004058,-0.013216352944291243,142.68482055664063,139.79670257568358,137.60616516113282,0.007653961546384138,0.009951090526786431,2.4086452974522388,0.7362269071800256,6954160.0
2024-04-02,145.2279815673828,146.53683530136237,144.5372038162668,145.47339510977642,8815400,144.59176635742188,140.7560577392578,138.8927764892578,145.05531303662235,141.51046678739914,140.2925282465953,142.6466677391701,140.34704446159006,138.38378089353137,143.85553945024185,140.83785762097372,139.11092340275047,0.00440007910539153,0.004390427060142372,0.008495186961800405,0.00200551241640623,143.28652954101562,140.2920669555664,137.95292587280272,0.006873060193336948,0.007504215766381599,1.9996314850955628,-0.24541354239360658,7505500.0
2024-04-03,145.82789611816406,146.2914427700713,145.17346915718224,145.51886501689256,7819700,145.2279815673828,140.57431030273438,135.32069396972656,146.53683530136237,141.1378392302269,138.69279634652386,144.5372038162668,140.11984791112002,134.22088914128489,145.47339510977642,140.95605704739944,138.61099646407706,0.004130846854074832,0.004122338329767858,0.00440007910539153,-0.0012912228393048286,144.2263610839844,140.78516082763673,138.3071894836426,0.002230279126533154,0.007500187630419401,1.1179736128890738,0.3090311012715006,7733860.0
2024-04-04,146.05511474609375,147.200354894699,145.26435468175376,146.1550970195578,9269700,145.82789611816406,142.2194366455078,135.9660186767578,146.2914427700713,142.98292999903944,136.90220984389032,145.17346915718224,141.12872987344988,134.79351212198094,145.51886501689256,141.31959627728824,135.27524101889037,0.0015581286844155162,0.0015569160613686677,0.004130846854074832,0.011702894641492989,145.0153076171875,141.3468765258789,138.6731900024414,0.0031260032149295325,0.006976509457025694,1.9360002129452312,-0.0999822734640361,8104420.0
2024-04-05,146.8822479248047,147.40032783017293,145.30071383702915,146.63683435431906,7432800,146.05511474609375,141.1287384033203,134.82080078125,147.200354894699,142.5739253103719,138.5292151765945,145.26435468175376,140.56519567290988,134.64810287128867,146.1550970195578,142.26489424894385,137.09311250370936,0.005663157912332295,0.0056471825192995545,0.0015581286844155162,-0.0076691222234703815,145.71700134277344,141.90268630981444,139.00484344482422,0.0025251059008214415,0.0069526937161977585,2.0996139931437767,0.24541357048562418,7924660.0
2024-04-08,146.58229064941406,147.7002641500972,145.7278992100452,146.92767260536826,7253200,146.8822479248047,142.11038208007812,135.76605224609375,147.40032783017293,142.19218197431655,137.0203725322583,145.30071383702915,140.74699503307676,134.92984334501327,146.63683435431906,140.7651635412918,134.97529234520965,-0.0020421615248167324,-0.0020442495799116137,0.005663157912332295,0.006955661106758049,146.11510620117187,142.42032012939453,139.26486267089842,0.0030619045641352553,0.00708133074374661,1.9723649400520173,-0.3453819559541955,8118160.0
2024-04-09,147.24583435058594,147.72756343985975,145.84609610175306,147.10950116271349,6576200,146.58229064941406,143.373779296875,136.2296142578125,147.7002641500972,143.7827926155942,136.32959651180315,145.7278992100452,142.1285430952812,134.875311702682,146.92767260536826,142.83750321281835,135.76605386699762,0.004526765806647681,0.004516550817953606,-0.0020421615248167324,0.008890252762004058,146.5186767578125,142.87478485107422,139.52790313720703,0.003079528714522614,0.00664746583707864,1.8814673381066882,0.1363331878724523,7670320.0
2024-04-10,147.85476684570312,147.945664855692,146.34594864205818,147.43666928556817,7525800,147.24583435058594,144.59176635742188,138.1565399169922,147.72756343985975,145.05531303662235,138.2292555496602,145.84609610175306,142.6466677391701,135.96602829104276,147.10950116271349,143.85553945024185,136.7931530099166,0.004135481983601252,0.004126954380398066,0.004526765806647681,0.008495186961800405,146.9240509033203,143.36469650268555,139.80420135498048,0.003080042434513569,0.006584550020866014,1.599716213633826,0.41809756013495303,7611540.0
2024-04-11,147.14581298828125,148.71824877032293,145.2461637731296,148.71824877032293,7682500,147.85476684570312,145.2279815673828,138.05653381347656,147.945664855692,146.53683530136237,138.67460964986924,146.34594864205818,144.5372038162668,137.05671137332067,147.43666928556817,145.47339510977642,138.00200056566558,-0.0047949340595945245,-0.0048064666359763225,0.004135481983601252,0.00440007910539153,147.1421905517578,143.72826766967773,140.04761901855468,0.004626338619499209,0.006412818615270118,3.4720849971933205,-1.5724357820416799,7294100.0
2024-04-12,144.48268127441406,148.94549116102257,143.6464583174863,147.50938842242502,11071000,147.14581298828125,145.82789611816406,139.8743896484375,148.71824877032293,146.2914427700713,140.7742298892208,145.2461637731296,145.17346915718224,139.20178053086428,148.71824877032293,145.51886501689256,139.28359427572613,-0.018098589825857214,-0.018264372639125795,-0.0047949340595945245,0.004130846854074832,146.6622772216797,143.8764221191406,140.28614593505858,0.009210722495064284,0.007534769175838021,5.299032843536281,-3.0267071480109564,8021740.0
2024-04-15,143.23744201660156,145.87333200250808,143.02839321621445,145.37342063715596,7236900,144.48268127441406,146.05511474609375,141.51959228515625,148.94549116102257,147.200354894699,141.5468589203416,143.6464583174863,145.26435468175376,138.8473510842557,147.50938842242502,146.1550970195578,139.76537403246937,-0.00861860568220929,-0.008655960650856828,-0.018098589825857214,0.0015581286844155162,145.9933074951172,143.96913223266603,140.49149627685546,0.00946045863954931,0.007831748696250366,2.844938786293625,-2.135978620554397,8018480.0
2024-04-16,142.04672241210938,143.43737581364013,141.26504677269904,142.9738293028257,5541900,143.23744201660156,146.8822479248047,141.38323974609375,145.87333200250808,147.40032783017293,142.7375286717962,143.02839321621445,145.30071383702915,140.35615039780376,145.37342063715596,146.63683435431906,141.05602629959105,-0.008312907489329335,-0.008347652392890058,-0.00861860568220929,0.005663157912332295,144.95348510742187,144.00866775512696,140.59480895996094,0.00800450629522915,0.00808192252268966,2.1723290409410936,-0.9271068907163169,7811620.0
2024-04-17,142.1558074951172,143.3465104180806,141.46502976476367,141.78315893493752,6733900,142.04672241210938,146.58229064941406,141.25601196289062,143.43737581364013,147.7002641500972,142.40125226233596,141.26504677269904,145.7278992100452,140.82881618083172,142.9738293028257,146.92767260536826,141.81954092258863,0.0007679521298022962,0.000767657405445275,-0.008312907489329335,-0.0020421615248167324,143.81369323730468,143.9986701965332,140.69868530273436,0.006881746054305698,0.007890368551752826,1.8814806533169417,0.37264856017966963,7653240.0
2024-04-18,143.21923828125,143.64642003119886,142.14670017311084,142.8283935393485,4979200,142.1558074951172,147.24583435058594,142.3557586669922,143.3465104180806,147.72756343985975,142.55572317763736,141.46502976476367,145.84609610175306,140.89238958586415,141.78315893493752,147.10950116271349,141.15598547220912,0.007480741060609475,0.007452899083400054,0.0007679521298022962,0.004526765806647681,143.02837829589845,144.13591537475585,140.8234704589844,0.00979854840723652,0.007414253602802855,1.4997198580880138,0.3908447419015033,7112580.0
2024-04-19,145.42796325683594,146.10965683460236,143.74644688404223,144.2918072938919,7734700,143.21923828125,147.85476684570312,140.47433471679688,143.64642003119886,147.945664855692,142.18310395972424,142.14670017311084,146.34594864205818,140.1834721151373,142.8283935393485,147.43666928556817,141.5741259902282,0.015421985217157097,0.015304275076509466,0.007480741060609475,0.004135481983601252,143.21743469238282,144.36951065063477,140.99638671875,0.01035241989275504,0.008086989615970546,2.363209950560133,1.1361559629440308,6445320.0
2024-04-22,147.17308044433594,147.88204057520358,144.01002648591958,145.38249774047824,6779200,145.42796325683594,147.14581298828125,140.7560577392578,146.10965683460236,148.71824877032293,141.51046678739914,143.74644688404223,145.2461637731296,140.34704446159006,144.2918072938919,148.71824877032293,140.83785762097372,0.011999873672286832,0.011928446035509915,0.015421985217157097,-0.0047949340595945245,144.0045623779297,144.69944915771484,141.16949890136718,0.009457829043925283,0.008372336037880762,3.8720140892839936,1.7905827038576945,6353780.0
2024-04-23,148.0183868408203,148.0183868408203,145.9733063501254,146.61863509383224,5597600,147.17308044433594,144.48268127441406,140.57431030273438,147.88204057520358,148.94549116102257,141.1378392302269,144.01002648591958,143.6464583174863,140.11984791112002,145.38249774047824,147.50938842242502,140.95605704739944,0.005743621006859989,0.005727189304017513,0.011999873672286832,-0.018098589825857214,145.1988952636719,144.98939666748046,141.41382415771486,0.005664544757917106,0.008123539069424108,2.0450804906949145,1.3997517469880734,6364920.0
2024-04-24,148.67283630371094,148.9182360141473,146.74590629529573,147.13675117151408,7610300,148.0183868408203,143.23744201660156,142.2194366455078,148.0183868408203,145.87333200250808,142.98292999903944,145.9733063501254,143.02839321621445,141.12872987344988,146.61863509383224,145.37342063715596,141.31959627728824,0.004421406535084271,0.004411660833124188,0.005743621006859989,-0.00861860568220929,146.50230102539064,145.3666015625,141.65253692626953,0.004585735804437476,0.007807359091287373,2.1723297188515858,1.5360851321968596,6540200.0
2024-04-25,150.22708129882812,150.51794387546587,147.85478715085412,148.790978532134,9702600,148.67283630371094,142.04672241210938,141.1287384033203,148.9182360141473,143.43737581364013,142.5739253103719,146.74590629529573,141.26504677269904,140.56519567290988,147.13675117151408,142.9738293028257,142.26489424894385,0.010454128903158555,0.01039986237611591,0.004421406535084271,-0.008312907489329335,147.90386962890625,145.7724365234375,141.9489483642578,0.004529723900444363,0.007947169599022622,2.6631567246117527,1.4361027666941197,7484880.0
2024-04-26,150.78150939941406,151.77223393779295,148.42739788815396,150.18161580276487,9736400,150.22708129882812,142.1558074951172,142.11038208007812,150.51794387546587,143.3465104180806,142.19218197431655,147.85478715085412,141.46502976476367,140.74699503307676,148.790978532134,141.78315893493752,140.7651635412918,0.0036906002286172246,0.0036838066733273977,0.010454128903158555,0.0007679521298022962,148.97457885742188,146.14282302856446,142.2490756225586,0.003733847752934737,0.007821893714354964,3.3448360496389853,0.5998935966491956,7885220.0
2024-04-29,151.18145751953125,151.8904177252633,149.69082146272396,150.79971078329794,6364000,150.78150939941406,143.21923828125,143.373779296875,151.77223393779295,143.64642003119886,143.7827926155942,148.42739788815396,142.14670017311084,142.1285430952812,150.18161580276487,142.8283935393485,142.83750321281835,0.0026525011038174284,0.0026489894312041852,0.0036906002286172246,0.007480741060609475,149.77625427246093,146.47230758666993,142.46485473632814,0.003045096566758989,0.007696308446395418,2.1995962625393304,0.38174673623331046,7802180.0
2024-04-30,146.58229064941406,150.99056713490123,146.29142808746283,150.85423397716804,8457300,151.18145751953125,145.42796325683594,144.59176635742188,151.8904177252633,146.10965683460236,145.05531303662235,149.69082146272396,143.74644688404223,142.6466677391701,150.79971078329794,144.2918072938919,143.85553945024185,-0.030421501059566203,-0.030893839098156267,0.0026525011038174284,0.015421985217157097,149.4890350341797,146.54002304077147,142.58555969238282,0.016263633692373516,0.010583587510480356,4.699139047438393,-4.271943327753974,8374120.0
2024-05-01,145.09165954589844,146.74589534779182,144.42813450515914,146.13691744106083,7713700,146.58229064941406,147.17308044433594,145.2279815673828,150.99056713490123,147.88204057520358,146.53683530136237,146.29142808746283,144.01002648591958,144.5372038162668,150.85423397716804,145.38249774047824,145.47339510977642,-0.01016924416252174,-0.010221304167267636,-0.030421501059566203,0.011999873672286832,148.77279968261718,146.5032112121582,142.6879049682617,0.016167870034027015,0.01080733645860908,2.31776084263268,-1.0452578951623934,8394800.0
2024-05-02,146.09144592285156,147.0458195191449,145.32795259345232,145.8005972650708,8597100,145.09165954589844,148.0183868408203,145.82789611816406,146.74589534779182,148.0183868408203,146.2914427700713,144.42813450515914,145.9733063501254,145.17346915718224,146.13691744106083,146.61863509383224,145.51886501689256,0.006890722596200272,0.0068670900686007,-0.01016924416252174,0.005743621006859989,147.94567260742187,146.5050277709961,142.7840689086914,0.015389439358485073,0.0109181313835304,1.71786692569259,0.29084865778077074,8173700.0
2024-05-03,145.65518188476562,146.0278443370462,142.73752752121092,146.0278443370462,11664500,146.09144592285156,148.67283630371094,146.05511474609375,147.0458195191449,148.9182360141473,147.200354894699,145.32795259345232,146.74590629529573,145.26435468175376,145.8005972650708,147.13675117151408,146.1550970195578,-0.0029862394429056582,-0.0029907071525616447,0.006890722596200272,0.004421406535084271,146.9204071044922,146.44367446899415,142.871689453125,0.014668480855936196,0.010856031688177793,3.2903168158352685,-0.37266245228056505,8559320.0
2024-05-06,147.51846313476562,149.08181453277595,146.09144487706902,146.09144487706902,8430300,145.65518188476562,150.22708129882812,146.8822479248047,146.0278443370462,150.51794387546587,147.40032783017293,142.73752752121092,147.85478715085412,145.30071383702915,146.0278443370462,148.790978532134,146.63683435431906,0.01279241305313894,0.012711281318439831,-0.0029862394429056582,0.010454128903158555,146.18780822753905,146.49048309326173,143.01057250976564,0.01684297750568378,0.01123541104635214,2.990369655706928,1.4270182576966022,8972580.0
2024-05-07,147.85476684570312,148.29104678165368,147.2639713880428,147.52755342646793,6869900,147.51846313476562,150.78150939941406,146.58229064941406,149.08181453277595,151.77223393779295,147.7002641500972,146.09144487706902,148.42739788815396,145.7278992100452,146.09144487706902,150.18161580276487,146.92767260536826,0.002279739795216562,0.002277145131140656,0.01279241305313894,0.0036906002286172246,146.4423034667969,146.52092971801758,143.15999969482422,0.008847912547595278,0.011202937350393065,1.027075393610886,0.32721341923519276,8655100.0
2024-05-08,147.7366180419922,148.22744515799982,146.82769332103493,147.20035578520915,6706400,147.85476684570312,151.18145751953125,147.24583435058594,148.29104678165368,151.8904177252633,147.72756343985975,147.2639713880428,149.69082146272396,145.84609610175306,147.52755342646793,150.79971078329794,147.10950116271349,-0.0007990868758004366,-0.0007994063159029072,0.002279739795216562,0.0026525011038174284,146.97129516601564,146.51502227783203,143.34869232177735,0.006320534205166591,0.011167525367735505,1.3997518369648958,0.5362622567830329,8453640.0
2024-05-09,150.38157653808594,150.43610979656998,147.90930044682185,148.17289635494697,6683300,147.7366180419922,146.58229064941406,147.85476684570312,148.22744515799982,150.99056713490123,147.945664855692,146.82769332103493,146.29142808746283,146.34594864205818,147.20035578520915,150.85423397716804,147.43666928556817,0.017903201867948138,0.01774482703359134,-0.0007990868758004366,-0.030421501059566203,147.8293212890625,146.67681045532225,143.58701232910155,0.00906245409168325,0.011788567597764478,2.5268093497481345,2.2086801831389664,8070880.0
2024-05-10,150.7178955078125,151.2632419886164,149.9907529976508,150.9178461757444,5490900,150.38157653808594,145.09165954589844,147.14581298828125,150.43610979656998,146.74589534779182,148.71824877032293,147.90930044682185,144.42813450515914,145.2461637731296,148.17289635494697,146.13691744106083,148.71824877032293,0.0022364373181138486,0.0022339402145589316,0.017903201867948138,-0.01016924416252174,148.84186401367188,146.9885711669922,143.83805755615234,0.00803369495977227,0.010882734109009912,1.2724889909655985,-0.19995066793188698,6836160.0
2024-05-13,149.54537963867188,151.70862486071508,148.1365435811991,151.31778002816134,6848300,150.7178955078125,146.09144592285156,144.48268127441406,151.2632419886164,147.0458195191449,148.94549116102257,149.9907529976508,145.32795259345232,143.6464583174863,150.9178461757444,145.8005972650708,147.50938842242502,-0.007779539816357373,-0.00780995830014064,0.0022364373181138486,0.006890722596200272,149.24724731445312,147.3039680480957,144.05110961914062,0.009401728529104002,0.010840484386452718,3.57208127951597,-1.7724003894894622,6519760.0
2024-05-14,148.70916748046875,150.1543543933875,148.1729052477389,149.37267861366146,4924000,149.54537963867188,145.65518188476562,143.23744201660156,151.70862486071508,146.0278443370462,145.87333200250808,148.1365435811991,142.73752752121092,143.02839321621445,151.31778002816134,146.0278443370462,145.37342063715596,-0.005591695044163569,-0.005607387095011934,-0.007779539816357373,-0.0029862394429056582,149.41812744140626,147.63709030151367,144.31887908935548,0.010134428596318421,0.010717797219101509,1.981449145648611,-0.6635111331927135,6130580.0
2024-05-15,148.20018005371094,148.88187360145653,145.5824723922588,148.272895696428,7603100,148.70916748046875,147.51846313476562,142.04672241210938,150.1543543933875,149.08181453277595,143.43737581364013,148.1729052477389,146.09144487706902,141.26504677269904,149.37267861366146,146.09144487706902,142.9738293028257,-0.0034227037605106814,-0.0034285746109760018,-0.005591695044163569,0.01279241305313894,149.51083984375,147.93930892944337,144.56356231689452,0.010329457159038298,0.010791055017837035,3.2994012091977254,-0.0727156427170712,6309920.0
2024-05-16,147.89720153808594,148.7326785886477,147.3371581756273,148.30116907941863,6409400,148.20018005371094,147.85476684570312,142.1558074951172,148.88187360145653,148.29104678165368,143.3465104180806,145.5824723922588,147.2639713880428,141.46502976476367,148.272895696428,147.52755342646793,141.78315893493752,-0.002044386960361244,-0.002046479571941402,-0.0034227037605106814,0.002279739795216562,149.01396484375,148.17320709228517,144.82509033203124,0.0037934095940760056,0.01075305871536776,1.3955204130203924,-0.4039675413326904,6255140.0
2024-05-17,149.3477783203125,149.62321195757616,147.98899012138506,148.50312543940427,5497900,147.89720153808594,147.7366180419922,143.21923828125,148.7326785886477,148.22744515799982,143.64642003119886,147.3371581756273,146.82769332103493,142.14670017311084,148.30116907941863,147.20035578520915,142.8283935393485,0.009808006961193438,0.009760220665741245,-0.002044386960361244,-0.0007990868758004366,148.73994140625,148.36919784545898,145.09672485351564,0.006847816841364383,0.010443833884227116,1.6342218361911023,0.8446528809082281,6256540.0
2024-05-20,147.94309997558594,149.65077192106298,147.87884005767242,149.39370423113212,4913800,149.3477783203125,150.38157653808594,145.42796325683594,149.62321195757616,150.43610979656998,146.10965683460236,147.98899012138506,147.90930044682185,143.74644688404223,148.50312543940427,148.17289635494697,144.2918072938919,-0.009405418416830291,-0.009449928676222281,0.009808006961193438,0.017903201867948138,148.41948547363282,148.40769882202147,145.3309945678711,0.007230308790918726,0.010395238189879362,1.771931863390563,-1.4506042555461818,5869640.0
2024-05-21,146.86891174316406,148.2368900116047,146.65775201351804,147.4289550332894,4783300,147.94309997558594,150.7178955078125,147.17308044433594,149.65077192106298,151.2632419886164,147.88204057520358,147.87884005767242,149.9907529976508,144.01002648591958,149.39370423113212,150.9178461757444,145.38249774047824,-0.00726082008960971,-0.00728730813831567,-0.009405418416830291,0.0022364373181138486,148.0514343261719,148.35022506713867,145.50524200439452,0.007464752336871945,0.010444249853728002,1.579137998086651,-0.5600432901253498,5841500.0
2024-05-22,144.66546630859375,146.45576398394604,143.70145555751571,146.45576398394604,6260500,146.86891174316406,149.54537963867188,148.0183868408203,148.2368900116047,151.70862486071508,148.0183868408203,146.65775201351804,148.1365435811991,145.9733063501254,147.4289550332894,151.31778002816134,146.61863509383224,-0.015002803577816248,-0.01511648408599348,-0.00726082008960971,-0.007779539816357373,147.34449157714843,148.1498565673828,145.63742065429688,0.009385470110243092,0.010872758852811441,2.7543084264303275,-1.7902976753522921,5572980.0
2024-05-23,144.08706665039062,145.61112077668992,143.52702333935957,144.98680354037657,6718400,144.66546630859375,148.70916748046875,148.67283630371094,146.45576398394604,150.1543543933875,148.9182360141473,143.70145555751571,148.1729052477389,146.74590629529573,146.45576398394604,149.37267861366146,147.13675117151408,-0.003998187493961525,-0.004006201614015433,-0.015002803577816248,-0.005591695044163569,146.58246459960938,147.84285583496094,145.72167419433595,0.009283158730736648,0.010524518002254736,2.0840974373303425,-0.8997368899859453,5634780.0
2024-05-24,144.83074951171875,145.9508363022078,144.41760595994756,145.13372518545498,4477700,144.08706665039062,148.20018005371094,150.22708129882812,145.61112077668992,148.88187360145653,150.51794387546587,143.52702333935957,145.5824723922588,147.85478715085412,144.98680354037657,148.272895696428,148.790978532134,0.005161343614084268,0.005148069535262903,-0.003998187493961525,-0.0034227037605106814,145.67905883789064,147.54531784057616,145.7878973388672,0.007462718583265395,0.010571635895784214,1.5332303422602251,-0.3029756737362277,5430740.0
2024-05-28,146.0150909423828,146.36397455571768,145.014362062084,145.17043788669704,6928300,144.83074951171875,147.89720153808594,150.78150939941406,145.9508363022078,148.7326785886477,151.77223393779295,144.41760595994756,147.3371581756273,148.42739788815396,145.13372518545498,148.30116907941863,150.18161580276487,0.008177416982629415,0.008144163072764438,0.005161343614084268,-0.002044386960361244,145.29345703125,147.28699951171876,145.88053436279296,0.009406084414304993,0.01076879613402247,1.3496124936336855,0.8446530556857681,5833640.0
2024-05-29,144.0503387451172,145.51013299636162,143.62801925817328,145.07862351461128,5909600,146.0150909423828,149.3477783203125,151.18145751953125,146.36397455571768,149.62321195757616,151.8904177252633,145.014362062084,147.98899012138506,149.69082146272396,145.17043788669704,148.50312543940427,150.79971078329794,-0.013455816002202914,-0.0135471658779506,0.008177416982629415,0.009808006961193438,144.72974243164063,147.1604019165039,145.9364208984375,0.010518296902369936,0.00889006406913805,1.8821137381883375,-1.0282847694940926,6058900.0
2024-05-30,145.2989501953125,145.48258197034477,143.96770388115382,144.0044358398153,6369600,144.0503387451172,147.94309997558594,146.58229064941406,145.51013299636162,149.65077192106298,150.99056713490123,143.62801925817328,147.87884005767242,146.29142808746283,145.07862351461128,149.39370423113212,150.85423397716804,0.00866788277676056,0.008630532358359295,-0.013455816002202914,-0.009405418416830291,144.85643920898437,147.1707664489746,145.9952847290039,0.009507115621912372,0.008846657231681557,1.514878089190944,1.2945143554971992,6080720.0
2024-05-31,149.00808715820312,149.2651548213279,145.5284697030392,145.63865156519051,10334200,145.2989501953125,146.86891174316406,145.09165954589844,145.48258197034477,148.2368900116047,146.74589534779182,143.96770388115382,146.65775201351804,144.42813450515914,144.0044358398153,147.4289550332894,146.13691744106083,0.025527623963591983,0.02520723523585102,0.00866788277676056,-0.00726082008960971,145.84064331054688,147.31659851074218,146.16595977783203,0.013866255881431118,0.010437203908636826,3.7366851182887046,3.3694355930126108,6803880.0
2024-06-03,144.5644989013672,148.43888052173315,143.64639593720267,148.26445272621905,9009900,149.00808715820312,144.66546630859375,146.09144592285156,149.2651548213279,146.45576398394604,147.0458195191449,145.5284697030392,143.70145555751571,145.32795259345232,145.63865156519051,146.45576398394604,145.8005972650708,-0.029821121400734008,-0.03027481355923506,0.025527623963591983,-0.015002803577816248,145.78739318847656,147.26206436157227,146.24212860107423,0.02158620359918447,0.012502592832102127,4.792484584530484,-3.6999538248518604,7710320.0
2024-06-04,143.34339904785156,143.54538279078383,141.48882741235417,142.96697352610167,6360500,144.5644989013672,144.08706665039062,145.65518188476562,148.43888052173315,145.61112077668992,146.0278443370462,143.64639593720267,143.52702333935957,142.73752752121092,148.26445272621905,144.98680354037657,146.0278443370462,-0.008446747734025317,-0.008482623673856247,-0.029821121400734008,-0.003998187493961525,145.2530548095703,147.05331115722657,146.29751037597657,0.021254706435530218,0.012230949545688726,2.056555378429664,0.3764255217498942,7596760.0
2024-06-05,142.28758239746094,144.1605201438098,141.87443889754638,143.37095109567025,7058500,143.34339904785156,144.83074951171875,147.51846313476562,143.54538279078383,145.9508363022078,149.08181453277595,141.48882741235417,144.41760595994756,146.09144487706902,142.96697352610167,145.13372518545498,146.09144487706902,-0.007365645417953037,-0.007392905726497013,-0.008446747734025317,0.005161343614084268,144.90050354003907,146.77495193481445,146.29887329101564,0.020709452756034533,0.012269839997606138,2.2860812462634215,-1.0833686982093127,7826540.0
2024-06-06,143.1597900390625,143.24242995368456,140.82781464867386,141.84690951037612,5215100,142.28758239746094,146.0150909423828,147.85476684570312,144.1605201438098,146.36397455571768,148.29104678165368,141.87443889754638,145.014362062084,147.2639713880428,143.37095109567025,145.17043788669704,147.52755342646793,0.006129892903550482,0.0061111815368950426,-0.007365645417953037,0.008177416982629415,144.47267150878906,146.54611053466797,146.33949432373046,0.0204026286987532,0.012398096836168068,2.414615305010699,1.312880528686378,7595640.0
2024-06-07,143.29750061035156,144.7756468221529,142.4253056675432,142.9578070243123,5887700,143.1597900390625,144.0503387451172,147.7366180419922,143.24242995368456,145.51013299636162,148.22744515799982,140.82781464867386,143.62801925817328,146.82769332103493,141.84690951037612,145.07862351461128,147.20035578520915,0.0009619361082569,0.000961473744204744,0.006129892903550482,-0.013455816002202914,143.33055419921874,146.19190673828126,146.36323669433594,0.013750528758207566,0.011552622227235687,2.3503411546097084,0.33969358603926025,6706340.0
2024-06-10,143.90345764160156,145.24388006823025,143.51785609383967,143.60048199497317,7074700,143.29750061035156,145.2989501953125,150.38157653808594,144.7756468221529,145.48258197034477,150.43610979656998,142.4253056675432,143.96770388115382,147.90930044682185,142.9578070243123,144.0044358398153,148.17289635494697,0.004228664342846411,0.004219748667213498,0.0009619361082569,0.00866788277676056,143.19834594726564,145.8511848449707,146.37383026123047,0.006669845522148154,0.011602695745839175,1.7260239743905856,0.30297564662839704,6319300.0
2024-06-11,143.6739501953125,143.9126519431237,141.82855411363678,143.38015049726118,5132000,143.90345764160156,149.00808715820312,150.7178955078125,145.24388006823025,149.2651548213279,151.2632419886164,143.51785609383967,145.5284697030392,149.9907529976508,143.60048199497317,145.63865156519051,150.9178461757444,-0.0015948709645369208,-0.0015961441250982899,0.004228664342846411,0.025527623963591983,143.26445617675782,145.55761337280273,146.35547393798828,0.005293036882654244,0.011529658134204363,2.0840978294869217,0.2937996980513162,6073600.0
2024-06-12,141.58984375,144.7205782972915,139.9188895895782,144.59204443950057,10017400,143.6739501953125,144.5644989013672,149.54537963867188,143.9126519431237,148.43888052173315,151.70862486071508,141.82855411363678,143.64639593720267,148.1365435811991,143.38015049726118,148.26445272621905,151.31778002816134,-0.014505805975817743,-0.014612043807850719,-0.0015948709645369208,-0.029821121400734008,143.12490844726562,145.2016471862793,146.28271118164062,0.008135946465974894,0.011846308987545122,4.801688707713282,-3.002200689500569,6665380.0
2024-06-13,140.3228302001953,141.47045871336584,139.7627869254026,141.1766730987455,6163000,141.58984375,143.34339904785156,148.70916748046875,144.7205782972915,143.54538279078383,150.1543543933875,139.9188895895782,141.48882741235417,148.1729052477389,144.59204443950057,142.96697352610167,149.37267861366146,-0.008948477632631624,-0.00898875572370946,-0.014505805975817743,-0.008446747734025317,142.5575164794922,144.80777969360352,146.17260986328125,0.007631706250600134,0.011935931241933779,1.7076717879632497,-0.853842898550198,6854960.0
2024-06-14,140.074951171875,140.7359723006558,139.5240838872312,140.58908649933616,6159100,140.3228302001953,142.28758239746094,148.20018005371094,141.47045871336584,144.1605201438098,148.88187360145653,139.7627869254026,141.87443889754638,145.5824723922588,141.1766730987455,143.37095109567025,148.272895696428,-0.0017664910832162484,-0.0017680531684672938,-0.008948477632631624,-0.007365645417953037,141.9130065917969,144.41666717529296,146.05300659179687,0.0072801960867287414,0.011936846544501514,1.2118884134245889,-0.5141353274611618,6909240.0
2024-06-17,140.64418029785156,141.32356745291017,139.48736172072935,140.0106870787871,6321400,140.074951171875,143.1597900390625,147.89720153808594,140.7359723006558,143.24242995368456,148.7326785886477,139.5240838872312,140.82781464867386,147.3371581756273,140.58908649933616,141.84690951037612,148.30116907941863,0.004063746738545149,0.004055512021432256,-0.0017664910832162484,0.006129892903550482,141.2611511230469,143.98148727416992,145.92824523925782,0.007230871658617262,0.011687943531133959,1.8362057321808152,0.6334932190644622,6758580.0
2024-06-18,140.77273559570312,143.17816098857733,140.3228600794579,140.97471937776098,6942900,140.64418029785156,143.29750061035156,149.3477783203125,141.32356745291017,144.7756468221529,149.62321195757616,139.48736172072935,142.4253056675432,147.98899012138506,140.0106870787871,142.9578070243123,148.50312543940427,0.0009140463372128149,0.0009136288512411758,0.004063746738545149,0.0009619361082569,140.680908203125,143.6229690551758,145.81205413818358,0.007566505253716731,0.011614711520794022,2.8553009091194212,-0.2019837820578516,7120760.0
2024-06-20,143.81163024902344,144.5185733679765,140.69926213954838,141.12159561570076,8336000,140.77273559570312,143.90345764160156,147.94309997558594,143.17816098857733,145.24388006823025,149.65077192106298,140.3228600794579,143.51785609383967,147.87884005767242,140.97471937776098,143.60048199497317,149.39370423113212,0.021587238753731253,0.02135753422682235,0.0009140463372128149,0.004228664342846411,141.1252655029297,143.47010498046876,145.74337005615234,0.011361219540829802,0.012720151181901304,3.81931122842812,2.690034633322682,6784480.0
2024-06-21,142.56298828125,144.75725320691456,142.5079043598825,143.9585083288145,21289800,143.81163024902344,143.6739501953125,146.86891174316406,144.5185733679765,143.9126519431237,148.2368900116047,140.69926213954838,141.82855411363678,146.65775201351804,141.12159561570076,143.38015049726118,147.4289550332894,-0.00868248253365389,-0.008720394893582286,0.021587238753731253,-0.0015948709645369208,141.57329711914062,143.36498107910157,145.6375344848633,0.01129069221199486,0.012428453408901209,2.249348847032053,-1.3955200475645029,9809840.0
2024-06-24,146.26296997070312,146.4741297140084,143.39849342103716,143.47194333373864,7971600,142.56298828125,141.58984375,144.66546630859375,144.75725320691456,144.7205782972915,146.45576398394604,142.5079043598825,139.9188895895782,143.70145555751571,143.9585083288145,144.59204443950057,146.45576398394604,0.025953311824200576,0.025622240668553023,-0.00868248253365389,-0.014505805975817743,142.81090087890624,143.4737762451172,145.61987762451173,0.01456023479237718,0.01374012680993482,3.0756362929712395,2.7910266369644887,10172340.0
2024-06-25,145.4825897216797,146.3088767167994,144.75728059541527,146.08852698050293,5985400,146.26296997070312,140.3228302001953,144.08706665039062,146.4741297140084,141.47045871336584,145.61112077668992,143.39849342103716,139.7627869254026,143.52702333935957,143.47194333373864,141.1766730987455,144.98680354037657,-0.005335460159052952,-0.005349744558492167,0.025953311824200576,-0.008948477632631624,143.77858276367186,143.50636825561523,145.63987579345704,0.01586737816725147,0.013766795858246143,1.5515961213841365,-0.6059372588232463,10105140.0
2024-06-26,143.1781463623047,145.48259363788074,143.0312465341527,145.48259363788074,8637800,145.4825897216797,140.074951171875,144.83074951171875,146.3088767167994,140.7359723006558,145.9508363022078,144.75728059541527,139.5240838872312,144.41760595994756,146.08852698050293,140.58908649933616,145.13372518545498,-0.01583999407615433,-0.015966787502889296,-0.005335460159052952,-0.0017664910832162484,144.2596649169922,143.36452102661133,145.6386898803711,0.018919608583552325,0.014088566338294169,2.4513471037280397,-2.3044472755760523,10444120.0
2024-06-27,143.5178680419922,144.08708742048572,142.89355071568374,143.86673765664625,5568700,143.1781463623047,140.64418029785156,146.0150909423828,145.48259363788074,141.32356745291017,146.36397455571768,143.0312465341527,139.48736172072935,145.014362062084,145.48259363788074,140.0106870787871,145.17043788669704,0.0023727201973118284,0.002369909741483428,-0.01583999407615433,0.004063746738545149,144.20091247558594,143.33789749145507,145.66811279296874,0.016073992190310093,0.013786667371098094,1.1935367048019714,-0.3488696146540633,9890660.0
2024-06-28,143.60964965820312,145.5927552253118,143.3801239400416,144.61956842176906,11283400,143.5178680419922,140.77273559570312,144.0503387451172,144.08708742048572,143.17816098857733,145.51013299636162,142.89355071568374,140.3228600794579,143.62801925817328,143.86673765664625,140.97471937776098,145.07862351461128,0.0006395135146801678,0.0006393091130528646,0.0023727201973118284,0.0009140463372128149,144.41024475097657,143.2534324645996,145.69718963623046,0.015385452676638295,0.013634129737342739,2.2126312852701915,-1.0099187635659348,7889380.0
2024-07-01,143.7014617919922,145.7029192776455,143.20567840860843,144.2890470547575,5584100,143.60964965820312,143.81163024902344,145.2989501953125,145.5927552253118,144.5185733679765,145.48258197034477,143.3801239400416,140.69926213954838,143.96770388115382,144.61956842176906,141.12159561570076,144.0044358398153,0.0006393173021979059,0.0006391130259517167,0.0006395135146801678,0.021587238753731253,143.89794311523437,142.98810119628905,145.7068341064453,0.0074900369809605405,0.012193544493678946,2.497240869037057,-0.587585262765316,7411880.0
2024-07-02,143.91262817382812,144.80318909888845,142.719091613621,144.76645713812854,7216800,143.7014617919922,142.56298828125,149.00808715820312,145.7029192776455,144.75725320691456,149.2651548213279,143.20567840860843,142.5079043598825,145.5284697030392,144.2890470547575,143.9585083288145,145.63865156519051,0.0014694797060701426,0.0014684010773196097,0.0006393173021979059,-0.00868248253365389,143.58395080566407,142.95550765991212,145.67652740478516,0.007689815555935861,0.010254181681975387,2.084097485267449,-0.8538289643004191,7658160.0
2024-07-03,143.8759002685547,144.82154506019478,143.73817643894054,144.0870599963315,3264200,143.91262817382812,146.26296997070312,144.5644989013672,144.80318909888845,146.4741297140084,148.43888052173315,142.719091613621,143.39849342103716,143.64639593720267,144.76645713812854,143.47194333373864,148.26445272621905,-0.00025520974593751244,-0.0002552423174865589,0.0014694797060701426,0.025953311824200576,143.72350158691407,142.98213272094728,145.61058380126954,0.0009920641553397417,0.010068365105389138,1.0833686212542375,-0.2111597277768169,6583440.0
2024-07-05,141.67247009277344,143.72902583289928,141.0940607263637,143.72902583289928,6183100,143.8759002685547,145.4825897216797,143.34339904785156,144.82154506019478,146.3088767167994,143.54538279078383,143.73817643894054,144.75728059541527,141.48882741235417,144.0870599963315,146.08852698050293,142.96697352610167,-0.01531479679132075,-0.01543327954111077,-0.00025520974593751244,-0.005335460159052952,143.35442199707032,142.95137710571288,145.4836654663086,0.007153775747675361,0.010530424545377101,2.6349651065355886,-2.0565557401258445,6706320.0
2024-07-08,141.6907958984375,142.56299068947283,140.76351718510415,140.76351718510415,4990700,141.67247009277344,143.1781463623047,142.28758239746094,143.72902583289928,145.48259363788074,144.1605201438098,141.0940607263637,143.0312465341527,141.87443889754638,143.72902583289928,145.48259363788074,143.37095109567025,0.00012935332921104603,0.00012934496379054592,-0.01531479679132075,-0.01583999407615433,142.97065124511718,142.87792739868163,145.34402465820312,0.00710009303338324,0.010426629350410383,1.7994735043686774,0.9272787133333509,5447780.0
2024-07-09,140.45138549804688,142.08560762982376,139.87299016522783,140.46975147962283,5301600,141.6907958984375,143.5178680419922,143.1597900390625,142.56299068947283,144.08708742048572,143.24242995368456,140.76351718510415,142.89355071568374,140.82781464867386,140.76351718510415,143.86673765664625,141.84690951037612,-0.008747289423647664,-0.008785771533562234,0.00012935332921104603,0.0023727201973118284,142.3206359863281,142.7356216430664,145.1485107421875,0.007246957920132386,0.010581611141282391,2.2126174645959225,-0.018365981575954038,5391280.0
2024-07-10,142.42529296875,142.70990259752983,139.82706034318835,140.01067810280722,5416600,140.45138549804688,143.60964965820312,143.29750061035156,142.08560762982376,145.5927552253118,144.7756468221529,139.87299016522783,143.3801239400416,142.4253056675432,140.46975147962283,144.61956842176906,142.9578070243123,0.014054026335899472,0.013956184159798053,-0.008747289423647664,0.0006395135146801678,142.0231689453125,142.66171340942384,144.98138641357423,0.011046677573719191,0.011052288040448822,2.882842254341483,2.414614865942781,5031240.0
2024-07-11,142.54466247558594,143.84836701551717,141.58984154815025,142.30596074601192,8322500,142.42529296875,143.7014617919922,143.90345764160156,142.70990259752983,145.7029192776455,145.24388006823025,139.82706034318835,143.20567840860843,143.51785609383967,140.01067810280722,144.2890470547575,143.60048199497317,0.0008381201424814133,0.0008377691159160609,0.014054026335899472,0.0006393173021979059,141.75692138671874,142.6052490234375,144.80865051269532,0.01110119888131281,0.01105251055987231,2.2585254673669226,0.23870172957401792,6042900.0
2024-07-12,142.84762573242188,143.62801879497832,141.90198087354338,143.37095110571843,6446300,142.54466247558594,143.91262817382812,143.6739501953125,143.84836701551717,144.80318909888845,143.9126519431237,141.58984154815025,142.719091613621,141.82855411363678,142.30596074601192,144.76645713812854,143.38015049726118,0.0021253918005370576,0.0021231363506286024,0.0008381201424814133,0.0014694797060701426,141.99195251464843,142.6681381225586,144.73395721435546,0.00814181388117115,0.010544322951152612,1.726037921434937,-0.5233253732965579,6095540.0
2024-07-15,145.0969696044922,146.45577192175608,143.56373951177565,144.0962408508432,5661200,142.84762573242188,143.8759002685547,141.58984375,143.62801879497832,144.82154506019478,144.7205782972915,141.90198087354338,143.73817643894054,139.9188895895782,143.37095110571843,144.0870599963315,144.59204443950057,0.015746456131400688,0.015623766961474158,0.0021253918005370576,-0.00025520974593751244,142.67318725585938,142.90684509277344,144.73406341552734,0.010146932063498617,0.010822533896109968,2.8920324099804304,1.0007287536489855,6229640.0
2024-07-16,144.84909057617188,145.34485995118246,143.36175443286464,144.15132344427985,6924200,145.0969696044922,141.67247009277344,140.3228302001953,146.45577192175608,143.72902583289928,141.47045871336584,143.56373951177565,141.0940607263637,139.7627869254026,144.0962408508432,143.72902583289928,141.1766730987455,-0.0017083680589331518,-0.0017098289837474934,0.015746456131400688,-0.01531479679132075,143.55272827148437,143.1455520629883,144.70921630859374,0.008073326582591802,0.010821553461632698,1.9831055183178137,0.6977671318920216,6554160.0
2024-07-17,148.0257110595703,148.25523676040473,145.3264865762957,145.5192943290169,7296600,144.84909057617188,141.6907958984375,140.074951171875,145.34485995118246,142.56299068947283,140.7359723006558,143.36175443286464,140.76351718510415,139.5240838872312,144.15132344427985,140.76351718510415,140.58908649933616,0.021930551795407593,0.021693536239130756,-0.0017083680589331518,0.00012935332921104603,144.67281188964844,143.5146286010742,144.75662689208986,0.010415082223963881,0.011723977647888064,2.9287501841090204,2.5064167305534113,6930160.0
2024-07-18,148.70513916015625,150.82595477923027,147.11682494473789,148.02573791911843,6577700,148.0257110595703,140.45138549804688,140.64418029785156,148.25523676040473,142.08560762982376,141.32356745291017,145.3264865762957,139.87299016522783,139.48736172072935,145.5192943290169,140.46975147962283,140.0106870787871,0.004589933030705096,0.004579431410320174,0.021930551795407593,-0.008747289423647664,145.9049072265625,143.91124877929687,144.78036041259764,0.009912354806238444,0.01172454358610658,3.709129834492387,0.679401241037823,6581200.0
2024-07-19,146.11605834960938,149.37532616578864,145.43667122795856,149.17334242444994,6427700,148.70513916015625,142.42529296875,140.77273559570312,150.82595477923027,142.70990259752983,143.17816098857733,147.11682494473789,139.82706034318835,140.3228600794579,148.02573791911843,140.01067810280722,140.97471937776098,-0.01741083613632488,-0.01756418733233975,0.004589933030705096,0.014054026335899472,146.55859375,144.02647018432617,144.74558624267578,0.015401782858839457,0.01168006989637025,3.93865493783008,-3.0572840748405667,6577480.0
2024-07-22,144.13296508789062,145.95998071270952,144.0044312549429,145.2622276208699,5577300,146.11605834960938,142.54466247558594,143.81163024902344,149.37532616578864,143.84836701551717,144.5185733679765,145.43667122795856,141.58984154815025,140.69926213954838,149.17334242444994,142.30596074601192,141.12159561570076,-0.013572041869442164,-0.013664983930108513,-0.01741083613632488,0.0008381201424814133,146.36579284667968,144.1049690246582,144.67351318359374,0.01568962224944669,0.011938621606140669,1.9555494577666366,-1.1292625329792827,6560700.0
2024-07-23,141.47047424316406,143.77492151642696,141.24094851533397,143.54539578859686,6238700,144.13296508789062,142.84762573242188,142.56298828125,145.95998071270952,143.62801879497832,144.75725320691456,144.0044312549429,141.90198087354338,142.5079043598825,145.2622276208699,143.37095110571843,143.9585083288145,-0.018472462861656935,-0.01864520948155928,-0.013572041869442164,0.0021253918005370576,145.69006958007813,143.86534423828124,144.49529113769532,0.01750274608881016,0.011078001709580848,2.5339730010929884,-2.074921545432801,6423600.0
2024-07-24,142.3702392578125,142.94863462291124,140.8553608988871,142.02135563409513,5971700,141.47047424316406,145.0969696044922,146.26296997070312,143.77492151642696,146.45577192175608,146.4741297140084,141.24094851533397,143.56373951177565,143.39849342103716,143.54539578859686,144.0962408508432,143.47194333373864,0.006360090467371293,0.006339950441810716,-0.018472462861656935,0.015746456131400688,144.55897521972656,143.7097267150879,144.32833801269533,0.012181499933134544,0.011179004312889415,2.0932737240241295,0.34888362371737003,6158620.0
2024-07-25,144.63792419433594,145.29895940074695,141.95706541684171,142.64564258942497,5432100,142.3702392578125,144.84909057617188,145.4825897216797,142.94863462291124,145.34485995118246,146.3088767167994,140.8553608988871,143.36175443286464,144.75728059541527,142.02135563409513,144.15132344427985,146.08852698050293,0.015928082641042618,0.01580256184880441,0.006360090467371293,-0.0017083680589331518,143.7455322265625,143.78271560668946,144.2301889038086,0.015613399583458358,0.011219485159458012,3.341893983905237,1.9922816049109713,5929500.0
2024-07-26,144.91336059570312,146.01508129076765,144.19724144345423,144.81236871478913,5232500,144.63792419433594,148.0257110595703,143.1781463623047,145.29895940074695,148.25523676040473,145.48259363788074,141.95706541684171,145.3264865762957,143.0312465341527,142.64564258942497,145.5192943290169,145.48259363788074,0.0019043166092256314,0.0019025056970205345,0.015928082641042618,0.021930551795407593,143.50499267578124,143.852490234375,144.15427276611328,0.014237998155008378,0.011216005980565304,1.8178398473134223,0.10099188091399469,5690460.0
2024-07-29,143.77491760253906,145.2897817613241,142.17741353703946,145.2897817613241,5072000,144.91336059570312,148.70513916015625,143.5178680419922,146.01508129076765,150.82595477923027,144.08708742048572,144.19724144345423,147.11682494473789,142.89355071568374,144.81236871478913,148.02573791911843,143.86673765664625,-0.00785602506548877,-0.007887046205785068,0.0019043166092256314,0.004589933030705096,143.43338317871093,143.8607536315918,144.06576751708985,0.013227032031562303,0.011371974297461623,3.112368224284637,-1.5148641587850307,5589400.0
2024-07-30,146.5016632080078,146.97906655360043,143.62799710451807,143.64636308215972,5740900,143.77491760253906,146.11605834960938,143.60964965820312,145.2897817613241,149.37532616578864,145.5927552253118,142.17741353703946,145.43667122795856,143.3801239400416,145.2897817613241,149.17334242444994,144.61956842176906,0.018965377625927315,0.01878777684876735,-0.00785602506548877,-0.01741083613632488,144.4396209716797,144.0007637023926,144.0378567504883,0.010839045781335807,0.012129218063234332,3.3510694490823596,2.855300125848089,5489840.0
2024-07-31,147.32798767089844,148.44807443748994,146.94238609686298,148.44807443748994,6209200,146.5016632080078,144.13296508789062,143.7014617919922,146.97906655360043,145.95998071270952,145.7029192776455,143.62799710451807,144.0044312549429,143.20567840860843,143.64636308215972,145.2622276208699,144.2890470547575,0.005640375984792723,0.005624528626282816,0.018965377625927315,-0.013572041869442164,145.43117065429686,144.1715316772461,143.9974609375,0.010855436948468054,0.012172855590813166,1.5056883406269606,-1.1200867665914984,5537340.0
2024-08-01,140.12086486816406,146.43741751735436,139.57918750098287,145.7121223657723,16689900,147.32798767089844,141.47047424316406,143.91262817382812,148.44807443748994,143.77492151642696,144.80318909888845,146.94238609686298,141.24094851533397,142.719091613621,148.44807443748994,143.54539578859686,144.76645713812854,-0.04891889800893545,-0.05015593932524104,0.005640375984792723,-0.018472462861656935,144.5277587890625,143.98377990722656,143.84101623535156,0.025820095178318035,0.016560934886858558,6.858230016371493,-5.59125749760824,7788900.0
2024-08-02,136.3842010498047,139.58837149752264,134.97950460527565,138.75290842918338,13278600,140.12086486816406,142.3702392578125,143.8759002685547,146.43741751735436,142.94863462291124,144.82154506019478,139.57918750098287,140.8553608988871,143.73817643894054,145.7121223657723,142.02135563409513,144.0870599963315,-0.026667433303920185,-0.02702946002924339,-0.04891889800893545,0.006360090467371293,142.82192687988282,143.71936645507813,143.63132202148438,0.02676321139154488,0.017250759284186713,4.6088668922469935,-2.368707379378691,9398120.0
2024-08-05,132.81275939941406,133.83185410606268,131.66513085630243,133.60232839744037,13037200,136.3842010498047,144.63792419433594,141.67247009277344,139.58837149752264,145.29895940074695,143.72902583289928,134.97950460527565,141.95706541684171,141.0940607263637,138.75290842918338,142.64564258942497,143.72902583289928,-0.02618662295852292,-0.02653559837833212,-0.026667433303920185,0.015928082641042618,140.6294952392578,143.27546463012695,143.39426788330078,0.027342703878653344,0.018082855321481243,2.1667232497602527,-0.7895689980263114,10991160.0
2024-08-06,131.4998779296875,133.20754992931282,131.39888604764528,132.6566965801962,9692700,132.81275939941406,144.91336059570312,141.6907958984375,133.83185410606268,146.01508129076765,142.56299068947283,131.66513085630243,144.19724144345423,140.76351718510415,133.60232839744037,144.81236871478913,140.76351718510415,-0.009885205876780767,-0.009934388915790017,-0.02618662295852292,0.0019043166092256314,137.62913818359374,142.827889251709,143.14252410888673,0.020442155146251362,0.01810342746418713,1.8086638816675418,-1.1568186505087112,11781520.0
2024-08-07,130.74703979492188,133.7951341951403,130.6276819327667,132.739321444062,8867900,131.4998779296875,143.77491760253906,140.45138549804688,133.20754992931282,145.2897817613241,142.08560762982376,131.39888604764528,142.17741353703946,139.87299016522783,132.6566965801962,145.2897817613241,140.46975147962283,-0.005725010141592435,-0.005741460829101425,-0.009885205876780767,-0.00785602506548877,134.31294860839844,142.24397659301758,142.86084991455078,0.01706371227409659,0.017649869517264504,3.167452262373587,-1.992281649140125,12313260.0
2024-08-08,132.6566925048828,132.9596681417018,131.02247047050534,131.3529880734771,7531100,130.74703979492188,146.5016632080078,142.42529296875,133.7951341951403,146.97906655360043,142.70990259752983,130.6276819327667,143.62799710451807,139.82706034318835,132.739321444062,143.64636308215972,140.01067810280722,0.014605705130733782,0.014500069169074451,-0.005725010141592435,0.018965377625927315,132.8201141357422,141.74957809448242,142.59368194580077,0.0170335098307169,0.018115704489323804,1.9371976711964578,1.3037044314057198,10481500.0
2024-08-09,133.11575317382812,134.1440240057956,131.46316504449513,132.3996339859737,7653100,132.6566925048828,147.32798767089844,142.54466247558594,132.9596681417018,148.44807443748994,143.84836701551717,131.02247047050534,146.94238609686298,141.58984154815025,131.3529880734771,148.44807443748994,142.30596074601192,0.003460516467560959,0.003454542658126794,0.014605705130733782,0.005640375984792723,132.1664245605469,141.26298446655272,142.374990234375,0.01523897646393797,0.018139698873560702,2.6808589613004585,0.7161191878544173,9356400.0
2024-08-12,133.1432647705078,134.7224026217481,128.24977543033293,133.89610174099985,8442200,133.11575317382812,140.12086486816406,142.84762573242188,134.1440240057956,146.43741751735436,143.62801879497832,131.46316504449513,139.57918750098287,141.90198087354338,132.3996339859737,145.7121223657723,143.37095110571843,0.00020667423669795681,0.00020665288252008776,0.003460516467560959,-0.04891889800893545,132.23252563476564,140.66529922485353,142.1318765258789,0.009413017242293334,0.017602936328678057,6.472627191415171,-0.7528369704920408,8437400.0
2024-08-13,132.34451293945312,132.71176246472194,131.33460826552206,132.28025302824167,7794800,133.1432647705078,136.3842010498047,145.0969696044922,134.7224026217481,139.58837149752264,146.45577192175608,128.24977543033293,134.97950460527565,143.56373951177565,133.89610174099985,138.75290842918338,144.0962408508432,-0.005999190664518039,-0.006017258105087692,0.00020667423669795681,-0.026667433303920185,132.40145263671874,140.0400703430176,141.79860504150392,0.008448867664702932,0.017597880162953414,1.3771541991998788,0.06425991121145103,8057820.0
2024-08-14,132.8219451904297,133.34527056911057,131.68349254832395,132.56487749852494,5874200,132.34451293945312,132.81275939941406,144.84909057617188,132.71176246472194,133.83185410606268,145.34485995118246,131.33460826552206,131.66513085630243,143.36175443286464,132.28025302824167,133.60232839744037,144.15132344427985,0.003607495621635426,0.003601004216431648,-0.005999190664518039,-0.02618662295852292,132.81643371582032,139.27988204956054,141.56375396728515,0.00748174973515273,0.01660643957082623,1.6617780207866133,0.2570676919047514,7459080.0
2024-08-15,134.77749633789062,135.43853148686387,133.5655938950606,133.66658576529645,6304200,132.8219451904297,131.4998779296875,148.0257110595703,133.34527056911057,133.20754992931282,148.25523676040473,131.68349254832395,131.39888604764528,145.3264865762957,132.56487749852494,132.6566965801962,145.5192943290169,0.014723102757283169,0.014615770110414294,0.003607495621635426,-0.009885205876780767,133.24059448242187,138.58349990844727,141.39243591308593,0.007526634810474148,0.017071213358878422,1.8729375918032645,1.1109105725941788,7213700.0
2024-08-16,135.20901489257812,135.53034249469695,133.71250271710872,134.0889282596353,6874400,134.77749633789062,130.74703979492188,148.70513916015625,135.43853148686387,133.7951341951403,150.82595477923027,133.5655938950606,130.6276819327667,147.11682494473789,133.66658576529645,132.739321444062,148.02573791911843,0.00320171071887021,0.0031965961570969478,0.014723102757283169,-0.005725010141592435,133.65924682617188,138.03814773559571,141.25086456298828,0.007525282705646665,0.016888786574218873,1.8178397775882331,1.1200866329428152,7057960.0
2024-08-19,136.31378173828125,137.14931650666134,135.44110390654808,135.55250476475126,5967400,135.20901489257812,132.6566925048828,146.11605834960938,135.53034249469695,132.9596681417018,149.37532616578864,133.71250271710872,131.02247047050534,145.43667122795856,134.0889282596353,131.3529880734771,149.17334242444994,0.00817080759430766,0.008137607272291864,0.00320171071887021,0.014605705130733782,134.29335021972656,137.64718856811524,141.11394439697267,0.007589662287237138,0.016921941091449108,1.7082126001132565,0.7612769735299878,6563000.0
2024-08-20,134.3270721435547,136.01671345496922,134.2063784191929,135.84961214363452,7497600,136.31378173828125,133.11575317382812,144.13296508789062,137.14931650666134,134.1440240057956,145.95998071270952,135.44110390654808,131.46316504449513,144.0044312549429,135.55250476475126,132.3996339859737,145.2622276208699,-0.014574532152156094,-0.014681784018672837,0.00817080759430766,0.003460516467560959,134.6898620605469,137.29001846313477,140.93453582763672,0.010879326738704781,0.01675166832696525,1.810335035776319,-1.5225400000798288,6503560.0
2024-08-21,134.9119415283203,136.1373935196059,134.19708626994534,135.01404954215948,5985000,134.3270721435547,133.1432647705078,141.47047424316406,136.01671345496922,134.7224026217481,143.77492151642696,134.2063784191929,128.24977543033293,141.24094851533397,135.84961214363452,133.89610174099985,143.54539578859686,0.004354069328188492,0.0043446177934912365,-0.014574532152156094,0.00020667423669795681,135.107861328125,136.91710357666017,140.7547055053711,0.010894420365153933,0.016702061244669202,1.940307249660549,-0.10210801383917101,6525720.0
2024-08-22,135.29257202148438,135.84960469391365,134.73555351498442,134.93979788381318,4027000,134.9119415283203,132.34451293945312,142.3702392578125,136.1373935196059,132.71176246472194,142.94863462291124,134.19708626994534,131.33460826552206,140.8553608988871,135.01404954215948,132.28025302824167,142.02135563409513,0.0028213254427456036,0.002817352974115824,0.004354069328188492,-0.005999190664518039,135.21087646484375,136.44983596801757,140.58707794189453,0.008848591434336353,0.01618801022489122,1.1140511789292304,0.35277413767119015,6070280.0
2024-08-23,137.0471954345703,137.48353435394944,135.8403150185121,136.03526652193705,4824100,135.29257202148438,132.8219451904297,144.63792419433594,135.84960469391365,133.34527056911057,145.29895940074695,134.73555351498442,131.68349254832395,141.95706541684171,134.93979788381318,132.56487749852494,142.64564258942497,0.012969103823433192,0.012885725120704128,0.0028213254427456036,0.003607495621635426,135.5785125732422,136.05652770996093,140.49622497558593,0.01044668321674942,0.01655678233780023,1.643219335437351,1.011928912633266,5660220.0
2024-08-26,137.86416625976562,139.3402842360577,136.9822097801782,138.30050515830644,5780300,137.0471954345703,134.77749633789062,144.91336059570312,137.48353435394944,135.43853148686387,146.01508129076765,135.8403150185121,133.5655938950606,144.19724144345423,136.03526652193705,133.66658576529645,144.81236871478913,0.00596123709503682,0.005943539220506747,0.012969103823433192,0.014723102757283169,135.88858947753906,135.76099014282227,140.44705169677735,0.010203860238967766,0.016616476268764377,2.358074455879489,-0.43633889854081076,5622800.0
2024-08-27,136.42518615722656,138.83897536476888,136.23023465028268,138.02199794081392,5100000,137.86416625976562,135.20901489257812,143.77491760253906,139.3402842360577,135.53034249469695,145.2897817613241,136.9822097801782,133.71250271710872,142.17741353703946,138.30050515830644,134.0889282596353,145.2897817613241,-0.010437665867631729,-0.010492520337633739,0.00596123709503682,0.00320171071887021,136.30821228027344,135.2571662902832,140.37405639648438,0.008522015387089245,0.015954881777554466,2.6087407144862027,-1.5968117835873556,5143280.0
2024-08-28,135.54322814941406,136.60157881627234,135.06046747995623,135.9517168569608,5614400,136.42518615722656,136.31378173828125,146.5016632080078,138.83897536476888,137.14931650666134,146.97906655360043,136.23023465028268,135.44110390654808,143.62799710451807,138.02199794081392,135.55250476475126,143.64636308215972,-0.006464774083548397,-0.006485761235887484,-0.010437665867631729,0.00817080759430766,136.4344696044922,134.66792831420898,140.27203735351563,0.009456863278865513,0.01582158837445552,1.5411113363161064,-0.4084887075467236,5069160.0
2024-08-29,136.8615264892578,137.5670888934156,135.02334143242004,135.97029125936675,4466700,135.54322814941406,134.3270721435547,147.32798767089844,136.60157881627234,136.01671345496922,148.44807443748994,135.06046747995623,134.2063784191929,146.94238609686298,135.9517168569608,135.84961214363452,148.44807443748994,0.00972603617194756,0.009679042742972762,-0.006464774083548397,-0.014574532152156094,136.74826049804688,134.50496139526368,140.19381317138672,0.010264464749382904,0.012051263117263044,2.5437474609955473,0.8912352298910662,5157100.0
2024-08-30,137.35357666015625,137.47427038104783,135.26472533295097,135.74748605058764,6414800,136.8615264892578,134.9119415283203,140.12086486816406,137.5670888934156,136.1373935196059,146.43741751735436,135.02334143242004,134.19708626994534,139.57918750098287,135.97029125936675,135.01404954215948,145.7121223657723,0.0035952409966510945,0.0035887935664948804,0.00972603617194756,0.004354069328188492,136.80953674316407,134.55343017578124,140.06465209960936,0.008553699595999019,0.01046897048564375,2.2095450480968566,1.6060906095686107,5475240.0
2024-09-03,134.29920959472656,135.32971008446853,133.94642130417003,135.12546572319147,7944700,137.35357666015625,135.29257202148438,136.3842010498047,137.47427038104783,135.84960469391365,139.58837149752264,135.26472533295097,134.73555351498442,134.97950460527565,135.74748605058764,134.93979788381318,138.75290842918338,-0.022237259048498492,-0.022488234542638055,0.0035952409966510945,0.0028213254427456036,136.09654541015624,134.62775268554688,139.8993765258789,0.012444247857727318,0.009966135474470629,1.3832887802984999,-0.8262561284649053,5908120.0
2024-09-04,131.8946990966797,135.1068797704173,131.52333931311676,134.28062373013975,9820700,134.29920959472656,137.0471954345703,132.81275939941406,135.32971008446853,137.48353435394944,133.83185410606268,133.94642130417003,135.8403150185121,131.66513085630243,135.12546572319147,136.03526652193705,133.60232839744037,-0.01790412992975121,-0.018066348030133194,-0.022237259048498492,0.012969103823433192,135.19044799804686,134.6474937438965,139.61201110839843,0.013627102352849522,0.01055428337819724,3.583540457300529,-2.385924633460064,6852260.0
2024-09-05,130.83633422851562,132.9159065169465,130.5299818854825,132.9159065169465,9371100,131.8946990966797,137.86416625976562,131.4998779296875,135.1068797704173,139.3402842360577,133.20754992931282,131.52333931311676,136.9822097801782,131.39888604764528,134.28062373013975,138.30050515830644,132.6566965801962,-0.008024316939290177,-0.008056685041353115,-0.01790412992975121,0.00596123709503682,134.2490692138672,134.65195846557617,139.31908599853514,0.013639445693902496,0.010634472893388308,2.3859246314640075,-2.0795722884308816,7603600.0
2024-09-06,128.63609313964844,131.9318388906459,127.99550985527168,130.96633170547858,7836400,130.83633422851562,136.42518615722656,130.74703979492188,132.9159065169465,138.83897536476888,133.7951341951403,130.5299818854825,136.23023465028268,130.6276819327667,132.9159065169465,138.02199794081392,132.739321444062,-0.016816743619737173,-0.01695975059433595,-0.008024316939290177,-0.010437665867631729,132.6039825439453,134.45092849731446,139.02824493408204,0.010265159158380683,0.010697737034753543,3.9363290353742286,-2.330238565830143,8277540.0
2024-09-09,130.25148010253906,131.84829193362725,128.61752520602343,128.7103687036632,9892300,128.63609313964844,135.54322814941406,132.6566925048828,131.9318388906459,136.60157881627234,132.9596681417018,127.99550985527168,135.06046747995623,131.02247047050534,130.96633170547858,135.9517168569608,131.3529880734771,0.012557804916672577,0.012479609644638298,-0.016816743619737173,-0.006464774083548397,131.18356323242188,134.30771484375,138.76291717529296,0.013876922195244504,0.011104667027005414,3.2307667276038217,1.54111139887587,8973040.0
2024-09-10,128.3297119140625,130.9755953946522,127.27136135501198,130.80847995589326,8202500,130.25148010253906,136.8615264892578,133.11575317382812,131.84829193362725,137.5670888934156,134.1440240057956,128.61752520602343,135.02334143242004,131.46316504449513,128.7103687036632,135.97029125936675,132.3996339859737,-0.014754290599720443,-0.014864217750021086,0.012557804916672577,0.00972603617194756,129.98966369628906,134.06703720092773,138.45731842041016,0.012641074923193062,0.01151348885295115,3.7042340396402267,-2.4787680418307616,9024600.0
2024-09-11,128.00482177734375,128.56184033280823,125.67458286430268,128.31118835751798,9534000,128.3297119140625,137.35357666015625,133.1432647705078,130.9755953946522,137.47427038104783,134.7224026217481,127.27136135501198,135.26472533295097,128.24977543033293,130.80847995589326,135.74748605058764,133.89610174099985,-0.0025316828961349236,-0.00253489302444077,-0.014754290599720443,0.0035952409966510945,129.21168823242186,133.85005264282228,138.1433856201172,0.011769894218528034,0.011472585964004044,2.8872574685055525,-0.30636658017422747,8967260.0
2024-09-12,129.23953247070312,129.48090569739574,127.57772759815713,128.3297116562445,6591500,128.00482177734375,134.29920959472656,132.34451293945312,128.56184033280823,135.32971008446853,132.71176246472194,125.67458286430268,133.94642130417003,131.33460826552206,128.31118835751798,135.12546572319147,132.28025302824167,0.009645813932752212,0.009599590076309719,-0.0025316828961349236,-0.022237259048498492,128.89232788085937,133.67093200683593,137.84992370605468,0.013502998354073703,0.011694232266757566,1.903178099238616,0.9098208144586124,8411340.0
2024-09-13,130.5392608642578,131.39336711878656,129.70372614041568,129.8522558881266,5900700,129.23953247070312,131.8946990966797,132.8219451904297,129.48090569739574,135.1068797704173,133.34527056911057,127.57772759815713,131.52333931311676,131.68349254832395,128.3297116562445,134.28062373013975,132.56487749852494,0.010056740137537323,0.010006507629220802,0.009645813932752212,-0.01790412992975121,129.27296142578126,133.4590202331543,137.58319091796875,0.01152313193282085,0.01140056402788937,1.6896409783708748,0.6870049761312202,8024200.0
2024-09-16,131.91326904296875,132.91591930532803,130.96633337790328,131.54192338991507,6864300,130.5392608642578,130.83633422851562,134.77749633789062,131.39336711878656,132.9159065169465,135.43853148686387,129.70372614041568,130.5299818854825,133.5655938950606,129.8522558881266,132.9159065169465,133.66658576529645,0.010525631672908764,0.010470622876715543,0.010056740137537323,-0.008024316939290177,129.60531921386718,133.29423294067382,137.38800689697266,0.011130667191924251,0.011675016384289326,1.9495859274247493,0.3713456530536803,7418600.0
2024-09-17,133.13873291015625,133.81644509000787,131.5883428780946,131.64404330850317,7338800,131.91326904296875,128.63609313964844,135.20901489257812,132.91591930532803,131.9318388906459,135.53034249469695,130.96633337790328,127.99550985527168,133.71250271710872,131.54192338991507,130.96633170547858,134.0889282596353,0.009289921143477375,0.009247035225971499,0.010525631672908764,-0.016816743619737173,130.56712341308594,133.13548049926757,137.21696563720704,0.005569596303817501,0.011724707353026725,2.228102211913267,1.4946896016530786,7245860.0
2024-09-18,133.6493377685547,135.17187751671543,132.93448255673252,133.05517626112436,6180300,133.13873291015625,130.25148010253906,136.31378173828125,133.81644509000787,131.84829193362725,137.14931650666134,131.5883428780946,128.61752520602343,135.44110390654808,131.64404330850317,128.7103687036632,135.55250476475126,0.0038351338279822844,0.0038277984510295218,0.009289921143477375,0.012557804916672577,131.69602661132814,133.1015937805176,137.0809246826172,0.0027422099195237044,0.01132811966307864,2.2373949599829075,0.5941615074303286,6575120.0
2024-09-19,134.60557556152344,136.2673664947097,134.5498609638351,135.36683840545268,7247400,133.6493377685547,128.3297119140625,134.3270721435547,135.17187751671543,130.9755953946522,136.01671345496922,132.93448255673252,127.27136135501198,134.2063784191929,133.05517626112436,130.80847995589326,135.84961214363452,0.007154826271004167,0.007129351938960307,0.0038351338279822844,-0.014754290599720443,132.76923522949218,133.08627548217774,136.92453033447265,0.0027470267879344387,0.01140432625569527,1.717505530874604,-0.761262843929245,6706300.0
2024-09-20,135.24615478515625,135.45969201074118,133.16659629266132,134.82838734985538,23162900,134.60557556152344,128.00482177734375,134.9119415283203,136.2673664947097,128.56184033280823,136.1373935196059,134.5498609638351,125.67458286430268,134.19708626994534,135.36683840545268,128.31118835751798,135.01404954215948,0.004758935288977195,0.004747647354634457,0.007154826271004167,-0.0025316828961349236,133.7106140136719,133.08395462036134,136.77856018066407,0.002858007053930633,0.011438196240218749,2.2930957180798544,0.417767435300874,10158740.0
2024-09-23,136.97291564941406,137.78989301195728,135.4967976869413,135.7753139847108,6960600,135.24615478515625,129.23953247070312,135.29257202148438,135.45969201074118,129.48090569739574,135.84960469391365,133.16659629266132,127.57772759815713,134.73555351498442,134.82838734985538,128.3297116562445,134.93979788381318,0.012767541280569672,0.012686723395562946,0.004758935288977195,0.009645813932752212,134.72254333496093,133.08024063110352,136.6610659790039,0.003605407831736895,0.011426292415911301,2.293095325015969,1.1976016647032566,10178000.0
2024-09-24,136.88938903808594,138.42122186173742,136.38807094684626,138.21697748525057,6014200,136.97291564941406,130.5392608642578,137.0471954345703,137.78989301195728,131.39336711878656,137.48353435394944,135.4967976869413,129.70372614041568,135.8403150185121,135.7753139847108,129.8522558881266,136.03526652193705,-0.0006098038501415326,-0.0006099898561313128,0.012767541280569672,0.010056740137537323,135.47267456054686,133.03150177001953,136.49691436767577,0.0049033966687915985,0.011341080878360178,2.0331509148911664,-1.3275884471646293,9913080.0
2024-09-25,133.65863037109375,136.85225411835438,133.22229141923376,136.42519385013404,7888400,136.88938903808594,131.91326904296875,137.86416625976562,138.42122186173742,132.91591930532803,139.3402842360577,136.38807094684626,130.96633337790328,136.9822097801782,138.21697748525057,131.54192338991507,138.30050515830644,-0.023601235199415704,-0.023884205518839016,-0.0006098038501415326,0.010525631672908764,135.4745330810547,132.8931739807129,136.27310516357423,0.01409073320014926,0.012302050599806692,3.6299626991206253,-2.766563479040286,10254700.0
2024-09-26,131.82044982910156,132.96235125750792,130.55785467952234,130.80850663990174,8046200,133.65863037109375,133.13873291015625,136.42518615722656,136.85225411835438,133.81644509000787,138.83897536476888,133.22229141923376,131.5883428780946,136.23023465028268,136.42519385013404,131.64404330850317,138.02199794081392,-0.013752800974307533,-0.013848246850732352,-0.023601235199415704,0.009289921143477375,134.91750793457032,132.70703506469727,135.94899993896485,0.014565799915861663,0.012578782122471419,2.404496577985583,1.011943189199826,10414460.0
2024-09-27,135.06976318359375,135.3297079728123,132.60955220330098,132.73952459791025,8049200,131.82044982910156,133.6493377685547,135.54322814941406,132.96235125750792,135.17187751671543,136.60157881627234,130.55785467952234,132.93448255673252,135.06046747995623,130.80850663990174,133.05517626112436,135.9517168569608,0.02464953926879132,0.0243506412163296,-0.013752800974307533,0.0038351338279822844,134.88222961425782,132.61744689941406,135.6762924194336,0.019474854336058986,0.013664079917833959,2.720155769511308,2.330238585683503,7391720.0
2024-09-30,136.7222900390625,136.91724156886485,133.9464335415068,134.9583625910564,7491700,135.06976318359375,134.60557556152344,136.8615264892578,135.3297079728123,136.2673664947097,137.5670888934156,132.60955220330098,134.5498609638351,135.02334143242004,132.73952459791025,135.36683840545268,135.97029125936675,0.012234617256436264,0.012160379229271502,0.02464953926879132,0.007154826271004167,134.8321044921875,132.58588256835938,135.48841705322266,0.019388025947710906,0.013936524081083031,2.9708080273580606,1.7639274480060863,7497940.0
2024-10-01,138.97824096679688,139.7395180397631,135.03263284288286,135.86818188632847,9489100,136.7222900390625,135.24615478515625,137.35357666015625,136.91724156886485,135.45969201074118,137.47427038104783,133.9464335415068,133.16659629266132,135.26472533295097,134.9583625910564,134.82838734985538,135.74748605058764,0.016500242404437815,0.016365592555923802,0.012234617256436264,0.004758935288977195,135.2498748779297,132.8198341369629,135.38532257080078,0.020762387727210188,0.013384427503728646,4.7068851968802505,3.110059080468403,8192920.0
2024-10-02,140.1387176513672,141.3734626321298,138.5697558775716,140.81642992176475,8105400,138.97824096679688,136.97291564941406,134.29920959472656,139.7395180397631,137.78989301195728,135.32971008446853,135.03263284288286,135.4967976869413,133.94642130417003,135.86818188632847,135.7753139847108,135.12546572319147,0.00835006024322582,0.00831539134807237,0.016500242404437815,0.012767541280569672,136.54589233398437,133.23203506469727,135.35868743896484,0.014387136450556033,0.012615674151232202,2.803706754558192,-0.6777122703975635,8236320.0
2024-10-03,140.417236328125,141.27134277645715,139.27533483552045,140.47293676689637,6553300,140.1387176513672,136.88938903808594,131.8946990966797,141.3734626321298,138.42122186173742,135.1068797704173,138.5697558775716,136.38807094684626,131.52333931311676,140.81642992176475,138.21697748525057,134.28062373013975,0.001987449874136127,0.001985477508521192,0.00835006024322582,-0.0006098038501415326,138.26524963378907,133.71108016967773,135.3196273803711,0.008531130779805508,0.012346294579446878,1.9960079409366926,-0.055700438771367544,7937740.0
2024-10-04,139.94375610351562,141.57769688255684,139.38672343301582,141.55912534929237,7892400,140.417236328125,133.65863037109375,130.83633422851562,141.27134277645715,136.85225411835438,132.9159065169465,139.27533483552045,133.22229141923376,130.5299818854825,140.47293676689637,136.42519385013404,132.9159065169465,-0.0033719523114880134,-0.0033776501548598847,0.001987449874136127,-0.023601235199415704,139.24004821777345,134.2764633178711,135.22574401855468,0.007938567610333597,0.011513338619892153,2.190973449541019,-1.6153692457767477,7906380.0
2024-10-07,140.29652404785156,141.80978520870778,139.8973281788247,140.64931233465944,5895900,139.94375610351562,131.82044982910156,128.63609313964844,141.57769688255684,132.96235125750792,131.9318388906459,139.38672343301582,130.55785467952234,127.99550985527168,141.55912534929237,130.80850663990174,130.96633170547858,0.0025207837359675356,0.0025176118898862323,-0.0033719523114880134,-0.013752800974307533,139.95489501953125,134.77871551513672,135.13340728759766,0.007559685285578924,0.011351352549525132,1.912457029883086,-0.3527882868078791,7587220.0
2024-10-08,138.0962677001953,138.885394896282,137.14931789807693,138.51403508862373,5892700,140.29652404785156,135.06976318359375,130.25148010253906,141.80978520870778,135.3297079728123,131.84829193362725,139.8973281788247,132.60955220330098,128.61752520602343,140.64931233465944,132.73952459791025,128.7103687036632,-0.01568289993347094,-0.01580717767807718,0.0025207837359675356,0.02464953926879132,139.77850036621095,135.26704330444335,135.01983428955077,0.009078432673722889,0.01143277253851801,1.7360769982050783,-0.4177673884284161,6867940.0
2024-10-09,138.9318084716797,139.60024198837797,136.805828374076,136.94507945425116,4973500,138.0962677001953,136.7222900390625,128.3297119140625,138.885394896282,136.91724156886485,130.9755953946522,137.14931789807693,133.9464335415068,127.27136135501198,138.51403508862373,134.9583625910564,130.80847995589326,0.006050422545077927,0.006032192235684075,-0.01568289993347094,0.012234617256436264,139.53711853027343,135.81339263916016,134.86843719482422,0.008511731077382982,0.011345858642187635,2.7944136143019875,1.9867290174285301,6241560.0
2024-10-10,139.83233642578125,140.695735619788,139.11749532702706,139.88803685779547,4420900,138.9318084716797,138.97824096679688,128.00482177734375,139.60024198837797,139.7395180397631,128.56184033280823,136.805828374076,135.03263284288286,125.67458286430268,136.94507945425116,135.86818188632847,128.31118835751798,0.0064817982577771716,0.006460881739232481,0.006050422545077927,0.016500242404437815,139.42013854980468,136.34303283691406,134.71852416992186,0.009207281465959926,0.011287329128705285,1.5782402927609382,-0.055700432014219814,5815080.0
2024-10-11,140.57504272460938,141.4198703908853,139.48884179622414,139.60953551024323,5051300,139.83233642578125,140.1387176513672,129.23953247070312,140.695735619788,141.3734626321298,129.48090569739574,139.11749532702706,138.5697558775716,127.57772759815713,139.88803685779547,140.81642992176475,128.3297116562445,0.005311405915199963,0.005297350147426886,0.0064817982577771716,0.00835006024322582,139.54639587402343,136.84482192993164,134.72760772705078,0.009417493658619092,0.011203032336067972,1.9310285946611714,0.9655072143661414,5246860.0
2024-10-14,140.90927124023438,141.020672114205,139.4238601462855,139.73951956575243,4214700,140.57504272460938,140.417236328125,130.5392608642578,141.4198703908853,141.27134277645715,131.39336711878656,139.48884179622414,139.27533483552045,129.70372614041568,139.60953551024323,140.47293676689637,129.8522558881266,0.002377580750800634,0.0023747587777813817,0.005311405915199963,0.001987449874136127,139.6689453125,137.29462203979492,134.81810913085937,0.009411686192139584,0.011092034031136597,1.596811967919507,1.1697516744819438,4910620.0
2024-10-15,137.14932250976562,139.2196163215133,136.9914998984271,138.14269409198474,6704600,140.90927124023438,139.94375610351562,131.91326904296875,141.020672114205,141.57769688255684,132.91591930532803,139.4238601462855,139.38672343301582,130.96633337790328,139.73951956575243,141.55912534929237,131.54192338991507,-0.026683472970763344,-0.027045939287775628,0.002377580750800634,-0.0033719523114880134,139.47955627441405,137.4951515197754,134.9048403930664,0.01428408904471296,0.012856615558677483,2.2281164230862203,-0.9933715822191118,5073000.0
2024-10-16,138.07769775390625,138.35621407136617,137.5949512472993,137.72492363999012,4303700,137.14932250976562,140.29652404785156,133.13873291015625,139.2196163215133,141.80978520870778,133.81644509000787,136.9914998984271,139.8973281788247,131.5883428780946,138.14269409198474,140.64931233465944,131.64404330850317,0.00676908370491236,0.006746276323344193,-0.026683472970763344,0.0025207837359675356,139.30873413085936,137.71656951904296,135.0363967895508,0.014379743195681997,0.012900558310409307,0.7612628240668755,0.35277411391612645,4939040.0
2024-10-17,140.37078857421875,140.49148227982204,138.30050904306935,138.56973250257528,6593100,138.07769775390625,138.0962677001953,133.6493377685547,138.35621407136617,138.885394896282,135.17187751671543,137.5949512472993,137.14931789807693,132.93448255673252,137.72492363999012,138.51403508862373,133.05517626112436,0.0166072498137928,0.016470857437257787,0.00676908370491236,-0.01568289993347094,139.4164245605469,138.00483016967775,135.22887176513672,0.016306845007424325,0.013278131477668754,2.190973236752683,1.8010560716434725,5373480.0
2024-10-18,139.9530487060547,140.259415288706,138.6811747865668,140.01804199597953,5208200,140.37078857421875,138.9318084716797,134.60557556152344,140.49148227982204,139.60024198837797,136.2673664947097,138.30050904306935,136.805828374076,134.5498609638351,138.56973250257528,136.94507945425116,135.36683840545268,-0.0029759743633782643,-0.0029804113802362076,0.0166072498137928,0.006050422545077927,139.29202575683593,138.24017486572265,135.37479888916016,0.016163907682685955,0.013311764451285332,1.5782405021392094,-0.06499328992484266,5404860.0
2024-10-21,140.07369995117188,141.5590964931651,139.71163303893135,141.11347894715976,5074000,139.9530487060547,139.83233642578125,135.24615478515625,140.259415288706,140.695735619788,135.45969201074118,138.6811747865668,139.11749532702706,133.16659629266132,140.01804199597953,139.88803685779547,134.82838734985538,0.000862083721881568,0.0008617123411353388,-0.0029759743633782643,0.0064817982577771716,139.12491149902343,138.39521408081055,135.51395782470703,0.016103967435567537,0.013059137434892273,1.847463454233747,-1.0397789959878878,5576720.0
2024-10-22,140.11085510253906,140.81641752977163,139.46099310825525,140.4172216496862,4416400,140.07369995117188,140.57504272460938,136.97291564941406,141.5590964931651,141.4198703908853,137.78989301195728,139.71163303893135,139.48884179622414,135.4967976869413,141.11347894715976,139.60953551024323,135.7753139847108,0.0002652543009868946,0.000265219127284645,0.000862083721881568,0.005311405915199963,139.71721801757812,138.5562873840332,135.65330963134767,0.007723387582884906,0.013054215487376215,1.3554244215163749,-0.3063665471471495,5119080.0
2024-10-23,139.70236206054688,140.18512274108213,138.59758962140302,139.5909611980882,5248600,140.11085510253906,140.90927124023438,136.88938903808594,140.81641752977163,141.020672114205,138.42122186173742,139.46099310825525,139.4238601462855,136.38807094684626,140.4172216496862,139.73951956575243,138.21697748525057,-0.002915498886172929,-0.0029197572318660336,0.0002652543009868946,0.002377580750800634,140.04215087890626,138.85847396850585,135.80046661376954,0.00815351119315385,0.011734831735139239,1.587533119679108,0.1114008624586802,5308060.0
2024-10-24,139.67449951171875,140.6028777260418,138.6811421886753,140.30580406374065,5474300,139.70236206054688,137.14932250976562,133.65863037109375,140.18512274108213,139.2196163215133,136.85225411835438,138.59758962140302,136.9914998984271,133.22229141923376,139.5909611980882,138.14269409198474,136.42519385013404,-0.00019944221713341648,-0.00019946210837721716,-0.002915498886172929,-0.026683472970763344,139.90289306640625,139.2511764526367,135.93751770019531,0.0018222556313759652,0.0111363602166929,1.9217355373665157,-0.631304552021902,5084300.0
2024-10-25,140.00872802734375,141.22490132398727,139.68380412452132,140.54718913691275,6839900,139.67449951171875,138.07769775390625,131.82044982910156,140.6028777260418,138.35621407136617,132.96235125750792,138.6811421886753,137.5949512472993,130.55785467952234,140.30580406374065,137.72492363999012,130.80850663990174,0.002392910064424214,0.0023900516142373344,-0.00019944221713341648,0.00676908370491236,139.91402893066407,139.4981246948242,136.04214233398437,0.0019394988377904718,0.00989771957948653,1.541097199465952,-0.5384611095689991,5410640.0
2024-10-28,139.75804138183594,139.90658528662956,137.5485110032183,137.6320616374423,8892000,140.00872802734375,140.37078857421875,135.06976318359375,141.22490132398727,140.49148227982204,135.3297079728123,139.68380412452132,138.30050904306935,132.60955220330098,140.54718913691275,138.56973250257528,132.73952459791025,-0.0017905072707956604,-0.001792112144917681,0.002392910064424214,0.0166072498137928,139.85089721679688,139.6499122619629,136.13312286376953,0.00203298724648676,0.009615623530663758,2.35807428341127,2.1259797443936463,6174240.0
2024-10-29,137.8827362060547,139.64664914495734,137.27928186785206,139.29386089080586,6014700,139.75804138183594,139.9530487060547,136.7222900390625,139.90658528662956,140.259415288706,136.91724156886485,137.5485110032183,138.6811747865668,133.9464335415068,137.6320616374423,140.01804199597953,134.9583625910564,-0.013418227368096058,-0.013509065285350208,-0.0017905072707956604,-0.0029759743633782643,139.4052734375,139.5951370239258,136.164501953125,0.006057285128305355,0.009426062883942756,2.3673672771052736,-1.4111246847511723,6493900.0
2024-10-30,137.44642639160156,138.93182334758856,137.08435937844962,138.40265502033435,5784000,137.8827362060547,140.07369995117188,138.97824096679688,139.64664914495734,141.5590964931651,139.7395180397631,137.27928186785206,139.71163303893135,135.03263284288286,139.29386089080586,141.11347894715976,135.86818188632847,-0.003164354192979557,-0.003169371348542723,-0.013418227368096058,0.000862083721881568,138.95408630371094,139.4605224609375,136.22688903808594,0.0060555273961233275,0.009215809520314568,1.8474639691389427,-0.9562286287327879,6600980.0
2024-10-31,138.16127014160156,138.8575538904691,137.29787092672268,138.1055555423117,8400900,137.44642639160156,140.11085510253906,140.1387176513672,138.93182334758856,140.81641752977163,141.3734626321298,137.08435937844962,139.46099310825525,138.5697558775716,138.40265502033435,140.4172216496862,140.81642992176475,0.00520089003960944,0.005187412122253706,-0.003164354192979557,0.0002652543009868946,138.6514404296875,139.34772415161132,136.29187561035155,0.007120472985207029,0.009296983473844713,1.5596829637464111,0.0557145992898711,7186300.0
2024-11-01,142.1068572998047,144.76200534179293,140.83496953811024,141.55910339791194,11728000,138.16127014160156,139.70236206054688,140.417236328125,138.8575538904691,140.18512274108213,141.27134277645715,137.29787092672268,138.59758962140302,139.27533483552045,138.1055555423117,139.5909611980882,140.47293676689637,0.028557837910430983,0.02815766373676544,0.00520089003960944,-0.002915498886172929,139.0710662841797,139.45587921142578,136.42816131591798,0.01572039809097554,0.011342750785067877,3.927035803682685,0.5477539018927473,8163920.0
2024-11-04,142.9424285888672,143.360196050901,141.68911203683504,143.360196050901,6130000,142.1068572998047,139.67449951171875,139.94375610351562,144.76200534179293,140.6028777260418,141.57769688255684,140.83496953811024,138.6811421886753,139.38672343301582,141.55910339791194,140.30580406374065,141.55912534929237,0.005879880147512395,0.005862661116493959,0.028557837910430983,-0.00019944221713341648,139.70794372558595,139.58817443847656,136.5460659790039,0.015499340672284154,0.011393884292609426,1.6710840140659684,-0.4177674620338223,7611520.0
2024-11-05,142.42250061035156,143.59225202248325,141.62409480545716,143.4622796433575,5978900,142.9424285888672,140.00872802734375,140.29652404785156,143.360196050901,141.22490132398727,141.80978520870778,141.68911203683504,139.68380412452132,139.8973281788247,143.360196050901,140.54718913691275,140.64931233465944,-0.003637324366518535,-0.0036439555154352773,0.005879880147512395,0.002392910064424214,140.61589660644532,139.8044860839844,136.63723266601562,0.01308398669729671,0.010766936064080263,1.9681572170260893,-1.0397790330059422,7604360.0
2024-11-06,146.42381286621094,147.25006890902296,144.93840205925733,145.8482229073319,12118900,142.42250061035156,139.75804138183594,138.0962677001953,143.59225202248325,139.90658528662956,138.885394896282,141.62409480545716,137.5485110032183,137.14931789807693,143.4622796433575,137.6320616374423,138.51403508862373,0.028094663685244603,0.027707248090313226,-0.003637324366518535,-0.0017905072707956604,142.4113739013672,140.17908630371093,136.8372052001953,0.014646283786065676,0.012270069407490767,2.311666849765629,0.5755899588790498,8871340.0
2024-11-07,145.5418701171875,146.69305014346557,145.19836051321505,146.62807102872182,8143200,146.42381286621094,137.8827362060547,138.9318084716797,147.25006890902296,139.64664914495734,139.60024198837797,144.93840205925733,137.27928186785206,136.805828374076,145.8482229073319,139.29386089080586,136.94507945425116,-0.006023219391433798,-0.006041432147127679,0.028094663685244603,-0.013418227368096058,143.8874938964844,140.46456298828124,137.03717803955078,0.016806667384194528,0.01238532886542229,1.4946896302505195,-1.0862009115343199,8819800.0
2024-11-08,145.6903839111328,146.29383823979762,144.5206324805946,145.38403157160124,6041500,145.5418701171875,137.44642639160156,139.83233642578125,146.69305014346557,138.93182334758856,140.695735619788,145.19836051321505,137.08435937844962,139.11749532702706,146.62807102872182,138.40265502033435,139.88803685779547,0.0010204197171970186,0.0010198994428994173,-0.006023219391433798,-0.003164354192979557,144.60419921875,140.72033004760743,137.21375518798828,0.01365711453492753,0.012363470986008766,1.773205759203023,0.30635233953157126,7682500.0
2024-11-11,145.2911834716797,146.62805030180124,144.73415090382017,145.8853449332974,7771700,145.6903839111328,138.16127014160156,140.57504272460938,146.29383823979762,138.8575538904691,141.4198703908853,144.5206324805946,137.29787092672268,139.48884179622414,145.38403157160124,138.1055555423117,139.60953551024323,-0.002740060316517745,-0.0027438211533042153,0.0010204197171970186,0.00520089003960944,145.0739501953125,140.93942565917968,137.37250732421876,0.014066750256082564,0.01240510545135035,1.8938993979810732,-0.5941614616177162,8010840.0
2024-11-12,144.16786193847656,146.1917340263375,144.01003932523747,146.0339114130984,5681900,145.2911834716797,142.1068572998047,140.90927124023438,146.62805030180124,144.76200534179293,141.020672114205,144.73415090382017,140.83496953811024,139.4238601462855,145.8853449332974,141.55910339791194,139.73951956575243,-0.0077315189150626296,-0.007761562060377854,-0.002740060316517745,0.028557837910430983,145.4230224609375,141.29035263061525,137.56988037109375,0.01468043386205739,0.010742968531269059,2.1816947011000423,-1.866049474621832,7951440.0
2024-11-13,147.35220336914062,147.6307196894153,143.46229606624956,144.8920065662262,8824000,144.16786193847656,142.9424285888672,137.14932250976562,146.1917340263375,143.360196050901,139.2196163215133,144.01003932523747,141.68911203683504,136.9914998984271,146.0339114130984,143.360196050901,138.14269409198474,0.02208773431087563,0.02184733380233875,-0.0077315189150626296,0.005879880147512395,145.60870056152345,141.75407791137695,137.87903045654298,0.012080205467559751,0.01157338708144048,4.168423623165722,2.4601968029144246,7292460.0
2024-11-14,150.21160888671875,150.2394591019093,148.24343729570768,148.39198122067612,10111200,147.35220336914062,142.42250061035156,138.07769775390625,147.6307196894153,143.59225202248325,138.35621407136617,143.46229606624956,141.62409480545716,137.5949512472993,144.8920065662262,143.4622796433575,137.72492363999012,0.019405244388608578,0.01921936349425605,0.02208773431087563,-0.003637324366518535,146.5426483154297,142.24611892700196,138.26653594970702,0.01348537590412951,0.01175791499260045,1.996021806201611,1.819627666042635,7686060.0
2024-11-15,149.85882568359375,150.7500750976715,149.24609259678587,149.95166918132665,9022800,150.21160888671875,146.42381286621094,140.37078857421875,150.2394591019093,147.25006890902296,140.49148227982204,148.24343729570768,144.93840205925733,138.30050904306935,148.39198122067612,145.8482229073319,138.56973250257528,-0.0023485748254720162,-0.002351337053040357,0.019405244388608578,0.028094663685244603,147.37633666992187,142.7414077758789,138.69099060058593,0.013899689395426377,0.011740668547831104,1.503982500885627,-0.09284349773290046,8282320.0
2024-11-18,150.76852416992188,151.4812982096917,149.1835721787818,150.5809573264577,6075400,149.85882568359375,145.5418701171875,139.9530487060547,150.7500750976715,146.69305014346557,140.259415288706,149.24609259678587,145.19836051321505,138.6811747865668,149.95166918132665,146.62807102872182,140.01804199597953,0.00607036977754527,0.006052019308237678,-0.0023485748254720162,-0.006023219391433798,148.4718048095703,143.2761489868164,139.10133148193358,0.01309173610834551,0.011737074986449143,2.2977260309098995,0.1875668434641682,7943060.0
2024-11-19,149.68063354492188,150.45903524429224,148.88345655729225,150.0370062610196,4657400,150.76852416992188,145.6903839111328,140.07369995117188,151.4812982096917,146.29383823979762,141.5590964931651,149.1835721787818,144.5206324805946,139.71163303893135,150.5809573264577,145.38403157160124,141.11347894715976,-0.007215634901180712,-0.007241793504605709,0.00607036977754527,0.0010204197171970186,149.57435913085936,143.75463790893554,139.52834991455077,0.012942905272672672,0.01197085937999446,1.5755786869999895,-0.3563727160977237,7738160.0
2024-11-20,151.30308532714844,151.40624922440972,149.84941743316898,149.9713423055044,6391300,149.68063354492188,145.2911834716797,140.11085510253906,150.45903524429224,146.62805030180124,140.81641752977163,148.88345655729225,144.73415090382017,139.46099310825525,150.0370062610196,145.8853449332974,140.4172216496862,0.010839423536643578,0.010781098083009187,-0.007215634901180712,-0.002740060316517745,150.36453552246093,144.3346740722656,139.99431518554687,0.010551846199606987,0.011985474024647357,1.5568317912407394,1.33174302164403,7251620.0
2024-11-21,151.58447265625,152.54106791753654,151.26559325872063,151.9502330350793,7945200,151.30308532714844,144.16786193847656,139.70236206054688,151.40624922440972,146.1917340263375,140.18512274108213,149.84941743316898,144.01003932523747,138.59758962140302,149.9713423055044,146.0339114130984,139.5909611980882,0.001859759359785329,0.0018580321484805461,0.010839423536643578,-0.0077315189150626296,150.63910827636718,144.9301727294922,140.44121398925782,0.007043342951000302,0.011955729260898308,1.2754746588159094,-0.36576037882929313,6818420.0
2024-11-22,152.26910400390625,152.5035661611979,151.13430086602352,151.4719269449409,7005900,151.58447265625,147.35220336914062,139.67449951171875,152.54106791753654,147.6307196894153,140.6028777260418,151.26559325872063,143.46229606624956,138.6811421886753,151.9502330350793,144.8920065662262,140.30580406374065,0.0045165005073362074,0.004506331725628734,0.001859759359785329,0.02208773431087563,151.12116394042968,145.5431915283203,140.8758108520508,0.006682321674377945,0.011948572070629979,1.3692652951743867,0.7971770589653602,6415040.0
2024-11-25,150.3933868408203,153.0287388503168,149.8963282779831,152.0721293682537,10702400,152.26910400390625,150.21160888671875,140.00872802734375,152.5035661611979,150.2394591019093,141.22490132398727,151.13430086602352,148.24343729570768,139.68380412452132,151.4719269449409,148.39198122067612,140.54718913691275,-0.012318435675813921,-0.012394936500746922,0.0045165005073362074,0.019405244388608578,151.04613647460937,146.07495880126953,141.24541320800782,0.009274762059281369,0.012451105099329047,3.1324105723337254,-1.6787425274333998,7340440.0
2024-11-26,152.42852783203125,152.81304918249245,151.3687543623716,152.22220000058542,7369500,150.3933868408203,149.85882568359375,139.75804138183594,153.0287388503168,150.7500750976715,139.90658528662956,149.8963282779831,149.24609259678587,137.5485110032183,152.0721293682537,149.95166918132665,137.6320616374423,0.013532117561558588,0.01344137615774263,-0.012318435675813921,-0.0023485748254720162,151.59571533203126,146.80224838256837,141.6312091064453,0.010103023638000756,0.011943662170839775,1.4442948201208594,0.206327831445833,7882860.0
2024-11-27,152.03460693359375,154.4448699156365,151.56568272669358,152.64420267839154,7674500,152.42852783203125,150.76852416992188,137.8827362060547,152.81304918249245,151.4812982096917,139.64664914495734,151.3687543623716,149.1835721787818,137.27928186785206,152.22220000058542,150.5809573264577,139.29386089080586,-0.002584299041919369,-0.002587644107030287,0.013532117561558588,0.00607036977754527,151.7420196533203,147.53165740966796,141.99891448974608,0.009491928869521684,0.011923239056293852,2.8791871889429217,-0.6095957447977867,8139500.0
2024-11-29,151.8657989501953,152.63484158015967,150.67474167271234,152.16591733567375,5077000,152.03460693359375,149.68063354492188,137.44642639160156,154.4448699156365,150.45903524429224,138.93182334758856,151.56568272669358,148.88345655729225,137.08435937844962,152.64420267839154,150.0370062610196,138.40265502033435,-0.0011103260422291594,-0.0011109429108483216,-0.002584299041919369,-0.007215634901180712,151.79828491210938,148.21688385009764,142.34411895751953,0.009517662091846941,0.012004317908091271,1.9600999074473293,-0.3001183854784415,7565860.0
2024-12-02,152.12841796875,152.8224167296672,150.15893031059284,152.2034332587683,6229600,151.8657989501953,151.30308532714844,138.16127014160156,152.63484158015967,151.40624922440972,138.8575538904691,150.67474167271234,149.84941743316898,137.29787092672268,152.16591733567375,149.9713423055044,138.1055555423117,0.0017292834882514097,0.0017277899990895804,-0.0011103260422291594,0.010839423536643578,151.77014770507813,148.71796188354492,142.6817642211914,0.00929584465737122,0.010631110866011134,2.66348641907436,-0.07501529001831386,7410600.0
2024-12-03,151.8564453125,153.05689038924436,151.35938669371217,152.85056255007572,5900100,152.12841796875,151.58447265625,142.1068572998047,152.8224167296672,152.54106791753654,144.76200534179293,150.15893031059284,151.26559325872063,140.83496953811024,152.2034332587683,151.9502330350793,141.55910339791194,-0.001787783373293661,-0.001789383365232271,0.0017292834882514097,0.001859759359785329,152.06275939941406,149.16366271972657,142.97943481445313,0.006672527308041253,0.010677645656964838,1.6975036955321912,-0.9941172375757219,6450140.0
2024-12-04,148.48019409179688,151.78141079071148,148.048777448298,151.77203745666526,7862700,151.8564453125,152.26910400390625,142.9424285888672,153.05689038924436,152.5035661611979,143.360196050901,151.35938669371217,151.13430086602352,141.68911203683504,152.85056255007572,151.4719269449409,143.360196050901,-0.022233176957061396,-0.022484059620906098,-0.001787783373293661,0.0045165005073362074,151.2730926513672,149.46654739379883,143.21125091552733,0.009661192942310964,0.012019026364626288,3.7326333424134646,-3.2918433648683845,6548780.0
2024-12-05,149.4274139404297,150.68412758606786,148.82719142979403,149.38989198389615,6358400,148.48019409179688,150.3933868408203,142.42250061035156,151.78141079071148,153.0287388503168,143.59225202248325,148.048777448298,149.8963282779831,141.62409480545716,151.77203745666526,152.0721293682537,143.4622796433575,0.0063794356845141564,0.006359173214446821,-0.022233176957061396,-0.012318435675813921,150.75165405273438,149.61672744750976,143.52662658691406,0.011005421540484301,0.010427704970650995,1.8569361562738322,0.037521956533538514,6285560.0
2024-12-06,145.5915985107422,148.95847101129888,145.52594225024356,148.8834414180569,9701700,149.4274139404297,152.42852783203125,146.42381286621094,150.68412758606786,152.81304918249245,147.25006890902296,148.82719142979403,151.3687543623716,144.93840205925733,149.38989198389615,152.22220000058542,145.8482229073319,-0.02567009177590851,-0.02600531788138404,0.0063794356845141564,0.013532117561558588,149.49681396484374,149.6192138671875,143.80204956054686,0.014614491757965361,0.011945751800463094,3.4325287610553232,-3.2918429073147024,7210500.0
2024-12-09,147.31724548339844,150.1307910098718,147.0734100228598,147.24221588544057,9404500,145.5915985107422,152.03460693359375,145.5418701171875,148.95847101129888,154.4448699156365,146.69305014346557,145.52594225024356,151.56568272669358,145.19836051321505,148.8834414180569,152.64420267839154,146.62807102872182,0.011852654894292769,0.011782962334325426,-0.02567009177590851,-0.002584299041919369,148.53457946777343,149.70055694580077,144.04699920654298,0.016879820158966954,0.012232515217820374,3.05738098701201,0.07502959795786524,7845480.0
2024-12-10,147.24221801757812,149.6056003009598,146.96086059877007,149.17418368406308,9126200,147.31724548339844,151.8657989501953,145.6903839111328,150.1307910098718,152.63484158015967,146.29383823979762,147.0734100228598,150.67474167271234,144.5206324805946,147.24221588544057,152.16591733567375,145.38403157160124,-0.000509291804731471,-0.0005094215378525345,0.011852654894292769,-0.0011103260422291594,147.61173400878906,149.7981086730957,144.2573977661133,0.016974522245398128,0.01221035159617918,2.6447397021897245,-1.931965666484956,8490700.0
2024-12-11,146.50131225585938,147.40163875146584,146.11679095794562,147.11090802245891,13764700,147.24221801757812,152.12841796875,145.2911834716797,149.6056003009598,152.8224167296672,146.62805030180124,146.96086059877007,150.15893031059284,144.73415090382017,149.17418368406308,152.2034332587683,145.8853449332974,-0.005031884005104459,-0.005044586563207105,-0.000509291804731471,0.0017292834882514097,147.21595764160156,149.91478118896484,144.40785919189454,0.014422410227726739,0.012126427273699307,1.284847793520214,-0.60959576659954,9671100.0
2024-12-12,145.0945587158203,146.80143567361276,144.68190305491146,146.18245218224948,7621500,146.50131225585938,151.8564453125,144.16786193847656,147.40163875146584,153.05689038924436,146.1917340263375,146.11679095794562,151.35938669371217,144.01003932523747,147.11090802245891,152.85056255007572,146.0339114130984,-0.00960232723091392,-0.009648726843453392,-0.005031884005104459,-0.001787783373293661,146.3493865966797,149.80189895629883,144.5069760131836,0.013688277417394003,0.011247031527266844,2.1195326187012995,-1.0878934664291648,9923720.0
2024-12-13,144.3067626953125,145.32902856785898,143.5564952470607,145.2446113160615,5816200,145.0945587158203,148.48019409179688,147.35220336914062,146.80143567361276,151.78141079071148,147.6307196894153,144.68190305491146,148.048777448298,143.46229606624956,146.18245218224948,151.77203745666526,144.8920065662262,-0.005429535245706774,-0.005444328744379342,-0.00960232723091392,-0.022233176957061396,146.09241943359376,149.50665664672852,144.58476654052734,0.008254395598089995,0.010234523985763914,1.7725333207982885,-0.9378486207490084,9146620.0
2024-12-16,140.07704162597656,144.3254938553562,139.97387772659164,144.3254938553562,11961200,144.3067626953125,149.4274139404297,150.21160888671875,145.32902856785898,150.68412758606786,150.2394591019093,143.5564952470607,148.82719142979403,148.24343729570768,145.2446113160615,149.38989198389615,148.39198122067612,-0.02931062266476392,-0.029748761627392997,-0.005429535245706774,0.0063794356845141564,144.64437866210938,149.01756744384767,144.58743225097658,0.011277194365555191,0.011925414444599927,4.351616128764562,-4.248452229379637,9657960.0
2024-12-17,138.90475463867188,139.41118657849842,137.7793391976089,138.80159072179913,11909300,140.07704162597656,145.5915985107422,149.85882568359375,144.3254938553562,148.95847101129888,150.7500750976715,139.97387772659164,145.52594225024356,149.24609259678587,144.3254938553562,148.8834414180569,149.95166918132665,-0.008368873112232333,-0.00840408874523177,-0.02931062266476392,-0.02567009177590851,142.9768859863281,148.42437896728515,144.55959686279297,0.01011556511928158,0.011764185802356717,1.6318473808895249,0.10316391687274518,10214580.0
2024-12-18,135.12522888183594,139.42995054925737,135.0314382970539,138.57650488321676,10174500,138.90475463867188,147.31724548339844,150.76852416992188,139.41118657849842,150.1307910098718,151.4812982096917,137.7793391976089,147.0734100228598,149.1835721787818,138.80159072179913,147.24221588544057,150.5809573264577,-0.027209477218166356,-0.027586510023864388,-0.008368873112232333,0.011852654894292769,140.70166931152343,147.69660873413085,144.50017608642577,0.011332727401017576,0.012849229332240442,4.39851225220346,-3.451276001380819,9496540.0
2024-12-19,132.3773193359375,135.76295323082738,132.18975248486782,135.58477402409292,16544300,135.12522888183594,147.24221801757812,149.68063354492188,139.42995054925737,149.6056003009598,150.45903524429224,135.0314382970539,146.96086059877007,148.88345655729225,138.57650488321676,149.17418368406308,150.0370062610196,-0.02033602139761348,-0.020545645091112973,-0.027209477218166356,-0.000509291804731471,138.15822143554686,146.7503204345703,144.36908630371093,0.010826947389781643,0.012713932330966278,3.5732007459595536,-3.2074546881554227,11281100.0
2024-12-20,133.9716796875,133.9716796875,131.81462502201344,132.06784815368192,32209200,132.3773193359375,146.50131225585938,151.30308532714844,135.76295323082738,147.40163875146584,151.40624922440972,132.18975248486782,146.11679095794562,149.84941743316898,135.58477402409292,147.11090802245891,149.9713423055044,0.01204405980994716,0.011972107279158248,-0.02033602139761348,-0.005031884005104459,136.09120483398436,145.86968078613282,144.2518731689453,0.017007568861813163,0.013261956847462841,2.1570546654865552,1.903831533818078,16559700.0
2024-12-23,134.08421325683594,134.44060029824763,132.74308233971507,133.62466229872263,8156500,133.9716796875,145.0945587158203,151.58447265625,133.9716796875,146.80143567361276,152.54106791753654,131.81462502201344,144.68190305491146,151.26559325872063,132.06784815368192,146.18245218224948,151.9502330350793,0.0008399802823881863,0.0008396276963805009,0.01204405980994716,-0.00960232723091392,134.89263916015625,144.9604362487793,144.12205657958984,0.015806569120020066,0.013132304086546833,1.6975179585325577,0.4595509581133115,15798760.0
2024-12-24,134.900146484375,135.08771335243108,133.41834389899276,134.20614764152396,3556100,134.08421325683594,144.3067626953125,152.26910400390625,134.44060029824763,145.32902856785898,152.5035661611979,132.74308233971507,143.5564952470607,151.13430086602352,133.62466229872263,145.2446113160615,151.4719269449409,0.006085229630845124,0.006066789391927521,0.0008399802823881863,-0.005429535245706774,134.0917175292969,144.18577423095704,144.00187408447266,0.017127348076002444,0.013328476381869975,1.6693694534383212,0.6939988428510446,14128120.0
2024-12-26,135.0314178466797,135.34090955706728,134.01853978825625,134.74068711249396,4492600,134.900146484375,140.07704162597656,150.3933868408203,135.08771335243108,144.3254938553562,153.0287388503168,133.41834389899276,139.97387772659164,149.8963282779831,134.20614764152396,144.3254938553562,152.0721293682537,0.0009731002206130324,0.0009726270655200257,0.006085229630845124,-0.02931062266476392,134.0729553222656,143.31591873168946,143.95951599121094,0.012219499388995542,0.012672449642272002,1.3223697688110292,0.29073073418572903,12991740.0
2024-12-27,135.05020141601562,136.65392885442188,134.47811318482206,135.32217121949844,5296500,135.0314178466797,138.90475463867188,152.42852783203125,135.34090955706728,139.41118657849842,152.81304918249245,134.01853978825625,137.7793391976089,151.3687543623716,134.74068711249396,138.80159072179913,152.22220000058542,0.0001391051774133345,0.0001390955031852893,0.0009731002206130324,-0.008368873112232333,134.60753173828124,142.46669845581056,143.89896606445313,0.005077108156262021,0.012725199361891657,2.175815669599814,-0.2719698034828184,10742180.0
2024-12-30,134.17799377441406,135.0314250462725,133.50274169946206,134.8532315389334,6194800,135.05020141601562,135.12522888183594,152.03460693359375,136.65392885442188,139.42995054925737,154.4448699156365,134.47811318482206,135.0314382970539,151.56568272669358,135.32217121949844,138.57650488321676,152.64420267839154,-0.006458395711049447,-0.00647934138095081,0.0001391051774133345,-0.027209477218166356,134.64879455566407,141.5823081970215,143.77511016845702,0.004469733644346339,0.012676949605647901,1.5286833468104248,-0.6752377645193235,5539300.0
2024-12-31,135.83798217773438,136.3069064583621,134.41246266813812,134.6000295183025,6137800,134.17799377441406,132.3773193359375,151.8657989501953,135.0314250462725,135.76295323082738,152.63484158015967,133.50274169946206,132.18975248486782,150.67474167271234,134.8532315389334,135.58477402409292,152.16591733567375,0.012371539897303663,0.012295637773845562,-0.006458395711049447,-0.02033602139761348,134.99954833984376,140.7677864074707,143.69280883789062,0.007042455379158156,0.01323379188635549,1.8944437902239883,1.237952659431869,5135560.0
2025-01-02,137.59176635742188,138.86724095126058,136.4382023433598,136.4382023433598,7170300,135.83798217773438,133.9716796875,152.12841796875,136.3069064583621,133.9716796875,152.8224167296672,134.41246266813812,131.81462502201344,150.15893031059284,134.6000295183025,132.06784815368192,152.2034332587683,0.012910852705341203,0.012828218141655032,0.012371539897303663,0.01204405980994716,135.53787231445312,140.0545524597168,143.64317016601564,0.008410288849280217,0.013848358585967816,2.429038607900793,1.1535640140620842,5858400.0
2025-01-03,138.66090393066406,139.27049972041894,138.14508440294645,138.37015888018163,5809000,137.59176635742188,134.08421325683594,151.8564453125,138.86724095126058,134.44060029824763,153.05689038924436,136.4382023433598,132.74308233971507,151.35938669371217,136.4382023433598,133.62466229872263,152.85056255007572,0.00777036011344534,0.007740326347090451,0.012910852705341203,0.0008399802823881863,136.26376953125,139.56358795166017,143.61417114257813,0.00835042272374545,0.01348399201699637,1.1254153174724877,0.29074505048242827,6121680.0
2025-01-06,138.10755920410156,140.98676084814946,137.74179887675797,139.1767058771391,5888700,138.66090393066406,134.900146484375,148.48019409179688,139.27049972041894,135.08771335243108,151.78141079071148,138.14508440294645,133.41834389899276,148.048777448298,138.37015888018163,134.20614764152396,151.77203745666526,-0.003990632621572954,-0.00399861644334481,0.00777036011344534,0.006085229630845124,136.8752410888672,138.99759521484376,143.58227508544923,0.009159339031588765,0.01328903470207545,3.24496197139149,-1.069146673037551,6240120.0
2025-01-07,140.2927703857422,141.14621605686932,138.45459512070516,139.27989216788265,7736000,138.10755920410156,135.0314178466797,149.4274139404297,140.98676084814946,135.34090955706728,150.68412758606786,137.74179887675797,134.01853978825625,148.82719142979403,139.1767058771391,134.74068711249396,149.38989198389615,0.015822531324380495,0.015698660005702636,-0.003990632621572954,0.0009731002206130324,138.09819641113282,138.73265380859374,143.59464050292968,0.0078018406952206805,0.012936873636260924,2.6916209361641563,1.0128782178595372,6548360.0
2025-01-08,140.95864868164062,141.78394572580297,138.8297283339979,138.83910166832413,7640900,140.2927703857422,135.05020141601562,145.5915985107422,141.14621605686932,136.65392885442188,148.95847101129888,138.45459512070516,134.47811318482206,145.52594225024356,139.27989216788265,135.32217121949844,148.8834414180569,0.004746347898523684,0.004735119504562115,0.015822531324380495,0.0001391051774133345,139.12232971191406,138.41472396850585,143.61363891601562,0.007717198572360326,0.012637091647123492,2.9542173918050594,2.1195470133164918,6848980.0
2025-01-10,143.62213134765625,144.74754678453837,141.49321105851877,143.87535447184567,11074700,140.95864868164062,134.17799377441406,147.31724548339844,141.78394572580297,135.0314250462725,150.1307910098718,138.8297283339979,133.50274169946206,147.0734100228598,138.83910166832413,134.8532315389334,147.24221588544057,0.018895489499414664,0.018719187154870694,0.004746347898523684,-0.006458395711049447,140.32840270996093,138.23371963500978,143.69092071533203,0.009113357131758166,0.013484365413107048,3.2543357260196046,-0.25322312418941806,7629860.0
2025-01-13,145.6947784423828,147.57047554850718,144.42867717157557,144.5224677510551,11774100,143.62213134765625,135.83798217773438,147.24221801757812,144.74754678453837,136.3069064583621,149.6056003009598,141.49321105851877,134.41246266813812,146.96086059877007,143.87535447184567,134.6000295183025,149.17418368406308,0.014431251474116058,0.014328112067475371,0.018895489499414664,0.012371539897303663,141.73517761230468,138.19339294433593,143.8471615600586,0.009434040096473053,0.013886325471362355,3.141798376931604,1.1723106913277093,8822880.0
2025-01-14,147.1484375,147.15782514454276,144.86009896966823,145.56348540955435,6830200,145.6947784423828,137.59176635742188,146.50131225585938,147.57047554850718,138.86724095126058,147.40163875146584,144.42867717157557,136.4382023433598,146.11679095794562,144.5224677510551,136.4382023433598,147.11090802245891,0.009977427284342033,0.009927981379996738,0.014431251474116058,0.012910852705341203,143.54335327148436,138.29608688354492,144.04120178222655,0.005517623463379057,0.013877555307593152,2.2977261748745264,1.584952090445654,9011180.0
2025-01-15,148.48956298828125,148.8271890394933,146.66076117356306,147.12968544966688,7900000,147.1484375,138.66090393066406,145.0945587158203,147.15782514454276,139.27049972041894,146.80143567361276,144.86009896966823,138.14508440294645,144.68190305491146,145.56348540955435,138.37015888018163,146.18245218224948,0.009114099415980847,0.00907281665907377,0.009977427284342033,0.00777036011344534,145.18271179199218,138.50522689819337,144.24776763916014,0.005405681492112849,0.013915204840345086,2.1664278659302454,1.35987753861437,9043980.0
2025-01-16,149.4743194580078,149.96199044284305,148.20821808139206,148.20821808139206,5578900,148.48956298828125,138.10755920410156,144.3067626953125,148.8271890394933,140.98676084814946,145.32902856785898,146.66076117356306,137.74179887675797,143.5564952470607,147.12968544966688,139.1767058771391,145.2446113160615,0.006631822802281917,0.006609929009305076,0.009114099415980847,-0.003990632621572954,146.88584594726564,138.97509078979493,144.39511688232423,0.004860937217844662,0.011898398529313249,1.7537723614509844,1.266101376615751,8631580.0
2025-01-17,151.4344024658203,151.71575988538686,148.93034862150023,149.23984035198018,9260400,149.4743194580078,140.2927703857422,140.07704162597656,149.96199044284305,141.14621605686932,144.3254938553562,148.20821808139206,138.45459512070516,139.97387772659164,148.20821808139206,139.27989216788265,144.3254938553562,0.013113175660673715,0.013027942284283523,0.006631822802281917,0.015822531324380495,148.44830017089845,139.60157318115233,144.5649563598633,0.0031353678611205854,0.011756499646243248,2.7854112638866297,2.194562113840135,8268720.0
2025-01-21,148.40516662597656,151.36875730628125,147.70178018066775,151.13429515784495,10131400,151.4344024658203,140.95864868164062,138.90475463867188,151.71575988538686,141.78394572580297,139.41118657849842,148.93034862150023,138.8297283339979,137.7793391976089,149.23984035198018,138.83910166832413,138.80159072179913,-0.020003617345321967,-0.020206398493027713,0.013113175660673715,0.004746347898523684,148.9903778076172,140.26557006835938,144.68460968017578,0.013488526017410329,0.010809265054166978,3.6669771256134993,-2.7291285318683833,7940180.0
2025-01-22,146.6888885498047,148.5927198759378,146.55759033112076,147.8799458512829,7232200,148.40516662597656,143.62213134765625,135.12522888183594,151.36875730628125,144.74754678453837,139.42995054925737,147.70178018066775,141.49321105851877,135.0314382970539,151.13429515784495,143.87535447184567,138.57650488321676,-0.011564813511495742,-0.011632206059295316,-0.020003617345321967,0.018895489499414664,148.89846801757812,140.98114852905275,144.68991119384765,0.014417218691287903,0.009875311634052052,2.035129544817039,-1.1910573014782244,8020580.0
2025-01-23,146.31375122070312,148.12380641418838,145.94799084840372,147.83307564523676,5979800,146.6888885498047,145.6947784423828,132.3773193359375,148.5927198759378,147.57047554850718,135.76295323082738,146.55759033112076,144.42867717157557,132.18975248486782,147.8799458512829,144.5224677510551,135.58477402409292,-0.0025573670426590756,-0.002560642691637477,-0.011564813511495742,0.014431251474116058,148.4633056640625,141.5982521057129,144.70534881591797,0.013369786046778187,0.009881851296461928,2.17581556578466,-1.519324424533636,7636540.0
2025-01-24,145.9761199951172,147.68301121240074,145.61974727986842,146.73578933571795,8003800,146.31375122070312,147.1484375,133.9716796875,148.12380641418838,147.15782514454276,133.9716796875,145.94799084840372,144.86009896966823,131.81462502201344,147.83307564523676,145.56348540955435,132.06784815368192,-0.0023075836875827704,-0.0023102502618390316,-0.0025573670426590756,0.009977427284342033,147.76366577148437,142.19284744262694,144.71106353759765,0.012338391934706396,0.009967272632849404,2.0632639325323225,-0.759669340600766,8121520.0
2025-01-27,147.45791625976562,148.07689970683708,145.85420333195523,146.61385833043727,7141000,145.9761199951172,148.48956298828125,134.08421325683594,147.68301121240074,148.8271890394933,134.44060029824763,145.61974727986842,146.66076117356306,132.74308233971507,146.73578933571795,147.12968544966688,133.62466229872263,0.010150949790266983,0.010099774923734782,-0.0023075836875827704,0.009114099415980847,146.96836853027344,142.82073593139648,144.75439819335938,0.01129870816215005,0.010046637011655363,2.222696374881849,0.8440579293283577,7697640.0
2025-01-28,146.50131225585938,149.04287353431403,145.53531518950018,147.90808492687214,6425400,147.45791625976562,149.4743194580078,134.900146484375,148.07689970683708,149.96199044284305,135.08771335243108,145.85420333195523,148.20821808139206,133.41834389899276,146.61385833043727,148.20821808139206,134.20614764152396,-0.0064873017886748485,-0.006508435782237245,0.010150949790266983,0.006631822802281917,146.58759765625,143.39423065185548,144.80106719970703,0.008033400612322479,0.010319592670622693,3.5075583448138445,-1.4067726710127602,6956440.0
2025-01-29,146.01364135742188,146.84832598489086,145.18833006358898,146.0417756687632,5630600,146.50131225585938,151.4344024658203,135.0314178466797,149.04287353431403,151.71575988538686,135.34090955706728,145.53531518950018,148.93034862150023,134.01853978825625,147.90808492687214,149.23984035198018,134.74068711249396,-0.003328781776273826,-0.0033343344962839705,-0.0064873017886748485,0.013113175660673715,146.45254821777343,143.9424026489258,144.77429595947265,0.0064025071221682885,0.010418928203979924,1.659995921301885,-0.028134311341318607,6636120.0
2025-01-30,146.6044921875,147.66425131777885,145.85421048550296,146.82956668079586,6931900,146.01364135742188,148.40516662597656,135.05020141601562,146.84832598489086,151.36875730628125,136.65392885442188,145.18833006358898,147.70178018066775,134.47811318482206,146.0417756687632,151.13429515784495,135.32217121949844,0.004046545408944446,0.0040383801640154725,-0.003328781776273826,-0.020003617345321967,146.5106964111328,144.56372756958007,144.70215362548828,0.006652949984918286,0.010126657952457613,1.810040832275888,-0.22507449329586393,6826540.0
2025-01-31,139.91761779785156,144.7756660822216,139.4111716019972,144.2035779338274,16726800,146.6044921875,146.6888885498047,134.17799377441406,147.66425131777885,148.5927198759378,135.0314250462725,145.85421048550296,146.55759033112076,133.50274169946206,146.82956668079586,147.8799458512829,134.8532315389334,-0.04561166093803082,-0.04668462635566933,0.004046545408944446,-0.011564813511495742,145.2989959716797,144.76770935058593,144.50332946777343,0.021869036935804335,0.014917413727310917,5.36449448022438,-4.2859601359758415,8571140.0
2025-02-03,140.05828857421875,141.48382227079594,138.61400821155192,139.7394235255099,7605000,139.91761779785156,146.31375122070312,135.83798217773438,144.7756660822216,148.12380641418838,136.3069064583621,139.4111716019972,145.94799084840372,134.41246266813812,144.2035779338274,147.83307564523676,134.6000295183025,0.0010053828715868018,0.0010048778127175729,-0.04561166093803082,-0.0025573670426590756,143.8190704345703,144.8910354614258,144.28912475585938,0.02026962159604153,0.01467740794342093,2.869814059244021,0.318865048708858,8663940.0
2025-02-04,143.69715881347656,143.85659135287295,139.47684025513635,139.47684025513635,8458100,140.05828857421875,145.9761199951172,137.59176635742188,141.48382227079594,147.68301121240074,138.86724095126058,138.61400821155192,145.61974727986842,136.4382023433598,139.7394235255099,146.73578933571795,136.4382023433598,0.025981113122980348,0.025649338316941266,0.0010053828715868018,-0.0023075836875827704,143.25823974609375,145.1428482055664,144.16945526123047,0.026075721278964792,0.015652480878787747,4.379751097736602,4.22031855834021,9070480.0
2025-02-05,143.48146057128906,144.24111563758947,142.8249551116101,143.48146057128906,6533700,143.69715881347656,147.45791625976562,138.66090393066406,143.85659135287295,148.07689970683708,139.27049972041894,139.47684025513635,145.85420333195523,138.14508440294645,139.47684025513635,146.61385833043727,138.37015888018163,-0.001501061287283223,-0.0015021890084376361,0.025981113122980348,0.010150949790266983,142.75180358886718,145.4115432739258,144.0130227661133,0.02609295467660814,0.015612991781742847,1.4161605259793646,0.0,9251100.0
2025-02-06,142.4591827392578,145.61035430072798,141.6713934264984,144.63499814832576,6420500,143.48146057128906,146.50131225585938,138.10755920410156,144.24111563758947,149.04287353431403,140.98676084814946,142.8249551116101,145.53531518950018,137.74179887675797,143.48146057128906,147.90808492687214,139.1767058771391,-0.007124807818103651,-0.007150310467841048,-0.001501061287283223,-0.0064873017886748485,141.92274169921876,145.51986389160157,143.83051696777343,0.02579217394598725,0.015387429298546862,3.938960874229565,-2.175815409067951,9148820.0
2025-02-07,143.13442993164062,144.25047190855955,142.4779388600507,143.00313171732265,4724900,142.4591827392578,146.01364135742188,140.2927703857422,145.61035430072798,146.84832598489086,141.14621605686932,141.6713934264984,145.18833006358898,138.45459512070516,144.63499814832576,146.0417756687632,139.27989216788265,0.004739934480873176,0.004728736363052996,-0.007124807818103651,-0.003328781776273826,142.56610412597655,145.62865295410157,143.64782348632812,0.012696307504756458,0.01538734455775897,1.7725330485088477,0.1312982143179795,6748440.0
2025-02-10,146.08865356445312,146.11678787244475,144.48492645677405,144.7006275881869,5653800,143.13442993164062,146.6044921875,140.95864868164062,144.25047190855955,147.66425131777885,141.78394572580297,142.4779388600507,145.85421048550296,138.8297283339979,143.00313171732265,146.82956668079586,138.83910166832413,0.020639503955990124,0.020429395498682428,0.004739934480873176,0.004046545408944446,143.77217712402344,145.7519790649414,143.5617288208008,0.014241135805105777,0.015499346504588354,1.6318614156706985,1.3880259762662206,6358200.0
2025-02-11,147.6548614501953,148.84593298210262,146.41689463395812,146.63261007978926,6011800,146.08865356445312,139.91761779785156,143.62213134765625,146.11678787244475,144.7756660822216,144.74754678453837,144.48492645677405,139.4111716019972,141.49321105851877,144.7006275881869,144.2035779338274,143.87535447184567,0.010720941342998946,0.010663879526651756,0.020639503955990124,-0.04561166093803082,144.5637176513672,145.84998321533203,143.46625549316406,0.010787040949503527,0.015351207128356081,2.429038348144502,1.0222513704060532,5868940.0
2025-02-12,145.27273559570312,147.68301325355606,144.96325816541406,147.00776114842242,6693500,147.6548614501953,140.05828857421875,145.6947784423828,148.84593298210262,141.48382227079594,147.57047554850718,146.41689463395812,138.61400821155192,144.42867717157557,146.63261007978926,139.7394235255099,144.5224677510551,-0.016133067554268687,-0.016264622328792232,0.010720941342998946,0.0010053828715868018,144.92197265625,145.75619812011718,143.33101806640624,0.014503856874781383,0.015635639873969022,2.7197550881419943,-1.7350255527192928,5900900.0
2025-02-13,146.19183349609375,146.69826540591237,143.7909435479718,145.1601943884947,7836400,145.27273559570312,143.69715881347656,147.1484375,147.68301325355606,143.85659135287295,147.15782514454276,144.96325816541406,139.47684025513635,144.86009896966823,147.00776114842242,139.47684025513635,145.56348540955435,0.00632670608577568,0.00630677649576422,-0.016133067554268687,0.025981113122980348,145.6685028076172,145.6413116455078,143.2175387573242,0.013466835973299453,0.015557437104515043,2.907321857940559,1.0316391075990623,6184080.0
2025-02-14,147.30126953125,149.30207921287536,146.8650822845402,147.05472954263828,5828800,146.19183349609375,143.48146057128906,148.48956298828125,146.69826540591237,144.24111563758947,148.8271890394933,143.7909435479718,142.8249551116101,146.66076117356306,145.1601943884947,143.48146057128906,147.12968544966688,0.007588905677045954,0.00756025479362623,0.00632670608577568,-0.001501061287283223,146.50187072753906,145.53265914916992,143.12099578857422,0.013499625062603797,0.015582509129711493,2.4369969283351622,0.24653998861171544,6404860.0
2025-02-18,148.07887268066406,149.1693554918038,146.77028173196732,147.3012999519714,5981500,147.30126953125,142.4591827392578,149.4743194580078,149.30207921287536,145.61035430072798,149.96199044284305,146.8650822845402,141.6713934264984,148.20821808139206,147.05472954263828,144.63499814832576,148.20821808139206,0.005278998286223802,0.005265113219496417,0.007588905677045954,-0.007124807818103651,146.89991455078126,145.3648826599121,143.0454443359375,0.010755342881793388,0.015315419659958144,2.399073759836483,0.777572728692661,6470400.0
2025-02-19,149.09347534179688,150.16500341983402,147.92713086137,148.42022534893923,4945800,148.07887268066406,143.13442993164062,151.4344024658203,149.1693554918038,144.25047190855955,151.71575988538686,146.77028173196732,142.4779388600507,148.93034862150023,147.3012999519714,143.00313171732265,149.23984035198018,0.0068517719156386825,0.006828405201322385,0.005278998286223802,0.004739934480873176,147.18763732910156,145.39929809570313,143.0577099609375,0.010161870014316326,0.014728258984742941,2.2378725584640335,0.6732499928576487,6257200.0
2025-02-20,150.57273864746094,150.72446224854465,148.9417605778674,149.34950147797605,6256200,149.09347534179688,146.08865356445312,148.40516662597656,150.16500341983402,146.11678787244475,151.36875730628125,147.92713086137,144.48492645677405,147.70178018066775,148.42022534893923,144.7006275881869,151.13429515784495,0.009921717246665906,0.009872820172724494,0.0068517719156386825,0.020639503955990124,148.2476379394531,145.59349060058594,143.08061645507811,0.0017416186083700318,0.01459757718819841,1.7827016706772554,1.2232371694848894,6169740.0
2025-02-21,148.7995147705078,150.72446274953396,148.70469837138455,149.94690461242362,6689800,150.57273864746094,147.6548614501953,146.6888885498047,150.72446224854465,148.84593298210262,148.5927198759378,148.9417605778674,146.41689463395812,146.55759033112076,149.34950147797605,146.63261007978926,147.8799458512829,-0.011776526699861734,-0.011846419260069402,0.009921717246665906,0.010720941342998946,148.76917419433593,145.71777877807617,143.14477478027345,0.008742174420855498,0.014872425116891618,2.0197643781494037,-1.1473898419158104,5940420.0
2025-02-24,149.7193145751953,150.13654723206665,148.6383092683735,148.96071105989822,5925000,148.7995147705078,145.27273559570312,146.31375122070312,150.72446274953396,147.68301325355606,148.12380641418838,148.70469837138455,144.96325816541406,145.94799084840372,149.94690461242362,147.00776114842242,147.83307564523676,0.0061814704577907165,0.006162443538581874,-0.011776526699861734,-0.016133067554268687,149.252783203125,145.9049385070801,143.19281616210938,0.008602075682106252,0.014895708196896016,1.4982379636931569,0.7586035152970965,5959660.0
2025-02-25,148.32537841796875,150.76238975516347,147.41506581395834,149.81413901897713,6810900,149.7193145751953,146.19183349609375,145.9761199951172,150.13654723206665,146.69826540591237,147.68301121240074,148.6383092683735,143.7909435479718,145.61974727986842,148.96071105989822,145.1601943884947,146.73578933571795,-0.009310329540190843,-0.009353941564212072,0.0061814704577907165,0.00632670608577568,149.30208435058594,145.94831161499025,143.21447937011717,0.010102829847857986,0.014927765152124907,3.3473239412051328,-1.48876060100838,6125540.0
2025-02-26,147.11163330078125,148.58142498224558,146.4099224771432,148.51504047889793,6005200,148.32537841796875,147.30126953125,147.45791625976562,150.76238975516347,149.30207921287536,148.07689970683708,147.41506581395834,146.8650822845402,145.85420333195523,149.81413901897713,147.05472954263828,146.61385833043727,-0.008182990194484874,-0.00821665463505478,-0.009310329540190843,0.007588905677045954,148.9057159423828,145.97882766723632,143.22668579101563,0.009928607851846648,0.014973689040421055,2.1715025051023815,-1.4034071781166801,6337420.0
2025-02-27,148.5624542236328,150.09861592180394,146.79870711977884,147.63317247145662,7517200,147.11163330078125,148.07887268066406,146.50131225585938,148.58142498224558,149.1693554918038,149.04287353431403,146.4099224771432,146.77028173196732,145.53531518950018,148.51504047889793,147.3012999519714,147.90808492687214,0.009862040752992351,0.009813728209582833,-0.008182990194484874,0.005278998286223802,148.5036590576172,146.10626831054688,143.29604370117187,0.009909760112214568,0.015094730172160424,3.299908802025101,0.9292817521761947,6589620.0
2025-02-28,150.4115447998047,150.45896023601145,146.9030195578986,148.59090490891006,8828500,148.5624542236328,149.09347534179688,146.01364135742188,150.09861592180394,150.16500341983402,146.84832598489086,146.79870711977884,147.92713086137,145.18833006358898,147.63317247145662,148.42022534893923,146.0417756687632,0.01244655377992343,0.012369732215107548,0.009862040752992351,0.0068517719156386825,148.82606506347656,146.2966209411621,143.4181393432617,0.010245059898013583,0.015300149629068335,3.5559406781128473,1.8206398908946255,7017360.0
2025-03-03,145.167724609375,151.8054808088251,143.90654919518028,151.20809258990354,9059800,150.4115447998047,150.57273864746094,146.6044921875,150.45896023601145,150.72446224854465,147.66425131777885,146.9030195578986,148.9417605778674,145.85421048550296,148.59090490891006,149.34950147797605,146.82956668079586,-0.03486314961666759,-0.035485373829048976,0.01244655377992343,0.009921717246665906,147.9157470703125,146.5591262817383,143.5199530029297,0.01897817403264591,0.01366332542382635,7.898931613644834,-6.0403679805285435,7644320.0
2025-03-04,144.13412475585938,146.17285823283447,142.28503854920487,143.38501297388729,8826300,145.167724609375,148.7995147705078,139.91761779785156,151.8054808088251,150.72446274953396,144.7756660822216,143.90654919518028,148.70469837138455,139.4111716019972,151.20809258990354,149.94690461242362,144.2035779338274,-0.007120038950096497,-0.007145507390281962,-0.03486314961666759,-0.011776526699861734,147.07749633789064,146.7629180908203,143.62454040527345,0.018908087114846955,0.01381233828136585,3.8878196836296013,0.7491117819720898,8047400.0
2025-03-05,143.00570678710938,143.53672494215337,140.09458423386474,142.37985776045343,9288300,144.13412475585938,149.7193145751953,140.05828857421875,146.17285823283447,150.13654723206665,141.48382227079594,142.28503854920487,148.6383092683735,138.61400821155192,143.38501297388729,148.96071105989822,139.7394235255099,-0.007828943844224057,-0.007859750921677369,-0.007120038950096497,0.0061814704577907165,146.25631103515624,146.72834548950195,143.7821499633789,0.01889652181758039,0.012684772243610375,3.4421407082886333,0.625849026655942,8704020.0
2025-03-06,145.03497314453125,145.39531311885733,141.73506404379745,142.72123861937334,7314700,143.00570678710938,148.32537841796875,143.69715881347656,143.53672494215337,150.76238975516347,143.85659135287295,140.09458423386474,147.41506581395834,139.47684025513635,142.37985776045343,149.81413901897713,139.47684025513635,0.014190107534958862,0.014090370372385658,-0.007828943844224057,-0.009310329540190843,145.55081481933593,146.80602111816407,144.03530303955077,0.0198512082649017,0.01307692069632017,3.6602490750598804,2.313734525157912,8663520.0
2025-03-07,148.24954223632812,149.30210131411533,145.75565220830802,145.9832231640498,8562600,145.03497314453125,147.11163330078125,143.48146057128906,145.39531311885733,148.58142498224558,144.24111563758947,141.73506404379745,146.4099224771432,142.8249551116101,142.72123861937334,148.51504047889793,143.48146057128906,0.022164096163161062,0.02192204265296333,0.014190107534958862,-0.008182990194484874,145.11841430664063,147.09553909301758,144.32086029052735,0.022269989105837537,0.013784735099036488,3.546449105807312,2.2663190722783213,8610340.0
2025-03-10,149.41587829589844,152.0709688325346,148.08831855842217,149.0555383791443,11750300,148.24954223632812,148.5624542236328,142.4591827392578,149.30210131411533,150.09861592180394,145.61035430072798,145.75565220830802,146.79870711977884,141.6713934264984,145.9832231640498,147.63317247145662,144.63499814832576,0.00786738388514574,0.007836597387920299,0.022164096163161062,0.009862040752992351,145.96804504394532,147.40961151123048,144.6274935913086,0.01318249101953769,0.013834089229685648,3.982650274112416,0.36033991675412835,9148440.0
2025-03-11,146.1064910888672,150.62015987606415,145.8314902426783,150.23137355926443,10466300,149.41587829589844,150.4115447998047,143.13442993164062,152.0709688325346,150.45896023601145,144.25047190855955,148.08831855842217,146.9030195578986,142.4779388600507,149.0555383791443,148.59090490891006,143.00313171732265,-0.022148832137354524,-0.02239780062743047,0.00786738388514574,0.01244655377992343,146.36251831054688,147.41050338745117,144.85162048339845,0.017788956776295706,0.01414417750579462,4.788669633385837,-4.124882470397239,9476440.0
2025-03-12,144.76947021484375,146.7797575905838,144.34276018290134,145.68927479015753,9710200,146.1064910888672,145.167724609375,146.08865356445312,150.62015987606415,151.8054808088251,146.11678787244475,145.8314902426783,143.90654919518028,144.48492645677405,150.23137355926443,151.20809258990354,144.7006275881869,-0.009151002560250476,-0.009193130187815762,-0.022148832137354524,-0.03486314961666759,146.71527099609375,147.2662338256836,145.04638153076172,0.01799596700068254,0.01405665695896021,2.436997407682469,-0.9198045753137762,9560820.0
2025-03-13,145.66082763671875,146.4383858844334,144.05828123124255,144.38068307860814,9022800,144.76947021484375,144.13412475585938,147.6548614501953,146.7797575905838,146.17285823283447,148.84593298210262,144.34276018290134,142.28503854920487,146.41689463395812,145.68927479015753,143.38501297388729,146.63261007978926,0.006157081465810288,0.006138204086469495,-0.009151002560250476,-0.007120038950096497,146.84044189453124,147.28563842773437,145.2585940551758,0.01703367417082899,0.013662758655886108,2.380104653190841,1.2801445581106066,9902440.0
2025-03-14,148.8943634033203,149.10297976310403,145.0918679565758,146.02116427530723,6671500,145.66082763671875,143.00570678710938,145.27273559570312,146.4383858844334,143.53672494215337,147.68301325355606,144.05828123124255,140.09458423386474,144.96325816541406,144.38068307860814,142.37985776045343,147.00776114842242,0.022199075887898045,0.021956263309271966,0.006157081465810288,-0.007828943844224057,146.9694061279297,147.4207649230957,145.5529214477539,0.01704455475610247,0.014472937522160398,4.01111180652822,2.873199128013084,9524220.0
2025-03-17,150.50637817382812,151.19859725264163,148.64780011541225,149.08400187894125,7615200,148.8943634033203,145.03497314453125,146.19183349609375,149.10297976310403,145.39531311885733,146.69826540591237,145.0918679565758,141.73506404379745,143.7909435479718,146.02116427530723,142.72123861937334,145.1601943884947,0.010826566793137982,0.010768379123925672,0.022199075887898045,0.014190107534958862,147.18750610351563,147.5810203552246,145.84628936767578,0.017391138509828822,0.014568116062686159,2.550797137229381,1.422376294886874,8697200.0
2025-03-18,152.4882049560547,152.75371401577164,150.601195172292,151.47358414981318,9289500,150.50637817382812,148.24954223632812,147.30126953125,151.19859725264163,149.30210131411533,149.30207921287536,148.64780011541225,145.75565220830802,146.8650822845402,149.08400187894125,145.9832231640498,147.05472954263828,0.013167726220463916,0.01308178532228752,0.010826566793137982,0.022164096163161062,148.46384887695314,147.80148696899414,146.14421813964844,0.011530552615631719,0.014790092467732418,2.1525188434796405,1.0146208062415099,8461840.0
2025-03-19,155.56057739257812,156.02521111618768,152.57357810046813,152.6399626147905,11503900,152.4882049560547,149.41587829589844,148.07887268066406,152.75371401577164,152.0709688325346,149.1693554918038,150.601195172292,148.08831855842217,146.77028173196732,151.47358414981318,149.0555383791443,147.3012999519714,0.02014826286012661,0.01994797247827914,0.013167726220463916,0.00786738388514574,150.6220703125,148.1248420715332,146.48221160888673,0.006634229366524121,0.015328908473899389,3.451633015719551,2.9206147777876197,8820580.0
2025-03-20,156.2432861328125,156.75533519105937,154.00541369805163,154.68815542181994,9545900,155.56057739257812,146.1064910888672,149.09347534179688,156.02521111618768,150.62015987606415,150.16500341983402,152.57357810046813,145.8314902426783,147.92713086137,152.6399626147905,150.23137355926443,148.42022534893923,0.004388700220052888,0.004379097959287293,0.02014826286012661,-0.022148832137354524,152.73856201171876,148.4083694458008,146.84492614746094,0.007212138137795541,0.015232553727153961,2.749921493007747,1.5551307109925574,8925200.0
2025-03-21,156.22433471679688,156.35708926313123,154.66920383009716,155.9777946933646,21625500,156.2432861328125,144.76947021484375,150.57273864746094,156.75533519105937,146.7797575905838,150.72446224854465,154.00541369805163,144.34276018290134,148.9417605778674,154.68815542181994,145.68927479015753,149.34950147797605,-0.00012129427436335938,-0.00012130163110874946,0.004388700220052888,-0.009151002560250476,154.20455627441407,148.77961044311525,147.16355743408204,0.007860130085996203,0.014898623139728444,1.6878854330340687,0.24654002343228854,11916000.0
2025-03-24,156.48036193847656,157.81738466280234,155.81658922619428,156.1674374164378,8068000,156.22433471679688,145.66082763671875,148.7995147705078,156.35708926313123,146.4383858844334,150.72446274953396,154.66920383009716,144.05828123124255,148.70469837138455,155.9777946933646,144.38068307860814,149.94690461242362,0.0016388434115837125,0.001637501973124937,-0.00012129427436335938,0.006157081465810288,155.39935302734375,149.1176628112793,147.47399169921874,0.00856775819763721,0.014874852300018029,2.0007954366080583,0.3129245220387702,12006560.0
2025-03-25,157.35275268554688,159.13546896263787,156.56570272213244,157.48550722942642,7869200,156.48036193847656,148.8943634033203,149.7193145751953,157.81738466280234,149.10297976310403,150.13654723206665,155.81658922619428,145.0918679565758,148.6383092683735,156.1674374164378,146.02116427530723,148.96071105989822,0.0055750813473534055,0.005559598101585209,0.0016388434115837125,0.022199075887898045,156.37226257324218,149.56903152465821,147.74860412597656,0.008045324731579586,0.014632911740249253,2.5697662405054302,-0.13275454387954255,11722500.0
2025-03-26,159.27769470214844,160.2164682423501,158.5949529400308,158.7087384106639,10076100,157.35275268554688,150.50637817382812,148.32537841796875,159.13546896263787,151.19859725264163,150.76238975516347,156.56570272213244,148.64780011541225,147.41506581395834,157.48550722942642,149.08400187894125,149.81413901897713,0.01223329102127857,0.012159069023115828,0.0055750813473534055,0.010826566793137982,157.11568603515624,150.17733459472657,148.02026245117187,0.004749197147164532,0.014518938727300068,1.6215153023192954,0.5689562914845396,11436940.0
2025-03-27,158.0260009765625,159.5147617808642,157.2674118593529,158.59495728362964,6862700,159.27769470214844,152.4882049560547,147.11163330078125,160.2164682423501,152.75371401577164,148.58142498224558,158.5949529400308,150.601195172292,146.4099224771432,158.7087384106639,151.47358414981318,148.51504047889793,-0.007858562543403336,-0.007889603779306217,0.01223329102127857,0.013167726220463916,157.47222900390625,150.65051193237304,148.23781372070312,0.007397506373830566,0.01468734552578659,2.247349921511301,-0.5689563070671397,10900300.0
2025-03-28,157.4949951171875,158.4811841972997,156.74588324118395,158.07342876922607,4923000,158.0260009765625,155.56057739257812,148.5624542236328,159.5147617808642,156.02521111618768,150.09861592180394,157.2674118593529,152.57357810046813,146.79870711977884,158.59495728362964,152.6399626147905,147.63317247145662,-0.0033602436060743424,-0.003365901903681769,-0.007858562543403336,0.02014826286012661,157.7263610839844,151.0046844482422,148.41792236328126,0.007793068174652281,0.014588295210212597,1.7353009561157648,-0.5784336520385693,7559800.0
2025-03-31,158.63287353515625,160.1785270040677,157.53291357896555,157.5898063131803,10675300,157.4949951171875,156.2432861328125,150.4115447998047,158.4811841972997,156.75533519105937,150.45896023601145,156.74588324118395,154.00541369805163,146.9030195578986,158.07342876922607,154.68815542181994,148.59090490891006,0.007224854460435859,0.007198880231098833,-0.0033602436060743424,0.004388700220052888,158.1568634033203,151.67794189453124,148.60109344482422,0.008182512783577066,0.011673806349417878,2.645613425102141,1.0430672219759458,8081260.0
2025-04-01,159.7897491455078,159.87510272050335,157.56136827900755,158.63288192475994,6378600,158.63287353515625,156.22433471679688,145.167724609375,160.1785270040677,156.35708926313123,151.8054808088251,157.53291357896555,154.66920383009716,143.90654919518028,157.5898063131803,155.9777946933646,151.20809258990354,0.0072927860699387725,0.0072663222908375385,0.007224854460435859,-0.00012129427436335938,158.6442626953125,152.46072311401366,148.76820037841796,0.008364142488723067,0.011358716255066357,2.3137344414957965,1.1568672207478699,7783140.0
2025-04-02,157.85533142089844,159.28718509767174,157.2674204820788,158.7371978291279,7044900,159.7897491455078,156.48036193847656,144.13412475585938,159.87510272050335,157.81738466280234,146.17285823283447,157.56136827900755,155.81658922619428,142.28503854920487,158.63288192475994,156.1674374164378,143.38501297388729,-0.012106018908934257,-0.01217989358002319,0.0072927860699387725,0.0016388434115837125,158.3597900390625,153.2032043457031,148.95720367431642,0.008795934955114626,0.011653951808442677,2.0197646155929476,-0.8818664082294561,7176900.0
2025-04-03,148.04092407226562,153.00028663657355,147.73749131192992,151.83392762600369,15501000,157.85533142089844,157.35275268554688,143.00570678710938,159.28718509767174,159.13546896263787,143.53672494215337,157.2674204820788,156.56570272213244,140.09458423386474,158.7371978291279,157.48550722942642,142.37985776045343,-0.06217342968584394,-0.06419024012601122,-0.012106018908934257,0.0055750813473534055,156.36277465820314,153.35350189208984,148.98424438476562,0.028861249362399876,0.018805407028154964,5.262795324643633,-3.7930035537380604,8904560.0
2025-04-07,132.89735412597656,138.62479750432794,130.18535604915084,131.5508396219806,17817000,135.86538696289062,158.0260009765625,148.24954223632812,144.5703376955746,159.5147617808642,149.30210131411533,135.3628151464995,157.2674118593529,145.75565220830802,143.90655049430902,158.59495728362964,145.9832231640498,-0.021845393468203467,-0.0220875370529999,-0.08224440090249341,-0.007858562543403336,146.8897491455078,151.9083679199219,148.51370178222658,0.03692291854726068,0.02598524932132635,8.439441455177104,1.3465145039959623,13423240.0
2025-04-08,129.84397888183594,137.01276729279363,127.8905844919888,136.69035101483917,12904400,132.89735412597656,157.4949951171875,149.41587829589844,138.62479750432794,158.4811841972997,152.0709688325346,130.18535604915084,156.74588324118395,148.08831855842217,131.5508396219806,158.07342876922607,149.0555383791443,-0.022975440438387174,-0.02324348952591297,-0.021845393468203467,-0.0033602436060743424,140.90059509277344,151.09524230957032,148.16142303466796,0.030304241883985162,0.02601375216898622,9.122182800804822,-6.8463721330032286,14728400.0
2025-04-09,138.47308349609375,139.8385671636297,126.95184037229092,128.03284586423004,16846800,129.84397888183594,158.63287353515625,146.1064910888672,137.01276729279363,160.1785270040677,150.62015987606415,127.8905844919888,157.53291357896555,145.8314902426783,136.69035101483917,157.5898063131803,150.23137355926443,0.0664574875829298,0.0643423965153914,-0.022975440438387174,0.007224854460435859,137.0241455078125,150.78042297363282,148.00085845947265,0.05708835934953234,0.030559471757186048,12.886726791338788,10.44023763186371,16688780.0
2025-04-11,128.61126708984375,130.02415159250256,125.2070355504057,128.02334172530445,17224400,127.99488830566406,157.85533142089844,145.66082763671875,136.1972663669808,159.28718509767174,146.4383858844334,126.5440657463035,157.2674204820788,144.05828123124255,135.8084800682871,158.7371978291279,144.38068307860814,0.004815651564988421,0.004804093406846011,-0.07566954476553756,-0.012106018908934257,131.56411437988282,148.88297119140626,147.28061889648438,0.05168726367949884,0.03411977303473391,4.817116042096856,0.5879253645393021,17156760.0
2025-04-14,128.3173065185547,131.37066081427545,127.1604393731451,131.3137680807568,9628200,128.61126708984375,148.04092407226562,148.8943634033203,130.02415159250256,153.00028663657355,149.10297976310403,125.2070355504057,147.73749131192992,145.0918679565758,128.02334172530445,151.83392762600369,146.02116427530723,-0.0022856517779559216,-0.002288267867053627,0.004815651564988421,-0.06217342968584394,130.64810485839843,147.77351760864258,147.04861267089845,0.05129047131945661,0.03388988482374512,4.210221441130358,-2.9964615622021142,15519000.0
2025-04-15,127.5776596069336,129.5595148274008,127.3026732341614,127.36905773709636,9334800,128.3173065185547,135.86538696289062,150.50637817382812,131.37066081427545,144.5703376955746,151.19859725264163,127.1604393731451,135.3628151464995,148.64780011541225,131.3137680807568,143.90655049430902,149.08400187894125,-0.00576420228641672,-0.0057808794182026835,-0.0022856517779559216,-0.08224440090249341,130.19484100341796,146.52799034118652,146.79900009155273,0.050430983821676635,0.033548282745431535,2.256841593239386,0.2086018698372385,14805080.0
2025-04-16,128.355224609375,130.43189610755968,127.82420649405368,128.3931482736872,8637200,127.5776596069336,132.89735412597656,152.4882049560547,129.5595148274008,138.62479750432794,152.75371401577164,127.3026732341614,130.18535604915084,150.601195172292,127.36905773709636,131.5508396219806,151.47358414981318,0.006094836704459761,0.006076338312300445,-0.00576420228641672,-0.021845393468203467,128.17126922607423,145.16772270202637,146.4921614074707,0.03451246253211167,0.03306405798427736,2.607689613505997,-0.03792366431218852,13163160.0
2025-04-17,130.73533630371094,132.9827005926791,129.38882187169168,129.61640727805127,8434400,128.355224609375,129.84397888183594,155.56057739257812,130.43189610755968,137.01276729279363,156.02521111618768,127.82420649405368,127.8905844919888,152.57357810046813,128.3931482736872,136.69035101483917,152.6399626147905,0.01854316177295745,0.018373333570764833,0.006094836704459761,-0.022975440438387174,128.7193588256836,143.8923252105713,146.23723892211913,0.009367658706721311,0.03351490160310333,3.5938787209874192,1.1189290256596678,10651800.0
2025-04-21,126.80957794189452,129.23709772286392,125.48203258328915,128.9810804195924,9967500,130.73533630371094,138.47308349609375,156.2432861328125,132.9827005926791,139.8385671636297,156.75533519105937,129.38882187169168,126.95184037229092,154.00541369805163,129.61640727805127,128.03284586423004,154.68815542181994,-0.03002828824103454,-0.03048837104504819,0.01854316177295745,0.0664574875829298,128.35902099609376,142.42158737182618,145.92424682617187,0.01792356491120115,0.03379555418775311,3.755065139574768,-2.171502477697871,9200420.0
2025-04-22,130.19485473632812,131.0862129197984,127.95698197731194,128.2604147489754,7984700,126.80957794189452,127.99488830566406,156.22433471679688,129.23709772286392,136.1972663669808,156.35708926313123,125.48203258328915,126.5440657463035,154.66920383009716,128.9810804195924,135.8084800682871,155.9777946933646,0.0266957500322631,0.02634563586964753,-0.03002828824103454,-0.07566954476553756,128.73453063964843,141.10731201171876,145.66545532226561,0.022250151322679462,0.03469524524593894,3.1292309424864726,1.9344399873527323,8871720.0
2025-04-23,129.60693359375,131.3801727187603,128.15611079002602,130.10951991156543,10002000,130.19485473632812,128.61126708984375,156.48036193847656,131.0862129197984,130.02415159250256,157.81738466280234,127.95698197731194,125.2070355504057,155.81658922619428,128.2604147489754,128.02334172530445,156.1674374164378,-0.004515701820696272,-0.004525928400566532,0.0266957500322631,0.004815651564988421,129.14038543701173,139.72002105712892,145.33582092285155,0.022132382455630414,0.03455181124367046,3.2240619287342724,-0.5025863178154282,9005160.0
2025-04-24,131.8732452392578,132.18615526930185,130.11897547773927,130.78274814158237,7745800,129.60693359375,128.3173065185547,157.35275268554688,131.3801727187603,131.37066081427545,159.13546896263787,128.15611079002602,127.1604393731451,156.56570272213244,130.10951991156543,131.3137680807568,157.48550722942642,0.01748603707122265,0.01733491546032963,-0.004515701820696272,-0.0022856517779559216,129.84398956298827,138.34979858398438,145.0201885986328,0.023051734102102418,0.03474173521463077,2.0671797915625802,1.0904970976754385,8826880.0
2025-04-25,131.55084228515625,131.85428951599934,130.14743501540784,131.17154771576273,6878500,131.8732452392578,127.5776596069336,159.27769470214844,132.18615526930185,129.5595148274008,160.2164682423501,130.11897547773927,127.3026732341614,158.5949529400308,130.78274814158237,127.36905773709636,158.7087384106639,-0.002444794268288697,-0.0024477876576051273,0.01748603707122265,-0.00576420228641672,130.00709075927733,137.02604064941406,144.74575073242187,0.02200081465023396,0.034770623676917065,1.7068545005915041,0.37929456939352235,8515700.0
2025-04-28,132.84994506835938,133.19131594078064,131.50341617719388,131.77841701647836,6715500,131.55084228515625,128.355224609375,158.0260009765625,131.85428951599934,130.43189610755968,159.5147617808642,130.14743501540784,127.82420649405368,157.2674118593529,131.17154771576273,128.3931482736872,158.59495728362964,0.009875290500893419,0.00982684847794271,-0.002444794268288697,0.006094836704459761,131.2151641845703,135.79378814697264,144.47891296386717,0.013216437763054435,0.034999598941203046,1.6878997635867563,1.0715280518810175,7865300.0
2025-04-29,132.0913543701172,132.7646044120259,131.39913525868468,131.5129207375063,7343800,132.84994506835938,130.73533630371094,157.4949951171875,133.19131594078064,132.9827005926791,158.4811841972997,131.50341617719388,129.38882187169168,156.74588324118395,131.77841701647836,129.61640727805127,158.07342876922607,-0.005710131817155406,-0.005726496947609562,0.009875290500893419,0.01854316177295745,131.59446411132814,134.4667121887207,144.17471466064453,0.010235889200687867,0.03482489677507368,1.3654691533412233,0.5784336326108814,7737120.0
2025-04-30,129.0189971923828,131.00083782511012,127.19835745393316,130.85860599755875,13858000,132.0913543701172,126.80957794189452,158.63287353515625,132.7646044120259,129.23709772286392,160.1785270040677,131.39913525868468,125.48203258328915,157.53291357896555,131.5129207375063,128.9810804195924,157.5898063131803,-0.02325933587693929,-0.023534103195466134,-0.005710131817155406,-0.03002828824103454,131.47687683105468,132.92817459106445,143.7935171508789,0.015649096853482362,0.03476455837471953,3.8024803711769692,-1.839608805175942,8508320.0
2025-05-01,129.2086639404297,130.8112102952896,128.1276584805183,128.4121366476867,10199800,129.0189971923828,130.19485473632812,159.7897491455078,131.00083782511012,131.0862129197984,159.87510272050335,127.19835745393316,127.95698197731194,157.56136827900755,130.85860599755875,128.2604147489754,158.63288192475994,0.0014700683788764213,0.001468988886179684,-0.02325933587693929,0.0266957500322631,130.94396057128907,131.495841217041,143.39582092285156,0.012234271730957065,0.03485478037715854,2.683551814771306,0.7965272927429794,8999120.0
2025-05-02,131.33274841308594,132.5465083961217,128.2888566863232,130.74483749075432,12393200,129.2086639404297,129.60693359375,157.85533142089844,130.8112102952896,131.3801727187603,159.28718509767174,128.1276584805183,128.15611079002602,157.2674204820788,128.4121366476867,130.10951991156543,158.7371978291279,0.01643917991161592,0.016305519449789932,0.0014700683788764213,-0.004515701820696272,130.900341796875,130.66043243408203,143.01102111816405,0.01535619255534044,0.03296871441810558,4.257651709798523,0.5879109223316163,10102060.0
2025-05-05,128.4879913330078,129.9103676208271,128.1845441130763,129.69227397472622,9665000,131.33274841308594,131.8732452392578,148.04092407226562,132.5465083961217,132.18615526930185,153.00028663657355,128.2888566863232,130.11897547773927,147.73749131192992,130.74483749075432,130.78274814158237,151.83392762600369,-0.02166068337449545,-0.0218987196055542,0.01643917991161592,0.01748603707122265,130.0279510498047,130.29156265258788,142.60479064941407,0.01659114038077272,0.027940593048938207,1.725823507750789,-1.2042826417184074,10691960.0
2025-05-06,128.58282470703125,130.20432560394846,128.05179206182433,129.2940128647711,9916200,128.4879913330078,131.55084228515625,135.86538696289062,129.9103676208271,131.85428951599934,144.5703376955746,128.1845441130763,130.14743501540784,135.3628151464995,129.69227397472622,131.17154771576273,143.90655049430902,0.0007380718854701485,0.0007377996443635232,-0.02166068337449545,-0.002444794268288697,129.3262451171875,130.07583618164062,142.18206085205077,0.01691954087481056,0.027567828091433978,2.1525335421241323,-0.7111881577398549,11206440.0
2025-05-07,128.7629852294922,129.24660245583442,127.65353339655051,129.02850879700674,8422100,128.58282470703125,132.84994506835938,132.89735412597656,130.20432560394846,133.19131594078064,138.62479750432794,128.05179206182433,131.50341617719388,130.18535604915084,129.2940128647711,131.77841701647836,131.5508396219806,0.0014011243171194732,0.0014001436583531497,0.0007380718854701485,0.009875290500893419,129.27504272460936,130.02178649902345,141.79081298828126,0.013634340633793096,0.027093155756228445,1.5930690592839056,-0.2655235675145491,10119260.0
2025-05-08,129.9482879638672,131.70255779495662,129.40779251228815,129.61640885336342,8669300,128.7629852294922,132.0913543701172,129.84397888183594,129.24660245583442,132.7646044120259,137.01276729279363,127.65353339655051,131.39913525868468,127.8905844919888,129.02850879700674,131.5129207375063,136.69035101483917,0.009205306418319292,0.009163195815253787,0.0014011243171194732,-0.005710131817155406,129.42296752929687,129.5955467224121,141.44754608154298,0.014310653220538946,0.02229399873341445,2.2947652826684646,0.3318791105037633,9813160.0
2025-05-09,131.32327270507812,132.1577236603059,130.57414638932215,131.71204457856766,5965700,129.9482879638672,129.0189971923828,138.47308349609375,131.70255779495662,131.00083782511012,139.8385671636297,129.40779251228815,127.19835745393316,126.95184037229092,129.61640885336342,130.85860599755875,128.03284586423004,0.01058101466941408,0.010525427502309554,0.009205306418319292,-0.02325933587693929,129.42107238769532,129.7619659423828,141.10276245117188,0.012926471038137375,0.014441803191895853,1.5835772709837386,-0.38877187348953157,8527660.0
2025-05-12,134.29127502441406,136.2731302130241,133.2956232496688,135.07832493267526,8028200,131.32327270507812,129.2086639404297,127.99488830566406,132.1577236603059,130.8112102952896,136.1972663669808,130.57414638932215,128.1276584805183,126.5440657463035,131.71204457856766,128.4121366476867,135.8084800682871,0.022600733732865308,0.022349121180485924,0.01058101466941408,0.0014700683788764213,130.58172912597655,130.04596633911132,140.78035705566407,0.008852671861895001,0.015192296995619773,2.977506963355296,-0.7870499082611957,8200300.0
2025-05-13,134.9835205078125,135.81797145525152,133.62751420583848,134.20594782977028,8536800,134.29127502441406,131.33274841308594,128.61126708984375,136.2731302130241,132.5465083961217,130.02415159250256,133.2956232496688,128.2888566863232,125.2070355504057,135.07832493267526,130.74483749075432,128.02334172530445,0.005154806097958264,0.005141565567091565,0.022600733732865308,0.01643917991161592,131.86186828613282,130.37927703857423,140.5766729736328,0.008014685231764313,0.015165865451430704,2.1904572494130434,0.777572678042219,7924420.0
2025-05-14,134.3386993408203,134.8697175142363,133.44734120580347,134.42403844672788,6453600,134.9835205078125,128.4879913330078,128.3173065185547,135.81797145525152,129.9103676208271,131.37066081427545,133.62751420583848,128.1845441130763,127.1604393731451,134.20594782977028,129.69227397472622,131.3137680807568,-0.004777036223135633,-0.0047884827288044406,0.005154806097958264,-0.02166068337449545,132.97701110839844,130.71732902526855,140.38076446533202,0.00988831074668564,0.015138638288181972,1.4223763084328311,-0.08533910590756477,7530720.0
2025-05-15,134.89816284179688,135.0878245901189,132.29047296312817,132.75512109586126,7545400,134.3386993408203,128.58282470703125,127.5776596069336,134.8697175142363,130.20432560394846,129.5595148274008,133.44734120580347,128.05179206182433,127.3026732341614,134.42403844672788,129.2940128647711,127.36905773709636,0.004164574346199323,0.004155926507853236,-0.004777036223135633,0.0007380718854701485,133.96698608398438,131.04447593688965,140.2186135864258,0.010060633483007984,0.015121962826019155,2.7973516269907464,2.1430417459356192,7305940.0
2025-05-16,134.74644470214844,135.59986463597,133.41888489834287,135.31538650164316,8200100,134.89816284179688,128.7629852294922,128.355224609375,135.0878245901189,129.24660245583442,130.43189610755968,132.29047296312817,127.65353339655051,127.82420649405368,132.75512109586126,129.02850879700674,128.3931482736872,-0.0011246864779498322,-0.0011253194123997238,0.004164574346199323,0.0014011243171194732,134.65162048339843,131.24503135681152,140.01284301757812,0.010528562656035597,0.014663001695580328,2.1809797376271263,-0.5689417994947235,7752820.0
2025-05-19,132.92283630371094,133.9114300917317,131.60789906840765,133.86343711606662,7713600,134.74644470214844,129.9482879638672,130.73533630371094,135.59986463597,131.70255779495662,132.9827005926791,133.41888489834287,129.40779251228815,129.38882187169168,135.31538650164316,129.61640885336342,129.61640727805127,-0.013533629050239582,-0.013626043355703454,-0.0011246864779498322,0.009205306418319292,134.3779327392578,131.55069427490236,139.70630889892578,0.007594294574142829,0.013178256992091825,2.303531023324041,-0.940600812355683,7689900.0
2025-05-20,131.7518768310547,133.17237809670763,131.52151933713807,132.7308632280507,6503900,132.92283630371094,131.32327270507812,126.80957794189452,133.9114300917317,132.1577236603059,129.23709772286392,131.60789906840765,130.57414638932215,125.48203258328915,133.86343711606662,131.71204457856766,128.9810804195924,-0.008809317535030337,-0.008848348968681585,-0.013533629050239582,0.01058101466941408,133.73160400390626,131.62854537963867,139.3530288696289,0.006823153055460629,0.012084762217604447,1.6508587595695587,-0.9789863969960209,7283320.0
2025-05-21,130.110595703125,131.617490007428,130.04341726190663,131.12798222035977,9073200,131.7518768310547,134.29127502441406,130.19485473632812,133.17237809670763,136.2731302130241,131.0862129197984,131.52151933713807,133.2956232496688,127.95698197731194,132.7308632280507,135.07832493267526,128.2604147489754,-0.012457364307867147,-0.01253560775445187,-0.008809317535030337,0.022600733732865308,132.8859832763672,131.65372848510742,139.03311096191408,0.007629102522842435,0.01239052306990648,1.574072745521363,-1.017386517234769,7807240.0
2025-05-22,129.85145568847656,130.52332802636977,128.392568883461,129.56352713840724,8877600,130.110595703125,134.9835205078125,129.60693359375,131.617490007428,135.81797145525152,131.3801727187603,130.04341726190663,133.62751420583848,128.15611079002602,131.12798222035977,134.20594782977028,130.10951991156543,-0.0019916903250501994,-0.00199367637773174,-0.012457364307867147,0.005154806097958264,131.87664184570312,131.55263900756836,138.7347506713867,0.005780264376668315,0.011712818046384032,2.130759142908772,0.2879285500693243,8073680.0
2025-05-23,131.05120849609375,131.29115872119274,128.67090636382352,128.98764241840215,7025900,129.85145568847656,134.3386993408203,131.8732452392578,130.52332802636977,134.8697175142363,132.18615526930185,128.392568883461,133.44734120580347,130.11897547773927,129.56352713840724,134.42403844672788,130.78274814158237,0.009239425166672532,0.009197002783383847,-0.0019916903250501994,-0.004777036223135633,131.1375946044922,131.52765731811525,138.44255828857422,0.009400186627774473,0.011911285375971992,2.6202523573692247,2.063566077691604,7838840.0
2025-05-27,132.28936767578125,132.4237392239605,130.92645207413452,131.85746017416227,8348900,131.05120849609375,134.89816284179688,131.55084228515625,131.29115872119274,135.0878245901189,131.85428951599934,128.67090636382352,132.29047296312817,130.14743501540784,128.98764241840215,132.75512109586126,131.17154771576273,0.009447903563013726,0.009403551260818006,0.009239425166672532,0.004164574346199323,131.01090087890626,131.49962844848633,138.11045837402344,0.010089695272981309,0.011892773481195672,1.4972871498259792,0.43190750161897995,7965900.0
2025-05-28,130.55210876464844,133.21074643286522,130.20657989123498,133.20115369721967,6876300,132.28936767578125,134.74644470214844,132.84994506835938,132.4237392239605,135.59986463597,133.19131594078064,130.92645207413452,133.41888489834287,131.50341617719388,131.85746017416227,135.31538650164316,131.77841701647836,-0.013132264078777212,-0.013219254687125159,0.009447903563013726,-0.0011246864779498322,130.770947265625,131.42266616821288,137.71137298583983,0.011072695734001685,0.01218774341519003,3.0041665416302408,-2.649044932571229,8040380.0
2025-05-29,132.3661346435547,132.39492749653206,130.62889750206116,131.01281197202502,7554300,130.55210876464844,132.92283630371094,132.0913543701172,133.21074643286522,133.9114300917317,132.7646044120259,130.20657989123498,131.60789906840765,131.39913525868468,133.20115369721967,133.86343711606662,131.5129207375063,0.013895033148614067,0.013799382205757273,-0.013132264078777212,-0.013533629050239582,131.22205505371093,131.59002304077148,137.30893157958985,0.010990516334826415,0.011340696858688784,1.7660299944708981,1.3533226715296678,7736600.0
2025-05-30,131.20477294921875,131.9246235849812,129.7746790592259,131.37754471740905,12858900,132.3661346435547,131.7518768310547,129.0189971923828,132.39492749653206,133.17237809670763,131.00083782511012,130.62889750206116,131.52151933713807,127.19835745393316,131.01281197202502,132.7308632280507,130.85860599755875,-0.00877385818860188,-0.008812575113256218,0.013895033148614067,-0.008809317535030337,131.4927185058594,131.68982849121093,136.82181549072266,0.012189568637262439,0.01156377012706279,2.149944525755302,-0.1727717681903016,8532860.0
2025-06-02,132.29896545410156,133.11480215689082,130.94564253811504,132.9228448872348,9076600,131.20477294921875,130.110595703125,129.2086639404297,131.9246235849812,131.617490007428,130.8112102952896,129.7746790592259,130.04341726190663,128.1276584805183,131.37754471740905,131.12798222035977,128.4121366476867,0.008339578509893864,0.008304996359046163,-0.00877385818860188,-0.012457364307867147,131.74226989746094,131.7381393432617,136.34292907714843,0.01206445992543252,0.011121736155996058,2.1691596187757796,-0.6238794331332258,8943000.0
2025-06-03,133.94021606445312,134.93840253814705,131.10880639052797,132.11658560070188,9001300,132.29896545410156,129.85145568847656,131.33274841308594,133.11480215689082,130.52332802636977,132.5465083961217,130.94564253811504,128.392568883461,128.2888566863232,132.9228448872348,129.56352713840724,130.74483749075432,0.012405619384234345,0.012329300230751183,0.008339578509893864,-0.0019916903250501994,132.07243957519532,132.010750579834,135.89724670410158,0.01258496474288027,0.010125204295232955,3.829596147619071,1.8236304637512433,9073480.0
2025-06-04,131.8478546142578,134.9768151507455,131.80946901941894,133.81544953261223,8735600,133.94021606445312,131.05120849609375,128.4879913330078,134.93840253814705,131.29115872119274,129.9103676208271,131.10880639052797,128.67090636382352,128.1845441130763,132.11658560070188,128.98764241840215,129.69227397472622,-0.015621607248927027,-0.01574491036981409,0.012405619384234345,0.009239425166672532,132.3315887451172,132.17400207519532,135.4045965576172,0.013384170354588184,0.01087641584908221,3.1673461313265534,-1.967594918354422,9445340.0
2025-06-05,131.396728515625,132.73085109109147,131.2047712776137,132.5964795599437,6342600,131.8478546142578,132.28936767578125,128.58282470703125,134.9768151507455,132.4237392239605,130.20432560394846,131.80946901941894,130.92645207413452,128.05179206182433,133.81544953261223,131.85746017416227,129.2940128647711,-0.0034215657126364096,-0.0034274326551751158,-0.015621607248927027,0.009447903563013726,132.13770751953126,132.30568923950196,134.88547607421876,0.01168511991153993,0.010927645041399975,1.5260798134777644,-1.1997510443187025,9203000.0
2025-06-06,134.57369995117188,134.9576144795952,132.5389119434068,132.5389119434068,6563500,131.396728515625,130.55210876464844,128.7629852294922,132.73085109109147,133.21074643286522,129.24660245583442,131.2047712776137,130.20657989123498,127.65353339655051,132.5964795599437,133.20115369721967,129.02850879700674,0.02417846678099811,0.023890795397448525,-0.0034215657126364096,-0.013132264078777212,132.81149291992188,132.53695983886718,134.3913961791992,0.015246540366649417,0.011976900703345622,2.4187025361884196,2.034788007765087,7943920.0
2025-06-09,135.1015625,136.42609236076626,134.07458320514692,134.90001252273478,7159500,134.57369995117188,132.3661346435547,129.9482879638672,134.9576144795952,132.39492749653206,131.70255779495662,132.5389119434068,130.62889750206116,129.40779251228815,132.5389119434068,131.01281197202502,129.61640885336342,0.003922479273585022,0.003914806409647505,0.02417846678099811,0.013895033148614067,133.37201232910155,132.7258743286133,133.93290740966796,0.01514504682624926,0.011811905713419928,2.3515091556193397,0.20154997726521628,7560500.0
2025-06-10,137.58746337890625,139.11354327843654,136.20534775465265,136.50288368715738,9841500,135.1015625,131.20477294921875,131.32327270507812,136.42609236076626,131.9246235849812,132.1577236603059,134.07458320514692,129.7746790592259,130.57414638932215,134.90001252273478,131.37754471740905,131.71204457856766,0.01840023781298794,0.018233001777320686,0.003922479273585022,-0.00877385818860188,134.1014617919922,132.89068374633788,133.53475677490235,0.016151672541015637,0.01144844834028417,2.9081955237838883,1.0845796917488713,7728540.0
2025-06-11,138.9599609375,139.28628969997084,136.87719492469765,138.3936819710833,9256700,137.58746337890625,132.29896545410156,134.29127502441406,139.11354327843654,133.11480215689082,136.2731302130241,136.20534775465265,130.94564253811504,133.2956232496688,136.50288368715738,132.9228448872348,135.07832493267526,0.009975455066091321,0.0099260286431107,0.01840023781298794,0.008339578509893864,135.5238830566406,133.08950576782226,133.14129852294923,0.011031789382392519,0.011584365707071151,2.4090947752731893,0.5662789664166894,7832760.0
2025-06-12,139.142333984375,139.36308408485613,137.664232435834,138.6912264016098,6999400,138.9599609375,133.94021606445312,134.9835205078125,139.28628969997084,134.93840253814705,135.81797145525152,136.87719492469765,131.10880639052797,133.62751420583848,138.3936819710833,132.11658560070188,134.20594782977028,0.0013124143504690267,0.0013115538875290277,0.009975455066091321,0.012405619384234345,137.07300415039063,133.3296875,132.72835021972656,0.009641966220820199,0.011489891703610583,1.6988516490221173,0.45110758276518936,7964120.0
2025-06-13,140.04454040527344,141.66660612558286,138.72960333009937,141.16750560116498,14148000,139.142333984375,131.8478546142578,134.3386993408203,139.36308408485613,134.9768151507455,134.8697175142363,137.664232435834,131.80946901941894,133.44734120580347,138.6912264016098,133.81544953261223,134.42403844672788,0.006484054098156333,0.006463123049363522,0.0013124143504690267,-0.015621607248927027,138.16717224121095,133.58700637817384,132.37213439941405,0.006627851216413557,0.011526442053075322,2.937002795483494,-1.1229651958915383,9481020.0
2025-06-16,140.15972900390625,140.965958272325,137.96179131241703,139.871785795071,10105100,140.04454040527344,131.396728515625,134.89816284179688,141.66660612558286,132.73085109109147,135.0878245901189,138.72960333009937,131.2047712776137,132.29047296312817,141.16750560116498,132.5964795599437,132.75512109586126,0.000822514025176968,0.0008221759458867657,0.006484054098156333,-0.0034215657126364096,139.17880554199218,133.85767059326173,132.21451049804688,0.007224942434958621,0.01150743025900424,3.0041669599079626,0.2879432088352587,10070140.0
2025-06-17,142.8663787841797,143.95094391033533,140.61084066954558,141.40747722396102,11330300,140.15972900390625,134.57369995117188,134.74644470214844,140.965958272325,134.9576144795952,135.59986463597,137.96179131241703,132.5389119434068,133.41888489834287,139.871785795071,132.5389119434068,135.31538650164316,0.019311180176425635,0.019127085616748137,0.000822514025176968,0.02417846678099811,140.23458862304688,134.35484771728517,132.35453033447266,0.007574729879467645,0.011512470784529556,3.3401032407897446,1.4589015602186635,10367900.0
2025-06-18,142.23289489746094,144.13329654111322,141.76258719343116,143.43264599870088,9841900,142.8663787841797,135.1015625,132.92283630371094,143.95094391033533,136.42609236076626,133.9114300917317,140.61084066954558,134.07458320514692,131.60789906840765,141.40747722396102,134.90001252273478,133.86343711606662,-0.004434100535828045,-0.004443960316576992,0.019311180176425635,0.003922479273585022,140.88917541503906,134.87889862060547,132.54124114990233,0.00903620300082151,0.011302382630822802,2.370709347682066,-1.19975110123994,10484940.0
2025-06-20,143.53822326660156,143.87414478439814,141.9545430413353,142.54962954055614,23705900,142.23289489746094,137.58746337890625,131.7518768310547,144.13329654111322,139.11354327843654,133.17237809670763,141.76258719343116,136.20534775465265,131.52151933713807,143.43264599870088,136.50288368715738,132.7308632280507,0.009177401402689966,0.009135544948524723,-0.004434100535828045,0.01840023781298794,141.7683532714844,135.5502799987793,132.81512603759765,0.008983652233049587,0.010672714514314542,1.9196017430628274,0.9885937260454227,13826240.0
2025-06-23,140.95635986328125,146.03370014801172,140.4380738245535,146.0049072928268,10540600,143.53822326660156,138.9599609375,130.110595703125,143.87414478439814,139.28628969997084,131.617490007428,141.9545430413353,136.87719492469765,130.04341726190663,142.54962954055614,138.3936819710833,131.12798222035977,-0.01798728829550078,-0.01815102600218718,0.009177401402689966,0.009975455066091321,141.95071716308593,136.10552520751952,132.8647915649414,0.014067098861687026,0.011765756480167795,5.5956263234582195,-5.04854742954555,13104760.0
2025-06-24,137.77940368652344,140.50523436285854,137.40508197143092,138.72959707731346,10778400,140.95635986328125,139.142333984375,129.85145568847656,146.03370014801172,139.36308408485613,130.52332802636977,140.4380738245535,137.664232435834,128.392568883461,146.0049072928268,138.6912264016098,129.56352713840724,-0.02253857988273289,-0.022796455812218883,-0.01798728829550078,0.0013124143504690267,141.4746520996094,136.44193496704102,133.0604818725586,0.01770647076918672,0.013114541734087862,3.1001523914276277,-0.9501933907900195,13239420.0
2025-06-25,137.47227478027344,138.4032827976399,136.7812169808798,137.64504655282136,7386100,137.77940368652344,140.04454040527344,131.05120849609375,140.50523436285854,141.66660612558286,131.29115872119274,137.40508197143092,138.72960333009937,128.67090636382352,138.72959707731346,141.16750560116498,128.98764241840215,-0.002229135110417335,-0.002231623330494451,-0.02253857988273289,0.006484054098156333,140.3958312988281,136.70108032226562,133.23770202636717,0.012761340119318381,0.01305285880017508,1.6220658167600845,-0.1727717725479181,12450580.0
2025-06-26,138.63365173339844,139.24792375634513,137.6354505427349,137.92339375717248,7415700,137.47227478027344,140.15972900390625,132.28936767578125,138.4032827976399,140.965958272325,132.4237392239605,136.7812169808798,137.96179131241703,130.92645207413452,137.64504655282136,139.871785795071,131.85746017416227,0.008448081294801124,0.008412595971215995,-0.002229135110417335,0.000822514025176968,139.6759826660156,137.10515747070312,133.44402893066408,0.01471220054697513,0.012620548071241437,1.6124732136102295,0.7102579762259609,11965340.0
2025-06-27,138.00978088378906,138.85441045972863,136.83883712451083,138.73923902497364,9213500,138.63365173339844,142.8663787841797,130.55210876464844,139.24792375634513,143.95094391033533,133.21074643286522,137.6354505427349,140.61084066954558,130.20657989123498,137.92339375717248,141.40747722396102,133.20115369721967,-0.004500140058411817,-0.004510296169419641,0.008448081294801124,0.019311180176425635,138.57029418945314,137.38733978271483,133.65267135620118,0.012519214150452653,0.012460427905105107,2.0155733352177947,-0.7294581411845797,9066860.0
2025-06-30,137.4338836669922,138.30730594021307,136.67563280724275,137.28990475475445,6980300,138.00978088378906,142.23289489746094,132.3661346435547,138.85441045972863,144.13329654111322,132.39492749653206,136.83883712451083,141.76258719343116,130.62889750206116,138.73923902497364,143.43264599870088,131.01281197202502,-0.004172872481275847,-0.004181603210258944,-0.004500140058411817,-0.004434100535828045,137.8657989501953,137.69879531860352,133.83424453735353,0.011147470073168995,0.012289164699431566,1.6316731329703202,0.14397891223774195,8354800.0
2025-07-01,139.7182159423828,140.3900736043508,136.78121305652516,137.5778495147867,8508200,137.4338836669922,143.53822326660156,131.20477294921875,138.30730594021307,143.87414478439814,131.9246235849812,136.67563280724275,141.9545430413353,129.7746790592259,137.28990475475445,142.54962954055614,131.37754471740905,0.016621317934416124,0.016484695645953753,-0.004172872481275847,0.009177401402689966,138.2535614013672,138.06975784301758,134.01390213012695,0.009355870518158168,0.012634729889555642,3.6088605478256284,2.1403664275961205,7900760.0
2025-07-02,142.03134155273438,142.06013440981977,139.62224642238797,141.10033345257253,8228700,139.7182159423828,140.95635986328125,132.29896545410156,140.3900736043508,146.03370014801172,133.11480215689082,136.78121305652516,140.4380738245535,130.94564253811504,137.5778495147867,146.0049072928268,132.9228448872348,0.01655564805741183,0.016420097356551932,0.016621317934416124,-0.01798728829550078,139.16537475585938,138.47431411743165,134.31833740234376,0.010514568185843379,0.012833173498375147,2.437887987431793,0.9310081001618471,8069280.0
2025-07-03,142.4056396484375,142.9911187207691,141.43624611523842,141.89694639735902,5173300,142.03134155273438,137.77940368652344,133.94021606445312,142.06013440981977,140.50523436285854,134.93840253814705,139.62224642238797,137.40508197143092,131.10880639052797,141.10033345257253,138.72959707731346,132.11658560070188,0.002635320427246457,0.0026318540590277617,0.01655564805741183,-0.02253857988273289,139.91977233886718,139.00220336914063,134.56255310058594,0.010578973180114725,0.012064005888972183,1.5548726055306759,0.5086932510784834,7620800.0
2025-07-07,141.47463989257812,142.2136906501966,139.72780995549658,141.47463989257812,9460900,142.4056396484375,137.47227478027344,131.8478546142578,142.9911187207691,138.4032827976399,134.9768151507455,141.43624611523842,136.7812169808798,131.80946901941894,141.89694639735902,137.64504655282136,133.81544953261223,-0.006537660714545979,-0.006559124819524151,0.002635320427246457,-0.002229135110417335,140.612744140625,139.50609893798827,134.7999072265625,0.01108418778733246,0.012183451322057852,2.485880694700029,0.0,7670280.0
2025-07-08,147.0798797607422,147.0798797607422,141.3402604360986,141.3978607861923,14082100,141.47463989257812,138.63365173339844,131.396728515625,142.2136906501966,139.24792375634513,132.73085109109147,139.72780995549658,137.6354505427349,131.2047712776137,141.47463989257812,137.92339375717248,132.5964795599437,0.039620103450485056,0.038855361276647286,-0.006537660714545979,0.008448081294801124,142.541943359375,140.13140792846679,135.10403991699218,0.017467823778373418,0.013911423290622595,5.7396193246435985,5.682018974549891,9090640.0
2025-07-09,146.8687286376953,147.7709437705602,146.35042798267148,146.7919428130474,9495900,147.0798797607422,138.00978088378906,134.57369995117188,147.0798797607422,138.85441045972863,134.9576144795952,141.3402604360986,136.83883712451083,132.5389119434068,141.3978607861923,138.73923902497364,132.5389119434068,-0.0014356220809423892,-0.0014366535736627147,0.039620103450485056,-0.004500140058411817,143.9720458984375,140.71976623535156,135.41039764404297,0.018565376721457243,0.013975474451174393,1.4205157878887178,0.07678582464791361,9288180.0
2025-07-10,147.97250366210938,149.03788325172448,145.582594138,146.64797372761507,8395100,146.8687286376953,137.4338836669922,135.1015625,147.7709437705602,138.30730594021307,136.42609236076626,146.35042798267148,136.67563280724275,134.07458320514692,146.7919428130474,137.28990475475445,134.90001252273478,0.007515384892701871,0.007487285087074795,-0.0014356220809423892,-0.004172872481275847,145.1602783203125,141.23901824951173,135.71284881591797,0.01822480386807658,0.013603498818567632,3.45528911372449,1.3245299344943078,9321460.0
2025-07-11,149.06666564941406,149.62335189231518,147.3966215661092,148.08766469497425,8333200,147.97250366210938,139.7182159423828,137.58746337890625,149.03788325172448,140.3900736043508,139.11354327843654,145.582594138,136.78121305652516,136.20534775465265,146.64797372761507,137.5778495147867,136.50288368715738,0.007394360169800107,0.007367155911717065,0.007515384892701871,0.016621317934416124,146.49248352050782,141.7443534851074,136.05235504150392,0.01797365729289386,0.013553302894263401,2.2267303262059954,0.9790009544398117,9953440.0
2025-07-14,145.55380249023438,148.67315545516863,145.06430929731164,148.67315545516863,10706300,149.06666564941406,142.03134155273438,138.9599609375,149.62335189231518,142.06013440981977,139.28628969997084,147.3966215661092,139.62224642238797,136.87719492469765,148.08766469497425,141.10033345257253,138.3936819710833,-0.023565719028300403,-0.023847831522407412,0.007394360169800107,0.01655564805741183,147.30831604003907,142.0649269104004,136.38305114746095,0.022715235768173456,0.014853850690383702,3.6088461578569877,-3.119352964934251,10202520.0
2025-07-15,144.63238525390625,146.18725786723448,144.21007055759537,145.50580749896756,7346300,145.55380249023438,142.4056396484375,139.142333984375,148.67315545516863,142.9911187207691,139.36308408485613,145.06430929731164,141.43624611523842,137.664232435834,148.67315545516863,141.89694639735902,138.6912264016098,-0.006330423668525875,-0.006350545766324164,-0.023565719028300403,0.002635320427246457,146.81881713867188,142.29431915283203,136.69152557373047,0.012793547338439746,0.014942672275501064,1.9771873096391062,-0.8734222450613061,8855360.0
2025-07-16,143.89334106445312,145.3906280408409,143.2214834013815,144.69957026013907,7923400,144.63238525390625,141.47463989257812,140.04454040527344,146.18725786723448,142.2136906501966,141.66660612558286,144.21007055759537,139.72780995549658,138.72960333009937,145.50580749896756,141.47463989257812,141.16750560116498,-0.005109811251164165,-0.005122910980492264,-0.006330423668525875,-0.006537660714545979,146.22373962402344,142.4809997558594,136.94273742675782,0.012766299368441836,0.01502007239975807,2.169144639459404,-0.806229195685944,8540860.0
2025-07-17,145.29466247558594,145.7361626807086,142.62641719026462,143.16390334192658,8359600,143.89334106445312,147.0798797607422,140.15972900390625,145.3906280408409,147.0798797607422,140.965958272325,143.2214834013815,141.3402604360986,137.96179131241703,144.69957026013907,141.3978607861923,139.871785795071,0.009738611952203824,0.009691497311333844,-0.005109811251164165,0.039620103450485056,145.68817138671875,142.6024139404297,137.27887084960938,0.0132962022526387,0.014565655424145969,3.10974549044397,2.130759133659353,8533760.0
2025-07-18,144.00851440429688,149.64255540408624,140.6396186623947,148.78833322560627,45782600,145.29466247558594,146.8687286376953,142.8663787841797,145.7361626807086,147.7709437705602,143.95094391033533,142.62641719026462,146.35042798267148,140.61084066954558,143.16390334192658,146.7919428130474,141.40747722396102,-0.00885199806637893,-0.008891409755106319,0.009738611952203824,-0.0014356220809423892,144.67654113769532,142.6911949157715,137.58738464355469,0.01185221611591707,0.014684512215540563,9.002936741691542,-4.779818821309391,16023640.0
2025-07-21,143.66297912597656,145.57298802238444,143.13510039343305,145.12188046717955,17982200,144.00851440429688,147.97250366210938,142.23289489746094,149.64255540408624,149.03788325172448,144.13329654111322,140.6396186623947,145.582594138,141.76258719343116,148.78833322560627,146.64797372761507,143.43264599870088,-0.002399408672116743,-0.002402291866001614,-0.00885199806637893,0.007515384892701871,144.29837646484376,142.69743270874022,137.88538452148438,0.0072729607731544955,0.014561339247963927,2.437887628951387,-1.4589013412029885,17478820.0
2025-07-22,144.00851440429688,144.8723439644197,142.51122740789592,143.25987090609638,26196500,143.66297912597656,149.06666564941406,143.53822326660156,145.57298802238444,149.62335189231518,143.87414478439814,143.13510039343305,147.3966215661092,141.9545430413353,145.12188046717955,148.08766469497425,142.54962954055614,0.0024051796811015436,0.0024022918660015808,-0.002399408672116743,0.007394360169800107,144.17360229492186,142.85004043579102,138.16658905029297,0.007198842229922856,0.013925017513135234,2.361116556523797,0.7486434982004937,21248860.0
2025-07-23,146.96469116210938,146.98389127847494,144.42122494608554,144.8435396337418,13162800,144.00851440429688,145.55380249023438,140.95635986328125,144.8723439644197,148.67315545516863,146.03370014801172,142.51122740789592,145.06430929731164,140.4380738245535,143.25987090609638,148.67315545516863,146.0049072928268,0.0205277914992803,0.020319936115250122,0.0024051796811015436,-0.023565719028300403,144.78787231445312,143.3093048095703,138.4794174194336,0.011339818299736472,0.01338636271854692,2.562666332389398,2.1211515283675624,22296740.0
2025-07-24,149.56576538085938,149.72892976482194,146.08168367480428,146.55199135474234,15701000,146.96469116210938,144.63238525390625,137.77940368652344,146.98389127847494,146.18725786723448,140.50523436285854,144.42122494608554,144.21007055759537,137.40508197143092,144.8435396337418,145.50580749896756,138.72959707731346,0.0176986335845859,0.017543836564347215,0.0205277914992803,-0.006330423668525875,145.6420928955078,143.91397933959962,138.7849072265625,0.01276609345518257,0.01369006036972583,3.64724609001766,3.0137740261170336,23765020.0
2025-07-25,148.6155548095703,149.92088450492687,147.770940050503,149.56576288959397,7875500,149.56576538085938,143.89334106445312,137.47227478027344,149.72892976482194,145.3906280408409,138.4032827976399,146.08168367480428,143.2214834013815,136.7812169808798,146.55199135474234,144.69957026013907,137.64504655282136,-0.006353128798354479,-0.006373395805992256,0.0176986335845859,-0.005109811251164165,146.5635009765625,144.4130744934082,139.05754791259767,0.012075607283783504,0.01385383501964726,2.1499444544238884,-0.950208080023657,16183600.0
2025-07-28,149.99766540527344,150.256815717757,148.72112860465137,149.15303602852555,8755400,148.6155548095703,145.29466247558594,138.63365173339844,149.92088450492687,145.7361626807086,139.24792375634513,147.770940050503,142.62641719026462,137.6354505427349,149.56576288959397,143.16390334192658,137.92339375717248,0.009299905366393801,0.009256927501049264,-0.006353128798354479,0.009738611952203824,147.83043823242187,145.01246871948243,139.37072723388673,0.011039159448630183,0.013774026014019574,1.535687113105638,0.8446293767478892,14338240.0
2025-07-29,150.71751403808594,150.89028579263265,149.20102706105374,150.3815779097658,6446000,149.99766540527344,144.00851440429688,138.00978088378906,150.256815717757,149.64255540408624,138.85441045972863,148.72112860465137,140.6396186623947,136.83883712451083,149.15303602852555,148.78833322560627,138.73923902497364,0.00479906557790466,0.004787586773069245,0.009299905366393801,-0.00885199806637893,149.1722381591797,145.6766502380371,139.6871142578125,0.01074503954765814,0.013630180588983914,1.6892587315789171,0.3359361283201281,10388140.0
2025-07-30,147.3870086669922,150.02646086989793,146.56157939226756,149.86329649116604,9191700,150.71751403808594,143.66297912597656,137.4338836669922,150.89028579263265,145.57298802238444,138.30730594021307,149.20102706105374,143.13510039343305,136.67563280724275,150.3815779097658,145.12188046717955,137.28990475475445,-0.022097666567484242,-0.022345477499952422,0.00479906557790466,-0.002399408672116743,149.25670166015624,146.0600898742676,139.9399255371094,0.015404461918124415,0.014567040682576079,3.464881477630371,-2.476287824173852,9593920.0
2025-07-31,145.54420471191406,147.7421422809416,145.0643042723937,145.88973361418468,10237100,147.3870086669922,144.00851440429688,139.7182159423828,150.02646086989793,144.8723439644197,140.3900736043508,146.56157939226756,142.51122740789592,136.78121305652516,149.86329649116604,143.25987090609638,137.5778495147867,-0.012503164096652308,-0.01258198636050208,-0.022097666567484242,0.0024051796811015436,148.4523895263672,146.23573303222656,140.19235290527342,0.01275028837190048,0.014569425468263815,2.6778380085478943,-0.3455289022706154,8501140.0
2025-08-01,145.3138427734375,148.43319553468382,144.3060635976615,146.4080151561818,10706500,145.54420471191406,146.96469116210938,142.03134155273438,147.7421422809416,146.98389127847494,142.06013440981977,145.0643042723937,144.42122494608554,139.62224642238797,145.88973361418468,144.8435396337418,141.10033345257253,-0.001582762700394258,-0.001584016592527594,-0.012503164096652308,0.0205277914992803,147.79204711914062,146.38114318847656,140.4635922241211,0.012836610521058176,0.01457994720541609,4.1271319370223125,-1.09417238274429,9067340.0
2025-08-04,144.9683074951172,145.9665085361631,143.79736398394107,145.1698721086316,10116600,145.3138427734375,149.56576538085938,142.4056396484375,148.43319553468382,149.72892976482194,142.9911187207691,144.3060635976615,146.08168367480428,141.43624611523842,146.4080151561818,146.55199135474234,141.89694639735902,-0.002377855211351365,-0.0023806867986814937,-0.001582762700394258,0.0176986335845859,146.7861755371094,146.55582656860352,140.76074645996093,0.010581193725285178,0.01449450421420528,2.1691445522220363,-0.2015646135144209,9339580.0
2025-08-05,146.88792419433594,146.94552455082533,143.8741499356387,144.95872964582898,8604100,144.9683074951172,148.6155548095703,141.47463989257812,145.9665085361631,149.92088450492687,142.2136906501966,143.79736398394107,147.770940050503,139.72780995549658,145.1698721086316,149.56576288959397,141.47463989257812,0.013241630066512355,0.013154726010063086,-0.002377855211351365,-0.006353128798354479,146.02025756835937,146.5462287902832,141.10147583007813,0.013227976397358851,0.011770024498462928,3.0713746151866133,1.9291945485069562,9771200.0
2025-08-06,146.63836669921875,148.9226973154007,146.10088058844607,148.27002514846382,7840900,146.88792419433594,149.99766540527344,147.0798797607422,146.94552455082533,150.256815717757,147.0798797607422,143.8741499356387,148.72112860465137,141.3402604360986,144.95872964582898,149.15303602852555,141.3978607861923,-0.0016989653607401012,-0.0017004102391527586,0.013241630066512355,0.009299905366393801,145.8705291748047,146.5347106933594,141.41321899414064,0.009190650366185476,0.011771862985109217,2.821816726954637,-1.6316584492450659,9501040.0
2025-08-07,147.0030975341797,148.91309179848685,146.68636150520953,147.6077620936697,6510400,146.63836669921875,150.71751403808594,146.8687286376953,148.9226973154007,150.89028579263265,147.7709437705602,146.10088058844607,149.20102706105374,146.35042798267148,148.27002514846382,150.3815779097658,146.7919428130474,0.002487281079099013,0.0024841929152102067,-0.0016989653607401012,0.00479906557790466,146.1623077392578,146.4862403869629,141.7074935913086,0.006563057170450926,0.011655750775065471,2.2267302932773134,-0.6046645594900042,8755700.0
2025-08-08,148.7787322998047,149.48899023844996,147.32943821253335,147.79974592607678,6332800,147.0030975341797,147.3870086669922,147.97250366210938,148.91309179848685,150.02646086989793,149.03788325172448,146.68636150520953,146.56157939226756,145.582594138,147.6077620936697,149.86329649116604,146.64797372761507,0.01207889354312508,0.012006525873269494,0.002487281079099013,-0.022097666567484242,146.85528564453125,146.47184371948242,142.07202606201173,0.007472211193569625,0.011862973279679638,2.1595520259166108,0.9789863737279063,7880960.0
2025-08-11,147.28143310546875,149.6617350416792,146.8399329290756,149.0954560719845,6169700,148.7787322998047,145.54420471191406,149.06666564941406,149.48899023844996,147.7421422809416,149.62335189231518,147.32943821253335,145.0643042723937,147.3966215661092,147.79974592607678,145.88973361418468,148.08766469497425,-0.010063933004340497,-0.010114916731064552,0.01207889354312508,-0.012503164096652308,147.31791076660156,146.55822525024413,142.37033203125,0.009748184834070965,0.010788637235479738,2.8218021126036206,-1.8140229665157506,7091580.0
2025-08-12,148.23165893554688,149.7769390287028,147.19507216696402,147.89572274970428,6641600,147.28143310546875,145.3138427734375,145.55380249023438,149.6617350416792,148.43319553468382,148.67315545516863,146.8399329290756,144.3060635976615,145.06430929731164,149.0954560719845,146.4080151561818,148.67315545516863,0.006451769310240607,0.006431045734684082,-0.010063933004340497,-0.001582762700394258,147.58665771484374,146.73818893432616,142.71086975097657,0.008377792381456316,0.010732101183046718,2.5818668617387743,0.33593618584259843,6699080.0
2025-08-13,149.60415649414062,149.73852802974184,148.0012908032552,148.3564270830147,6581900,148.23165893554688,144.9683074951172,144.63238525390625,149.7769390287028,145.9665085361631,146.18725786723448,147.19507216696402,143.79736398394107,144.21007055759537,147.89572274970428,145.1698721086316,145.50580749896756,0.009259139163992902,0.009216536111442006,0.006451769310240607,-0.002377855211351365,148.17981567382813,147.02372970581055,143.05697357177735,0.008645977126240899,0.010762425228707741,1.7372372264866556,1.2477294111259312,6447280.0
2025-08-14,148.92271423339844,149.44100028612266,147.90532760165846,149.44100028612266,7337300,149.60415649414062,146.88792419433594,143.89334106445312,149.73852802974184,146.94552455082533,145.3906280408409,148.0012908032552,143.8741499356387,143.2214834013815,148.3564270830147,144.95872964582898,144.69957026013907,-0.004554968770328793,-0.00456537425035897,0.009259139163992902,0.013241630066512355,148.56373901367186,147.20513229370118,143.35662353515625,0.009494638222318766,0.010696080629338146,1.5356726844642026,-0.5182860527242212,6612660.0
2025-08-15,150.2568359375,152.16683038230914,149.04747741343425,149.22984193026318,11617000,148.92271423339844,146.63836669921875,145.29466247558594,149.44100028612266,148.9226973154007,145.7361626807086,147.90532760165846,146.10088058844607,142.62641719026462,149.44100028612266,148.27002514846382,143.16390334192658,0.008958483673690454,0.008918594512751775,-0.004554968770328793,-0.0016989653607401012,148.85935974121094,147.51754837036134,143.72480316162108,0.008795445294135099,0.010547793700699495,3.1193529688748924,1.0269940072368229,7669500.0
2025-08-18,149.0762939453125,150.1992593246862,148.52920036168396,149.85373038907886,8174300,150.2568359375,147.0030975341797,144.00851440429688,152.16683038230914,148.91309179848685,149.64255540408624,149.04747741343425,146.68636150520953,140.6396186623947,149.22984193026318,147.6077620936697,148.78833322560627,-0.007856827177424086,-0.007887854669354691,0.008958483673690454,0.002487281079099013,149.21833190917968,147.78821411132813,144.07839447021485,0.008062864811836983,0.010741282120994577,1.6700589630022478,-0.7774364437663621,8070420.0
2025-08-19,147.51377868652344,149.39652270489788,147.36821180198183,148.93069386593294,8567500,149.0762939453125,148.7787322998047,143.66297912597656,150.1992593246862,149.48899023844996,145.57298802238444,148.52920036168396,147.32943821253335,143.13510039343305,149.85373038907886,147.79974592607678,145.12188046717955,-0.010481312738846671,-0.010536628558318191,-0.007856827177424086,0.01207889354312508,149.074755859375,147.96347732543944,144.33719604492188,0.009406772091549115,0.011090581615372564,2.028310902916047,-1.4169151794095,8455600.0
2025-08-20,148.69778442382812,148.95981964625366,147.44584987879844,147.9213930886177,8076300,147.51377868652344,147.28143310546875,144.00851440429688,149.39652270489788,149.6617350416792,144.8723439644197,147.36821180198183,146.8399329290756,142.51122740789592,148.93069386593294,149.0954560719845,143.25987090609638,0.008026407755581833,0.007994367476230878,-0.010481312738846671,-0.010063933004340497,148.8934814453125,148.05013198852538,144.60912048339844,0.009083386420861898,0.010269477721140553,1.5139697674552224,0.7763913352104339,8754480.0
2025-08-21,150.95901489257812,151.0754684080211,148.22223881220563,148.30959375722065,7533600,148.69778442382812,148.23165893554688,146.96469116210938,148.95981964625366,149.7769390287028,146.98389127847494,147.44584987879844,147.19507216696402,144.42122494608554,147.9213930886177,147.89572274970428,144.8435396337418,0.015206887429505267,0.015092421703050852,0.008026407755581833,0.006451769310240607,149.30074157714844,148.11979446411132,144.87655151367187,0.011281955328309189,0.01006466142849847,2.8532295958154634,2.6494211353574713,8793740.0
2025-08-22,153.5113983154297,154.10339509760348,150.73582383819542,150.73582383819542,9084300,150.95901489257812,149.60415649414062,149.56576538085938,151.0754684080211,149.73852802974184,149.72892976482194,148.22223881220563,148.0012908032552,146.08168367480428,148.30959375722065,148.3564270830147,146.55199135474234,0.01690779066535253,0.016766444976828828,0.015206887429505267,0.009259139163992902,149.95165405273437,148.3645866394043,145.16758026123046,0.012826340004846183,0.010561329241908345,3.3675712594080665,2.7755744772342723,8287200.0
2025-08-25,153.53079223632812,153.6472605577927,152.53119342698278,153.23964364531545,7030000,153.5113983154297,148.92271423339844,148.6155548095703,154.10339509760348,149.44100028612266,149.92088450492687,150.73582383819542,147.90532760165846,147.770940050503,150.73582383819542,149.44100028612266,149.56576288959397,0.00012633538037731817,0.00012632740073521763,0.01690779066535253,-0.004554968770328793,150.8425537109375,148.54124298095704,145.45534942626952,0.01133553546898722,0.01041088273572767,1.1160671308099097,0.29114859101267143,8058340.0
2025-08-26,152.71559143066406,155.27767243347915,151.92950058331883,152.86115832519732,10270000,153.53079223632812,150.2568359375,149.99766540527344,153.6472605577927,152.16683038230914,150.256815717757,152.53119342698278,149.04747741343425,148.72112860465137,153.23964364531545,149.22984193026318,149.15303602852555,-0.0053096893059031425,-0.005323835804059221,0.00012633538037731817,0.008958483673690454,151.88291625976564,148.64114685058593,145.70877044677735,0.009557015601413437,0.01047298861199233,3.348171850160327,-0.14556689453326044,8398840.0
2025-08-27,154.5401153564453,155.26797947676093,152.5700309887991,152.75441079352828,7483000,152.71559143066406,149.0762939453125,150.71751403808594,155.27767243347915,150.1992593246862,150.89028579263265,151.92950058331883,148.52920036168396,149.20102706105374,152.86115832519732,149.85373038907886,150.3815779097658,0.011947201387159101,0.011876396961906472,-0.0053096893059031425,-0.007856827177424086,153.05138244628907,148.9988021850586,145.99637817382813,0.009820377318700555,0.009268109501423222,2.6979484879618383,1.785704562917033,8280180.0
2025-08-28,154.6177520751953,154.81184620736653,153.1911372506656,154.3168891406319,6502000,154.5401153564453,147.51377868652344,147.3870086669922,155.26797947676093,149.39652270489788,150.02646086989793,152.5700309887991,147.36821180198183,146.56157939226756,152.75441079352828,148.93069386593294,149.86329649116604,0.0005023725947850277,0.0005022464479197493,0.011947201387159101,-0.010481312738846671,153.7831298828125,149.45247955322264,146.23140563964844,0.009222168761617657,0.008598523504395819,1.6207089567009234,0.30086293456341195,8073860.0
2025-08-29,155.85997009277344,156.34521282057355,154.74390293377343,154.9865242976735,6934800,154.6177520751953,148.69778442382812,145.54420471191406,154.81184620736653,148.95981964625366,147.7421422809416,153.1911372506656,147.44584987879844,145.0643042723937,154.3168891406319,147.9213930886177,145.88973361418468,0.008034122866913629,0.008002021126718694,0.0005023725947850277,0.008026407755581833,154.25284423828126,149.97978591918945,146.50394714355468,0.00687247757161229,0.008593922803124415,1.6013098868001236,0.8734457950999399,7643960.0
2025-09-02,157.0536651611328,157.08277854051627,154.67597872474062,155.74350385514472,8947300,155.85997009277344,150.95901489257812,145.3138427734375,156.34521282057355,151.0754684080211,148.43319553468382,154.74390293377343,148.22223881220563,144.3060635976615,154.9865242976735,148.30959375722065,146.4080151561818,0.007658766183830545,0.007629586725167991,0.008034122866913629,0.015206887429505267,154.9574188232422,150.58405380249025,146.77425598144532,0.006894155463544897,0.008522651354619657,2.4067998157756563,1.310161305988089,8027420.0
2025-09-03,153.39492797851562,157.07307612963612,152.3856296254308,155.27767212234835,9556100,157.0536651611328,153.5113983154297,144.9683074951172,157.08277854051627,154.10339509760348,145.9665085361631,154.67597872474062,150.73582383819542,143.79736398394107,155.74350385514472,150.73582383819542,145.1698721086316,-0.02329609550253675,-0.023571738894161958,0.007658766183830545,0.01690779066535253,155.0932861328125,150.9094039916992,147.02302734375,0.014179231634017117,0.010198971827260435,4.687446504205326,-1.8827441438327241,7884640.0
2025-09-04,153.03585815429688,154.93800140788977,152.85146354321287,153.39493304423942,7243000,153.39492797851562,153.53079223632812,146.88792419433594,157.07307612963612,153.6472605577927,146.94552455082533,152.3856296254308,152.53119342698278,143.8741499356387,155.27767212234835,153.23964364531545,144.95872964582898,-0.002340819406160821,-0.0023435634068833993,-0.02329609550253675,0.00012633538037731817,154.7924346923828,151.22927856445312,147.32815643310548,0.012784900721265409,0.010212950078506837,2.086537864676899,-0.35907488994254777,7836640.0
2025-09-05,149.12478637695312,152.09446925710404,148.9598056401038,151.45394535514907,11011700,153.03585815429688,152.71559143066406,146.63836669921875,154.93800140788977,155.27767243347915,148.9226973154007,152.85146354321287,151.92950058331883,146.10088058844607,153.39493304423942,152.86115832519732,148.27002514846382,-0.025556571018803043,-0.025888813047223416,-0.002340819406160821,-0.0053096893059031425,153.69384155273437,151.3353630065918,147.56120666503907,0.016374302865868585,0.011947429543441369,3.1346636170002284,-2.3291589781959487,8738580.0
2025-09-08,149.4547576904297,150.45435650848978,148.3678187368341,149.36741755489416,9462000,149.12478637695312,154.5401153564453,147.0030975341797,152.09446925710404,155.26797947676093,148.91309179848685,148.9598056401038,152.5700309887991,146.68636150520953,151.45394535514907,152.75441079352828,147.6077620936697,0.002212719437816757,0.0022102749794311078,-0.025556571018803043,0.011947201387159101,152.4127990722656,151.36916427612306,147.77762878417968,0.015193560381855875,0.0116567072255334,2.086537771655685,0.087340135535527,9244020.0
2025-09-09,150.27967834472656,152.3565166221451,150.03705698143733,150.33790510256674,7769200,149.4547576904297,154.6177520751953,148.7787322998047,150.45435650848978,154.81184620736653,149.48899023844996,148.3678187368341,153.1911372506656,147.32943821253335,149.36741755489416,154.3168891406319,147.79974592607678,0.005519534252670377,0.005504357443819756,0.002212719437816757,0.0005023725947850277,151.05800170898436,151.51907653808593,148.02302673339844,0.01465359569832334,0.011447017534262721,2.3194596407077768,-0.05822675784017406,9008400.0
2025-09-10,153.1328887939453,153.25905663797516,150.42524097215676,150.47376820512457,7440800,150.27967834472656,155.85997009277344,147.28143310546875,152.3565166221451,156.34521282057355,149.6617350416792,150.03705698143733,154.74390293377343,146.8399329290756,150.33790510256674,154.9865242976735,149.0954560719845,0.01898600316853072,0.018808018295936778,0.005519534252670377,0.008034122866913629,151.0055938720703,151.76413803100587,148.3370068359375,0.016233987407061178,0.012082600072982574,2.833815665818406,2.659120588820741,8585340.0
2025-09-11,153.57931518554688,154.2295386292258,151.4054225495153,151.8809657285187,6417400,153.1328887939453,157.0536651611328,148.23165893554688,153.25905663797516,157.08277854051627,149.7769390287028,150.42524097215676,154.67597872474062,147.19507216696402,150.47376820512457,155.74350385514472,147.89572274970428,0.002915287467751382,0.0029110462581389616,0.01898600316853072,0.007658766183830545,151.11428527832032,151.96289596557617,148.61422882080078,0.01623378100582507,0.011956252125423825,2.8241160797105067,1.698349457028172,8420220.0
2025-09-12,152.4729766845703,155.06417117874577,152.4632771606581,154.16162677660492,5546300,153.57931518554688,153.39492797851562,149.60415649414062,154.2295386292258,157.07307612963612,149.73852802974184,151.4054225495153,152.3856296254308,148.0012908032552,151.8809657285187,155.27767212234835,148.3564270830147,-0.007203694713965536,-0.007229766607493535,0.002915287467751382,-0.02329609550253675,151.78392333984374,152.14040908813476,148.8230615234375,0.009428708684297852,0.0120398330046623,2.600894018087672,-1.6886500920346066,7327140.0
2025-09-15,152.6670684814453,153.64726829359117,151.88097761203585,152.73500957308968,5030500,152.4729766845703,153.03585815429688,148.92271423339844,155.06417117874577,154.93800140788977,149.44100028612266,152.4632771606581,152.85146354321287,147.90532760165846,154.16162677660492,153.39493304423942,149.44100028612266,0.0012729586651707425,0.0012721491402108405,-0.007203694713965536,-0.002340819406160821,152.42638549804687,152.26092071533202,149.02829010009765,0.009494489629848201,0.011902647462854356,1.7662906815553185,-0.06794109164437145,6440840.0
2025-09-16,154.83123779296875,155.37472206866255,153.45315027000368,153.57931811362948,8011000,152.6670684814453,149.12478637695312,150.2568359375,153.64726829359117,152.09446925710404,152.16683038230914,151.88097761203585,148.9598056401038,149.04747741343425,152.73500957308968,151.45394535514907,149.22984193026318,0.014175744206331276,0.014076207908927208,0.0012729586651707425,-0.025556571018803043,153.33669738769532,152.54866790771484,149.29542205810546,0.01050800547488021,0.012071463328129669,1.9215717986588743,1.2519196793392666,6489200.0
2025-09-17,155.36502075195312,155.9279041211787,153.92870635266618,154.50128924589382,5736800,154.83123779296875,149.4547576904297,149.0762939453125,155.37472206866255,150.45435650848978,150.1992593246862,153.45315027000368,148.3678187368341,148.52920036168396,153.57931811362948,149.36741755489416,149.85373038907886,0.003447514639766114,0.003441585584266411,0.014175744206331276,0.002212719437816757,153.7831237792969,152.94123001098632,149.46112487792968,0.007618595657364733,0.0117120391227432,1.9991977685125164,0.8637315060593096,6148400.0
2025-09-18,154.15191650390625,155.55911754677751,153.42405236361762,155.30679664251363,6244200,155.36502075195312,150.27967834472656,147.51377868652344,155.9279041211787,152.3565166221451,149.39652270489788,153.92870635266618,150.03705698143733,147.36821180198183,154.50128924589382,150.33790510256674,148.93069386593294,-0.007808091178925336,-0.007838733934697134,0.003447514639766114,0.005519534252670377,153.89764404296875,153.21393661499025,149.6067886352539,0.00900415526783112,0.011864505401770737,2.1350651831598952,-1.154880138607382,6113760.0
2025-09-19,151.5995330810547,154.3071808711976,150.95900915360335,154.3071808711976,16734000,154.15191650390625,153.1328887939453,148.69778442382812,155.55911754677751,153.25905663797516,148.95981964625366,153.42405236361762,150.42524097215676,147.44584987879844,155.30679664251363,150.47376820512457,147.9213930886177,-0.016557584756248467,-0.01669619371238511,-0.007808091178925336,0.01898600316853072,153.72295532226562,153.24596252441407,149.6793292236328,0.011657555602339874,0.012108744201919675,3.348171717594255,-2.7076477901429143,8351300.0
2025-09-22,151.4442596435547,152.48267138981868,150.57081384075263,151.02694319358156,5244000,151.5995330810547,153.57931518554688,150.95901489257812,154.3071808711976,154.2295386292258,151.0754684080211,150.95900915360335,151.4054225495153,148.22223881220563,154.3071808711976,151.8809657285187,148.30959375722065,-0.0010242342726543008,-0.001024759159011946,-0.016557584756248467,0.002915287467751382,153.4783935546875,153.14260559082032,149.72688110351564,0.011586003009923886,0.011459338606758051,1.9118575490660419,0.41731644997312856,8394000.0
2025-09-23,152.7738037109375,155.1126769843484,152.35650211386567,152.48265514102874,7181400,151.4442596435547,152.4729766845703,153.5113983154297,152.48267138981868,155.06417117874577,154.10339509760348,150.57081384075263,152.4632771606581,150.73582383819542,151.02694319358156,154.16162677660492,150.73582383819542,0.008779098465085955,0.008740786248024933,-0.0010242342726543008,-0.007203694713965536,153.06690673828126,153.1047561645508,149.87128112792968,0.009880187315922866,0.011650540617415881,2.756174870482738,0.29114856990875637,8228080.0
2025-09-24,154.48187255859375,155.75322098438022,153.5793281646316,153.64726925670186,6285200,152.7738037109375,152.6670684814453,153.53079223632812,155.1126769843484,153.64726829359117,153.6472605577927,152.35650211386567,151.88097761203585,152.53119342698278,152.48265514102874,152.73500957308968,153.23964364531545,0.011180377827654686,0.011118339384021672,0.008779098465085955,0.0012729586651707425,152.89027709960936,153.19307022094728,150.06827087402343,0.011536295466825783,0.011850361202116496,2.1738928197486302,0.8346033018918888,8337760.0
2025-09-25,155.97640991210938,156.25784415380963,154.6468496933872,154.7341898226978,6311000,154.48187255859375,154.83123779296875,152.71559143066406,155.75322098438022,155.37472206866255,155.27767243347915,153.5793281646316,153.45315027000368,151.92950058331883,153.64726925670186,153.57931811362948,152.86115832519732,0.009674516037140535,0.009628017566455063,0.011180377827654686,0.014175744206331276,153.25517578125,153.26488494873047,150.30993225097657,0.011638528379180522,0.011746694299143877,1.6109944604224324,1.2422200894115747,8351120.0
2025-09-26,155.43295288085938,156.53930569906524,154.80212845470055,155.83085546849964,7015200,155.97640991210938,155.36502075195312,154.5401153564453,156.25784415380963,155.9279041211787,155.26797947676093,154.6468496933872,153.92870635266618,152.5700309887991,154.7341898226978,154.50128924589382,152.75441079352828,-0.0034842257977102387,-0.0034903098486640844,0.009674516037140535,0.003447514639766114,154.02185974121093,153.30564498901367,150.51269805908203,0.00675648003348639,0.011780937137570347,1.7371772443646876,-0.3979025876402602,6407360.0
2025-09-29,151.49278259277344,154.43335228131014,150.96871216423136,154.43335228131014,8315100,155.43295288085938,154.15191650390625,154.6177520751953,156.53930569906524,155.55911754677751,154.81184620736653,154.80212845470055,153.42405236361762,153.1911372506656,155.83085546849964,155.30679664251363,154.3168891406319,-0.02534964571577114,-0.02567648329112246,-0.0034842257977102387,-0.007808091178925336,154.03156433105468,153.08728561401367,150.66238342285158,0.015413354659532022,0.012939814173835733,3.4646401170787726,-2.940569688536698,7021580.0
2025-09-30,150.7066650390625,151.13368096681256,149.38680435712195,150.31847681843408,7755700,151.49278259277344,151.5995330810547,155.85997009277344,154.43335228131014,154.3071808711976,156.34521282057355,150.96871216423136,150.95900915360335,154.74390293377343,154.43335228131014,154.3071808711976,154.9865242976735,-0.005189141952881671,-0.0052026523083538445,-0.02534964571577114,-0.016557584756248467,153.61813659667968,152.76993560791016,150.80325714111328,0.01471044523192177,0.012787583804679311,1.7468766096906165,0.38818822062842173,7136440.0
2025-10-01,150.01763916015625,150.51258139714622,148.6686650082668,150.26026051703155,6768400,150.7066650390625,151.4442596435547,157.0536651611328,151.13368096681256,152.48267138981868,157.08277854051627,149.38680435712195,150.57081384075263,154.67597872474062,150.31847681843408,151.02694319358156,155.74350385514472,-0.004571966865086319,-0.004582450270987502,-0.005189141952881671,-0.0010242342726543008,152.72528991699218,152.6010711669922,150.92343963623046,0.012538860116657084,0.011791663409687608,1.8439163888794212,-0.24262135687530417,7233080.0
2025-10-02,148.8433380126953,151.97801645260404,148.7948255904339,149.41593564138338,7562400,150.01763916015625,152.7738037109375,153.39492797851562,150.51258139714622,155.1126769843484,157.07307612963612,148.6686650082668,152.35650211386567,152.3856296254308,150.26026051703155,152.48265514102874,155.27767212234835,-0.007827753816384675,-0.007858551504380997,-0.004571966865086319,0.008779098465085955,151.29867553710938,152.3914451599121,150.9610125732422,0.009121871014284745,0.01188681773076066,3.183190862170136,-0.5725976286880723,7483360.0
2025-10-03,149.01803588867188,149.7264860831556,147.7369880547136,149.04714926594983,7249300,148.8433380126953,154.48187255859375,153.03585815429688,151.97801645260404,155.75322098438022,154.93800140788977,148.7948255904339,153.5793281646316,152.85146354321287,149.41593564138338,153.64726925670186,153.39493304423942,0.0011737030243279545,0.0011730147734154409,-0.007827753816384675,0.011180377827654686,150.01569213867188,152.38610763549804,150.95005798339844,0.010052687811683132,0.010432082488906513,1.989498028442,-0.029113377277951713,7530180.0
2025-10-06,149.4741668701172,150.0855626081743,148.4066269966331,149.42563963797116,4778900,149.01803588867188,155.97640991210938,149.12478637695312,149.7264860831556,156.25784415380963,152.09446925710404,147.7369880547136,154.6468496933872,148.9598056401038,149.04714926594983,154.7341898226978,151.45394535514907,0.0030609112428918728,0.003056236191588726,0.0011737030243279545,0.009674516037140535,149.61196899414062,152.38707809448243,150.96723022460938,0.004587574837768585,0.010443200754394425,1.6789356115412204,0.04852723214602861,6822940.0
2025-10-07,150.33790588378906,150.38643311838564,146.81503893182446,149.11508472906,5479600,149.4741668701172,155.43295288085938,149.4547576904297,150.0855626081743,156.53930569906524,150.45435650848978,148.4066269966331,154.80212845470055,148.3678187368341,149.42563963797116,155.83085546849964,149.36741755489416,0.005778516995665228,0.005761885406187576,0.0030609112428918728,-0.0034842257977102387,149.53821716308593,152.38998947143554,150.97403503417968,0.005594092064628945,0.010450486670927881,3.5713941865611787,1.2228211547290755,6367720.0
2025-10-08,149.2024383544922,150.1146822380446,148.3289925647811,149.80413459455357,5678000,150.33790588378906,151.49278259277344,150.27967834472656,150.38643311838564,154.43335228131014,152.3565166221451,146.81503893182446,150.96871216423136,150.03705698143733,149.11508472906,154.43335228131014,150.33790510256674,-0.007552769360606781,-0.007581435955784416,0.005778516995665228,-0.02534964571577114,149.37517700195312,152.1934669494629,150.9437335205078,0.0062588795069067615,0.0095702168519847,1.785689673263505,-0.6016962400613863,6149640.0
2025-10-09,147.16441345214844,150.39613178658678,147.08677283892206,149.58092756035893,6178600,149.2024383544922,150.7066650390625,153.1328887939453,150.1146822380446,151.13368096681256,153.25905663797516,148.3289925647811,149.38680435712195,150.42524097215676,149.80413459455357,150.31847681843408,150.47376820512457,-0.013659461097422443,-0.013753609866876024,-0.007552769360606781,-0.005189141952881671,149.03939208984374,151.87272186279296,150.93928161621093,0.008103691335209051,0.009901934511254259,3.3093589476647196,-2.4165141082104924,5872880.0
2025-10-10,144.50526428222656,146.8829652626434,144.49556475965505,146.25214089314105,7796600,147.16441345214844,150.01763916015625,153.57931518554688,150.39613178658678,150.51258139714622,154.2295386292258,147.08677283892206,148.6686650082668,151.4054225495153,149.58092756035893,150.26026051703155,151.8809657285187,-0.0180692404335,-0.018234482720005794,-0.013659461097422443,-0.004571966865086319,148.1368377685547,151.47433624267578,150.9185028076172,0.010338514115422295,0.010478865413759548,2.3874005029883563,-1.7468766109144838,5982340.0
2025-10-13,147.45555114746094,147.49436404698807,145.0196233639368,145.57280713911263,5978800,144.50526428222656,148.8433380126953,152.4729766845703,146.8829652626434,151.97801645260404,155.06417117874577,144.49556475965505,148.7948255904339,152.4632771606581,146.25214089314105,149.41593564138338,154.16162677660492,0.020416466347359608,0.020210844304826493,-0.0180692404335,-0.007827753816384675,147.73311462402344,151.21376037597656,150.96133697509765,0.01570107303531189,0.011661484923312426,2.474740683051266,1.8827440083483111,6222320.0
2025-10-14,147.89227294921875,148.9306994593889,145.24285189203334,145.38841878204207,6419400,147.45555114746094,149.01803588867188,152.6670684814453,147.49436404698807,149.7264860831556,153.64726829359117,145.0196233639368,147.7369880547136,151.88097761203585,145.57280713911263,149.04714926594983,152.73500957308968,0.0029617182829628774,0.00295734103602083,0.020416466347359608,0.0011737030243279545,147.24398803710938,150.86681213378907,151.01981628417968,0.015371594117474383,0.011116331558420093,3.6878475673555613,2.5038541671766836,6410280.0
2025-10-15,147.6205291748047,149.65855436070558,146.58210272823126,148.38720609595077,5824900,147.89227294921875,149.4741668701172,154.83123779296875,148.9306994593889,150.0855626081743,155.37472206866255,145.24285189203334,148.4066269966331,153.45315027000368,145.38841878204207,149.42563963797116,153.57931811362948,-0.0018374440327073582,-0.0018391342037077677,0.0029617182829628774,0.0030609112428918728,146.92760620117187,150.47958755493164,151.03446838378906,0.015176457850843868,0.011036770729021879,3.076451632474317,-0.766676921146086,6439660.0
2025-10-16,147.2323455810547,148.2222300204711,145.7960165364334,147.64964719226185,5276800,147.6205291748047,150.33790588378906,155.36502075195312,149.65855436070558,150.38643311838564,155.9279041211787,146.58210272823126,146.81503893182446,153.92870635266618,148.38720609595077,149.11508472906,154.50128924589382,-0.0026296044047527944,-0.002633067887474211,-0.0018374440327073582,0.005778516995665228,146.94119262695312,150.13360900878905,151.0463479614258,0.013804442992647811,0.010966089922750331,2.426213484037703,-0.417301611207165,6259300.0
2025-10-17,148.56192016601562,149.63915964920605,147.70788819853252,147.76611495841848,7735500,147.2323455810547,149.2024383544922,154.15191650390625,148.2222300204711,150.1146822380446,155.55911754677751,145.7960165364334,148.3289925647811,153.42405236361762,147.64964719226185,149.80413459455357,155.30679664251363,0.009030451696695696,0.008989920992074164,-0.0026296044047527944,-0.007552769360606781,147.75252380371094,149.98172836303712,151.0775244140625,0.009503913460881837,0.010696667130676744,1.9312714506735347,0.7958052075971409,6247080.0
2025-10-20,149.92059326171875,150.15351510866577,148.65895917218057,148.90158054292124,5676500,148.56192016601562,147.16441345214844,151.5995330810547,149.63915964920605,150.39613178658678,154.3071808711976,147.70788819853252,147.08677283892206,150.95900915360335,147.76611495841848,149.58092756035893,154.3071808711976,0.00914550036903683,0.00910393352140591,0.009030451696695696,-0.013659461097422443,148.2455322265625,149.90554504394532,151.1003616333008,0.0056716422434647815,0.010932423065841624,1.4945559364851988,1.0190127187975122,6186620.0
2025-10-21,149.25096130371094,150.7066895807714,148.68809273466928,150.1729343925963,6304900,149.92059326171875,144.50526428222656,151.4442596435547,150.15351510866577,146.8829652626434,152.48267138981868,148.65895917218057,144.49556475965505,150.57081384075263,148.90158054292124,146.25214089314105,151.02694319358156,-0.0044665775624221915,-0.0044765825230533695,0.00914550036903683,-0.0180692404335,148.51726989746095,149.729402923584,151.13975219726564,0.006677320788401701,0.010743574809200403,2.0185968461021275,-0.9219730888853519,6163720.0
2025-10-22,150.97842407226562,151.3763118405178,149.0762661311529,150.08556445341137,6036700,149.25096130371094,147.45555114746094,152.7738037109375,150.7066895807714,147.49436404698807,155.1126769843484,148.68809273466928,145.0196233639368,152.35650211386567,150.1729343925963,145.57280713911263,152.48265514102874,0.011574215358248097,0.011507746519120378,-0.0044665775624221915,0.020416466347359608,149.18884887695313,149.5542304992676,151.1946875,0.007472887979836295,0.01076762297904237,2.3000457093648947,0.8928596188542599,6206080.0
2025-10-23,151.93919372558594,153.90927792717042,151.51217777497868,153.5307892088471,9810900,150.97842407226562,147.89227294921875,154.48187255859375,151.3763118405178,148.9306994593889,155.75322098438022,149.0762661311529,145.24285189203334,153.5793281646316,150.08556445341137,145.38841878204207,153.64726925670186,0.0063636222143930166,0.006343459862402797,0.011574215358248097,0.0029617182829628774,150.13021850585938,149.3523696899414,151.2413882446289,0.006310477247762866,0.01061780713118028,2.39710015219174,-1.591595483261159,7112900.0
2025-10-24,150.96871948242188,152.97763154182732,150.84255163083603,152.77382307452967,4979900,151.93919372558594,147.6205291748047,155.97640991210938,153.90927792717042,149.65855436070558,156.25784415380963,151.51217777497868,146.58210272823126,154.6468496933872,153.5307892088471,148.38720609595077,154.7341898226978,-0.006387254133497722,-0.00640773991971902,0.0063636222143930166,-0.0018374440327073582,150.61157836914063,149.12915802001953,151.28230834960937,0.008157301663808474,0.010669579094628203,2.135079910991294,-1.8051035921077982,6561780.0
2025-10-27,150.6969757080078,151.88096911195774,150.29907312947347,151.20163227569935,4884400,150.96871948242188,147.2323455810547,155.43295288085938,152.97763154182732,148.2222300204711,156.53930569906524,150.84255163083603,145.7960165364334,154.80212845470055,152.77382307452967,147.64964719226185,155.83085546849964,-0.0018000005255771612,-0.001801622473153091,-0.006387254133497722,-0.0026296044047527944,150.76685485839843,149.08936767578126,151.29111114501953,0.007629897422566555,0.009066676473383379,1.5818959824842693,-0.5046565676915407,6403360.0
2025-10-28,149.58091735839844,151.61892778496832,149.3479955346054,150.32818044392482,5066500,150.6969757080078,148.56192016601562,151.49278259277344,151.88096911195774,149.63915964920605,154.43335228131014,150.29907312947347,147.70788819853252,150.96871216423136,151.20163227569935,147.76611495841848,154.43335228131014,-0.007405977089891103,-0.007433537497028686,-0.0018000005255771612,0.009030451696695696,150.83284606933594,149.03308029174804,151.30120361328125,0.008249912536913815,0.009143789699789552,2.2709322503629323,-0.7472630855263844,6155680.0
2025-10-29,150.5222930908203,151.5412909250921,149.31888585077357,149.31888585077357,7344400,149.58091735839844,149.92059326171875,150.7066650390625,151.61892778496832,150.15351510866577,151.13368096681256,149.3479955346054,148.65895917218057,149.38680435712195,150.32818044392482,148.90158054292124,150.31847681843408,0.006293421306986069,0.006273700429059308,-0.007405977089891103,0.00914550036903683,150.7416198730469,149.05831298828124,151.3613739013672,0.006657028486628799,0.009201411098157272,2.2224050743185444,1.2034072400467437,6417220.0
2025-10-30,148.9889373779297,150.64845928209323,148.71720262393293,150.64845928209323,8971200,150.5222930908203,149.25096130371094,150.01763916015625,151.5412909250921,150.7066895807714,150.51258139714622,149.31888585077357,148.68809273466928,148.6686650082668,149.31888585077357,150.1729343925963,150.26026051703155,-0.010186901098865442,-0.010239142665138761,0.006293421306986069,-0.0044665775624221915,150.1515686035156,149.06559295654296,151.3671969604492,0.0064482407353486605,0.0093241516760362,1.9312566581602937,-1.6595219041635403,6249280.0
2025-10-31,153.06497192382812,154.4818724396216,150.5320042148969,151.13370047707494,11136100,148.9889373779297,150.97842407226562,148.8433380126953,150.64845928209323,151.3763118405178,151.97801645260404,148.71720262393293,149.0762661311529,148.7948255904339,150.64845928209323,150.08556445341137,149.41593564138338,0.027357967763465885,0.026990426946345195,-0.010186901098865442,0.011574215358248097,150.57081909179686,149.26793975830077,151.4093161010742,0.015077018777970597,0.011144823012390575,3.9498682247247245,1.9312714467531862,7480520.0
2025-11-03,149.49356079101562,153.0649546747859,149.0374462880903,152.76410657759973,8512200,153.06497192382812,151.93919372558594,149.01803588867188,154.4818724396216,153.90927792717042,149.7264860831556,150.5320042148969,151.51217777497868,147.7369880547136,151.13370047707494,153.5307892088471,149.04714926594983,-0.02333264814231828,-0.02360916407861358,0.027357967763465885,0.0063636222143930166,150.33013610839845,149.2689094543457,151.32895935058593,0.019238742534948144,0.012426660537055646,4.027508386695587,-3.2705457865841083,8206080.0
2025-11-04,148.86276245117188,149.221837328655,147.6593551632031,148.90157535342703,6976800,149.49356079101562,150.96871948242188,149.4741668701172,153.0649546747859,152.97763154182732,150.0855626081743,149.0374462880903,150.84255163083603,148.4066269966331,152.76410657759973,152.77382307452967,149.42563963797116,-0.004219568632294335,-0.0042284961343379765,-0.02333264814231828,-0.006387254133497722,150.18650512695314,149.19515228271484,151.2355987548828,0.01904411870706151,0.012386378473793905,1.562482165451911,-0.03881290225515954,8588140.0
2025-11-05,148.15431213378906,149.84294733691607,148.15431213378906,148.99862973535258,5894700,148.86276245117188,150.6969757080078,150.33790588378906,149.221837328655,151.88096911195774,150.38643311838564,147.6593551632031,150.29907312947347,146.81503893182446,148.90157535342703,151.20163227569935,149.11508472906,-0.004759083505622819,-0.004770444001559759,-0.004219568632294335,-0.0018000005255771612,149.71290893554686,149.1427459716797,151.14437316894532,0.01864974613732773,0.012317269040746086,1.6886352031270064,-0.8443176015635174,8298200.0
2025-11-06,148.42604064941406,150.22142976891945,148.17370496597056,148.39692727185243,6466300,148.15431213378906,149.58091735839844,149.2024383544922,149.84294733691607,151.61892778496832,150.1146822380446,148.15431213378906,149.3479955346054,148.3289925647811,148.99862973535258,150.32818044392482,149.80413459455357,0.001834091169615304,0.0018324112781418491,-0.004759083505622819,-0.007405977089891103,149.60032958984374,149.20582733154296,151.0220916748047,0.018267063679189923,0.011912090759713554,2.047724802948892,0.029113377561628795,7797220.0
2025-11-07,150.4446563720703,151.56070869962986,148.90157327506788,148.90157327506788,9835900,148.42604064941406,150.5222930908203,147.16441345214844,150.22142976891945,151.5412909250921,150.39613178658678,148.17370496597056,149.31888585077357,147.08677283892206,148.39692727185243,149.31888585077357,149.58092756035893,0.013600145323718893,0.013508493398616707,0.001834091169615304,0.006293421306986069,149.07626647949218,149.50279693603517,150.93862976074217,0.013381207824974973,0.01140886054023383,2.659135424561981,1.5430830970024374,7537180.0
2025-11-10,151.05606079101562,151.37632278014294,147.87286956436233,150.83285327438753,8436800,150.4446563720703,148.9889373779297,144.50526428222656,151.56070869962986,150.64845928209323,146.8829652626434,148.90157327506788,148.71720262393293,144.49556475965505,148.90157327506788,150.64845928209323,146.25214089314105,0.004063982288830648,0.004055746618347675,0.013600145323718893,-0.010186901098865442,149.38876647949218,149.68282241821288,150.84255157470704,0.007469356968110775,0.010581369603015162,3.5034532157806098,0.22320751662809357,7522100.0
2025-11-11,151.62864685058594,153.3269963299716,151.2986705544682,152.12358908211414,6361400,151.05606079101562,153.06497192382812,147.45555114746094,151.37632278014294,154.4818724396216,147.49436404698807,147.87286956436233,150.5320042148969,145.0196233639368,150.83285327438753,151.13370047707494,145.57280713911263,0.0037905533652335954,0.0037833873209663846,0.004063982288830648,0.027357967763465885,149.941943359375,149.86964111328126,150.73405120849608,0.0065801043624821335,0.010590004654294681,2.02832577550339,-0.4949422315281993,7399020.0
2025-11-12,148.79483032226562,151.19191566367317,147.59142308159247,150.9881220200856,11670900,151.62864685058594,149.49356079101562,147.89227294921875,153.3269963299716,153.0649546747859,148.9306994593889,151.2986705544682,149.0374462880903,145.24285189203334,152.12358908211414,152.76410657759973,145.38841878204207,-0.01868918959035981,-0.018866039413738215,0.0037905533652335954,-0.02333264814231828,150.0700469970703,149.9283561706543,150.6420492553711,0.011877148918279741,0.011485435948445463,3.6004925820807046,-2.193291697819973,8554260.0
2025-11-13,150.9881134033203,151.5898095851025,149.38680368149966,149.45474476443962,7998700,148.79483032226562,148.86276245117188,147.6205291748047,151.19191566367317,149.221837328655,149.65855436070558,147.59142308159247,147.6593551632031,146.58210272823126,150.9881220200856,148.90157535342703,148.38720609595077,0.014740317767118594,0.01463273519553161,-0.01868918959035981,-0.004219568632294335,150.58246154785155,150.11614456176758,150.60109436035157,0.01342684162669967,0.011889237386135934,2.2030059036028433,1.5333686388806882,8860740.0
2025-11-14,152.96791076660156,153.28817273976085,150.24084904148376,151.61893659334842,8484800,150.9881134033203,148.15431213378906,147.2323455810547,151.5898095851025,149.84294733691607,148.2222300204711,149.38680368149966,148.15431213378906,145.7960165364334,149.45474476443962,148.99862973535258,147.64964719226185,0.013112273003854202,0.013027051310556877,0.014740317767118594,-0.004759083505622819,151.0871124267578,150.33644409179686,150.67795684814453,0.013336572749252961,0.012062204760838989,3.047323698277097,1.34897417325314,8590520.0
2025-11-17,150.2505645751953,153.22994720825648,149.88177536525592,153.06496645866065,8745000,152.96791076660156,148.42604064941406,148.56192016601562,153.28817273976085,150.22142976891945,149.63915964920605,150.24084904148376,148.17370496597056,147.70788819853252,151.61893659334842,148.39692727185243,147.76611495841848,-0.01776415836359546,-0.017923834863381904,0.013112273003854202,0.001834091169615304,150.92601318359374,150.3529426574707,150.69387298583985,0.016307977218033443,0.012654474652013097,3.348171843000557,-2.8144018834653366,8652160.0
2025-11-18,150.75103759765625,151.39871524408073,148.92577375925504,149.65195914832074,10813400,150.2505645751953,150.4446563720703,149.92059326171875,153.22994720825648,151.56070869962986,150.15351510866577,149.88177536525592,148.90157327506788,148.65895917218057,153.06496645866065,148.90157327506788,148.90158054292124,0.0033309227414615172,0.003325387506527515,-0.01776415836359546,0.013600145323718893,150.7504913330078,150.42794647216797,150.70330017089844,0.016275753564857928,0.012623669196913245,2.4729414848256965,1.099078449335508,9542560.0
2025-11-19,148.8668975830078,149.1220514915678,147.4439803019792,148.33698903429723,7539900,150.75103759765625,151.05606079101562,149.25096130371094,151.39871524408073,151.37632278014294,150.7066895807714,148.92577375925504,147.87286956436233,148.68809273466928,149.65195914832074,150.83285327438753,150.1729343925963,-0.012498355199896394,-0.01257711658788918,0.0033309227414615172,0.004063982288830648,150.76490478515626,150.32237014770507,150.6179803466797,0.014764046484630524,0.012667362075823252,1.678071189588593,0.5299085487105799,8716360.0
2025-11-20,147.50283813476562,150.18184900861533,147.24769923329103,149.69118690852028,7623400,148.8668975830078,151.62864685058594,150.97842407226562,149.1220514915678,153.3269963299716,151.3763118405178,147.4439803019792,151.2986705544682,149.0762661311529,148.33698903429723,152.12358908211414,150.08556445341137,-0.009162946701979813,-0.00920518471252217,-0.012498355199896394,0.0037905533652335954,150.0678497314453,150.10055236816407,150.49645080566407,0.012580974231705195,0.012692091309205329,2.9341497753243004,-2.1883487737546545,8641300.0
2025-11-21,147.17901611328125,148.18977895668198,145.9719914022551,147.6304318852584,9248400,147.50283813476562,148.79483032226562,151.93919372558594,150.18184900861533,151.19191566367317,153.90927792717042,147.24769923329103,147.59142308159247,151.51217777497868,149.69118690852028,150.9881220200856,153.5307892088471,-0.0021953612932418265,-0.0021977746315924376,-0.009162946701979813,-0.01868918959035981,148.91007080078126,149.91106719970702,150.39057159423828,0.008343038783371823,0.012639974800930955,2.2177875544268773,-0.451415771977139,8794020.0
2025-11-24,146.95330810546875,147.31639329046757,144.9808517311558,147.022007991182,14181100,147.17901611328125,150.9881134033203,150.96871948242188,148.18977895668198,151.5898095851025,152.97763154182732,145.9719914022551,149.38680368149966,150.84255163083603,147.6304318852584,149.45474476443962,152.77382307452967,-0.0015335610589948256,-0.001534738167354609,-0.0021953612932418265,0.014740317767118594,148.25061950683593,149.72388381958007,150.27629638671874,0.006346502685732104,0.012639443467394257,2.335541559311764,-0.0686998857132437,9881240.0
2025-11-25,145.75608825683594,147.10049767482113,145.50094934485776,146.11917343423175,11447900,146.95330810546875,152.96791076660156,150.6969757080078,147.31639329046757,153.28817273976085,151.88096911195774,144.9808517311558,150.24084904148376,150.29907312947347,147.022007991182,151.61893659334842,151.20163227569935,-0.008146940440248995,-0.008180308112720667,-0.0015335610589948256,0.013112273003854202,147.2516296386719,149.53264236450195,150.0947933959961,0.004710739089709279,0.012659719222886324,1.599548329963369,-0.363085177395817,10008140.0
2025-11-26,146.71778869628906,147.6500587475981,145.43225627667798,145.49113333806164,7578900,145.75608825683594,150.2505645751953,149.58091735839844,147.10049767482113,153.22994720825648,151.61892778496832,145.50094934485776,149.88177536525592,149.3479955346054,146.11917343423175,153.06496645866065,150.32818044392482,0.006598012137637221,0.006576340529677877,-0.008146940440248995,-0.01776415836359546,146.82180786132812,149.3424171447754,149.9218487548828,0.006311301174045773,0.012669410810963766,2.217802470920134,1.2266553582274184,10015940.0
2025-11-28,148.3075408935547,148.69025675777766,146.47245433664253,146.66873116860916,3848600,146.71778869628906,150.75103759765625,150.5222930908203,147.6500587475981,151.39871524408073,151.5412909250921,145.43225627667798,148.92577375925504,149.31888585077357,145.49113333806164,149.65195914832074,149.31888585077357,0.010835442732554101,0.010777159958085245,0.006598012137637221,0.0033309227414615172,146.98274841308594,149.30834732055663,149.80496124267577,0.007554920196549789,0.012756593869521736,2.217802421135133,1.6388097249455313,9260980.0
2025-12-01,149.69119262695312,151.0748633957961,148.6706220082484,148.91595306766794,8209000,148.3075408935547,148.8668975830078,148.9889373779297,148.69025675777766,149.1220514915678,150.64845928209323,146.47245433664253,147.4439803019792,148.71720262393293,146.66873116860916,148.33698903429723,150.64845928209323,0.00932961146184419,0.009286359445053736,0.010835442732554101,-0.012498355199896394,147.4851837158203,149.1396583557129,149.76679443359376,0.008036539634898579,0.011259470916188606,2.4042413875476996,0.7752395592851826,9053100.0
2025-12-02,147.4439697265625,149.61270292466523,146.47245332081732,149.18091785544516,9196300,149.69119262695312,147.50283813476562,153.06497192382812,151.0748633957961,150.18184900861533,154.4818724396216,148.6706220082484,147.24769923329103,150.5320042148969,148.91595306766794,149.69118690852028,151.13370047707494,-0.015012392252034212,-0.01512621885572139,0.00932961146184419,-0.009162946701979813,147.58331604003905,149.03717880249025,149.68678863525392,0.011588026297050158,0.01052256716325429,3.1402496038479057,-1.7369481288826591,8056140.0
2025-12-03,148.75894165039062,149.6519503247337,148.1603332501389,148.21921031019318,8060200,147.4439697265625,147.17901611328125,149.49356079101562,149.61270292466523,148.18977895668198,153.0649546747859,146.47245332081732,145.9719914022551,149.0374462880903,149.18091785544516,147.6304318852584,152.76410657759973,0.00891845170926131,0.008878917202671616,-0.015012392252034212,-0.0021953612932418265,148.18388671875,149.03198776245117,149.60649139404296,0.010810300449672414,0.01069582704422495,1.4916170745947852,0.5397313401974486,7378600.0
2025-12-04,149.4164276123047,150.08373590073995,148.39585696235784,148.91595762634324,7254700,148.75894165039062,146.95330810546875,148.86276245117188,149.6519503247337,147.31639329046757,149.221837328655,148.1603332501389,144.9808517311558,147.6593551632031,148.21921031019318,147.022007991182,148.90157535342703,0.004419808010326376,0.0044100693437159446,0.00891845170926131,-0.0015335610589948256,148.72361450195314,149.09509353637696,149.5051824951172,0.010729760450789105,0.010676898792282499,1.687878938382113,0.5004699859614448,7313760.0
2025-12-05,147.19863891601562,149.77952650996545,147.03181558876918,149.16128743489585,12659800,149.4164276123047,145.75608825683594,148.15431213378906,150.08373590073995,147.10049767482113,149.84294733691607,148.39585696235784,145.50094934485776,148.15431213378906,148.91595762634324,146.11917343423175,148.99862973535258,-0.014843004425481365,-0.014954264140636449,0.004419808010326376,-0.008146940440248995,148.5018341064453,149.03372344970703,149.3296270751953,0.01246464731470558,0.011203695259564021,2.7477109211962727,-1.9626485188802292,9076000.0
2025-12-08,145.9327392578125,147.26734086833338,144.90234577617605,146.46264777686605,10237200,147.19863891601562,146.71778869628906,148.42604064941406,149.77952650996545,147.6500587475981,150.22142976891945,147.03181558876918,145.43225627667798,148.17370496597056,149.16128743489585,145.49113333806164,148.39692727185243,-0.00859994132775499,-0.008637134214461927,-0.014843004425481365,0.006598012137637221,147.7501434326172,148.80812759399413,149.13962280273438,0.011096684772505113,0.010842192346966862,2.3649950921573293,-0.5299085190535493,9481640.0
2025-12-09,145.71685791015625,147.29679071031137,145.45189614337164,146.26639714954564,8916700,145.9327392578125,148.3075408935547,150.4446563720703,147.26734086833338,148.69025675777766,151.56070869962986,144.90234577617605,146.47245433664253,148.90157327506788,146.46264777686605,146.66873116860916,148.90157327506788,-0.0014793208758649978,-0.0014804161513010269,-0.00859994132775499,0.010835442732554101,147.40472106933595,148.54116744995116,149.02410430908202,0.009600752600605243,0.01076397530457428,1.844894566939729,-0.5495392393893894,9425720.0
2025-12-10,148.58230590820312,148.9650217606251,145.92291064478525,146.39394208457702,10976300,145.71685791015625,149.69119262695312,151.05606079101562,147.29679071031137,151.0748633957961,151.37632278014294,145.45189614337164,148.6706220082484,147.87286956436233,146.26639714954564,148.91595306766794,150.83285327438753,0.019664492078285134,0.01947364385204571,-0.0014793208758649978,0.00932961146184419,147.36939392089843,148.38885040283202,148.98161712646484,0.01325281739319948,0.01173489018433003,3.0421111158398446,2.188363823626105,10008940.0
2025-12-11,147.9051971435547,149.10241396681656,147.29678087966826,148.0131434136462,8414200,148.58230590820312,147.4439697265625,151.62864685058594,148.9650217606251,149.61270292466523,153.3269963299716,145.92291064478525,146.47245332081732,151.2986705544682,146.39394208457702,149.18091785544516,152.12358908211414,-0.004557129198592191,-0.004567544566689884,0.019664492078285134,-0.015012392252034212,147.06714782714843,148.3443687438965,148.9393682861328,0.013082960001248232,0.011013766359703888,1.8056330871482942,-0.10794627009150304,10240840.0
2025-12-12,147.18882751464844,148.7196909266482,146.83555019081624,148.32715224804602,5848100,147.9051971435547,148.75894165039062,148.79483032226562,149.10241396681656,149.6519503247337,151.19191566367317,147.29678087966826,148.1603332501389,147.59142308159247,148.0131434136462,148.21921031019318,150.9881220200856,-0.004843437842220966,-0.004855205299293891,-0.004557129198592191,0.00891845170926131,147.065185546875,148.1544044494629,148.90627807617187,0.011258986703776149,0.010468694554361974,1.884140735831977,-1.1383247333975817,8878500.0
2025-12-15,147.00238037109375,147.2967806503231,145.65795592317124,147.0416267538749,7503000,147.18882751464844,149.4164276123047,150.9881134033203,148.7196909266482,150.08373590073995,151.5898095851025,146.83555019081624,148.39585696235784,149.38680368149966,148.32715224804602,148.91595762634324,149.45474476443962,-0.0012667207606917863,-0.001267523729597787,-0.004843437842220966,0.004419808010326376,147.27911376953125,147.8561279296875,148.86596496582033,0.010288437963734607,0.009911419557780202,1.6388247271518424,-0.03924638278115822,8331660.0
2025-12-16,144.0093231201172,146.04067135599064,143.75418422441436,145.76588681024012,11290500,147.00238037109375,147.19863891601562,152.96791076660156,147.2967806503231,149.77952650996545,153.28817273976085,145.65795592317124,147.03181558876918,150.24084904148376,147.0416267538749,149.16128743489585,151.61893659334842,-0.020360603980839387,-0.020570738278360656,-0.0012667207606917863,-0.014843004425481365,146.93760681152344,147.5440658569336,148.7566680908203,0.01432874707314262,0.010143871384867196,2.28648713157628,-1.7565636901229311,8806420.0
2025-12-17,146.7276153564453,147.0710698814314,144.5981433957771,144.74533605308247,8805300,144.0093231201172,145.9327392578125,150.2505645751953,146.04067135599064,147.26734086833338,153.22994720825648,143.75418422441436,144.90234577617605,149.88177536525592,145.76588681024012,146.46264777686605,153.06496645866065,0.018875807325757776,0.018699869801948737,-0.020360603980839387,-0.00859994132775499,146.56666870117186,147.34289474487304,148.68446228027344,0.014028066184308912,0.011127357791115056,2.4729264856543125,1.9822793033628443,8372220.0
2025-12-18,144.93179321289062,146.4822874567055,144.3331847704926,146.07013303348702,6998800,146.7276153564453,145.71685791015625,150.75103759765625,147.0710698814314,147.29679071031137,151.39871524408073,144.5981433957771,145.45189614337164,148.92577375925504,144.74533605308247,146.26639714954564,149.65195914832074,-0.01223915579348922,-0.01231467105537134,0.018875807325757776,-0.0014793208758649978,145.97198791503905,147.1461395263672,148.59904937744142,0.014722706192965425,0.011113762614532788,2.149102686212899,-1.1383398205964,8089140.0
2025-12-19,144.9906463623047,146.22710942801768,144.4411072219878,145.1967310268328,21701400,144.93179321289062,148.58230590820312,148.8668975830078,146.4822874567055,148.9650217606251,149.1220514915678,144.3331847704926,145.92291064478525,147.4439803019792,146.07013303348702,146.39394208457702,148.33698903429723,0.0004060748032532757,0.0004059923771936995,-0.01223915579348922,0.019664492078285134,145.5323516845703,147.02052993774413,148.55557403564453,0.014831340189776443,0.010961466716140567,1.7860022060298775,-0.20608466452810603,11259800.0
2025-12-22,147.00238037109375,147.67949652117514,145.92291767185964,146.03086394178305,8143600,144.9906463623047,147.9051971435547,147.50283813476562,146.22710942801768,149.10241396681656,150.18184900861533,144.4411072219878,147.29678087966826,147.24769923329103,145.1967310268328,148.0131434136462,149.69118690852028,0.013874922688199565,0.013779547154589586,0.0004060748032532757,-0.004557129198592191,145.5323516845703,147.01169815063477,148.60551635742186,0.016682802130595552,0.011432785083470886,1.7565788493155026,0.9715164293106966,11387920.0
2025-12-23,147.69911193847656,148.2584739653067,147.05144929401558,147.2378883291388,4663700,147.00238037109375,147.18882751464844,147.17901611328125,147.67949652117514,148.7196909266482,148.18977895668198,145.92291767185964,146.83555019081624,145.9719914022551,146.03086394178305,148.32715224804602,147.6304318852584,0.0047395937781686825,0.004728397267581058,0.013874922688199565,-0.004843437842220966,146.2703094482422,147.04898834228516,148.61038757324218,0.012140596573365218,0.011474415209642258,1.2070246712911228,0.46122360933776463,10062560.0
2025-12-24,147.68931579589844,148.17017012162358,147.29679204244786,147.57156166462755,2227600,147.69911193847656,147.00238037109375,146.95330810546875,148.2584739653067,147.2967806503231,147.31639329046757,147.05144929401558,145.65795592317124,144.9808517311558,147.2378883291388,147.0416267538749,147.022007991182,-6.632499308600881e-05,-6.632719268562224e-05,0.0047395937781686825,-0.0012667207606917863,146.4626495361328,147.1456497192383,148.60632843017578,0.009432986235990301,0.011301716390004136,0.8733780791757226,0.11775413127088541,8747020.0
2025-12-26,147.21826171875,148.31734003890773,146.8551615799829,147.57153903220342,3706900,147.68931579589844,144.0093231201172,145.75608825683594,148.17017012162358,146.04067135599064,147.10049767482113,147.29679204244786,143.75418422441436,145.50094934485776,147.57156166462755,145.76588681024012,146.11917343423175,-0.0031894932589396907,-0.0031945905339326036,-6.632499308600881e-05,-0.020360603980839387,146.9199432373047,147.17067337036133,148.5982830810547,0.006625967441168332,0.011245548196213267,1.462178458924825,-0.3532773134534182,8088640.0
2025-12-29,148.17015075683594,148.8080055162854,147.28694996626814,148.1799586085529,5589100,147.21826171875,146.7276153564453,146.71778869628906,148.31734003890773,147.0710698814314,147.6500587475981,146.8551615799829,144.5981433957771,145.43225627667798,147.57153903220342,144.74533605308247,145.49113333806164,0.006465835331655123,0.006445021489461434,-0.0031894932589396907,0.018875807325757776,147.55584411621095,147.1638038635254,148.6170391845703,0.00655170719498212,0.011069738746897255,1.5210555500172518,-0.009807851716971072,4866180.0
2025-12-30,149.46548461914062,149.81876192563314,148.64117589526433,148.67061442298714,5150500,148.17015075683594,144.93179321289062,148.3075408935547,148.8080055162854,146.4822874567055,148.69025675777766,147.28694996626814,144.3331847704926,146.47245433664253,148.1799586085529,146.07013303348702,146.66873116860916,0.008742205199146147,0.00870421338420742,0.006465835331655123,-0.01223915579348922,148.0484649658203,147.15251846313475,148.6351104736328,0.0048772648344099535,0.011044466053571938,1.1775860303688148,0.7948701961534823,4267560.0
2025-12-31,149.56362915039062,149.70101394332772,148.83744383125492,149.54399847316552,4953100,149.46548461914062,144.9906463623047,149.69119262695312,149.81876192563314,146.22710942801768,151.0748633957961,148.64117589526433,144.4411072219878,148.6706220082484,148.67061442298714,145.1967310268328,148.91595306766794,0.000656636757978557,0.0006564212663905645,0.008742205199146147,0.0004060748032532757,148.42136840820314,147.25850143432618,148.62797119140626,0.0049255697925160435,0.010465373089088804,0.8635701120728072,0.01963067722510914,4325440.0
2026-01-02,152.9884490966797,152.9884490966797,148.4252971891528,149.328113728916,6862100,149.56362915039062,147.00238037109375,147.4439697265625,149.70101394332772,147.67949652117514,149.61270292466523,148.83744383125492,145.92291767185964,146.47245332081732,149.54399847316552,146.03086394178305,149.18091785544516,0.022898748617856235,0.022640507113037753,0.000656636757978557,0.013874922688199565,149.48119506835937,147.46997680664063,148.70272094726562,0.01000111204841781,0.011458350495607318,4.563151907526901,3.660335367763679,5252340.0
2026-01-05,160.7899932861328,162.65450347520422,156.3347725582447,162.65450347520422,35094900,152.9884490966797,147.69911193847656,148.75894165039062,152.9884490966797,148.2584739653067,149.6519503247337,148.4252971891528,147.05144929401558,148.1603332501389,149.328113728916,147.2378883291388,148.21921031019318,0.050994334771790495,0.04973670155848842,0.022898748617856235,0.0047395937781686825,152.19554138183594,148.03865509033204,148.89895233154297,0.020199926341400855,0.01594489128714528,6.319730916959514,-1.8645101890714102,11529940.0
2026-01-06,153.6165008544922,161.96758031342222,153.19453858874817,161.80075697762894,20564900,160.7899932861328,147.68931579589844,149.4164276123047,162.65450347520422,148.17017012162358,150.08373590073995,156.3347725582447,147.29679204244786,148.39585696235784,162.65450347520422,147.57156166462755,148.91595762634324,-0.044614047709269355,-0.04563988161905924,0.050994334771790495,-6.632499308600881e-05,153.2848114013672,148.35954818725585,148.9324984741211,0.03497445424861475,0.018893354036539738,8.773041724674044,-8.184256123136748,14525100.0
2026-01-07,152.30152893066406,155.05904782809023,152.00712864480698,154.49970076140028,13537900,153.6165008544922,147.21826171875,147.19863891601562,161.96758031342222,148.31734003890773,149.77952650996545,153.19453858874817,146.8551615799829,147.03181558876918,161.80075697762894,147.57153903220342,149.16128743489585,-0.008560095539955626,-0.00859694359036155,-0.044614047709269355,-0.0031894932589396907,153.85202026367188,148.67798767089843,148.95915466308594,0.0356984294823435,0.018892145645510703,3.051919183283246,-2.1981718307362144,16202580.0
2026-01-08,156.27587890625,157.44365710048135,152.31133572530334,152.59591315492543,12929600,152.30152893066406,148.17015075683594,145.9327392578125,155.05904782809023,148.8080055162854,147.26734086833338,152.00712864480698,147.28694996626814,144.90234577617605,154.49970076140028,148.1799586085529,146.46264777686605,0.02609527299883685,0.02576060111080833,-0.008560095539955626,0.006465835331655123,155.19447021484376,149.20593872070313,149.07073272705077,0.03684804105462596,0.019594402488429908,5.132321375178009,3.6799657513245734,17797880.0
2026-01-09,159.08248901367188,159.66146677930763,156.95301699731752,157.56143329518417,12549600,156.27587890625,149.46548461914062,145.71685791015625,157.44365710048135,149.81876192563314,147.29679071031137,152.31133572530334,148.64117589526433,145.45189614337164,152.59591315492543,148.67061442298714,146.26639714954564,0.01795933017343998,0.017799966616566798,0.02609527299883685,0.008742205199146147,156.41327819824218,149.73094787597657,149.26076416015624,0.036458578532668436,0.019524803939962525,2.7084497819901117,1.5210557184877018,18935380.0
2026-01-12,159.30816650390625,160.50538322182595,157.70861824542845,159.6614438136829,9796800,159.08248901367188,149.56362915039062,148.58230590820312,159.66146677930763,149.70101394332772,148.9650217606251,156.95301699731752,148.83744383125492,145.92291064478525,157.56143329518417,149.54399847316552,146.39394208457702,0.0014186193064591457,0.0014176140167274534,0.01795933017343998,0.000656636757978557,156.11691284179688,150.30109634399415,149.43648162841797,0.027646613474413974,0.019438930785960196,2.7967649763974975,-0.35327730977664373,13875760.0
2026-01-13,160.80960083007812,163.02740322900013,160.2502537912715,160.41707711771627,12068600,159.30816650390625,152.9884490966797,147.9051971435547,160.50538322182595,152.9884490966797,149.10241396681656,157.70861824542845,148.4252971891528,147.29678087966826,159.6614438136829,149.328113728916,148.0131434136462,0.009424716630173968,0.009380581081710264,0.0014186193064591457,0.022898748617856235,157.55553283691407,150.9821350097656,149.67289489746094,0.013584684977827088,0.01936285399443368,2.7771494377286388,0.39252371236185013,12176500.0
2026-01-14,164.11668395996094,166.20689457035309,161.03532620739577,161.03532620739577,16414900,160.80960083007812,160.7899932861328,147.18882751464844,163.02740322900013,162.65450347520422,148.7196909266482,160.2502537912715,156.3347725582447,146.83555019081624,160.41707711771627,162.65450347520422,148.32715224804602,0.0205652094950306,0.020356600780443,0.009424716630173968,0.050994334771790495,159.91856384277344,151.83785018920898,149.89392913818358,0.00972534137689555,0.019627534200487223,5.171568362957316,3.081357752565168,12751900.0
2026-01-15,163.0568389892578,164.2049865509261,162.01663769272858,162.67412313536838,8097400,164.11668395996094,153.6165008544922,147.00238037109375,166.20689457035309,161.96758031342222,147.2967806503231,161.03532620739577,153.19453858874817,145.65795592317124,161.03532620739577,161.80075697762894,147.0416267538749,-0.006457874636083272,-0.006478816918938063,0.0205652094950306,-0.044614047709269355,161.274755859375,152.79022598266602,150.16519470214843,0.011288862368857035,0.018888084031739635,2.1883488581975143,0.38271585388943663,11785460.0
2026-01-16,163.15496826171875,164.16573106514758,162.71337533356967,163.47880706871345,9745800,163.0568389892578,152.30152893066406,144.0093231201172,164.2049865509261,155.05904782809023,146.04067135599064,162.01663769272858,152.00712864480698,143.75418422441436,162.67412313536838,154.49970076140028,145.76588681024012,0.0006018102219398358,0.0006016292067890912,-0.006457874636083272,-0.008560095539955626,162.08925170898436,153.6115936279297,150.45103881835936,0.01031074765716222,0.01869378343128618,1.45235573157791,-0.3238388069947007,11224700.0
2026-01-20,162.21290588378906,164.5190089490385,162.0656982580369,163.5965767072308,11142500,163.15496826171875,156.27587890625,146.7276153564453,164.16573106514758,157.44365710048135,147.0710698814314,162.71337533356967,152.31133572530334,144.5981433957771,163.47880706871345,152.59591315492543,144.74533605308247,-0.0057740342691772195,-0.005790768451968712,0.0006018102219398358,0.02609527299883685,162.67019958496093,154.47564926147462,150.73221069335938,0.01139892828838171,0.01842511580264516,2.4533106910016045,-1.3836708234417472,11493840.0
2026-01-21,163.61618041992188,165.3334977777581,162.95869499978,163.88114214780023,10918500,162.21290588378906,159.08248901367188,144.93179321289062,164.5190089490385,159.66146677930763,146.4822874567055,162.0656982580369,156.95301699731752,144.3331847704926,163.5965767072308,157.56143329518417,146.07013303348702,0.00865081929509448,0.008613615366860667,-0.0057740342691772195,0.01795933017343998,163.23151550292968,155.40692596435548,151.03601348876953,0.011306163370114164,0.018390067846485152,2.3748027779781182,-0.26496172787835803,11263820.0
2026-01-22,163.54751586914062,164.4307017735753,162.63487645899193,163.15497715419784,8957400,163.61618041992188,159.30816650390625,144.9906463623047,165.3334977777581,160.50538322182595,146.22710942801768,162.95869499978,157.70861824542845,144.4411072219878,163.88114214780023,159.6614438136829,145.1967310268328,-0.00041966846191510143,-0.00041975654736938465,0.00865081929509448,0.0014186193064591457,163.11768188476563,156.23418273925782,151.29807067871093,0.006084981900074972,0.018354700146468075,1.795825314583368,0.3925387149427877,9772320.0
2026-01-23,163.60638427734375,165.29426322774836,163.3316146783309,164.81340894256584,8368700,163.54751586914062,160.80960083007812,147.00238037109375,164.4307017735753,163.02740322900013,147.67949652117514,162.63487645899193,160.2502537912715,145.92291767185964,163.15497715419784,160.41707711771627,146.03086394178305,0.00035994681967665976,0.0003598820543610756,-0.00041966846191510143,0.009424716630173968,163.22759094238282,157.02954635620117,151.5490771484375,0.005160093646096569,0.01839042346464086,1.9626485494174517,-1.207024665222093,9826580.0
2026-01-26,164.37181091308594,165.26481956907674,163.65544840744766,165.1863118326778,8912600,163.60638427734375,164.11668395996094,147.69911193847656,165.29426322774836,166.20689457035309,148.2584739653067,163.3316146783309,161.03532620739577,147.05144929401558,164.81340894256584,161.03532620739577,147.2378883291388,0.004678464346749678,0.0046675543472234045,0.00035994681967665976,0.0205652094950306,163.47095947265626,157.86367111206056,151.8039404296875,0.00545740943583208,0.018348277900480044,1.6093711616290705,-0.8145009195918647,9659940.0
2026-01-27,165.8928680419922,166.18726831279383,163.53768084939895,164.63677419547037,9784900,164.37181091308594,163.0568389892578,147.68931579589844,165.26481956907674,164.2049865509261,148.17017012162358,163.65544840744766,162.01663769272858,147.29679204244786,165.1863118326778,162.67412313536838,147.57156166462755,0.00925375902629999,0.009211205317967514,0.004678464346749678,-0.006457874636083272,164.2069519042969,158.79740142822266,152.14590118408202,0.004505619950704768,0.01824792752826727,2.64958746339488,1.2560938465218214,9388420.0
2026-01-28,166.7564239501953,167.23727822712036,165.05873717677235,166.78587745384527,9200200,165.8928680419922,163.15496826171875,147.21826171875,166.18726831279383,164.16573106514758,148.31734003890773,163.53768084939895,162.71337533356967,146.8551615799829,164.63677419547037,163.47880706871345,147.57153903220342,0.005205503517996535,0.005192001720060286,0.00925375902629999,0.0006018102219398358,164.83500061035156,159.72671508789062,152.46126739501952,0.003941096868663106,0.018248944683026177,2.1785410503480023,-0.02945350364996102,9044760.0
2026-01-29,167.99290466308594,171.65324000810506,167.84569703786806,169.42562971609135,16786600,166.7564239501953,162.21290588378906,148.17015075683594,167.23727822712036,164.5190089490385,148.8080055162854,165.05873717677235,162.0656982580369,147.28694996626814,166.78587745384527,163.5965767072308,148.1799586085529,0.007414891034482229,0.007387535870435799,0.005205503517996535,-0.0057740342691772195,165.7240783691406,160.6530860900879,152.7617672729492,0.0033492646271159124,0.018241180624842052,3.8075429702369945,-1.432725053005413,10610600.0
2026-01-30,173.5962677001953,173.98880641583827,168.07142191363636,169.39620077265147,22946600,167.99290466308594,163.61618041992188,149.46548461914062,171.65324000810506,165.3334977777581,149.81876192563314,167.84569703786806,162.95869499978,148.64117589526433,169.42562971609135,163.88114214780023,148.67061442298714,0.033354760121250715,0.03281055820922163,0.007414891034482229,0.00865081929509448,167.72205505371093,161.85471801757814,153.2286813354492,0.012086761296435142,0.019176731589470742,5.917384502201912,4.200066927543844,13526180.0
2026-02-02,170.7798614501953,172.9780332047983,169.4256291664487,170.20088372481553,14235300,173.5962677001953,163.54751586914062,149.56362915039062,173.98880641583827,164.4307017735753,149.70101394332772,168.07142191363636,162.63487645899193,148.83744383125492,169.39620077265147,163.15497715419784,149.54399847316552,-0.016223887110660695,-0.016356935369688363,0.033354760121250715,-0.00041966846191510143,169.0036651611328,162.7442886352539,153.6292578125,0.017601037241623957,0.01953175580276677,3.552404038349607,0.5789777253797865,14590720.0
2026-02-03,174.7149658203125,175.4804125241019,170.505091305481,170.6326682517492,18425400,170.7798614501953,163.60638427734375,152.9884490966797,172.9780332047983,165.29426322774836,152.9884490966797,169.4256291664487,163.3316146783309,148.4252971891528,170.20088372481553,164.81340894256584,149.328113728916,0.02304196956656268,0.022780512097216852,-0.016223887110660695,0.00035994681967665976,170.76808471679686,163.4405372619629,154.14621917724608,0.018916524494711495,0.016949148228730053,4.9753212186209055,4.082297568563291,16318820.0
2026-02-04,177.8453826904297,179.17998421726975,175.53927977726886,175.53927977726886,16170500,174.7149658203125,164.37181091308594,160.7899932861328,175.4804125241019,165.26481956907674,162.65450347520422,170.505091305481,163.65544840744766,156.3347725582447,170.6326682517492,165.1863118326778,162.65450347520422,0.01791727946956012,0.01775865693828211,0.02304196956656268,0.004678464346749678,172.98587646484376,164.65198135375977,154.75307006835936,0.018871374235347297,0.012681711246211341,3.6407044400008886,2.306102913160828,17712880.0
2026-02-05,175.8827362060547,177.08977578087993,174.09673390749023,176.28508273099644,10474100,177.8453826904297,165.8928680419922,153.6165008544922,179.17998421726975,166.18726831279383,161.96758031342222,175.53927977726886,163.53768084939895,153.19453858874817,175.53927977726886,164.63677419547037,161.80075697762894,-0.011035689848587826,-0.0110970348139948,0.01791727946956012,0.00925375902629999,174.5638427734375,165.8310417175293,155.32714447021485,0.021832763987634597,0.012856821342944885,2.9930418733897,-0.4023465249417484,16450380.0
2026-02-06,177.4822998046875,178.6991472333865,176.15750611236345,176.9327606348942,9901800,175.8827362060547,166.7564239501953,152.30152893066406,177.08977578087993,167.23727822712036,155.05904782809023,174.09673390749023,165.05873717677235,152.00712864480698,176.28508273099644,166.78587745384527,154.49970076140028,0.009094488936986167,0.009053383108836724,-0.011035689848587826,0.005205503517996535,175.34104919433594,166.89136276245117,155.9377243041992,0.0174338550116593,0.012087877474393726,2.541641121023048,0.5495391697932916,13841420.0
2026-02-09,179.1898193359375,179.40571187522434,176.58930101228074,177.62950235221538,12021300,177.4822998046875,167.99290466308594,156.27587890625,178.6991472333865,171.65324000810506,157.44365710048135,176.15750611236345,167.84569703786806,152.31133572530334,176.9327606348942,169.42562971609135,152.59591315492543,0.009620787724348157,0.009574802652613611,0.009094488936986167,0.007414891034482229,177.02304077148438,167.89672927856446,156.60639892578126,0.012998747347785548,0.011810692890821848,2.8164108629435987,1.5603169837221174,13398620.0
2026-02-10,178.8561553955078,179.5332715351048,177.48230741213712,179.31737899860084,7458200,179.1898193359375,173.5962677001953,159.08248901367188,179.40571187522434,173.98880641583827,159.66146677930763,176.58930101228074,168.07142191363636,156.95301699731752,177.62950235221538,169.39620077265147,157.56143329518417,-0.0018620697407152331,-0.0018638055477053555,0.009620787724348157,0.033354760121250715,177.85127868652344,168.87412872314454,157.24916625976562,0.011279226811174119,0.011900616506818043,2.0509641229676845,-0.4612236030930319,11205180.0
2026-02-11,182.34967041015625,183.03659435681917,180.1220602788604,180.5047761187025,10502100,178.8561553955078,170.7798614501953,159.30816650390625,179.5332715351048,172.9780332047983,160.50538322182595,177.48230741213712,169.4256291664487,157.70861824542845,179.31737899860084,170.20088372481553,159.6614438136829,0.019532540028735168,0.019344228157871433,-0.0018620697407152331,-0.016223887110660695,178.75213623046875,169.95113220214844,157.93000885009766,0.011763482483805352,0.012268440629086842,2.9145340779587627,1.8448942914537554,10071500.0
2026-02-12,178.99354553222656,182.33005712163924,178.68933739639448,182.33005712163924,9673700,182.34967041015625,174.7149658203125,160.80960083007812,183.03659435681917,175.4804125241019,163.02740322900013,180.1220602788604,170.505091305481,160.2502537912715,180.5047761187025,170.6326682517492,160.41707711771627,-0.018404885900702772,-0.018576363084276615,0.019532540028735168,0.02304196956656268,179.37429809570312,170.69497528076172,158.51605590820313,0.014442422419413284,0.012970816274402398,3.6407197252447645,-3.3365115894126802,9911420.0
2026-02-13,180.30853271484372,181.3879804631992,178.32625343131178,179.13093157289887,9034700,178.99354553222656,177.8453826904297,164.11668395996094,182.33005712163924,179.17998421726975,166.20689457035309,178.68933739639448,175.53927977726886,161.03532620739577,182.33005712163924,175.53927977726886,161.03532620739577,0.007346562015446478,0.007319707474216969,-0.018404885900702772,0.01791727946956012,179.93954467773438,171.55755996704102,159.17334716796876,0.014296478137290276,0.012726065966454264,3.061727031887415,1.177601141944848,9738000.0
2026-02-17,178.91131591796875,182.13181864245064,177.11774605065898,181.63635668483803,9849000,180.30853271484372,175.8827362060547,163.0568389892578,181.3879804631992,177.08977578087993,164.2049865509261,178.32625343131178,174.09673390749023,162.01663769272858,179.13093157289887,176.28508273099644,162.67412313536838,-0.007749033148002238,-0.007779212915811164,0.007346562015446478,-0.011035689848587826,179.88384399414062,172.34537734985352,159.77639465332032,0.014469694490491796,0.013015728402996012,5.01407259179166,-2.7250407668692844,9303540.0
2026-02-18,182.20118713378903,182.25073635678643,180.32834141876847,181.56699639220275,10313400,178.91131591796875,177.4822998046875,163.15496826171875,182.13181864245064,178.6991472333865,164.16573106514758,177.11774605065898,176.15750611236345,162.71337533356967,181.63635668483803,176.9327606348942,163.47880706871345,0.01838827912555674,0.018221259087952704,-0.007749033148002238,0.009094488936986167,180.55285034179687,173.34479141235352,160.43208984375,0.016578173568857317,0.013113354391648612,1.922394938017959,0.6341907415862806,9874580.0
2026-02-19,183.10292053222656,186.19459832082563,183.0632902284005,183.6082862875786,10773300,182.20118713378903,179.1898193359375,162.21290588378906,182.25073635678643,179.40571187522434,164.5190089490385,180.32834141876847,176.58930101228074,162.0656982580369,181.56699639220275,177.62950235221538,163.5965767072308,0.004949108250186018,0.004936901671835222,0.01838827912555674,0.009620787724348157,180.70350036621093,174.31912841796876,161.15017547607422,0.014241467268896708,0.013098722858866908,3.1313080924251437,-0.5053657553520452,9928820.0
2026-02-20,182.26063537597656,183.2119290235714,180.66526232749803,182.9146488136793,9566200,183.10292053222656,178.8561553955078,163.61618041992188,186.19459832082563,179.5332715351048,165.3334977777581,183.0632902284005,177.48230741213712,162.95869499978,183.6082862875786,179.31737899860084,163.88114214780023,-0.004600064017557526,-0.004610676871084475,0.004949108250186018,-0.0018620697407152331,181.35691833496094,175.25478439331056,161.8767333984375,0.010375080693488564,0.013234554171001358,2.5466666960733733,-0.65401343770273,9907320.0
2026-02-23,183.23175048828125,184.93614088506752,182.3795552898881,182.99392329792755,7047200,182.26063537597656,182.34967041015625,163.54751586914062,183.2119290235714,183.03659435681917,164.4307017735753,180.66526232749803,180.1220602788604,162.63487645899193,182.9146488136793,180.5047761187025,163.15497715419784,0.00532816705209771,0.005314022590487777,-0.004600064017557526,0.019532540028735168,181.94156188964843,176.2360527038574,162.62703125,0.010234434449233413,0.013179229712710542,2.5565855951794276,0.23782719035369837,9509820.0
2026-02-24,183.6578369140625,184.2722200303141,182.18136994052537,183.6082876936762,7451800,183.23175048828125,178.99354553222656,163.60638427734375,184.93614088506752,182.33005712163924,165.29426322774836,182.3795552898881,178.68933739639448,163.3316146783309,182.99392329792755,182.33005712163924,164.81340894256584,0.002325396251718459,0.0023226967020598304,0.00532816705209771,-0.018404885900702772,182.8908660888672,177.20035400390626,163.3285418701172,0.008340925049692291,0.013199903791385085,2.0908500897887166,0.04954922038629661,9030380.0
2026-02-25,182.54800415039065,184.29202479098132,180.85351760912607,184.15329604821048,9440700,183.6578369140625,180.30853271484372,164.37181091308594,184.2722200303141,181.3879804631992,165.26481956907674,182.18136994052537,178.32625343131178,163.65544840744766,183.6082876936762,179.13093157289887,165.1863118326778,-0.006042937139628668,-0.006061269576084679,0.002325396251718459,0.007346562015446478,182.9602294921875,178.03311080932616,164.0213980102539,0.0053665659634663946,0.013421102314196322,3.4385071818552433,-1.605291897819825,8855840.0
2026-02-26,182.48855590820312,184.56948710419576,180.11032938668384,181.23998207030823,7133800,182.54800415039065,178.91131591796875,165.8928680419922,184.29202479098132,182.13181864245064,166.18726831279383,180.85351760912607,177.11774605065898,163.53768084939895,184.15329604821048,181.63635668483803,164.63677419547037,-0.00032565813285223566,-0.0003257111709771591,-0.006042937139628668,-0.007749033148002238,182.8373565673828,178.81971740722656,164.727392578125,0.004727118335773797,0.013470938780375625,4.459157717511914,1.2485738378948952,8127940.0
2026-02-27,185.06495666503903,185.84779507493005,182.1021036481782,184.3118598851604,12035500,182.48855590820312,182.20118713378903,166.7564239501953,184.56948710419576,182.25073635678643,167.23727822712036,180.11032938668384,180.32834141876847,165.05873717677235,181.23998207030823,181.56699639220275,166.78587745384527,0.014118149732808005,0.0140194168554109,-0.00032565813285223566,0.01838827912555674,183.39822082519532,179.6733200073242,165.4886441040039,0.007454711913654933,0.013627054348179008,3.745691426751847,0.7530967798786321,8621800.0
2026-03-02,187.87918090820312,189.7024772885221,185.520777144776,188.60255113468745,15809100,185.06495666503903,183.10292053222656,167.99290466308594,185.84779507493005,186.19459832082563,171.65324000810506,182.1021036481782,183.0632902284005,167.84569703786806,184.3118598851604,183.6082862875786,169.42562971609135,0.015206683609246152,0.015092220935816017,0.014118149732808005,0.004949108250186018,184.32770690917968,180.3874656677246,166.36604125976564,0.009283907874638803,0.012160604290307051,4.181700143746099,-0.7233702264843203,10374180.0
2026-03-03,187.0567169189453,189.82138806646853,185.7189635480248,188.79083381887224,14004200,187.87918090820312,182.26063537597656,173.5962677001953,189.7024772885221,183.2119290235714,173.98880641583827,185.520777144776,180.66526232749803,168.07142191363636,188.60255113468745,182.9146488136793,169.39620077265147,-0.004377621752884142,-0.004387231594746662,0.015206683609246152,-0.004600064017557526,185.00748291015626,181.2013084411621,167.1726232910156,0.010214194732399285,0.011385926818579351,4.1024245184437405,-1.7341168999269314,11684660.0
2026-03-04,184.34158325195312,186.74953633969648,182.4786413668101,185.74869346211236,11054400,187.0567169189453,183.23175048828125,170.7798614501953,189.82138806646853,184.93614088506752,172.9780332047983,185.7189635480248,182.3795552898881,169.4256291664487,188.79083381887224,182.99392329792755,170.20088372481553,-0.014515028980053635,-0.014621402612245541,-0.004377621752884142,0.00532816705209771,185.36619873046874,181.68263931274413,167.96081909179688,0.012650026705450769,0.01128499137835792,4.270894972886367,-1.4071102101592317,12007400.0
2026-03-05,188.17645263671875,188.24582457117629,184.7974134482344,184.90641568788223,13567200,184.34158325195312,183.6578369140625,174.7149658203125,186.74953633969648,184.2722200303141,175.4804125241019,182.4786413668101,182.18136994052537,170.505091305481,185.74869346211236,183.6082876936762,170.6326682517492,0.0208030619956443,0.020589633207773104,-0.014515028980053635,0.002325396251718459,186.50377807617187,182.1991928100586,168.82453521728516,0.01498377709444132,0.011505478234080876,3.4484111229418772,3.2700369488365197,13294080.0
2026-03-06,188.21609497070312,190.6636783041667,186.41260614802505,189.14756589052155,13073100,188.17645263671875,182.54800415039065,177.8453826904297,188.24582457117629,184.29202479098132,179.17998421726975,184.7974134482344,180.85351760912607,175.53927977726886,184.90641568788223,184.15329604821048,175.53927977726886,0.00021066575243033903,0.00021064356551667605,0.0208030619956443,-0.006042937139628668,187.13400573730468,182.81586074829102,169.64880950927736,0.014438268383860475,0.011055063763665987,4.251072156141646,-0.9314709198184232,13501600.0
2026-03-09,187.7206268310547,189.9105601919712,186.4026962240317,189.2664657023602,15987500,188.21609497070312,182.48855590820312,175.8827362060547,190.6636783041667,184.56948710419576,177.08977578087993,186.41260614802505,180.11032938668384,174.09673390749023,189.14756589052155,181.23998207030823,176.28508273099644,-0.00263244298913734,-0.002635913959942867,0.00021066575243033903,-0.00032565813285223566,187.102294921875,183.32777709960936,170.44923980712892,0.012937724529609071,0.011051050700267686,3.5078639679394996,-1.5458388713055058,13537280.0
2026-03-10,184.5992126464844,187.4629822052631,183.9551181387792,186.91798613888145,11999600,187.7206268310547,185.06495666503903,177.4822998046875,189.9105601919712,185.84779507493005,178.6991472333865,186.4026962240317,182.1021036481782,176.15750611236345,189.2664657023602,184.3118598851604,176.9327606348942,-0.016627976569562053,-0.01676777322894702,-0.00263244298913734,0.014118149732808005,186.6107940673828,183.5982467651367,171.18743774414062,0.014952799839217398,0.011743589294442759,3.5078640664839043,-2.3187734923970424,13136360.0
2026-03-11,190.0493011474609,190.1186730829567,184.79741621391776,184.89649953852623,11371700,184.5992126464844,187.87918090820312,179.1898193359375,187.4629822052631,189.7024772885221,179.40571187522434,183.9551181387792,185.520777144776,176.58930101228074,186.91798613888145,188.60255113468745,177.62950235221538,0.0295238989529909,0.029096461352242708,-0.016627976569562053,0.015206683609246152,187.75233764648436,184.15790405273438,172.04405853271484,0.018656359514948054,0.013262027787663154,5.321256869038933,5.152801608934681,13199820.0
2026-03-12,195.1822967529297,197.0749651758704,190.02949510203825,190.8321411033115,27151800,190.0493011474609,187.0567169189453,178.8561553955078,190.1186730829567,189.82138806646853,179.5332715351048,184.79741621391776,185.7189635480248,177.48230741213712,184.89649953852623,188.79083381887224,179.31737899860084,0.027008758119484222,0.02665045877713237,0.0295238989529909,-0.004377621752884142,189.15350646972655,184.79953536987304,172.9843014526367,0.020022510819317215,0.013841604579472531,7.045470073832149,4.350155649618188,15916740.0
2026-03-13,195.03366088867188,195.8363068762985,192.9229880172836,194.22109598446244,13017000,195.1822967529297,184.34158325195312,182.34967041015625,197.0749651758704,186.74953633969648,183.03659435681917,190.02949510203825,182.4786413668101,180.1220602788604,190.8321411033115,185.74869346211236,180.5047761187025,-0.0007615232873602329,-0.0007618133935099051,0.027008758119484222,-0.014515028980053635,190.51701965332032,185.6015411376953,173.89566497802736,0.020115457069656666,0.012902673197113404,2.9133188590149075,0.812564904209438,15905520.0
2026-03-16,195.053466796875,196.0443907474224,193.80490806249315,194.81565472573533,12683900,195.03366088867188,188.17645263671875,178.99354553222656,195.8363068762985,188.24582457117629,182.33005712163924,192.9229880172836,184.7974134482344,178.68933739639448,194.22109598446244,184.90641568788223,182.33005712163924,0.00010155123024846446,0.00010154607427134291,-0.0007615232873602329,0.0208030619956443,191.98358764648438,186.3387878417969,174.80546173095703,0.019812773856224136,0.012916663240049898,2.239482684929243,0.23781207113967184,15244800.0
2026-03-17,196.1732177734375,198.7595299165207,194.6769280356,195.69757850583017,14018600,195.053466796875,188.21609497070312,180.30853271484372,196.0443907474224,190.6636783041667,181.3879804631992,193.80490806249315,186.41260614802505,178.32625343131178,194.81565472573533,189.14756589052155,179.13093157289887,0.0057407386546406425,0.005724323408286826,0.00010155123024846446,0.00021066575243033903,194.298388671875,187.2018829345703,175.6691571044922,0.014793893503282049,0.012618716660265844,4.082601880920691,0.47563926760733466,15648600.0
2026-03-18,196.80740356445312,198.90815747060483,196.70830512271797,197.41186777031933,13305000,196.1732177734375,187.7206268310547,178.91131591796875,198.7595299165207,189.9105601919712,182.13181864245064,194.6769280356,186.4026962240317,177.11774605065898,195.69757850583017,189.2664657023602,181.63635668483803,0.003232784771609598,0.003227570557518903,0.0057407386546406425,-0.00263244298913734,195.65000915527344,187.93219375610352,176.38950531005858,0.011444836321293646,0.012201027795748779,2.1998523478868606,-0.6044642058662077,16035260.0
2026-03-19,199.6117248535156,200.6026488131774,197.1938679726929,197.97669124789388,16918400,196.80740356445312,184.5992126464844,182.20118713378903,198.90815747060483,187.4629822052631,182.25073635678643,196.70830512271797,183.9551181387792,180.32834141876847,197.41186777031933,186.91798613888145,181.56699639220275,0.014249063999993705,0.014148500254591426,0.003232784771609598,-0.016627976569562053,196.5358947753906,188.75763397216798,177.30940979003907,0.006025336307353507,0.012417083809127418,3.4087808404844964,1.6350336056217145,13988580.0
2026-03-20,199.89907836914065,203.218679552934,199.17570814042384,199.57207166074284,35849500,199.6117248535156,190.0493011474609,183.10292053222656,200.6026488131774,190.1186730829567,186.19459832082563,197.1938679726929,184.79741621391776,183.0632902284005,197.97669124789388,184.89649953852623,183.6082862875786,0.0014395623094580756,0.0014385271329849373,0.014249063999993705,0.0295238989529909,197.50897827148438,189.63955612182616,178.26136077880858,0.0056097521724525964,0.01225916489926849,4.0429714125101555,0.32700670839781765,18555080.0
2026-03-23,203.34750366210935,203.4961362015409,195.57864866134068,196.82722247376196,15735700,199.89907836914065,195.1822967529297,182.26063537597656,203.218679552934,197.0749651758704,183.2119290235714,199.17570814042384,190.02949510203825,180.66526232749803,199.57207166074284,190.8321411033115,182.9146488136793,0.0172508313750237,0.017103725176323838,0.0014395623094580756,0.027008758119484222,199.16778564453125,190.64534378051758,179.20279327392578,0.006977942537221791,0.012577068362476945,7.917487540200227,6.520281188347383,19165440.0
2026-03-24,204.9131622314453,207.88593415781088,203.9420609691832,204.1798881666004,16695500,203.34750366210935,195.03366088867188,183.23175048828125,203.4961362015409,195.8363068762985,184.93614088506752,195.57864866134068,192.9229880172836,182.3795552898881,196.82722247376196,194.22109598446244,182.99392329792755,0.007699423603141575,0.007669934311540062,0.0172508313750237,-0.0007615232873602329,200.9157745361328,191.7081100463867,180.11940673828124,0.006846290095481563,0.012567656894590499,3.943873188627691,0.7332740648449203,19700820.0
2026-03-25,203.2880401611328,205.35908268632755,202.76285168276797,204.13033155791385,8865000,204.9131622314453,195.053466796875,183.6578369140625,207.88593415781088,196.0443907474224,184.2722200303141,203.9420609691832,193.80490806249315,182.18136994052537,204.1798881666004,194.81565472573533,183.6082876936762,-0.007930784204466801,-0.007962400143923036,0.007699423603141575,0.00010155123024846446,202.21190185546874,192.74511184692383,180.99900421142578,0.010135505495614516,0.012666134207940388,2.5962310035595806,-0.8422913967810359,18812820.0
2026-03-26,205.90408325195312,207.31120858276964,203.2979635157106,204.16006252348856,11085600,203.2880401611328,196.1732177734375,182.54800415039065,205.35908268632755,198.7595299165207,184.29202479098132,202.76285168276797,194.6769280356,180.85351760912607,204.13033155791385,195.69757850583017,184.15329604821048,0.012868652227385091,0.012786554695204459,-0.007930784204466801,0.0057407386546406425,203.47037353515626,193.91588821411133,181.9008938598633,0.009888875333637364,0.012691927429472984,4.013245067059046,1.7440207284645624,17646260.0
2026-03-27,209.23358154296875,210.531704590903,204.378060339389,206.260809756214,13907800,205.90408325195312,196.80740356445312,182.48855590820312,207.31120858276964,198.90815747060483,184.56948710419576,203.2979635157106,196.70830512271797,180.11032938668384,204.16006252348856,197.41186777031933,181.23998207030823,0.016170142128466125,0.016040797860841505,0.012868652227385091,0.003232784771609598,205.33727416992187,195.12431945800782,182.80323181152343,0.010278285293561321,0.012767963745981882,6.153644251513981,2.9727717867547483,13257920.0
2026-03-30,208.79759216308597,212.76128796319327,208.38139079821107,211.32443613941476,10409000,209.23358154296875,199.6117248535156,185.06495666503903,210.531704590903,200.6026488131774,185.84779507493005,204.378060339389,197.1938679726929,182.1021036481782,206.260809756214,197.97669124789388,184.3118598851604,-0.002083744763472617,-0.002085918780181225,0.016170142128466125,0.014249063999993705,206.4272918701172,196.17024002075195,183.718046875,0.010133669746244718,0.012713629505474113,4.3798971649821965,-2.5268439763287915,12192580.0
2026-03-31,205.02215576171875,211.1658962447199,200.12700423202776,208.98585149511345,17403900,208.79759216308597,199.89907836914065,187.87918090820312,212.76128796319327,203.218679552934,189.7024772885221,208.38139079821107,199.17570814042384,185.520777144776,211.32443613941476,199.57207166074284,188.60255113468745,-0.018081800476024257,-0.018247273971050117,-0.002083744763472617,0.0014395623094580756,206.44909057617187,197.06851196289062,184.555390625,0.014327324395835747,0.01360462503312719,11.038892012692145,-3.963695733394701,12334260.0
2026-04-01,195.6183013916016,202.9214060942197,193.1409915065561,200.1567349154408,23051900,205.02215576171875,203.34750366210935,187.0567169189453,211.1658962447199,203.4961362015409,189.82138806646853,200.12700423202776,195.57864866134068,185.7189635480248,208.98585149511345,196.82722247376196,188.79083381887224,-0.04586750312510868,-0.04695273156447075,-0.018081800476024257,0.0172508313750237,204.91514282226564,197.63234786987306,185.22349853515624,0.025438563659812116,0.017250917720582994,9.780414587663586,-4.538433523839217,15171640.0
2026-04-02,197.1641387939453,203.61504824069087,196.242571661382,200.67200291072,11528000,195.6183013916016,204.9131622314453,184.34158325195312,202.9214060942197,207.88593415781088,186.74953633969648,193.1409915065561,203.9420609691832,182.4786413668101,200.1567349154408,204.1798881666004,185.74869346211236,0.007902314820989798,0.007871255053297424,-0.04586750312510868,0.007699423603141575,203.16715393066409,198.08173217773438,185.8944577026367,0.024530099741077938,0.016789777119947294,7.372476579308881,-3.507864116774698,15260120.0
2026-04-06,197.0551300048828,197.9568743948632,194.56791642579188,196.6983967912806,8245700,197.1641387939453,203.2880401611328,188.17645263671875,203.61504824069087,205.35908268632755,188.24582457117629,196.242571661382,202.76285168276797,184.7974134482344,200.67200291072,204.13033155791385,184.90641568788223,-0.0005528834489340051,-0.0005530363453465856,0.007902314820989798,-0.007930784204466801,200.7314636230469,198.52368392944337,186.56460998535155,0.021266876960419036,0.01679605333463135,3.3889579690713276,0.35673321360221166,14127700.0
2026-04-07,199.71080017089844,202.7628476587361,197.4316872512857,198.15505747915495,11672600,197.0551300048828,205.90408325195312,188.21609497070312,197.9568743948632,207.31120858276964,190.6636783041667,194.56791642579188,203.2979635157106,186.41260614802505,196.6983967912806,204.16006252348856,189.14756589052155,0.01347678776974659,0.013386783608415179,-0.0005528834489340051,0.012868652227385091,198.9141052246094,199.12319259643556,187.28669830322266,0.023996017049493047,0.01692613913255221,5.3311604074503975,1.5557426917434896,14380420.0
2026-04-08,191.13931274414065,191.41677022982336,186.888255815409,189.6727495883461,17195400,199.71080017089844,209.23358154296875,187.7206268310547,202.7628476587361,210.531704590903,189.9105601919712,197.4316872512857,204.378060339389,186.4026962240317,198.15505747915495,206.260809756214,189.2664657023602,-0.042919498692223446,-0.04386777266800635,0.01347678776974659,0.016170142128466125,196.13753662109374,199.45019760131837,187.82204833984375,0.02857688612663413,0.019391642938644905,4.52851441441436,1.466563155794546,14338720.0
2026-04-09,188.6322784423828,194.88500597246815,187.5521749960132,192.54642491117028,11634000,191.13931274414065,208.79759216308597,184.5992126464844,191.41677022982336,212.76128796319327,187.4629822052631,186.888255815409,208.38139079821107,183.9551181387792,189.6727495883461,211.32443613941476,186.91798613888145,-0.013116267217690325,-0.013203045086939027,-0.042919498692223446,-0.002083744763472617,194.74033203125,199.37934646606445,188.27683654785156,0.022419597817665088,0.018521921754320936,7.332830976454943,-3.9141464687874645,12055140.0
2026-04-10,186.83871459960935,189.22684495824564,184.7775909603145,187.9881900154218,11151400,188.6322784423828,205.02215576171875,190.0493011474609,194.88500597246815,211.1658962447199,190.1186730829567,187.5521749960132,200.12700423202776,184.79741621391776,192.54642491117028,208.98585149511345,184.89649953852623,-0.009508255202045457,-0.00955374725690512,-0.013116267217690325,-0.018081800476024257,192.6752471923828,198.96216735839843,188.67848236083984,0.020812741897579135,0.01746754799100983,4.449253997931123,-1.1494754158124465,11979820.0
2026-04-13,190.03939819335935,190.861866904784,187.99809722971997,189.7123914680725,12000200,186.83871459960935,195.6183013916016,195.1822967529297,189.22684495824564,202.9214060942197,197.0749651758704,184.7775909603145,193.1409915065561,190.02949510203825,187.9881900154218,200.1567349154408,190.8321411033115,0.017130730109169212,0.016985653652016083,-0.009508255202045457,-0.04586750312510868,191.27210083007813,198.71245422363282,189.11941223144532,0.02416350875668912,0.017986645764873157,2.8637696750640202,0.32700672528685004,12730720.0
2026-04-14,185.32260131835935,187.45308176223003,182.9245671743689,186.8882629734209,12111000,190.03939819335935,197.1641387939453,195.03366088867188,190.861866904784,203.61504824069087,195.8363068762985,187.99809722971997,196.242571661382,192.9229880172836,189.7123914680725,200.67200291072,194.22109598446244,-0.024820100041575643,-0.02513331222680772,0.017130730109169212,0.007902314820989798,188.3944610595703,198.22591094970704,189.3539389038086,0.022030661123083065,0.01874345492105971,4.528514587861139,-1.5656616550615468,12818400.0
2026-04-15,183.23175048828125,185.5406050969545,182.3696363734362,184.66858718595705,8661600,185.32260131835935,197.0551300048828,195.053466796875,187.45308176223003,197.9568743948632,196.0443907474224,182.9245671743689,194.56791642579188,193.80490806249315,186.8882629734209,196.6983967912806,194.81565472573533,-0.011282222541687204,-0.011346349601159949,-0.024820100041575643,-0.0005528834489340051,186.81294860839841,197.5788375854492,189.6029766845703,0.015436837868295302,0.018741503493018296,3.1709687235182855,-1.4368366976758011,11111640.0
2026-04-16,186.4423370361328,186.52161276737317,183.65784312762764,183.93530062681893,8013200,183.23175048828125,199.71080017089844,196.1732177734375,185.5406050969545,202.7628476587361,198.7595299165207,182.3696363734362,197.4316872512857,194.6769280356,184.66858718595705,198.15505747915495,195.69757850583017,0.01752199899469331,0.01737025873449569,-0.011282222541687204,0.01347678776974659,186.37496032714841,197.0605842590332,189.83752410888673,0.018776316876848866,0.019266152356377818,2.8637696397455272,2.5070364093138835,10387480.0
2026-04-17,182.32009887695312,182.62728287525204,176.12682432963925,180.239152580936,15720600,186.4423370361328,191.13931274414065,196.80740356445312,186.52161276737317,191.41677022982336,198.90815747060483,183.65784312762764,186.888255815409,196.70830512271797,183.93530062681893,189.6727495883461,197.41186777031933,-0.022109989741121883,-0.022358079219841093,0.01752199899469331,-0.042919498692223446,185.47123718261716,196.19600296020508,189.9270184326172,0.020746379976063285,0.01931563362663485,6.500458545612787,2.0809462960171174,11301320.0
2026-04-20,181.58680725097656,184.57940170511293,181.1706210215084,182.825462143548,9661100,182.32009887695312,188.6322784423828,199.6117248535156,182.62728287525204,194.88500597246815,200.6026488131774,176.12682432963925,187.5521749960132,197.1938679726929,180.239152580936,192.54642491117028,197.97669124789388,-0.004022001032763067,-0.0040301110318373586,-0.022109989741121883,-0.013116267217690325,183.7807189941406,195.28038940429687,190.04109985351562,0.016996590009871835,0.019268162736829974,3.408780683604533,-1.2386548925714465,10833500.0
2026-04-21,184.2920379638672,184.678497712088,180.68507527370613,182.30028620308292,9799000,181.58680725097656,186.83871459960935,199.89907836914065,184.57940170511293,189.22684495824564,203.218679552934,181.1706210215084,184.7775909603145,199.17570814042384,182.825462143548,187.9881900154218,199.57207166074284,0.014897727174373765,0.014787846012421432,-0.004022001032763067,-0.009508255202045457,183.5746063232422,194.32761611938477,190.1772946166992,0.01700213536222011,0.0191343463204308,3.993422438381856,1.9917517607842683,10371100.0
2026-04-22,184.6289520263672,187.70080710609164,184.43075514613412,185.57032672627795,8708300,184.2920379638672,190.03939819335935,203.34750366210935,184.678497712088,190.861866904784,203.4961362015409,180.68507527370613,187.99809722971997,195.57864866134068,182.30028620308292,189.7123914680725,196.82722247376196,0.001828153110803754,0.0018264840727672726,0.014897727174373765,0.017130730109169212,183.8540466308594,193.31340560913085,190.2860772705078,0.016001245865091343,0.018977993031055698,3.2700519599575273,-0.9413746999107673,10380440.0
2026-04-23,185.8973388671875,186.7098886427535,183.81639252631692,185.421684485086,6684700,184.6289520263672,185.32260131835935,204.9131622314453,187.70080710609164,187.45308176223003,207.88593415781088,184.43075514613412,182.9245671743689,203.9420609691832,185.57032672627795,186.8882629734209,204.1798881666004,0.006869923849425197,0.006846433446064625,0.001828153110803754,-0.024820100041575643,183.74504699707032,192.4438705444336,190.42690093994142,0.013930380132840441,0.019146540980836475,2.8934961164365802,0.47565438210151,10114740.0
2026-04-24,183.52902221679688,184.72803166872268,181.5372555003188,183.5488298081866,9626700,185.8973388671875,183.23175048828125,203.2880401611328,186.7098886427535,185.5406050969545,205.35908268632755,183.81639252631692,182.3696363734362,202.76285168276797,185.421684485086,184.66858718595705,204.13033155791385,-0.012739916906947424,-0.01282176555474312,0.006869923849425197,-0.011282222541687204,183.98683166503906,191.3251174926758,190.4504879760742,0.010507400338024385,0.01879202523334176,3.190776168403886,-0.019807591389735535,8895960.0
2026-04-27,183.10292053222656,186.6603337723517,182.00299437739048,184.50012688680465,10836600,183.52902221679688,186.4423370361328,205.90408325195312,184.72803166872268,186.52161276737317,207.31120858276964,181.5372555003188,183.65784312762764,203.2979635157106,183.5488298081866,183.93530062681893,204.16006252348856,-0.0023217128246179053,-0.002324412178730639,-0.012739916906947424,0.01752199899469331,184.29005432128906,190.01858444213866,190.53267547607422,0.010315154860000455,0.018108819113400933,4.6573393949612125,-1.3972063545780884,9131060.0
2026-04-28,186.6504364013672,188.2359207743675,184.85686646559407,186.5711606706872,10754900,183.10292053222656,182.32009887695312,209.23358154296875,186.6603337723517,182.62728287525204,210.531704590903,182.00299437739048,176.12682432963925,204.378060339389,184.50012688680465,180.239152580936,206.260809756214,0.019374436294238517,0.019189141401438167,-0.0023217128246179053,-0.022109989741121883,184.76173400878906,188.91122665405274,190.6595135498047,0.011829475838341092,0.018997485752653444,3.3790543087734193,0.0792757306799956,9322240.0
2026-04-29,190.47540283203125,190.8717663638145,187.7800884790666,188.4043754059097,8644600,186.6504364013672,181.58680725097656,208.79759216308597,188.2359207743675,184.57940170511293,212.76128796319327,184.85686646559407,181.1706210215084,208.38139079821107,186.5711606706872,182.825462143548,211.32443613941476,0.02049267338673122,0.0202855238071359,0.019374436294238517,-0.004022001032763067,185.93102416992187,188.18388900756835,190.89079528808594,0.01422624238883732,0.019592828495963697,3.091677884747895,2.07102742612156,9309500.0
2026-04-30,191.55551147460935,192.36807639306912,186.78916956697591,188.5232865258205,11748600,190.47540283203125,184.2920379638672,205.02215576171875,190.8717663638145,184.678497712088,211.1658962447199,187.7800884790666,180.68507527370613,200.12700423202776,188.4043754059097,182.30028620308292,208.98585149511345,0.0056705938221881524,0.005654576528224706,0.02049267338673122,0.014897727174373765,187.06265869140626,187.98074951171876,191.07788177490235,0.014225080819459479,0.01693451367266009,5.578906826093203,3.032224948788837,10322280.0
2026-05-01,188.89984130859372,192.32842977867816,188.0278233761793,189.56375855430028,10435900,191.55551147460935,184.6289520263672,195.6183013916016,192.36807639306912,187.70080710609164,202.9214060942197,186.78916956697591,184.43075514613412,193.1409915065561,188.5232865258205,185.57032672627795,200.1567349154408,-0.01386371055352087,-0.013960709340890536,0.0056705938221881524,0.001828153110803754,188.13682250976564,187.56753463745116,191.19382019042968,0.014600989945850323,0.017037375585764326,4.3006064024988575,-0.663917245706557,10484120.0
2026-05-04,190.53485107421875,191.9518801494116,186.26397137705635,189.11783711932503,8229500,188.89984130859372,185.8973388671875,197.1641387939453,192.32842977867816,186.7098886427535,203.61504824069087,188.0278233761793,183.81639252631692,196.242571661382,189.56375855430028,185.421684485086,200.67200291072,0.008655432181936096,0.008618188680246521,-0.01386371055352087,0.006869923849425197,189.62320861816406,187.24152069091798,191.35930450439454,0.013868133876177023,0.01720215661297707,5.687908772355257,1.4170139548937186,9962700.0
2026-05-05,190.8915863037109,191.9122367475119,188.72146046601583,189.48447612993,5642800,190.53485107421875,183.52902221679688,197.0551300048828,191.9518801494116,184.72803166872268,197.9568743948632,186.26397137705635,181.5372555003188,194.56791642579188,189.11783711932503,183.5488298081866,196.6983967912806,0.0018722833512132553,0.001870532813400936,0.008655432181936096,-0.012739916906947424,190.4714385986328,186.8005599975586,191.51250122070311,0.012434959260413969,0.01686134373886889,3.1907762814960847,1.4071101737809215,8940280.0
2026-05-06,183.4794769287109,185.0847688430006,181.47780637365284,183.9055669572005,11082900,190.8915863037109,183.10292053222656,199.71080017089844,191.9122367475119,186.6603337723517,202.7628476587361,188.72146046601583,182.00299437739048,197.4316872512857,189.48447612993,184.50012688680465,198.15505747915495,-0.03882889507349596,-0.03960283702974693,0.0018722833512132553,-0.0023217128246179053,189.07225341796874,186.4175682067871,191.5089340209961,0.0196474961277953,0.0163576738290935,3.6069624693477635,-0.42609002848959676,9427940.0
2026-05-07,180.84361267089844,181.7750835608895,177.90056746328784,179.93196449269195,12194000,183.4794769287109,186.6504364013672,191.13931274414065,185.0847688430006,188.2359207743675,191.41677022982336,181.47780637365284,184.85686646559407,186.888255815409,183.9055669572005,186.5711606706872,189.6727495883461,-0.014365989602404428,-0.014470179495489748,-0.03882889507349596,0.019374436294238517,186.92987365722655,186.02813491821288,191.47484619140624,0.01834080900310307,0.016405033154964627,3.8745160976016564,0.9116481782064909,9517020.0
2026-05-08,179.9716033935547,181.07152958551333,179.09960059726015,180.38778963912017,13053000,180.84361267089844,190.47540283203125,188.6322784423828,181.7750835608895,190.8717663638145,194.88500597246815,177.90056746328784,187.7800884790666,187.5521749960132,179.93196449269195,188.4043754059097,192.54642491117028,-0.004821897021768939,-0.0048335598736976935,-0.014365989602404428,0.02049267338673122,185.14422607421872,185.68477935791014,191.42450714111328,0.018470890009290343,0.016325080516147054,1.9719289882531825,-0.4161862455654841,10040440.0
2026-05-11,183.06329345703125,183.5191100004156,181.33908036435747,181.33908036435747,12042100,179.9716033935547,191.55551147460935,186.83871459960935,181.07152958551333,192.36807639306912,189.22684495824564,179.09960059726015,186.78916956697591,184.7775909603145,180.38778963912017,188.5232865258205,187.9881900154218,0.01717876601185675,0.017032879408753747,-0.004821897021768939,0.0056705938221881524,183.64991455078123,185.33597412109376,191.38447387695314,0.020810245242046888,0.01632800671214296,2.180029636058123,1.7242130926737786,10802960.0
2026-05-12,184.2622985839844,185.1937694813799,182.9840133892452,184.80730976015187,8995100,183.06329345703125,188.89984130859372,190.03939819335935,183.5191100004156,192.32842977867816,190.861866904784,181.33908036435747,188.0278233761793,187.99809722971997,181.33908036435747,189.56375855430028,189.7123914680725,0.0065496752752052245,0.00652831935096008,0.01717876601185675,-0.01386371055352087,182.32405700683594,185.282958984375,191.31213623046875,0.02144869244879239,0.015478919687476918,2.2097560921346826,-0.5450111761674634,11473420.0
2026-05-13,184.31185913085935,184.32176292728963,182.2903808771948,184.1235811565853,7554700,184.2622985839844,190.53485107421875,185.32260131835935,185.1937694813799,191.9518801494116,187.45308176223003,182.9840133892452,186.26397137705635,182.9245671743689,184.80730976015187,189.11783711932503,186.8882629734209,0.0002689673756151034,0.0002689312103752319,0.0065496752752052245,0.008655432181936096,182.49053344726562,185.33696441650392,191.25723907470703,0.011864723332710807,0.015256462726451998,2.031382050094834,0.18827797427405812,10767780.0
2026-05-14,184.946044921875,185.8676120554328,183.5686612399205,184.5001321696436,6222400,184.31185913085935,190.8915863037109,183.23175048828125,184.32176292728963,191.9122367475119,185.5406050969545,182.2903808771948,188.72146046601583,182.3696363734362,184.1235811565853,189.48447612993,184.66858718595705,0.0034408300909458678,0.0034349239791623483,0.0002689673756151034,0.0018722833512132553,183.31101989746094,185.26214981079102,191.26932830810546,0.008229076668843626,0.014741194098650181,2.2989508155123133,0.4459127522314077,9573460.0
2026-05-15,189.36557006835935,189.76193359432705,186.194601379421,186.8882602303133,11210800,184.946044921875,183.4794769287109,186.4423370361328,185.8676120554328,185.0847688430006,186.52161276737317,183.5686612399205,181.47780637365284,183.65784312762764,184.5001321696436,183.9055669572005,183.93530062681893,0.0238962944482064,0.02361524653573829,0.0034408300909458678,-0.03882889507349596,185.18981323242187,185.61442337036132,191.2931106567383,0.009923531775659798,0.014748046698133668,3.5673322149060596,2.4773098380460397,9205020.0
2026-05-18,194.33999633789065,194.41927206673665,187.3143493021664,189.4349259078249,9869700,189.36557006835935,180.84361267089844,182.32009887695312,189.76193359432705,181.7750835608895,182.62728287525204,186.194601379421,177.90056746328784,176.12682432963925,186.8882602303133,179.93196449269195,180.239152580936,0.02626890552350969,0.02592980356220962,0.0238962944482064,-0.014365989602404428,187.44515380859374,186.25208282470703,191.41558868408202,0.012100309630611997,0.015626117230558404,7.1049227645702615,4.905070430065763,8770540.0
2026-05-19,197.25,198.8699951171875,193.47000122070312,194.92999267578125,11819200,194.33999633789065,179.9716033935547,181.58680725097656,194.41927206673665,181.07152958551333,184.57940170511293,187.3143493021664,179.09960059726015,181.1706210215084,189.4349259078249,180.38778963912017,182.825462143548,0.014973776458500287,0.01486277615851787,0.02626890552350969,-0.004821897021768939,190.04269409179688,186.89998092651368,191.60617614746093,0.01171732892912891,0.015629041580492442,5.399993896484375,2.32000732421875,9335360.0
2026-05-20,191.3300018310547,198.19000244140625,191.2700042724609,196.25,14564900,197.25,183.06329345703125,184.2920379638672,198.8699951171875,183.5191100004156,184.678497712088,193.47000122070312,181.33908036435747,180.68507527370613,194.92999267578125,181.33908036435747,182.30028620308292,-0.030012664988315896,-0.03047226425893331,0.014973776458500287,0.01717876601185675,191.44632263183593,187.23503341674805,191.74079193115233,0.02291515196000419,0.01733865892361763,6.919998168945341,-4.9199981689453125,10737400.0
2026-05-21,191.00999450683597,194.16000366210935,189.0,193.7899932861328,9051200,191.3300018310547,184.2622985839844,184.6289520263672,198.19000244140625,185.1937694813799,187.70080710609164,191.2700042724609,182.9840133892452,184.43075514613412,196.25,184.80730976015187,185.57032672627795,-0.0016725412698280762,-0.0016739415285224948,-0.030012664988315896,0.0065496752752052245,192.65911254882812,187.49066619873048,191.76000579833985,0.02326493484539881,0.017315711558363714,5.160003662109347,-2.7799987792968466,11303160.0
2026-05-22,191.42999267578125,192.0,189.8000030517578,190.3699951171875,7209600,191.00999450683597,184.31185913085935,185.8973388671875,194.16000366210935,184.32176292728963,186.7098886427535,189.0,182.2903808771948,183.81639252631692,193.7899932861328,184.1235811565853,185.421684485086,0.00219882823424844,0.002196414349277911,-0.0016725412698280762,0.0002689673756151034,193.0719970703125,187.88571472167968,191.68495971679687,0.021183835475929565,0.016988193153092485,2.1999969482421875,1.05999755859375,10502920.0
2026-05-26,184.7100067138672,190.4900054931641,183.8999938964844,190.0,14264600,191.42999267578125,184.946044921875,183.52902221679688,192.0,185.8676120554328,184.72803166872268,189.8000030517578,183.5686612399205,181.5372555003188,190.3699951171875,184.5001321696436,183.5488298081866,-0.03510414365054848,-0.035735104348425854,0.00219882823424844,0.0034408300909458678,191.1459991455078,187.96606903076173,191.47848663330078,0.021636444378100878,0.018923560774175584,6.5900115966796875,-5.2899932861328125,11381900.0
2026-05-27,182.3999938964844,183.72000122070312,180.6699981689453,181.8500061035156,9442800,184.7100067138672,189.36557006835935,183.10292053222656,190.4900054931641,189.76193359432705,186.6603337723517,183.8999938964844,186.194601379421,182.00299437739048,190.0,186.8882602303133,184.50012688680465,-0.01250615956590384,-0.012585019761406118,-0.03510414365054848,0.0238962944482064,188.1759979248047,187.75354690551757,191.22541717529296,0.016645701971341857,0.01859957890243489,3.0500030517578125,0.5499877929688068,10906620.0
2026-05-28,183.02999877929688,185.25999450683597,182.08999633789065,183.7100067138672,8725400,182.3999938964844,194.33999633789065,186.6504364013672,183.72000122070312,194.41927206673665,188.2359207743675,180.6699981689453,187.3143493021664,184.85686646559407,181.8500061035156,189.4349259078249,186.5711606706872,0.003453974253804004,0.00344802298448128,-0.01250615956590384,0.02626890552350969,186.51599731445316,187.38127670288085,190.96255279541015,0.01602771812846209,0.01794263557083137,3.1699981689453125,-0.6800079345703125,9738720.0
2026-05-29,182.4600067138672,182.97000122070312,180.3999938964844,182.72000122070312,13886500,183.02999877929688,197.25,190.47540283203125,185.25999450683597,198.8699951171875,190.8717663638145,182.08999633789065,193.47000122070312,187.7800884790666,183.7100067138672,194.92999267578125,188.4043754059097,-0.003114200236197351,-0.0031190594487492933,0.003453974253804004,0.014973776458500287,184.80599975585938,186.92650146484374,190.67560485839843,0.015881406658562986,0.017856485120586692,2.5700073242187216,-0.2599945068359375,10705780.0
