Date,Close,High,Low,Open,Volume,Close_lag1,Close_lag7,Close_lag21,High_lag1,High_lag7,High_lag21,Low_lag1,Low_lag7,Low_lag21,Open_lag1,Open_lag7,Open_lag21,returns,log_returns,returns_lag1,returns_lag7,ma_5,ma_20,ma_50,volatility_5,volatility_20,high_low_range,close_open_change,volume_ma_5
2020-03-13,37.9885139465332,38.90798266820338,34.79457620405156,37.746549078279934,22099041,34.98814392089844,52.93777847290039,63.62204360961914,37.64976097042409,53.75964209743619,64.10549338414141,33.05242512404049,51.72915070718444,62.26837980074944,34.98814392089844,53.469570841636894,62.60679760305326,0.08575390659241688,0.08227459048519008,-0.1193668150529863,0.006433789400641432,39.05316390991211,51.07393836975098,55.85873054504395,0.10506746652460434,0.056480739787778816,4.113406464151822,0.24196486825326957,23767527.0
2020-03-17,34.262245178222656,35.47207298201644,30.487591393692203,33.43956553102694,24121739,32.2297477722168,45.48943710327149,62.026641845703125,34.6010019931167,47.23158582133459,63.18692698038392,32.18135331715915,44.42478860676256,61.63988506770552,33.82671663911803,47.13480060451923,62.70346990737092,0.06306277729414766,0.06115415433677238,-0.15159229925186235,-0.06653426476513291,35.83986358642578,48.21521110534668,54.877679138183595,0.1075013161459836,0.06640318667617082,4.98448158832424,0.822679647195713,24361295.2
2020-03-18,31.939380645751957,32.90723987965603,28.55187147516501,31.503841768187915,27873844,34.262245178222656,39.73066711425781,61.639896392822266,35.47207298201644,41.90835488642064,62.60679591580901,30.487591393692203,39.24673732129867,61.25313584359304,33.43956553102694,40.31138582888613,61.44651426812131,-0.0677966233791103,-0.07020427284356695,0.06306277729414766,-0.12659576279081985,34.28160629272461,46.76402740478515,54.342649917602536,0.10716846716081098,0.06690542493219778,4.355368404491021,0.4355388775640421,25786798.2
2020-03-19,31.358678817749023,33.43957777217923,29.761707828525807,30.97153237135187,19861762,31.939380645751957,42.82782745361328,60.96305465698242,32.90723987965603,42.82782745361328,62.55843935218284,28.55187147516501,39.488709079655024,60.866365460340106,31.503841768187915,42.489077280447255,61.39815789195886,-0.01818137409875442,-0.018348686361474624,-0.0677966233791103,0.07795389718598544,33.55571327209473,45.303146839141846,53.80470897674561,0.09703398285596058,0.06674089615519274,3.6778699436534197,0.38714644639715345,23442463.6
2020-03-20,31.552249908447266,34.117078732470134,31.213499770296387,33.92350828319733,25306037,31.358678817749023,39.73066711425781,60.576290130615234,33.43957777217923,41.90835488642064,61.30146460733128,29.761707828525807,39.48870221777824,59.99615128927676,30.97153237135187,41.71478074692897,61.1564289719537,0.0061728075925404635,0.006153833856534536,-0.01818137409875442,-0.07231654098518059,32.26846046447754,43.919627857208255,53.28127513885498,0.08101677617870878,0.06722059952629887,2.9035789621737464,-2.371258374750063,24083862.8
2020-03-23,29.56813240051269,32.08457014621926,29.180987847031187,31.213495826847485,21193467,31.552249908447266,34.98814392089844,59.22262954711914,34.117078732470134,37.64976097042409,60.23787528052876,31.213499770296387,33.05242512404049,59.07759391375037,33.92350828319733,34.98814392089844,60.18952883601524,-0.06288355073542251,-0.06494772563476318,0.0061728075925404635,-0.1193668150529863,31.73613739013672,42.531175422668454,52.72105972290039,0.053917168150113035,0.06765200635425378,2.90358229918807,-1.645363426334793,23671369.8
2020-03-25,36.58512878417969,38.714418701532296,33.681545900025874,36.052804452917925,27665082,33.92349624633789,32.2297477722168,54.726539611816406,34.16546107399752,34.6010019931167,58.01400140589669,31.3102738853065,32.18135331715915,54.04971163667557,32.22974245272048,33.82671663911803,57.86896578260322,0.07845985326848859,0.07553396155383992,0.1472992540357294,-0.15159229925186235,32.597537231445315,40.673390769958495,51.83097717285156,0.08310212985699333,0.08126991760576233,5.0328728015064215,0.532324331261762,23600236.2
2020-03-26,39.29512023925781,40.16619435147705,36.34314788780528,36.9238627280029,24714600,36.58512878417969,34.262245178222656,52.93777847290039,38.714418701532296,35.47207298201644,55.7901297875163,33.681545900025874,30.487591393692203,52.21260033340216,36.052804452917925,33.43956553102694,54.9682661629805,0.07407357976145734,0.07145850375994761,0.07845985326848859,0.06306277729414766,34.18482551574707,40.126623725891115,51.45369865417481,0.07986035095149141,0.08315128466926512,3.8230464636717727,2.3712575112549104,24570803.8
2020-03-27,36.87548065185547,38.08530518472457,36.48833606056799,37.16584002128279,18719196,39.29512023925781,31.939380645751957,50.23046112060547,40.16619435147705,32.90723987965603,52.93778451675759,36.34314788780528,28.55187147516501,49.84370433561295,36.9238627280029,31.503841768187915,51.34239612788914,-0.06157608305229212,-0.06355349502423525,0.07407357976145734,-0.0677966233791103,35.24947166442871,39.34042949676514,51.04349769592285,0.09345416982005463,0.08284903438466504,1.5969691241565798,-0.2903593694273212,23253435.6
2020-03-30,38.182090759277344,38.42405564461446,35.56886777532856,36.488332858071,17425331,36.87548065185547,31.358678817749023,52.599365234375,38.08530518472457,33.43957777217923,54.09806068279482,36.48833606056799,29.761707828525807,47.66817566869533,37.16584002128279,30.97153237135187,48.10327888911556,0.035433032582210755,0.034819728185392806,-0.06157608305229212,-0.01818137409875442,36.97226333618164,38.53979606628418,50.662329788208005,0.07649481093371825,0.08300143556430278,2.855187869285899,1.6937579012063466,22499808.4
2020-03-31,38.42404556274414,39.58547522608267,37.84333073107488,38.08529184907865,24307107,38.182090759277344,31.552249908447266,54.19475936889648,38.42405564461446,34.117078732470134,54.8232447863887,35.56886777532856,31.213499770296387,52.01923548538909,36.488332858071,33.92350828319733,54.19475936889648,0.006336866280901798,0.006316872763481986,0.035433032582210755,0.0061728075925404635,37.87237319946289,37.83103008270264,50.28890159606934,0.05746044063727412,0.08303793925469334,1.7421444950077927,0.3387537136654899,22566263.2
2020-04-02,33.39117813110352,35.76243608965012,32.76206872561783,33.97189678468802,19561750,34.06867980957031,33.92349624633789,52.93777847290039,36.53672281763907,34.16546107399752,53.75964209743619,33.875105702828925,31.3102738853065,51.72915070718444,36.39154316354454,32.22974245272048,53.469570841636894,-0.01988634964001368,-0.020086744286403568,-0.113350004909342,0.1472992540357294,36.18829498291016,36.12054557800293,49.41132774353027,0.05840923826446962,0.0846795250096842,3.000367364032293,-0.5807186535844977,19997628.8
2020-04-03,32.5684928894043,34.11706706556665,31.84259839709266,34.02028187402757,19622924,33.39117813110352,36.58512878417969,48.73176956176758,35.76243608965012,38.714418701532296,51.87419250600331,32.76206872561783,33.681545900025874,48.10328053271393,33.97189678468802,36.052804452917925,51.245707177121744,-0.024637802190420555,-0.02494639203483189,-0.01988634964001368,0.07845985326848859,35.32689743041992,35.47449836730957,48.92465606689453,0.055790518335427954,0.08385901153265711,2.2744686684739897,-1.4517889846232706,20178374.4
2020-04-06,34.98814392089844,35.32689767342536,33.58474927471482,34.213858624462844,19672140,32.5684928894043,39.29512023925781,45.48943710327149,34.11706706556665,40.16619435147705,47.23158582133459,31.84259839709266,36.34314788780528,44.42478860676256,34.02028187402757,36.9238627280029,47.13480060451923,0.07429422785115558,0.07166391373648162,-0.024637802190420555,0.07407357976145734,34.68810806274414,35.2373722076416,48.49217887878418,0.06748555740635263,0.08155910233644009,1.7421483987105404,0.7742852964355933,20627736.2
2020-04-07,34.020294189453125,37.50459197694942,33.875114497666274,37.21423259337572,19278732,34.98814392089844,36.87548065185547,39.73066711425781,35.32689767342536,38.08530518472457,41.90835488642064,33.58474927471482,36.48833606056799,39.24673732129867,34.213858624462844,37.16584002128279,40.31138582888613,-0.02766221991179174,-0.02805202451062938,0.07429422785115558,-0.06157608305229212,33.80735778808594,34.79699554443359,48.066450958251956,0.0664465563069828,0.07942351316478392,3.629477479283146,-3.193938403922594,19622061.2
2020-04-08,35.326904296875,35.714045165754946,34.165470578695164,34.74618558586175,18589124,34.020294189453125,38.182090759277344,42.82782745361328,37.50459197694942,38.42405564461446,42.82782745361328,33.875114497666274,35.56886777532856,39.488709079655024,37.21423259337572,36.488332858071,42.489077280447255,0.038406784495912616,0.037687600551807435,-0.02766221991179174,0.035433032582210755,34.05900268554687,34.57680740356445,47.63881523132324,0.04591871289538306,0.07858966912433886,1.5485745870597825,0.5807187110132475,19344934.0
2020-04-09,34.55259704589844,36.488315191370624,34.31063227771442,36.05278009017727,25701070,35.326904296875,38.42404556274414,39.73066711425781,35.714045165754946,39.58547522608267,41.90835488642064,34.165470578695164,37.84333073107488,39.48870221777824,34.74618558586175,38.08529184907865,41.71478074692897,-0.021918344287106373,-0.0221621198836576,0.038406784495912616,0.006336866280901798,34.29128646850586,34.555030059814456,47.07869857788086,0.04623625228877157,0.0738666102646958,2.1776829136562057,-1.5001830442788346,20572798.0
2020-04-13,33.971893310546875,34.50421375009977,32.71367462824744,34.50421375009977,18874790,34.55259704589844,34.06867980957031,34.98814392089844,36.488315191370624,36.53672281763907,37.64976097042409,34.31063227771442,33.875105702828925,33.05242512404049,36.05278009017727,36.39154316354454,34.98814392089844,-0.01680637014289188,-0.016949199741223313,-0.021918344287106373,-0.113350004909342,34.571966552734374,34.35419902801514,46.527272415161136,0.04498272148040688,0.07125946424163179,1.7905391218523334,-0.5323204395528975,20423171.2
2020-04-14,33.53636932373047,35.036553521484315,33.100833887658744,34.3590531311844,21481602,33.971893310546875,33.39117813110352,37.9885139465332,34.50421375009977,35.76243608965012,38.90798266820338,32.71367462824744,32.76206872561783,34.79457620405156,34.50421375009977,33.97189678468802,37.746549078279934,-0.012820127004260717,-0.012903014009131481,-0.01680637014289188,-0.01988634964001368,34.281611633300784,34.41953010559082,45.99420906066894,0.026620342492291515,0.062227248729214375,1.9357196338255704,-0.8226838074539344,20785063.6
2020-04-15,31.455461502075195,32.56850073242671,30.72956498303308,32.56850073242671,27732155,33.53636932373047,32.5684928894043,32.2297477722168,35.036553521484315,34.11706706556665,34.6010019931167,33.100833887658744,31.84259839709266,32.18135331715915,34.3590531311844,34.02028187402757,33.82671663911803,-0.06204928749346805,-0.06405787665866988,-0.012820127004260717,-0.024637802190420555,33.76864509582519,34.279190921783446,45.43789867401123,0.03578334588636958,0.06224486199775131,1.8389357493936345,-1.113039230351518,22475748.2
2020-04-16,30.197240829467773,31.649030078702477,30.003668559185176,31.35867445116335,33241115,31.455461502075195,34.98814392089844,34.262245178222656,32.56850073242671,35.32689767342536,35.47207298201644,30.72956498303308,33.58474927471482,30.487591393692203,32.56850073242671,34.213858624462844,33.43956553102694,-0.04000007033832309,-0.040822067789344364,-0.06204928749346805,0.07429422785115558,32.74271240234375,34.19208393096924,44.82548301696777,0.020366072559255332,0.06100711054979902,1.6453615195173015,-1.1614336216955756,25406146.4
2020-04-20,31.50386047363281,32.665294466227365,31.26189552148989,31.9877940817662,20001786,33.100830078125,35.326904296875,31.358678817749023,33.584759930886506,35.714045165754946,33.43957777217923,30.681177110470347,34.165470578695164,29.761707828525807,31.31028665982973,34.74618558586175,30.97153237135187,-0.04824560594773619,-0.04944826691667182,0.09615412431402603,0.038406784495912616,31.95875244140625,34.276772022247314,43.62200721740723,0.06381805244535378,0.06564183641014737,1.403398944737475,-0.48393360813339115,27148767.8
2020-04-21,31.358678817749023,31.842608634879447,30.487602554221446,30.92313976002352,15539929,31.50386047363281,34.55259704589844,31.552249908447266,32.665294466227365,36.488315191370624,34.117078732470134,31.26189552148989,34.31063227771442,31.213499770296387,31.9877940817662,36.05278009017727,33.92350828319733,-0.004608376678321591,-0.004619027982204334,-0.04824560594773619,-0.021918344287106373,31.52321434020996,34.366299343109134,43.008647956848144,0.06394199886906457,0.06388319506010622,1.3550060806580007,0.43553905772550294,25960433.2
2020-04-22,31.11671638488769,32.13297056325541,30.97153483550484,31.89100193159185,15398901,31.358678817749023,33.971893310546875,29.56813240051269,31.842608634879447,34.50421375009977,32.08457014621926,30.487602554221446,32.71367462824744,29.180987847031187,30.92313976002352,34.50421375009977,31.213495826847485,-0.007715963872954368,-0.0077458859399691755,-0.004608376678321591,-0.01680637014289188,31.45546531677246,34.22596035003662,42.38271430969238,0.057554610926655446,0.054388089733828804,1.1614357277505718,-0.7742855467041565,23493782.4
2020-04-23,31.552249908447266,32.61689478714158,31.116714545659985,31.26189053069111,16611930,31.11671638488769,33.53636932373047,33.92349624633789,32.13297056325541,35.036553521484315,34.16546107399752,30.97153483550484,33.100833887658744,31.3102738853065,31.89100193159185,34.3590531311844,32.22974245272048,0.01399677003744193,0.013899719796503857,-0.007715963872954368,-0.012820127004260717,31.72646713256836,33.97431640625,41.77129257202149,0.05328762249212024,0.0511245954326414,1.5001802414815977,0.29035937775615395,20167945.4
2020-04-24,30.29403305053711,31.93939680281526,30.24564043474625,31.89100233510079,31222349,31.552249908447266,31.455461502075195,36.58512878417969,32.61689478714158,32.56850073242671,38.714418701532296,31.116714545659985,30.72956498303308,33.681545900025874,31.26189053069111,32.56850073242671,36.052804452917925,-0.039877246838530556,-0.04069413481812456,0.01399677003744193,-0.06204928749346805,31.16510772705078,33.524262046813966,41.10473236083985,0.025979708314909294,0.04796819001958864,1.6937563680690104,-1.5969692845636807,19754979.0
2020-04-27,31.11671638488769,31.31028684560194,30.63278467733133,30.87474960514772,21475783,30.29403305053711,30.197240829467773,39.29512023925781,31.93939680281526,31.649030078702477,40.16619435147705,30.24564043474625,30.003668559185176,36.34314788780528,31.89100233510079,31.35867445116335,36.9238627280029,0.027156613085427272,0.02679441502162077,-0.039877246838530556,-0.04000007033832309,31.087678909301758,33.236323833465576,40.475898094177246,0.025396587820841976,0.04722232049540272,0.6775021682706104,0.24196677973997183,20049778.4
2020-04-28,32.90724563598633,33.487960537141795,31.79420658152819,31.79420658152819,28223273,31.11671638488769,33.100830078125,36.87548065185547,31.31028684560194,33.584759930886506,38.08530518472457,30.63278467733133,30.681177110470347,36.48833606056799,30.87474960514772,31.31028665982973,37.16584002128279,0.057542358549381944,0.05594768650194705,0.027156613085427272,0.09615412431402603,31.39739227294922,32.97258157730103,39.89351016998291,0.03664679867658588,0.04851855858881577,1.6937539556136052,1.113039054458138,22586447.2
2020-04-29,31.842609405517575,33.39118411704335,31.55225002667345,32.32653923435982,45188986,32.90724563598633,31.50386047363281,38.182090759277344,33.487960537141795,32.665294466227365,38.42405564461446,31.79420658152819,31.26189552148989,35.56886777532856,31.79420658152819,31.9877940817662,36.488332858071,-0.03235263875456351,-0.03288755431160619,0.057542358549381944,-0.04824560594773619,31.54257087707519,32.643509769439696,39.29756443023682,0.04105275257331138,0.0487595415813217,1.8389340903699036,-0.4839298288422462,28544464.2
2020-04-30,32.90724563598633,33.00403083553791,31.019919429346565,31.745815833675397,35254082,31.842609405517575,31.358678817749023,38.42404556274414,33.39118411704335,31.842608634879447,39.58547522608267,31.55225002667345,30.487602554221446,37.84333073107488,32.32653923435982,30.92313976002352,38.08529184907865,0.03343432747330932,0.03288755431160625,-0.03235263875456351,-0.004608376678321591,31.813570022583008,32.585438060760495,38.736448249816895,0.042959056933980215,0.04278314202572755,1.9841114061913458,1.1614298023109306,32272894.6
2020-05-01,31.455461502075195,32.61689148792669,31.01992433141924,32.27814138404055,24151935,32.90724563598633,31.11671638488769,34.06867980957031,33.00403083553791,32.13297056325541,36.53672281763907,31.019919429346565,30.97153483550484,33.875105702828925,31.745815833675397,31.89100193159185,36.39154316354454,-0.04411746124152993,-0.0451202408870121,0.03343432747330932,-0.007715963872954368,32.04585571289063,32.48865222930908,38.154031677246095,0.04419371591080917,0.0436833333370443,1.5969671565074464,-0.8226798819653567,30858811.8
2020-05-04,30.05206298828125,30.53599276740626,29.761705491190902,30.48760015987842,27457604,31.455461502075195,31.552249908447266,33.39117813110352,32.61689148792669,32.61689478714158,35.76243608965012,31.01992433141924,31.116714545659985,32.76206872561783,32.27814138404055,31.26189053069111,33.97189678468802,-0.04461541642621769,-0.045641314252567705,-0.04411746124152993,0.01399677003744193,31.832925033569335,32.36283073425293,37.57062034606933,0.04803969179511221,0.044447744874090395,0.7742872762153574,-0.43553717159716854,32055176.0
2020-05-05,30.0036678314209,31.26188477985389,29.81009556583356,30.39081236259557,23474184,30.05206298828125,30.29403305053711,32.5684928894043,30.53599276740626,31.93939680281526,34.11706706556665,29.761705491190902,30.24564043474625,31.84259839709266,30.48760015987842,31.89100233510079,34.02028187402757,-0.0016103771937129308,-0.0016116752448210548,-0.04461541642621769,-0.039877246838530556,31.25220947265625,32.11360692977905,37.02395008087158,0.03358013227309585,0.040563273377760396,1.4517892140203301,-0.3871445311746733,31105358.2
2020-05-06,28.939023971557617,30.245635496103127,28.89063136366852,30.003670604734328,23525367,30.0036678314209,31.11671638488769,34.98814392089844,31.26188477985389,31.31028684560194,35.32689767342536,29.81009556583356,30.63278467733133,33.58474927471482,30.39081236259557,30.87474960514772,34.213858624462844,-0.03548379037673355,-0.03612864053261401,-0.0016103771937129308,0.027156613085427272,30.67149238586426,31.85954341888428,36.508199768066405,0.03394535998441044,0.04081107706984077,1.3550041324346083,-1.0646466331767108,26772634.4
2020-05-07,29.56813240051269,30.29402704934809,29.32616751756756,29.32616751756756,20196745,28.939023971557617,32.90724563598633,34.020294189453125,30.245635496103127,33.487960537141795,37.50459197694942,28.89063136366852,31.79420658152819,33.875114497666274,30.003670604734328,31.79420658152819,37.21423259337572,0.02173910321140715,0.02150617857680853,-0.03548379037673355,0.057542358549381944,30.00366973876953,31.571604824066164,36.04080684661865,0.029598594294537706,0.03999104388117485,0.9678595317805332,0.2419648829451333,23761167.0
2020-05-08,30.439207077026367,30.6327793560383,29.81009763321841,30.052062519002508,18787072,29.56813240051269,31.842609405517575,35.326904296875,30.29402704934809,33.39118411704335,35.714045165754946,29.32616751756756,31.55225002667345,34.165470578695164,29.32616751756756,32.32653923435982,34.74618558586175,0.029459915314048457,0.02903431065584608,0.02173910321140715,-0.03235263875456351,29.800418853759766,31.36593532562256,35.64498176574707,0.03319082845743437,0.04070123411023643,0.8226817228198868,0.3871445580238593,22688194.4
2020-05-11,29.95527648925781,30.245633973902617,29.664919004613008,30.19724136844902,14414337,30.439207077026367,32.90724563598633,34.55259704589844,30.6327793560383,33.00403083553791,36.488315191370624,29.81009763321841,31.019919429346565,34.31063227771442,30.052062519002508,31.745815833675397,36.05278009017727,-0.01589826523877491,-0.016025998289171534,0.029459915314048457,0.03343432747330932,29.781061553955077,31.165104484558107,35.192099990844724,0.026712728630733797,0.04068850982662364,0.580714969289609,-0.24196487919121168,20079541.0
2020-05-12,29.035808563232425,30.390812580119157,29.035808563232425,30.100455105621467,19191335,29.95527648925781,31.455461502075195,33.971893310546875,30.245633973902617,32.61689148792669,34.50421375009977,29.664919004613008,31.01992433141924,32.71367462824744,30.19724136844902,32.27814138404055,34.50421375009977,-0.030694690010793613,-0.03117563932958538,-0.01589826523877491,-0.04411746124152993,29.587489700317384,30.940076446533205,34.688920974731445,0.030015856744916334,0.0410525422590092,1.3550040168867312,-1.0646465423890419,19222971.2
2020-05-13,28.01955795288086,29.13259723124358,26.51937409458588,29.0358120122222,47299141,29.035808563232425,30.05206298828125,33.53636932373047,30.390812580119157,30.53599276740626,35.036553521484315,29.035808563232425,29.761705491190902,33.100833887658744,30.100455105621467,30.48760015987842,34.3590531311844,-0.03499990737776204,-0.03562708166156199,-0.030694690010793613,-0.04461541642621769,29.403596496582033,30.768281269073487,34.19732482910156,0.02989828764244854,0.03954002797485337,2.613223136657698,-1.016254059341339,23977726.0
2020-05-14,27.584022521972656,28.551884033506344,26.519375785247338,27.196877917359178,28130338,28.01955795288086,30.0036678314209,31.455461502075195,29.13259723124358,31.26188477985389,32.56850073242671,26.51937409458588,29.81009556583356,30.72956498303308,29.0358120122222,30.39081236259557,32.56850073242671,-0.015543979374714745,-0.015666053688190584,-0.03499990737776204,-0.0016103771937129308,29.006774520874025,30.63762035369873,33.69024971008301,0.0255606189911308,0.03877256858739919,2.0325082482590062,0.38714460461347855,25564444.6
2020-05-15,26.567768096923828,27.390449909428504,26.51937548487613,27.148484997266564,25779038,27.584022521972656,28.939023971557617,30.197240829467773,28.551884033506344,30.245635496103127,31.649030078702477,26.519375785247338,28.89063136366852,30.003668559185176,27.196877917359178,30.003670604734328,31.35867445116335,-0.036842140200520346,-0.03753795559283016,-0.015543979374714745,-0.03548379037673355,28.232486724853516,30.310967254638673,33.24696968078613,0.010353711941404616,0.03143561048304832,0.8710744245523756,-0.5807169003427362,26962837.8
2020-05-19,30.05206298828125,30.8263521164199,29.471346142177264,30.439207552350577,21766084,30.34242057800293,30.439207077026367,31.50386047363281,31.407065289579187,30.6327793560383,32.665294466227365,27.777590304659878,29.81009763321841,31.26189552148989,27.777590304659878,30.052062519002508,31.9877940817662,-0.009569361448116598,-0.009615441997298925,0.14207638621763463,0.029459915314048457,28.513166427612305,30.18756446838379,32.75045726776123,0.07532271140931489,0.04522772278921064,1.355005974242637,-0.3871445640693274,34809667.8
2020-05-20,31.06831169128418,31.310276539454986,30.43920234527089,30.632774594192128,18315596,30.05206298828125,29.95527648925781,31.358678817749023,30.8263521164199,30.245633973902617,31.842608634879447,29.471346142177264,29.664919004613008,30.487602554221446,30.439207552350577,30.19724136844902,30.92313976002352,0.0338162708962515,0.03325707257667717,-0.009569361448116598,-0.01589826523877491,29.12291717529297,30.185144233703614,32.51526695251465,0.07145529187326696,0.045861620539859684,0.8710741941840965,0.4355370970920518,29012958.8
2020-05-21,31.358678817749023,31.697428948970945,30.63278224012995,31.06831944593202,19827132,31.06831169128418,29.035808563232425,31.11671638488769,31.310276539454986,30.390812580119157,32.13297056325541,30.43920234527089,29.035808563232425,30.97153483550484,30.632774594192128,30.100455105621467,31.89100193159185,0.009346086435276124,0.009302682000924859,0.0338162708962515,-0.030694690010793613,29.877848434448243,30.175465679168703,32.347827186584475,0.06894001810266821,0.04580337134944749,1.0646467088409963,0.29035937181700433,27352317.6
2020-05-22,31.019922256469727,31.35867418961974,30.34242024209286,31.35867418961974,13961540,31.358678817749023,28.01955795288086,31.552249908447266,31.697428948970945,29.13259723124358,32.61689478714158,30.63278224012995,26.51937409458588,31.116714545659985,31.06831944593202,29.0358120122222,31.26189053069111,-0.01080264137555309,-0.010861413552303748,0.009346086435276124,-0.03499990737776204,30.76827926635742,30.211760139465333,32.2684627532959,0.06361731354232691,0.04490197851131101,1.0162539475268808,-0.3387519331500144,24988818.0
2020-05-26,32.90724563598633,33.58474944053937,32.858854888133536,32.858854888133536,25984590,31.019922256469727,27.584022521972656,30.29403305053711,31.35867418961974,28.551884033506344,31.93939680281526,30.34242024209286,26.519375785247338,30.24564043474625,31.35867418961974,27.196877917359178,31.89100233510079,0.06084229882694081,0.059063214114281705,-0.01080264137555309,-0.015543979374714745,31.2812442779541,30.301286602020262,32.16683738708496,0.030586191467641282,0.04649477462862617,0.7258945524058333,0.048390747852792515,19970988.4
2020-05-27,35.278507232666016,35.95601111089713,34.310647724204195,35.08493681251221,29644242,32.90724563598633,26.567768096923828,31.11671638488769,33.58474944053937,27.390449909428504,31.31028684560194,32.858854888133536,26.51937548487613,30.63278467733133,32.858854888133536,27.148484997266564,30.87474960514772,0.072058950873924,0.06958105262350327,0.06084229882694081,-0.036842140200520346,32.32653312683105,30.41984968185425,32.22781257629394,0.03456742304288916,0.04748097770267055,1.6453633866929351,0.19357042015380443,21546620.0
2020-05-28,32.810455322265625,36.24635714963725,32.616881249488884,36.24635714963725,27831269,35.278507232666016,30.34242057800293,32.90724563598633,35.95601111089713,31.407065289579187,33.487960537141795,34.310647724204195,27.777590304659878,31.79420658152819,35.08493681251221,27.777590304659878,31.79420658152819,-0.06995908001785023,-0.07252669382199999,0.072058950873924,0.14207638621763463,32.67496185302734,30.46824197769165,32.19877677917481,0.0575249963772865,0.04971003267238844,3.629475900148364,-3.435901827371623,23449754.6
2020-05-29,31.794212341308597,32.52010702521616,31.16510287448604,31.74582158468942,25942336,32.810455322265625,30.05206298828125,31.842609405517575,36.24635714963725,30.8263521164199,33.39118411704335,32.616881249488884,29.471346142177264,31.55225002667345,36.24635714963725,30.439207552350577,32.32653923435982,-0.03097314471790924,-0.03146295304600629,-0.06995908001785023,-0.009569361448116598,32.762068557739255,30.412590312957764,32.195873413085934,0.06077618818273867,0.04969578059991912,1.3550041507301245,0.048390756619177466,24672795.4
2020-06-01,32.71367645263672,33.00403206208208,31.40706324667116,31.842602216608388,15083601,31.794212341308597,31.06831169128418,32.90724563598633,32.52010702521616,31.310276539454986,33.00403083553791,31.16510287448604,30.43920234527089,31.019919429346565,31.74582158468942,30.632774594192128,31.745815833675397,0.02891922911810929,0.028508959230830702,-0.03097314471790924,0.0338162708962515,33.10081939697265,30.47550106048584,32.222973365783695,0.060915376166414535,0.04900750123215782,1.5969688154109214,0.8710742360283312,24897207.6
2020-06-02,34.1170654296875,34.746174700294894,33.19760059838512,33.391170972181776,22787385,32.71367645263672,31.358678817749023,31.455461502075195,33.00403206208208,31.697428948970945,32.61689148792669,31.40706324667116,30.63278224012995,31.01992433141924,31.842602216608388,31.06831944593202,32.27814138404055,0.04289915195201699,0.04200448098142114,0.02891922911810929,0.009346086435276124,33.34278335571289,30.67875118255615,32.2742696762085,0.05777954563700013,0.04842991046131226,1.5485741019097716,0.7258944575057242,24257766.6
2020-06-03,35.61726379394531,35.90762318080053,34.74618933722673,34.93976349641257,24642090,34.1170654296875,31.019922256469727,30.05206298828125,34.746174700294894,31.35867418961974,30.53599276740626,33.19760059838512,30.34242024209286,29.761705491190902,33.391170972181776,31.35867418961974,30.48760015987842,0.04397208099124472,0.04303274675731305,0.04289915195201699,-0.01080264137555309,33.41053466796875,30.959430980682374,32.39525230407715,0.05103836323067236,0.049050218628312846,1.1614338435737963,0.6775002975327453,23257336.2
2020-06-04,37.456199645996094,37.50459040533256,34.69779672917694,35.37529699066246,25118482,35.61726379394531,32.90724563598633,30.0036678314209,35.90762318080053,33.58474944053937,31.26188477985389,34.74618933722673,32.858854888133536,29.81009556583356,34.93976349641257,32.858854888133536,30.39081236259557,0.05163046388654324,0.0503417825359097,0.04397208099124472,0.06084229882694081,34.339683532714844,31.3852897644043,32.465906372070314,0.033584386446779274,0.04869158663074633,2.806793676155614,2.080902655333631,22714778.8
2020-06-05,38.13368606567383,41.42441206765084,37.891721245279534,40.89208798124518,33669153,37.456199645996094,35.278507232666016,28.939023971557617,37.50459040533256,35.95601111089713,30.245635496103127,34.69779672917694,34.310647724204195,28.89063136366852,35.37529699066246,35.08493681251221,30.003670604734328,0.01808743081467834,0.0179257993271527,0.05163046388654324,0.072058950873924,35.60757827758789,31.813567447662354,32.4968775177002,0.013420067311236445,0.04866817151465992,3.5326908223713076,-2.758401915571355,24260142.2
2020-06-08,40.94048690795898,41.472811100788455,39.24673282657865,39.77905701940812,31792699,38.13368606567383,32.810455322265625,29.56813240051269,41.42441206765084,36.24635714963725,30.29402704934809,37.891721245279534,32.616881249488884,29.32616751756756,40.89208798124518,36.24635714963725,29.32616751756756,0.07360423635552249,0.07102143316222173,0.01808743081467834,-0.06995908001785023,37.25294036865235,32.33863143920898,32.52978485107422,0.019915620396249396,0.05038224862492093,2.2260782742098044,1.161429888550856,27601961.8
2020-06-09,38.81119537353516,39.73066034188963,38.23047675789437,39.63387514056485,23603936,40.94048690795898,31.794212341308597,30.439207077026367,41.472811100788455,32.52010702521616,30.6327793560383,39.24673282657865,31.16510287448604,29.81009763321841,39.77905701940812,31.74582158468942,30.052062519002508,-0.05200943357637189,-0.053410727806555224,0.07360423635552249,-0.03097314471790924,38.191766357421876,32.78142738342285,32.568499145507815,0.04844732808552954,0.05220341948306818,1.500183583995259,-0.8226797670296833,27765272.0
2020-06-10,36.82708740234375,38.61762684913185,36.39154837765696,38.56923609339771,23465356,38.81119537353516,32.71367645263672,29.95527648925781,39.73066034188963,33.00403206208208,30.245633973902617,38.23047675789437,31.40706324667116,29.664919004613008,39.63387514056485,31.842602216608388,30.19724136844902,-0.05112205259579172,-0.0524751004408779,-0.05200943357637189,0.02891922911810929,38.43373107910156,33.17099132537842,32.54139907836914,0.05789177709180569,0.05331787122395842,2.2260784714748922,-1.7421486910539628,27529925.2
2020-06-12,35.08492660522461,35.956000650187214,34.2622432992989,35.520461775783254,20261430,33.63314437866211,35.61726379394531,28.01955795288086,35.56886713009054,35.90762318080053,29.13259723124358,33.10082386288493,34.74618933722673,26.51937409458588,34.165468598285734,34.93976349641257,29.0358120122222,0.04316522446481552,0.04225957619060967,-0.0867280919825979,0.04397208099124472,37.05936813354492,33.82671585083008,32.46590599060059,0.06901556806922163,0.05700589427540134,1.693757350888312,-0.4355351705586443,24820652.6
2020-06-15,35.03654479980469,35.56886904813378,33.14921640433063,33.63314619232193,20497800,35.08492660522461,37.456199645996094,27.584022521972656,35.956000650187214,37.50459040533256,28.551884033506344,34.2622432992989,34.69779672917694,26.519375785247338,35.520461775783254,35.37529699066246,27.196877917359178,-0.0013789912107929903,-0.0013799428941820133,0.04316522446481552,0.05163046388654324,35.878579711914064,34.250154685974124,32.49881332397461,0.05079419875173395,0.055894348636654254,2.419652643803147,1.4033986074827567,22561672.8
2020-06-16,36.14957809448242,37.4561912697695,35.27850387890639,37.40779681740848,19694772,35.03654479980469,38.13368606567383,26.567768096923828,35.56886904813378,41.42441206765084,27.390449909428504,33.14921640433063,37.891721245279534,26.51937548487613,33.63314619232193,40.89208798124518,27.148484997266564,0.03176778135622382,0.03127362367333303,-0.0013789912107929903,0.01808743081467834,35.346256256103516,34.540512561798096,32.57043502807617,0.055187765598289466,0.04755639605148023,2.177687390863106,-1.2582187229260597,21779840.0
2020-06-17,35.03654479980469,36.43994340728745,34.84297436614683,36.29476373012073,15090141,36.14957809448242,40.94048690795898,30.34242057800293,37.4561912697695,41.472811100788455,31.407065289579187,35.27850387890639,39.24673282657865,27.777590304659878,37.40779681740848,39.77905701940812,27.777590304659878,-0.03078966210251899,-0.03127362367333303,0.03176778135622382,0.07360423635552249,34.9881477355957,34.789736652374266,32.5714030456543,0.05233911851034698,0.04824485940354407,1.5969690411406248,-1.2582189303160405,20104797.0
2020-06-18,35.2301139831543,35.423688113788906,33.97189880133866,34.504219326929174,15729550,35.03654479980469,38.81119537353516,30.05206298828125,36.43994340728745,39.73066034188963,30.8263521164199,34.84297436614683,38.23047675789437,29.471346142177264,36.29476373012073,39.63387514056485,30.439207552350577,0.005524779468285113,0.00550957385360144,-0.03078966210251899,-0.05200943357637189,35.30754165649414,34.997826766967776,32.59559944152832,0.029096772068888117,0.047886727502109074,1.451789312450245,0.7258946562251225,18254738.6
2020-06-19,34.60100555419922,36.05279861303632,34.3106499055091,35.907618936767946,17792356,35.2301139831543,36.82708740234375,31.06831169128418,35.423688113788906,38.61762684913185,31.310276539454986,33.97189880133866,36.39154837765696,30.43920234527089,34.504219326929174,38.56923609339771,30.632774594192128,-0.017857121587965707,-0.01801848384678909,0.005524779468285113,-0.05112205259579172,35.210757446289065,35.15994310379028,32.5810814666748,0.023854087033877338,0.04821384248390079,1.742148707527221,-1.3066133825687274,17760923.8
2020-06-22,34.06867980957031,34.74617992355002,33.68153529993359,34.69778917474922,15707761,34.60100555419922,33.63314437866211,31.358678817749023,36.05279861303632,35.56886713009054,31.697428948970945,34.3106499055091,33.10082386288493,30.63278224012995,35.907618936767946,34.165468598285734,31.06831944593202,-0.015384690014140445,-0.015504262331579517,-0.017857121587965707,-0.0867280919825979,35.01718444824219,35.312380981445315,32.571403121948244,0.02449637727651685,0.048308893212665974,1.0646446236164238,-0.6291093651789055,16802916.0
2020-06-23,33.8751106262207,34.50422008283407,33.72993465487244,34.310649651805306,16168082,34.06867980957031,35.08492660522461,31.019922256469727,34.74617992355002,35.956000650187214,31.35867418961974,33.68153529993359,34.2622432992989,30.34242024209286,34.69778917474922,35.520461775783254,31.35867418961974,-0.005681734203719646,-0.005697936656667909,-0.015384690014140445,0.04316522446481552,34.56229095458984,35.360774230957034,32.56946746826172,0.01362298786279865,0.04657982916186672,0.7742854279616296,-0.4355390255846032,16097578.0
2020-06-24,31.60063743591309,33.39117666210278,31.55224298229466,33.39117666210278,29025298,33.8751106262207,35.03654479980469,32.90724563598633,34.50422008283407,35.56886904813378,33.58474944053937,33.72993465487244,33.14921640433063,32.858854888133536,34.310649651805306,33.63314619232193,32.858854888133536,-0.06714290073925488,-0.06950325250124487,-0.005681734203719646,-0.0013789912107929903,33.87510948181152,35.17688074111938,32.53075283050537,0.027860431286767042,0.04603386186205561,1.8389336798081182,-1.79053922618969,18884609.4
2020-06-25,32.3265380859375,32.423323307498194,31.068319094107977,31.45546368419759,14836396,31.60063743591309,36.14957809448242,35.278507232666016,33.39117666210278,37.4561912697695,35.95601111089713,31.55224298229466,35.27850387890639,34.310647724204195,33.39117666210278,37.40779681740848,35.08493681251221,0.022971076184667316,0.022711213045511436,-0.06714290073925488,0.03176778135622382,33.29439430236816,35.15268487930298,32.548174362182614,0.032568078418509214,0.043707237727952236,1.3550042133902167,0.8710744017399108,18705978.6
2020-06-26,31.40569305419922,32.22960639857056,31.26029570886314,32.08420905323448,17938840,32.3265380859375,35.03654479980469,32.810455322265625,32.423323307498194,36.43994340728745,36.24635714963725,31.068319094107977,34.84297436614683,32.616881249488884,31.45546368419759,36.29476373012073,36.24635714963725,-0.028485729875877497,-0.028899321518920853,0.022971076184667316,-0.03078966210251899,32.65533180236817,35.13325891494751,32.57234340667725,0.033012914984075714,0.043617390110643584,0.9693106897074202,-0.6785159990352625,18735275.4
2020-06-29,32.95658493041992,32.95658493041992,31.502619093745302,31.84187704708952,15103383,31.40569305419922,35.2301139831543,31.794212341308597,32.22960639857056,35.423688113788906,32.52010702521616,31.26029570886314,33.97189880133866,31.16510287448604,32.08420905323448,34.504219326929174,31.74582158468942,0.0493825076091845,0.04820190318661025,-0.028485729875877497,0.005524779468285113,32.432912826538086,35.14540433883667,32.56945850372315,0.04514003598578427,0.044554066730324686,1.4539658366746195,1.1147078833304036,18614399.8
2020-06-30,33.10197448730469,33.29583877900313,32.2780614484321,32.5203890310063,13947676,32.95658493041992,34.60100555419922,32.71367645263672,32.95658493041992,36.05279861303632,33.00403206208208,31.502619093745302,34.3106499055091,31.40706324667116,31.84187704708952,35.907618936767946,31.842602216608388,0.0044115480166322385,0.004401845663147238,0.0493825076091845,-0.017857121587965707,32.278285598754884,35.09464979171753,32.60142078399658,0.0453712567700309,0.043481994466611336,1.017777330571029,0.5815854562983844,18170318.6
2020-07-01,32.665802001953125,33.97437469208128,32.52040833362836,33.58664958794704,24202957,33.10197448730469,34.06867980957031,34.1170654296875,33.29583877900313,34.74617992355002,34.746174700294894,32.2780614484321,33.68153529993359,33.19760059838512,32.5203890310063,34.69778917474922,33.391170972181776,-0.013176630461087524,-0.013264212464150193,0.0044115480166322385,-0.015384690014140445,32.49131851196289,34.94707670211792,32.62756324768066,0.030513864220224125,0.04225912162640664,1.4539663584529166,-0.9208475859939185,17205850.4
2020-07-02,33.05351257324219,34.11975706815912,33.005049274908984,33.247376894772096,14877567,32.665802001953125,33.8751106262207,35.61726379394531,33.97437469208128,34.50422008283407,35.90762318080053,32.52040833362836,33.72993465487244,34.74618933722673,33.58664958794704,34.310649651805306,34.93976349641257,0.01186900512241773,0.011799120908351049,-0.013176630461087524,-0.005681734203719646,32.63671340942383,34.72694234848022,32.666299171447754,0.029448347870013877,0.04042651337138619,1.1147077932501332,-0.19386432152990807,17214084.6
2020-07-06,33.925899505615234,34.313624516521664,33.39278086134369,33.828969180238566,15133900,33.05351257324219,31.60063743591309,37.456199645996094,34.11975706815912,33.39117666210278,37.50459040533256,33.005049274908984,31.55224298229466,34.69779672917694,33.247376894772096,33.39117666210278,35.37529699066246,0.02639316866671737,0.02605087867235263,0.01186900512241773,-0.06714290073925488,33.14075469970703,34.516553020477296,32.71377216339111,0.023583849413441507,0.04072259304940961,0.9208436551779755,0.09693032537666824,16653096.6
2020-07-07,32.76272964477539,33.39278235194799,32.714262625223675,33.39278235194799,12526487,33.925899505615234,32.3265380859375,38.13368606567383,34.313624516521664,32.423323307498194,41.42441206765084,33.39278086134369,31.068319094107977,37.891721245279534,33.828969180238566,31.45546368419759,40.89208798124518,-0.03428560120115087,-0.034887141901047455,0.02639316866671737,0.022971076184667316,33.101983642578126,34.10766515731812,32.76314609527588,0.02345993641014467,0.03670513214990229,0.6785197267243177,-0.6300527071726023,16137717.4
2020-07-08,33.24737548828125,33.29584249396314,32.56885595572908,33.05351117495254,12928884,32.76272964477539,31.40569305419922,40.94048690795898,33.39278235194799,32.22960639857056,41.472811100788455,32.714262625223675,31.26029570886314,39.24673282657865,33.39278235194799,32.08420905323448,39.77905701940812,0.014792596610861075,0.014684253299410272,-0.03428560120115087,-0.028485729875877497,33.131063842773436,33.82947416305542,32.80575927734375,0.02449063234934519,0.03574911757066654,0.7269865382340654,0.19386431332871013,15933959.0
2020-07-09,31.89034652709961,33.1019848181111,31.89034652709961,33.1019848181111,14997186,33.24737548828125,32.95658493041992,38.81119537353516,33.29584249396314,32.95658493041992,39.73066034188963,32.56885595572908,31.502619093745302,38.23047675789437,33.05351117495254,31.84187704708952,39.63387514056485,-0.040816122814264055,-0.041672484015461614,0.014792596610861075,0.0493825076091845,32.975972747802736,33.58263711929321,32.78542129516602,0.03082425282114223,0.0351502504198981,1.2116382910114893,-1.2116382910114893,14092804.8
2020-07-10,32.423465728759766,32.568863068158635,31.648019434298607,31.696482741165102,12725057,31.89034652709961,33.10197448730469,36.82708740234375,33.1019848181111,33.29583877900313,38.61762684913185,31.89034652709961,32.2780614484321,36.39154837765696,33.1019848181111,32.5203890310063,38.56923609339771,0.016717259601024548,0.016579064255037943,-0.040816122814264055,0.0044115480166322385,32.84996337890625,33.52215318679809,32.79703842163086,0.031532468648375826,0.02996287586353219,0.9208436338600272,0.7269829875946634,13662302.8
2020-07-13,32.47193145751953,33.05351708265555,32.18114049965129,32.762726124787314,13742084,32.423465728759766,32.665802001953125,33.63314437866211,32.568863068158635,33.97437469208128,35.56886713009054,31.648019434298607,32.52040833362836,33.10082386288493,31.696482741165102,33.58664958794704,34.165468598285734,0.0014947732350762966,0.0014936571735982703,0.016717259601024548,-0.013176630461087524,32.55916976928711,33.39150342941284,32.78833213806152,0.027329230171998932,0.02809119188532577,0.8723765830042609,-0.29079466726778236,13383939.6
2020-07-14,33.34430694580078,33.39277395316231,31.841874230381347,32.27806616843812,13946091,32.47193145751953,33.05351257324219,35.08492660522461,33.05351708265555,34.11975706815912,35.956000650187214,32.18114049965129,33.005049274908984,34.2622432992989,32.762726124787314,33.247376894772096,35.520461775783254,0.026865525058850093,0.026510982800399582,0.0014947732350762966,0.01186900512241773,32.67548522949219,33.30689153671265,32.82610904693603,0.0265312227555586,0.028900870630691945,1.550899722780965,1.0662407773626583,13667860.4
2020-07-15,34.60440444946289,34.943662298348315,34.0712823230728,34.3620768846307,18022606,33.34430694580078,33.925899505615234,35.03654479980469,33.39277395316231,34.313624516521664,35.56886904813378,31.841874230381347,33.39278086134369,33.14921640433063,32.27806616843812,33.828969180238566,33.63314619232193,0.03779048416601749,0.037093918672634174,0.026865525058850093,0.02639316866671737,32.94689102172852,33.22963285446167,32.91715587615967,0.03059355056586631,0.02930063176627131,0.8723799752755141,0.24232756483218765,14686604.8
2020-07-16,34.168212890625,34.798265306295974,33.87742203605255,34.21667988775285,10502384,34.60440444946289,32.76272964477539,36.14957809448242,34.943662298348315,33.39278235194799,37.4561912697695,34.0712823230728,32.714262625223675,35.27850387890639,34.3620768846307,33.39278235194799,37.40779681740848,-0.0126050878718319,-0.012685205967725289,0.03779048416601749,-0.03428560120115087,33.40246429443359,33.186216259002684,33.00044677734375,0.02001930280855031,0.02862714152166752,0.9208432702434237,-0.04846699712785352,13787644.4
2020-07-17,34.26515197753906,34.65287317459406,33.82896006675404,34.216684973207805,12029771,34.168212890625,33.24737548828125,35.03654479980469,34.798265306295974,33.29584249396314,36.43994340728745,33.87742203605255,32.56885595572908,34.84297436614683,34.21667988775285,33.05351117495254,36.29476373012073,0.0028371131737083832,0.002833096164141735,-0.0126050878718319,0.014792596610861075,33.77080154418945,33.137968158721925,33.106969337463376,0.020513682789846423,0.028601883732926558,0.8239131078400206,0.04846700433125761,13648587.2
2020-07-20,33.29584884643555,34.21669245488715,33.247381831506694,33.97436479904204,9844356,34.26515197753906,31.89034652709961,35.2301139831543,34.65287317459406,33.1019848181111,35.423688113788906,33.82896006675404,31.89034652709961,33.97189880133866,34.216684973207805,33.1019848181111,34.504219326929174,-0.028288306782905726,-0.028696130436282618,0.0028371131737083832,-0.040816122814264055,33.935585021972656,33.07271032333374,33.181523666381835,0.02727422674908158,0.0290176255522509,0.9693106233804585,-0.6785159526064959,12869041.6
2020-07-21,34.11975860595703,34.65287716804444,33.44123901411961,33.635103344387105,14019625,33.29584884643555,32.423465728759766,34.60100555419922,34.21669245488715,32.568863068158635,36.05279861303632,33.247381831506694,31.648019434298607,34.3106499055091,33.97436479904204,31.696482741165102,35.907618936767946,0.024745119528907455,0.02444391779414747,-0.028288306782905726,0.016717259601024548,34.090675354003906,33.07526426315307,33.25513469696045,0.02686894091163812,0.02939325225553638,1.2116381539248309,0.48465526156992667,12883748.4
2020-07-22,34.2166862487793,34.362083557794605,33.44123640696359,33.877428334009515,13143364,34.11975860595703,32.47193145751953,34.06867980957031,34.65287716804444,33.05351708265555,34.74617992355002,33.44123901411961,32.18114049965129,33.68153529993359,33.635103344387105,32.762726124787314,34.69778917474922,0.002840806816415853,0.0028367793504306803,0.024745119528907455,0.0014947732350762966,34.01313171386719,33.09234304428101,33.34036289215088,0.01978402896653867,0.029360837470726413,0.9208471508310154,0.3392579147697816,11907900.0
2020-07-23,34.11975860595703,34.50748355709282,33.78050066473792,34.21668891639118,13769391,34.2166862487793,33.34430694580078,33.8751106262207,34.362083557794605,33.39277395316231,34.50422008283407,33.44123640696359,31.841874230381347,33.72993465487244,33.877428334009515,32.27806616843812,34.310649651805306,-0.0028327594939362433,-0.0028367793504307116,0.002840806816415853,0.026865525058850093,34.003440856933594,33.218299102783206,33.442041893005374,0.018951224985155207,0.024660245765144133,0.7269828923548971,-0.09693031043414635,12561301.4
2020-07-24,33.24737548828125,34.45901353633991,33.05351117495254,34.02282532279834,13131567,34.11975860595703,34.60440444946289,31.60063743591309,34.50748355709282,34.943662298348315,33.39117666210278,33.78050066473792,34.0712823230728,31.55224298229466,34.21668891639118,34.3620768846307,33.39117666210278,-0.025568267576297266,-0.025900816440489437,-0.0028327594939362433,0.03779048416601749,33.79988555908203,33.26434097290039,33.546598243713376,0.02186880536290399,0.02509322088115897,1.40550236138737,-0.7754498345170902,12781660.6
2020-07-27,32.5203971862793,33.198913103881885,32.423463161422305,33.15044980085278,14185812,33.24737548828125,34.168212890625,32.3265380859375,34.45901353633991,34.798265306295974,32.423323307498194,33.05351117495254,33.87742203605255,31.068319094107977,34.02282532279834,34.21667988775285,31.45546368419759,-0.0218657350039011,-0.022108333097995522,-0.025568267576297266,-0.0126050878718319,33.64479522705078,33.3200761795044,33.64532573699951,0.02035545542637823,0.024714842571537023,0.7754499424595807,-0.6300526145734864,13649951.8
2020-07-28,33.39278030395508,33.73203829181044,32.4234659381688,32.47193295474801,15255125,32.5203971862793,34.26515197753906,31.40569305419922,33.198913103881885,34.65287317459406,32.22960639857056,32.423463161422305,33.82896006675404,31.26029570886314,33.15044980085278,34.216684973207805,32.08420905323448,0.026825721490383536,0.02647221984755706,-0.0218657350039011,0.0028371131737083832,33.49939956665039,33.34188594818115,33.78182598114014,0.021110937870322602,0.022887598961726242,1.3085723536416367,0.9208473492070652,13897051.8
2020-07-29,31.93881225585937,33.925900687611175,31.59955425052124,33.877437377934235,29782982,33.39278030395508,33.29584884643555,32.95658493041992,33.73203829181044,34.21669245488715,32.95658493041992,32.4234659381688,33.247381831506694,31.502619093745302,32.47193295474801,33.97436479904204,31.84187704708952,-0.0435413893320975,-0.044517762686895515,0.026825721490383536,-0.028288306782905726,33.04382476806641,33.28372783660889,33.813753814697264,0.02673019797638545,0.024922434295943045,2.326346437089935,-1.938625122074864,17224975.4
2020-07-30,30.33945083618164,31.551089298482783,30.33945083618164,31.502625985630825,25586567,31.93881225585937,34.11975860595703,33.10197448730469,33.925900687611175,34.65287716804444,33.29583877900313,31.59955425052124,33.44123901411961,32.2780614484321,33.877437377934235,33.635103344387105,32.5203890310063,-0.050075795144333135,-0.05137308193294801,-0.0435413893320975,0.024745119528907455,32.28776321411133,33.16741027832031,33.81950157165527,0.030188625569637084,0.027103428514771637,1.211638462301142,-1.1631751494491844,19588410.6
2020-07-31,29.418598175048828,30.48484087885433,29.07934022888776,30.290978400462457,28609840,30.33945083618164,34.2166862487793,32.665802001953125,31.551089298482783,34.362083557794605,33.97437469208128,30.33945083618164,33.44123640696359,32.52040833362836,31.502625985630825,33.877428334009515,33.58664958794704,-0.03035165883868407,-0.030821808101608523,-0.050075795144333135,0.002840806816415853,31.522007751464844,32.98566455841065,33.786507301330566,0.030371734962688773,0.027498227825157987,1.405500649966573,-0.8723802254136288,22684065.2
2020-08-03,29.61246109008789,30.0001860525888,29.17627097094929,29.75785841470065,18011050,29.418598175048828,34.11975860595703,33.05351257324219,30.48484087885433,34.50748355709282,34.11975706815912,29.07934022888776,33.78050066473792,33.005049274908984,30.290978400462457,34.21668891639118,33.247376894772096,0.006589808048824253,0.006568190183514692,-0.03035165883868407,-0.0028327594939362433,30.94042053222656,32.769992637634275,33.75158294677735,0.033345634703086616,0.026634367732138117,0.8239150816395089,-0.1453973246127589,23449112.8
2020-08-04,29.75786018371582,30.048652995528432,29.563997690940827,29.563997690940827,14253587,29.61246109008789,33.24737548828125,33.925899505615234,30.0001860525888,34.45901353633991,34.313624516521664,29.17627097094929,33.05351117495254,33.39278086134369,29.75785841470065,34.02282532279834,33.828969180238566,0.004910064488918842,0.004898049436015258,0.006589808048824253,-0.025568267576297266,30.21343650817871,32.6197491645813,33.72634170532226,0.026750427400453858,0.025909523108230897,0.484655304587605,0.19386249277499346,23248805.2
2020-08-05,31.017961502075195,31.017961502075195,29.75785816650656,29.903253635207,21286984,29.75786018371582,32.5203971862793,32.76272964477539,30.048652995528432,33.198913103881885,33.39278235194799,29.563997690940827,32.423463161422305,32.714262625223675,29.563997690940827,33.15044980085278,33.39278235194799,0.042345158911961445,0.04147313503773169,0.004910064488918842,-0.0218657350039011,30.029266357421875,32.508278465271,33.68855602264404,0.03587523589725272,0.02766129060507986,1.2601033355686369,1.1147078668681942,21549605.6
2020-08-06,30.67870712280273,31.11489728904827,30.43637945874409,30.67870712280273,14027650,31.017961502075195,33.39278030395508,33.24737548828125,31.017961502075195,33.73203829181044,33.29584249396314,29.75785816650656,32.4234659381688,32.56885595572908,29.903253635207,32.47193295474801,33.05351117495254,-0.010937352515888787,-0.01099760509449532,0.042345158911961445,0.026825721490383536,30.097117614746093,32.44769649505615,33.59656002044678,0.02678602682778731,0.026289906164909192,0.6785178303041803,0.0,19237822.2
2020-08-07,31.017961502075195,31.308754294175703,30.290978594474105,30.484841074107656,16665861,30.67870712280273,31.93881225585937,31.89034652709961,31.11489728904827,33.925900687611175,33.1019848181111,30.43637945874409,31.59955425052124,31.89034652709961,30.67870712280273,33.877437377934235,33.1019848181111,0.011058301052729425,0.010997605094495433,-0.010937352515888787,-0.0435413893320975,30.416990280151367,32.37742128372192,33.56071014404297,0.01949418560579618,0.02611218147508437,1.0177756997015983,0.533120427967539,16849026.4
2020-08-10,32.32653045654297,32.47192777368199,30.92102985809745,31.16335933822901,18929062,31.017961502075195,30.33945083618164,32.423465728759766,31.308754294175703,31.551089298482783,32.568863068158635,30.290978594474105,30.33945083618164,31.648019434298607,30.484841074107656,31.502625985630825,31.696482741165102,0.0421874582048285,0.04132182945859239,0.011058301052729425,-0.050075795144333135,30.959804153442384,32.3701512336731,33.571356506347655,0.02363570275936431,0.027912925400855413,1.5508979155845388,1.163171118313958,17032628.8
2020-08-11,32.61731719970703,33.92588531857788,32.42345292062359,33.29583661240177,18687596,32.32653045654297,29.418598175048828,32.47193145751953,32.47192777368199,30.48484087885433,33.05351708265555,30.92102985809745,29.07934022888776,32.18114049965129,31.16335933822901,30.290978400462457,32.762726124787314,0.008995297022517557,0.00895508033238089,0.0421874582048285,-0.03035165883868407,31.531695556640624,32.33380174636841,33.569429321289064,0.023139248516909128,0.02729172124882465,1.5024323979542942,-0.6785194126947403,17919430.6
2020-08-12,32.5688591003418,33.3443090097307,31.890343211675926,33.29584570876842,14073295,32.61731719970703,29.61246109008789,33.34430694580078,33.92588531857788,30.0001860525888,33.39277395316231,32.42345292062359,29.17627097094929,31.841874230381347,33.29583661240177,29.75785841470065,32.27806616843812,-0.0014856555819271478,-0.0014867602624332743,0.008995297022517557,0.006589808048824253,31.841875076293945,32.23202447891235,33.53846519470215,0.020052732283327334,0.025741831703408106,1.4539657980547744,-0.7269866084266212,16476692.8
2020-08-13,31.987266540527344,32.76271628064401,31.938799540745645,31.938799540745645,10719714,32.5688591003418,29.75786018371582,34.60440444946289,33.3443090097307,30.048652995528432,34.943662298348315,31.890343211675926,29.563997690940827,34.0712823230728,33.29584570876842,29.563997690940827,34.3620768846307,-0.01785732063940637,-0.018018686517363002,-0.0014856555819271478,0.004910064488918842,32.103586959838864,32.12297716140747,33.46586524963379,0.022000142265799574,0.025874531613433633,0.8239167398983618,0.04846699978169866,15815105.6
2020-08-14,32.27806854248047,32.568859479840235,31.35722130067635,31.696479248962383,10111524,31.987266540527344,31.017961502075195,34.168212890625,32.76271628064401,31.017961502075195,34.798265306295974,31.938799540745645,29.75785816650656,33.87742203605255,31.938799540745645,29.903253635207,34.21667988775285,0.00909118012896415,0.009050104116152613,-0.01785732063940637,0.042345158911961445,32.35560836791992,32.02362298965454,33.36230262756348,0.021962291229682636,0.025986001870867467,1.2116381791638844,0.5815892935180855,14504238.2
2020-08-17,31.357215881347656,32.42345655285837,31.26028558564644,32.32652625715715,11843460,32.27806854248047,30.67870712280273,34.26515197753906,32.568859479840235,31.11489728904827,34.65287317459406,31.35722130067635,30.43637945874409,33.82896006675404,31.696479248962383,30.67870712280273,34.216684973207805,-0.028528741114757117,-0.02894359486861335,0.00909118012896415,-0.010937352515888787,32.16174545288086,31.926691341400147,33.226773223876954,0.016741512481023936,0.02599853434211167,1.1631709672119293,-0.9693103758094921,13087117.8
2020-08-18,31.21183013916016,31.84188285859072,31.066434641776183,31.454157822833448,8564375,31.357215881347656,31.017961502075195,33.29584884643555,32.42345655285837,31.308754294175703,34.21669245488715,31.26028558564644,30.290978594474105,33.247381831506694,32.32652625715715,30.484841074107656,33.97436479904204,-0.004636436561766821,-0.0046472181721721505,-0.028528741114757117,0.011058301052729425,31.880648040771483,31.781294918060304,33.03220008850098,0.01468093594085805,0.025185106754679873,0.7754482168145351,-0.24232768367328816,11062473.6
2020-08-19,30.921031951904297,31.841877361840535,30.775634624919743,31.357222078158276,10907008,31.21183013916016,32.32653045654297,34.11975860595703,31.84188285859072,32.47192777368199,34.65287716804444,31.066434641776183,30.92102985809745,33.44123901411961,31.454157822833448,31.16335933822901,33.635103344387105,-0.00931692201192047,-0.009360596012987362,-0.004636436561766821,0.0421874582048285,31.551082611083984,31.61651220321655,32.87439682006836,0.014128408272162206,0.025154402580550718,1.0662427369207919,-0.43619012625397957,10429216.2
2020-08-20,30.387910842895508,30.92103127228857,30.0971161953178,30.678703635773573,12793394,30.921031951904297,32.61731719970703,34.2166862487793,31.841877361840535,33.92588531857788,34.362083557794605,30.775634624919743,32.42345292062359,33.44123640696359,31.357222078158276,33.29583661240177,33.877428334009515,-0.017241375056240904,-0.01739173838313187,-0.00931692201192047,0.008995297022517557,31.231211471557618,31.429919815063478,32.7456132888794,0.014047947961507774,0.02530250745246524,0.8239150769707706,-0.29079279287806514,10843952.2
2020-08-21,30.581771850585938,30.921031658767085,30.19404874013562,30.290979054073283,12008403,30.387910842895508,32.5688591003418,34.11975860595703,30.92103127228857,33.3443090097307,34.50748355709282,30.0971161953178,31.890343211675926,33.78050066473792,30.678703635773573,33.29584570876842,34.21668891639118,0.006379543782811581,0.006359280627503751,-0.017241375056240904,-0.0014856555819271478,30.891952133178712,31.29663963317871,32.68458583831787,0.013143812688619558,0.02497321794180433,0.7269829186314638,0.29079279651265466,11223328.0
2020-08-24,32.13267517089844,32.18114218778536,30.53330998112666,30.77563764676181,20622516,30.581771850585938,31.987266540527344,33.24737548828125,30.921031658767085,32.76271628064401,34.45901353633991,30.19404874013562,31.938799540745645,33.05351117495254,30.290979054073283,31.938799540745645,34.02282532279834,0.050713324521868275,0.04946929019863144,0.006379543782811581,-0.01785732063940637,31.047043991088866,31.277253532409667,32.625540809631346,0.026851274553586244,0.027378519106507047,1.647832206658702,1.3570375241366293,12979139.2
2020-08-25,31.93881225585937,32.47193462810495,31.405693593013694,32.22960695152058,13934033,32.13267517089844,32.27806854248047,32.5203971862793,32.18114218778536,32.568859479840235,33.198913103881885,30.53330998112666,31.35722130067635,32.423463161422305,30.77563764676181,31.696479248962383,33.15044980085278,-0.006033201842299163,-0.006051475139264954,0.050713324521868275,0.00909118012896415,31.19244041442871,31.204555130004884,32.56358615875244,0.026985857483943436,0.026644692377209647,1.0662410350912523,-0.29079469566120864,14053070.8
2020-08-26,31.40569305419922,32.08420905323448,31.211828690617832,32.08420905323448,11497281,31.93881225585937,31.357215881347656,33.39278030395508,32.47193462810495,32.42345655285837,33.73203829181044,31.405693593013694,31.26028558564644,32.4234659381688,32.22960695152058,32.32652625715715,32.47193295474801,-0.016691891902221534,-0.016832771427339674,-0.006033201842299163,-0.028528741114757117,31.289372634887695,31.177899169921876,32.468708457946775,0.028134324874247912,0.025065066266413673,0.8723803626166493,-0.6785159990352625,14171125.4
2020-08-27,31.40569305419922,32.132676071479786,31.26029570886314,31.599553708380768,14724301,31.40569305419922,31.21183013916016,31.93881225585937,32.08420905323448,31.84188285859072,33.925900687611175,31.211828690617832,31.066434641776183,31.59955425052124,32.08420905323448,31.454157822833448,33.877437377934235,0.0,0.0,-0.016691891902221534,-0.004636436561766821,31.49292907714844,31.231211280822755,32.39609142303467,0.025939014327065857,0.02219345856328481,0.8723803626166458,-0.19386065418154885,14557306.8
2020-08-28,32.03573989868164,32.084203198683795,31.357220314059106,31.551080932866025,11870004,31.40569305419922,30.921031951904297,30.33945083618164,32.132676071479786,31.841877361840535,31.551089298482783,31.26029570886314,30.775634624919743,30.33945083618164,31.599553708380768,31.357222078158276,31.502625985630825,0.02006154882158162,0.01986296745761832,0.0,-0.00931692201192047,31.78372268676758,31.362068367004394,32.33220394134521,0.026587447889113266,0.02116979375452583,0.7269828846246895,0.4846589658156155,14529627.0
2020-08-31,30.7271671295166,32.42346049333662,30.33944219019221,31.551080307206508,28464920,32.03573989868164,30.387910842895508,29.418598175048828,32.084203198683795,30.92103127228857,30.48484087885433,31.357220314059106,30.0971161953178,29.07934022888776,31.551080932866025,30.678703635773573,30.290978400462457,-0.0408472778622756,-0.04170496533081083,0.02006154882158162,-0.017241375056240904,31.50262107849121,31.41780366897583,32.25472717285156,0.022401709140904537,0.023455055993271558,2.0840183031444113,-0.8239131776899065,16098107.8
2020-09-01,30.000185012817383,31.017960685732778,29.806322538285976,30.387909961880197,18695642,30.7271671295166,30.581771850585938,29.61246109008789,32.42346049333662,30.921031658767085,30.0001860525888,30.33944219019221,30.19404874013562,29.17627097094929,31.551080307206508,30.290979054073283,29.75785841470065,-0.023659262620434607,-0.02394363732832635,-0.0408472778622756,0.006379543782811581,31.114895629882813,31.429919910430907,32.173357276916505,0.023247591845872235,0.02413553790147095,1.211638147446802,-0.3877249490628145,17050429.6
2020-09-02,31.21183013916016,31.26029715965482,29.90325953450437,30.04865688658835,16816680,30.000185012817383,32.13267517089844,29.75786018371582,31.017960685732778,32.18114218778536,30.048652995528432,29.806322538285976,30.53330998112666,29.563997690940827,30.387909961880197,30.77563764676181,29.563997690940827,0.040387921801985804,0.03959364533810744,-0.023659262620434607,0.050713324521868275,31.076123046875,31.439613342285156,32.120091667175295,0.03262904695948176,0.023961043980794884,1.357037625150447,1.1631732525718093,18114309.4
2020-09-03,30.630237579345703,32.22960262677065,30.43637694785148,30.96949739386,18884902,31.21183013916016,31.93881225585937,31.017961502075195,31.26029715965482,32.47193462810495,31.017961502075195,29.90325953450437,31.405693593013694,29.75785816650656,30.04865688658835,32.22960695152058,29.903253635207,-0.01863372180424494,-0.018809516833990722,0.040387921801985804,-0.006033201842299163,30.921031951904297,31.437189865112305,32.10068367004394,0.033563938863460284,0.02421622667996183,1.7932256789191712,-0.3392598145142962,18946429.6
2020-09-04,31.114891052246094,31.79341060124476,30.339441198933034,31.16335805910277,17992270,30.630237579345703,31.40569305419922,30.67870712280273,32.22960262677065,32.08420905323448,31.11489728904827,30.43637694785148,31.211828690617832,30.43637945874409,30.96949739386,32.08420905323448,30.67870712280273,0.015822713475366568,0.015698839319474606,-0.01863372180424494,-0.016691891902221534,30.736862182617188,31.44203634262085,32.076450729370116,0.03283282630162316,0.02435174890348464,1.4539694023117242,-0.04846700685667571,20170882.8
2020-09-08,29.75786018371582,30.82410296662841,29.70939502419701,30.63023861915365,24206006,31.114891052246094,31.40569305419922,31.017961502075195,31.79341060124476,32.132676071479786,31.308754294175703,30.339441198933034,31.26029570886314,30.290978594474105,31.16335805910277,31.599553708380768,30.484841074107656,-0.04361355038176529,-0.04459321160975937,0.015822713475366568,0.0,30.543000793457033,31.31360282897949,32.04349407196045,0.03359423787036228,0.02416622676058901,1.114707942431398,-0.872378435437831,19319100.0
2020-09-09,29.85478782653809,30.04865030193504,29.17627008999855,30.04865030193504,21878280,29.75786018371582,32.03573989868164,32.32653045654297,30.82410296662841,32.084203198683795,32.47192777368199,29.70939502419701,31.357220314059106,30.92102985809745,30.63023861915365,31.551080932866025,31.16335933822901,0.0032572114467863678,0.0032519182245633565,-0.04361355038176529,0.02006154882158162,30.513921356201173,31.175476360321046,31.981458129882814,0.032171276939286564,0.024039369550670556,0.8723802119364912,-0.19386247539695134,19955627.6
2020-09-10,29.07933807373047,30.048648539151703,29.07933807373047,29.903251227458725,19526919,29.85478782653809,30.7271671295166,32.61731719970703,30.04865030193504,32.42346049333662,33.92588531857788,29.17627008999855,30.33944219019221,32.42345292062359,30.04865030193504,31.551080307206508,33.29583661240177,-0.02597405003556308,-0.02631733302055181,0.0032572114467863678,-0.0408472778622756,30.087422943115236,31.001000308990477,31.90100540161133,0.023605453630782345,0.0245158943632899,0.9693104654212341,-0.823913153728256,20497675.4
2020-09-11,28.837013244628903,29.321668524184087,28.740081075898072,29.273203367168502,14429505,29.07933807373047,30.000185012817383,32.5688591003418,30.048648539151703,31.017960685732778,33.3443090097307,29.07933807373047,29.806322538285976,31.890343211675926,29.903251227458725,30.387909961880197,33.29584570876842,-0.008333230573789319,-0.008368146047452384,-0.02597405003556308,-0.023659262620434607,29.728778076171874,30.843487644195555,31.824429626464845,0.023530581307512982,0.024352443621893958,0.5815874482860153,-0.43619012253959966,19606596.0
2020-09-14,29.80632209777832,29.854787252020007,28.885476748388005,29.03087221111307,14847532,28.837013244628903,31.21183013916016,31.987266540527344,29.321668524184087,31.26029715965482,32.76271628064401,28.740081075898072,29.90325953450437,31.938799540745645,29.273203367168502,30.04865688658835,31.938799540745645,0.033613358114677805,0.03306077783524763,-0.008333230573789319,0.040387921801985804,29.46706428527832,30.71990032196045,31.759485816955568,0.02936698086888876,0.025674836902711193,0.969310503632002,0.7754498866652497,18977648.4
2020-09-15,29.56399726867676,30.1455847386949,29.176272288664663,29.903255235162536,17325133,29.80632209777832,30.630237579345703,32.27806854248047,29.854787252020007,32.22960262677065,32.568859479840235,28.885476748388005,30.43637694785148,31.35722130067635,29.03087221111307,30.96949739386,31.696479248962383,-0.008129980891524391,-0.008163209406850488,0.033613358114677805,-0.01863372180424494,29.428291702270506,30.630239391326903,31.672247772216796,0.022048017227561535,0.025032210570906998,0.9693124500302375,-0.3392579664857749,17601473.8
2020-09-17,34.168212890625,34.798265306295974,32.32652264073993,33.00504205353876,52374245,32.714256286621094,29.75786018371582,31.21183013916016,33.00505092878813,30.82410296662841,31.84188285859072,29.321667583835765,29.70939502419701,31.066434641776183,29.56399521584189,30.63023861915365,31.454157822833448,0.044444128311072806,0.04348480925880528,0.10655727604474019,-0.04361355038176529,31.017960357666016,30.867719745635988,31.689695053100586,0.047276161971851055,0.03601078129863076,2.471742665556043,1.1631708370862412,30067336.4
2020-09-18,33.34430694580078,34.604412043210566,33.295843647838254,33.538167556448904,29148649,34.168212890625,29.85478782653809,30.921031951904297,34.798265306295974,30.04865030193504,31.841877361840535,32.32652264073993,29.17627008999855,30.775634624919743,33.00504205353876,30.04865030193504,31.357222078158276,-0.02411322908404967,-0.02440871270490885,0.044444128311072806,0.0032572114467863678,31.91941909790039,31.01553955078125,31.71877426147461,0.05114615788934152,0.036272065584870006,1.308568395372312,-0.1938606106481231,33011165.2
2020-09-21,30.775636672973636,32.22960447547861,30.194051035731487,32.132674154171525,32651524,33.34430694580078,29.07933807373047,30.387910842895508,34.604412043210566,30.048648539151703,30.92103127228857,33.295843647838254,29.07933807373047,30.0971161953178,33.538167556448904,29.903251227458725,30.678703635773573,-0.07703474770078045,-0.0801636916676502,-0.02411322908404967,-0.02597405003556308,32.11328201293945,31.025232791900635,31.685817680358888,0.06993472166657032,0.04066611848053937,2.0355534397471224,-1.3570374811978887,36571963.6
2020-09-22,30.290977478027344,31.8903424123808,30.09711500553906,31.017960358833733,28269901,30.775636672973636,28.837013244628903,30.581771850585938,32.22960447547861,29.321668524184087,30.921031658767085,30.194051035731487,28.740081075898072,30.19404874013562,32.132674154171525,29.273203367168502,30.290979054073283,-0.015748145199930397,-0.015873464679426106,-0.07703474770078045,-0.008333230573789319,32.25867805480957,30.93314790725708,31.642198600769042,0.07046435944806612,0.03908228756488571,1.7932274068417406,-0.7269828808063892,38760917.2
2020-09-23,29.61246109008789,31.114893928754164,29.56399593345019,30.436376171727407,17785373,30.290977478027344,29.80632209777832,32.13267517089844,31.8903424123808,29.854787252020007,32.18114218778536,30.09711500553906,28.885476748388005,30.53330998112666,31.017960358833733,29.03087221111307,30.77563764676181,-0.022399950230448606,-0.02265463965487356,-0.015748145199930397,0.033613358114677805,31.63831901550293,30.816830348968505,31.567561683654784,0.043131961196425546,0.03933656149881521,1.5508979953039734,-0.823915081639516,32045938.4
2020-09-24,29.37013053894043,29.951717925003425,29.079337773258665,29.563993000961425,19154738,29.61246109008789,29.56399726867676,31.93881225585937,31.114893928754164,30.1455847386949,32.47193462810495,29.56399593345019,29.176272288664663,31.405693593013694,30.436376171727407,29.903255235162536,32.22960695152058,-0.008183397874639176,-0.008217065678860299,-0.022399950230448606,-0.008129980891524391,30.678702545166015,30.715052223205568,31.462876205444335,0.02730609455289045,0.039227136722752964,0.8723801517447605,-0.193862462020995,25402037.0
2020-09-25,29.661407470703125,29.952680916085985,29.224496373746195,29.418679289923197,16006529,29.37013053894043,32.714256286621094,31.40569305419922,29.951717925003425,33.00505092878813,32.08420905323448,29.079337773258665,29.321667583835765,31.211828690617832,29.563993000961425,29.56399521584189,32.08420905323448,0.009917454448372442,0.009868599244292956,-0.008183397874639176,0.10655727604474019,29.942122650146484,30.627837944030762,31.3727400970459,0.032692937578807674,0.03932464592522018,0.7281845423397897,0.24272818077992753,22773613.0
2020-09-28,30.098316192626957,30.632317776652123,30.001225671082427,30.24395383270888,16711586,29.661407470703125,34.168212890625,31.40569305419922,29.952680916085985,34.798265306295974,32.132676071479786,29.224496373746195,32.32652264073993,31.26029570886314,29.418679289923197,33.00504205353876,31.599553708380768,0.014729871546229623,0.01462244066551676,0.009917454448372442,0.044444128311072806,29.80665855407715,30.530966758728027,31.289403381347658,0.016109114224981843,0.03918410801246389,0.6310921055696959,-0.14563764008192237,19585625.4
2020-09-29,29.70995140075684,30.243954860697865,29.418677968457764,30.146862478088043,14761158,30.098316192626957,33.34430694580078,32.03573989868164,30.632317776652123,34.604412043210566,32.084203198683795,30.001225671082427,33.295843647838254,31.357220314059106,30.24395383270888,33.538167556448904,31.551080932866025,-0.012903206590847538,-0.012987176060022905,0.014729871546229623,-0.02411322908404967,29.690453338623048,30.48010597229004,31.21768543243408,0.015648963402722926,0.03822744037109626,0.825276892240101,-0.43691107733120305,16883876.8
2020-09-30,30.243955612182617,30.53522905171909,29.80704452399529,29.80704452399529,19417934,29.70995140075684,30.775636672973636,30.7271671295166,30.243954860697865,32.22960447547861,32.42346049333662,29.418677968457764,30.194051035731487,30.33944219019221,30.146862478088043,32.132674154171525,31.551080307206508,0.017973917366023606,0.017814296352182155,-0.012903206590847538,-0.07703474770078045,29.816752243041993,30.4922945022583,31.140169372558592,0.013956175430759468,0.03806178744652581,0.7281845277237977,0.43691108818732616,17210389.0
2020-10-01,30.292499542236328,30.53522770745857,29.66140556955243,30.438137184475742,15885525,30.243955612182617,30.290977478027344,30.000185012817383,30.53522905171909,31.8903424123808,31.017960685732778,29.80704452399529,30.09711500553906,29.806322538285976,29.80704452399529,31.017960358833733,30.387909961880197,0.0016050787362666963,0.001603791974110926,0.017973917366023606,-0.015748145199930397,30.001226043701173,30.44632797241211,31.061685638427733,0.012361515168652509,0.036924812128063075,0.8738221379061422,-0.14563764223941433,16556546.4
2020-10-02,31.02068328857422,31.069228548892987,29.37013143338029,29.37013143338029,18072625,30.292499542236328,29.61246109008789,31.21183013916016,30.53522770745857,31.114893928754164,31.26029715965482,29.66140556955243,29.56399593345019,29.90325953450437,30.438137184475742,30.436376171727407,30.04865688658835,0.02403841734230605,0.02375404284941916,0.0016050787362666963,-0.022399950230448606,30.27308120727539,30.465850257873534,30.99970413208008,0.014781005508108793,0.03707612660545466,1.6990971155126964,1.6505518551939282,16969765.6
2020-10-05,31.11777687072754,31.31195977727944,30.68086393766187,31.020684488568996,11693825,31.02068328857422,29.37013053894043,30.630237579345703,31.069228548892987,29.951717925003425,32.22960262677065,29.37013143338029,29.079337773258665,30.43637694785148,29.37013143338029,29.563993000961425,30.96949739386,0.003129962717135948,0.0031250745809639525,0.02403841734230605,-0.008183397874639176,30.47697334289551,30.465994548797607,30.957112159729004,0.014583272401122142,0.03692234144884592,0.6310958396175721,0.09709238215854299,15966213.4
2020-10-06,29.952682495117188,31.94305702641774,29.661409034379112,31.21487244568986,34121508,31.11777687072754,29.661407470703125,31.114891052246094,31.31195977727944,29.952680916085985,31.79341060124476,30.68086393766187,29.224496373746195,30.339441198933034,31.020684488568996,29.418679289923197,31.16335805910277,-0.03744143999908789,-0.038160373111581165,0.003129962717135948,0.009917454448372442,30.525519561767577,30.475735664367676,30.905757865905763,0.023967798698443548,0.03655696404475765,2.2816479920386286,-1.2621899505726724,19838283.4
2020-10-07,30.63232040405273,31.06923150400819,30.14686403916118,30.195411161862573,16710242,29.952682495117188,30.098316192626957,29.75786018371582,31.94305702641774,30.632317776652123,30.82410296662841,29.661409034379112,30.001225671082427,29.70939502419701,31.21487244568986,30.24395383270888,30.63023861915365,0.022690385378549616,0.022436787571743395,-0.03744143999908789,0.014729871546229623,30.6031925201416,30.51461229324341,30.850548667907717,0.024837511483365122,0.03687835565964877,0.9223674648470102,0.4369092421901577,19296745.0
2020-10-08,32.28287124633789,32.379961767104405,30.77795517010112,30.875047548632747,20699139,30.63232040405273,29.70995140075684,29.85478782653809,31.06923150400819,30.243954860697865,30.04865030193504,30.14686403916118,29.418677968457764,29.17627008999855,30.195411161862573,30.146862478088043,30.04865030193504,0.0538826579414724,0.05248111369519392,0.022690385378549616,-0.012903206590847538,31.001266860961913,30.67478895187378,30.857429847717285,0.033647289862468927,0.03800493533477887,1.6020065970032853,1.407823697705144,20259467.8
2020-10-09,33.20524978637695,34.321800376868886,32.525608519519075,34.321800376868886,34410686,32.28287124633789,30.243955612182617,29.07933807373047,32.379961767104405,30.53522905171909,30.048648539151703,30.77795517010112,29.80704452399529,29.07933807373047,30.875047548632747,29.80704452399529,29.903251227458725,0.028571762808851542,0.028171201919693634,0.0538826579414724,0.017973917366023606,31.43818016052246,30.89320077896118,30.91474582672119,0.0340687761967568,0.038172298287754126,1.796191857349811,-1.1165505904919328,23527080.0
2020-10-12,33.15668487548828,33.593593964844786,32.71977207060248,33.593593964844786,17863963,33.20524978637695,30.292499542236328,28.837013244628903,34.321800376868886,30.53522770745857,29.321668524184087,32.525608519519075,29.66140556955243,28.740081075898072,34.321800376868886,30.438137184475742,29.273203367168502,-0.0014625672506940468,-0.001463637846181375,0.028571762808851542,0.0016050787362666963,31.84596176147461,31.06071891784668,30.98950756072998,0.03449989815350955,0.03772511865709948,0.8738218942423046,-0.4369090893565044,24761107.6
2020-10-13,32.62269592285156,33.10815233144146,32.33142430701618,32.96251838128923,15105450,33.15668487548828,31.02068328857422,29.80632209777832,33.593593964844786,31.069228548892987,29.854787252020007,32.71977207060248,29.37013143338029,28.885476748388005,33.593593964844786,29.37013143338029,29.03087221111307,-0.016105016368252234,-0.016236111576765612,-0.0014625672506940468,0.02403841734230605,32.379964447021486,31.21365385055542,31.049712257385252,0.027212573932577065,0.037924024737369756,0.7767280244252817,-0.33982245843766634,20957896.0
2020-10-14,33.10813903808594,33.447961360080456,32.622682824413126,32.622682824413126,19652097,32.62269592285156,31.11777687072754,29.56399726867676,33.10815233144146,31.31195977727944,30.1455847386949,32.33142430701618,30.68086393766187,29.176272288664663,32.96251838128923,31.020684488568996,29.903255235162536,0.014880533368008209,0.014770904451167965,-0.016105016368252234,0.003129962717135948,32.875128173828124,31.233347988128664,31.116717834472656,0.02706501757835473,0.02973682351219473,0.82527853566733,0.485456213672812,21546267.0
2020-10-15,33.35088348388672,33.3994268943102,32.08869536438268,32.52560463584824,17907361,33.10813903808594,29.952682495117188,32.714256286621094,33.447961360080456,31.94305702641774,33.00505092878813,32.622682824413126,29.661409034379112,29.321667583835765,32.622682824413126,31.21487244568986,29.56399521584189,0.007331866207325621,0.007305118735969464,0.014880533368008209,-0.03744143999908789,33.08873062133789,31.192481517791748,31.163376274108888,0.016825387065494215,0.027991429577598072,1.3107315299275228,0.8252788480384794,20987911.4
2020-10-16,35.389793395996094,35.681068669516534,33.69069630336395,33.78778682269403,33937143,33.35088348388672,30.63232040405273,34.168212890625,33.3994268943102,31.06923150400819,34.798265306295974,32.08869536438268,30.14686403916118,32.32652264073993,32.52560463584824,30.195411161862573,33.00504205353876,0.06113510945203182,0.05933919313819315,0.007331866207325621,0.022690385378549616,33.525639343261716,31.294755840301512,31.257597999572752,0.02919246084585651,0.030626290530697403,1.9903723661525845,1.602006573302063,20893202.8
2020-10-19,35.389793395996094,36.26361550102723,35.09851812247565,35.8752497081767,26250714,35.389793395996094,32.28287124633789,33.34430694580078,35.681068669516534,32.379961767104405,34.604412043210566,33.69069630336395,30.77795517010112,33.295843647838254,33.78778682269403,30.875047548632747,33.538167556448904,0.0,0.0,0.06113510945203182,0.0538826579414724,33.97226104736328,31.525463676452638,31.34503463745117,0.02901615554966714,0.024128853209468098,1.1650973785515788,-0.4854563121806095,22570553.0
2020-10-20,35.632530212402344,36.020896099643345,35.292711454390634,35.68107734163163,19746677,35.389793395996094,33.20524978637695,30.775636672973636,36.26361550102723,34.321800376868886,32.22960447547861,35.09851812247565,32.525608519519075,30.194051035731487,35.8752497081767,34.321800376868886,32.132674154171525,0.006858949801998859,0.0068355342157163535,0.0,0.028571762808851542,34.57422790527344,31.792541313171387,31.41115463256836,0.024659137721086282,0.023514899517309406,0.7281846452527105,-0.04854712922928428,23498798.4
2020-10-21,35.535430908203125,35.97234010142222,35.29270275296359,35.341246154693394,14809210,35.632530212402344,33.15668487548828,30.290977478027344,36.020896099643345,33.593593964844786,31.8903424123808,35.292711454390634,32.71977207060248,30.09711500553906,35.68107734163163,33.593593964844786,31.017960358833733,-0.0027250185047320574,-0.0027287381265532137,0.006858949801998859,-0.0014625672506940468,35.059686279296876,32.08868980407715,31.46951690673828,0.026417562576090424,0.02254975878530139,0.6796373484586269,0.19418475350973097,22530221.0
2020-10-22,37.47726058959961,37.62289824310131,35.53543511765864,35.58398224066941,19214348,35.535430908203125,32.62269592285156,29.61246109008789,35.97234010142222,33.10815233144146,31.114893928754164,35.29270275296359,32.33142430701618,29.56399593345019,35.341246154693394,32.96251838128923,30.436376171727407,0.054644889108358186,0.05320411226465108,-0.0027250185047320574,-0.016105016368252234,35.884961700439455,32.49404630661011,31.567684936523438,0.03123366099592204,0.0242816417873772,2.0874631254426674,1.8932783489302025,22791618.4
2020-10-23,37.04035568237305,38.9821813817187,36.70053692809377,38.49672495688229,26597033,37.47726058959961,33.10813903808594,29.37013053894043,37.62289824310131,33.447961360080456,29.951717925003425,35.53543511765864,32.622682824413126,29.079337773258665,35.58398224066941,32.622682824413126,29.563993000961425,-0.011657866673099648,-0.011726352385985595,0.054644889108358186,0.014880533368008209,36.215074157714845,32.8629937171936,31.668746719360353,0.026136008795995584,0.02487616553092237,2.281644453624935,-1.4563692745092425,21323596.4
2020-10-26,35.82670593261719,36.70053183468791,35.34124957515381,36.215071761694,20917251,37.04035568237305,33.35088348388672,29.661407470703125,38.9821813817187,33.3994268943102,29.952680916085985,36.70053692809377,32.08869536438268,29.224496373746195,38.49672495688229,32.52560463584824,29.418679289923197,-0.03276560733279943,-0.03331442131127849,-0.011657866673099648,0.007331866207325621,36.30245666503906,33.14941320419312,31.739719467163084,0.032437672963338354,0.026744371515480758,1.3592822595340976,-0.38836582907681105,20256903.8
2020-10-27,34.467437744140625,35.92380709709375,34.418890612829685,35.92380709709375,19696497,35.82670593261719,35.389793395996094,30.098316192626957,36.70053183468791,35.681068669516534,30.632317776652123,35.34124957515381,33.69069630336395,30.001225671082427,36.215071761694,33.78778682269403,30.24395383270888,-0.03794008277046379,-0.03867854623361284,-0.03276560733279943,0.06113510945203182,36.06943817138672,33.3872875213623,31.801923904418945,0.03693598105453434,0.028364598603505112,1.504916484264065,-1.456369352953125,20246867.8
2020-10-28,36.02089309692383,38.15690344092489,35.972345971741454,36.45780607697283,50860201,34.467437744140625,35.389793395996094,29.70995140075684,35.92380709709375,36.26361550102723,30.243954860697865,34.418890612829685,35.09851812247565,29.418677968457764,35.92380709709375,35.8752497081767,30.146862478088043,0.045070230178258175,0.04408408907076696,-0.03794008277046379,0.0,36.16653060913086,33.67613439559936,31.89810516357422,0.0436065217873459,0.0294989378431932,2.1845574691834386,-0.4369129800490015,27457066.0
2020-10-29,35.778167724609375,37.57435948062756,35.48689238159803,37.18599359512279,24738095,36.02089309692383,35.632530212402344,30.243955612182617,38.15690344092489,36.020896099643345,30.53522905171909,35.972345971741454,35.292711454390634,29.80704452399529,36.45780607697283,35.68107734163163,29.80704452399529,-0.006738460694501236,-0.006761266629770492,0.045070230178258175,0.006858949801998859,35.82671203613281,33.950417804718015,31.99524787902832,0.03293141965623732,0.02967030701758224,2.0874670990295243,-1.4078258705134132,28561815.4
2020-10-30,36.02089309692383,36.60344002145838,35.38979904720691,35.6325272420572,20539191,35.778167724609375,35.535430908203125,30.292499542236328,37.57435948062756,35.97234010142222,30.53522770745857,35.48689238159803,35.29270275296359,29.66140556955243,37.18599359512279,35.341246154693394,30.438137184475742,0.006784175595093478,0.006761266629770602,-0.006738460694501236,-0.0027250185047320574,35.62281951904297,34.200428295135495,32.10790752410889,0.03355899817407961,0.02945303710943505,1.2136409742514758,0.38836585486662756,27350247.0
2020-11-02,36.50635147094727,36.79762680681236,35.58398576659276,36.40926093083589,21844975,36.02089309692383,37.47726058959961,31.02068328857422,36.60344002145838,37.62289824310131,31.069228548892987,35.38979904720691,35.53543511765864,29.37013143338029,35.6325272420572,35.58398224066941,29.37013143338029,0.013477133193704915,0.013387124439013007,0.006784175595093478,0.054644889108358186,35.758748626708986,34.46985702514648,32.22639911651611,0.03024289707710798,0.02945558207152202,1.2136410402195992,0.09709054011138107,27535791.8
2020-11-03,38.10834884643555,38.44816750951472,36.60343284711773,37.13743625733503,19636808,36.50635147094727,37.04035568237305,31.11777687072754,36.79762680681236,38.9821813817187,31.31195977727944,35.58398576659276,36.70053692809377,30.68086393766187,36.40926093083589,38.49672495688229,31.020684488568996,0.04388270289796514,0.04294712960230413,0.013477133193704915,-0.011657866673099648,36.48693084716797,34.877640342712404,32.345912590026856,0.023075014229723793,0.028384484822667467,1.8447346623969878,0.9709125891005144,27523854.0
2020-11-04,38.10834884643555,38.93362751959503,36.55488944698074,37.33161728894312,25465824,38.10834884643555,35.82670593261719,29.952682495117188,38.44816750951472,36.70053183468791,31.94305702641774,36.60343284711773,35.34124957515381,29.661409034379112,37.13743625733503,36.215071761694,31.21487244568986,0.0,0.0,0.04388270289796514,-0.03276560733279943,36.904421997070315,35.25144176483154,32.46930332183838,0.019619360124907767,0.028408806964826835,2.37873807261429,0.7767315574924254,22444978.6
2020-11-05,38.78799819946289,39.07927352481839,38.39963233749917,38.593813410715605,17215987,38.10834884643555,34.467437744140625,30.63232040405273,38.93362751959503,35.92380709709375,31.06923150400819,36.55488944698074,34.418890612829685,30.14686403916118,37.33161728894312,35.92380709709375,30.195411161862573,0.0178346575908106,0.017677486067420315,0.0,-0.03794008277046379,37.506388092041014,35.57669811248779,32.61694942474365,0.016787825494492082,0.026658314428792015,0.6796411873192199,0.19418478874728606,20940557.0
2020-11-06,39.2734603881836,39.51618862325537,38.64236623389069,38.93364160218938,16878656,38.78799819946289,36.02089309692383,32.28287124633789,39.07927352481839,38.15690344092489,32.379961767104405,38.39963233749917,35.972345971741454,30.77795517010112,38.593813410715605,36.45780607697283,30.875047548632747,0.01251578352211613,0.012438108540873597,0.0178346575908106,0.045070230178258175,38.15690155029297,35.88010864257812,32.77430477142334,0.01615105287469224,0.026294738098497757,0.8738223893646762,0.33981878599421833,20208450.0
2020-11-09,42.33183288574219,45.68148444194816,41.79783304845559,45.39021281675484,38779589,39.2734603881836,35.778167724609375,33.20524978637695,39.51618862325537,37.57435948062756,34.321800376868886,38.64236623389069,35.48689238159803,32.525608519519075,38.93364160218938,37.18599359512279,34.321800376868886,0.07787377193986122,0.07499037095523528,0.01251578352211613,-0.006738460694501236,39.321997833251956,36.33886604309082,32.98022663116455,0.030973509013012313,0.030345179530177784,3.8836513934925705,-3.0583799310126523,23595372.8
2020-11-10,43.59402084350586,44.17656780633222,42.47747033069557,42.81729279824772,33051594,42.33183288574219,36.02089309692383,33.15668487548828,45.68148444194816,36.60344002145838,33.593593964844786,41.79783304845559,35.38979904720691,32.71977207060248,45.39021281675484,35.6325272420572,33.593593964844786,0.029816520375350652,0.029380650815609453,0.07787377193986122,0.006784175595093478,40.419132232666016,36.88743228912354,33.23756370544434,0.03007083418743755,0.02978160203289482,1.6990974756366555,0.7767280452581389,26278330.0
2020-11-11,43.15710067749024,44.27365090900258,42.86582541169393,44.22510379285984,17543666,43.59402084350586,36.50635147094727,32.62269592285156,44.17656780633222,36.79762680681236,33.10815233144146,42.47747033069557,35.58398576659276,32.33142430701618,42.81729279824772,36.40926093083589,32.96251838128923,-0.010022479174015109,-0.010073042347670827,0.029816520375350652,0.013477133193704915,41.42888259887696,37.38988037109375,33.50070201873779,0.03259902029328497,0.030303491437478524,1.4078254973086501,-1.0680031153695992,24693898.4
2020-11-12,42.5260124206543,43.06001219183975,42.08909946365102,42.5260124206543,15954303,43.15710067749024,38.10834884643555,33.10813903808594,44.27365090900258,38.44816750951472,33.447961360080456,42.86582541169393,36.60343284711773,32.622682824413126,44.22510379285984,37.13743625733503,32.622682824413126,-0.014623045731269602,-0.01473101632991711,-0.010022479174015109,0.04388270289796514,42.17648544311524,37.84863681793213,33.726985664367675,0.03740960390385375,0.03093991865001491,0.9709127281887362,0.0,24441561.6
2020-11-13,44.904747009277344,44.904747009277344,42.96291800276439,43.01146512125106,26078809,42.5260124206543,38.10834884643555,33.35088348388672,43.06001219183975,38.93362751959503,33.3994268943102,42.08909946365102,36.55488944698074,32.08869536438268,42.5260124206543,37.33161728894312,32.52560463584824,0.055935989603100644,0.054427567540696754,-0.014623045731269602,0.0,43.30274276733398,38.32438449859619,34.01247585296631,0.040414531939584865,0.030530426016182145,1.941829006512954,1.8932818880262872,26281592.2
2020-11-16,46.45820999145508,46.79802869981688,45.73002545259527,46.65239476446936,23830013,44.904747009277344,38.78799819946289,35.389793395996094,44.904747009277344,39.07927352481839,35.681068669516534,42.96291800276439,38.39963233749917,33.69069630336395,43.01146512125106,38.593813410715605,33.78778682269403,0.034594627197360506,0.03400968545312885,0.055935989603100644,0.0178346575908106,44.12801818847656,38.87780532836914,34.31934223175049,0.030402186961273583,0.03076931534194513,1.0680032472216112,-0.19418477301428538,23291677.0
2020-11-17,46.9922103881836,47.28348567081994,45.29311324237563,45.87566009211802,18127238,46.45820999145508,39.2734603881836,35.389793395996094,46.79802869981688,39.51618862325537,36.26361550102723,45.73002545259527,38.64236623389069,35.09851812247565,46.65239476446936,38.93364160218938,35.8752497081767,0.01149420945892543,0.011428652902332201,0.034594627197360506,0.01251578352211613,44.80765609741211,39.4457893371582,34.66402923583984,0.029893612672821774,0.030729009934798636,1.99037242844431,1.1165502960655829,20306805.8
2020-11-18,47.23493576049805,48.788398888715456,47.23493576049805,48.4000331066611,29867932,46.9922103881836,42.33183288574219,35.632530212402344,47.28348567081994,45.68148444194816,36.020896099643345,45.29311324237563,41.79783304845559,35.292711454390634,45.87566009211802,45.39021281675484,35.68107734163163,0.005165225689734321,0.005151931669613942,0.01149420945892543,0.07787377193986122,45.62322311401367,40.03076457977295,35.011632194519045,0.02731539359841683,0.030548066751622478,1.553463128217409,-1.1650973461630514,22771659.0
2020-11-19,46.89512252807617,47.38057888300949,46.16693799567619,46.70093775678453,17490999,47.23493576049805,43.59402084350586,35.535430908203125,48.788398888715456,44.17656780633222,35.97234010142222,47.23493576049805,42.47747033069557,35.29270275296359,48.4000331066611,42.81729279824772,35.341246154693394,-0.007194108067487992,-0.007220110447270659,0.005165225689734321,0.029816520375350652,46.49704513549805,40.50165767669678,35.36794788360596,0.02518102958401933,0.029407624407552537,1.2136408873332982,0.19418477129163847,23078998.2
2020-11-20,47.38058090209961,47.72039962192797,46.55530209111988,46.79803027893023,16078116,46.89512252807617,43.15710067749024,37.47726058959961,47.38057888300949,44.27365090900258,37.62289824310131,46.16693799567619,42.86582541169393,35.53543511765864,46.70093775678453,44.22510379285984,35.58398224066941,0.010352001399138944,0.010298786372262655,-0.007194108067487992,-0.010022479174015109,46.9922119140625,41.0186689376831,35.73881923675537,0.01518528546123338,0.02889587259164043,1.1650975308080902,0.5825506231693822,21078859.6
2020-11-23,48.885498046875,49.85641081587486,47.86603815321285,47.86603815321285,21708341,47.38058090209961,42.5260124206543,37.04035568237305,47.72039962192797,43.06001219183975,38.9821813817187,46.55530209111988,42.08909946365102,36.70053692809377,46.79803027893023,42.5260124206543,38.49672495688229,0.03176231941699781,0.03126832989135817,0.010352001399138944,-0.014623045731269602,47.47766952514648,41.671608543396,36.1204027557373,0.014093158363824368,0.02708927817934394,1.9903726626620113,1.0194598936621517,20654525.2
2020-11-24,50.730228424072266,52.67205378496176,50.48750025396108,51.9924163948626,35369990,48.885498046875,44.904747009277344,35.82670593261719,49.85641081587486,44.904747009277344,36.70053183468791,47.86603815321285,42.96291800276439,35.34124957515381,47.86603815321285,43.01146512125106,36.215071761694,0.03773573863210733,0.03704116527128321,0.03176231941699781,0.055935989603100644,48.22527313232422,42.48474807739258,36.54372737884521,0.018756348691917207,0.024299672502676672,2.184553531000681,-1.262187970790336,24103075.6
2020-11-25,50.97296524047852,51.264240580231714,50.19623347815735,51.11860291035512,22044528,50.730228424072266,46.45820999145508,34.467437744140625,52.67205378496176,46.79802869981688,35.92380709709375,50.48750025396108,45.73002545259527,34.418890612829685,51.9924163948626,46.65239476446936,35.92380709709375,0.004784855577174563,0.0047734445413557605,0.03773573863210733,0.034594627197360506,48.972879028320314,43.23235168457031,36.90890155792236,0.01880976578235288,0.023757095278364896,1.0680071020743611,-0.14563766987659932,22538394.8
2020-11-27,50.48750305175781,51.26423472536885,50.05059380755824,51.21568760244418,10865436,50.97296524047852,46.9922103881836,36.02089309692383,51.264240580231714,47.28348567081994,38.15690344092489,50.19623347815735,45.29311324237563,35.972345971741454,51.11860291035512,45.87566009211802,36.45780607697283,-0.009523915009268413,-0.009569557515898526,0.004784855577174563,0.01149420945892543,49.69135513305664,43.96781845092774,37.23528736114502,0.019527302509171854,0.023915977884801706,1.2136409178106078,-0.7281845506863647,21213282.2
2020-11-30,49.41950225830078,50.43895845091892,48.35149522479969,50.43895845091892,25100464,50.48750305175781,47.23493576049805,35.778167724609375,51.26423472536885,48.788398888715456,37.57435948062756,50.05059380755824,47.23493576049805,35.48689238159803,51.21568760244418,48.4000331066611,37.18599359512279,-0.021153765365701682,-0.021380712490896483,-0.009523915009268413,0.005165225689734321,50.09913940429688,44.637748908996585,37.55679126739502,0.025561832977230057,0.025355532003276254,2.087463226119226,-1.0194561926181365,23017751.8
2020-12-01,49.27386474609375,50.875871585636766,49.079679959631406,50.14768699634729,17408658,49.41950225830078,46.89512252807617,36.02089309692383,50.43895845091892,47.38057888300949,36.60344002145838,48.35149522479969,46.16693799567619,35.38979904720691,50.43895845091892,46.70093775678453,35.6325272420572,-0.0029469643673428747,-0.0029513152168021118,-0.021153765365701682,-0.007194108067487992,50.176812744140626,45.27612457275391,37.926755828857424,0.022236931976189225,0.025713016307150924,1.7961916260053599,-0.8738222502535393,22157815.2
2020-12-02,50.63314056396485,50.875868746850855,48.59422085529786,48.93404328376276,15496290,49.27386474609375,47.38058090209961,36.50635147094727,50.875871585636766,47.72039962192797,36.79762680681236,49.079679959631406,46.55530209111988,35.58398576659276,50.14768699634729,46.79803027893023,36.40926093083589,0.02758614175842289,0.027212500135428495,-0.0029469643673428747,0.010352001399138944,50.15739517211914,45.90236415863037,38.33359909057617,0.018237647044502838,0.025012046321886684,2.2816478915529927,1.6990972802020892,18183075.2
2020-12-03,51.458404541015625,51.943860802055134,50.43894490662074,50.48749201893661,18348801,50.63314056396485,48.885498046875,38.10834884643555,50.875868746850855,49.85641081587486,38.44816750951472,48.59422085529786,47.86603815321285,36.60343284711773,48.93404328376276,47.86603815321285,37.13743625733503,0.01629888977572347,0.01616748874312169,0.02758614175842289,0.03176231941699781,50.25448303222656,46.56986694335937,38.77051795959473,0.019700667900141633,0.02477574213408866,1.5049158954343937,0.9709125220790185,17443929.8
2020-12-04,52.81769180297852,53.06041997480314,51.0215040745824,51.79823199510293,27090138,51.458404541015625,50.730228424072266,38.10834884643555,51.943860802055134,52.67205378496176,38.93362751959503,50.43894490662074,50.48750025396108,36.55488944698074,50.48749201893661,51.9924163948626,37.33161728894312,0.02641526246464676,0.02607240410803887,0.01629888977572347,0.03773573863210733,50.72052078247071,47.27135162353515,39.23946918487549,0.020938610009822112,0.024893871453721367,2.0389159002207364,1.0194598078755917,20688870.2
2020-12-07,52.72060394287109,53.88570145585404,52.23514757467752,52.86624159643529,19542810,52.81769180297852,50.97296524047852,38.78799819946289,53.06041997480314,51.264240580231714,39.07927352481839,51.0215040745824,50.19623347815735,38.39963233749917,51.79823199510293,51.11860291035512,38.593813410715605,-0.001838169310192428,-0.0018398608165667973,0.02641526246464676,0.004784855577174563,51.380741119384766,47.94370880126953,39.70065311431885,0.014815796764977298,0.02519988888479632,1.6505538811765206,-0.14563765356420078,19577339.4
2020-12-08,53.20606231689453,53.54588104433483,52.38078720295931,52.52642114648318,18735107,52.72060394287109,50.48750305175781,39.2734603881836,53.88570145585404,51.26423472536885,39.51618862325537,52.23514757467752,50.05059380755824,38.64236623389069,52.86624159643529,51.21568760244418,38.93364160218938,0.009208133779148087,0.009165997382834034,-0.001838169310192428,-0.009523915009268413,52.16718063354492,48.48742027282715,40.1628080368042,0.012309040378228,0.020426499847041438,1.1650938413755156,0.679641170411351,19842629.2
2020-12-09,55.29352569580078,55.77898579935301,53.40024726872941,53.40024726872941,25307401,53.20606231689453,49.41950225830078,42.33183288574219,53.54588104433483,50.43895845091892,45.68148444194816,52.38078720295931,48.35149522479969,41.79783304845559,52.52642114648318,50.43895845091892,45.39021281675484,0.03923356264316924,0.03848348246855701,0.009208133779148087,-0.021153765365701682,53.09925765991211,49.0723955154419,40.67447952270508,0.015774436295771587,0.02096763720721729,2.3787385306236004,1.8932784270713725,21804851.4
2020-12-10,54.95370864868164,55.73044037949353,53.69152051499504,53.78861105246381,19195227,55.29352569580078,49.27386474609375,43.59402084350586,55.77898579935301,50.875871585636766,44.17656780633222,53.40024726872941,49.079679959631406,42.47747033069557,53.40024726872941,50.14768699634729,42.81729279824772,-0.0061456932406274145,-0.00616465574507508,0.03923356264316924,-0.0029469643673428747,53.798318481445314,49.66222591400147,41.168674583435056,0.019160992051238605,0.02076871879962774,2.0389198644984887,1.1650975962178336,21974136.6
2020-12-11,54.17697525024414,55.39061993560451,53.49733779335188,54.75952588818696,17853791,54.95370864868164,50.63314056396485,43.15710067749024,55.73044037949353,50.875868746850855,44.27365090900258,53.69152051499504,48.59422085529786,42.86582541169393,53.78861105246381,48.93404328376276,44.22510379285984,-0.014134321732554023,-0.014235162597187745,-0.0061456932406274145,0.02758614175842289,54.07017517089844,50.24477405548096,41.64636409759522,0.02077501004671547,0.020735564648496622,1.8932821422526303,-0.5825506379428163,20126867.2
2020-12-14,52.57496643066406,55.09934252448237,52.38078536907679,54.7109766857772,15913996,54.17697525024414,51.458404541015625,42.5260124206543,55.39061993560451,51.943860802055134,43.06001219183975,53.49733779335188,50.43894490662074,42.08909946365102,54.75952588818696,50.48749201893661,42.5260124206543,-0.029569919918570164,-0.030015924222005927,-0.014134321732554023,0.01629888977572347,54.04104766845703,50.628285026550294,42.07744976043701,0.026151454541242517,0.020087537899727823,2.718557155405577,-2.136010255113135,19401104.4
2020-12-15,53.93423843383789,54.12842318728487,51.70113792014381,53.15751056664051,17377921,52.57496643066406,52.81769180297852,44.904747009277344,55.09934252448237,53.06041997480314,44.904747009277344,52.38078536907679,51.0215040745824,42.96291800276439,54.7109766857772,51.79823199510293,43.01146512125106,0.02585397757631358,0.025525414569457113,-0.029569919918570164,0.02641526246464676,54.186682891845706,51.00208644866943,42.53377899169922,0.028605910364840476,0.019569311879270763,2.427285267141059,0.7767278671973799,19129667.2
2020-12-16,53.0604248046875,54.12843183035671,52.91478714522981,54.03133758036441,11800604,53.93423843383789,52.72060394287109,46.45820999145508,54.12842318728487,53.88570145585404,46.79802869981688,51.70113792014381,52.23514757467752,45.73002545259527,53.15751056664051,52.86624159643529,46.65239476446936,-0.016201464126026632,-0.01633414285744581,0.02585397757631358,-0.001838169310192428,53.74006271362305,51.30549716949463,42.995933837890625,0.020734499140760497,0.02025238813789537,1.2136446851269014,-0.9709127756769078,16428307.8
2020-12-17,52.81769180297852,53.35169526720485,52.42932598495303,53.10896709538023,12528955,53.0604248046875,53.20606231689453,46.9922103881836,54.12843183035671,53.54588104433483,47.28348567081994,52.91478714522981,52.38078720295931,45.29311324237563,54.03133758036441,52.52642114648318,45.87566009211802,-0.004574652438280813,-0.004585148182567064,-0.016201464126026632,0.009208133779148087,53.31285934448242,51.584634971618655,43.43964126586914,0.020782220765890876,0.020397301525595213,0.9223692822518217,-0.291275292401707,15095053.4
2020-12-18,52.52614212036133,54.03244248995253,52.186010858535305,52.380370517022186,23023775,52.81769180297852,55.29352569580078,47.23493576049805,53.35169526720485,55.77898579935301,48.788398888715456,52.42932598495303,53.40024726872941,47.23493576049805,53.10896709538023,53.40024726872941,48.4000331066611,-0.005519924719632585,-0.005535215800458327,-0.004574652438280813,0.03923356264316924,52.98269271850586,51.86618595123291,43.84450668334961,0.020472841412098576,0.020344546286675667,1.846431631417225,0.14577160333914208,16129050.2
2020-12-21,52.3317985534668,52.8177015680431,50.33959098717523,50.8740857907888,17218374,52.52614212036133,54.95370864868164,46.89512252807617,54.03244248995253,55.73044037949353,47.38057888300949,52.186010858535305,53.69152051499504,46.16693799567619,52.380370517022186,53.78861105246381,46.70093775678453,-0.003699939859455159,-0.0037068015674370587,-0.005519924719632585,-0.0061456932406274145,52.934059143066406,52.11374683380127,44.22703765869141,0.015752546829311133,0.02042450199329546,2.4781105808678703,1.4577127626779998,16389925.8
2020-12-22,51.55434036254883,52.283194716458425,50.97125390426256,52.040243265155226,17858164,52.3317985534668,54.17697525024414,47.38058090209961,52.8177015680431,55.39061993560451,47.72039962192797,50.33959098717523,53.49733779335188,46.55530209111988,50.8740857907888,54.75952588818696,46.79803027893023,-0.014856324689923484,-0.014967785188098045,-0.003699939859455159,-0.014134321732554023,52.4580795288086,52.24718894958496,44.594990768432616,0.006040250909757374,0.019883973849482307,1.3119408121958642,-0.4859029026063979,16485974.4
2020-12-23,52.76910400390625,53.35218681379487,51.60293466518032,51.89447792959898,12139419,51.55434036254883,52.57496643066406,48.885498046875,52.283194716458425,55.09934252448237,49.85641081587486,50.97125390426256,52.38078536907679,47.86603815321285,52.040243265155226,54.7109766857772,47.86603815321285,0.023562781189998105,0.023289463944890555,-0.014856324689923484,-0.029569919918570164,52.39981536865234,52.34913272857666,44.997918930053714,0.014455309902763072,0.018798051529992692,1.749252148614552,0.8746260743072725,16553737.4
2020-12-24,51.74871063232422,52.72051663652864,51.60293898790376,52.72051663652864,6029070,52.76910400390625,53.93423843383789,50.730228424072266,53.35218681379487,54.12842318728487,52.67205378496176,51.60293466518032,51.70113792014381,50.48750025396108,51.89447792959898,53.15751056664051,51.9924163948626,-0.01933694707999012,-0.019526351485446288,0.023562781189998105,0.02585397757631358,52.18601913452149,52.38791999816895,45.37073036193848,0.016697188138731372,0.019384051054714746,1.1175776486248807,-0.9718060042044243,15253760.4
2020-12-28,51.70011901855469,52.380381687274514,51.40857574970405,51.99165856845658,10793588,51.74871063232422,53.0604248046875,50.97296524047852,52.72051663652864,54.12843183035671,51.264240580231714,51.60293898790376,52.91478714522981,50.19623347815735,52.72051663652864,54.03133758036441,51.11860291035512,-0.0009389917772980594,-0.0009394329062428963,-0.01933694707999012,-0.016201464126026632,52.02081451416016,52.44855079650879,45.737715072631836,0.016716554464285716,0.019234785237188575,0.9718059375704655,-0.29153954990189135,12807723.0
2020-12-29,51.31139755249024,52.33179530738601,51.21421769939275,51.79730053692653,10640944,51.70011901855469,52.81769180297852,50.48750305175781,52.380381687274514,53.35169526720485,51.26423472536885,51.40857574970405,52.42932598495303,50.05059380755824,51.99165856845658,53.10896709538023,51.21568760244418,-0.007518773137155432,-0.007547181599335264,-0.0009389917772980594,-0.004574652438280813,51.816734313964844,52.54314556121826,46.05614715576172,0.01684023395440712,0.018626767400905804,1.1175776079932618,-0.48590298443628654,11492237.0
2020-12-30,52.04025268554688,52.720515384758535,51.26280641306304,51.40857805402238,10156427,51.31139755249024,52.52614212036133,49.41950225830078,52.33179530738601,54.03244248995253,50.43895845091892,51.21421769939275,52.186010858535305,48.35149522479969,51.79730053692653,52.380370517022186,50.43895845091892,0.014204546510568905,0.01410460722277519,-0.007518773137155432,-0.005519924719632585,51.913916778564456,52.681464958190915,46.389156341552734,0.01709103832125486,0.018779102307464404,1.4577089716954958,0.6316746315245041,9951889.6
2020-12-31,52.47756576538086,52.62333741155106,51.40857989171446,51.748711253478895,9570828,52.04025268554688,52.3317985534668,49.27386474609375,52.720515384758535,52.8177015680431,50.875871585636766,51.26280641306304,50.33959098717523,49.079679959631406,51.40857805402238,50.8740857907888,50.14768699634729,0.008403361960527711,0.008368250281373255,0.014204546510568905,-0.003699939859455159,51.85560913085938,52.773686218261716,46.726057052612305,0.013213026007247232,0.01792231111279204,1.2147575198366027,0.7288545119019645,9438171.4
2021-01-04,50.87406539916992,52.96344826816005,50.53393416908958,52.91486021754721,16040798,52.47756576538086,51.55434036254883,50.63314056396485,52.62333741155106,52.283194716458425,50.875868746850855,51.40857989171446,50.97125390426256,48.59422085529786,51.748711253478895,52.040243265155226,48.93404328376276,-0.030555921236513517,-0.03103248645451848,0.008403361960527711,-0.014856324689923484,51.68068008422851,52.744469261169435,47.03282974243164,0.017389894358593304,0.018978140728412262,2.4295140990704738,-2.040794818377286,11440517.0
2021-01-05,52.3317985534668,52.86628963813126,50.63113428350065,50.67972607253792,16793346,50.87406539916992,52.76910400390625,51.458404541015625,52.96344826816005,53.35218681379487,51.943860802055134,50.53393416908958,51.60293466518032,50.43894490662074,52.91486021754721,51.89447792959898,50.48749201893661,0.02865375791887592,0.02825091618460203,-0.030555921236513517,0.023562781189998105,51.80701599121094,52.720174598693845,47.32992050170898,0.02263205968638495,0.019150430526601647,2.2351553546306135,1.6520724809288794,12640468.6
2021-01-06,55.19862747192383,56.461973053301634,52.623337083200255,52.623337083200255,26400690,52.3317985534668,51.74871063232422,52.81769180297852,52.86628963813126,52.72051663652864,53.06041997480314,50.63113428350065,51.60293898790376,51.0215040745824,50.67972607253792,52.72051663652864,51.79823199510293,0.05478177700175979,0.05333389908852411,0.02865375791887592,-0.01933694707999012,52.58446197509765,52.844075775146486,47.6930859375,0.031178749536101166,0.022755090852472477,3.838635970101379,2.575290388723573,15792417.8
2021-01-07,54.76130294799805,56.21901542642488,54.61553132826052,56.17042364686291,15105891,55.19862747192383,51.70011901855469,52.72060394287109,56.461973053301634,52.380381687274514,53.88570145585404,52.623337083200255,51.40857574970405,52.23514757467752,52.623337083200255,51.99165856845658,52.86624159643529,-0.007922742719431275,-0.007954294406625222,0.05478177700175979,-0.0009389917772980594,53.12867202758789,52.92183780670166,48.07177787780762,0.03286209332128476,0.022813320956816412,1.6034840981643583,-1.4091206988648608,16782310.6
2021-01-08,55.101444244384766,55.58734725236162,54.226818086236605,54.858492740396336,14590235,54.76130294799805,51.31139755249024,53.20606231689453,56.21901542642488,52.33179530738601,53.54588104433483,54.61553132826052,51.21421769939275,52.38078720295931,56.17042364686291,51.79730053692653,52.52642114648318,0.0062113441075302145,0.006192133218971778,-0.007922742719431275,-0.007518773137155432,53.65344772338867,52.91223373413086,48.4844580078125,0.0329145053815226,0.021082088264428745,1.360529166125012,0.24295150398842935,17786192.0
2021-01-11,55.63593292236328,56.02465602978606,53.74090916828301,53.983860645553655,13493535,55.101444244384766,52.04025268554688,55.29352569580078,55.58734725236162,52.720515384758535,55.77898579935301,54.226818086236605,51.26280641306304,53.40024726872941,54.858492740396336,51.40857805402238,53.40024726872941,0.009700084731136371,0.009653340945274896,0.0062113441075302145,0.014204546510568905,54.605821228027345,52.94634494781494,48.87675880432129,0.02421696506277317,0.021135277787603355,2.2837468615030474,1.6520722768096263,17276739.4
2021-01-12,57.23940658569336,57.87108109500832,55.44156661221863,55.92746950877657,18346073,55.63593292236328,52.47756576538086,54.95370864868164,56.02465602978606,52.62333741155106,55.73044037949353,53.74090916828301,51.40857989171446,53.69152051499504,53.983860645553655,51.748711253478895,53.78861105246381,0.028820828178933056,0.028413319415779917,0.009700084731136371,0.008403361960527711,55.58734283447266,53.099466514587405,49.30598358154297,0.024234957146672047,0.02170962442897656,2.429514482789692,1.3119370769167915,17587284.8
2021-01-13,56.219024658203125,57.43378215724496,55.976069439445766,57.23941872602887,10776915,57.23940658569336,50.87406539916992,54.17697525024414,57.87108109500832,52.96344826816005,55.39061993560451,55.44156661221863,50.53393416908958,53.49733779335188,55.92746950877657,52.91486021754721,54.75952588818696,-0.017826563697207698,-0.017987370842705616,0.028820828178933056,-0.030555921236513517,55.791422271728514,53.28166942596435,49.70994621276856,0.017831140731022686,0.020927807833313453,1.4577127177991969,-1.0203940678257482,14462529.8
2021-01-14,56.65633010864258,56.996461429995016,56.26760700469039,56.41337863354104,11879594,56.219024658203125,52.3317985534668,52.57496643066406,57.43378215724496,52.86628963813126,55.09934252448237,55.976069439445766,50.63113428350065,52.38078536907679,57.23941872602887,50.67972607253792,54.7109766857772,0.007778602583345284,0.007748505230414586,-0.017826563697207698,0.02865375791887592,56.17042770385742,53.41777400970459,50.11294578552246,0.016590701697529034,0.020295192033350947,0.7288544253046254,0.2429514751015347,13817270.4
2021-01-15,55.052852630615234,56.3647899238995,54.66412950547021,56.3647899238995,14768762,56.65633010864258,55.19862747192383,53.93423843383789,56.996461429995016,56.461973053301634,54.12842318728487,56.26760700469039,52.623337083200255,51.70113792014381,56.41337863354104,52.623337083200255,53.15751056664051,-0.0283018239083358,-0.02871004116674021,0.007778602583345284,0.05478177700175979,56.160709381103516,53.517395401000975,50.45183586120606,0.022934756330178593,0.021053213034838612,1.700660418429294,-1.3119372932842666,13852975.8
2021-01-19,55.53874588012695,56.6077314978396,55.39297426885974,55.78169732592293,12740305,55.052852630615234,54.76130294799805,53.0604248046875,56.3647899238995,56.21901542642488,54.12843183035671,54.66412950547021,54.61553132826052,52.91478714522981,56.3647899238995,56.17042364686291,54.03133758036441,0.008825941368958423,0.008787220414232941,-0.0283018239083358,-0.007922742719431275,56.14127197265625,53.6534481048584,50.80044380187988,0.022845813619540415,0.02104441413937751,1.2147572289798632,-0.24295144579597405,13702329.8
2021-01-20,55.34439086914063,55.87888561837305,54.90707968809499,55.87888561837305,11840751,55.53874588012695,55.101444244384766,52.81769180297852,56.6077314978396,55.58734725236162,53.35169526720485,55.39297426885974,54.226818086236605,52.42932598495303,55.78169732592293,54.858492740396336,53.10896709538023,-0.0034994490405997336,-0.0035055864349093635,0.008825941368958423,0.0062113441075302145,55.7622688293457,53.79436054229736,51.13157165527344,0.016212048609800293,0.02100757743745384,0.9718059302780588,-0.5344947492324152,12401265.4
2021-01-21,53.78950500488281,55.53875726063427,53.78950500488281,55.39298561949683,13162304,55.34439086914063,55.63593292236328,52.52614212036133,55.87888561837305,56.02465602978606,54.03244248995253,54.90707968809499,53.74090916828301,52.186010858535305,55.87888561837305,53.983860645553655,52.380370517022186,-0.028094732633958897,-0.02849694082895507,-0.0034994490405997336,0.009700084731136371,55.27636489868164,53.86724586486817,51.42189254760742,0.018480578664338134,0.02208680525600541,1.7492522557514576,-1.6034806146140141,12878343.2
2021-01-22,53.98385238647461,54.32398737777463,52.96345485047072,53.30358984177074,10617570,53.78950500488281,57.23940658569336,52.3317985534668,55.53875726063427,57.87108109500832,52.8177015680431,53.78950500488281,55.44156661221863,50.33959098717523,55.39298561949683,55.92746950877657,50.8740857907888,0.0036131096869946866,0.0036065980862279496,-0.028094732633958897,0.028820828178933056,54.741869354248045,53.988721466064455,51.65493293762207,0.017628617912104842,0.021745817177226064,1.36053252730391,0.6802625447038722,12625938.4
2021-01-25,53.40077590942383,54.178222096106,52.33179019194723,54.12963031483267,18462763,53.98385238647461,56.219024658203125,51.55434036254883,54.32398737777463,57.43378215724496,52.283194716458425,52.96345485047072,55.976069439445766,50.97125390426256,53.30358984177074,57.23941872602887,52.040243265155226,-0.010800942342471087,-0.010859695966214307,0.0036131096869946866,-0.017826563697207698,54.41145401000976,54.02030506134033,51.85106803894043,0.014402248453413771,0.021350319598060497,1.84643190415877,-0.7288544054088391,13364738.6
2021-01-26,54.85848617553711,59.42597985425074,54.42117500827014,58.45417395459205,42495519,53.40077590942383,56.65633010864258,52.76910400390625,54.178222096106,56.996461429995016,53.35218681379487,52.33179019194723,56.26760700469039,51.60293466518032,54.12963031483267,56.41337863354104,51.89447792959898,0.027297548421127527,0.02693161480788223,-0.010800942342471087,0.007778602583345284,54.2754020690918,54.17579383850098,52.08509574890137,0.02031041986775658,0.021579541000978236,5.004804845980601,-3.5956877790549413,19315781.4
2021-01-27,55.29579544067383,56.17042140524652,51.70011174608574,53.83808302042053,29983117,54.85848617553711,55.052852630615234,51.74871063232422,59.42597985425074,56.3647899238995,52.72051663652864,54.42117500827014,54.66412950547021,51.60293898790376,58.45417395459205,56.3647899238995,52.72051663652864,0.007971588274189978,0.00793998301601482,0.027297548421127527,-0.0283018239083358,54.265682983398435,54.355577659606936,52.340491409301755,0.02078299336128483,0.021582843780013853,4.470309659160783,1.4577124202533014,22944254.6
2021-01-28,53.88668441772461,55.73311651278658,53.78950456407901,55.44157695184978,18879766,55.29579544067383,55.53874588012695,51.70011901855469,56.17042140524652,56.6077314978396,52.380381687274514,51.70011174608574,55.39297426885974,51.40857574970405,53.83808302042053,55.78169732592293,51.99165856845658,-0.025483149518321646,-0.025813468771314043,0.007971588274189978,0.008825941368958423,54.285118865966794,54.48434200286865,52.5201301574707,0.01991518336911707,0.022426682876806655,1.94361194870757,-1.5548925341251731,24087747.0
2021-01-29,51.89448928833008,54.61554795533063,51.8458974939749,53.44938208030154,21921317,53.88668441772461,55.34439086914063,51.31139755249024,55.73311651278658,55.87888561837305,52.33179530738601,53.78950456407901,54.90707968809499,51.21421769939275,55.44157695184978,55.87888561837305,51.79730053692653,-0.03697008177291483,-0.03767079993338943,-0.025483149518321646,-0.0034994490405997336,53.86724624633789,54.477053833007815,52.6288557434082,0.025753485076438445,0.02391370925268894,2.769650461355724,-1.5548927919714615,26348496.4
2021-02-01,52.18601989746094,53.44936905328907,51.70011694813452,52.76910269286292,13379614,51.89448928833008,53.78950500488281,52.04025268554688,54.61554795533063,55.53875726063427,52.720515384758535,51.8458974939749,53.78950500488281,51.26280641306304,53.44938208030154,55.39298561949683,51.40857805402238,0.005617756588972123,0.005602035843824696,-0.03697008177291483,-0.028094732633958897,53.62429504394531,54.462476539611814,52.73273193359375,0.026284111299286404,0.023871061532870434,1.7492521051545467,-0.5830827954019853,25331866.6
2021-02-02,54.615535736083984,55.150030478609246,52.67192389991746,52.86628359595464,16946953,52.18601989746094,53.98385238647461,52.47756576538086,53.44936905328907,54.32398737777463,52.62333741155106,51.70011694813452,52.96345485047072,51.40857989171446,52.76910269286292,53.30358984177074,51.748711253478895,0.04655491726322003,0.04550373860608809,0.005617756588972123,0.0036131096869946866,53.575704956054686,54.64955005645752,52.88034393310547,0.03270159521353541,0.024883441520566593,2.4781065786917864,1.749252140129343,20222153.4
2021-02-03,54.42117691040039,54.90707987721303,53.78950230975421,54.61553660954595,10877474,54.615535736083984,53.40077590942383,50.87406539916992,55.150030478609246,54.178222096106,52.96344826816005,52.67192389991746,52.33179019194723,50.53393416908958,52.86628359595464,54.12963031483267,52.91486021754721,-0.0035586728769407827,-0.0035650200159985075,0.04655491726322003,-0.010800942342471087,53.40078125,54.7540189743042,53.03086502075195,0.032363006116724664,0.024227078042911132,1.1175775674588166,-0.19435969914555784,16401024.8
2021-02-04,55.63593292236328,55.87888439963393,54.372583752976425,54.56694716616214,13396066,54.42117691040039,54.85848617553711,52.3317985534668,54.90707987721303,59.42597985425074,52.86628963813126,53.78950230975421,54.42117500827014,50.63113428350065,54.61553660954595,58.45417395459205,50.67972607253792,0.022321384448610537,0.022075908539761137,-0.0035586728769407827,0.027297548421127527,53.750630950927736,54.77588424682617,53.19597206115723,0.031007605690788732,0.021449745312453927,1.5063006466575075,1.068985756201144,15304284.8
2021-02-05,55.39298248291016,56.1218369283776,55.00425936820445,55.9274772304991,10396669,55.63593292236328,55.29579544067383,55.19862747192383,55.87888439963393,56.17042140524652,56.461973053301634,54.372583752976425,51.70011174608574,52.623337083200255,54.56694716616214,53.83808302042053,52.623337083200255,-0.004366790070585158,-0.004376352346132465,0.022321384448610537,0.007971588274189978,54.45032958984375,54.807468223571775,53.32612174987793,0.021462881591743654,0.021389924912639125,1.117577560173146,-0.534494747588937,12999355.2
2021-02-08,56.41337585449219,56.60773553741939,55.44157000195934,55.73310952635014,8517928,55.39298248291016,53.88668441772461,54.76130294799805,56.1218369283776,55.73311651278658,56.21901542642488,55.00425936820445,53.78950456407901,54.61553132826052,55.9274772304991,55.44157695184978,56.17042364686291,0.018420986302675413,0.018253375180192308,-0.004366790070585158,-0.025483149518321646,55.29580078125,54.873064804077146,53.43978469848633,0.02107541782933528,0.021724401145266917,1.1661655354600455,0.6802663281420465,12027018.0
2021-02-09,56.07324600219727,56.36478927242353,55.44157511495499,56.17042957157187,10581235,56.41337585449219,51.89448928833008,55.101444244384766,56.60773553741939,54.61554795533063,55.58734725236162,55.44157000195934,51.8458974939749,54.226818086236605,55.73310952635014,53.44938208030154,54.858492740396336,-0.006029241241868211,-0.006047490506631822,0.018420986302675413,-0.03697008177291483,55.58734283447266,54.89493045806885,53.5417903137207,0.013803494867406526,0.021692839520228414,0.9232141574685357,-0.09718356937460015,10753874.4
2021-02-10,55.39298248291016,56.31620034520481,55.29580263397091,56.31620034520481,9140985,56.07324600219727,52.18601989746094,55.63593292236328,56.36478927242353,53.44936905328907,56.02465602978606,55.44157511495499,51.70011694813452,53.74090916828301,56.17042957157187,52.76910269286292,53.983860645553655,-0.012131695020125122,-0.01220588467356043,-0.006029241241868211,0.005617756588972123,55.781703948974624,54.802609252929685,53.63989990234375,0.015603051907724312,0.020804888725559877,1.0203977112339047,-0.9232178622946492,10406576.6
2021-02-11,55.684532165527344,55.7331202361217,54.372591037344414,55.34439707662116,10398836,55.39298248291016,54.615535736083984,57.23940658569336,56.31620034520481,55.150030478609246,57.87108109500832,55.29580263397091,52.67192389991746,55.44156661221863,56.31620034520481,52.86628359595464,55.92746950877657,0.005263296351792013,0.005249493618283366,-0.012131695020125122,0.04655491726322003,55.791423797607436,54.7758846282959,53.765200500488284,0.011930697065548205,0.02048550436583538,1.3605291987772858,0.34013508890618027,9807130.6
2021-02-12,56.996463775634766,57.04505556023428,55.295803379934775,55.441575014784526,11725144,55.684532165527344,54.42117691040039,56.219024658203125,55.7331202361217,54.90707987721303,57.43378215724496,54.372591037344414,53.78950230975421,55.976069439445766,55.34439707662116,54.61553660954595,57.23941872602887,0.023560072413064015,0.023286817521468214,0.005263296351792013,-0.0035586728769407827,56.11212005615234,54.792891311645505,53.919652481079105,0.01530092122299549,0.021106711417385782,1.7492521802995071,1.5548887608502397,10072825.6
2021-02-16,58.162628173828125,58.21121623533398,57.23941037783543,57.433773780704215,12100796,56.996463775634766,55.63593292236328,56.65633010864258,57.04505556023428,55.87888439963393,56.996461429995016,55.295803379934775,54.372583752976425,56.26760700469039,55.441575014784526,54.56694716616214,56.41337863354104,0.020460293866369383,0.020253794001614575,0.023560072413064015,0.022321384448610537,56.461970520019534,54.948380088806154,54.07024223327637,0.015741727036581308,0.020408111157652738,0.9718058574985449,0.7288543931239104,10789399.2
2021-02-17,57.62812805175781,58.065442877925335,57.14222516864819,57.53094821892551,8615357,58.162628173828125,55.39298248291016,55.052852630615234,58.21121623533398,56.1218369283776,56.3647899238995,57.23941037783543,55.00425936820445,54.66412950547021,57.433773780704215,55.9274772304991,56.3647899238995,-0.009189751887979991,-0.009232238150318834,0.020460293866369383,-0.004366790070585158,56.77294692993164,55.052849197387694,54.19363670349121,0.016406213669586306,0.02053225633935543,0.9232177092771465,0.09717983283230325,10396223.6
2021-02-18,56.51055908203125,57.628136623198216,55.92747627936329,57.53095677591166,9802022,57.62812805175781,56.41337585449219,55.53874588012695,58.065442877925335,56.60773553741939,56.6077314978396,57.14222516864819,55.44157000195934,55.39297426885974,57.53094821892551,55.73310952635014,55.78169732592293,-0.019392768904845092,-0.0195832756384557,-0.009189751887979991,0.018420986302675413,56.99646224975586,55.11115760803223,54.26749404907227,0.018548763412761713,0.021059057696607444,1.700660343834926,-1.0203976938804118,10528431.0
2021-02-19,58.40559005737305,58.45418184649581,56.753517573537664,56.9478810110796,12248665,56.51055908203125,56.07324600219727,55.34439086914063,57.628136623198216,56.36478927242353,55.87888561837305,55.92747627936329,55.44157511495499,54.90707968809499,57.53095677591166,56.17042957157187,55.87888561837305,0.033534104176724755,0.0329840983148577,-0.019392768904845092,-0.006029241241868211,57.540673828125,55.34196186065674,54.381193771362305,0.022798670108891105,0.02104762724046571,1.700664272958143,1.457709046293445,10898396.8
2021-02-22,60.7379150390625,61.70972090614622,58.45417199520547,58.64853168104282,19388781,58.40559005737305,55.39298248291016,53.78950500488281,58.45418184649581,56.31620034520481,55.53875726063427,56.753517573537664,55.29580263397091,53.78950500488281,56.9478810110796,56.31620034520481,55.39298561949683,0.039933249187250164,0.03915652761963608,0.033534104176724755,-0.012131695020125122,58.288964080810544,55.67966499328613,54.53183082580566,0.026193310569766214,0.022498930285468788,3.255548910940746,2.0893833580196812,12431124.2
2021-02-23,61.175235748291016,61.46677530486732,59.18303204308316,61.22382381491265,14454364,60.7379150390625,55.684532165527344,53.98385238647461,61.70972090614622,55.7331202361217,54.32398737777463,58.45417199520547,54.372591037344414,52.96345485047072,58.64853168104282,55.34439707662116,53.30358984177074,0.00720012711906981,0.007174329958347646,0.039933249187250164,0.005263296351792013,58.891485595703124,56.06838798522949,54.64946502685547,0.02592780739134237,0.02214233861028642,2.28374326178416,-0.048588066621633175,12901837.8
2021-02-24,63.75052261352539,64.86809643271172,61.46677203532102,62.19562646641575,21426186,61.175235748291016,56.996463775634766,53.40077590942383,61.46677530486732,57.04505556023428,54.178222096106,59.18303204308316,55.295803379934775,52.33179019194723,61.22382381491265,55.441575014784526,54.12963031483267,0.04209688501782871,0.041234918872374814,0.00720012711906981,0.023560072413064015,60.11596450805664,56.5129898071289,54.825401306152344,0.026372960497239438,0.023081925535815822,3.4013243973907024,1.5548961471096376,15464003.6
2021-02-25,62.00127029418945,64.47938070720218,61.51536731252585,63.65334266321499,18526244,63.75052261352539,58.162628173828125,54.85848617553711,64.86809643271172,58.21121623533398,59.42597985425074,61.46677203532102,57.23941037783543,54.42117500827014,62.19562646641575,57.433773780704215,58.45417395459205,-0.027439027126733184,-0.027822508412993472,0.04209688501782871,0.020460293866369383,61.214106750488284,56.848263549804685,54.98188720703125,0.029490279223645107,0.02438844693475087,2.9640133946763285,-1.6520723690255394,17208848.0
2021-02-26,60.93227767944336,62.38998646178175,60.3006031299737,61.61254029028856,17802448,62.00127029418945,57.62812805175781,55.29579544067383,64.47938070720218,58.065442877925335,56.17042140524652,61.51536731252585,57.14222516864819,51.70011174608574,63.65334266321499,57.53094821892551,53.83808302042053,-0.01724146311315622,-0.017391827984908972,-0.027439027126733184,-0.009189751887979991,61.719444274902344,57.20054321289062,55.14903343200684,0.0319056648128432,0.023892720692283237,2.089383331808051,-0.6802626108451975,18319604.6
2021-03-01,63.70192337036133,64.57654561008844,62.14703112429488,62.77870191544264,15657201,60.93227767944336,56.51055908203125,53.88668441772461,62.38998646178175,57.628136623198216,55.73311651278658,60.3006031299737,55.92747627936329,53.78950456407901,61.61254029028856,57.53095677591166,55.44157695184978,0.045454491386137,0.04445171085322441,-0.01724146311315622,-0.019392768904845092,62.31224594116211,57.790914916992186,55.3443871307373,0.033312337547863446,0.023108068816700772,2.429514485793568,0.9232214549186892,17573288.6
2021-03-02,63.07025146484375,64.38219239386818,63.02165968267671,63.89628944799205,15490231,63.70192337036133,58.40559005737305,51.89448928833008,64.57654561008844,58.45418184649581,54.61554795533063,62.14703112429488,56.753517573537664,51.8458974939749,62.77870191544264,56.9478810110796,53.44938208030154,-0.00991605703716436,-0.009965548576493052,0.045454491386137,0.033534104176724755,62.69124908447266,58.33512649536133,55.54458366394043,0.034530967297225074,0.02353971717686674,1.3605327111914676,-0.8260379831482965,17780462.0
2021-03-03,65.3053970336914,66.18002667217903,63.41037730714568,63.604736969733125,23589309,63.07025146484375,60.7379150390625,52.18601989746094,64.38219239386818,61.70972090614622,53.44936905328907,63.02165968267671,58.45417199520547,51.70011694813452,63.89628944799205,58.64853168104282,52.76910269286292,0.03543898299015913,0.03482547495091346,-0.00991605703716436,0.039933249187250164,63.00222396850586,58.8696195602417,55.79433776855469,0.03290981265019913,0.022743402851749354,2.769649365033345,1.7006600639582814,18213086.6
2021-03-04,65.93708801269531,68.65814612993303,64.04206048100818,67.44338870597848,33418377,65.3053970336914,61.175235748291016,54.615535736083984,66.18002667217903,61.46677530486732,55.150030478609246,63.41037730714568,59.18303204308316,52.67192389991746,63.604736969733125,61.22382381491265,52.86628359595464,0.009672875561540728,0.00962639280827167,0.03543898299015913,0.00720012711906981,63.78938751220703,59.44541511535645,56.062556686401365,0.027418320164720195,0.022543662501179524,4.616085648924852,-1.5063006932831655,21191513.2
2021-03-05,66.13158416748047,67.15273431302448,63.89478085899886,67.10410669783056,21061930,65.93708801269531,63.75052261352539,54.42117691040039,68.65814612993303,64.86809643271172,54.90707987721303,64.04206048100818,61.46677203532102,53.78950230975421,67.44338870597848,62.19562646641575,54.61553660954595,0.0029497231474295837,0.002945381250273875,0.009672875561540728,0.04209688501782871,64.82924880981446,59.970197677612305,56.33855239868164,0.0230479572920271,0.022396771451494983,3.2579534540256248,-0.9725225303500906,21843409.6
2021-03-08,68.90328216552734,69.72992936337191,67.15273997463356,69.09778519931939,28835014,66.13158416748047,62.00127029418945,55.63593292236328,67.15273431302448,64.47938070720218,55.87888439963393,63.89478085899886,61.51536731252585,54.372583752976425,67.10410669783056,63.65334266321499,54.56694716616214,0.04191186454913076,0.041057356787549106,0.0029497231474295837,-0.027439027126733184,65.86952056884766,60.64571266174316,56.68553123474121,0.021973178919661978,0.023323913573180834,2.577189388738347,-0.1945030337920457,24478972.2
2021-03-09,68.07662200927734,70.11892208379811,67.2499824121666,68.56288322288883,22966413,68.90328216552734,60.93227767944336,55.39298248291016,69.72992936337191,62.38998646178175,56.1218369283776,67.15273997463356,60.3006031299737,55.00425936820445,69.09778519931939,61.61254029028856,55.9274772304991,-0.011997398821497418,-0.012069948465971227,0.04191186454913076,-0.01724146311315622,66.87079467773438,61.22887496948242,56.991681594848636,0.022597987065549146,0.023816735435529087,2.8689396716315088,-0.4862612136114848,25974208.6
2021-03-10,64.42967224121094,66.81235104441309,62.82500553779386,66.37471737743839,44186284,68.07662200927734,63.70192337036133,56.41337585449219,70.11892208379811,64.57654561008844,56.60773553741939,67.2499824121666,62.14703112429488,55.44157000195934,68.56288322288883,62.77870191544264,55.73310952635014,-0.05357125045906963,-0.055059588988854526,-0.011997398821497418,0.045454491386137,66.69564971923828,61.64669628143311,57.24530082702637,0.03481499526157861,0.027549944671265297,3.987345506619235,-1.9450451362274492,30093603.6
2021-03-11,59.66431427001953,62.53326214103391,58.1082787207672,61.70661488271057,61355743,64.42967224121094,63.07025146484375,56.07324600219727,66.81235104441309,64.38219239386818,56.36478927242353,62.82500553779386,63.02165968267671,55.44157511495499,66.37471737743839,63.89628944799205,56.17042957157187,-0.0739621637892387,-0.07684018533186304,-0.05357125045906963,-0.00991605703716436,65.44109497070312,61.860262870788574,57.40458473205567,0.04598116716845522,0.032814852416294726,4.424983420266706,-2.0423006126910366,35681076.8
2021-03-12,61.17171478271485,61.366217795330655,59.46980039640817,59.518424288716645,26996039,59.66431427001953,65.3053970336914,55.39298248291016,62.53326214103391,66.18002667217903,56.31620034520481,58.1082787207672,63.41037730714568,55.29580263397091,61.70661488271057,63.604736969733125,56.31620034520481,0.025264691820195306,0.024950815175356633,-0.0739621637892387,0.03543898299015913,64.44912109375,62.13462200164795,57.601791076660156,0.04957847183212422,0.03315079725810881,1.8964173989224875,1.653290493998206,36867898.6
2021-03-15,64.91592407226562,64.96455168226667,61.90110157277604,61.94972918277709,22351422,61.17171478271485,65.93708801269531,55.684532165527344,61.366217795330655,68.65814612993303,55.7331202361217,59.46980039640817,64.04206048100818,54.372591037344414,59.518424288716645,67.44338870597848,55.34439707662116,0.06120817934972722,0.05940805089377851,0.025264691820195306,0.009672875561540728,63.651649475097656,62.530595016479495,57.85930450439453,0.05546605934930869,0.03524843953105125,3.0634501094906312,2.966194889488534,35571180.2
2021-03-16,63.94342041015625,64.91594312204175,63.55441430275544,64.81868787349981,14938641,64.91592407226562,66.13158416748047,56.996463775634766,64.96455168226667,67.15273431302448,57.04505556023428,61.90110157277604,63.89478085899886,55.295803379934775,61.94972918277709,67.10410669783056,55.441575014784526,-0.01498097232701745,-0.015094320562127355,0.06120817934972722,0.0029497231474295837,62.825009155273435,62.8196346282959,58.088621597290036,0.05550073346877588,0.035432915050403364,1.3615288192863133,-0.8752674633435618,33965625.8
2021-03-17,66.18022918701172,66.18022918701172,63.846170034322185,64.18655598681359,15895858,63.94342041015625,68.90328216552734,58.162628173828125,64.91594312204175,69.72992936337191,58.21121623533398,63.55441430275544,67.15273997463356,57.23941037783543,64.81868787349981,69.09778519931939,57.433773780704215,0.03498106235962628,0.034383129312859854,-0.01498097232701745,0.04191186454913076,63.1751205444336,63.247239685058595,58.394744873046875,0.052658953204667076,0.03585313152834802,2.334059152689534,1.9936732001981312,28307540.6
2021-03-18,64.42967224121094,66.56922040238466,64.13791398210034,66.08295911832779,12792812,66.18022918701172,68.07662200927734,57.62812805175781,66.18022918701172,70.11892208379811,58.065442877925335,63.846170034322185,67.2499824121666,57.14222516864819,64.18655598681359,68.56288322288883,57.53094821892551,-0.026451358167014938,-0.02680748948800458,0.03498106235962628,-0.011997398821497418,64.12819213867188,63.64319534301758,58.636702346801755,0.03623476606159366,0.036165762079559384,2.431306420284315,-1.6532868771168552,18594954.4
2021-03-19,64.2837905883789,64.91592721888979,63.11675766531011,64.18653536366263,13737991,64.42967224121094,64.42967224121094,56.51055908203125,66.56922040238466,66.81235104441309,57.628136623198216,64.13791398210034,62.82500553779386,55.92747627936329,66.08295911832779,66.37471737743839,57.53095677591166,-0.002264199828393987,-0.0022667670046241342,-0.026451358167014938,-0.05357125045906963,64.75060729980468,63.937105369567874,58.818405609130856,0.03656586343494313,0.035676621060504024,1.7991695535796808,0.09725522471627812,15943344.8
2021-03-22,63.84613800048828,64.38102675315213,62.87361570232867,63.99202081124041,10591427,64.2837905883789,59.66431427001953,58.40559005737305,64.91592721888979,62.53326214103391,58.45418184649581,63.11675766531011,58.1082787207672,56.753517573537664,64.18653536366263,61.70661488271057,56.9478810110796,-0.00680813287276405,-0.006831413936589533,-0.002264199828393987,-0.0739621637892387,64.53665008544922,64.09251651763915,59.000102310180665,0.023189757663925375,0.03481697042857827,1.5074110508234568,-0.14588281075212706,13591345.8
2021-03-23,61.56072616577149,64.08928400543469,61.02583728432553,63.01951368592489,13172818,63.84613800048828,61.17171478271485,60.7379150390625,64.38102675315213,61.366217795330655,61.70972090614622,62.87361570232867,59.46980039640817,58.45417199520547,63.99202081124041,59.518424288716645,58.64853168104282,-0.03579561593372038,-0.03645199017768337,-0.00680813287276405,0.025264691820195306,64.06011123657227,64.11179103851319,59.1292879486084,0.02734985770076826,0.035860757805247286,3.063446721109159,-1.4587875201534004,13238181.2
2021-03-24,60.782711029052734,63.3112690508324,60.782711029052734,62.04699190078823,12454218,61.56072616577149,64.91592407226562,61.175235748291016,64.08928400543469,64.96455168226667,61.46677530486732,61.02583728432553,61.90110157277604,59.18303204308316,63.01951368592489,61.94972918277709,61.22382381491265,-0.012638173478066284,-0.012718714506361898,-0.03579561593372038,0.06120817934972722,62.98060760498047,63.96340045928955,59.23222351074219,0.013985970406982464,0.03462065406661339,2.5285580217796664,-1.2642808717354939,12549853.2
2021-03-25,62.484619140625,62.8736251409344,59.46979658639211,60.29643991958567,14725103,60.782711029052734,63.94342041015625,63.75052261352539,63.3112690508324,64.91594312204175,64.86809643271172,60.782711029052734,63.55441430275544,61.46677203532102,62.04699190078823,64.81868787349981,62.19562646641575,0.02799987171942342,0.027615042246412484,-0.012638173478066284,-0.01498097232701745,62.59159698486328,63.98756790161133,59.33712776184082,0.02292594532870642,0.03467990688709614,3.4038285545422937,2.188179221039327,12936311.4
2021-03-26,63.1653938293457,63.846158164380334,61.80386143758509,62.970890796961896,12143472,62.484619140625,66.18022918701172,62.00127029418945,62.8736251409344,66.18022918701172,64.47938070720218,59.46979658639211,63.846170034322185,61.51536731252585,60.29643991958567,64.18655598681359,63.65334266321499,0.010895076229697098,0.01083615248612098,0.02799987171942342,0.03498106235962628,62.36791763305664,64.09922370910644,59.47605514526367,0.024169459088484713,0.034472641707850346,2.042296726795243,0.19450303238380684,12617407.6
2021-03-29,62.97090148925781,63.45716287447457,62.14425415703575,62.82501860766243,10786807,63.1653938293457,64.42967224121094,60.93227767944336,63.846158164380334,66.56922040238466,62.38998646178175,61.80386143758509,64.13791398210034,60.3006031299737,62.970890796961896,66.08295911832779,61.61254029028856,-0.0030790964529303633,-0.0030838466237424135,0.010895076229697098,-0.026451358167014938,62.19287033081055,64.06267261505127,59.60234657287597,0.024090368484153874,0.03295491339912857,1.312908717438816,0.14588288159538365,12656483.6
2021-03-30,64.67279815673828,64.96455639452623,62.72775316266113,63.11675918412382,10618713,62.97090148925781,64.2837905883789,63.70192337036133,63.45716287447457,64.91592721888979,64.57654561008844,62.14425415703575,63.11675766531011,62.14703112429488,62.82501860766243,64.18653536366263,62.77870191544264,0.027026715947060076,0.02666794418846342,-0.0030790964529303633,-0.002264199828393987,62.815284729003906,64.14279994964599,59.79474548339844,0.018015596759363813,0.03340548016194121,2.236803231865096,1.5560389726144592,12145662.6
2021-03-31,63.84613800048828,65.3049214477277,63.846138000488274,65.06179087318779,12557044,64.67279815673828,63.84613800048828,63.07025146484375,64.96455639452623,64.38102675315213,64.38219239386818,62.72775316266113,62.87361570232867,63.02165968267671,63.11675918412382,63.99202081124041,63.89628944799205,-0.01278219251077617,-0.012864587613209157,0.027026715947060076,-0.00680813287276405,63.42797012329102,64.06983699798585,59.960893325805664,0.01806097955476909,0.03257899705137639,1.4587834472394192,-1.2156528726995077,12166227.8
2021-04-01,64.57554626464844,64.96455974958334,63.94340958627976,64.33241562783246,11874438,63.84613800048828,61.56072616577149,65.3053970336914,65.3049214477277,64.08928400543469,66.18002667217903,63.846138000488274,61.02583728432553,63.41037730714568,65.06179087318779,63.01951368592489,63.604736969733125,0.01142446962343402,0.01135970318503494,-0.01278219251077617,-0.03579561593372038,63.8461555480957,64.0017599105835,60.14551643371582,0.01523385347086958,0.03261046496174606,1.0211501633035809,0.2431306368159767,11596094.8
2021-04-05,65.4508285522461,65.9857175034478,65.01319484431127,65.49945617387954,10180082,64.57554626464844,60.782711029052734,65.93708801269531,64.96455974958334,63.3112690508324,68.65814612993303,63.94340958627976,60.782711029052734,64.04206048100818,64.33241562783246,62.04699190078823,67.44338870597848,0.01355439230835942,0.013463353263005056,0.01142446962343402,-0.012638173478066284,64.30324249267578,63.96772212982178,60.378742904663085,0.015461781818579339,0.032755969985858974,0.9725226591365299,-0.04862762163344314,11203416.8
2021-04-06,65.15907287597656,65.64533422502353,65.01319744861583,65.45083117408142,8035938,65.4508285522461,62.484619140625,66.13158416748047,65.9857175034478,62.8736251409344,67.15273431302448,65.01319484431127,59.46979658639211,63.89478085899886,65.49945617387954,60.29643991958567,67.10410669783056,-0.004457631518547389,-0.004467596382078059,0.01355439230835942,0.02799987171942342,64.74087677001953,63.780511665344235,60.60224731445312,0.01570196506731883,0.031238959793308815,0.6321367764077053,-0.29175829810485254,10653243.0
2021-04-07,65.11042785644531,65.79119951793184,64.4782912489294,65.15905546703455,8379669,65.15907287597656,63.1653938293457,68.90328216552734,65.64533422502353,63.846158164380334,69.72992936337191,65.01319744861583,61.80386143758509,67.15273997463356,65.45083117408142,62.970890796961896,69.09778519931939,-0.0007465578834100484,-0.000746836696522077,-0.004457631518547389,0.010895076229697098,64.82840270996094,63.632201957702634,60.836440353393556,0.011048454354266544,0.03115674474325658,1.312908269002449,-0.048627610589235815,10205434.2
2021-04-08,65.40218353271484,65.64531413282282,63.65164172326115,64.47828874098073,11018763,65.11042785644531,62.97090148925781,68.07662200927734,65.79119951793184,63.45716287447457,70.11892208379811,64.4782912489294,62.14425415703575,67.2499824121666,65.15905546703455,62.82501860766243,68.56288322288883,0.004480936247459377,0.004470926742795114,-0.0007465578834100484,-0.0030790964529303633,65.13961181640624,63.68082752227783,61.04731430053711,0.007698697335855696,0.028681603821475277,1.9936724095616682,0.9238947917341136,9897778.0
2021-04-09,66.13158416748047,67.24998954341233,65.25631686751822,65.64532290230542,12689464,65.40218353271484,64.67279815673828,64.42967224121094,65.64531413282282,64.96455639452623,66.81235104441309,63.65164172326115,62.72775316266113,62.82500553779386,64.47828874098073,63.11675918412382,66.37471737743839,0.011152542550827427,0.011090811496255489,0.004480936247459377,0.027026715947060076,65.45081939697266,64.00419101715087,61.264030075073244,0.007641399997002726,0.022626433128576536,1.9936726758941035,0.4862612651750453,10060783.2
2021-04-12,66.08294677734375,66.52058780597142,65.49943781147519,66.18020199334568,8442187,66.13158416748047,63.84613800048828,59.66431427001953,67.24998954341233,65.3049214477277,62.53326214103391,65.25631686751822,63.846138000488274,58.1082787207672,65.64532290230542,65.06179087318779,61.70661488271057,-0.0007354638596520635,-0.0007357344458755506,0.011152542550827427,-0.01278219251077617,65.57724304199219,64.24975261688232,61.50795532226562,0.006054599053859224,0.022167247052253487,1.021149994496227,-0.09725521600192621,9713204.2
2021-04-13,65.35355377197266,65.8398149561764,64.47828661775826,65.69393957826762,10277370,66.08294677734375,64.57554626464844,61.17171478271485,66.52058780597142,64.96455974958334,61.366217795330655,65.49943781147519,63.94340958627976,59.46980039640817,66.18020199334568,64.33241562783246,59.518424288716645,-0.011037537533377106,-0.011098903118539599,-0.0007354638596520635,0.01142446962343402,65.6161392211914,64.27163410186768,61.777136611938474,0.008146228983507219,0.01783412170561249,1.3615283384181396,-0.34038580629496096,10161490.6
2021-04-14,66.52059936523438,67.05548081604815,65.25631855442067,65.30493872748936,12968951,65.35355377197266,65.4508285522461,64.91592407226562,65.8398149561764,65.9857175034478,64.96455168226667,64.47828661775826,65.01319484431127,61.90110157277604,65.69393957826762,65.49945617387954,61.94972918277709,0.01785741594609669,0.01769984539728448,-0.011037537533377106,0.01355439230835942,65.89817352294922,64.40049304962159,62.063828201293944,0.011083547072565567,0.017846750203682482,1.7991622616274725,1.2156606377450174,11079347.0
2021-04-15,65.88846588134766,66.86098859393309,65.35357690074896,66.76374078870464,10208753,66.52059936523438,65.15907287597656,63.94342041015625,67.05548081604815,65.64533422502353,64.91594312204175,65.25631855442067,65.01319744861583,63.55441430275544,65.30493872748936,65.45083117408142,64.81868787349981,-0.009502823034049368,-0.009548262957688276,0.01785741594609669,-0.004457631518547389,65.99542999267578,64.38590488433837,62.28928680419922,0.012688330575413204,0.016236262856120138,1.5074116931841246,-0.8752749073569817,10917345.0
2021-04-16,65.11042785644531,66.52059134662622,64.91592485746975,66.27746073706143,10036727,65.88846588134766,65.11042785644531,66.18022918701172,66.86098859393309,65.79119951793184,66.18022918701172,65.35357690074896,64.4782912489294,63.846170034322185,66.76374078870464,65.15905546703455,64.18655598681359,-0.011808410083540832,-0.01187868311423167,-0.009502823034049368,-0.0007465578834100484,65.79119873046875,64.4199426651001,62.503071823120116,0.012496263839240171,0.015287670889911991,1.6046664891564717,-1.1670328806161194,10386797.6
2021-04-19,65.4508285522461,65.49945617387954,64.04066474179167,64.77006417952714,9003729,65.11042785644531,65.40218353271484,64.42967224121094,66.52059134662622,65.64531413282282,66.56922040238466,64.91592485746975,63.65164172326115,64.13791398210034,66.27746073706143,64.47828874098073,66.08295911832779,0.0052280518959466615,0.00521443307860019,-0.011808410083540832,0.004480936247459377,65.66477508544922,64.47829456329346,62.699369735717774,0.013044419345364494,0.01530462977112204,1.4587914320878639,0.6807643727189543,10499106.0
2021-04-20,63.50577926635742,65.20769381351676,62.72775969897949,65.20769381351676,12330465,65.4508285522461,66.13158416748047,64.2837905883789,65.49945617387954,67.24998954341233,64.91592721888979,64.04066474179167,65.25631686751822,63.11675766531011,64.77006417952714,65.64532290230542,64.18653536366263,-0.029717718307202712,-0.03016823776607298,0.0052280518959466615,0.011152542550827427,65.29522018432617,64.46127662658691,62.86162567138672,0.018048110369610067,0.016713204590226,2.479934114537265,-1.7019145471593333,10909725.0
2021-04-21,64.91592407226562,65.06179945888748,62.09560829108959,62.87362399927186,9953202,63.50577926635742,66.08294677734375,63.84613800048828,65.20769381351676,66.52058780597142,64.38102675315213,62.72775969897949,65.49943781147519,62.87361570232867,65.20769381351676,66.18020199334568,63.99202081124041,0.02220498389593395,0.021962042996518865,-0.029717718307202712,-0.0007354638596520635,64.97428512573242,64.62903652191162,63.03167663574219,0.019505930926503223,0.015159466308704489,2.966191167797888,2.0423000729937684,10306575.2
2021-04-22,65.20771026611328,66.52061908253576,64.5755659516421,64.91595192431001,10555051,64.91592407226562,65.35355377197266,61.56072616577149,65.06179945888748,65.8398149561764,64.08928400543469,62.09560829108959,64.47828661775826,61.02583728432553,62.87362399927186,65.69393957826762,63.01951368592489,0.004494832323773679,0.004484760733758982,0.02220498389593395,-0.011037537533377106,64.83813400268555,64.85028648376465,63.21436592102051,0.019651675272669963,0.01472092000518079,1.9450531308936547,0.2917583418032734,10375834.8
2021-04-23,65.88846588134766,66.18022418379998,64.96457079306819,65.6453352032013,9357311,65.20771026611328,66.52059936523438,60.782711029052734,66.52061908253576,67.05548081604815,63.3112690508324,64.5755659516421,65.25631855442067,60.782711029052734,64.91595192431001,65.30493872748936,62.04699190078823,0.010439802478207083,0.010385684071426838,0.004494832323773679,0.01785741594609669,64.99374160766601,65.02047882080078,63.42427558898926,0.019369598296450966,0.013677120833357792,1.215653390731788,0.24313067814635758,10239951.6
2021-04-26,65.98570251464844,68.07662277948154,65.8884472934733,66.27746073479248,18815482,65.88846588134766,65.88846588134766,62.484619140625,66.18022418379998,66.86098859393309,62.8736251409344,64.96457079306819,65.35357690074896,59.46979658639211,65.6453352032013,66.76374078870464,60.29643991958567,0.0014757762530983598,0.0014746883655113409,0.010439802478207083,-0.009502823034049368,65.10071640014648,65.16149425506592,63.63029899597168,0.01931153327823421,0.013543210267027322,2.188175486008234,-0.29175822014404673,12202302.2
2021-04-27,65.59669494628906,65.83982557761334,62.776382600280215,65.64532256123033,30050351,65.98570251464844,65.11042785644531,63.1653938293457,68.07662277948154,66.52059134662622,63.846158164380334,65.8884472934733,64.91592485746975,61.80386143758509,66.27746073479248,66.27746073706143,62.970890796961896,-0.0058953311631867455,-0.0059127772286291114,0.0014757762530983598,-0.011808410083540832,65.5188995361328,65.29278392791748,63.802303619384766,0.010548301207285168,0.013616236434277697,3.063442977333125,-0.04862761494126744,15746279.4
2021-04-28,64.18653869628906,64.91593058938696,63.94340806525643,64.81867535962108,13261158,65.59669494628906,65.4508285522461,62.97090148925781,65.83982557761334,65.49945617387954,63.45716287447457,62.776382600280215,64.04066474179167,62.14425415703575,65.64532256123033,64.77006417952714,62.82501860766243,-0.021497367377344867,-0.021731801681914516,-0.0058953311631867455,0.0052280518959466615,65.3730224609375,65.26847095489502,63.92278182983399,0.012289635012374867,0.013265677228895965,0.9725225241305324,-0.6321366633320196,16407870.6
2021-04-29,64.23514556884766,64.62415147553222,63.60300166626069,64.08926277130621,11066635,64.18653869628906,63.50577926635742,64.67279815673828,64.91593058938696,65.20769381351676,64.96455639452623,63.94340806525643,62.72775969897949,62.72775316266113,64.81867535962108,65.20769381351676,63.11675918412382,0.0007572751786568688,0.0007569885904837104,-0.021497367377344867,-0.029717718307202712,65.17850952148437,65.287921333313,64.05492218017578,0.011887996314769948,0.012936186586592716,1.0211498092715274,0.1458827975414465,16510187.4
2021-04-30,63.79753112792969,64.91592902639918,63.6030206730812,63.99203413939631,10011667,64.23514556884766,64.91592407226562,63.84613800048828,64.62415147553222,65.06179945888748,65.3049214477277,63.60300166626069,62.09560829108959,63.846138000488274,64.08926277130621,62.87362399927186,65.06179087318779,-0.006812694780132911,-0.006836007125475499,0.0007572751786568688,0.02220498389593395,64.76032257080078,65.24902057647705,64.20066162109374,0.009241344543957964,0.01275850393930173,1.3129083533179866,-0.1945030114666224,16641058.6
2021-05-03,65.40218353271484,65.79119695891627,64.04064770608149,64.3810335235851,12734908,63.79753112792969,65.20771026611328,64.57554626464844,64.91592902639918,66.52061908253576,64.96455974958334,63.6030206730812,64.5755659516421,63.94340958627976,63.99203413939631,64.91595192431001,64.33241562783246,0.025152264929616752,0.024841152708587496,-0.006812694780132911,0.004494832323773679,64.64361877441407,65.24658832550048,64.34059349060058,0.01704956161114516,0.013663728672342557,1.7505492528347872,1.021150009129741,15424943.8
2021-05-04,63.79753112792969,65.11043203786582,63.55440050275094,64.86730141268707,15557003,65.40218353271484,65.88846588134766,65.4508285522461,65.79119695891627,66.18022418379998,65.9857175034478,64.04064770608149,64.96457079306819,65.01319484431127,64.3810335235851,65.6453352032013,65.49945617387954,-0.024535150328467092,-0.024841152708587416,0.025152264929616752,0.010439802478207083,64.28378601074219,65.17851123809814,64.40178581237792,0.019991417054967844,0.014709954780328074,1.556031535114883,-1.0697702847573822,12526274.2
2021-05-05,64.23514556884766,64.62415147553222,63.651629265441166,63.99201501632489,11168297,63.79753112792969,65.98570251464844,65.15907287597656,65.11043203786582,68.07662277948154,65.64533422502353,63.55440050275094,65.8884472934733,65.01319744861583,64.86730141268707,66.27746073479248,65.45083117408142,0.0068594259555350146,0.006836007125475621,-0.024535150328467092,0.0014757762530983598,64.2935073852539,65.13474712371826,64.46298400878906,0.018222541782632534,0.014813507664049227,0.97252221009105,0.24313055252276428,12107702.0
2021-05-06,64.23514556884766,64.72140667389318,63.35987111373792,64.28377316802813,12595406,64.23514556884766,65.59669494628906,65.11042785644531,64.62415147553222,65.83982557761334,65.79119951793184,63.651629265441166,62.776382600280215,64.4782912489294,63.99201501632489,65.64532256123033,65.15905546703455,0.0,0.0,0.0068594259555350146,-0.0058953311631867455,64.2935073852539,65.0763952255249,64.47267646789551,0.018220774058020982,0.01476687548505053,1.3615355601552679,-0.04862759918047743,12413456.2
2021-05-07,64.67279815673828,64.86730116746963,63.55440026249665,63.99203389748765,10810442,64.23514556884766,64.18653869628906,65.40218353271484,64.72140667389318,64.91593058938696,65.64531413282282,63.35987111373792,63.94340806525643,63.65164172326115,64.28377316802813,64.81867535962108,64.47828874098073,0.006813288644633708,0.006790183084086113,0.0,-0.021497367377344867,64.46856079101562,65.00345592498779,64.52610702514649,0.01793908313992165,0.014613158659825898,1.3129009049729845,0.6807642592506298,12573211.2
2021-05-10,64.91592407226562,66.0343293287646,64.67279346564166,64.72142107564271,13154138,64.67279815673828,64.23514556884766,66.13158416748047,64.86730116746963,64.62415147553222,67.24998954341233,63.55440026249665,63.60300166626069,65.25631686751822,63.99203389748765,64.08926277130621,65.64532290230542,0.0037593226589347495,0.0037522740652766026,0.006813288644633708,0.0007572751786568688,64.37130889892578,64.94510478973389,64.60577995300292,0.013223916704533628,0.014652162256715555,1.3615358631229384,0.1945029966229157,12657057.2
2021-05-11,63.65164566040039,64.62416812098719,62.92225381496029,64.13790689069378,13645738,64.91592407226562,63.79753112792969,66.08294677734375,66.0343293287646,64.91592902639918,66.52058780597142,64.67279346564166,63.6030206730812,65.49943781147519,64.72142107564271,63.99203413939631,66.18020199334568,-0.019475628359812203,-0.019667777315855468,0.0037593226589347495,-0.006812694780132911,64.34213180541992,64.86000938415528,64.60477439880371,0.011023497409405397,0.015078115558690895,1.7019143060269002,-0.48626123029339396,12274804.2
2021-05-12,62.33875274658203,63.84616060951444,62.09562208594537,63.603029948877776,14215045,63.65164566040039,65.40218353271484,65.35355377197266,64.62416812098719,65.79119695891627,65.8398149561764,62.92225381496029,64.04064770608149,64.47828661775826,64.13790689069378,64.3810335235851,65.69393957826762,-0.020626221053623883,-0.020841912640847383,-0.019475628359812203,0.025152264929616752,63.962853240966794,64.65091705322266,64.59014442443848,0.013142481912691451,0.014971912746201113,1.7505385235690696,-1.2642772022957445,12884153.8
2021-05-13,63.06813430786133,63.4085201739509,61.85248485549274,62.24149089383896,13158312,62.33875274658203,63.79753112792969,66.52059936523438,63.84616060951444,65.11043203786582,67.05548081604815,62.09562208594537,63.55440050275094,65.25631855442067,63.603029948877776,64.86730141268707,65.30493872748936,0.011700291217637382,0.011632372079461007,-0.020626221053623883,-0.024535150328467092,63.72945098876953,64.50990047454835,64.54539916992188,0.015318428844792377,0.015245420954738752,1.5560353184581572,0.8266434140223708,12996735.0
2021-05-14,64.4782943725586,64.67279738095678,63.35988904835094,63.79753012147405,10167742,63.06813430786133,64.23514556884766,65.88846588134766,63.4085201739509,64.62415147553222,66.86098859393309,61.85248485549274,63.651629265441166,65.35357690074896,62.24149089383896,63.99201501632489,66.76374078870464,0.02235931156316906,0.022113006864831503,0.011700291217637382,0.0068594259555350146,63.69055023193359,64.47829380035401,64.51622329711914,0.019070047729350982,0.015993257806507784,1.3129083326058435,0.6807642510845469,12868195.0
2021-05-17,63.94342041015625,64.86731549777079,63.79754498072682,64.33242651755707,15316179,64.4782943725586,64.23514556884766,65.11042785644531,64.67279738095678,64.72140667389318,66.52059134662622,63.35988904835094,63.35987111373792,64.91592485746975,63.79753012147405,64.28377316802813,66.27746073706143,-0.008295411155137211,-0.008330009549716872,0.02235931156316906,0.0,63.49604949951172,64.40292339324951,64.47246002197265,0.019165573844681802,0.016030145382570006,1.0697705170439704,-0.3890061074008173,13300603.2
2021-05-18,63.06813430786133,64.52692556011509,63.06813430786133,64.08928446274788,9816408,63.94342041015625,64.67279815673828,65.4508285522461,64.86731549777079,64.86730116746963,65.49945617387954,63.79754498072682,63.55440026249665,64.04066474179167,64.33242651755707,63.99203389748765,64.77006417952714,-0.013688446703046586,-0.013782997315114716,-0.008295411155137211,0.006813288644633708,63.379347229003905,64.3810411453247,64.35575706481933,0.01805437560586691,0.014880458552483362,1.4587912522537607,-1.0211501548865556,12534737.2
2021-05-19,63.65164566040039,63.700273272106045,62.1928619695202,62.72775081151925,11921066,63.06813430786133,64.91592407226562,63.50577926635742,64.52692556011509,66.0343293287646,65.20769381351676,63.06813430786133,64.67279346564166,62.72775969897949,64.08928446274788,64.72142107564271,65.20769381351676,0.009252078865861213,0.009209540561386446,-0.013688446703046586,0.0037593226589347495,63.64192581176758,64.31782722473145,64.2672575378418,0.014896717737146722,0.014114296086970325,1.5074113025858438,0.9238948488811403,12075941.4
2021-05-20,63.50577926635742,63.748909915951614,62.825007492787606,63.6516546787609,9324527,63.65164566040039,63.65164566040039,64.91592407226562,63.700273272106045,64.62416812098719,65.06179945888748,62.1928619695202,62.92225381496029,62.09560829108959,62.72775081151925,64.13790689069378,62.87362399927186,-0.002291635864706598,-0.002294265680663381,0.009252078865861213,-0.019475628359812203,63.729454803466794,64.23273067474365,64.24877967834473,0.014458697340473548,0.014059543448054794,0.9239024231640087,-0.1458754124034769,11309184.4
2021-05-21,64.3324203491211,64.57555100378019,63.45715296970148,63.74891124396894,10697965,63.50577926635742,62.33875274658203,65.20771026611328,63.748909915951614,63.84616060951444,66.52061908253576,62.825007492787606,62.09562208594537,64.5755659516421,63.6516546787609,63.603029948877776,64.91595192431001,0.013016785122761165,0.012932794845717443,-0.002291635864706598,-0.020626221053623883,63.700279998779294,64.15492839813233,64.34214179992676,0.01135419922325524,0.014183359229985305,1.1183980340787087,0.583509105152153,11415229.0
2021-05-24,64.08927917480469,64.72142323918742,63.79752839180816,64.62416801593422,7827397,64.3324203491211,63.06813430786133,65.88846588134766,64.57555100378019,63.4085201739509,66.18022418379998,63.45715296970148,61.85248485549274,64.96457079306819,63.74891124396894,62.24149089383896,65.6453352032013,-0.003779450127896933,-0.0037866102962245333,0.013016785122761165,0.011700291217637382,63.729451751708986,64.06010723114014,64.40049308776855,0.010731818589042545,0.014181835196173278,0.923894847379259,-0.5348888411295292,9917472.6
2021-05-25,63.79753112792969,64.62417078750832,63.70027590050544,64.18653715086295,9496071,64.08927917480469,64.4782943725586,65.98570251464844,64.72142323918742,64.67279738095678,68.07662277948154,63.79752839180816,63.35988904835094,65.8884472934733,64.62416801593422,63.79753012147405,66.27746073479248,-0.004552212954045731,-0.004562605827812295,-0.003779450127896933,0.02235931156316906,63.87533111572266,63.97014904022217,64.37812522888184,0.008187983607511736,0.014162402047410597,0.9238948870028807,-0.38900602293325903,9853405.2
2021-05-26,65.15907287597656,65.3049483033373,63.40853053073083,63.79754407599842,12092309,63.79753112792969,63.94342041015625,65.59669494628906,64.62417078750832,64.86731549777079,65.83982557761334,63.70027590050544,63.79754498072682,62.776382600280215,64.18653715086295,64.33242651755707,65.64532256123033,0.02134160560722398,0.0211170626623144,-0.004552212954045731,-0.008295411155137211,64.17681655883788,64.01877574920654,64.40243827819825,0.011752535784016903,0.014185523744516775,1.896417772606469,1.3615287999781458,9887653.8
2021-05-27,69.77855682373047,70.02169494558102,66.08296902235448,66.13159664672457,37035234,65.15907287597656,63.06813430786133,64.18653869628906,65.3049483033373,64.52692556011509,64.91593058938696,63.40853053073083,63.06813430786133,63.94340806525643,63.79754407599842,64.08928446274788,64.81867535962108,0.07089548306721016,0.06849519853103667,0.02134160560722398,-0.013688446703046586,65.4313720703125,64.29594631195069,64.47440483093261,0.03085163789907017,0.021131246905640368,3.938725923226542,3.6469601770058944,15429795.2
2021-05-28,68.36839294433594,69.72992906175634,68.22251753046856,69.48679840972227,14560581,69.77855682373047,63.65164566040039,64.23514556884766,70.02169494558102,63.700273272106045,64.62415147553222,66.08296902235448,62.1928619695202,63.60300166626069,66.13159664672457,62.72775081151925,64.08926277130621,-0.020209129331189568,-0.02041612736668213,0.07089548306721016,0.009252078865861213,66.23856658935547,64.524489402771,64.55317924499512,0.035754740287543836,0.021708303978773654,1.5074115312877723,-1.1184054653863313,16202318.4
2021-06-01,68.8060302734375,69.72993275480499,68.56289960852669,69.19504380332462,10087388,68.36839294433594,63.50577926635742,63.79753112792969,69.72992906175634,63.748909915951614,64.91592902639918,68.22251753046856,62.825007492787606,63.6030206730812,69.48679840972227,63.6516546787609,63.99203413939631,0.006401164489238109,0.006380764047270747,-0.020209129331189568,-0.002291635864706598,67.18191680908203,64.69468173980712,64.64362403869629,0.03485749745378055,0.02112955804493675,1.1670331462782997,-0.3890135298871229,16654316.6
2021-06-02,68.51427459716797,68.95190827445956,68.12526109472235,68.95190827445956,8012785,68.8060302734375,64.3324203491211,65.40218353271484,69.72993275480499,64.57555100378019,65.79119695891627,68.56289960852669,63.45715296970148,64.04064770608149,69.19504380332462,63.74891124396894,64.3810335235851,-0.004240263173301617,-0.004249278583357611,0.006401164489238109,0.013016785122761165,68.1252655029297,64.93051891326904,64.73698677062988,0.034814508064052015,0.020218031470392618,0.8266471797372077,-0.4376336772915863,16357659.4
2021-06-03,68.51427459716797,69.87580324727126,67.7848826538878,68.02801330164786,12672972,68.51427459716797,64.08927917480469,63.79753112792969,68.95190827445956,64.72142323918742,65.11043203786582,68.12526109472235,63.79752839180816,63.55440050275094,68.95190827445956,64.62416801593422,64.86730141268707,0.0,0.0,-0.004240263173301617,-0.003779450127896933,68.79630584716797,65.14447536468506,64.87605773925782,0.03512465904798805,0.02022090292941467,2.0909205933834585,0.48626129552010866,16473792.0
2021-06-04,67.88213348388672,69.0491591566691,67.39587216661215,68.85465611843586,12855029,68.51427459716797,63.79753112792969,64.23514556884766,69.87580324727126,64.62417078750832,64.62415147553222,67.7848826538878,63.70027590050544,63.651629265441166,68.02801330164786,64.18653715086295,63.99201501632489,-0.00922641474346686,-0.009269241737927569,0.0,-0.004552212954045731,68.41702117919922,65.326824760437,65.01804618835449,0.010046257368009964,0.020407396578710817,1.6532869900569551,-0.9725226345491365,11637751.0
2021-06-07,67.63899993896484,68.41701950208116,67.39586929070241,68.07663361716072,7493597,67.88213348388672,65.15907287597656,64.23514556884766,69.0491591566691,65.3049483033373,64.72140667389318,67.39587216661215,63.40853053073083,63.35987111373792,68.85465611843586,63.79754407599842,64.28377316802813,-0.0035817015824876064,-0.0035881312329178647,-0.00922641474346686,0.02134160560722398,68.271142578125,65.47513484954834,65.12113380432129,0.005793043594425853,0.020436385023422734,1.0211502113787532,-0.43763367819587984,10224354.2
2021-06-08,67.59037017822266,68.02801128592918,66.71510284957427,67.93075605235389,8852489,67.63899993896484,69.77855682373047,64.67279815673828,68.41701950208116,70.02169494558102,64.86730116746963,67.39586929070241,66.08296902235448,63.55440026249665,68.07663361716072,66.13159664672457,63.99203389748765,-0.0007189603747256301,-0.0007192189506805149,-0.0035817015824876064,0.07089548306721016,68.02801055908203,65.60885715484619,65.20963333129883,0.003650903237700595,0.02044567689010717,1.3129084363549168,-0.3403858741312291,9977374.4
2021-06-09,66.76371765136719,67.15272362423578,66.47195945002528,66.95822063780149,11189043,67.59037017822266,68.36839294433594,64.91592407226562,68.02801128592918,69.72992906175634,66.0343293287646,66.71510284957427,68.22251753046856,64.67279346564166,67.93075605235389,69.48679840972227,64.72142107564271,-0.012230329922380156,-0.012305735864499514,-0.0007189603747256301,-0.020209129331189568,67.67789916992187,65.76446075439453,65.28548965454101,0.005370390816458402,0.020102450015334766,0.6807641742104948,-0.1945029864343013,10612626.0
2021-06-10,66.2774658203125,67.44449134705404,66.08295536303729,67.15273310452316,9999489,66.76371765136719,68.8060302734375,63.65164566040039,67.15272362423578,69.72993275480499,64.62416812098719,66.47195945002528,68.56289960852669,62.92225381496029,66.95822063780149,69.19504380332462,64.13790689069378,-0.007283174876417831,-0.007309826679902476,-0.012230329922380156,0.006401164489238109,67.23053741455078,65.96139640808106,65.3175830078125,0.004548676191786187,0.01950440048706325,1.3615359840167542,-0.8752672842106648,10077929.4
2021-06-11,66.56922912597656,67.00687029368451,65.98571997467155,66.37472607554156,8500031,66.2774658203125,68.51427459716797,62.33875274658203,67.44449134705404,68.95190827445956,63.84616060951444,66.08295536303729,68.12526109472235,62.09562208594537,67.15273310452316,68.95190827445956,63.603029948877776,0.004402149388980536,0.004392488272102056,-0.007283174876417831,-0.004240263173301617,66.96795654296875,66.13645114898682,65.37204483032227,0.006324253555331236,0.019405876532601247,1.0211503190129605,0.19450305043500293,9206929.8
2021-06-14,65.49945831298828,67.25000064528058,65.20770001704234,67.00686997255619,9114079,66.56922912597656,68.51427459716797,63.06813430786133,67.00687029368451,69.87580324727126,63.4085201739509,65.98571997467155,67.7848826538878,61.85248485549274,66.37472607554156,68.02801330164786,62.24149089383896,-0.016070049586481394,-0.01620057306806033,0.004402149388980536,0.0,66.54004821777343,66.1875093460083,65.39052307128907,0.008325281693508406,0.01927758873351253,2.0423006282382374,-1.5074116595679072,9531026.2
2021-06-15,65.83982849121094,65.98571134249046,64.72143051497982,65.40219482413713,7629388,65.49945831298828,67.88213348388672,64.4782943725586,67.25000064528058,69.0491591566691,64.67279738095678,65.20770001704234,67.39587216661215,63.35988904835094,67.00686997255619,68.85465611843586,63.79753012147405,0.005196534246072693,0.005183078856120218,-0.016070049586481394,-0.00922641474346686,66.1899398803711,66.28232975006104,65.39830307006837,0.00964640199549844,0.019172547828488918,1.264280827510646,0.43763366707381124,9286406.0
2021-06-16,65.35355377197266,66.37470374747669,64.62416199566705,65.64531197117107,14070907,65.83982849121094,67.63899993896484,63.94342041015625,65.98571134249046,68.41701950208116,64.86731549777079,64.72143051497982,67.39586929070241,63.79754498072682,65.40219482413713,68.07663361716072,64.33242651755707,-0.007385722751437562,-0.007413132244388322,0.005196534246072693,-0.0035817015824876064,65.90790710449218,66.3966007232666,65.40219268798828,0.008983885144061213,0.018958078400581974,1.7505417518096351,-0.29175819919841217,9862778.8
2021-06-17,63.21402359008789,65.69395780630815,62.776389891550885,65.20769648718193,15451709,65.35355377197266,67.59037017822266,63.06813430786133,66.37470374747669,68.02801128592918,64.52692556011509,64.62416199566705,66.71510284957427,63.06813430786133,65.64531197117107,67.93075605235389,64.08928446274788,-0.032737778718964106,-0.03328565040143395,-0.007385722751437562,-0.0007189603747256301,65.29521865844727,66.37471961975098,65.36426460266114,0.01578546881729244,0.020378348498684258,2.9175679147572637,-1.9936728970940436,10953222.8
2021-06-18,62.14424896240234,63.311274700694185,61.998373536384605,62.43600725782113,16465184,63.21402359008789,66.76371765136719,63.65164566040039,65.69395780630815,67.15272362423578,63.700273272106045,62.776389891550885,66.47195945002528,62.1928619695202,65.20769648718193,66.95822063780149,62.72775081151925,-0.016923058633674715,-0.017067889907904917,-0.032737778718964106,-0.012230329922380156,64.41022262573242,66.30664310455322,65.29910591125488,0.013922321122368657,0.020718961481257937,1.3129011643095794,-0.29175829541879494,12546253.4
2021-06-21,64.13793182373047,64.13793182373047,62.53327211731804,62.679147565761184,10825169,62.14424896240234,66.2774658203125,63.50577926635742,63.311274700694185,67.44449134705404,63.748909915951614,61.998373536384605,66.08295536303729,62.825007492787606,62.43600725782113,67.15273310452316,63.6516546787609,0.03208153440770234,0.03157767014755873,-0.016923058633674715,-0.007283174876417831,64.13791732788086,66.29691867828369,65.25923286437988,0.024447756220207655,0.02180241652153202,1.604659706412427,1.4587842579692847,12888471.4
2021-06-22,63.359901428222656,64.1865486796605,62.92226771297218,63.797542586856345,7678083,64.13793182373047,66.56922912597656,64.3324203491211,64.13793182373047,67.00687029368451,64.57555100378019,62.53327211731804,65.98571997467155,63.45715296970148,62.679147565761184,66.37472607554156,63.74891124396894,-0.012130581286064257,-0.012204757262722939,0.03208153440770234,0.004402149388980536,63.6419319152832,66.2604497909546,65.20477195739745,0.024051299394954928,0.02195940547848379,1.2642809666883252,-0.4376411586336886,12898210.4
2021-06-23,62.97090148925781,64.13792732510124,62.92227386205935,63.31127999287919,8763306,63.359901428222656,65.49945831298828,64.08927917480469,64.1865486796605,67.25000064528058,64.72142323918742,62.92226771297218,65.20770001704234,63.79752839180816,63.797542586856345,67.00686997255619,64.62416801593422,-0.006139528790232163,-0.006158453194826327,-0.012130581286064257,-0.016070049586481394,63.165401458740234,66.219118309021,65.15711891174317,0.024058188066819065,0.02197825837138232,1.215653463041896,-0.34037850362138045,11836690.2
2021-06-24,63.94342041015625,64.18655108812763,62.82501482545784,63.50578667848447,9594524,62.97090148925781,65.83982849121094,63.79753112792969,64.13792732510124,65.98571134249046,64.62417078750832,62.92227386205935,64.72143051497982,63.70027590050544,63.31127999287919,65.40219482413713,64.18653715086295,0.015443941533286543,0.015325897691612802,-0.006139528790232163,0.005196534246072693,63.31128082275391,66.15833568572998,65.1055753326416,0.02066735196711712,0.021708714846786707,1.3615362626697873,0.4376337316717809,10665253.2
2021-06-25,64.04074096679688,64.43004307735215,63.74876065935676,64.04074096679688,6844839,63.94342041015625,65.35355377197266,65.15907287597656,64.18655108812763,66.37470374747669,65.3049483033373,62.82501482545784,64.62416199566705,63.40853053073083,63.50578667848447,65.64531197117107,63.79754407599842,0.0015219792125034104,0.0015208221759833403,0.015443941533286543,-0.007385722751437562,63.69057922363281,65.8714448928833,65.06862083435058,0.017786599048603864,0.013744520256367729,0.6812824179953907,0.0,8741184.2
2021-06-28,62.726829528808594,64.0893942827105,62.24019819540837,64.04073710860797,12396856,64.04074096679688,63.21402359008789,69.77855682373047,64.43004307735215,65.69395780630815,70.02169494558102,63.74876065935676,62.776389891550885,66.08296902235448,64.04074096679688,65.20769648718193,66.13159664672457,-0.020516805679520522,-0.0207301991510823,0.0015219792125034104,-0.032737778718964106,63.40835876464844,65.58936672210693,65.02094886779786,0.013705698792440641,0.013763550922886822,1.8491960873021327,-1.313907579799377,9055521.6
2021-06-29,63.7000846862793,64.3813669829168,63.067467007054326,63.55409828308768,13883493,62.726829528808594,62.14424896240234,68.36839294433594,64.0893942827105,63.311274700694185,69.72992906175634,62.24019819540837,61.998373536384605,68.22251753046856,64.04073710860797,62.43600725782113,69.48679840972227,0.015515771557108815,0.0153966327469556,-0.020516805679520522,-0.016923058633674715,63.47639541625976,65.33406944274903,64.98593399047851,0.015275937680709607,0.014274691320536352,1.3138999758624763,0.14598640319161404,10296603.6
2021-06-30,65.50064086914062,65.84128583289946,63.50545061508451,63.992082020998296,13754002,63.7000846862793,64.13793182373047,68.8060302734375,64.3813669829168,64.13793182373047,69.72993275480499,63.067467007054326,62.53327211731804,68.56289960852669,63.55409828308768,62.679147565761184,69.19504380332462,0.028266150535419365,0.0278740348228617,0.015515771557108815,0.03208153440770234,63.98234329223633,65.18338775634766,65.02583122253418,0.01855921758201919,0.015966416453263216,2.335835217814946,1.5085588481423287,11294742.8
2021-07-01,65.59794616699219,66.32790054114905,65.01399309633123,66.08458489944546,9368346,65.50064086914062,63.359901428222656,68.51427459716797,65.84128583289946,64.1865486796605,68.95190827445956,63.50545061508451,62.92226771297218,68.12526109472235,63.992082020998296,63.797542586856345,68.95190827445956,0.001485562531303497,0.0014844601748974914,0.028266150535419365,-0.012130581286064257,64.31324844360351,65.03757133483887,65.03947166442872,0.018214874085670376,0.015980276014604024,1.313907444817815,-0.4866387324532724,11249507.2
2021-07-02,65.01399993896484,65.8899333616701,64.77068427165261,65.8899333616701,6653090,65.59794616699219,62.97090148925781,68.51427459716797,66.32790054114905,64.13792732510124,69.87580324727126,65.01399309633123,62.92227386205935,67.7848826538878,66.08458489944546,63.31127999287919,68.02801330164786,-0.008901898034136546,-0.00894175664964176,0.001485562531303497,-0.006139528790232163,64.50790023803711,64.89416465759277,65.03559745788574,0.019312351370116748,0.015972770432244446,1.1192490900174903,-0.8759334227052591,11211157.4
2021-07-06,62.87282180786133,64.81935477189207,62.38619415363931,64.6246962611557,14172730,65.01399993896484,63.94342041015625,67.88213348388672,65.8899333616701,64.18655108812763,69.0491591566691,64.77068427165261,62.82501482545784,67.39587216661215,65.8899333616701,63.50578667848447,68.85465611843586,-0.032934108547599816,-0.03348864577540125,-0.008901898034136546,0.015443941533286543,64.53709869384765,64.65585575103759,64.97528457641602,0.023470543321695545,0.017406480084630634,2.4331606182527565,-1.751874453294377,11566332.2
2021-07-07,63.1647834777832,63.65141471286859,61.99687000338733,62.678152242697806,12250973,62.87282180786133,64.04074096679688,67.63899993896484,64.81935477189207,64.43004307735215,68.41701950208116,62.38619415363931,63.74876065935676,67.39586929070241,64.6246962611557,64.04074096679688,68.07663361716072,0.0046436864375851705,0.004632937788445705,-0.032934108547599816,0.0015219792125034104,64.43003845214844,64.43457641601563,64.91886619567872,0.022223707800202448,0.017492711688243772,1.6545447094812644,0.4866312350853974,11239828.2
2021-07-08,62.62950134277344,62.97014626153917,61.36426208922748,61.94821895428896,10798825,63.1647834777832,62.726829528808594,67.59037017822266,63.65141471286859,64.0893942827105,68.02801128592918,61.99687000338733,62.24019819540837,66.71510284957427,62.678152242697806,64.04073710860797,67.93075605235389,-0.008474376156106689,-0.008510487842463959,0.0046436864375851705,-0.020516805679520522,63.855810546875,64.22786560058594,64.8595223236084,0.014740170870900763,0.01741102557468244,1.60588417231169,0.6812823884844761,10648792.8
2021-07-09,64.04074096679688,64.18672739599327,62.9701489891989,63.31079392272024,8290767,62.62950134277344,63.7000846862793,66.76371765136719,62.97014626153917,64.3813669829168,67.15272362423578,61.36426208922748,63.067467007054326,66.47195945002528,61.94821895428896,63.55409828308768,66.95822063780149,0.022533144824188778,0.022283023885428816,-0.008474376156106689,0.015515771557108815,63.544369506835935,64.11602935791015,64.85660636901855,0.020359202736660136,0.018283843499397587,1.2165784067943761,0.7299470440766385,10433277.0
2021-07-12,63.79742813110352,63.9434145668116,62.775500734004005,63.554112438891615,11187237,64.04074096679688,65.50064086914062,66.2774658203125,64.18672739599327,65.84128583289946,67.44449134705404,62.9701489891989,63.50545061508451,66.08295536303729,63.31079392272024,63.992082020998296,67.15273310452316,-0.0037993444800943355,-0.0038065803227874152,0.022533144824188778,0.028266150535419365,63.301055145263675,63.9774393081665,64.84785202026367,0.02021873288391447,0.01823508290419637,1.1679138328075922,0.24331569221190819,11340106.4
2021-07-13,62.726829528808594,63.70009219560906,62.6781649056592,63.70009219560906,7907410,63.79742813110352,65.59794616699219,66.56922912597656,63.9434145668116,66.32790054114905,67.00687029368451,62.775500734004005,65.01399309633123,65.98571997467155,63.554112438891615,66.08458489944546,66.37472607554156,-0.016781218830559275,-0.01692361882829483,-0.0037993444800943355,0.001485562531303497,63.271856689453124,63.83880786895752,64.82643798828126,0.014970473910879268,0.018264702190820263,1.0219272899498577,-0.9732626668004656,10087042.4
2021-07-14,62.3375244140625,63.16479694518639,61.89955769891558,62.67816560634605,8970443,62.726829528808594,65.01399993896484,65.49945831298828,63.70009219560906,65.8899333616701,67.25000064528058,62.6781649056592,64.77068427165261,65.20770001704234,63.70009219560906,65.8899333616701,67.00686997255619,-0.006206357274398777,-0.006225696769775574,-0.016781218830559275,-0.008901898034136546,63.106404876708986,63.6636926651001,64.7651448059082,0.014846882595293954,0.018206055141494575,1.2652392462708093,-0.34064119228354883,9430936.4
2021-07-15,62.09420394897461,62.872811796271534,61.16960224187284,61.75356278299951,10310877,62.3375244140625,62.87282180786133,65.83982849121094,63.16479694518639,64.81935477189207,65.98571134249046,61.89955769891558,62.38619415363931,64.72143051497982,62.67816560634605,64.6246962611557,65.40219482413713,-0.0039032744302082145,-0.003910912086905188,-0.006206357274398777,-0.032934108547599816,62.99934539794922,63.500725173950194,64.7310782623291,0.014527851423356273,0.018174218407351495,1.703209554398697,0.3406411659751001,9333346.8
2021-07-16,61.0722770690918,62.62949649694355,60.92628693299124,62.28885532905773,9141767,62.09420394897461,63.1647834777832,65.35355377197266,62.872811796271534,63.65141471286859,66.37470374747669,61.16960224187284,61.99687000338733,64.62416199566705,61.75356278299951,62.678152242697806,65.64531197117107,-0.0164576854986751,-0.016594617674555667,-0.0039032744302082145,0.0046436864375851705,62.405652618408205,63.39363784790039,64.66782089233398,0.00663456159807408,0.01707515429666888,1.7032095639523135,-1.2165782599659352,9503546.8
2021-07-19,58.39581298828125,59.563726789861214,57.51987577483441,59.32041110415508,19842400,61.0722770690918,62.62950134277344,63.21402359008789,62.62949649694355,62.97014626153917,65.69395780630815,60.92628693299124,61.36426208922748,62.776389891550885,62.28885532905773,61.94821895428896,65.20769648718193,-0.04382453396624841,-0.04481384089617601,-0.0164576854986751,-0.008474376156106689,61.32532958984375,63.20621604919434,64.55103424072266,0.015866474797652415,0.01926608421340249,2.043851015026803,-0.9245981158738275,11234579.4
2021-07-20,61.80222702026367,61.99688178600592,58.34714310470342,58.44446862531285,15072405,58.39581298828125,64.04074096679688,62.14424896240234,59.563726789861214,64.18672739599327,63.311274700694185,57.51987577483441,62.9701489891989,61.998373536384605,59.32041110415508,63.31079392272024,62.43600725782113,0.0583331896186805,0.056695207883163304,-0.04382453396624841,0.022533144824188778,61.14040908813477,63.089430809020996,64.49362281799317,0.037479588973988544,0.02241394479239598,3.6497386813025017,3.357758394950821,12667578.4
2021-07-21,63.65141677856445,63.79741062325527,62.14286213555584,62.24018764082691,13548149,61.80222702026367,63.79742813110352,64.13793182373047,61.99688178600592,63.9434145668116,64.13793182373047,58.34714310470342,62.775500734004005,62.53327211731804,58.44446862531285,63.554112438891615,62.679147565761184,0.02992108613973521,0.029482183908119526,0.0583331896186805,-0.0037993444800943355,61.40318756103515,63.10400657653808,64.46833267211915,0.03996514698898149,0.023329396617951394,1.6545484876994294,1.4112291377375428,13583119.6
2021-07-22,61.80222702026367,63.55410501385038,61.80222702026367,63.505440391283976,8712244,63.65141677856445,62.726829528808594,63.359901428222656,63.79741062325527,63.70009219560906,64.1865486796605,62.14286213555584,62.6781649056592,62.92226771297218,62.24018764082691,63.70009219560906,63.797542586856345,-0.02905182401098605,-0.029482183908119505,0.02992108613973521,-0.016781218830559275,61.344792175292966,63.04557285308838,64.43134429931641,0.042817207098616014,0.024217548297136827,1.7518779935867101,-1.7032133710203041,13263393.0
2021-07-23,61.85089492797852,62.67816748388352,61.46158910033981,62.28886165624482,7579911,61.80222702026367,62.3375244140625,62.97090148925781,63.55410501385038,63.16479694518639,64.13792732510124,61.80222702026367,61.89955769891558,62.92227386205935,63.505440391283976,62.67816560634605,63.31127999287919,0.0007874782198202812,0.0007871683215283672,-0.02905182401098605,-0.006206357274398777,61.50051574707031,62.94094657897949,64.42158714294433,0.04186581773645236,0.02392459657922317,1.2165783835437125,-0.43796672826629646,12951021.8
2021-07-26,62.87282180786133,62.97015106322951,61.46159229930802,61.60758245783652,10800049,61.85089492797852,62.09420394897461,63.94342041015625,62.67816748388352,62.872811796271534,64.18655108812763,61.46158910033981,61.16960224187284,62.82501482545784,62.28886165624482,61.75356278299951,63.50578667848447,0.01652242673404758,0.01638741654239223,0.0007874782198202812,-0.0039032744302082145,62.39591751098633,62.88255062103271,64.41768089294433,0.032576154802121074,0.024253626873715347,1.508558763921485,1.2652393500248067,11142551.6
2021-07-27,63.65141677856445,65.54928461622576,62.28884853120105,64.86799490575986,23964901,62.87282180786133,61.0722770690918,64.04074096679688,62.97015106322951,62.62949649694355,64.43004307735215,61.46159229930802,60.92628693299124,63.74876065935676,61.60758245783652,62.28885532905773,64.04074096679688,0.012383649219411597,0.012307599044198805,0.01652242673404758,-0.0164576854986751,62.76575546264648,62.928779983520506,64.40114334106445,0.022245382673728786,0.023948494288538083,3.2604360850247147,-1.2165781271954046,12921050.8
2021-07-28,63.89472961425781,65.59793891796654,63.45676299739891,63.99205883980213,13757312,63.65141677856445,58.39581298828125,62.726829528808594,65.54928461622576,59.563726789861214,64.0893942827105,62.28884853120105,57.51987577483441,62.24019819540837,64.86799490575986,59.32041110415508,64.04073710860797,0.0038225831883651473,0.003815295682742951,0.012383649219411597,-0.04382453396624841,62.81441802978516,62.93851222991943,64.40016952514648,0.017899721205767324,0.023717157101874668,2.1411759205676333,-0.09732922554431411,12962883.4
2021-07-29,64.6733627319336,65.1113294954767,63.70009994670547,64.18673133931954,10889854,63.89472961425781,61.80222702026367,63.7000846862793,65.59793891796654,61.99688178600592,64.3813669829168,63.45676299739891,58.34714310470342,63.067467007054326,63.99205883980213,58.44446862531285,63.55409828308768,0.0121861869105091,0.012112533103765661,0.0038225831883651473,0.0583331896186805,63.38864517211914,62.897148323059085,64.43227409362792,0.006563921845826965,0.022984682227562715,1.4112295487712245,0.48663139261405775,13398405.4
2021-07-30,63.018821716308594,64.33272954416745,62.87282781929746,64.04074919919346,12050777,64.6733627319336,63.65141677856445,65.50064086914062,65.1113294954767,63.79741062325527,65.84128583289946,63.70009994670547,62.14286213555584,63.50545061508451,64.18673133931954,62.24018764082691,63.992082020998296,-0.025583036751667843,-0.025915973261440864,0.0121861869105091,0.02992108613973521,63.622230529785156,62.7681921005249,64.41961761474609,0.01709684653738046,0.023655844968543043,1.4599017248699866,-1.0219274828848626,14292578.6
2021-08-02,61.193939208984375,65.21473734576166,61.09053153940678,63.5541064140319,39943542,63.018821716308594,61.80222702026367,65.59794616699219,64.33272954416745,63.55410501385038,66.32790054114905,62.87282781929746,61.80222702026367,65.01399309633123,64.04074919919346,63.505440391283976,66.08458489944546,-0.028957737666681194,-0.029385287092850168,-0.025583036751667843,-0.02905182401098605,63.28645401000976,62.57718906402588,64.37338081359863,0.02044972559082988,0.024389183627295273,4.12420580635488,-2.3601672050475244,20121277.2
2021-08-03,62.69034194946289,62.77550691955733,59.67930996165008,60.95063532363144,23177543,61.193939208984375,61.85089492797852,65.01399993896484,65.21473734576166,62.67816748388352,65.8899333616701,61.09053153940678,61.46158910033981,64.77068427165261,63.5541064140319,62.28886165624482,65.8899333616701,0.024453446857998884,0.024159247799094202,-0.028957737666681194,0.0007874782198202812,63.09423904418945,62.568065071105956,64.34053924560547,0.023529170942986368,0.02402320807512757,3.096196957907253,1.7397066258314524,19963805.6
2021-08-04,62.599082946777344,62.92756355115186,61.717067420055095,61.92996489410834,22702917,62.69034194946289,62.87282180786133,62.87282180786133,62.77550691955733,62.97015106322951,64.81935477189207,59.67930996165008,61.46159229930802,62.38619415363931,60.95063532363144,61.60758245783652,64.6246962611557,-0.0014557107179142825,-0.0014567712941478239,0.024453446857998884,0.01652242673404758,62.83510971069336,62.53978004455566,64.31073532104492,0.02327390228122433,0.0240015623950268,1.2104961310967681,0.6691180526690061,21752926.6
2021-08-05,62.66600036621094,63.65142732266989,62.36185578402936,62.65383607273304,13050690,62.599082946777344,63.65141677856445,63.1647834777832,62.92756355115186,65.54928461622576,63.65141471286859,61.717067420055095,62.28884853120105,61.99687000338733,61.92996489410834,64.86799490575986,62.678152242697806,0.0010689840215469815,0.0010684130649872199,-0.0014557107179142825,0.012383649219411597,62.43363723754883,62.54160499572754,64.28810470581055,0.02184342937481875,0.023922669884747814,1.28957153864053,0.012164293477894716,22185093.8
2021-08-06,63.57843780517578,64.02857628237513,62.87281935391586,62.87281935391586,17637083,62.66600036621094,63.89472961425781,62.62950134277344,63.65142732266989,65.59793891796654,62.97014626153917,62.36185578402936,63.45676299739891,61.36426208922748,62.65383607273304,63.99205883980213,61.94821895428896,0.014560326710380211,0.014455342991276215,0.0010689840215469815,0.0038225831883651473,62.54556045532227,62.518489837646484,64.25649200439453,0.020205738419773325,0.02359688609750927,1.1557569284592688,0.7056184512599231,23302355.0
2021-08-09,63.085723876953125,63.42636882623478,62.06380020267966,62.99448049222208,12768033,63.57843780517578,64.6733627319336,64.04074096679688,64.02857628237513,65.1113294954767,64.18672739599327,62.87281935391586,63.70009994670547,62.9701489891989,62.87281935391586,64.18673133931954,63.31079392272024,-0.007749701710703993,-0.007779886699913496,0.014560326710380211,0.0121861869105091,62.92391738891602,62.48290462493897,64.12263534545899,0.013063420163239477,0.0236459716365995,1.36256862355512,0.09124338473104388,17867253.2
2021-08-10,64.5273666381836,64.67943892562008,62.775492397106,63.14654430902302,12930790,63.085723876953125,63.018821716308594,63.79742813110352,63.42636882623478,64.33272954416745,63.9434145668116,62.06380020267966,62.87282781929746,62.775500734004005,62.99448049222208,64.04074919919346,63.554112438891615,0.02285212362851463,0.022594924838106614,-0.007749701710703993,-0.025583036751667843,63.29132232666016,62.57293148040772,64.04581481933593,0.012511247673122504,0.02385161042466856,1.9039465285140764,1.3808223291605728,15817902.6
2021-08-11,64.50301361083984,64.6064286982915,63.15261354394696,64.6064286982915,13330458,64.5273666381836,61.193939208984375,62.726829528808594,64.67943892562008,65.21473734576166,63.70009219560906,62.775492397106,61.09053153940678,62.6781649056592,63.14654430902302,63.5541064140319,63.70009219560906,-0.0003774061861272493,-0.00037747742176565704,0.02285212362851463,-0.028957737666681194,63.67210845947265,62.681205940246585,63.95975448608399,0.01236212643628274,0.02378562956185452,1.4538151543445323,-0.10341508745165129,13943410.8
2021-08-12,64.79501342773438,65.22690172062478,64.01640179568884,64.59427651062973,10270509,64.50301361083984,62.69034194946289,62.3375244140625,64.6064286982915,62.77550691955733,63.16479694518639,63.15261354394696,59.67930996165008,61.89955769891558,64.6064286982915,60.95063532363144,62.67816560634605,0.004526917434528377,0.004516701762532101,-0.0003774061861272493,0.024453446857998884,64.09791107177735,62.81624641418457,63.88536926269531,0.01210642575398214,0.02375061915385286,1.2104999249359452,0.20073691710464914,13387374.6
2021-08-13,63.82174301147461,64.85583448124714,63.61492769713852,64.78284127907241,9020462,64.79501342773438,62.599082946777344,62.09420394897461,65.22690172062478,62.92756355115186,62.872811796271534,64.01640179568884,61.717067420055095,61.16960224187284,64.59427651062973,61.92996489410834,61.75356278299951,-0.015020761085963064,-0.015134715276808965,0.004526917434528377,-0.0014557107179142825,64.14657211303711,62.95371971130371,63.79151863098144,0.014361019706075914,0.023692680758182295,1.240906784108624,-0.961098267597805,11664050.4
2021-08-16,62.86673355102539,63.44460822289105,62.19152963901644,63.40202947372075,11101144,63.82174301147461,62.66600036621094,61.0722770690918,64.85583448124714,63.65142732266989,62.62949649694355,63.61492769713852,62.36185578402936,60.92628693299124,64.78284127907241,62.65383607273304,62.28885532905773,-0.014963700698013116,-0.015076786405834092,-0.015020761085963064,0.0010689840215469815,64.10277404785157,63.17726573944092,63.69121063232422,0.015736987657514634,0.02150229932062909,1.2530785838746112,-0.5352959226953615,11330672.6
2021-08-17,61.814395904541016,62.81807303172254,61.04794857325637,62.37402044928134,13125487,62.86673355102539,63.57843780517578,58.39581298828125,63.44460822289105,64.02857628237513,59.563726789861214,62.19152963901644,62.87281935391586,57.51987577483441,63.40202947372075,62.87281935391586,59.32041110415508,-0.01673918123374829,-0.016880864663116852,-0.014963700698013116,0.014560326710380211,63.56017990112305,63.17787418365479,63.57471855163574,0.009847079113417112,0.017722688464696428,1.7701244584661708,-0.5596245447403234,11369612.0
2021-08-18,61.68666076660156,62.93973580612082,61.29127277637068,61.48592383559793,10427487,61.814395904541016,63.085723876953125,61.80222702026367,62.81807303172254,63.42636882623478,61.99688178600592,61.04794857325637,62.06380020267966,58.34714310470342,62.37402044928134,62.99448049222208,58.44446862531285,-0.002066430255772689,-0.002068568268651101,-0.01673918123374829,-0.007749701710703993,62.99690933227539,63.07963638305664,63.45664436340332,0.009521731894114668,0.016280130639633662,1.6484630297501397,0.20073693100363244,10789017.8
2021-08-19,60.47615814208984,61.32776673181488,59.97736249656698,60.82896736176845,17344153,61.68666076660156,64.5273666381836,63.65141677856445,62.93973580612082,64.67943892562008,63.79741062325527,61.29127277637068,62.775492397106,62.14286213555584,61.48592383559793,63.14654430902302,62.24018764082691,-0.019623409817753013,-0.019818505436344787,-0.002066430255772689,0.02285212362851463,62.133138275146486,63.01333293914795,63.330893173217774,0.006763933835048649,0.015559039555898404,1.3504042352479004,-0.3528092196786119,12203746.6
2021-08-20,60.85938262939453,61.23652416656312,60.281507891762764,60.57957034344597,10203095,60.47615814208984,64.50301361083984,61.80222702026367,61.32776673181488,64.6064286982915,63.55410501385038,59.97736249656698,63.15261354394696,61.80222702026367,60.82896736176845,64.6064286982915,63.505440391283976,0.006336786248959392,0.006316793235494619,-0.019623409817753013,-0.0003774061861272493,61.54066619873047,62.96375732421875,63.22253150939942,0.01107659148630241,0.01564126824116602,0.9550162748003572,0.2798122859485588,12440273.2
2021-08-23,61.41901016235352,61.72923690432119,60.99320400486785,61.19394092735941,9642436,60.85938262939453,64.79501342773438,61.85089492797852,61.23652416656312,65.22690172062478,62.67816748388352,60.281507891762764,64.01640179568884,61.46158910033981,60.57957034344597,64.59427651062973,62.28886165624482,0.00919541915774702,0.00915339869177175,0.006336786248959392,0.004526917434528377,61.251121520996094,62.89106674194336,63.119527130126954,0.013128273811020257,0.015298930944185662,0.7360328994533418,0.22506923499411613,12148531.6
2021-08-24,62.81806564331055,62.964052046838766,61.47374748507335,61.61365174254173,11007246,61.41901016235352,63.82174301147461,62.87282180786133,61.72923690432119,64.85583448124714,62.97015106322951,60.99320400486785,63.61492769713852,61.46159229930802,61.19394092735941,64.78284127907241,61.60758245783652,0.022778867279996673,0.022523302586708538,0.00919541915774702,-0.015020761085963064,61.45185546875,62.849399185180665,63.0658992767334,0.015633958713107014,0.015942650568852988,1.490304561765413,1.2044139007688202,11724883.4
2021-08-25,63.68792724609375,63.9494930749116,62.38010555105127,62.87281530161595,12627427,62.81806564331055,62.86673355102539,63.65141677856445,62.964052046838766,63.44460822289105,65.54928461622576,61.47374748507335,62.19152963901644,62.28884853120105,61.61365174254173,63.40202947372075,64.86799490575986,0.013847315957202344,0.013752317852200152,0.022778867279996673,-0.014963700698013116,61.852108764648435,62.839059066772464,63.02286125183105,0.01588008808745869,0.01624173850808707,1.5693875238603283,0.815111944477799,12164871.4
2021-08-26,62.884986877441406,63.639262454825385,62.55650626222185,63.541933209786976,13107992,63.68792724609375,61.814395904541016,63.89472961425781,63.9494930749116,62.81807303172254,65.59793891796654,62.38010555105127,61.04794857325637,63.45676299739891,62.87281530161595,62.37402044928134,63.99205883980213,-0.012607418758499356,-0.012687566613288705,0.013847315957202344,-0.01673918123374829,62.33387451171875,62.74964027404785,62.973489913940426,0.013052075612779398,0.0162058848379681,1.082756192603533,-0.6569463323455693,11317639.2
2021-08-27,64.53343963623047,64.56993996176604,63.20128948987251,63.20128948987251,12473178,62.884986877441406,61.68666076660156,64.6733627319336,63.639262454825385,62.93973580612082,65.1113294954767,62.55650626222185,61.29127277637068,63.70009994670547,63.541933209786976,61.48592383559793,64.18673133931954,0.026213772804020596,0.02587608060504705,-0.012607418758499356,-0.002066430255772689,63.068685913085936,62.825371170043944,62.99987823486328,0.015288502038295768,0.016255712802017017,1.368650471893531,1.3321501463579608,11771655.8
2021-08-30,63.985984802246094,64.75851798138021,63.74875501355,64.67943890213262,11469513,64.53343963623047,60.47615814208984,63.018821716308594,64.56993996176604,61.32776673181488,64.33272954416745,63.20128948987251,59.97736249656698,62.87282781929746,63.20128948987251,60.82896736176845,64.04074919919346,-0.008483273742579511,-0.008519461515136585,0.026213772804020596,-0.019623409817753013,63.58208084106445,62.96497344970703,63.03671295166016,0.017889239631088044,0.014831295884972237,1.0097629678302056,-0.6934540998865231,12137071.2
2021-08-31,64.11981964111328,64.69769438062808,63.54193745255122,63.83391775811551,17641256,63.985984802246094,60.85938262939453,61.193939208984375,64.75851798138021,61.23652416656312,65.21473734576166,63.74875501355,60.281507891762764,61.09053153940678,64.67943890213262,60.57957034344597,63.5541064140319,0.002091627397481144,0.002089442990343079,-0.008483273742579511,0.006336786248959392,63.842431640625,63.03644733428955,63.03635070800781,0.016011528050455612,0.013889252621972506,1.1557569280768618,0.28590188299777,13463873.2
2021-09-01,63.05530548095703,64.15631190096535,62.8119898035229,64.08939711005209,12789542,64.11981964111328,61.41901016235352,62.69034194946289,64.69769438062808,61.72923690432119,62.77550691955733,63.54193745255122,60.99320400486785,59.67930996165008,63.83391775811551,61.19394092735941,60.95063532363144,-0.016601951878755572,-0.016741308833149633,0.002091627397481144,0.00919541915774702,63.71590728759766,63.059258460998535,63.0302587890625,0.017178842120950544,0.014444603876497679,1.3443220974424506,-1.0340916290950588,13496296.2
2021-09-02,64.63687896728516,64.68553615417396,63.24997781283152,63.262142109553714,13633178,63.05530548095703,62.81806564331055,62.599082946777344,64.15631190096535,62.964052046838766,62.92756355115186,62.8119898035229,61.47374748507335,61.717067420055095,64.08939711005209,61.61365174254173,61.92996489410834,0.025082322165670412,0.02477292367332128,-0.016601951878755572,0.022778867279996673,64.0662857055664,63.15780239105224,63.063578338623046,0.019416772068109066,0.015460046102153884,1.4355583413424426,1.3747368577314418,13601333.4
2021-09-03,63.71834182739258,65.30597951894839,63.31078957888859,64.47870327946973,12225833,64.63687896728516,63.68792724609375,62.66600036621094,64.68553615417396,63.9494930749116,63.65142732266989,63.24997781283152,62.38010555105127,62.36185578402936,63.262142109553714,62.87281530161595,62.65383607273304,-0.014210728527865313,-0.014312667837503379,0.025082322165670412,0.013847315957202344,63.90326614379883,63.16479759216308,63.05907676696777,0.016982673053911917,0.015535139637796238,1.9951899400598023,-0.7603614520771487,13551864.4
2021-09-07,62.83022689819336,63.83390385880825,62.23410584720851,63.5662596489292,17639170,63.71834182739258,62.884986877441406,63.57843780517578,65.30597951894839,63.639262454825385,64.02857628237513,63.31078957888859,62.55650626222185,62.87281935391586,64.47870327946973,63.541933209786976,62.87281935391586,-0.01393813623720852,-0.014036184194775652,-0.014210728527865313,-0.012607418758499356,63.672114562988284,63.152022743225096,63.0348664855957,0.01763200068314841,0.015762284750869958,1.599798011599738,-0.7360327507358377,14785795.8
2021-09-08,62.39834976196289,63.706175134806536,61.08444596715962,62.6234189780157,19263203,62.83022689819336,64.53343963623047,63.085723876953125,63.83390385880825,64.56993996176604,63.42636882623478,62.23410584720851,63.20128948987251,62.06380020267966,63.5662596489292,63.20128948987251,62.99448049222208,-0.006873716005040942,-0.0068974488084590484,-0.01393813623720852,0.026213772804020596,63.3278205871582,63.045571899414064,63.02829689025879,0.017373214460180596,0.014861315019301902,2.6217291676469188,-0.22506921605280894,15110185.2
2021-09-09,62.83022689819336,63.82173956727659,62.112448033800646,62.26452030056048,15066205,62.39834976196289,63.985984802246094,64.5273666381836,63.706175134806536,64.75851798138021,64.67943892562008,61.08444596715962,63.74875501355,62.775492397106,62.6234189780157,64.67943890213262,63.14654430902302,0.006921290993719964,0.006897448808458992,-0.006873716005040942,-0.008483273742579511,63.28280487060547,62.96193256378174,63.01089973449707,0.016723252823037466,0.014981313518620403,1.709291533475941,0.5657065976328823,15565517.8
2021-09-10,62.04555130004883,63.23171525451548,61.91172543970248,62.830241398000126,15350467,62.83022689819336,64.11981964111328,64.50301361083984,63.82173956727659,64.69769438062808,64.6064286982915,62.112448033800646,63.54193745255122,63.15261354394696,62.26452030056048,63.83391775811551,64.6064286982915,-0.012488823244518499,-0.01256746403751185,0.006921290993719964,0.002091627397481144,62.764539337158205,62.82445945739746,62.94179794311523,0.00891386474572176,0.015121072509688232,1.319989814812999,-0.7846900979512981,15908975.6
2021-09-13,63.54191970825195,63.78524276914612,62.05769745559121,62.440921034062406,20038302,62.04555130004883,63.05530548095703,64.79501342773438,63.23171525451548,64.15631190096535,65.22690172062478,61.91172543970248,62.8119898035229,64.01640179568884,62.830241398000126,64.08939711005209,64.59427651062973,0.02411725541718157,0.023831027305203457,-0.012488823244518499,-0.016601951878755572,62.72925491333008,62.81046829223633,62.90067741394043,0.01601572002599243,0.015869157136375853,1.7275453135549128,1.1009986741895474,17471469.4
2021-09-14,61.06011962890625,63.59668782032104,60.87155072235361,63.590601948719645,25717763,63.54191970825195,64.63687896728516,63.82174301147461,63.78524276914612,64.68553615417396,64.85583448124714,62.05769745559121,63.24997781283152,63.61492769713852,62.440921034062406,63.262142109553714,64.78284127907241,-0.03905768177512903,-0.03984089447209956,0.02411725541718157,0.025082322165670412,62.37523345947265,62.72013759613037,62.82159980773926,0.023496362699066194,0.017848026583852105,2.7251370979674263,-2.5304823198133946,19087188.0
2021-09-15,62.142879486083984,62.33144840354387,61.24869207822116,61.3095210015646,13007192,61.06011962890625,63.71834182739258,62.86673355102539,63.59668782032104,65.30597951894839,63.44460822289105,60.87155072235361,63.31078957888859,62.19152963901644,63.590601948719645,64.47870327946973,63.40202947372075,0.01773268483190371,0.017577295072146417,-0.03905768177512903,-0.014210728527865313,62.32413940429687,62.73656177520752,62.807000961303714,0.025612141515293695,0.01794335242552405,1.0827563253227055,0.8333584845193869,17835985.8
2021-09-16,61.64407730102539,62.471349876297744,61.327768403708326,62.28278096733858,9601506,62.142879486083984,62.83022689819336,61.814395904541016,62.33144840354387,63.83390385880825,62.81807303172254,61.24869207822116,62.23410584720851,61.04794857325637,61.3095210015646,63.5662596489292,62.37402044928134,-0.00802669894256014,-0.008059086316072406,0.01773268483190371,-0.01393813623720852,62.086909484863284,62.73443260192871,62.776586837768555,0.025392756902662125,0.018036048370638,1.1435814725894176,-0.6387036663131909,16743046.0
2021-09-17,61.1148681640625,61.960390918916985,60.908049085788754,61.52850259608626,17203387,61.64407730102539,62.39834976196289,61.68666076660156,62.471349876297744,63.706175134806536,62.93973580612082,61.327768403708326,61.08444596715962,61.29127277637068,62.28278096733858,62.6234189780157,61.48592383559793,-0.008584914563302015,-0.008621977214579303,-0.00802669894256014,-0.006873716005040942,61.90077285766601,62.76636810302735,62.74629417419433,0.025107401125597173,0.017562754532096485,1.0523418331282315,-0.4136344320237626,17113630.0
2021-09-20,60.71338272094727,60.74988304655129,59.16832766265208,59.91652474516618,16217539,61.1148681640625,62.83022689819336,60.47615814208984,61.960390918916985,63.82173956727659,61.32776673181488,60.908049085788754,62.112448033800646,59.97736249656698,61.52850259608626,62.26452030056048,60.82896736176845,-0.006569357918558283,-0.006591031121788289,-0.008584914563302015,0.006921290993719964,61.33506546020508,62.75906810760498,62.67974700927734,0.02015613734301726,0.017580762186873208,1.5815553838992074,0.7968579757810943,16349477.4
2021-09-21,58.89459228515625,60.8228707931508,58.52353671248938,60.76812403417835,25342171,60.71338272094727,62.04555130004883,60.85938262939453,60.74988304655129,63.23171525451548,61.23652416656312,59.16832766265208,61.91172543970248,60.281507891762764,59.91652474516618,62.830241398000126,60.57957034344597,-0.02995699389952633,-0.03041487228147286,-0.006569357918558283,-0.012488823244518499,60.90195999145508,62.632847213745116,62.581690292358395,0.01690005869025045,0.018653215878744262,2.299334080661417,-1.8735317490220993,16274359.0
2021-09-22,59.94086837768555,60.238930837780536,59.40557237896297,59.41165452620496,18002884,58.89459228515625,63.54191970825195,61.41901016235352,60.8228707931508,63.78524276914612,61.72923690432119,58.52353671248938,62.05769745559121,60.99320400486785,60.76812403417835,62.440921034062406,61.19394092735941,0.017765231949708138,0.017609274586877298,-0.02995699389952633,0.02411725541718157,60.46155776977539,62.488987350463866,62.52597106933594,0.016912007671222803,0.018334633179799636,0.833358458817564,0.5292138514805842,17273497.4
2021-09-23,62.62950134277344,63.3107911803049,60.53698955334676,60.54307170021254,18620844,59.94086837768555,61.06011962890625,62.81806564331055,60.238930837780536,63.59668782032104,62.964052046838766,59.40557237896297,60.87155072235361,61.47374748507335,59.41165452620496,63.590601948719645,61.61365174254173,0.04485475499198466,0.04387788531841605,0.017765231949708138,-0.03905768177512903,60.658642578125,62.43606605529785,62.53181060791016,0.028637912622534522,0.02089374671221393,2.7738016269581465,2.086429642560894,19077365.0
2021-09-24,63.18956756591797,63.43307244214935,62.459052937223845,62.49557792317461,10528608,62.62950134277344,62.142879486083984,63.68792724609375,63.3107911803049,62.33144840354387,63.9494930749116,60.53698955334676,61.24869207822116,62.38010555105127,60.54307170021254,61.3095210015646,62.87281530161595,0.008942530455084974,0.008902782816841905,0.04485475499198466,0.01773268483190371,61.07358245849609,62.45129508972168,62.553717880249025,0.027850461081573102,0.02079906864342584,0.9740195049255078,0.693989642743361,17742409.2
2021-09-27,64.13314056396484,64.72972892358459,63.54872595559478,63.64613087526929,12971559,63.18956756591797,61.64407730102539,62.884986877441406,63.43307244214935,62.471349876297744,63.639262454825385,62.459052937223845,61.327768403708326,62.55650626222185,62.49557792317461,62.28278096733858,63.541933209786976,0.014932417397263587,0.014822026431887535,0.008942530455084974,-0.00802669894256014,61.75753402709961,62.4312801361084,62.614935150146486,0.026872905421920945,0.0202080611447472,1.181002967989805,0.48700968869555084,17093213.2
2021-09-28,64.3644790649414,64.9854149985257,63.75571688400792,64.09661923242706,20146646,64.13314056396484,61.1148681640625,64.53343963623047,64.72972892358459,61.960390918916985,64.56993996176604,63.54872595559478,60.908049085788754,63.20128948987251,63.64613087526929,61.52850259608626,63.20128948987251,0.0036071600258813508,0.0036006698269301254,0.014932417397263587,-0.008584914563302015,62.85151138305664,62.450204849243164,62.73430847167969,0.015967408659115265,0.020125304279927758,1.229698114517781,0.26785983251434686,16054108.2
2021-09-29,64.69930267333984,65.1376099825122,64.10879735372333,64.52884776009508,11876404,64.3644790649414,60.71338272094727,63.985984802246094,64.9854149985257,60.74988304655129,64.75851798138021,63.75571688400792,59.16832766265208,63.74875501355,64.09661923242706,59.91652474516618,64.67943890213262,0.005201993603655364,0.005188509975877875,0.0036071600258813508,-0.006569357918558283,63.8031982421875,62.479179000854494,62.79224998474121,0.016974337055588398,0.02015035944410904,1.0288126287888701,0.17045491324476814,14828812.2
2021-09-30,62.7208251953125,65.19239533536688,62.6721227267493,64.74800487868221,14356273,64.69930267333984,58.89459228515625,64.11981964111328,65.1376099825122,60.8228707931508,64.69769438062808,64.10879735372333,58.52353671248938,63.54193745255122,64.52884776009508,60.76812403417835,63.83391775811551,-0.030579579628801756,-0.031056890833782706,0.005201993603655364,-0.02995699389952633,63.82146301269531,62.46245498657227,62.77363815307617,0.01786926949401683,0.02100423423240171,2.5202726086175815,-2.0271796833697096,13975898.0
2021-10-01,64.41926574707031,64.76625870498611,63.11042703636867,63.42089873572671,12992425,62.7208251953125,59.94086837768555,63.05530548095703,65.19239533536688,60.238930837780536,64.15631190096535,62.6721227267493,59.40557237896297,62.8119898035229,64.74800487868221,59.41165452620496,64.08939711005209,0.027079371906681304,0.02671921316618967,-0.030579579628801756,0.017765231949708138,64.06740264892578,62.45157432556152,62.825978927612304,0.02150296459606822,0.02113437560251808,1.655831668617445,0.9983670113436034,14468661.4
2021-10-04,63.85920333862305,65.18630635025201,63.67657468899078,64.16358442134349,12288913,64.41926574707031,62.62950134277344,64.63687896728516,64.76625870498611,63.3107911803049,64.68553615417396,63.11042703636867,60.53698955334676,63.24997781283152,63.42089873572671,60.54307170021254,63.262142109553714,-0.008694020367233657,-0.008732033849336395,0.027079371906681304,0.04485475499198466,64.01261520385742,62.45861740112305,62.866145095825196,0.021105506736190518,0.02097393797278428,1.5097316612612275,-0.3043810827204396,14332132.2
2021-10-05,63.85920333862305,64.52884172060803,63.15912684836603,63.956600812190096,9208740,63.85920333862305,63.18956756591797,63.71834182739258,65.18630635025201,63.43307244214935,65.30597951894839,63.67657468899078,62.459052937223845,63.31078957888859,64.16358442134349,62.49557792317461,64.47870327946973,0.0,0.0,-0.008694020367233657,0.008942530455084974,63.91156005859375,62.510066223144534,62.88587272644043,0.02098375283470714,0.0207051112501978,1.3697148722419996,-0.09739747356704953,12144551.0
2021-10-06,63.512203216552734,63.566988823314375,62.130311020744415,63.11650785374131,11257962,63.85920333862305,64.13314056396484,62.83022689819336,64.52884172060803,64.72972892358459,63.83390385880825,63.15912684836603,63.54872595559478,62.23410584720851,63.956600812190096,63.64613087526929,63.5662596489292,-0.005433831052202298,-0.005448648011766757,0.0,0.014932417397263587,63.67414016723633,62.565758895874026,62.883088455200195,0.02068432914892748,0.020678719834634353,1.4366778025699602,0.3956953628114235,12020862.6
2021-10-07,64.23052978515625,64.85146549551345,63.51218917893112,63.822653306691386,10684302,63.512203216552734,64.3644790649414,62.39834976196289,63.566988823314375,64.9854149985257,63.706175134806536,62.130311020744415,63.75571688400792,61.08444596715962,63.11650785374131,64.09661923242706,62.6234189780157,0.011310055898301918,0.011246575412892314,-0.005433831052202298,0.0036071600258813508,63.97608108520508,62.63577404022217,62.889804458618165,0.014565347915433244,0.02076697591134206,1.3392763165823283,0.4078764784648641,11286468.4
2021-10-08,63.7496223449707,64.66276556000221,63.713101089272776,64.14531773815102,6859525,64.23052978515625,64.69930267333984,62.83022689819336,64.85146549551345,65.1376099825122,63.82173956727659,63.51218917893112,64.10879735372333,62.112448033800646,63.822653306691386,64.52884776009508,62.26452030056048,-0.0074872096150245815,-0.0075153794660701235,0.011310055898301918,0.005201993603655364,63.84215240478515,62.72097759246826,62.871329650878906,0.008183054993712878,0.020621699453870577,0.9496644707294379,-0.39569539318031843,10059888.4
2021-10-11,63.36001586914063,64.38273773372892,63.29304905321809,63.822670612875285,6615872,63.7496223449707,62.7208251953125,62.04555130004883,64.66276556000221,65.19239533536688,63.23171525451548,63.713101089272776,62.6721227267493,61.91172543970248,64.14531773815102,64.74800487868221,62.830241398000126,-0.006111510335257808,-0.006130262054468359,-0.0074872096150245815,-0.030579579628801756,63.74231491088867,62.71188240051271,62.878153533935546,0.007728605381908046,0.019978971970125672,1.0896886805108252,-0.4626547437346531,8925280.2
2021-10-12,62.53210067749024,63.3356652494084,61.82593730710464,63.04345791739111,13722903,63.36001586914063,64.41926574707031,63.54191970825195,64.38273773372892,64.76625870498611,63.78524276914612,63.29304905321809,63.11042703636867,62.05769745559121,63.822670612875285,63.42089873572671,62.440921034062406,-0.013066840029843263,-0.013152962236762922,-0.006111510335257808,0.027079371906681304,63.47689437866211,62.78548145294191,62.904916763305664,0.009153629990697711,0.018054140956044056,1.509727942303762,-0.5113572399008675,9828112.8
2021-10-13,62.31294250488281,62.82430343496864,61.59460170697423,62.21553758302316,12065484,62.53210067749024,63.85920333862305,61.06011962890625,63.3356652494084,65.18630635025201,63.59668782032104,61.82593730710464,63.67657468899078,60.87155072235361,63.04345791739111,64.16358442134349,63.590601948719645,-0.0035047306940436673,-0.003510886650183516,-0.013066840029843263,-0.008694020367233657,63.23704223632812,62.793984603881846,62.89736877441406,0.009127020122459169,0.017659845570817703,1.22970172799441,0.09740492185964911,9989617.2
2021-10-14,62.54427337646485,63.09824992272614,62.31903286875079,62.787778239904696,9853826,62.31294250488281,63.85920333862305,62.142879486083984,62.82430343496864,64.52884172060803,62.33144840354387,61.59460170697423,63.15912684836603,61.24869207822116,62.21553758302316,63.956600812190096,61.3095210015646,0.003712404875823472,0.0037055309082235895,-0.0035047306940436673,0.0,62.89979095458985,62.83899440765382,62.896272583007814,0.006128056742943228,0.017563915205567243,0.7792170539753513,-0.24350486343984556,9823522.0
2021-10-15,63.56090545654297,64.46796555669388,62.81821710506661,63.09825068333369,9069257,62.54427337646485,63.512203216552734,61.64407730102539,63.09824992272614,63.566988823314375,62.471349876297744,62.31903286875079,62.130311020744415,61.327768403708326,62.787778239904696,63.11650785374131,62.28278096733858,0.016254598945595333,0.016123907277363552,0.003712404875823472,-0.005433831052202298,62.862047576904295,62.96129627227784,62.91417068481445,0.011145565552195669,0.017737456016218768,1.649748451627275,0.4626547732092803,10265468.4
2021-10-18,63.384368896484375,63.65831187757936,62.72690425088855,63.11651651912724,6653913,63.56090545654297,64.23052978515625,61.1148681640625,64.46796555669388,64.85146549551345,61.960390918916985,62.81821710506661,63.51218917893112,60.908049085788754,63.09825068333369,63.822653306691386,61.52850259608626,-0.0027774393519187646,-0.00278130359338497,0.016254598945595333,0.011310055898301918,62.86691818237305,63.0948455810547,62.91028930664063,0.010824245568942924,0.01765986386932887,0.931407626690806,0.2678523773571371,10273076.6
2021-10-19,63.7557258605957,63.90182582265437,63.0556492539538,63.66441152059893,6767714,63.384368896484375,63.7496223449707,60.71338272094727,63.65831187757936,64.66276556000221,60.74988304655129,62.72690425088855,63.713101089272776,59.16832766265208,63.11651651912724,64.14531773815102,59.91652474516618,0.005858809838712897,0.0058417137549850815,-0.0027774393519187646,-0.0074872096150245815,63.11164321899414,63.33790225982667,62.92368934631347,0.00799884515130462,0.015949566409775788,0.8461765687005638,0.09131433999677085,8882038.8
2021-10-20,64.52883911132812,64.54101286317686,63.23217426040298,63.7678864352968,9803748,63.7557258605957,63.36001586914063,58.89459228515625,63.90182582265437,64.38273773372892,60.8228707931508,63.0556492539538,63.29304905321809,58.52353671248938,63.66441152059893,63.822670612875285,60.76812403417835,0.012126177536161409,0.01205324445304236,0.005858809838712897,-0.006111510335257808,63.554822540283205,63.5673007965088,62.92371879577637,0.007409927818001117,0.015743668942184753,1.308838602773882,0.760952676031323,8429691.6
2021-10-21,62.79387283325195,64.76625937050154,62.7086416527291,64.38274515008713,11588129,64.52883911132812,62.53210067749024,59.94086837768555,64.54101286317686,63.3356652494084,60.238930837780536,63.23217426040298,61.82593730710464,59.40557237896297,63.7678864352968,63.04345791739111,59.41165452620496,-0.026886680466743362,-0.027254739514587987,0.012126177536161409,-0.013066840029843263,63.604742431640624,63.575519371032726,62.88953598022461,0.017117261743480997,0.013973380518194795,2.0576177177724446,-1.5888723168351788,8776552.2
2021-10-22,63.34176254272461,63.62178869706779,62.42861919300556,62.73300030957857,8595273,62.79387283325195,62.31294250488281,62.62950134277344,64.76625937050154,62.82430343496864,63.3107911803049,62.7086416527291,61.59460170697423,60.53698955334676,64.38274515008713,62.21553758302316,60.54307170021254,0.008725209717953986,0.008687365051424548,-0.026886680466743362,-0.0035047306940436673,63.56091384887695,63.58312911987306,62.86047096252442,0.015703198264742722,0.013966326817945,1.193169504062233,0.6087622331460381,8681755.4
2021-10-25,64.10271453857422,64.52275749229581,62.903454445128624,63.09216626215779,10427005,63.34176254272461,62.54427337646485,63.18956756591797,63.62178869706779,63.09824992272614,63.43307244214935,62.42861919300556,62.31903286875079,62.459052937223845,62.73300030957857,62.787778239904696,62.49557792317461,0.012013432612272723,0.011941844109469206,0.008725209717953986,0.003712404875823472,63.70458297729492,63.581607818603516,62.86609039306641,0.01655817468188337,0.013818889064554607,1.619303047167186,1.0105482764164293,9436373.8
2021-10-26,65.40545654296875,67.5543959421808,64.05400602074702,64.38274206442638,18781193,64.10271453857422,63.56090545654297,64.13314056396484,64.52275749229581,64.46796555669388,64.72972892358459,62.903454445128624,62.81821710506661,63.54872595559478,63.09216626215779,63.09825068333369,63.64613087526929,0.020322727575141863,0.020118976835859528,0.012013432612272723,0.016254598945595333,64.03452911376954,63.633656692504886,62.91686485290527,0.018473330447428077,0.014531365597010692,3.5003899214337793,1.022714478542369,11839069.6
2021-10-27,63.220001220703125,65.91681902590452,63.12259629513834,65.6733141668315,14420637,65.40545654296875,63.384368896484375,64.3644790649414,67.5543959421808,63.65831187757936,64.9854149985257,64.05400602074702,62.72690425088855,63.75571688400792,64.38274206442638,63.11651651912724,64.09661923242706,-0.03341396020727827,-0.03398496226522538,0.020322727575141863,-0.0027774393519187646,63.772761535644534,63.55969161987305,62.94497695922851,0.024488882779527422,0.01637821934673604,2.7942227307661796,-2.453312946128378,12762447.4
2021-10-28,64.07836151123047,64.15141148104023,62.763432235297934,62.93997028357477,9487384,63.220001220703125,63.7557258605957,64.69930267333984,65.91681902590452,63.90182582265437,65.1376099825122,63.12259629513834,63.0556492539538,64.10879735372333,65.6733141668315,63.66441152059893,64.52884776009508,0.013577353273543702,0.013486006911674224,-0.03341396020727827,0.005858809838712897,64.02965927124023,63.62756843566895,62.99281097412109,0.02147209962866398,0.015112165205553077,1.3879792457422937,1.1383912276556956,12342298.4
2021-10-29,63.84095001220703,64.06619056136613,63.38437830924652,63.88965248482424,9018536,64.07836151123047,64.52883911132812,62.7208251953125,64.15141148104023,64.54101286317686,65.19239533536688,62.763432235297934,63.23217426040298,62.6721227267493,62.93997028357477,63.7678864352968,64.74800487868221,-0.003705018253031156,-0.0037118988335340347,0.013577353273543702,0.012126177536161409,64.12949676513672,63.59865264892578,63.06010681152344,0.021543162888437394,0.013850493585662087,0.6818122521196059,-0.04870247261720806,12426951.0
2021-11-01,64.6688461303711,64.99757465484655,64.09052218390812,64.38272945835169,7844250,63.84095001220703,62.79387283325195,64.41926574707031,64.06619056136613,64.76625937050154,64.76625870498611,63.38437830924652,62.7086416527291,63.11042703636867,63.88965248482424,64.38274515008713,63.42089873572671,0.012968104610062259,0.012884738699835037,-0.003705018253031156,-0.026886680466743362,64.24272308349609,63.63913478851318,63.136296081542966,0.021660678687166823,0.014010456747008434,0.9070524709384244,0.2861166720194035,11910400.0
2021-11-02,64.94891357421875,65.22285667073685,64.10273676913316,64.73584672137133,7192101,64.6688461303711,63.34176254272461,63.85920333862305,64.99757465484655,63.62178869706779,65.18630635025201,64.09052218390812,62.42861919300556,63.67657468899078,64.38272945835169,62.73300030957857,64.16358442134349,0.0043307938923642375,0.004321442992653659,0.012968104610062259,0.008725209717953986,64.15141448974609,63.69362030029297,63.206894149780275,0.019324192121069696,0.014032127324254164,1.1201199016036867,0.21306685284741889,9592581.6
2021-11-03,64.51058197021484,64.73582249654051,63.81050542997798,64.62625126280997,6599661,64.94891357421875,64.10271453857422,63.85920333862305,65.22285667073685,64.52275749229581,64.52884172060803,64.10273676913316,62.903454445128624,63.15912684836603,64.73584672137133,63.09216626215779,63.956600812190096,-0.006748867377173506,-0.006771743968092491,0.0043307938923642375,0.012013432612272723,64.40953063964844,63.74353923797607,63.24074447631836,0.009315736661180893,0.014066607487482402,0.9253170665625277,-0.11566929259512904,8028386.4
2021-11-04,64.04792785644531,64.77235191093038,63.48786065433207,64.44970644575812,7505094,64.51058197021484,65.40545654296875,63.512203216552734,64.73582249654051,67.5543959421808,63.566988823314375,63.81050542997798,64.05400602074702,62.130311020744415,64.62625126280997,64.38274206442638,63.11650785374131,-0.007171755387095136,-0.007197596047480283,-0.006748867377173506,0.020322727575141863,64.4034439086914,63.734409141540525,63.24794448852539,0.008625755144387891,0.013951600000493164,1.284491256598315,-0.4017785893128121,7631928.4
2021-11-05,66.19685363769531,66.75082272790237,65.04628868756238,65.09499115111133,12202399,64.04792785644531,63.220001220703125,64.23052978515625,64.77235191093038,65.91681902590452,64.85146549551345,63.48786065433207,63.12259629513834,63.51218917893112,64.44970644575812,65.6733141668315,63.822653306691386,0.03355183927365335,0.03300125783063421,-0.007171755387095136,-0.03341396020727827,64.87462463378907,63.85677070617676,63.31418182373047,0.016858736895231752,0.015707512487331793,1.7045340403399933,1.1018624865839826,8268701.0
2021-11-08,66.00204467773438,67.15260964345585,65.94116846118317,66.59863309090413,8305554,66.19685363769531,64.07836151123047,63.7496223449707,66.75082272790237,64.15141148104023,64.66276556000221,65.04628868756238,62.763432235297934,63.713101089272776,65.09499115111133,62.93997028357477,64.14531773815102,-0.0029428734034272486,-0.002947212169745716,0.03355183927365335,0.013577353273543702,65.14126434326172,63.98887214660645,63.343553924560545,0.017042319827622887,0.01563718424343701,1.2114411822726794,-0.596588413169755,8360961.8
2021-11-09,67.74920654296875,70.71996777375686,67.25610614520191,69.84334567270918,40325875,66.00204467773438,63.84095001220703,63.36001586914063,67.15260964345585,64.06619056136613,64.38273773372892,65.94116846118317,63.38437830924652,63.29304905321809,66.59863309090413,63.88965248482424,63.822670612875285,0.026471329392372178,0.02612702663610423,-0.0029428734034272486,-0.003705018253031156,65.70132293701172,64.24972743988037,63.418818359375,0.019745553439239862,0.016103019911623544,3.4638616285549517,-2.0941391297404266,14987716.6
2021-11-10,66.33079528808594,68.59538955019067,65.81334733375476,68.48581084536414,13952431,67.74920654296875,64.6688461303711,62.53210067749024,70.71996777375686,64.99757465484655,63.3356652494084,67.25610614520191,64.09052218390812,61.82593730710464,69.84334567270918,64.38272945835169,63.04345791739111,-0.020936204676924253,-0.021158474812612967,0.026471329392372178,0.012968104610062259,66.06536560058593,64.45062007904053,63.46303787231445,0.023221741981103338,0.01698598785902441,2.7820422164359115,-2.1550155572782046,16458270.6
2021-11-11,65.13760375976562,66.72038538684338,65.00367757459611,66.08118511436966,8848557,66.33079528808594,64.94891357421875,62.31294250488281,68.59538955019067,65.22285667073685,62.82430343496864,65.81334733375476,64.10273676913316,61.59460170697423,68.48581084536414,64.73584672137133,62.21553758302316,-0.017988500260521234,-0.018152260167238095,-0.020936204676924253,0.0043307938923642375,66.28330078125,64.58028659820556,63.504683837890624,0.025155036365502436,0.017636656787216258,1.7167078122472645,-0.943581354604035,16726963.2
2021-11-12,65.49676513671875,65.70374872866478,64.80886991082932,65.38110331683606,12240118,65.13760375976562,64.51058197021484,62.54427337646485,66.72038538684338,64.73582249654051,63.09824992272614,65.00367757459611,63.81050542997798,62.31903286875079,66.08118511436966,64.62625126280997,62.787778239904696,0.0055138868521744655,0.005498741027467188,-0.017988500260521234,-0.006748867377173506,66.14328308105469,64.67707958221436,63.521881561279294,0.019249502095267892,0.017346719911836686,0.8948788178354619,0.11566181988268909,16734507.0
2021-11-15,64.93672180175781,66.15424633740687,64.65060502684835,65.76464146793533,9831034,65.49676513671875,64.04792785644531,63.56090545654297,65.70374872866478,64.77235191093038,64.46796555669388,64.80886991082932,63.48786065433207,62.81821710506661,65.38110331683606,64.44970644575812,63.09825068333369,-0.008550702218527828,-0.008587469211846353,0.0055138868521744655,-0.007171755387095136,65.93021850585937,64.75469722747803,63.5462491607666,0.01948185271894283,0.017471761082136876,1.5036413105585211,-0.8279196661775217,17039603.0
2021-11-16,62.91561508178711,64.656677665929,62.59296967852242,64.62014895807324,19257424,64.93672180175781,66.19685363769531,63.384368896484375,66.15424633740687,66.75082272790237,63.65831187757936,64.65060502684835,65.04628868756238,62.72690425088855,65.76464146793533,65.09499115111133,63.11651651912724,-0.031124249329075204,-0.0316188995946182,-0.008550702218527828,0.03355183927365335,64.96350021362305,64.7126916885376,63.54795692443847,0.013836918156492394,0.01887113100754386,2.0637079874065734,-1.7045338762861348,12825912.8
2021-11-17,62.087703704833984,63.23826869357707,61.74071075451692,63.128690010624496,13334471,62.91561508178711,66.00204467773438,63.7557258605957,64.656677665929,67.15260964345585,63.90182582265437,62.59296967852242,65.94116846118317,63.0556492539538,64.62014895807324,66.59863309090413,63.66441152059893,-0.01315907626233781,-0.013246424029906358,-0.031124249329075204,-0.0029428734034272486,64.11488189697266,64.59063491821288,63.5417440032959,0.013378528124311142,0.018828129359946925,1.497557939060151,-1.0409863057905113,12702320.8
2021-11-18,61.284141540527344,61.97204059202429,60.377085114473694,61.746800068354105,13692888,62.087703704833984,67.74920654296875,64.52883911132812,63.23826869357707,70.71996777375686,64.54101286317686,61.74071075451692,67.25610614520191,63.23217426040298,63.128690010624496,69.84334567270918,63.7678864352968,-0.012942372101999333,-0.01302685432504029,-0.01315907626233781,0.026471329392372178,63.344189453125,64.51514835357666,63.51082229614258,0.013101417295429255,0.018092421489821042,1.5949554775505987,-0.4626585278267612,13671187.0
2021-11-19,60.85190963745117,61.3267455852282,60.45012738101948,60.75450844307672,10598911,61.284141540527344,66.33079528808594,62.79387283325195,61.97204059202429,68.59538955019067,64.76625937050154,60.377085114473694,65.81334733375476,62.7086416527291,61.746800068354105,68.48581084536414,64.38274515008713,-0.007052916010748644,-0.007077905390862026,-0.012942372101999333,-0.020936204676924253,62.415218353271484,64.39065570831299,63.48694946289063,0.00963614888238952,0.017986956964960547,0.8766182042087252,0.09740119437444861,13342945.6
2021-11-22,61.50937271118164,62.07552296366557,61.04671425370599,61.1623797999297,9962170,60.85190963745117,65.13760375976562,63.34176254272461,61.3267455852282,66.72038538684338,63.62178869706779,60.45012738101948,65.00367757459611,62.42861919300556,60.75450844307672,66.08118511436966,62.73300030957857,0.010804312923744952,0.010746363364652104,-0.007052916010748644,-0.017988500260521234,61.72974853515625,64.26098861694337,63.44629852294922,0.015032978856675865,0.017939880798249694,1.028808709959577,0.3469929112519381,13369172.8
2021-11-23,62.14249038696289,62.22163095764405,61.57634009496871,61.959861741470505,9648856,61.50937271118164,65.49676513671875,64.10271453857422,62.07552296366557,65.70374872866478,64.52275749229581,61.04671425370599,64.80886991082932,62.903454445128624,61.1623797999297,65.38110331683606,63.09216626215779,0.010293027678140554,0.010240415188639112,0.010804312923744952,0.0055138868521744655,61.5751235961914,64.09784030914307,63.467945938110354,0.012083202597438308,0.01741829190804095,0.6452908626753455,0.182628645492386,11447459.2
2021-11-24,62.23381042480469,62.28859976896776,61.67375068483074,62.00856989898078,8943739,62.14249038696289,64.93672180175781,65.40545654296875,62.22163095764405,66.15424633740687,67.5543959421808,61.57634009496871,64.65060502684835,64.05400602074702,61.959861741470505,65.76464146793533,64.38274206442638,0.0014695265232071986,0.0014684478257596873,0.010293027678140554,-0.008550702218527828,61.60434494018555,64.04853076934815,63.46976455688477,0.01049720344779388,0.01582402142560197,0.6148490841370133,0.22524052582390652,10569312.8
2021-11-26,59.56134033203125,59.71961775185624,58.14292297502584,58.842999475430645,13815999,62.23381042480469,62.91561508178711,63.220001220703125,62.28859976896776,64.656677665929,65.91681902590452,61.67375068483074,62.59296967852242,63.12259629513834,62.00856989898078,64.62014895807324,65.6733141668315,-0.04294241465420967,-0.04389171656437109,0.0014695265232071986,-0.031124249329075204,61.25978469848633,63.822679710388186,63.42810981750488,0.02218202866566071,0.01803821230437853,1.5766947768304007,0.7183408566006051,10593935.0
2021-11-29,59.902252197265625,61.13804102150432,58.94649325478655,60.43187757654792,15692352,59.56134033203125,62.087703704833984,64.07836151123047,59.71961775185624,63.23826869357707,64.15141148104023,58.14292297502584,61.74071075451692,62.763432235297934,58.842999475430645,63.128690010624496,62.93997028357477,0.00572371043589559,0.005707392242783844,-0.04294241465420967,-0.01315907626233781,61.06985321044922,63.62574481964111,63.40385749816895,0.022686536074213528,0.018155214880929287,2.1915477667177683,-0.5296253792822938,11612623.2
2021-11-30,57.82636260986328,59.31174674178599,57.50980778005648,58.83082016616731,18313148,59.902252197265625,61.284141540527344,63.84095001220703,61.13804102150432,61.97204059202429,64.06619056136613,58.94649325478655,60.377085114473694,63.38437830924652,60.43187757654792,61.746800068354105,63.88965248482424,-0.034654616667269544,-0.035269331488366334,0.00572371043589559,-0.012942372101999333,60.33325119018555,63.28362064361572,63.346117095947264,0.0248153146592759,0.019048689640365185,1.8019389617295118,-1.0044575563040254,13282818.8
2021-12-01,56.61493682861328,58.98302657320931,56.578411837258905,58.77604665230747,13895451,57.82636260986328,60.85190963745117,64.6688461303711,59.31174674178599,61.3267455852282,64.99757465484655,57.50980778005648,60.45012738101948,64.09052218390812,58.83082016616731,60.75450844307672,64.38272945835169,-0.020949368533226265,-0.02117192025392335,-0.034654616667269544,-0.007052916010748644,59.22774047851563,62.86692180633545,63.30052398681641,0.02150412617255513,0.01920690291059419,2.4046147359504033,-2.16110982369419,14132137.8
2021-12-02,57.972469329833984,58.30728853292551,56.49926259977943,57.34544278580378,9782400,56.61493682861328,61.50937271118164,64.94891357421875,58.98302657320931,62.07552296366557,65.22285667073685,56.578411837258905,61.04671425370599,64.10273676913316,58.77604665230747,61.1623797999297,64.73584672137133,0.023978345243593102,0.02369537917065676,-0.020949368533226265,0.010804312923744952,58.37547225952149,62.540016174316406,63.26115600585938,0.028034276481756125,0.02039234667215007,1.8080259331460837,0.6270265440302012,14299870.0
2021-12-03,56.474910736083984,58.04551854944203,55.841797364520296,57.91158864208888,12973646,57.972469329833984,62.14249038696289,64.51058197021484,58.30728853292551,62.22163095764405,64.73582249654051,56.49926259977943,61.57634009496871,63.81050542997798,57.34544278580378,61.959861741470505,64.62625126280997,-0.02583223745791563,-0.026171749368384626,0.023978345243593102,0.010293027678140554,57.75818634033203,62.16136531829834,63.13806419372558,0.024390367389364825,0.02091095723479022,2.203721184921733,-1.4366779060048955,14131399.4
2021-12-06,58.44730758666992,58.98301982329573,56.76103402581767,57.13237822902836,10721861,56.474910736083984,62.23381042480469,64.04792785644531,58.04551854944203,62.28859976896776,64.77235191093038,55.841797364520296,61.67375068483074,63.48786065433207,57.91158864208888,62.00856989898078,64.44970644575812,0.0349251875722878,0.03432914156597142,-0.02583223745791563,0.0014695265232071986,57.46719741821289,61.77388801574707,63.043218994140624,0.03162399538187318,0.021049687526784287,2.2219857974780552,1.3149293576415602,13137301.2
2021-12-07,59.3847885131836,59.859624419776566,58.62383592404038,58.80646454543475,8104115,58.44730758666992,59.56134033203125,66.19685363769531,58.98301982329573,59.71961775185624,66.75082272790237,56.76103402581767,58.14292297502584,65.04628868756238,57.13237822902836,58.842999475430645,65.09499115111133,0.016039762398353696,0.01591248460934038,0.0349251875722878,-0.04294241465420967,57.778882598876955,61.44302520751953,62.948251953125,0.027384156602949787,0.021614917612642327,1.2357884957361875,0.578323967748851,11095494.6
2021-12-08,59.829200744628906,60.2309830631066,59.03780613364813,59.38480283443061,7635106,59.3847885131836,59.902252197265625,66.00204467773438,59.859624419776566,61.13804102150432,67.15260964345585,58.62383592404038,58.94649325478655,65.94116846118317,58.80646454543475,60.43187757654792,66.59863309090413,0.007483603841523134,0.0074557406035697825,0.016039762398353696,0.00572371043589559,58.42173538208008,61.04702491760254,62.85754638671875,0.023101522783358894,0.020548431941275404,1.1931769294584669,0.44439791019829755,9843425.6
2021-12-09,59.55524826049805,59.77440561976761,59.04997790476321,59.5187232764263,6527432,59.829200744628906,57.82636260986328,67.74920654296875,60.2309830631066,59.31174674178599,70.71996777375686,59.03780613364813,57.50980778005648,67.25610614520191,59.38480283443061,58.83082016616731,69.84334567270918,-0.0045789093071822995,-0.004589424623803008,0.007483603841523134,-0.034654616667269544,58.73829116821289,60.70824756622314,62.754665298461916,0.022716176477088578,0.020245743967958606,0.7244277150044027,0.03652498407174676,9192432.0
2021-12-10,59.0195426940918,59.99964907313176,58.71516159951916,59.71353233520136,6863859,59.55524826049805,56.61493682861328,66.33079528808594,59.77440561976761,58.98302657320931,68.59538955019067,59.04997790476321,56.578411837258905,65.81334733375476,59.5187232764263,58.77604665230747,68.48581084536414,-0.008995102565319546,-0.009035802752472828,-0.0045789093071822995,-0.020949368533226265,59.24721755981445,60.40234451293945,62.6806396484375,0.017551213697042996,0.02004510142605456,1.2844874736126002,-0.6939896411095603,7970474.6
2021-12-13,56.69406509399414,58.684719555485614,56.505349573495664,58.42295034073584,11843339,59.0195426940918,57.972469329833984,65.13760375976562,59.99964907313176,58.30728853292551,66.72038538684338,58.71516159951916,56.49926259977943,65.00367757459611,59.71353233520136,57.34544278580378,66.08118511436966,-0.03940182342908005,-0.040199087972119574,-0.008995102565319546,0.023978345243593102,58.896569061279294,59.96220951080322,62.52613563537598,0.021178826027584537,0.021313283082371477,2.17936998198995,-1.7288852467416973,8194770.2
2021-12-14,56.07312774658203,57.26021771152103,55.83570975359423,56.46273628284155,11654259,56.69406509399414,56.474910736083984,65.49676513671875,58.684719555485614,58.04551854944203,65.70374872866478,56.505349573495664,55.841797364520296,64.80886991082932,58.42295034073584,57.91158864208888,65.38110331683606,-0.010952422381119487,-0.011012841722909398,-0.03940182342908005,-0.02583223745791563,58.23423690795899,59.519029808044436,62.370414123535156,0.01727094426458515,0.02132939830436681,1.4245079579267994,-0.38960853625951586,8904799.0
2021-12-15,56.05487060546875,56.25575989863459,54.89821867721941,56.14009806048752,12350388,56.07312774658203,58.44730758666992,64.93672180175781,57.26021771152103,58.98301982329573,66.15424633740687,55.83570975359423,56.76103402581767,64.65060502684835,56.46273628284155,57.13237822902836,65.76464146793533,-0.0003255951976817162,-0.00032564821530659454,-0.010952422381119487,0.0349251875722878,57.47937088012695,59.17599258422852,62.21432746887207,0.015400746868194617,0.02060252298660864,1.3575412214151754,-0.08522745501876727,9847855.4
2021-12-16,56.328800201416016,57.4306587956747,56.12790722861693,56.32271332623825,11440140,56.05487060546875,59.3847885131836,62.91561508178711,56.25575989863459,59.859624419776566,64.656677665929,54.89821867721941,58.62383592404038,62.59296967852242,56.14009806048752,58.80646454543475,64.62014895807324,0.004886811672000224,0.004874909966354949,-0.0003255951976817162,0.016039762398353696,56.83408126831055,58.88804740905762,62.070659408569334,0.017153790957228188,0.020647016614205538,1.3027515670577756,0.006086875177764739,10830397.0
2021-12-17,55.67134094238281,56.657537819245874,54.8555989511265,56.2801030660936,14550168,56.328800201416016,59.829200744628906,62.087703704833984,57.4306587956747,60.2309830631066,63.23826869357707,56.12790722861693,59.03780613364813,61.74071075451692,56.32271332623825,59.38480283443061,63.128690010624496,-0.01167181364918679,-0.011740463971461971,0.004886811672000224,0.007483603841523134,56.16444091796875,58.60740737915039,61.89947563171387,0.01711896451382815,0.020622102739701227,1.8019388681193718,-0.6087621237107896,12367658.8
2021-12-20,54.82442855834961,54.89754622600434,53.721604913380666,54.83661670163386,9651745,55.67134094238281,59.55524826049805,61.284141540527344,56.657537819245874,59.77440561976761,61.97204059202429,54.8555989511265,59.04997790476321,60.377085114473694,56.2801030660936,59.5187232764263,61.746800068354105,-0.015212717525696307,-0.015329618010972202,-0.01167181364918679,-0.0045789093071822995,55.790513610839845,58.306033325195315,61.720971755981445,0.008516829945421035,0.02075374001545772,1.1759413126236709,-0.012188143284248554,11929340.0
2021-12-21,56.7010498046875,57.07272282498933,55.27529842958732,55.27529842958732,12227117,54.82442855834961,59.0195426940918,60.85190963745117,54.89754622600434,59.99964907313176,61.3267455852282,53.721604913380666,58.71516159951916,60.45012738101948,54.83661670163386,59.71353233520136,60.75450844307672,0.03422965447493187,0.03365685439884531,-0.015212717525696307,-0.008995102565319546,55.916098022460936,58.06561717987061,61.58779243469238,0.019589295603958005,0.022296075290819197,1.797424395402004,1.4257513751001767,12043911.6
2021-12-22,56.707157135009766,57.09710684947328,56.152695461123166,56.61576284555817,7485993,56.7010498046875,56.69406509399414,61.50937271118164,57.07272282498933,58.684719555485614,62.07552296366557,55.27529842958732,56.505349573495664,61.04671425370599,55.27529842958732,58.42295034073584,61.1623797999297,0.0001077110625518074,0.00010770526213181857,0.03422965447493187,-0.03940182342908005,56.04655532836914,57.79385051727295,61.47129356384277,0.01957528040022623,0.022071841805775566,0.9444113883501117,0.09139428945159267,11071032.6
2021-12-23,57.27378845214844,57.60280857689497,56.84728185024666,56.84728185024666,6236589,56.707157135009766,56.07312774658203,62.14249038696289,57.09710684947328,57.26021771152103,62.22163095764405,56.152695461123166,55.83570975359423,61.57634009496871,56.61576284555817,56.46273628284155,61.959861741470505,0.009992236355450101,0.009942644046842586,0.0001077110625518074,-0.010952422381119487,56.23555297851563,57.54584941864014,61.370510482788085,0.01986402240506562,0.022271151859121777,0.7555267266483128,0.426506601901778,10030322.4
2021-12-27,57.65156173706055,57.6820264985964,56.93868407871148,57.04835871251395,5503703,57.27378845214844,56.05487060546875,62.23381042480469,57.60280857689497,56.25575989863459,62.28859976896776,56.84728185024666,54.89821867721941,61.67375068483074,56.84728185024666,56.14009806048752,62.00856989898078,0.006595919269907213,0.006574261378039917,0.009992236355450101,-0.0003255951976817162,56.63159713745117,57.450360488891604,61.27265625,0.017967871961755044,0.02037539126785161,0.7433424198849181,0.6032030245465947,8221029.4
2021-12-28,58.065879821777344,58.54112782924209,57.42002393899079,57.53579077066101,6503676,57.65156173706055,56.328800201416016,59.56134033203125,57.6820264985964,57.4306587956747,59.71961775185624,56.93868407871148,56.12790722861693,58.14292297502584,57.04835871251395,56.32271332623825,58.842999475430645,0.0071865890920082,0.007160888619648513,0.006595919269907213,0.004886811672000224,57.27988739013672,57.358541870117186,61.162755737304686,0.013146058122756193,0.020405029768588764,1.1211038902513053,0.5300890511163345,7591415.6
2021-12-29,57.7551383972168,58.17555283772194,57.541885073986414,57.883093375701726,5602577,58.065879821777344,55.67134094238281,59.902252197265625,58.54112782924209,56.657537819245874,61.13804102150432,57.42002393899079,54.8555989511265,58.94649325478655,57.53579077066101,56.2801030660936,60.43187757654792,-0.005351532182312768,-0.0053659029239160995,0.0071865890920082,-0.01167181364918679,57.49070510864258,57.354980659484866,61.05017112731934,0.006224336785372036,0.018883655945933414,0.6336677637355237,-0.12795497848492943,6266507.6
2021-12-30,57.70029830932617,58.4801938508253,57.59671589702225,57.67592575756743,5247049,57.7551383972168,54.82442855834961,57.82636260986328,58.17555283772194,54.89754622600434,59.31174674178599,57.541885073986414,53.721604913380666,57.50980778005648,57.883093375701726,54.83661670163386,58.83082016616731,-0.0009495274258275455,-0.0009499785125625015,-0.005351532182312768,-0.015212717525696307,57.68933334350586,57.409248733520506,60.929062576293944,0.006392819525591279,0.018228049655611294,0.8834779538030517,0.024372551758744976,5818718.8
2021-12-31,57.5601692199707,57.86481684468414,57.21286868938721,57.57844583904333,6092452,57.70029830932617,56.7010498046875,56.61493682861328,58.4801938508253,57.07272282498933,58.98302657320931,57.59671589702225,55.27529842958732,56.578411837258905,57.67592575756743,55.27529842958732,58.77604665230747,-0.0024285678490646445,-0.0024315216031940345,-0.0009495274258275455,0.03422965447493187,57.74660949707031,57.388633728027344,60.789689178466794,0.005601011817816733,0.017422832846462306,0.6519481552969353,-0.018276619072629785,5789891.4
2022-01-03,58.638614654541016,59.36976883670467,57.730760401534845,58.017131361292094,7415209,57.5601692199707,56.707157135009766,57.972469329833984,57.86481684468414,57.09710684947328,58.30728853292551,57.21286868938721,56.152695461123166,56.49926259977943,57.57844583904333,56.61576284555817,57.34544278580378,0.01873596706168379,0.01856261081468599,-0.0024285678490646445,0.0001077110625518074,57.9440200805664,57.496818923950194,60.70658401489258,0.009733994631054572,0.016813084749657266,1.6390084351698277,0.6214832932489216,6172192.6
2022-01-04,60.545711517333984,60.96003374893803,59.76581589347443,60.18623033099079,12237390,58.638614654541016,57.27378845214844,56.474910736083984,59.36976883670467,57.60280857689497,58.04551854944203,57.730760401534845,56.84728185024666,55.841797364520296,58.017131361292094,56.84728185024666,57.91158864208888,0.032522884007889497,0.032005209295468434,0.01873596706168379,0.009992236355450101,58.43998641967774,57.6017391204834,60.65066299438477,0.0164504248770449,0.016572460116144442,1.1942178554635987,0.3594811863431957,7318935.4
2022-01-05,60.545711517333984,62.02020815159739,60.49697013935214,60.76506077564398,9461542,60.545711517333984,57.65156173706055,58.44730758666992,60.96003374893803,57.6820264985964,58.98301982329573,59.76581589347443,56.93868407871148,56.76103402581767,60.18623033099079,57.04835871251395,57.13237822902836,0.0,0.0,0.032522884007889497,0.006595919269907213,58.99810104370117,57.65978527069092,60.579522933959964,0.015468198302994516,0.016236664700097103,1.523238012245244,-0.21934925830999674,8090728.4
2022-01-06,60.89909744262695,61.587602439716896,60.5761695277406,61.203745011129946,6864983,60.545711517333984,58.065879821777344,59.3847885131836,62.02020815159739,58.54112782924209,59.859624419776566,60.49697013935214,57.42002393899079,58.62383592404038,60.76506077564398,57.53579077066101,58.80646454543475,0.005836679699301239,0.0058197122746142796,0.0,0.0071865890920082,59.63786087036133,57.71328010559082,60.489395751953126,0.014586327936304683,0.01620670035887641,1.0114329119762928,-0.30464756850299324,8414315.2
2022-01-07,61.78258895874024,62.29439773235504,60.78943990573472,60.80771652544869,10029103,60.89909744262695,57.7551383972168,59.829200744628906,61.587602439716896,58.17555283772194,60.2309830631066,60.5761695277406,57.541885073986414,59.03780613364813,61.203745011129946,57.883093375701726,59.38480283443061,0.014507464859321306,0.014403238422576743,0.005836679699301239,-0.005351532182312768,60.48234481811524,57.82464714050293,60.46064750671387,0.012529066364832503,0.016420728706404673,1.5049578266203198,0.9748724332915515,9201645.4
2022-01-10,60.57617568969727,62.14816252603518,60.28371623259447,61.977558378046055,9259300,61.78258895874024,57.70029830932617,59.55524826049805,62.29439773235504,58.4801938508253,59.77440561976761,60.78943990573472,57.59671589702225,59.04997790476321,60.80771652544869,57.67592575756743,59.5187232764263,-0.01952675162008244,-0.019719917369224113,0.014507464859321306,-0.0009495274258275455,60.86985702514649,57.902478790283205,60.3906037902832,0.01911315362653926,0.01695102162466986,1.8644462934407073,-1.4013826883487823,9570463.6
2022-01-11,62.020206451416016,62.37359915284257,60.91128697049066,61.1062636691231,9107137,60.57617568969727,57.5601692199707,59.0195426940918,62.14816252603518,57.86481684468414,59.99964907313176,60.28371623259447,57.21286868938721,58.71516159951916,61.977558378046055,57.57844583904333,59.71353233520136,0.02383826224216956,0.023558567113239143,-0.01952675162008244,-0.0024285678490646445,61.16475601196289,58.168785858154294,60.35418891906738,0.016374598282381542,0.014677564048330054,1.4623121823519156,0.9139427822929136,8944413.0
2022-01-12,62.29439163208008,62.52592530458703,61.770398496635465,61.80086325719252,7316816,62.020206451416016,58.638614654541016,56.69406509399414,62.37359915284257,59.36976883670467,58.684719555485614,60.91128697049066,57.730760401534845,56.505349573495664,61.1062636691231,58.017131361292094,58.42295034073584,0.0044209008055922094,0.004411157329698146,0.02383826224216956,0.01873596706168379,61.51449203491211,58.4798490524292,60.30669982910156,0.01615971290310782,0.014215431665770798,0.7555268079515614,0.4935283748875605,8515467.8
2022-01-13,62.42843627929688,63.15349829721845,62.02629847174352,62.32485385920337,7034320,62.29439163208008,60.545711517333984,56.07312774658203,62.52592530458703,60.96003374893803,57.26021771152103,61.770398496635465,59.76581589347443,55.83570975359423,61.80086325719252,60.18623033099079,56.46273628284155,0.0021517931824182046,0.002149481391205311,0.0044209008055922094,0.032522884007889497,61.820359802246095,58.79852733612061,60.25629028320313,0.016242309829171544,0.014173925232049146,1.127199825474925,0.1035824200935096,8549335.2
2022-01-14,62.85494613647461,62.92197159894136,61.48403181538718,61.94100698643331,7030789,62.42843627929688,60.545711517333984,56.05487060546875,63.15349829721845,62.02020815159739,56.25575989863459,62.02629847174352,60.49697013935214,54.89821867721941,62.32485385920337,60.76506077564398,56.14009806048752,0.006831980465914267,0.006808748242078764,0.0021517931824182046,0.0,62.03483123779297,59.12483463287354,60.22317756652832,0.015472836421845418,0.014176215934850748,1.437939783554178,0.9139391500413012,7949672.4
2022-01-18,62.69043350219727,63.20224595623599,62.24565023659584,62.48936832098568,13499795,62.85494613647461,60.89909744262695,56.328800201416016,62.92197159894136,61.587602439716896,57.4306587956747,61.48403181538718,60.5761695277406,56.12790722861693,61.94100698643331,61.203745011129946,56.32271332623825,-0.0026173379246898776,-0.0026207691420070444,0.006831980465914267,0.005836679699301239,62.45768280029297,59.47578926086426,60.19602767944336,0.010076920677992564,0.013733578448064073,0.9565957196401484,0.20106518121158956,8797771.4
2022-01-19,61.30734252929688,62.751370867544416,61.21594823622592,62.568582281402506,9147425,62.69043350219727,61.78258895874024,55.67134094238281,63.20224595623599,62.29439773235504,56.657537819245874,62.24565023659584,60.78943990573472,54.8555989511265,62.48936832098568,60.80771652544869,56.2801030660936,-0.022062233352588168,-0.022309244256858058,-0.0026173379246898776,0.014507464859321306,62.31511001586914,59.79993495941162,60.09823745727539,0.011608385692679538,0.014362548400660131,1.5354226313184967,-1.2612397521056238,8805829.0
2022-01-20,59.8633041381836,62.02020997300341,59.69269998352849,61.06971017158483,9045502,61.30734252929688,60.57617568969727,54.82442855834961,62.751370867544416,62.14816252603518,54.89754622600434,61.21594823622592,60.28371623259447,53.721604913380666,62.568582281402506,61.977558378046055,54.83661670163386,-0.023554085555465454,-0.023835917352902913,-0.022062233352588168,-0.01952675162008244,61.82889251708984,59.95804767608642,59.975462646484374,0.01406754287054779,0.014131735652393397,2.327509989474919,-1.2064060334012296,9151566.2
2022-01-21,58.67517852783203,59.92423373613256,58.4070878833284,59.52819184081776,12964978,59.8633041381836,62.020206451416016,56.7010498046875,62.02020997300341,62.37359915284257,57.07272282498933,59.69269998352849,60.91128697049066,55.27529842958732,61.06971017158483,61.1062636691231,55.27529842958732,-0.01984731092705805,-0.020046914277413987,-0.023554085555465454,0.02383826224216956,61.078240966796876,60.056448745727536,59.79398208618164,0.01358944042158144,0.015009875447666654,1.5171458528041555,-0.8530133129857305,10337697.8
2022-01-24,59.046852111816406,59.36978009578636,56.23190573824077,57.63328485314995,15847565,58.67517852783203,62.29439163208008,56.707157135009766,59.92423373613256,62.52592530458703,57.09710684947328,58.4070878833284,61.770398496635465,56.152695461123166,59.52819184081776,61.80086325719252,56.61576284555817,0.006334426128896675,0.006314447974084605,-0.01984731092705805,0.0044209008055922094,60.31662216186523,60.145101928710936,59.64830322265625,0.013415487033766238,0.014927039753024363,3.1378743575455914,1.413567258666454,12101053.0
2022-01-25,55.5129280090332,56.27454698591515,53.80080929513922,55.51902021471162,33629909,59.046852111816406,62.42843627929688,57.27378845214844,59.36978009578636,63.15349829721845,57.60280857689497,56.23190573824077,62.02629847174352,56.84728185024666,57.63328485314995,62.32485385920337,56.84728185024666,-0.05984949199478151,-0.061715301635941223,0.006334426128896675,0.0021517931824182046,58.88112106323242,60.03817024230957,59.4558097076416,0.023592125159506865,0.02021984605641456,2.473737690775934,-0.00609220567841362,16127075.8
2022-01-26,54.42229843139648,56.00037397436097,53.64849117678107,55.75665585902078,17073695,55.5129280090332,62.85494613647461,57.65156173706055,56.27454698591515,62.92197159894136,57.6820264985964,53.80080929513922,61.48403181538718,56.93868407871148,55.51902021471162,61.94100698643331,57.04835871251395,-0.019646407003774957,-0.01984196321367723,-0.05984949199478151,0.006831980465914267,57.504112243652344,59.855991172790525,59.234320373535155,0.023661139816376693,0.02048823304995775,2.351882797579897,-1.3343574276243046,17712329.8
2022-01-27,54.77568054199219,55.915061017427455,53.66066888880632,54.83661005898195,12527109,54.42229843139648,62.69043350219727,58.065879821777344,56.00037397436097,63.20224595623599,58.54112782924209,53.64849117678107,62.24565023659584,57.42002393899079,55.75665585902078,62.48936832098568,57.53579077066101,0.00649333307819,0.006472342209094619,-0.019646407003774957,-0.0026173379246898776,56.48658752441406,59.707018280029295,59.031099548339846,0.027143887145485726,0.020588625041209452,2.2543921286211344,-0.060929516989759236,18408651.2
2022-01-28,56.11612701416016,56.15268397632713,54.13591781438399,54.410100626660686,10398756,54.77568054199219,61.30734252929688,57.7551383972168,55.915061017427455,62.751370867544416,58.17555283772194,53.66066888880632,61.21594823622592,57.541885073986414,54.83661005898195,62.568582281402506,57.883093375701726,0.02447156217694757,0.024176930553581825,0.00649333307819,-0.022062233352588168,55.97477722167969,59.627809715271,58.895109786987305,0.03276041228351178,0.021452097939669974,2.0167661619431456,1.7060263874994774,17895406.8
2022-01-31,57.56625747680664,57.61500258568992,55.464189010503205,55.81757799251521,11238219,56.11612701416016,59.8633041381836,57.70029830932617,56.15268397632713,62.02020997300341,58.4801938508253,54.13591781438399,59.69269998352849,57.59671589702225,54.410100626660686,61.06971017158483,57.67592575756743,0.025841599194480258,0.0255133480796975,0.02447156217694757,-0.023554085555465454,55.67865829467773,59.62811412811279,58.80468086242676,0.035964531705581095,0.022280157626111546,2.1508135751867172,1.7486794842914293,16973537.6
2022-02-01,59.68050765991211,59.96687488438916,57.73075947475944,57.88308699094785,13080224,57.56625747680664,58.67517852783203,57.5601692199707,57.61500258568992,59.92423373613256,57.86481684468414,55.464189010503205,58.4070878833284,57.21286868938721,55.81757799251521,59.52819184081776,57.57844583904333,0.03672724744972866,0.03606887386999713,0.025841599194480258,-0.01984731092705805,56.51217422485352,59.68020877838135,58.77260818481445,0.022089665799702483,0.023401065454699357,2.2361154096297255,1.7974206689642571,12863600.6
2022-02-02,59.73535537719727,60.06437555735453,58.589878818333794,59.50991389695821,8926564,59.68050765991211,59.046852111816406,58.638614654541016,59.96687488438916,59.36978009578636,59.36976883670467,57.73075947475944,56.23190573824077,57.730760401534845,57.88308699094785,57.63328485314995,58.017131361292094,0.0009190222978281426,0.0009186002553940015,0.03672724744972866,0.006334426128896675,57.57478561401367,59.63969097137451,58.75027709960938,0.01478410762518965,0.022207213311905328,1.4744967390207364,0.22544148023906274,11234174.4
2022-02-03,59.90595626831055,60.41776502685397,58.82750516301278,59.19308231473184,9972924,59.73535537719727,55.5129280090332,60.545711517333984,60.06437555735453,56.27454698591515,60.96003374893803,58.589878818333794,53.80080929513922,59.76581589347443,59.50991389695821,55.51902021471162,60.18623033099079,0.0028559450267939823,0.002851874563966331,0.0009190222978281426,-0.05984949199478151,58.60084075927735,59.60770320892334,58.71820877075195,0.015612901913338209,0.022219346469240075,1.5902598638411902,0.7128739535787076,10723337.4
2022-02-04,60.32637786865234,60.96004575265939,59.49164476584692,59.528201739202615,10278374,59.90595626831055,54.42229843139648,60.545711517333984,60.41776502685397,56.00037397436097,62.02020815159739,58.82750516301278,53.64849117678107,60.49697013935214,59.19308231473184,55.75665585902078,60.76506077564398,0.0070180266960229165,0.006993514962516024,0.0028559450267939823,-0.019646407003774957,59.44289093017578,59.57906723022461,58.681886520385746,0.01579984765512572,0.022238063309269245,1.468400986812469,0.7981761294497218,10699261.0
2022-02-07,60.8686408996582,61.28905534706149,60.01562759274045,60.54571294119454,7039456,60.32637786865234,54.77568054199219,60.89909744262695,60.96004575265939,55.915061017427455,61.587602439716896,59.49164476584692,53.66066888880632,60.5761695277406,59.528201739202615,54.83661005898195,61.203745011129946,0.008988821311077588,0.008948662331980235,0.0070180266960229165,0.00649333307819,60.10336761474609,59.533369827270505,58.65458312988281,0.014571277407922498,0.022079185194253784,1.273427754321041,0.32292795846366573,9859508.4
2022-02-08,60.50914764404297,61.23420960124238,60.09482919041682,60.91737762313515,8279712,60.8686408996582,56.11612701416016,61.78258895874024,61.28905534706149,56.15268397632713,62.29439773235504,60.01562759274045,54.13591781438399,60.78943990573472,60.54571294119454,54.410100626660686,60.80771652544869,-0.0059060503126373565,-0.0059235600039020085,0.008988821311077588,0.02447156217694757,60.26909561157227,59.530018424987794,58.673539276123044,0.0058186486955942324,0.021667993460471397,1.1393804108255594,-0.4082299790921837,8899406.0
2022-02-09,60.472599029541016,61.21594143568308,60.39338915873882,61.08189424899347,10632457,60.50914764404297,57.56625747680664,60.57617568969727,61.23420960124238,57.61500258568992,62.14816252603518,60.09482919041682,55.464189010503205,60.28371623259447,60.91737762313515,55.81757799251521,61.977558378046055,-0.0006040180026490871,-0.0006042004950123311,-0.0059060503126373565,0.025841599194480258,60.416544342041014,59.45263805389404,58.68494621276855,0.0059777992545922125,0.020939892090105532,0.8225522769442577,-0.6092952194524557,9240584.6
2022-02-10,60.19232177734375,61.34389044620632,59.7109778254116,59.94860369845996,8848717,60.472599029541016,59.68050765991211,62.020206451416016,61.21594143568308,59.96687488438916,62.37359915284257,60.39338915873882,57.73075947475944,60.91128697049066,61.08189424899347,57.88308699094785,61.1062636691231,-0.0046347809866804646,-0.004645554886745274,-0.0006040180026490871,0.03672724744972866,60.47381744384766,59.347534561157225,58.732265396118166,0.006746318696597361,0.020913220365876305,1.6329126207947269,0.24371807888378783,9015743.2
2022-02-11,58.99810409545898,61.06971163321619,58.59596998492845,60.33246141144608,11966771,60.19232177734375,59.73535537719727,62.29439163208008,61.34389044620632,60.06437555735453,62.52592530458703,59.7109778254116,58.589878818333794,61.770398496635465,59.94860369845996,59.50991389695821,61.80086325719252,-0.019840033522918077,-0.020039489539202558,-0.0046347809866804646,0.0009190222978281426,60.20816268920898,59.176017951965335,58.77992874145508,0.010420987923015799,0.02128569906795857,2.473741648287735,-1.3343573159871056,9353422.6
2022-02-14,58.85796356201172,59.34539971160285,58.22429582140659,58.92498528644385,11172731,58.99810409545898,59.90595626831055,62.42843627929688,61.06971163321619,60.41776502685397,63.15349829721845,58.59596998492845,58.82750516301278,62.02629847174352,60.33246141144608,59.19308231473184,62.32485385920337,-0.002375339607871285,-0.0023781652023821794,-0.019840033522918077,0.0028559450267939823,59.806027221679685,58.97616882324219,58.79763862609863,0.0076389747860568505,0.021170131304762682,1.1211038901962596,-0.06702172443213072,10180077.6
2022-02-15,61.49011993408203,61.77039496906434,59.6805110219259,59.70488357511636,10741924,58.85796356201172,60.32637786865234,62.85494613647461,59.34539971160285,60.96004575265939,62.92197159894136,58.22429582140659,59.49164476584692,61.48403181538718,58.92498528644385,59.528201739202615,61.94100698643331,0.04472047982593086,0.043749366216541914,-0.002375339607871285,0.0070180266960229165,60.0022216796875,58.91615314483643,58.897942810058595,0.024297178027954048,0.02371593060300749,2.089883947138439,1.785236358965669,10672520.0
2022-02-16,61.78867721557617,62.09332481311166,60.86254628065833,60.984405319672526,7850670,61.49011993408203,60.8686408996582,62.69043350219727,61.77039496906434,61.28905534706149,63.20224595623599,59.6805110219259,60.01562759274045,62.24565023659584,59.70488357511636,60.54571294119454,62.48936832098568,0.00485536996535707,0.004843620672700275,0.04472047982593086,0.008988821311077588,60.265437316894534,58.94021987915039,58.96477020263672,0.02419170750395627,0.023197793306868813,1.2307785324533285,0.8042718959036463,10116162.6
2022-02-17,59.99125289916992,61.19156667666638,59.63786019234322,61.1428215685926,6229366,61.78867721557617,60.50914764404297,61.30734252929688,62.09332481311166,61.23420960124238,62.751370867544416,60.86254628065833,60.09482919041682,61.21594823622592,60.984405319672526,60.91737762313515,62.568582281402506,-0.029089865609764898,-0.029521364520402476,0.00485536996535707,-0.0059060503126373565,60.225223541259766,58.94661731719971,58.976899490356445,0.028584905220114927,0.023532381651604168,1.5537064843231647,-1.15156866942268,9592292.4
2022-02-18,56.47562789916992,60.30200767576547,56.00647200190511,59.9668915239826,25110235,59.99125289916992,60.472599029541016,59.8633041381836,61.19156667666638,61.21594143568308,62.02020997300341,59.63786019234322,60.39338915873882,59.69269998352849,61.1428215685926,61.08189424899347,61.06971017158483,-0.05860229333614475,-0.060389586109144584,-0.029089865609764898,-0.0006040180026490871,59.72072830200195,58.8366397857666,58.90982803344727,0.03867063651261577,0.026671201811089926,4.295535673860364,-3.4912636248126816,12220985.2
2022-02-22,57.36518859863281,58.01713670957138,56.280641636171794,56.44515358073387,12349746,56.47562789916992,60.19232177734375,58.67517852783203,60.30200767576547,61.34389044620632,59.92423373613256,56.00647200190511,59.7109778254116,58.4070878833284,59.9668915239826,59.94860369845996,59.52819184081776,0.015751231682648914,0.015628468469407818,-0.05860229333614475,-0.0046347809866804646,59.42217330932617,58.75255661010742,58.86602684020996,0.04016219291904614,0.02690015201307614,1.7364950733995883,0.9200350178989396,12456388.2
2022-02-23,56.45124816894531,57.79779361993188,56.244087043356345,57.1458454814808,11839969,57.36518859863281,58.99810409545898,59.046852111816406,58.01713670957138,61.06971163321619,59.36978009578636,56.280641636171794,58.59596998492845,56.23190573824077,56.44515358073387,60.33246141144608,57.63328485314995,-0.015931969405383994,-0.016060247536574524,0.015751231682648914,-0.019840033522918077,58.414398956298825,58.799472618103025,58.81466094970703,0.029272729133182036,0.023418816160789356,1.5537065765755358,-0.6945973125354854,12675997.2
2022-02-24,56.384220123291016,56.7193324642779,53.4352307764698,55.19609455070115,18285861,56.45124816894531,58.85796356201172,55.5129280090332,57.79779361993188,59.34539971160285,56.27454698591515,56.244087043356345,58.22429582140659,53.80080929513922,57.1458454814808,58.92498528644385,55.51902021471162,-0.00118736162314248,-0.0011880670954436503,-0.015931969405383994,-0.002375339607871285,57.3335075378418,58.897568702697754,58.80846405029297,0.028272963765444026,0.022916482149266913,3.2841016878080964,1.1881255725898683,14763035.4
2022-02-25,58.71782684326172,59.35758681865327,56.701056698194975,56.9143137540089,11191511,56.384220123291016,61.49011993408203,54.42229843139648,56.7193324642779,61.77039496906434,56.00037397436097,53.4352307764698,59.6805110219259,53.64849117678107,55.19609455070115,59.70488357511636,55.75665585902078,0.041387585300780794,0.04055404051253584,-0.00118736162314248,0.04472047982593086,57.07882232666016,59.09467601776123,58.86135803222656,0.03735450318077451,0.024545131425836707,2.6565301204582923,1.8035130892528173,15755464.4
2022-02-28,58.1938362121582,58.3827169907039,57.353007287427616,57.73686478147496,10142743,58.71782684326172,61.78867721557617,54.77568054199219,59.35758681865327,62.09332481311166,55.915061017427455,56.701056698194975,60.86254628065833,53.66066888880632,56.9143137540089,60.984405319672526,54.83661005898195,-0.008923876431977451,-0.008963932700120757,0.041387585300780794,0.00485536996535707,57.422463989257814,59.19856147766113,58.90413734436035,0.02292661759593436,0.02419602710534813,1.029709703276282,0.45697143068324664,12761966.0
2022-03-01,56.25626754760742,58.52893995292108,55.97599252430741,57.85871528687698,10806289,58.1938362121582,59.99125289916992,56.11612701416016,58.3827169907039,61.19156667666638,56.15268397632713,57.353007287427616,59.63786019234322,54.13591781438399,57.73686478147496,61.1428215685926,54.410100626660686,-0.03329508399286407,-0.03386198417524115,-0.008923876431977451,-0.029089865609764898,57.200679779052734,59.13306198120117,58.90268669128418,0.02780252826712603,0.02474886382450699,2.5529474286136704,-1.6024477392695573,12453274.6
2022-03-02,57.37127685546875,57.85262451345238,56.71324031456595,56.94477396993069,7131107,56.25626754760742,56.47562789916992,57.56625747680664,58.52893995292108,60.30200767576547,57.61500258568992,55.97599252430741,56.00647200190511,55.464189010503205,57.85871528687698,59.9668915239826,55.81757799251521,0.019820179270118476,0.019626316921201776,-0.03329508399286407,-0.05860229333614475,57.38468551635742,59.017600440979,58.9366854095459,0.028425347264540518,0.0236623741265374,1.1393841988864324,0.4265028855380635,11511502.2
2022-03-03,56.329383850097656,58.06587883425205,56.04301660934234,57.84652958610914,7420184,57.37127685546875,57.36518859863281,59.68050765991211,57.85262451345238,58.01713670957138,59.96687488438916,56.71324031456595,56.280641636171794,57.73075947475944,56.94477396993069,56.44515358073387,57.88308699094785,-0.01816053367603898,-0.01832746023988173,0.019820179270118476,0.015751231682648914,57.37371826171875,58.84730186462402,58.96678451538086,0.030098329226878814,0.023934118176124376,2.0228622249097086,-1.5171457360114857,9338366.8
2022-03-04,54.3126220703125,55.12907469026431,53.32556156377724,54.97065867731919,13545059,56.329383850097656,56.45124816894531,59.73535537719727,58.06587883425205,57.79779361993188,60.06437555735453,56.04301660934234,56.244087043356345,58.589878818333794,57.84652958610914,57.1458454814808,59.50991389695821,-0.03580301508626671,-0.036459664049591355,-0.01816053367603898,-0.015931969405383994,56.49267730712891,58.56763515472412,58.91901596069336,0.022508095663334445,0.02500261648162099,1.8035131264870685,-0.658036607006693,9809076.4
2022-03-07,52.06839370727539,54.404091908121,52.01350713706099,54.07477622086891,11428423,54.3126220703125,56.384220123291016,59.90595626831055,55.12907469026431,56.7193324642779,60.41776502685397,53.32556156377724,53.4352307764698,58.82750516301278,54.97065867731919,55.19609455070115,59.19308231473184,-0.04132056743884982,-0.042198532596353575,-0.03580301508626671,-0.00118736162314248,55.26758880615235,58.15473594665527,58.82624069213867,0.024772703546751363,0.026132237146857352,2.3905847710600128,-2.006382513593522,10066212.4
2022-03-08,53.75766372680664,55.16030154316853,52.172069417754265,53.07463785407053,11006283,52.06839370727539,58.71782684326172,60.32637786865234,54.404091908121,59.35758681865327,60.96004575265939,52.01350713706099,56.701056698194975,59.49164476584692,54.07477622086891,56.9143137540089,59.528201739202615,0.032443290435042016,0.031928119826525075,-0.04132056743884982,0.041387585300780794,54.76786804199219,57.799187088012694,58.755918197631836,0.033144764147976534,0.027384169594181267,2.988232125414264,0.6830258727361098,10106211.2
2022-03-09,55.6481819152832,56.7093087833608,55.556705525518495,55.77624811414679,10394261,53.75766372680664,58.1938362121582,60.8686408996582,55.16030154316853,58.3827169907039,61.28905534706149,52.172069417754265,57.353007287427616,60.01562759274045,53.07463785407053,57.73686478147496,60.54571294119454,0.03516741720927574,0.03456316939403476,0.032443290435042016,-0.008923876431977451,54.423249053955075,57.556138801574704,58.71585060119629,0.03692966620932125,0.02887795560258576,1.1526032578423013,-0.1280661988635856,10758842.0
2022-03-10,55.696964263916016,55.861620252506384,53.3307700327406,53.525921881699645,13026132,55.6481819152832,56.25626754760742,60.50914764404297,56.7093087833608,58.52893995292108,61.23420960124238,55.556705525518495,55.97599252430741,60.09482919041682,55.77624811414679,57.85871528687698,60.91737762313515,0.0008766207080597166,0.0008762367005297324,0.03516741720927574,-0.03329508399286407,54.29676513671875,57.31735706329346,58.66847229003906,0.03627813045347806,0.028888425244469287,2.5308502197657816,2.1710423822163705,11880031.6
2022-03-11,56.276309967041016,57.09349963139362,55.89820539163661,56.59342656083312,11342229,55.696964263916016,57.37127685546875,60.472599029541016,55.861620252506384,57.85262451345238,61.21594143568308,53.3307700327406,56.71324031456595,60.39338915873882,53.525921881699645,56.94477396993069,61.08189424899347,0.010401746500577902,0.010348020576579445,0.0008766207080597166,0.019820179270118476,54.68950271606445,57.12155647277832,58.638895721435546,0.030916782922692728,0.029058177642444342,1.1952942397570112,-0.31711659379210744,11439465.6
2022-03-14,56.379981994628906,57.3191401591402,56.06896307713105,56.37388431664547,9700540,56.276309967041016,56.329383850097656,60.19232177734375,57.09349963139362,58.06587883425205,61.34389044620632,55.89820539163661,56.04301660934234,59.7109778254116,56.59342656083312,57.84652958610914,59.94860369845996,0.0018421966125463651,0.0018405018494387496,0.010401746500577902,-0.01816053367603898,55.55182037353516,56.99065036773682,58.6124893951416,0.01656928763875949,0.028798384369300403,1.2501770820091451,0.006097677983433414,11093889.0
2022-03-15,56.318992614746094,57.05690120032338,55.654263626370174,56.86785079585822,8189827,56.379981994628906,54.3126220703125,58.99810409545898,57.3191401591402,55.12907469026431,61.06971163321619,56.06896307713105,53.32556156377724,58.59596998492845,56.37388431664547,54.97065867731919,60.33246141144608,-0.0010817559304758806,-0.0010823414507205257,0.0018421966125463651,-0.03580301508626671,56.06408615112305,56.863701820373535,58.58766586303711,0.01503820446324679,0.028798645137430943,1.402637573953207,-0.5488581811121236,10530597.8
2022-03-16,57.75212478637695,58.20340518268221,56.55683067519933,57.00201712824343,8954332,56.318992614746094,52.06839370727539,58.85796356201172,57.05690120032338,54.404091908121,59.34539971160285,55.654263626370174,52.01350713706099,58.22429582140659,56.86785079585822,54.07477622086891,58.92498528644385,0.02544669400311017,0.02512831668497999,-0.0010817559304758806,-0.04132056743884982,56.4848747253418,56.67680206298828,58.56993606567383,0.01095479739226268,0.02745070190721901,1.6465745074828817,0.7501076581335226,10242612.0
2022-03-17,58.25830078125,58.28269522824708,56.90444818027376,57.44720875631239,6982315,57.75212478637695,53.75766372680664,61.49011993408203,58.20340518268221,55.16030154316853,61.77039496906434,56.55683067519933,52.172069417754265,59.6805110219259,57.00201712824343,53.07463785407053,59.70488357511636,0.008764629816571556,0.008726443412911298,0.02544669400311017,0.032443290435042016,56.9971420288086,56.50028324127197,58.524187850952146,0.010312154065572489,0.027521683825450196,1.3782470479733178,0.8110920249376079,9033848.6
2022-03-18,58.29488754272461,58.49003937448319,57.66675203602588,58.29488754272461,11872231,58.25830078125,55.6481819152832,61.78867721557617,58.28269522824708,56.7093087833608,62.09332481311166,56.90444818027376,55.556705525518495,60.86254628065833,57.44720875631239,55.77624811414679,60.984405319672526,0.0006280094164088368,0.0006278123010178513,0.008764629816571556,0.03516741720927574,57.400857543945314,56.41546497344971,58.47917137145996,0.010906906882614625,0.026807762464801748,0.8232873384573054,0.0,9139849.0
2022-03-21,57.82530975341797,58.37416797356275,57.11179182680922,57.59966580027125,8799280,58.29488754272461,55.696964263916016,59.99125289916992,58.49003937448319,55.861620252506384,61.19156667666638,57.66675203602588,53.3307700327406,59.63786019234322,58.29488754272461,53.525921881699645,61.1428215685926,-0.008055213914984982,-0.008087832434787296,0.0006280094164088368,0.0008766207080597166,57.68992309570312,56.48294906616211,58.41769561767578,0.012832397843671262,0.023246334641334514,1.2623761467535317,0.22564395314672225,8959597.0
2022-03-22,57.87409973144531,58.68519177350624,57.69114697615649,58.081446934246216,7730288,57.82530975341797,56.276309967041016,56.47562789916992,58.37416797356275,57.09349963139362,60.30200767576547,57.11179182680922,55.89820539163661,56.00647200190511,57.59966580027125,56.59342656083312,59.9668915239826,0.0008437478023965994,0.0008433920473172219,-0.008055213914984982,0.010401746500577902,58.00094451904297,56.50839462280273,58.33952583312988,0.01262622212449138,0.02300095825483403,0.9940447973497513,-0.20734720280090357,8867689.2
2022-03-23,57.14228820800781,57.72774000701353,57.02642111790432,57.67895111241823,7854202,57.87409973144531,56.379981994628906,57.36518859863281,58.68519177350624,57.3191401591402,58.01713670957138,57.69114697615649,56.06896307713105,56.280641636171794,58.081446934246216,56.37388431664547,56.44515358073387,-0.01264488824592247,-0.012725515245977849,0.0008437478023965994,0.0018421966125463651,57.87897720336914,56.54294662475586,58.27084808349609,0.00837864614846958,0.022887374181613473,0.7013188891092099,-0.5366629044104201,8647663.2
2022-03-24,57.39842987060547,57.58138264203057,57.11180162161858,57.56308587127412,8561245,57.14228820800781,56.318992614746094,56.45124816894531,57.72774000701353,57.05690120032338,57.79779361993188,57.02642111790432,55.654263626370174,56.244087043356345,57.67895111241823,56.86785079585822,57.1458454814808,0.004482523725078291,0.004472507137511636,-0.01264488824592247,-0.0010817559304758806,57.70700302124023,56.59365711212158,58.17841255187988,0.007114969192171124,0.02289582598279317,0.46958102041198657,-0.16465600066864994,8963449.2
2022-03-25,57.33743667602539,57.880197226791005,56.96543351225377,57.59356902248211,9227359,57.39842987060547,57.75212478637695,56.384220123291016,57.58138264203057,58.20340518268221,56.7193324642779,57.11180162161858,56.55683067519933,53.4352307764698,57.56308587127412,57.00201712824343,55.19609455070115,-0.001062628276027322,-0.0010631932657386536,0.004482523725078291,0.02544669400311017,57.51551284790039,56.524637603759764,58.07927345275879,0.006940503256690114,0.020844189107123438,0.9147637145372371,-0.2561323464567167,8434474.8
2022-03-28,56.10555648803711,57.10569896478511,55.32495657105464,57.081304517247936,12069336,57.33743667602539,58.25830078125,58.71782684326172,57.880197226791005,58.28269522824708,59.35758681865327,56.96543351225377,56.90444818027376,56.701056698194975,57.59356902248211,57.44720875631239,56.9143137540089,-0.021484744686944945,-0.02171890175853833,-0.001062628276027322,0.008764629816571556,57.17156219482422,56.42022361755371,57.9528158569336,0.010782231833413288,0.021280750459684288,1.7807423937304705,-0.9757480292108269,9088486.0
2022-03-29,57.72164916992188,57.91679730336326,56.72760426349467,56.72760426349467,13794811,56.10555648803711,58.29488754272461,58.1938362121582,57.10569896478511,58.49003937448319,58.3827169907039,55.32495657105464,57.66675203602588,57.353007287427616,57.081304517247936,58.29488754272461,57.73686478147496,0.028804503208685883,0.02839745163849463,-0.021484744686944945,0.0006280094164088368,57.14107208251953,56.493492698669435,57.850149917602536,0.019181260857830344,0.020941978023809083,1.1891930398685915,0.994044906427213,10301390.6
2022-03-30,57.67895126342773,58.02046232438552,56.89835135206608,57.09350319692374,9042452,57.72164916992188,57.82530975341797,56.25626754760742,57.91679730336326,58.37416797356275,58.52893995292108,56.72760426349467,57.11179182680922,55.97599252430741,56.72760426349467,57.59966580027125,57.85871528687698,-0.000739720834525337,-0.0007399945629786034,0.028804503208685883,-0.008055213914984982,57.24840469360352,56.508876419067384,57.74992027282715,0.017979594764123343,0.02049496166252499,1.1221109723194402,0.5854480665039858,10539040.6
2022-03-31,55.80063247680664,57.29474657284562,55.78233570854753,57.17277807520978,13203013,57.67895126342773,57.87409973144531,57.37127685546875,58.02046232438552,58.68519177350624,57.85262451345238,56.89835135206608,57.69114697615649,56.71324031456595,57.09350319692374,58.081446934246216,56.94477396993069,-0.03256506481961752,-0.033107106799166716,-0.000739720834525337,0.0008437478023965994,56.92884521484375,56.48243885040283,57.639786071777344,0.023490095461788263,0.021416416918665387,1.51241086429809,-1.3721455984031365,11467394.2
2022-04-01,56.40437316894531,56.44706438042167,55.562789103086615,56.16653386911272,9054811,55.80063247680664,57.14228820800781,56.329383850097656,57.29474657284562,57.72774000701353,58.06587883425205,55.78233570854753,57.02642111790432,56.04301660934234,57.17277807520978,57.67895111241823,57.84652958610914,0.010819603028507263,0.010761489921715415,-0.03256506481961752,-0.01264488824592247,56.74223251342774,56.58702640533447,57.57060745239258,0.024613970042567292,0.01982116528778181,0.8842752773350568,0.23783929983259355,11432884.6
2022-04-04,56.11775588989258,56.30070865855729,55.43473371382491,56.21533368707493,8249536,56.40437316894531,57.39842987060547,54.3126220703125,56.44706438042167,57.58138264203057,55.12907469026431,55.562789103086615,57.11180162161858,53.32556156377724,56.16653386911272,57.56308587127412,54.97065867731919,-0.00508147264032599,-0.005094427226641279,0.010819603028507263,0.004482523725078291,56.74467239379883,56.78949451446533,57.51945899963379,0.02254611252023899,0.01711697968956951,0.865974944732379,-0.09757779718235327,10668924.6
2022-04-05,54.94684982299805,56.31289766450718,54.83097901012272,55.8982033028589,10787509,56.11775588989258,57.33743667602539,52.06839370727539,56.30070865855729,57.880197226791005,54.404091908121,55.43473371382491,56.96543351225377,52.01350713706099,56.21533368707493,57.59356902248211,54.07477622086891,-0.02086516198530708,-0.021085915583494062,-0.00508147264032599,-0.001062628276027322,56.18971252441406,56.848953819274904,57.43745895385742,0.017103673638496672,0.016578832824143106,1.4819186543844651,-0.951353479860856,10067464.2
2022-04-06,54.83098983764648,54.989548159928255,53.55641811239536,54.50167410119365,10556215,54.94684982299805,56.10555648803711,53.75766372680664,56.31289766450718,57.10569896478511,55.16030154316853,54.83097901012272,55.32495657105464,52.172069417754265,55.8982033028589,57.081304517247936,53.07463785407053,-0.0021085828527894757,-0.002110809043568654,-0.02086516198530708,-0.021484744686944945,55.620120239257815,56.80809421539307,57.42382019042969,0.01693478812809266,0.014530974732592834,1.4331300475328916,0.32931573645282697,10370216.8
2022-04-07,54.55655670166016,54.93466131003119,53.111227667623,54.77609926527598,11391666,54.83098983764648,57.72164916992188,55.6481819152832,54.989548159928255,57.91679730336326,56.7093087833608,53.55641811239536,56.72760426349467,55.556705525518495,54.50167410119365,56.72760426349467,55.77624811414679,-0.00500507353230184,-0.0050176408639834025,-0.0021085828527894757,0.028804503208685883,55.37130508422852,56.75107383728027,57.42650535583496,0.011278379769367552,0.014558180363770505,1.8234336424081903,-0.2195425636158177,10007947.4
2022-04-08,54.72731399536133,55.05052829464722,54.0442881238624,54.57485336342424,6447980,54.55655670166016,57.67895126342773,55.696964263916016,54.93466131003119,58.02046232438552,55.861620252506384,53.111227667623,56.89835135206608,53.3307700327406,54.77609926527598,57.09350319692374,53.525921881699645,0.0031299133234332643,0.0031250253413781207,-0.00500507353230184,-0.000739720834525337,55.035893249511716,56.67362403869629,57.425538024902345,0.008962478553527026,0.014349505819182045,1.006240170784821,0.15246063193708892,9486581.2
2022-04-11,54.68462753295898,55.85552752846921,54.294327534455576,54.60535023787909,8655143,54.72731399536133,55.80063247680664,56.276309967041016,55.05052829464722,57.29474657284562,57.09349963139362,54.0442881238624,55.78233570854753,55.89820539163661,54.57485336342424,57.17277807520978,56.59342656083312,-0.000779984605236983,-0.0007802889514964084,0.0031299133234332643,-0.03256506481961752,54.749267578125,56.588856315612794,57.39690803527832,0.009272116854035823,0.014331285166176403,1.5611999940136343,0.07927729507989056,9567702.6
2022-04-12,54.885868072509766,55.70305774347097,54.45897833601122,54.885868072509766,7240254,54.68462753295898,56.40437316894531,56.379981994628906,55.85552752846921,56.44706438042167,57.3191401591402,54.294327534455576,55.562789103086615,56.06896307713105,54.60535023787909,56.16653386911272,56.37388431664547,0.003680020302405884,0.0036732655942628457,-0.000779984605236983,0.010819603028507263,54.73707122802735,56.51720008850098,57.34330024719238,0.0036472346100565253,0.014376817372718733,1.2440794074597505,0.0,8858251.6
2022-04-13,55.34325408935547,55.77014385791369,54.87977451601346,54.98344625190663,6362268,54.885868072509766,56.11775588989258,56.318992614746094,55.70305774347097,56.30070865855729,57.05690120032338,54.45897833601122,55.43473371382491,55.654263626370174,54.885868072509766,56.21533368707493,56.86785079585822,0.008333402256505362,0.008298871168251796,0.003680020302405884,-0.00508147264032599,54.83952407836914,56.3967565536499,57.25655517578125,0.005023150519977769,0.013166375290531308,0.8903693419002252,0.35980783744884093,8019462.2
2022-04-14,55.39204406738281,56.19703851279316,55.27007928551023,55.52011399631359,6146543,55.34325408935547,54.94684982299805,57.75212478637695,55.77014385791369,56.31289766450718,58.20340518268221,54.87977451601346,54.83097901012272,56.55683067519933,54.98344625190663,55.8982033028589,57.00201712824343,0.0008815885301678428,0.0008812001592383912,0.008333402256505362,-0.02086516198530708,55.006621551513675,56.25344371795654,57.16968894958496,0.0034528407283887946,0.012941813424748452,0.9269592272829357,-0.12806992893077762,6970437.6
2022-04-18,55.12981033325195,55.80063712614266,54.82488906375618,55.47741908686328,6291965,55.39204406738281,54.83098983764648,58.25830078125,56.19703851279316,54.989548159928255,58.28269522824708,55.27007928551023,53.55641811239536,56.90444818027376,55.52011399631359,54.50167410119365,57.44720875631239,-0.00473414076959966,-0.004745382307393576,0.0008815885301678428,-0.0021085828527894757,55.087120819091794,56.09518985748291,57.07416603088379,0.004896179912871128,0.012930459154308448,0.9757480623864794,-0.3476087536113255,6939234.6
2022-04-19,56.04456329345703,56.26410581819125,55.37373663041509,55.37373663041509,7394824,55.12981033325195,54.55655670166016,58.29488754272461,55.80063712614266,54.93466131003119,58.49003937448319,54.82488906375618,53.111227667623,57.66675203602588,55.47741908686328,54.77609926527598,58.29488754272461,0.016592710090521434,0.016456555131967265,-0.00473414076959966,-0.00500507353230184,55.359107971191406,56.00615253448486,56.988529739379885,0.008045923024783443,0.013553531587691086,0.8903691877761588,0.670826663041943,6687170.8
2022-04-20,55.739654541015625,56.78248830113997,55.64817815742821,56.41048135399001,6424385,56.04456329345703,54.72731399536133,57.82530975341797,56.26410581819125,55.05052829464722,58.37416797356275,55.37373663041509,54.0442881238624,57.11179182680922,55.37373663041509,54.57485336342424,57.59966580027125,-0.005440469771258005,-0.0054553230238672794,0.016592710090521434,0.0031299133234332643,55.52986526489258,55.89943027496338,56.88595001220703,0.00933639273379815,0.013569776347710477,1.1343101437117582,-0.6708268129743828,6523997.0
2022-04-21,55.93479537963867,57.19107387115712,55.75794404830085,56.68490312096013,7225326,55.739654541015625,54.68462753295898,57.87409973144531,56.78248830113997,55.85552752846921,58.68519177350624,55.64817815742821,54.294327534455576,57.69114697615649,56.41048135399001,54.60535023787909,58.081446934246216,0.0035009337648379546,0.003494819761882603,-0.005440469771258005,-0.000779984605236983,55.64817352294922,55.83905563354492,56.79446296691894,0.008902694499734805,0.013368755532231262,1.433129822856273,-0.7501077413214574,6696608.6
2022-04-22,54.31871795654297,55.678668304440905,54.26383138153624,55.42863361167093,7967682,55.93479537963867,54.885868072509766,57.14228820800781,57.19107387115712,55.70305774347097,57.72774000701353,55.75794404830085,54.45897833601122,57.02642111790432,56.68490312096013,54.885868072509766,57.67895111241823,-0.02889216653296256,-0.02931776282283073,0.0035009337648379546,0.003680020302405884,55.43350830078125,55.6850700378418,56.67138534545899,0.016600803411850065,0.014670352453723157,1.4148369229046622,-1.1099156551279634,7060836.4
2022-04-25,54.812686920166016,54.885870261190384,52.80020665356419,53.971106503644094,11080599,54.31871795654297,55.34325408935547,57.39842987060547,55.678668304440905,55.77014385791369,57.58138264203057,54.26383138153624,54.87977451601346,57.11180162161858,55.42863361167093,54.98344625190663,57.56308587127412,0.009093899528671567,0.009052799012408493,-0.02889216653296256,0.008333402256505362,55.37008361816406,55.55883255004883,56.56379264831543,0.017530938195661216,0.014902179372862853,2.085663607626195,0.8415804165219214,8018563.2
2022-04-27,47.69583511352539,49.85467889245417,47.48848786080831,48.78745422968214,20213257,49.14725112915039,55.12981033325195,56.10555648803711,51.97692515354423,55.80063712614266,57.10569896478511,47.81779655816111,54.82488906375618,55.32495657105464,51.8061677391987,55.47741908686328,57.081304517247936,-0.02953198769572951,-0.029976836932473012,-0.10335993561613321,-0.00473414076959966,52.381857299804686,54.70962657928467,56.14353302001953,0.044815289150570176,0.026056246648769377,2.3661910316458545,-1.0916191161567497,18528230.6
2022-04-28,47.40309524536133,47.99464096285093,46.25658987868134,47.805590539099,19277327,47.69583511352539,56.04456329345703,57.72164916992188,49.85467889245417,56.26410581819125,57.91679730336326,47.48848786080831,55.37373663041509,56.72760426349467,48.78745422968214,55.37373663041509,56.72760426349467,-0.0061376400574030265,-0.00615655279624003,-0.02953198769572951,0.016592710090521434,50.67551727294922,54.19583377838135,55.86179252624512,0.04320094202872753,0.025992385262512817,1.7380510841695909,-0.40249529373767245,20938630.8
2022-04-29,45.46379470825195,47.647032303503686,45.34182621095374,47.25673236534254,16677077,47.40309524536133,55.739654541015625,57.67895126342773,47.99464096285093,56.78248830113997,58.02046232438552,46.25658987868134,55.64817815742821,56.89835135206608,47.805590539099,56.41048135399001,57.09350319692374,-0.040910841941257936,-0.041771238598704546,-0.0061376400574030265,-0.005440469771258005,48.90453262329102,53.678991889953615,55.53529487609863,0.04333524980518928,0.026446486332075504,2.3052060925499447,-1.7929376570905902,22680509.8
2022-05-02,46.073638916015625,46.24439257819174,44.280701191942384,45.18326959928209,18536095,45.46379470825195,55.93479537963867,55.80063247680664,47.647032303503686,57.19107387115712,57.29474657284562,45.34182621095374,55.75794404830085,55.78233570854753,47.25673236534254,56.68490312096013,57.17277807520978,0.013413843073969867,0.013324673995948564,-0.040910841941257936,0.0035009337648379546,47.15672302246094,53.16245517730713,55.25694259643555,0.04444236211543236,0.026559273982513086,1.9636913862493586,0.8903693167335334,24171609.0
2022-05-03,47.36040878295898,47.73241572377348,46.335875544649134,46.8664370668065,12595004,46.073638916015625,54.31871795654297,56.40437316894531,46.24439257819174,55.678668304440905,56.44706438042167,44.280701191942384,54.26383138153624,55.562789103086615,45.18326959928209,55.42863361167093,56.16653386911272,0.027928548671593223,0.027545659434101106,0.013413843073969867,-0.02889216653296256,46.799354553222656,52.72458782196045,55.07463821411133,0.02870146555703495,0.027856143106890992,1.3965401791243437,0.4939717161524797,17459752.0
2022-05-04,49.04967498779297,49.257022200996815,47.09208115479386,47.68362693295938,12019739,47.36040878295898,54.812686920166016,56.11775588989258,47.73241572377348,54.885870261190384,56.30070865855729,46.335875544649134,52.80020665356419,55.43473371382491,46.8664370668065,53.971106503644094,56.21533368707493,0.03566831976842688,0.035046937913165224,0.027928548671593223,0.009093899528671567,47.07012252807617,52.4297290802002,54.908327941894534,0.030675660654370433,0.029318383323618722,2.164941046202955,1.3660480548335912,15821048.4
2022-05-05,47.92755889892578,48.83622494678298,47.29942338090218,48.4093352080345,11491503,49.04967498779297,49.14725112915039,54.94684982299805,49.257022200996815,51.97692515354423,56.31289766450718,47.09208115479386,47.81779655816111,54.83097901012272,47.68362693295938,51.8061677391987,55.8982033028589,-0.022877136069636483,-0.023142878520159935,0.03566831976842688,-0.10335993561613321,47.17501525878906,52.08455753326416,54.73785415649414,0.033144593295324425,0.02956859525731895,1.5368015658808005,-0.48177630910871727,14263883.6
2022-05-06,47.70802307128906,47.805597135653926,46.46394348204126,47.76900732827146,8609237,47.92755889892578,47.69583511352539,54.83098983764648,48.83622494678298,49.85467889245417,54.989548159928255,47.29942338090218,47.48848786080831,53.55641811239536,48.4093352080345,48.78745422968214,54.50167410119365,-0.0045805760335029255,-0.00459109901842011,-0.022877136069636483,-0.02953198769572951,47.623860931396486,51.74213085174561,54.5643302154541,0.023902976454002522,0.029569705113829933,1.341653653612667,-0.06098425698239396,12650315.6
2022-05-09,44.500244140625,46.93351652087902,44.23801036571239,46.82374710866301,11266308,47.70802307128906,47.40309524536133,54.55655670166016,47.805597135653926,47.99464096285093,54.93466131003119,46.46394348204126,46.25658987868134,53.111227667623,47.76900732827146,47.805590539099,54.77609926527598,-0.06723772489735635,-0.06960490684669836,-0.0045805760335029255,-0.0061376400574030265,47.30918197631836,51.23077735900879,54.279978561401364,0.041605484475072854,0.03244166314314941,2.695506155166626,-2.3235029680380066,11196358.2
2022-05-10,44.70759582519531,45.55527775235965,43.38423519529562,45.12838794930199,10974181,44.500244140625,45.46379470825195,54.72731399536133,46.93351652087902,47.647032303503686,55.05052829464722,44.23801036571239,45.34182621095374,54.0442881238624,46.82374710866301,47.25673236534254,54.57485336342424,0.004659562853521981,0.004648740695192352,-0.06723772489735635,-0.040910841941257936,46.778619384765626,50.7319257736206,54.01025375366211,0.037973777294956296,0.03254363493126694,2.171042557064034,-0.42079212410667566,10872193.6
2022-05-11,44.177032470703125,45.482096386638005,43.9452945222136,44.982026946287135,12465152,44.70759582519531,46.073638916015625,54.68462753295898,45.55527775235965,46.24439257819174,55.85552752846921,43.38423519529562,44.280701191942384,54.294327534455576,45.12838794930199,45.18326959928209,54.60535023787909,-0.011867409658230521,-0.011938389487605604,0.004659562853521981,0.013413843073969867,45.804090881347655,50.19648399353027,53.768669052124025,0.02806665178127467,0.03239765987605855,1.5368018644244046,-0.8049944755840102,10961276.2
2022-05-12,44.68928909301758,45.256444055702985,43.40252229171527,43.750130988823074,13844409,44.177032470703125,47.36040878295898,54.885868072509766,45.482096386638005,47.73241572377348,55.70305774347097,43.9452945222136,46.335875544649134,54.45897833601122,44.982026946287135,46.8664370668065,54.885868072509766,0.011595541702674739,0.011528828629855775,-0.011867409658230521,0.027928548671593223,45.156436920166016,49.663785743713376,53.515029296875,0.03134293989696593,0.03250431057962753,1.8539217639877137,0.9391581041945045,11431857.4
2022-05-13,45.76871490478516,46.32976848591213,45.21985667949537,45.36621961971283,8309406,44.68928909301758,49.04967498779297,55.34325408935547,45.256444055702985,49.257022200996815,55.77014385791369,43.40252229171527,47.09208115479386,54.87977451601346,43.750130988823074,47.68362693295938,54.98344625190663,0.024154016178705273,0.023866921731920683,0.011595541702674739,0.03566831976842688,44.768575286865236,49.1826192855835,53.30381591796875,0.03571363666434801,0.03332478376987225,1.1099118064167612,0.4024952850723338,11371891.2
2022-05-16,45.51258087158203,45.9821618369682,44.96372262162233,45.31743276521012,10451563,45.76871490478516,47.92755889892578,55.39204406738281,46.32976848591213,48.83622494678298,56.19703851279316,45.21985667949537,47.29942338090218,55.27007928551023,45.36621961971283,48.4093352080345,55.52011399631359,-0.005596268842941732,-0.0056119866234692435,0.024154016178705273,-0.022877136069636483,44.97104263305664,48.7017578125,53.127815093994144,0.014198939960644912,0.033319603170224116,1.0184392153458717,0.19514810637191005,11208942.2
2022-05-17,46.59201049804688,47.079884562525386,46.22000727068899,46.47613966092624,7218585,45.51258087158203,47.70802307128906,55.12981033325195,45.9821618369682,47.805597135653926,55.80063712614266,44.96372262162233,46.46394348204126,54.82488906375618,45.31743276521012,47.76900732827146,55.47741908686328,0.0237171701932386,0.023440287483634095,-0.005596268842941732,-0.0045805760335029255,45.34792556762695,48.22913017272949,53.01828742980957,0.01658070904077632,0.033644024133768276,0.8598772918363977,0.11587083712063873,10457823.0
2022-05-18,45.86019515991211,46.66518579823748,45.628453507103664,46.13462429580047,11337253,46.59201049804688,44.500244140625,56.04456329345703,47.079884562525386,46.93351652087902,56.26410581819125,46.22000727068899,44.23801036571239,55.37373663041509,46.47613966092624,46.82374710866301,55.37373663041509,-0.015706884727918147,-0.015831544913664515,0.0237171701932386,-0.06723772489735635,45.68455810546875,47.73515720367432,52.86033805847168,0.017798244407472196,0.033671026960433635,1.0367322911338164,-0.2744291358883615,10232243.2
2022-05-19,46.18950271606445,46.677376649298346,45.402805251918025,45.738218581016326,9992827,45.86019515991211,44.70759582519531,55.739654541015625,46.66518579823748,45.55527775235965,56.78248830113997,45.628453507103664,43.38423519529562,55.64817815742821,46.13462429580047,45.12838794930199,56.41048135399001,0.007180683706296209,0.007155025353508566,-0.015706884727918147,0.004659562853521981,45.98460083007812,47.24789257049561,52.671164474487306,0.017661484632283505,0.033753735786888034,1.2745713973803205,0.4512841350481267,9461926.8
2022-05-20,45.89068603515625,46.61639936597412,44.68319637654941,46.41514984486149,11782667,46.18950271606445,44.177032470703125,55.93479537963867,46.677376649298346,45.482096386638005,57.19107387115712,45.402805251918025,43.9452945222136,55.75794404830085,45.738218581016326,44.982026946287135,56.68490312096013,-0.006469363455698707,-0.006490380481013696,0.007180683706296209,-0.011867409658230521,46.008995056152344,46.82649097442627,52.47503890991211,0.015264255228240802,0.03342780662746335,1.9332029894247071,-0.5244638097052388,10156579.0
2022-05-23,46.01875305175781,46.592005766106816,45.74432391836,46.36026411540152,8467508,45.89068603515625,44.68928909301758,54.31871795654297,46.61639936597412,45.256444055702985,55.678668304440905,44.68319637654941,43.40252229171527,54.26383138153624,46.41514984486149,43.750130988823074,55.42863361167093,0.0027906973651135036,0.0027868105987349646,-0.006469363455698707,0.011595541702674739,46.1102294921875,46.38679428100586,52.26988777160645,0.014865283710550977,0.033289143687774775,0.8476818477468129,-0.34151106364370776,9759768.0
2022-05-24,45.44549560546875,45.658940464775775,43.94528391257479,45.57356177424614,9837776,46.01875305175781,45.76871490478516,54.812686920166016,46.592005766106816,46.32976848591213,54.885870261190384,45.74432391836,45.21985667949537,52.80020665356419,46.36026411540152,45.36621961971283,53.971106503644094,-0.012457039973341133,-0.01253527932865937,0.0027906973651135036,0.024154016178705273,45.880926513671874,46.20170650482178,52.05119804382324,0.009765308678297441,0.02470579324330224,1.7136565522009874,-0.1280661687773872,10283606.2
2022-05-25,45.45159912109375,45.48818892329035,44.28679699058935,44.80516310147176,11389740,45.44549560546875,45.51258087158203,49.14725112915039,45.658940464775775,45.9821618369682,51.97692515354423,43.94528391257479,44.96372262162233,47.81779655816111,45.57356177424614,45.31743276521012,51.8061677391987,0.0001343040832471054,0.00013429506526114283,-0.012457039973341133,-0.005596268842941732,45.799207305908205,46.089494705200195,51.8338501739502,0.007759473920705413,0.023946657185512994,1.201391932701,0.6464360196219872,10294103.6
2022-05-26,46.96401596069336,47.390905787430206,45.55528027926877,45.87239694265926,7528368,45.45159912109375,46.59201049804688,47.69583511352539,45.48818892329035,47.079884562525386,49.85467889245417,44.28679699058935,46.22000727068899,47.48848786080831,44.80516310147176,46.47613966092624,48.78745422968214,0.03327532735581373,0.032733686430418615,0.0001343040832471054,0.0237171701932386,45.95410995483398,46.0675407409668,51.618087997436525,0.01769467609800467,0.02518897549283868,1.835625508161435,1.0916190180341019,9801211.8
2022-05-27,48.0312385559082,48.04343391303795,46.95181502467798,47.13476778583212,7819853,46.96401596069336,45.86019515991211,47.40309524536133,47.390905787430206,46.66518579823748,47.99464096285093,45.55528027926877,45.628453507103664,46.25658987868134,45.87239694265926,46.13462429580047,47.805590539099,0.022724261828631853,0.02246991185794286,0.03327532735581373,-0.015706884727918147,46.38222045898438,46.19591293334961,51.41354675292969,0.01840364575092818,0.023748349809926635,1.0916188883599744,0.8964707700760854,9008649.0
2022-05-31,47.74460983276367,48.20199173095256,47.421391797763015,47.537262625444455,8332038,48.0312385559082,46.18950271606445,45.46379470825195,48.04343391303795,46.677376649298346,47.647032303503686,46.95181502467798,45.402805251918025,45.34182621095374,47.13476778583212,45.738218581016326,47.25673236534254,-0.005967548032535075,-0.0059854250039001414,0.022724261828631853,0.007180683706296209,46.72739181518555,46.27946147918701,51.20254119873047,0.01955791820230241,0.023697387204385998,0.7805999331895421,0.2073472073192164,8981555.0
2022-06-01,47.2750244140625,48.445920377620496,46.76885370719245,48.226377851207616,9514991,47.74460983276367,45.89068603515625,46.073638916015625,48.20199173095256,46.61639936597412,46.24439257819174,47.421391797763015,44.68319637654941,44.280701191942384,47.537262625444455,46.41514984486149,45.18326959928209,-0.009835359852054526,-0.00988404650059939,-0.005967548032535075,-0.006469363455698707,47.0932975769043,46.27519226074219,50.99153549194336,0.018912203602602422,0.023022040376620555,1.6770666704280472,-0.9513534371451158,8916998.0
2022-06-02,47.5677490234375,47.97024803259871,47.06158202415325,47.579948113007504,9897164,47.2750244140625,46.01875305175781,47.36040878295898,48.445920377620496,46.592005766106816,47.73241572377348,46.76885370719245,45.74432391836,46.335875544649134,48.226377851207616,46.36026411540152,46.8664370668065,0.006191950464396356,0.006172859107081016,-0.009835359852054526,0.0027906973651135036,47.516527557373045,46.20109596252441,50.7854084777832,0.0184658105589387,0.02152438225765717,0.9086660084454579,-0.012199089570003707,8618482.8
2022-06-03,46.93961715698242,47.0493865673831,46.14681816701603,46.79935188731915,8463013,47.5677490234375,45.44549560546875,49.04967498779297,47.97024803259871,45.658940464775775,49.257022200996815,47.06158202415325,43.94528391257479,47.09208115479386,47.579948113007504,45.57356177424614,47.68362693295938,-0.013204994546737625,-0.01329295569638947,0.006191950464396356,-0.012457039973341133,47.51164779663086,46.15169887542724,50.581355056762696,0.014675221111731517,0.02111911872831139,0.9025684003670733,0.14026526966327424,8805411.8
2022-06-06,46.95790863037109,47.744606181907,46.817643365371566,47.51286827829888,7614722,46.93961715698242,45.45159912109375,47.92755889892578,47.0493865673831,45.48818892329035,48.83622494678298,46.14681816701603,44.28679699058935,47.29942338090218,46.79935188731915,44.80516310147176,48.4093352080345,0.00038968092405800014,0.00038960501816545813,-0.013204994546737625,0.0001343040832471054,47.29698181152344,46.11419315338135,50.37254463195801,0.007820204426960572,0.021101835908174552,0.9269628165354362,-0.5549596479277952,8764385.6
2022-06-07,47.5677490234375,47.65922539205884,46.45173583264352,46.90301999798228,8227386,46.95790863037109,46.96401596069336,47.70802307128906,47.744606181907,47.390905787430206,47.805597135653926,46.817643365371566,45.55528027926877,46.46394348204126,47.51286827829888,45.87239694265926,47.76900732827146,0.01298695812598405,0.01290335067822401,0.00038968092405800014,0.03327532735581373,47.261609649658205,46.26756839752197,50.17715087890625,0.010906978697816568,0.014288209647214995,1.2074895594153219,0.6647290254552232,8743455.2
2022-06-08,47.05548477172852,47.7385106248964,46.66518481763751,46.76886028499304,5418794,47.5677490234375,48.0312385559082,44.500244140625,47.65922539205884,48.04343391303795,46.93351652087902,46.45173583264352,46.95181502467798,44.23801036571239,46.90301999798228,47.13476778583212,46.82374710866301,-0.010769150574196251,-0.010827557583991364,0.01298695812598405,0.022724261828631853,47.2177017211914,46.38496284484863,49.99614944458008,0.011108756502989712,0.01463099552214713,1.0733258072588896,0.2866244867354837,7924215.8
2022-06-09,45.60405731201172,46.98839818193364,45.58576054487117,46.89082413659698,8114548,47.05548477172852,47.74460983276367,44.70759582519531,47.7385106248964,48.20199173095256,45.55527775235965,46.66518481763751,47.421391797763015,43.38423519529562,46.76886028499304,47.537262625444455,45.12838794930199,-0.030845021930128724,-0.03133074379116506,-0.010769150574196251,-0.005967548032535075,46.82496337890625,46.45631408691406,49.75379760742187,0.016333081231849362,0.01615861230763126,1.402637637062469,-1.2867668245852641,7567692.6
2022-06-10,43.43911743164063,44.6161149788865,43.14029385256444,44.53073628000266,15384656,45.60405731201172,47.2750244140625,44.177032470703125,46.98839818193364,48.445920377620496,45.482096386638005,45.58576054487117,46.76885370719245,43.9452945222136,46.89082413659698,48.226377851207616,44.982026946287135,-0.04747252784021172,-0.04863633023470081,-0.030845021930128724,-0.009835359852054526,46.124863433837895,46.393805503845215,49.46900093078613,0.02420455090393599,0.019342052658695198,1.4758211263220602,-1.0916188483620246,8952021.2
2022-06-13,41.29856872558594,42.68901120380382,40.94486229448464,42.36579316552324,15183217,43.43911743164063,47.5677490234375,44.68928909301758,44.6161149788865,47.97024803259871,45.256444055702985,43.14029385256444,47.06158202415325,43.40252229171527,44.53073628000266,47.579948113007504,43.750130988823074,-0.04927698426247351,-0.0505325146564559,-0.04747252784021172,0.006191950464396356,44.99299545288086,46.170298194885255,49.178959655761716,0.026334618054236238,0.02115286297495156,1.744148909319179,-1.0672244399373056,10465720.2
2022-06-14,41.49981689453125,42.02428071242485,41.18270027925637,41.438832642821886,8634919,41.29856872558594,46.93961715698242,45.76871490478516,42.68901120380382,47.0493865673831,46.32976848591213,40.94486229448464,46.14681816701603,45.21985667949537,42.36579316552324,46.79935188731915,45.36621961971283,0.004873005897190641,0.004861171235299515,-0.04927698426247351,-0.013204994546737625,43.77940902709962,45.96965999603272,48.88086853027344,0.023500244602428964,0.02126424620530004,0.841580433168474,0.060984251709363946,10547226.8
2022-06-15,42.1401481628418,42.70120174002422,41.34735295410816,42.05476947047902,10576600,41.49981689453125,46.95790863037109,45.51258087158203,42.02428071242485,47.744606181907,45.9821618369682,41.18270027925637,46.817643365371566,44.96372262162233,41.438832642821886,47.51286827829888,45.31743276521012,0.015429737194694093,0.0153119092897329,0.004873005897190641,0.00038968092405800014,42.79634170532226,45.74706687927246,48.601316375732424,0.029969963092748478,0.02076259172572225,1.3538487859160568,0.08537869236277373,11578788.0
2022-06-16,39.81665802001953,41.00585494492355,39.548326501939535,40.87778499867861,14550650,42.1401481628418,47.5677490234375,46.59201049804688,42.70120174002422,47.65922539205884,47.079884562525386,41.34735295410816,46.45173583264352,46.22000727068899,42.05476947047902,46.90301999798228,46.47613966092624,-0.05513720867434124,-0.0567155563944987,0.015429737194694093,0.01298695812598405,41.63886184692383,45.44489002227783,48.29871253967285,0.0336189239775167,0.023539043205879174,1.4575284429840139,-1.0611269786590753,12866008.4
2022-06-17,40.249637603759766,40.69482037725037,39.35926458870991,39.75566220383632,14449368,39.81665802001953,47.05548477172852,45.86019515991211,41.00585494492355,47.7385106248964,46.66518579823748,39.548326501939535,46.66518481763751,45.628453507103664,40.87778499867861,46.76886028499304,46.13462429580047,0.010874332635414374,0.010815632248558284,-0.05513720867434124,-0.010769150574196251,41.00096588134765,45.1478967666626,48.00708549499512,0.034553118446845214,0.023668416590327427,1.3355557885404608,0.49397539992344264,12678950.8
2022-06-21,40.09717559814453,41.50591094260983,40.07278115278753,41.14000546435733,12972362,40.249637603759766,45.60405731201172,46.18950271606445,40.69482037725037,46.98839818193364,46.677376649298346,39.35926458870991,45.58576054487117,45.402805251918025,39.75566220383632,46.89082413659698,45.738218581016326,-0.0037879100208592087,-0.0037951023202891046,0.010874332635414374,-0.030845021930128724,40.760687255859374,44.858221244812015,47.7178978729248,0.02863801386117449,0.023676718721720575,1.4331297898223028,-1.0428298662127986,12236779.8
2022-06-22,39.3592643737793,39.88373189507926,39.13362414924554,39.139721827253474,15573094,40.09717559814453,43.43911743164063,45.89068603515625,41.50591094260983,44.6161149788865,46.61639936597412,40.07278115278753,43.14029385256444,44.68319637654941,41.14000546435733,44.53073628000266,46.41514984486149,-0.018403072369999607,-0.018574515551621002,-0.0037879100208592087,-0.04747252784021172,40.332576751708984,44.52524681091309,47.41053688049316,0.0284111282158053,0.023715421243308072,0.7501077458337164,0.2195425465258225,13624414.8
2022-06-23,39.07264709472656,39.68858736761437,38.46890218009991,39.25559987285373,10841280,39.3592643737793,41.29856872558594,46.01875305175781,39.88373189507926,42.68901120380382,46.592005766106816,39.13362414924554,40.94486229448464,45.74432391836,39.139721827253474,42.36579316552324,46.36026411540152,-0.00728207916517043,-0.007308722930459558,-0.018403072369999607,-0.04927698426247351,39.719076538085936,44.206604385375975,47.09829727172851,0.024884810648322243,0.023686863563640165,1.2196851875144574,-0.18295277812716648,13677350.8
2022-06-24,40.90826416015625,41.4510247040248,39.28608394046406,39.432446879736986,16044991,39.07264709472656,41.49981689453125,45.44549560546875,39.68858736761437,42.02428071242485,45.658940464775775,38.46890218009991,41.18270027925637,43.94528391257479,39.25559987285373,41.438832642821886,45.57356177424614,0.04697959319161238,0.04590944095500712,-0.00728207916517043,0.004873005897190641,39.93739776611328,43.9794376373291,46.81874519348145,0.02534900691994976,0.026593784989230047,2.164940763560743,1.475817280419264,13976219.0
2022-06-27,40.731204986572266,41.45778487959425,40.38317743857357,41.195237978744,10911904,40.90826416015625,42.1401481628418,45.45159912109375,41.4510247040248,42.70120174002422,45.48818892329035,39.28608394046406,41.34735295410816,44.28679699058935,39.432446879736986,42.05476947047902,44.80516310147176,-0.004328200602469856,-0.004337594377926302,0.04697959319161238,0.015429737194694093,40.03371124267578,43.66779708862305,46.52650421142578,0.025481031312970435,0.025035408844419155,1.0746074410206816,-0.464032992171731,13268726.2
2022-06-28,40.22442626953125,41.793595100455015,39.90693102342234,41.18302444371258,11313819,40.731204986572266,39.81665802001953,46.96401596069336,41.45778487959425,41.00585494492355,47.390905787430206,40.38317743857357,39.548326501939535,45.55528027926877,41.195237978744,40.87778499867861,45.87239694265926,-0.0124420261371615,-0.012520076220886689,-0.004328200602469856,-0.05513720867434124,40.05916137695313,43.2774564743042,46.22315185546875,0.026306974155169235,0.024069493351258086,1.8866640770326768,-0.9585981741813328,12937017.6
2022-06-29,38.88727188110352,40.29769294743252,38.63693868465944,40.1328366435602,11088303,40.22442626953125,40.249637603759766,48.0312385559082,41.793595100455015,40.69482037725037,48.04343391303795,39.90693102342234,39.35926458870991,46.95181502467798,41.18302444371258,39.75566220383632,47.13476778583212,-0.03324234830517847,-0.03380743366200173,-0.0124420261371615,0.010874332635414374,39.96476287841797,42.83458957672119,45.89830108642578,0.029653928122385813,0.02468031795995305,1.6607542627730822,-1.2455647624566808,12040059.4
2022-06-30,38.87506866455078,38.93002077531233,37.708875635421045,38.191227236671935,13967359,38.88727188110352,40.09717559814453,47.74460983276367,40.29769294743252,41.50591094260983,48.20199173095256,38.63693868465944,40.07278115278753,47.421391797763015,40.1328366435602,41.14000546435733,47.537262625444455,-0.000313810045355023,-0.0003138592940307281,-0.03324234830517847,-0.0037879100208592087,39.92524719238281,42.414591789245605,45.55491119384766,0.029510724769511085,0.024773594660867298,1.2211451398912843,0.6838414278788463,12665275.2
2022-07-01,38.795692443847656,39.4062631361392,37.98363192770268,38.76516390923308,10997455,38.87506866455078,39.3592643737793,47.2750244140625,38.93002077531233,39.88373189507926,48.445920377620496,37.708875635421045,39.13362414924554,46.76885370719245,38.191227236671935,39.139721827253474,48.226377851207616,-0.0020418284373476814,-0.0020439158108878914,-0.000313810045355023,-0.018403072369999607,39.502732849121095,41.975988960266115,45.2160319519043,0.013549655329521532,0.02456772655371531,1.4226312084365205,0.030528534614575165,11655768.0
2022-07-05,37.87373352050781,37.9225769354704,36.59153125797704,37.55623450003112,12889860,38.795692443847656,39.07264709472656,47.5677490234375,39.4062631361392,39.68858736761437,47.97024803259871,37.98363192770268,38.46890218009991,47.06158202415325,38.76516390923308,39.25559987285373,47.579948113007504,-0.02376446624001549,-0.024051396109622293,-0.0020418284373476814,-0.00728207916517043,38.9312385559082,41.522694778442386,44.85481071472168,0.014121778264373401,0.024756346557335208,1.331045677493364,0.31749902047669565,12051359.2
2022-07-06,37.592872619628906,38.07522429998301,37.07999613772708,37.58676765931936,7852596,37.87373352050781,40.90826416015625,46.93961715698242,37.9225769354704,41.4510247040248,47.0493865673831,36.59153125797704,39.28608394046406,46.14681816701603,37.55623450003112,39.432446879736986,46.79935188731915,-0.007415717299875557,-0.007443350429153731,-0.02376446624001549,0.04697959319161238,38.404927825927736,41.054442977905275,44.5202938079834,0.014467197147637499,0.024638900303063913,0.995228162255934,0.006104960309549767,11359114.6
2022-07-07,38.46597671508789,38.54535238643612,37.8187726434915,38.20343360695996,10110160,37.592872619628906,40.731204986572266,46.95790863037109,38.07522429998301,41.45778487959425,47.744606181907,37.07999613772708,40.38317743857357,46.817643365371566,37.58676765931936,41.195237978744,47.51286827829888,0.023225256135470218,0.022959654456626753,-0.007415717299875557,-0.004328200602469856,38.32066879272461,40.599354362487794,44.19335960388184,0.016897937948402792,0.025257051350620344,0.7265797429446224,0.2625431081279288,11163486.0
2022-07-08,38.61862564086914,39.30857200864904,37.97752642316841,38.39271598336229,9940822,38.46597671508789,40.22442626953125,47.5677490234375,38.54535238643612,41.793595100455015,47.65922539205884,37.8187726434915,39.90693102342234,46.45173583264352,38.20343360695996,41.18302444371258,46.90301999798228,0.003968414136781062,0.003960560751534114,0.023225256135470218,-0.0124420261371615,38.26938018798828,40.17751140594483,43.98278709411621,0.017115814578109095,0.02545552898598993,1.3310455854806236,0.225909657506854,10358178.6
2022-07-11,37.80046081542969,38.2339689988454,37.501284166246144,38.09353624386664,7662393,38.61862564086914,38.88727188110352,47.05548477172852,39.30857200864904,40.29769294743252,47.7385106248964,37.97752642316841,38.63693868465944,46.66518481763751,38.39271598336229,40.1328366435602,46.76886028499304,-0.021185757179654985,-0.021413396211413478,0.003968414136781062,-0.03324234830517847,38.070333862304686,39.78733158111572,43.7848796081543,0.019345614615751145,0.02511904937468496,0.7326848325992543,-0.2930754284369499,9691166.2
2022-07-12,38.47819519042969,39.40015614043787,37.24484021265338,37.24484021265338,11678496,37.80046081542969,38.87506866455078,45.60405731201172,38.2339689988454,38.93002077531233,46.98839818193364,37.501284166246144,37.708875635421045,45.58576054487117,38.09353624386664,38.191227236671935,46.89082413659698,0.017929262246542788,0.017770428726319436,-0.021185757179654985,-0.000313810045355023,38.191226196289065,39.53928546905517,43.60638160705567,0.01820615784029435,0.024088006960991906,2.1553159277844927,1.2333549777763082,9448893.4
2022-07-13,37.86151885986328,38.2828133971561,37.37306229221785,37.8859424359442,6961770,38.47819519042969,38.795692443847656,43.43911743164063,39.40015614043787,39.4062631361392,44.6161149788865,37.24484021265338,37.98363192770268,43.14029385256444,37.24484021265338,38.76516390923308,44.53073628000266,-0.016026643856720812,-0.01615645938663808,0.017929262246542788,-0.0020418284373476814,38.244955444335936,39.36743297576904,43.45433609008789,0.019810310427546954,0.021982382685059365,0.9097511049382447,-0.024423576080920384,9270728.2
2022-07-14,37.29978942871094,37.342527876252426,36.63426671239811,37.244837325805726,8179393,37.86151885986328,37.87373352050781,41.29856872558594,38.2828133971561,37.9225769354704,42.68901120380382,37.37306229221785,36.59153125797704,40.94486229448464,37.8859424359442,37.55623450003112,42.36579316552324,-0.01483642093787818,-0.014947581484333759,-0.016026643856720812,-0.02376446624001549,38.01171798706055,39.15743160247803,43.2788591003418,0.016440783483524964,0.02200051479079664,0.708261163854317,0.054952102905211575,8884574.8
2022-07-15,38.38050079345703,38.45987272831751,37.23873152899448,37.90425423032404,9391720,37.29978942871094,37.592872619628906,41.49981689453125,37.342527876252426,38.07522429998301,42.02428071242485,36.63426671239811,37.07999613772708,41.18270027925637,37.244837325805726,37.58676765931936,41.438832642821886,0.028973658599644292,0.028561857495723448,-0.01483642093787818,-0.007415717299875557,37.96409301757812,38.96944923400879,43.09926094055176,0.0228114241362823,0.022857145505931015,1.2211411993230286,0.47624656313298885,8774754.4
2022-07-18,38.88116836547852,39.74818088631027,38.667468649135095,39.31467275664807,10607899,38.38050079345703,38.46597671508789,42.1401481628418,38.45987272831751,38.54535238643612,42.70120174002422,37.23873152899448,37.8187726434915,41.34735295410816,37.90425423032404,38.20343360695996,42.05476947047902,0.013044842085719877,0.012960490906472675,0.028973658599644292,0.023225256135470218,38.18023452758789,38.92267475128174,42.89589080810547,0.02024159090093846,0.019769598632839457,1.0807122371751774,-0.4335043911695493,9363855.6
2022-07-19,40.74951553344727,40.78614902111526,39.36962301051582,39.381832926907656,10070675,38.88116836547852,38.61862564086914,39.81665802001953,39.74818088631027,39.30857200864904,41.00585494492355,38.667468649135095,37.97752642316841,39.548326501939535,39.31467275664807,38.39271598336229,40.87778499867861,0.04805275269525078,0.04693392117327907,0.013044842085719877,0.003968414136781062,38.634498596191406,38.947668647766115,42.752329940795896,0.027814378564465825,0.022504085177739996,1.4165260105994406,1.367682606539617,9042291.4
2022-07-20,41.4516716003418,41.68979487728498,40.328220971078586,40.48086361803032,11004036,40.74951553344727,37.80046081542969,40.249637603759766,40.78614902111526,38.2339689988454,40.69482037725037,39.36962301051582,37.501284166246144,39.35926458870991,39.381832926907656,38.09353624386664,39.75566220383632,0.017231028582859853,0.017084258016105577,0.04805275269525078,-0.021185757179654985,39.35252914428711,39.01539344787598,42.627202911376955,0.023052919991344293,0.022765120712771852,1.3615739062063952,0.9708079823114772,9850744.6
2022-07-21,41.59821701049805,41.7264361100388,40.96932769292668,41.33567011361063,9551106,41.4516716003418,38.47819519042969,40.09717559814453,41.68979487728498,39.40015614043787,41.50591094260983,40.328220971078586,37.24484021265338,40.07278115278753,40.48086361803032,37.24484021265338,41.14000546435733,0.003535331736900016,0.0035290971415759195,0.017231028582859853,0.017929262246542788,40.212214660644534,39.12734107971191,42.569162368774414,0.01711081115578389,0.022257925822305125,0.7571084171121143,0.2625468968874145,10125087.2
2022-07-22,41.63484954833984,41.98287334459676,41.421149807850455,41.76306864493486,9009387,41.59821701049805,37.86151885986328,39.3592643737793,41.7264361100388,38.2828133971561,39.88373189507926,40.96932769292668,37.37306229221785,39.13362414924554,41.33567011361063,37.8859424359442,39.139721827253474,0.0008806275959507559,0.000880240070962825,0.003535331736900016,-0.016026643856720812,40.863084411621095,39.25545120239258,42.50770744323731,0.018842002116141485,0.022133898046313764,0.5617235367463067,-0.12821909659502495,10048620.6
2022-07-25,41.7386474609375,42.0866750156258,40.92658690515807,41.14028665789021,9468604,41.63484954833984,37.29978942871094,39.07264709472656,41.98287334459676,37.342527876252426,39.68858736761437,41.421149807850455,36.63426671239811,38.46890218009991,41.76306864493486,37.244837325805726,39.25559987285373,0.002493053625116426,0.0024899511223282636,0.0008806275959507559,-0.01483642093787818,41.43458023071289,39.29697036743164,42.458939743041995,0.01989412521023549,0.019617343156875217,1.1600881104677327,0.5983608030472922,9820761.6
2022-07-26,43.66194915771485,44.79760995788493,42.22099925672116,42.5446032361886,28957643,41.7386474609375,38.38050079345703,40.90826416015625,42.0866750156258,38.45987272831751,41.4510247040248,40.92658690515807,37.23873152899448,39.28608394046406,41.14028665789021,37.90425423032404,39.432446879736986,0.04607963635087442,0.04504949692332791,0.002493053625116426,0.028973658599644292,42.017066955566406,39.44350757598877,42.43839294433594,0.019062856497910265,0.02196871200702402,2.576610701163773,1.1173459215262511,13598155.2
2022-07-27,43.70468521118164,44.205355420984176,42.80103909294796,43.96112714454189,11570152,43.66194915771485,38.88116836547852,40.731204986572266,44.79760995788493,39.74818088631027,41.45778487959425,42.22099925672116,38.667468649135095,40.38317743857357,42.5446032361886,39.31467275664807,41.195237978744,0.000978793990905391,0.0009783152844116357,0.04607963635087442,0.013044842085719877,42.46766967773438,39.61752052307129,42.397112350463864,0.019756538971145467,0.021652156179305663,1.4043163280362165,-0.2564419333602501,13711378.4
2022-07-28,44.657169342041016,45.73177661924912,44.51674034316204,45.51807690320088,18063717,43.70468521118164,40.74951553344727,40.22442626953125,44.205355420984176,40.78614902111526,41.793595100455015,42.80103909294796,39.36962301051582,39.90693102342234,43.96112714454189,39.381832926907656,41.18302444371258,0.021793638971587592,0.021559552578670746,0.000978793990905391,0.04805275269525078,43.07946014404297,39.906015396118164,42.38000411987305,0.01976697142215603,0.020057858646174858,1.2150362760870763,-0.8609075611598627,15413900.6
2022-07-29,45.12731170654297,45.49975904154341,44.223665682630326,44.57169318332991,12729511,44.657169342041016,41.4516716003418,38.88727188110352,45.73177661924912,41.68979487728498,40.29769294743252,44.51674034316204,40.328220971078586,38.63693868465944,45.51807690320088,40.48086361803032,40.1328366435602,0.010527813818672849,0.010472782290924952,0.021793638971587592,0.017231028582859853,43.77795257568359,40.218627548217775,42.35071014404297,0.018545001004714328,0.019992488292549137,1.2760933589130872,0.5556185232130559,16157925.4
2022-08-01,46.28129959106445,46.61711349889258,44.38242159418707,44.75487273730025,14685317,45.12731170654297,41.59821701049805,38.87506866455078,45.49975904154341,41.7264361100388,38.93002077531233,44.223665682630326,40.96932769292668,37.708875635421045,44.57169318332991,41.33567011361063,38.191227236671935,0.025571828697125154,0.025250338687985117,0.010527813818672849,0.003535331736900016,44.686483001708986,40.59290790557861,42.35913223266601,0.01703697851051257,0.020238320644831796,2.2346919047055067,1.5264268537641996,17201268.0
2022-08-02,45.40207290649414,46.4339381148578,45.37764933132416,45.93937660626133,9290599,46.28129959106445,41.63484954833984,38.795692443847656,46.61711349889258,41.98287334459676,39.4062631361392,44.38242159418707,41.421149807850455,37.98363192770268,44.75487273730025,41.76306864493486,38.76516390923308,-0.01899745020859489,-0.01918022024440757,0.025571828697125154,0.0008806275959507559,45.034507751464844,40.96932487487793,42.34338363647461,0.017913542296015765,0.019855941354004123,1.0562887835336454,-0.5373036997671861,13267859.2
2022-08-03,45.63408660888672,45.97600541091666,45.21889708881936,45.74398707820384,9678390,45.40207290649414,41.7386474609375,37.87373352050781,46.4339381148578,42.0866750156258,37.9225769354704,45.37764933132416,40.92658690515807,36.59153125797704,45.93937660626133,41.14028665789021,37.55623450003112,0.00511020064811607,0.005097187885840758,-0.01899745020859489,0.002493053625116426,45.42038803100586,41.37138557434082,42.33825164794922,0.01760274894896608,0.019495511677535785,0.7571083220973023,-0.10990046931711817,12889506.8
2022-08-04,44.98077392578125,45.57913463490883,44.91361190459167,45.48144408240648,6942669,45.63408660888672,43.66194915771485,37.592872619628906,45.97600541091666,44.79760995788493,38.07522429998301,45.21889708881936,42.22099925672116,37.07999613772708,45.74398707820384,42.5446032361886,37.58676765931936,-0.01431633087575035,-0.014419798243213223,0.00511020064811607,0.04607963635087442,45.48510894775391,41.69712543487549,42.31749206542969,0.018332064274645083,0.019948799841293684,0.6655227303171642,-0.5006701566252332,10665297.2
2022-08-05,45.40207290649414,45.81726246890452,44.69381165752325,44.83424067238774,7447953,44.98077392578125,43.70468521118164,38.46597671508789,45.57913463490883,44.205355420984176,38.54535238643612,44.91361190459167,42.80103909294796,37.8187726434915,45.48144408240648,43.96112714454189,38.20343360695996,0.009366201244292549,0.009322610357372535,-0.01431633087575035,0.000978793990905391,45.54006118774414,42.03629779815674,42.3166236114502,0.01819717135623087,0.019927311871834344,1.123450811381268,0.5678322341063975,9608985.6
2022-08-08,45.902740478515625,46.8796573393643,45.70735934944178,46.33014370803932,9833442,45.40207290649414,44.657169342041016,38.61862564086914,45.81726246890452,45.73177661924912,39.30857200864904,44.69381165752325,44.51674034316204,37.97752642316841,44.83424067238774,45.51807690320088,38.39271598336229,0.011027416590705386,0.010967057960160856,0.009366201244292549,0.021793638971587592,45.464349365234376,42.44141178131103,42.32564643859863,0.014045507592136255,0.018680609278084445,1.1722979899225194,-0.4274032295236978,8638610.6
2022-08-09,45.750091552734375,46.45835646047294,45.71345806334957,46.01874337237735,7581496,45.902740478515625,45.12731170654297,37.80046081542969,46.8796573393643,45.49975904154341,38.2339689988454,45.70735934944178,44.223665682630326,37.501284166246144,46.33014370803932,44.57169318332991,38.09353624386664,-0.00332548610801775,-0.003331027826293932,0.011027416590705386,0.010527813818672849,45.53395309448242,42.80500659942627,42.301367950439456,0.010477329897939027,0.018805214000756968,0.7448983971233716,-0.2686518196429759,8296790.0
2022-08-10,47.09946060180664,47.5024365047388,46.34845716659754,46.53162837142971,16331500,45.750091552734375,46.28129959106445,38.47819519042969,46.45835646047294,46.61711349889258,39.40015614043787,45.71345806334957,44.38242159418707,37.24484021265338,46.01874337237735,44.75487273730025,37.24484021265338,0.029494346421512718,0.029067755893661562,-0.00332548610801775,0.025571828697125154,45.82702789306641,43.266903686523435,42.28273239135742,0.016487112376468816,0.01838487680980748,1.1539793381412622,0.5678322303769292,9627412.0
2022-08-11,48.17406463623047,48.36334454017959,47.60012744219191,47.62455101739435,14557872,47.09946060180664,45.40207290649414,37.86151885986328,47.5024365047388,46.4339381148578,38.2828133971561,46.34845716659754,45.37764933132416,37.37306229221785,46.53162837142971,45.93937660626133,37.8859424359442,0.02281563356975269,0.022559249388232207,0.029494346421512718,-0.01899745020859489,46.46568603515625,43.810617446899414,42.29132148742676,0.012729823537383719,0.01749159723539617,0.7632170979876776,0.5495136188361158,11150452.6
2022-08-12,48.80294799804688,48.82737157027572,47.96646401478765,48.412182057863134,8273452,48.17406463623047,45.63408660888672,37.29978942871094,48.36334454017959,45.97600541091666,37.342527876252426,47.60012744219191,45.21889708881936,36.63426671239811,47.62455101739435,45.74398707820384,37.244837325805726,0.01305439693671695,0.012969922676460164,0.02281563356975269,0.00511020064811607,47.1458610534668,44.331739807128905,42.32187995910645,0.012508123402375945,0.017084734466555392,0.8609075554880761,0.3907659401837478,11315552.4
2022-08-15,48.72968673706055,48.93727777912984,48.2839686416912,48.42440139461389,5467107,48.80294799804688,44.98077392578125,38.38050079345703,48.82737157027572,45.57913463490883,38.45987272831751,47.96646401478765,44.91361190459167,37.23873152899448,48.412182057863134,45.48144408240648,37.90425423032404,-0.0015011646630295195,-0.0015022925395958976,0.01305439693671695,-0.01431633087575035,47.71125030517578,44.824165725708006,42.34511871337891,0.014502034175870955,0.017355284571364735,0.6533091374386402,0.30528534244665906,10442285.4
2022-08-16,49.49900436401367,49.63943711498355,48.32060146315876,48.43050568030849,9268610,48.72968673706055,45.40207290649414,38.88116836547852,48.93727777912984,45.81726246890452,39.74818088631027,48.2839686416912,44.69381165752325,38.667468649135095,48.42440139461389,44.83424067238774,39.31467275664807,0.0157874527514259,0.01566412722309866,-0.0015011646630295195,0.009366201244292549,48.46103286743164,45.26164016723633,42.39630645751953,0.011656954551002368,0.015135747273609647,1.3188356518247915,1.0684986837051795,10779708.2
2022-08-17,48.79684448242188,49.07770622512653,48.39386861345496,48.882325118504006,6485057,49.49900436401367,45.902740478515625,40.74951553344727,49.63943711498355,46.8796573393643,40.78614902111526,48.32060146315876,45.70735934944178,39.36962301051582,48.43050568030849,46.33014370803932,39.381832926907656,-0.014185333434752256,-0.014286906991093485,0.0157874527514259,0.011027416590705386,48.80050964355469,45.628898811340335,42.433085174560546,0.01487370922359224,0.015941506934067824,0.6838376116715708,-0.0854806360821243,8810419.6
2022-08-18,48.36334228515625,48.77852809026673,48.241228153330894,48.70526110656868,6421014,48.79684448242188,45.750091552734375,41.4516716003418,49.07770622512653,46.45835646047294,41.68979487728498,48.39386861345496,45.71345806334957,40.328220971078586,48.882325118504006,46.01874337237735,40.48086361803032,-0.008883816194749872,-0.008923512568245542,-0.014185333434752256,-0.00332548610801775,48.838365173339845,45.967155075073244,42.448997039794925,0.013213734436329871,0.016373289633957754,0.5372999369358382,-0.3419188214124276,7183048.0
2022-08-19,47.45359802246094,47.98479307625495,47.17884118667229,47.92984096139854,5801930,48.36334228515625,47.09946060180664,41.59821701049805,48.77852809026673,47.5024365047388,41.7264361100388,48.241228153330894,46.34845716659754,40.96932769292668,48.70526110656868,46.53162837142971,41.33567011361063,-0.018810616051540552,-0.01898978611367208,-0.008883816194749872,0.029494346421512718,48.568495178222655,46.2580924987793,42.45695930480957,0.013538854361323632,0.017366148712095263,0.8059518895826656,-0.4762429389376024,6688743.6
2022-08-22,45.65850830078125,46.50719844310354,45.402066405952745,46.482778609923,8143279,47.45359802246094,48.17406463623047,41.63484954833984,47.98479307625495,48.36334454017959,41.98287334459676,47.17884118667229,47.60012744219191,41.421149807850455,47.92984096139854,47.62455101739435,41.76306864493486,-0.03782831642882012,-0.038562378988752234,-0.018810616051540552,0.02281563356975269,47.9542594909668,46.45408554077149,42.45804832458496,0.019345806831051165,0.0200186553323332,1.1051320371507956,-0.8242703091417525,7223978.0
2022-08-23,46.464473724365234,47.1971586600724,45.74399870885574,45.78674090653484,7642490,45.65850830078125,48.80294799804688,41.7386474609375,46.50719844310354,48.82737157027572,42.0866750156258,45.402066405952745,47.96646401478765,40.92658690515807,46.482778609923,48.412182057863134,41.14028665789021,0.017652031430255732,0.01749804381213076,-0.03782831642882012,0.01305439693671695,47.34735336303711,46.59421176910401,42.51855545043945,0.02003977422115426,0.01781272977625437,1.453159951216655,0.6777328178303961,6898754.0
2022-08-24,46.855228424072266,47.18493731299287,46.33013842834308,46.49499100355702,7649392,46.464473724365234,48.72968673706055,43.66194915771485,47.1971586600724,48.93727777912984,44.79760995788493,45.74399870885574,48.2839686416912,42.22099925672116,45.78674090653484,48.42440139461389,42.5446032361886,0.008409751975779312,0.008374587026416677,0.017652031430255732,-0.0015011646630295195,46.95903015136719,46.751738929748534,42.62968864440918,0.021992200754897943,0.017839977375735696,0.8547988846497887,0.3602374205152472,7131621.0
2022-08-25,47.71003341674805,48.650313057939655,47.20325823200066,47.23989172690564,8349212,46.855228424072266,49.49900436401367,43.70468521118164,47.18493731299287,49.63943711498355,44.205355420984176,46.33013842834308,48.32060146315876,42.80103909294796,46.49499100355702,48.43050568030849,43.96112714454189,0.01824353485035224,0.018079118250855956,0.008409751975779312,0.0157874527514259,46.82836837768555,46.904382133483885,42.753892974853514,0.024847242794005974,0.01766664431112932,1.4470548259389986,0.4701416898424071,7517260.6
2022-08-26,45.95769119262695,48.00310671888888,45.9210576993506,47.86267396642096,8628819,47.71003341674805,48.79684448242188,44.657169342041016,48.650313057939655,49.07770622512653,45.73177661924912,47.20325823200066,48.39386861345496,44.51674034316204,47.23989172690564,48.882325118504006,45.51807690320088,-0.03672900852561456,-0.03742050337032941,0.01824353485035224,-0.014185333434752256,46.52918701171875,46.94590110778809,42.83024383544922,0.028775464874640767,0.01971333413451011,2.0820490195382817,-1.9049827737940035,8082638.4
2022-08-29,46.43393325805664,46.91628479786264,45.35322101239115,45.69514355202096,7868808,45.95769119262695,48.36334228515625,45.12731170654297,48.00310671888888,48.77852809026673,45.49975904154341,45.9210576993506,48.241228153330894,44.223665682630326,47.86267396642096,48.70526110656868,44.57169318332991,0.010362619467404688,0.010309295593264173,-0.03672900852561456,-0.008883816194749872,46.68427200317383,46.9535327911377,42.96258934020996,0.02295205665670468,0.018999981996978464,1.5630637854714848,0.7387897060356821,8027744.2
2022-08-30,45.872215270996094,47.123885197801215,45.38375497570098,46.86744326238429,6886330,46.43393325805664,47.45359802246094,46.28129959106445,46.91628479786264,47.98479307625495,46.61711349889258,45.35322101239115,47.17884118667229,44.38242159418707,45.69514355202096,47.92984096139854,44.75487273730025,-0.01209714421431407,-0.012170910171957535,0.010362619467404688,-0.018810616051540552,46.5658203125,46.977039909362794,43.075040893554686,0.02223959844257559,0.018690539521132365,1.740130222100234,-0.9952279913881981,7876512.2
2022-08-31,44.84034729003906,46.27519219554436,44.79150387638563,46.04317383058768,10274200,45.872215270996094,45.65850830078125,45.40207290649414,47.123885197801215,46.50719844310354,46.4339381148578,45.38375497570098,45.402066405952745,45.37764933132416,46.86744326238429,46.482778609923,45.93937660626133,-0.022494400474473153,-0.022751258724162296,-0.01209714421431407,-0.03782831642882012,46.16284408569336,46.93735294342041,43.16990432739258,0.022785222675916858,0.019353828051225697,1.4836883191587305,-1.202826540548621,8401473.8
2022-09-01,44.62052917480469,44.72432840730342,43.61308780706501,44.72432840730342,8002191,44.84034729003906,46.464473724365234,45.63408660888672,46.27519219554436,47.1971586600724,45.97600541091666,44.79150387638563,45.74399870885574,45.21889708881936,46.04317383058768,45.78674090653484,45.74398707820384,-0.004902239356277427,-0.004914294746707628,-0.022494400474473153,0.017652031430255732,45.544943237304686,46.91934070587158,43.275129623413086,0.01778526335773781,0.019118228166905813,1.1112406002384105,-0.10379923249873002,8332069.6
2022-09-02,44.22367477416992,45.40207782265856,44.02829362864026,45.05405025041118,6479760,44.62052917480469,46.855228424072266,44.98077392578125,44.72432840730342,47.18493731299287,45.57913463490883,43.61308780706501,46.33013842834308,44.91361190459167,44.72432840730342,46.49499100355702,45.48144408240648,-0.00889398687048415,-0.00893377446093355,-0.004902239356277427,0.008409751975779312,45.19813995361328,46.86042079925537,43.378150177001956,0.011975760494660028,0.01907193333876594,1.3737841940182989,-0.8303754762412581,7902257.8
2022-09-06,44.05881118774414,44.35188283301126,43.436026931878,44.266402201206986,6472859,44.22367477416992,47.71003341674805,45.40207290649414,45.40207782265856,48.650313057939655,45.81726246890452,44.02829362864026,47.20325823200066,44.69381165752325,45.05405025041118,47.23989172690564,44.83424067238774,-0.0037279485991985606,-0.003734914717855068,-0.00889398687048415,0.01824353485035224,44.72311553955078,46.7682243347168,43.44116111755371,0.007519339410093929,0.01886069877737689,0.9158559011332628,-0.2075910134628458,7623068.0
2022-09-07,44.92582702636719,45.02351759018698,43.79016627766422,43.90006676002657,5494394,44.05881118774414,45.95769119262695,45.902740478515625,44.35188283301126,48.00310671888888,46.8796573393643,43.436026931878,45.9210576993506,45.70735934944178,44.266402201206986,47.86267396642096,46.33014370803932,0.01967860265063681,0.019487482202628675,-0.0037279485991985606,-0.03672900852561456,44.533837890625,46.727011108398436,43.52505355834961,0.015227730555023408,0.01945970871318474,1.2333513125227569,1.025760266340619,7344680.8
2022-09-08,45.04183578491211,45.23111195150883,44.009970568958245,44.290832339246265,5810597,44.92582702636719,46.43393325805664,45.750091552734375,45.02351759018698,46.91628479786264,46.45835646047294,43.79016627766422,45.35322101239115,45.71345806334957,43.90006676002657,45.69514355202096,46.01874337237735,0.0025822286694208163,0.002578900445229634,0.01967860265063681,0.010362619467404688,44.57413558959961,46.62412986755371,43.62140174865723,0.011252340624855042,0.01814603206719249,1.2211413825505844,0.7510034456658445,6451960.2
2022-09-09,45.20669174194336,45.77452402250356,44.9868870244177,45.50587588913518,10795534,45.04183578491211,45.872215270996094,47.09946060180664,45.23111195150883,47.123885197801215,47.5024365047388,44.009970568958245,45.38375497570098,46.34845716659754,44.290832339246265,46.86744326238429,46.53162837142971,0.00366006300938726,0.00365338127751433,0.0025822286694208163,-0.01209714421431407,44.691368103027344,46.47576122283935,43.74779014587402,0.010781228017663248,0.01724643892960927,0.7876369980858655,-0.2991841471918235,7010628.8
2022-09-12,45.98821258544922,46.702582416625255,45.34100850975848,45.43259409797393,11661482,45.20669174194336,44.84034729003906,48.17406463623047,45.77452402250356,46.27519219554436,48.36334454017959,44.9868870244177,44.79150387638563,47.60012744219191,45.50587588913518,46.04317383058768,47.62455101739435,0.017287724745864486,0.017139992241141887,0.00366006300938726,-0.022494400474473153,45.0442756652832,46.335024452209474,43.890053024291994,0.010103585103985343,0.01747866275271058,1.3615739068667736,0.5556184874752859,8046973.2
2022-09-13,43.25285339355469,45.09677875040311,43.11852936410868,44.730436409922376,11574005,45.98821258544922,44.62052917480469,48.80294799804688,46.702582416625255,44.72432840730342,48.82737157027572,45.34100850975848,43.61308780706501,47.96646401478765,45.43259409797393,44.72432840730342,48.412182057863134,-0.05947957178835872,-0.06132190989040006,0.017287724745864486,-0.004902239356277427,44.88308410644531,46.06118278503418,43.97919624328613,0.03236914995405634,0.021576205857134878,1.9782493862944293,-1.4775830163676886,9067202.4
2022-09-14,42.75830459594727,43.35055672571748,41.934034086693416,43.16738550143885,9968109,43.25285339355469,44.22367477416992,48.72968673706055,45.09677875040311,45.40207782265856,48.93727777912984,43.11852936410868,44.02829362864026,48.2839686416912,44.730436409922376,45.05405025041118,48.42440139461389,-0.011433899935052838,-0.011499769547974199,-0.05947957178835872,-0.00889398687048415,44.44957962036133,45.72414779663086,44.07688766479493,0.02974241312362042,0.02099904088755459,1.4165226390240662,-0.40908090549157805,9961945.4
2022-09-15,42.074462890625,43.22233738536557,41.97677231923065,42.60566168128945,7908775,42.75830459594727,44.05881118774414,49.49900436401367,43.35055672571748,44.35188283301126,49.63943711498355,41.934034086693416,43.436026931878,48.32060146315876,43.16738550143885,44.266402201206986,48.43050568030849,-0.01599319037048741,-0.016122461598633453,-0.011433899935052838,-0.0037279485991985606,43.85610504150391,45.38802871704102,44.16651947021485,0.029010698601529463,0.021035098845466862,1.2455650661349225,-0.5311987906644475,10381581.0
2022-09-16,40.53582000732422,40.664042846949215,39.79703019747605,39.93135799648957,22966955,42.074462890625,44.92582702636719,48.79684448242188,43.22233738536557,45.02351759018698,49.07770622512653,41.97677231923065,43.79016627766422,48.39386861345496,42.60566168128945,43.90006676002657,48.882325118504006,-0.0365695193139024,-0.03725494662541489,-0.01599319037048741,0.01967860265063681,42.92193069458008,44.996652603149414,44.20791633605958,0.0287460135069535,0.02204076204837216,0.8670126494731676,0.6044620108346521,12815865.2
2022-09-19,40.93880081176758,41.20745267882111,39.96799261003654,40.0473645612954,8045047,40.53582000732422,45.04183578491211,48.36334228515625,40.664042846949215,45.23111195150883,48.77852809026673,39.79703019747605,44.009970568958245,48.241228153330894,39.93135799648957,44.290832339246265,48.70526110656868,0.009941350745354294,0.009892260598167316,-0.0365695193139024,0.0025822286694208163,41.91204833984375,44.670912742614746,44.254319839477546,0.02637453463504094,0.02227302372804371,1.2394600687845738,0.8914362504721751,12092578.2
2022-09-20,40.657936096191406,41.0303834643999,40.26106515301171,40.57245545303871,8379870,40.93880081176758,45.20669174194336,47.45359802246094,41.20745267882111,45.77452402250356,47.98479307625495,39.96799261003654,44.9868870244177,47.17884118667229,40.0473645612954,45.50587588913518,47.92984096139854,-0.006860599480369767,-0.006884241587719522,0.009941350745354294,0.00366006300938726,41.39306488037109,44.420884132385254,44.31146934509278,0.01678984714687311,0.02106951908932509,0.7693183113881901,0.08548064315269954,11453751.2
2022-09-21,39.82145309448242,40.95100888634637,39.78481960028276,40.92048035143113,10164733,40.657936096191406,45.98821258544922,45.65850830078125,41.0303834643999,46.702582416625255,46.50719844310354,40.26106515301171,45.34100850975848,45.402066405952745,40.57245545303871,45.43259409797393,46.482778609923,-0.020573671022797946,-0.020788257313153684,-0.006860599480369767,0.017287724745864486,40.805694580078125,44.08873310089111,44.33833450317384,0.017180860404781756,0.020580387161631828,1.166189286063613,-1.099027256948709,11493076.0
2022-09-22,39.90692901611328,40.12062873522408,39.394048942548814,39.687124338440704,11345279,39.82145309448242,43.25285339355469,46.464473724365234,40.95100888634637,45.09677875040311,47.1971586600724,39.78481960028276,43.11852936410868,45.74399870885574,40.92048035143113,44.730436409922376,45.78674090653484,0.0021464792213397033,0.002144178826061511,-0.020573671022797946,-0.05947957178835872,40.372187805175784,43.74131813049316,44.37924270629884,0.018520650350938455,0.02037248471151375,0.7265797926752668,0.2198046776725775,12180376.8
2022-09-23,39.41236877441406,39.735972742301314,38.801798071602775,39.41236877441406,13124524,39.90692901611328,42.75830459594727,46.855228424072266,40.12062873522408,43.35055672571748,47.18493731299287,39.394048942548814,41.934034086693416,46.33013842834308,39.687124338440704,43.16738550143885,46.49499100355702,-0.012392841391015819,-0.012470273047119344,0.0021464792213397033,-0.011433899935052838,40.14749755859375,43.32643489837646,44.4214942932129,0.011973622651963816,0.019442324005657697,0.934174670698539,0.0,10211890.6
2022-09-26,39.33900451660156,40.44551169097488,39.253421552443136,39.449045103564885,16780605,39.41236877441406,42.074462890625,47.71003341674805,39.735972742301314,43.22233738536557,48.650313057939655,38.801798071602775,41.97677231923065,47.20325823200066,39.41236877441406,42.60566168128945,47.23989172690564,-0.0018614526376837803,-0.0018631872936324648,-0.012392841391015819,-0.01599319037048741,39.827538299560544,42.995500564575195,44.440664367675794,0.008934250936091518,0.018390464214662255,1.1920901385317464,-0.11004058696332208,11959002.2
2022-09-27,39.41236877441406,39.92588530914442,38.82549433892165,39.64467128891523,12596770,39.33900451660156,40.53582000732422,45.95769119262695,40.44551169097488,40.664042846949215,48.00310671888888,39.253421552443136,39.79703019747605,45.9210576993506,39.449045103564885,39.93135799648957,47.86267396642096,0.0018649241055792576,0.0018631872936325316,-0.0018614526376837803,-0.0365695193139024,39.57842483520508,42.644422340393064,44.4512883758545,0.009980940370047622,0.018049077219155316,1.1003909702227688,-0.23230251450116413,12802382.2
2022-09-28,39.40625762939453,39.77305463240258,39.24119673216163,39.73025940283904,10686228,39.41236877441406,40.93880081176758,46.43393325805664,39.92588530914442,41.20745267882111,46.91628479786264,38.82549433892165,39.96799261003654,45.35322101239115,39.64467128891523,40.0473645612954,45.69514355202096,-0.00015505652691183425,-0.00015506854941789796,0.0018649241055792576,0.009941350745354294,39.4953857421875,42.32112445831299,44.424423217773445,0.005990271693438135,0.01810405984759552,0.5318579002409436,-0.32400177344450753,12906681.2
2022-09-29,38.3486557006836,39.19229025192261,37.85348052631803,38.98443788129962,14124337,39.40625762939453,40.657936096191406,45.872215270996094,39.77305463240258,41.0303834643999,47.123885197801215,39.24119673216163,40.26106515301171,45.38375497570098,39.73025940283904,40.57245545303871,46.86744326238429,-0.026838425984456515,-0.027205153012232454,-0.00015505652691183425,-0.006860599480369767,39.18373107910156,41.99653987884521,44.36236289978028,0.011944128309122493,0.01831935090821885,1.3388097256045768,-0.6357821806160189,13462492.8
2022-09-30,37.84736251831055,38.69099703097591,37.82902491602843,38.29363365415109,12709126,38.3486557006836,39.82145309448242,44.84034729003906,39.19229025192261,40.95100888634637,46.27519219554436,37.85348052631803,39.78481960028276,44.79150387638563,38.98443788129962,40.92048035143113,46.04317383058768,-0.01307198839734347,-0.013158178781446372,-0.026838425984456515,-0.020573671022797946,38.87072982788086,41.657881546020505,44.28734580993653,0.01201199630070582,0.01834648334622203,0.861972114947477,-0.44627113584054,13379413.2
2022-10-03,38.88050842285156,39.35734597690744,37.99408241982001,38.36699192074487,8721754,37.84736251831055,39.90692901611328,44.62052917480469,38.69099703097591,40.12062873522408,44.72432840730342,37.82902491602843,39.394048942548814,43.61308780706501,38.29363365415109,39.687124338440704,44.72432840730342,0.027297698856589614,0.026931761245933505,-0.01307198839734347,0.0021464792213397033,38.77903060913086,41.39072322845459,44.23225898742677,0.02010018606024271,0.019970256890017916,1.3632635570874285,0.5135165021066896,11767643.0
2022-10-04,41.28914260864258,41.350275430928384,39.6568940077327,39.663006541335,12441557,38.88050842285156,39.41236877441406,44.22367477416992,39.35734597690744,39.735972742301314,45.40207782265856,37.99408241982001,38.801798071602775,44.02829362864026,38.36699192074487,39.41236877441406,45.05405025041118,0.06194965764324656,0.060106518347064125,0.027297698856589614,-0.012392841391015819,39.15438537597656,41.25223979949951,44.223268890380865,0.03532122203233767,0.025134666113133055,1.6933814231956816,1.626136067307577,11736600.4
2022-10-05,41.228023529052734,41.69874492030825,40.37827626740422,40.76952346594418,9327837,41.28914260864258,39.33900451660156,44.05881118774414,41.350275430928384,40.44551169097488,44.35188283301126,39.6568940077327,39.253421552443136,43.436026931878,39.663006541335,39.449045103564885,44.266402201206986,-0.00148027001115425,-0.0014813666931978468,0.06194965764324656,-0.0018614526376837803,39.5187385559082,41.06734962463379,44.174590377807625,0.03541977350732474,0.02457146037946961,1.320468652904033,0.45850006310855207,11464922.2
2022-10-06,40.4821891784668,41.25246577315774,40.21931653194445,40.79396583943943,7953396,41.228023529052734,39.41236877441406,44.92582702636719,41.69874492030825,39.92588530914442,45.02351759018698,40.37827626740422,38.82549433892165,43.79016627766422,40.76952346594418,39.64467128891523,43.90006676002657,-0.01809047067367564,-0.018256103867404127,-0.00148027001115425,0.0018649241055792576,39.94544525146485,40.83936729431152,44.11014045715333,0.03332581913893243,0.02471443733670128,1.0331492412132874,-0.3117766609726331,10230734.0
2022-10-07,39.46738815307617,40.21320718495118,39.18617788252323,40.109282870768105,6856315,40.4821891784668,39.40625762939453,45.04183578491211,41.25246577315774,39.77305463240258,45.23111195150883,40.21931653194445,39.24119673216163,44.009970568958245,40.79396583943943,39.73025940283904,44.290832339246265,-0.025067839610077636,-0.02538738949228597,-0.01809047067367564,-0.00015505652691183425,40.26945037841797,40.552402114868165,44.00634483337403,0.035856619937250915,0.025015622085578827,1.0270293024279482,-0.6418947176919332,9060171.8
2022-10-10,39.72414779663086,40.115398690944666,39.16172720945816,39.76694302719474,5764210,39.46738815307617,38.3486557006836,45.20669174194336,40.21320718495118,39.19229025192261,45.77452402250356,39.18617788252323,37.85348052631803,44.9868870244177,40.109282870768105,38.98443788129962,45.50587588913518,0.006505615283150634,0.006484545101670181,-0.025067839610077636,-0.026838425984456515,40.43817825317383,40.23919887542725,43.89828155517579,0.03436745936916511,0.024589247284195075,0.9536714814865093,-0.04279523056388257,8468663.0
2022-10-11,39.12504577636719,39.89532252005194,38.562625171045056,39.424597427452106,8500412,39.72414779663086,37.84736251831055,45.98821258544922,40.115398690944666,38.69099703097591,46.702582416625255,39.16172720945816,37.82902491602843,45.34100850975848,39.76694302719474,38.29363365415109,45.43259409797393,-0.015081557528453304,-0.015196440759390152,0.006505615283150634,-0.01307198839734347,40.00535888671875,40.032808494567874,43.755156478881844,0.01285760705844514,0.021400149403911318,1.3326973490068852,-0.29955165108491855,7680434.0
2022-10-12,39.577423095703125,39.99312781867987,38.55039009960276,38.93552840892333,8598323,39.12504577636719,38.88050842285156,43.25285339355469,39.89532252005194,39.35734597690744,45.09677875040311,38.562625171045056,37.99408241982001,43.11852936410868,39.424597427452106,38.36699192074487,44.730436409922376,0.011562346071660956,0.011496012969528561,-0.015081557528453304,0.027297698856589614,39.67523880004883,39.87376441955566,43.638663482666026,0.016096347043697626,0.021640723780516152,1.4427377190771153,0.6418946867797928,7534531.2
2022-10-13,41.53367614746094,41.79043251771599,38.62986318846845,38.9355273164538,12818915,39.577423095703125,41.28914260864258,42.75830459594727,39.99312781867987,41.350275430928384,43.35055672571748,38.55039009960276,39.6568940077327,41.934034086693416,38.93552840892333,39.663006541335,43.16738550143885,0.04942850996203951,0.04824573977073073,0.011562346071660956,0.06194965764324656,39.885536193847656,39.84672508239746,43.55665527343751,0.028833426526075435,0.02443849319057289,3.1605693292475436,2.598148831007137,8507635.0
2022-10-14,41.30748748779297,42.04719776229267,41.07518496805425,41.75375866636452,9106174,41.53367614746094,41.228023529052734,42.074462890625,41.79043251771599,41.69874492030825,43.22233738536557,38.62986318846845,40.37827626740422,41.97677231923065,38.9355273164538,40.76952346594418,42.60566168128945,-0.005445909937394133,-0.005460792963925651,0.04942850996203951,-0.00148027001115425,40.25355606079101,39.8853084564209,43.48318954467774,0.02467327664670717,0.022957993836072596,0.9720127942384167,-0.44627117857154985,8957606.8
2022-10-17,41.95549774169922,42.909169171242176,41.83323207783135,42.151121306635,8251944,41.30748748779297,40.4821891784668,40.53582000732422,42.04719776229267,41.25246577315774,40.664042846949215,41.07518496805425,40.21931653194445,39.79703019747605,41.75375866636452,40.79396583943943,39.93135799648957,0.015687476855079874,0.015565700316647882,-0.005445909937394133,-0.01809047067367564,40.699826049804685,39.93614330291748,43.41425804138184,0.02474616004963366,0.023108751406462742,1.075937093410829,-0.19562356493577937,9455153.6
2022-10-18,43.220951080322266,43.48993632191251,42.75022971488868,42.90917434846804,9806637,41.95549774169922,39.46738815307617,40.93880081176758,42.909169171242176,40.21320718495118,41.20745267882111,41.83323207783135,39.18617788252323,39.96799261003654,42.151121306635,40.109282870768105,40.0473645612954,0.03016180016296932,0.029715877441452675,0.015687476855079874,-0.025067839610077636,41.5190071105957,40.064294052124026,43.36062225341798,0.020653067579365247,0.02387589299343441,0.7397066070238267,0.3117767318542235,9716398.6
2022-10-19,43.11701965332031,43.39211738493163,42.38953823665512,42.958075045904586,8408280,43.220951080322266,39.72414779663086,40.657936096191406,43.48993632191251,40.115398690944666,41.0303834643999,42.75022971488868,39.16172720945816,40.26106515301171,42.90917434846804,39.76694302719474,40.57245545303871,-0.0024046538635581483,-0.002407549686893214,0.03016180016296932,0.006505615283150634,42.22692642211914,40.229072380065915,43.307960815429695,0.02294419938080113,0.02325624087261282,1.00257914827651,0.15894460741572658,9678390.0
2022-10-20,42.77468490600586,43.77726424994423,42.68909817973078,43.25763509993504,9609852,43.11701965332031,39.12504577636719,39.82145309448242,43.39211738493163,39.89532252005194,40.95100888634637,42.38953823665512,38.562625171045056,39.78481960028276,42.958075045904586,39.424597427452106,40.92048035143113,-0.007939666286468139,-0.007971353271004476,-0.0024046538635581483,-0.015081557528453304,42.475128173828125,40.372460174560544,43.22146530151368,0.016382921402059353,0.023412761114536277,1.088166070213454,-0.4829501939291774,9036577.4
2022-10-21,44.5169677734375,44.56587554022008,42.64018743435765,42.79301952663781,10352529,42.77468490600586,39.577423095703125,39.90692901611328,43.77726424994423,39.99312781867987,40.12062873522408,42.68909817973078,38.55039009960276,39.394048942548814,43.25763509993504,38.93552840892333,39.687124338440704,0.040731635341328065,0.03992396133680887,-0.007939666286468139,0.011562346071660956,43.11702423095703,40.627690124511716,43.14832336425782,0.020744362483175443,0.024476526437642143,1.9256881058624273,1.7239482467996865,9285848.4
2022-10-24,44.847076416015625,45.43395077840341,44.48639200541191,44.62699899801164,10913990,44.5169677734375,41.53367614746094,39.41236877441406,44.56587554022008,41.79043251771599,39.735972742301314,42.64018743435765,38.62986318846845,38.801798071602775,42.79301952663781,38.9355273164538,39.41236877441406,0.007415344285310876,0.007387985785094316,0.040731635341328065,0.04942850996203951,43.69533996582031,40.90309371948242,43.069205932617194,0.021028401886754464,0.024399754827906302,0.9475587729914992,0.2200774180039815,9818257.6
2022-10-25,44.62700271606445,46.00249137210115,43.453250150367374,45.84965929920818,15445168,44.847076416015625,41.30748748779297,39.33900451660156,45.43395077840341,42.04719776229267,40.44551169097488,44.48639200541191,41.07518496805425,39.253421552443136,44.62699899801164,41.75375866636452,39.449045103564885,-0.00490720282209034,-0.004919282676927089,0.007415344285310876,-0.005445909937394133,43.97655029296875,41.16382541656494,42.987152252197276,0.01994074055312285,0.024519294425186265,2.549241221733773,-1.2226565831437242,10945963.8
2022-10-26,46.13087844848633,46.84613493324701,44.74316071349551,44.80429729755809,12975572,44.62700271606445,41.95549774169922,39.41236877441406,46.00249137210115,42.909169171242176,39.92588530914442,43.453250150367374,41.83323207783135,38.82549433892165,45.84965929920818,42.151121306635,39.64467128891523,0.03369878416415628,0.033143422393638246,-0.00490720282209034,0.015687476855079874,44.579322052001956,41.500056457519534,42.91978973388673,0.022274486242080473,0.025194015528502825,2.102974219751495,1.3265811509282415,11859422.2
2022-10-27,46.46099472045898,47.45746148588682,46.3937493466933,46.644393236074,10105505,46.13087844848633,43.220951080322266,39.40625762939453,46.84613493324701,43.48993632191251,39.77305463240258,44.74316071349551,42.75022971488868,39.24119673216163,44.80429729755809,42.90917434846804,39.73025940283904,0.007156080332207049,0.007130597090539213,0.03369878416415628,0.03016180016296932,45.31658401489258,41.9056734085083,42.87307273864746,0.019433025296793867,0.023814270552887356,1.0637121391935196,-0.18339851561502485,11958552.8
2022-10-28,47.88538360595703,47.90983748604127,46.81555910467494,46.88280446755774,8648081,46.46099472045898,43.11701965332031,38.3486557006836,47.45746148588682,43.39211738493163,39.19229025192261,46.3937493466933,42.38953823665512,37.85348052631803,46.644393236074,42.958075045904586,38.98443788129962,0.030657735463223368,0.030197176556929977,0.007156080332207049,-0.0024046538635581483,45.99026718139648,42.40757446289062,42.86351356506348,0.01665809279184423,0.02360014070401645,1.0942783813663297,1.002579138399291,11617663.2
2022-10-31,47.56749725341797,48.20939578641351,47.40244009042036,47.549159648158415,10585428,47.88538360595703,42.77468490600586,37.84736251831055,47.90983748604127,43.77726424994423,38.69099703097591,46.81555910467494,42.68909817973078,37.82902491602843,46.88280446755774,43.25763509993504,38.29363365415109,-0.0066384839924205075,-0.0066606167335581746,0.030657735463223368,-0.007939666286468139,46.53435134887695,42.84192390441895,42.86579154968262,0.019207148789066177,0.023669193979356403,0.8069556959931461,0.018337605259553413,11551950.8
2022-11-01,47.81202697753906,48.96132194067697,47.34741447300537,48.025988140341184,9174391,47.56749725341797,44.5169677734375,38.88050842285156,48.20939578641351,44.56587554022008,39.35734597690744,47.40244009042036,42.64018743435765,37.99408241982001,47.549159648158415,42.79301952663781,38.36699192074487,0.005140689299215184,0.005127521065896955,-0.0066384839924205075,0.040731635341328065,47.171356201171875,43.16806812286377,42.90886192321777,0.01744130047106001,0.020329833104701222,1.613907467671595,-0.2139611628021214,10297795.4
2022-11-02,47.31684494018555,48.69844980768886,47.2434870459516,47.73866218985994,10230221,47.81202697753906,44.847076416015625,41.28914260864258,48.96132194067697,45.43395077840341,41.350275430928384,47.34741447300537,44.48639200541191,39.6568940077327,48.025988140341184,44.62699899801164,39.663006541335,-0.01035685095689709,-0.010410856345222106,0.005140689299215184,0.007415344285310876,47.40854949951172,43.47250919342041,42.92590934753418,0.016078643012232306,0.020632103081090203,1.4549627617372565,-0.4218172496743904,9748725.2
2022-11-03,47.91595077514648,48.16048209357759,46.80944356474024,46.99284579669544,13947456,47.31684494018555,44.62700271606445,41.228023529052734,48.69844980768886,46.00249137210115,41.69874492030825,47.2434870459516,43.453250150367374,40.37827626740422,47.73866218985994,45.84965929920818,40.76952346594418,0.012661576140976294,0.01258208864060795,-0.01035685095689709,-0.00490720282209034,47.69954071044922,43.844197273254395,42.947123794555665,0.016431431247141852,0.01978359312095249,1.3510385288373499,0.9231049784510361,10517115.4
2022-11-04,49.56041717529297,49.61543746227903,48.55783817211033,48.90018121772283,11558435,47.91595077514648,46.13087844848633,40.4821891784668,48.16048209357759,46.84613493324701,41.25246577315774,46.80944356474024,44.74316071349551,40.21931653194445,46.99284579669544,44.80429729755809,40.79396583943943,0.03431981153548258,0.03374402375310947,0.012661576140976294,0.03369878416415628,48.03454742431641,44.34884872436523,42.98413146972656,0.017812550989818977,0.018893507312003115,1.057599290168703,0.6602359575701371,11099186.2
2022-11-07,51.02149963378906,51.25380588180895,49.56042426849559,49.584878148781655,12864178,49.56041717529297,46.46099472045898,39.46738815307617,49.61543746227903,47.45746148588682,40.21320718495118,48.55783817211033,46.3937493466933,39.18617788252323,48.90018121772283,46.644393236074,40.109282870768105,0.029480834540361434,0.029054631033025635,0.03431981153548258,0.007156080332207049,48.725347900390624,44.913716316223145,43.0854076385498,0.018205599403590806,0.01926121682461474,1.6933816133133632,1.4366214850074073,11554936.2
2022-11-08,51.35161209106445,51.78565438232863,50.52631898704737,51.22934644602488,10052376,51.02149963378906,47.88538360595703,39.72414779663086,51.25380588180895,47.90983748604127,40.115398690944666,49.56042426849559,46.81555910467494,39.16172720945816,49.584878148781655,46.88280446755774,39.76694302719474,0.006470065749631049,0.00644922472114274,0.029480834540361434,0.030657735463223368,49.433264923095706,45.52504463195801,43.18376121520996,0.018048350897819684,0.018194570932634394,1.259335395281262,0.12226564503957604,11730533.2
2022-11-09,50.83198547363281,51.83456455840662,50.679153410195696,50.87477695414256,7961743,51.35161209106445,47.56749725341797,39.12504577636719,51.78565438232863,48.20939578641351,39.89532252005194,50.52631898704737,47.40244009042036,38.562625171045056,51.22934644602488,47.549159648158415,39.424597427452106,-0.010118993275423538,-0.010170538305227234,0.006470065749631049,-0.0066384839924205075,50.13629302978516,46.08777275085449,43.2829566192627,0.017966532625697876,0.018967174867023148,1.1554111482109235,-0.04279148050974868,11276837.6
2022-11-10,52.195255279541016,52.372541243162416,51.443319939378405,52.10355603040568,13786304,50.83198547363281,47.81202697753906,39.577423095703125,51.83456455840662,48.96132194067697,39.99312781867987,50.679153410195696,47.34741447300537,38.55039009960276,50.87477695414256,48.025988140341184,38.93552840892333,0.026819133527950623,0.026465803974416353,-0.010118993275423538,0.005140689299215184,50.99215393066406,46.6208517074585,43.43005477905273,0.018692946167572912,0.017263953836702397,0.9292213037840114,0.09169924913533833,11244607.2
2022-11-11,52.763790130615234,53.05111293647891,52.05464630288616,52.439784631975854,12490513,52.195255279541016,47.31684494018555,41.53367614746094,52.372541243162416,48.69844980768886,41.79043251771599,51.443319939378405,47.2434870459516,38.62986318846845,52.10355603040568,47.73866218985994,38.9355273164538,0.010892462313467632,0.01083356673843025,0.026819133527950623,-0.01035685095689709,51.63282852172851,47.19366683959961,43.592919998168945,0.01615341827839669,0.016793585423116913,0.9964666335927461,0.3240054986393801,11431022.8
2022-11-14,52.47035217285156,53.246737638973535,52.3725403906591,52.56205142049425,7906367,52.763790130615234,47.91595077514648,41.30748748779297,53.05111293647891,48.16048209357759,42.04719776229267,52.05464630288616,46.80944356474024,41.07518496805425,52.439784631975854,46.99284579669544,41.75375866636452,-0.005561351014346627,-0.005576872902093106,0.010892462313467632,0.012661576140976294,51.92259902954102,47.71940956115723,43.75785354614258,0.014582789870906906,0.017243860392405472,0.874197248314438,-0.091699247642687,10439460.6
2022-11-15,53.27119445800781,53.564633563899264,52.70877387203677,52.9043974472096,7913108,52.47035217285156,49.56041717529297,41.95549774169922,53.246737638973535,49.61543746227903,42.909169171242176,52.3725403906591,48.55783817211033,41.83323207783135,52.56205142049425,48.90018121772283,42.151121306635,0.01526275795744736,0.015147453826365894,-0.005561351014346627,0.03431981153548258,52.306515502929685,48.2219217300415,43.94210121154785,0.015215267495741836,0.0167032958509508,0.8558596918624914,0.3667970107982157,10011607.0
2022-11-16,51.90180969238281,53.14280753935758,51.74897762960915,53.08167471424812,7629328,53.27119445800781,51.02149963378906,43.220951080322266,53.564633563899264,51.25380588180895,43.48993632191251,52.70877387203677,49.56042426849559,42.75022971488868,52.9043974472096,49.584878148781655,42.90917434846804,-0.02570591441692649,-0.026042084996164377,0.01526275795744736,0.029480834540361434,52.52048034667969,48.661161231994626,44.081620864868164,0.020422699154025906,0.01838859705979628,1.3938299097484261,-1.1798650218653108,9945124.0
2022-11-17,52.20136642456055,52.43367268010544,50.868669208684594,51.1987872454103,7466411,51.90180969238281,51.35161209106445,43.11701965332031,53.14280753935758,51.78565438232863,43.39211738493163,51.74897762960915,50.52631898704737,42.38953823665512,53.08167471424812,51.22934644602488,42.958075045904586,0.005771604765868021,0.005755012865729891,-0.02570591441692649,0.006470065749631049,52.52170257568359,49.13249530792236,44.224811477661135,0.016405369506900757,0.0179557111162415,1.5650034714208445,1.0025791791502456,8681145.4
2022-11-18,52.256385803222656,53.27730256789827,51.87124747661967,52.87382663815775,6555521,52.20136642456055,50.83198547363281,42.77468490600586,52.43367268010544,51.83456455840662,43.77726424994423,50.868669208684594,50.679153410195696,42.68909817973078,51.1987872454103,50.87477695414256,43.25763509993504,0.0010539834956546645,0.0010534284450253407,0.005771604765868021,-0.010118993275423538,52.42022171020508,49.51946620941162,44.36580535888672,0.015348014796579098,0.01653589671880639,1.4060550912785956,-0.6174408349350955,7494147.0
2022-11-21,52.50703048706055,52.574275852557314,51.79789039584272,52.03019290784355,5247691,52.256385803222656,52.195255279541016,44.5169677734375,53.27730256789827,52.372541243162416,44.56587554022008,51.87124747661967,51.443319939378405,42.64018743435765,52.87382663815775,52.10355603040568,42.79301952663781,0.004796441238430038,0.004784974964408525,0.0010539834956546645,0.026819133527950623,52.427557373046874,49.90246391296387,44.49618171691895,0.015418300972262376,0.016552594860501802,0.7763854567145927,0.47683757921699765,6962411.8
2022-11-22,53.36901473999024,53.54629698315311,52.57428406937637,52.75768259110283,6797569,52.50703048706055,52.763790130615234,44.847076416015625,52.574275852557314,53.05111293647891,45.43395077840341,51.79789039584272,52.05464630288616,44.48639200541191,52.03019290784355,52.439784631975854,44.62699899801164,0.016416549268428282,0.01628325457101499,0.004796441238430038,0.010892462313467632,52.44712142944336,50.33956451416016,44.69850494384766,0.01570538930299071,0.016360064135071618,0.9720129137767444,0.6113321488874135,6739304.0
2022-11-23,53.71746826171875,53.77248856463821,53.14893137010497,53.20395167302443,5867738,53.36901473999024,52.47035217285156,44.62700271606445,53.54629698315311,53.246737638973535,46.00249137210115,52.57428406937637,52.3725403906591,43.453250150367374,52.75768259110283,52.56205142049425,45.84965929920818,0.006529135368643191,0.00650791289051338,0.016416549268428282,-0.005561351014346627,52.81025314331055,50.71889400482178,44.91768821716309,0.005713481376297692,0.015304920600059788,0.623557194533241,0.5135165886943227,6386986.0
2022-11-25,53.88252258300781,54.02924213533725,53.39957618199118,53.61354110405806,3040207,53.71746826171875,53.27119445800781,46.13087844848633,53.77248856463821,53.564633563899264,46.84613493324701,53.14893137010497,52.70877387203677,44.74316071349551,53.20395167302443,52.9043974472096,44.80429729755809,0.003072637758817942,0.0030679268548868283,0.006529135368643191,0.01526275795744736,53.146484375,51.089970397949216,45.15384941101074,0.00597007375117099,0.015340489682118907,0.6296659533460698,0.26898147894975466,5501745.2
2022-11-28,52.25027084350586,53.52794768098726,52.06075608462485,53.30786650849728,6876058,53.88252258300781,51.90180969238281,46.46099472045898,54.02924213533725,53.14280753935758,47.45746148588682,53.39957618199118,51.74897762960915,46.3937493466933,53.61354110405806,53.08167471424812,46.644393236074,-0.03029278625527254,-0.03076109454830399,0.003072637758817942,-0.02570591441692649,53.14526138305664,51.30821475982666,45.388138427734376,0.017763572676450814,0.016517012104850726,1.4671915963624116,-1.0575956649914176,5565852.6
2022-11-29,52.36642074584961,52.52536909271559,51.93849095103268,52.42144103952385,7205262,52.25027084350586,52.20136642456055,47.88538360595703,53.52794768098726,52.43367268010544,47.90983748604127,52.06075608462485,50.868669208684594,46.81555910467494,53.30786650849728,51.1987872454103,46.88280446755774,0.0022229531152409,0.002220486010460302,-0.03029278625527254,0.005771604765868021,53.117139434814455,51.54816093444824,45.61669082641602,0.017630417477581383,0.01632015731934619,0.5868781416829094,-0.05502029367423944,5957366.8
2022-11-30,52.555938720703125,52.78824123478836,50.85644450581587,52.354198879270704,11654259,52.36642074584961,52.256385803222656,47.56749725341797,52.52536909271559,53.27730256789827,48.20939578641351,51.93849095103268,51.87124747661967,47.40244009042036,52.42144103952385,52.87382663815775,47.549159648158415,0.0036190744403423736,0.0036125413481932294,0.0022229531152409,0.0010539834956546645,52.954524230957034,51.785356521606445,45.85465087890625,0.015359560185915588,0.016322737352281385,1.9317967289724862,0.20173984143242052,6928704.8
2022-12-01,52.12189483642578,52.94719184080949,51.883479777681046,52.70265676101022,6806718,52.555938720703125,52.50703048706055,47.81202697753906,52.78824123478836,52.574275852557314,48.96132194067697,50.85644450581587,51.79789039584272,47.34741447300537,52.354198879270704,52.03019290784355,48.025988140341184,-0.008258702914317184,-0.008292994936830677,0.0036190744403423736,0.004796441238430038,52.63540954589844,52.02560901641846,46.10065971374512,0.01447127439484936,0.016226195378322737,1.0637120631284418,-0.5807619245844364,7116500.8
2022-12-02,53.11224365234375,53.15503513470252,51.60226055445981,51.70007607379144,7191459,52.12189483642578,53.36901473999024,47.31684494018555,52.94719184080949,53.54629698315311,48.69844980768886,51.883479777681046,52.57428406937637,47.2434870459516,52.70265676101022,52.75768259110283,47.73866218985994,0.019000629563180382,0.018822372064911514,-0.008258702914317184,0.016416549268428282,52.481353759765625,52.28542366027832,46.36476600646973,0.01821631001224949,0.016444732723664358,1.552774580242712,1.4121675785523067,7946751.2
2022-12-05,51.75509643554688,52.60484355617319,51.73064629704532,52.476465356511845,7568656,53.11224365234375,53.71746826171875,47.91595077514648,53.15503513470252,53.77248856463821,48.16048209357759,51.60226055445981,53.14893137010497,46.80944356474024,51.70007607379144,53.20395167302443,46.99284579669544,-0.025552436189296257,-0.025884569783211128,0.019000629563180382,0.006529135368643191,52.38231887817383,52.39515762329101,46.61162055969238,0.01646290967118957,0.016331095858386668,0.8741972591278753,-0.721368920964963,8085270.8
2022-12-06,52.134124755859375,53.24674086406095,51.638945794090894,52.94719296479053,9444207,51.75509643554688,53.88252258300781,49.56041717529297,52.60484355617319,54.02924213533725,49.61543746227903,51.73064629704532,53.39957618199118,48.55783817211033,52.476465356511845,53.61354110405806,48.90018121772283,0.007323497518442856,0.007296810924089087,-0.025552436189296257,0.003072637758817942,52.33585968017578,52.45078887939453,46.86752296447754,0.016925544454407353,0.01509461042463055,1.6077950699700594,-0.8130682089311563,8533059.8
2022-12-07,51.96295166015625,52.62318778475689,51.85291480147764,51.96295166015625,7801715,52.134124755859375,52.25027084350586,51.02149963378906,53.24674086406095,53.52794768098726,51.25380588180895,51.638945794090894,52.06075608462485,49.56042426849559,52.94719296479053,53.30786650849728,49.584878148781655,-0.003283321557707497,-0.0032887234853510323,0.007323497518442856,-0.03029278625527254,52.217262268066406,52.481355857849124,47.118534622192385,0.01675836277879314,0.015072517351586236,0.7702729832792485,0.0,7762551.0
2022-12-08,51.12542724609375,52.690426910123634,50.55077790844518,52.329742472642906,10334231,51.96295166015625,52.36642074584961,51.35161209106445,52.62318778475689,52.52536909271559,51.78565438232863,51.85291480147764,51.93849095103268,50.52631898704737,51.96295166015625,52.42144103952385,51.22934644602488,-0.016117722094387665,-0.016249025361657794,-0.003283321557707497,0.0022229531152409,52.01796875,52.49602794647217,47.35291801452637,0.01780965429213559,0.015356166500845285,2.139649001678457,-1.2043152265491557,8468053.6
2022-12-09,49.7927360534668,51.22935769822651,49.71937440445078,51.11931709626861,8899117,51.12542724609375,52.555938720703125,50.83198547363281,52.690426910123634,52.78824123478836,51.83456455840662,50.55077790844518,50.85644450581587,50.679153410195696,52.329742472642906,52.354198879270704,50.87477695414256,-0.026067091551372323,-0.026412860208385534,-0.016117722094387665,0.0036190744403423736,51.35406723022461,52.375901985168454,47.58179962158203,0.014535745551840435,0.015119105097733973,1.5099832937757256,-1.3265810428018128,8809585.2
2022-12-12,50.86867141723633,50.89923783412817,49.53597414349901,49.95779144523291,7480054,49.7927360534668,52.12189483642578,52.195255279541016,51.22935769822651,52.94719184080949,52.372541243162416,49.71937440445078,51.883479777681046,51.443319939378405,51.11931709626861,52.70265676101022,52.10355603040568,0.02160827962163414,0.02137813026642248,-0.026067091551372323,-0.008258702914317184,51.1767822265625,52.28114604949951,47.842225799560545,0.01881432675130892,0.015784369402925248,1.3632636906291609,0.9108799720034213,8791864.8
2022-12-13,50.666934967041016,51.90182053818224,50.086173007140665,51.70008441904364,12391318,50.86867141723633,53.11224365234375,52.763790130615234,50.89923783412817,53.15503513470252,53.05111293647891,49.53597414349901,51.60226055445981,52.05464630288616,49.95779144523291,51.70007607379144,52.439784631975854,-0.003965828958665485,-0.003973713711621961,0.02160827962163414,0.019000629563180382,50.88334426879883,52.190975189208984,48.077954330444335,0.017873487568305507,0.015767892942122493,1.8156475310415772,-1.0331494520026254,9381287.0
2022-12-14,49.85308074951172,50.99737152994752,49.77352978064632,50.40992629132335,12271899,50.666934967041016,51.75509643554688,52.47035217285156,51.90182053818224,52.60484355617319,53.246737638973535,50.086173007140665,51.73064629704532,52.3725403906591,51.70008441904364,52.476465356511845,52.56205142049425,-0.016062827128949353,-0.016193232676581033,-0.003965828958665485,-0.025552436189296257,50.46137008666992,52.02006950378418,48.24923309326172,0.018372383470633587,0.015556154333651323,1.2238417493012008,-0.5568455418116329,10275323.8
2022-12-15,48.22537612915039,49.69398170704959,48.03567824460615,48.99639330819774,15598294,49.85308074951172,52.134124755859375,53.27119445800781,50.99737152994752,53.24674086406095,53.564633563899264,49.77352978064632,51.638945794090894,52.70877387203677,50.40992629132335,52.94719296479053,52.9043974472096,-0.032650030768204275,-0.033194936664334276,-0.016062827128949353,0.007323497518442856,49.88135986328125,51.83624782562256,48.38918014526367,0.021408170055664633,0.01615115607799234,1.6583034624434347,-0.7710171790473481,11328136.4
2022-12-16,47.51554870605469,47.94389201406495,46.92810720441894,47.601218117006496,15978540,48.22537612915039,51.96295166015625,51.90180969238281,49.69398170704959,52.62318778475689,53.14280753935758,48.03567824460615,51.85291480147764,51.74897762960915,48.99639330819774,51.96295166015625,53.08167471424812,-0.01471896084739166,-0.014828359569097112,-0.032650030768204275,-0.003283321557707497,49.42592239379883,51.60195693969727,48.52984733581543,0.020024978368529737,0.0161791505569571,1.0157848096460071,-0.0856694109518088,12744021.0
2022-12-19,47.76642608642578,47.943883316902806,47.24017658139758,47.27077252641954,7061125,47.51554870605469,51.12542724609375,52.20136642456055,47.94389201406495,52.690426910123634,52.43367268010544,46.92810720441894,50.55077790844518,50.868669208684594,47.601218117006496,52.329742472642906,51.1987872454103,0.005279900731507858,0.005266010925387547,-0.01471896084739166,-0.016117722094387665,48.80547332763672,51.37745895385742,48.69582809448242,0.014252797850440669,0.016283670749124842,0.7037067355052287,0.4956535600062395,12660235.2
2022-12-20,49.15549087524414,49.44309504533062,47.63793029856056,47.75419565469133,11196647,47.76642608642578,49.7927360534668,52.256385803222656,47.943883316902806,51.22935769822651,53.27730256789827,47.24017658139758,49.71937440445078,51.87124747661967,47.27077252641954,51.11931709626861,52.87382663815775,0.029080358373579474,0.028665547460273264,0.005279900731507858,-0.026067091551372323,48.50318450927735,51.209881973266604,48.88445495605469,0.023691771840992165,0.01783357432360745,1.8051647467700604,1.4012952205528109,12421301.0
2022-12-21,50.777076721191406,51.15034652794005,49.547116645501525,49.58994947291182,12127441,49.15549087524414,50.86867141723633,52.50703048706055,49.44309504533062,50.89923783412817,52.574275852557314,47.63793029856056,49.53597414349901,51.79789039584272,47.75419565469133,49.95779144523291,52.03019290784355,0.03298890555406775,0.03245645005472319,0.029080358373579474,0.02160827962163414,48.687983703613284,51.08028507232666,49.11749557495117,0.028127581388857476,0.019128135520023928,1.6032298824385265,1.1871272482795874,12392409.4
2022-12-22,50.03665542602539,50.61186002480474,49.12489538343083,50.28754520881383,9730074,50.777076721191406,50.666934967041016,53.36901473999024,51.15034652794005,51.90182053818224,53.54629698315311,49.547116645501525,50.086173007140665,52.57428406937637,49.58994947291182,51.70008441904364,52.75768259110283,-0.014581802320593362,-0.014689161740776793,0.03298890555406775,-0.003965828958665485,49.05023956298828,50.89624443054199,49.326680221557616,0.022921349658467104,0.019196923323505165,1.486964641373909,-0.2508897827884411,11218765.4
2022-12-23,50.04888534545898,50.41603666015674,49.54099119476128,49.999930338133474,5286213,50.03665542602539,49.85308074951172,53.71746826171875,50.61186002480474,50.99737152994752,53.77248856463821,49.12489538343083,49.77352978064632,53.14893137010497,50.28754520881383,50.40992629132335,53.20395167302443,0.0002444192028714376,0.00024438933736444125,-0.014581802320593362,-0.016062827128949353,49.55690689086914,50.70456256866455,49.49698440551758,0.02007767035633026,0.019157360259414485,0.8750454653954591,0.048955007325503175,9080300.0
2022-12-27,50.69140625,50.844385982877895,50.11620170502946,50.177393598180615,6804792,50.04888534545898,48.22537612915039,53.88252258300781,50.41603666015674,49.69398170704959,54.02924213533725,49.54099119476128,48.03567824460615,53.39957618199118,49.999930338133474,48.99639330819774,53.61354110405806,0.012837866420122301,0.01275615956443723,0.0002444192028714376,-0.032650030768204275,50.141902923583984,50.62661933898926,49.68466278076172,0.01986010945824023,0.018396132071830718,0.7281842778484346,0.5140126518193853,9029033.4
2022-12-28,50.15903854370117,50.893341320251125,49.74905432549355,50.783198151817786,6210907,50.69140625,47.51554870605469,52.25027084350586,50.844385982877895,47.94389201406495,53.52794768098726,50.11620170502946,46.92810720441894,52.06075608462485,50.177393598180615,47.601218117006496,53.30786650849728,-0.010502129368305413,-0.010557665905758755,0.012837866420122301,-0.01471896084739166,50.34261245727539,50.51625022888184,49.84873359680176,0.019287101341593678,0.018485794946976945,1.1442869947575716,-0.6241596081166136,8031885.4
2022-12-29,51.24824905395508,51.34615532853807,50.17739097969215,50.33037070458685,7088733,50.15903854370117,47.76642608642578,52.36642074584961,50.893341320251125,47.943883316902806,52.52536909271559,49.74905432549355,47.24017658139758,51.93849095103268,50.783198151817786,47.27077252641954,52.42144103952385,0.021715139322395993,0.0214827242821016,-0.010502129368305413,0.005279900731507858,50.43684692382813,50.450865745544434,50.009279556274414,0.015333550801228345,0.019203654073366227,1.1687643488459187,0.9178783493682303,7024143.8
2022-12-30,51.272735595703125,51.419596906834805,50.65469814755391,50.73424537046987,6625342,51.24824905395508,49.15549087524414,52.555938720703125,51.34615532853807,49.44309504533062,52.78824123478836,50.17739097969215,47.63793029856056,50.85644450581587,50.33037070458685,47.75419565469133,52.354198879270704,0.0004778025044771539,0.0004776883932074983,0.021715139322395993,0.029080358373579474,50.68406295776367,50.4084077835083,50.17239387512207,0.012491993131090715,0.01913109129297046,0.7648987592808965,0.5384902252332537,6403197.4
2023-01-03,52.00091552734375,52.06822586306802,51.11975148248038,51.43182940029178,10280781,51.272735595703125,50.777076721191406,52.12189483642578,51.419596906834805,51.15034652794005,52.94719184080949,50.65469814755391,49.547116645501525,51.883479777681046,50.73424537046987,49.58994947291182,52.70265676101022,0.014202088559941206,0.014102183694292092,0.0004778025044771539,0.03298890555406775,51.074468994140624,50.3528413772583,50.356918487548825,0.012733479068004313,0.01890041303195928,0.9484743805876406,0.5690861270519676,7402111.0
2023-01-04,55.027591705322266,55.027591705322266,52.323244866171024,53.62446438002813,21031104,52.00091552734375,50.03665542602539,53.11224365234375,52.06822586306802,50.61186002480474,53.15503513470252,51.11975148248038,49.12489538343083,51.60226055445981,51.43182940029178,50.28754520881383,51.70007607379144,0.05820428635313135,0.05657340208745034,0.014202088559941206,-0.014581802320593362,51.94170608520508,50.51646614074707,50.567130966186525,0.026253767238581856,0.022147776650907516,2.704346839151242,1.403127325294136,10247373.4
2023-01-05,55.88200759887695,56.0858157278187,54.08694790772809,54.79243066776007,16001061,55.027591705322266,50.04888534545898,51.75509643554688,55.027591705322266,50.41603666015674,52.60484355617319,52.323244866171024,49.54099119476128,51.73064629704532,53.62446438002813,49.999930338133474,52.476465356511845,0.015527045016437535,0.015407733900744031,0.05820428635313135,0.0002444192028714376,53.086299896240234,50.70386028289795,50.78782958984375,0.021660677832012712,0.022301631830984436,1.9988678200906094,1.0895769311168806,12205404.2
2023-01-06,56.39152145385742,56.69722988577259,55.45871601658548,56.4463925823292,13018044,55.88200759887695,50.69140625,52.134124755859375,56.0858157278187,50.844385982877895,53.24674086406095,54.08694790772809,50.11620170502946,51.638945794090894,54.79243066776007,50.177393598180615,52.94719296479053,0.00911767269776309,0.00907635766148154,0.015527045016437535,0.012837866420122301,54.1149543762207,50.92528877258301,51.02311996459961,0.02242493349943886,0.02226930823926535,1.2385138691871163,-0.054871128471781105,13391266.4
2023-01-09,56.9637451171875,57.935741567566325,56.40719936684936,56.43855215724952,9488844,56.39152145385742,50.15903854370117,51.96295166015625,56.69722988577259,50.893341320251125,52.62318778475689,55.45871601658548,49.74905432549355,51.85291480147764,56.4463925823292,50.783198151817786,51.96295166015625,0.010147335070544328,0.010096196521723805,0.00911767269776309,-0.010502129368305413,55.25315628051758,51.2172046661377,51.23977729797363,0.0207263550857645,0.021768777086340885,1.528542200716963,0.5251929599379821,13963966.8
2023-01-10,59.00180435180664,59.0801900751787,56.59532779952412,56.59532779952412,11597142,56.9637451171875,51.24824905395508,51.12542724609375,57.935741567566325,51.34615532853807,52.690426910123634,56.40719936684936,50.17739097969215,50.55077790844518,56.43855215724952,50.33037070458685,52.329742472642906,0.03577818190195159,0.03515301077919302,0.010147335070544328,0.021715139322395993,56.653334045410155,51.67765808105469,51.49059349060059,0.02108572554880987,0.021416830741171674,2.484862275654578,2.4064765522825198,14227239.0
2023-01-11,60.898773193359375,60.90661139167961,59.18993730383512,59.4329364387573,12729603,59.00180435180664,51.272735595703125,49.7927360534668,59.0801900751787,51.419596906834805,51.22935769822651,56.59532779952412,50.65469814755391,49.71937440445078,56.59532779952412,50.73424537046987,51.11931709626861,0.03215103101325156,0.03164500423262226,0.03577818190195159,0.0004778025044771539,57.82757034301758,52.17916316986084,51.75086128234863,0.012556123022496172,0.021875165726061616,1.7166740878444884,1.4658367546020727,12566938.8
2023-01-12,61.815895080566406,62.09025073990668,60.58521933259505,61.04770298116215,14407871,60.898773193359375,52.00091552734375,50.86867141723633,60.90661139167961,52.06822586306802,50.89923783412817,59.18993730383512,51.11975148248038,49.53597414349901,59.4329364387573,51.43182940029178,49.95779144523291,0.015059776069627606,0.014947503439080958,0.03215103101325156,0.014202088559941206,59.014347839355466,52.73661117553711,52.0358292388916,0.012604447079808704,0.02168241679341879,1.5050314073116269,0.7681920994042528,12248300.8
2023-01-13,62.86627960205078,63.17982999035282,61.53369981863816,61.7531843410999,13843395,61.815895080566406,55.027591705322266,50.666934967041016,62.09025073990668,55.027591705322266,51.90182053818224,60.58521933259505,52.323244866171024,50.086173007140665,61.04770298116215,53.62446438002813,51.70008441904364,0.016992142880328354,0.016849391255190846,0.015059776069627606,0.05820428635313135,60.30929946899414,53.387271118164065,52.33691429138184,0.011253992996590644,0.020816496123125448,1.6461301717146597,1.1130952609508782,12413371.0
2023-01-17,63.09360504150391,63.22686190156393,62.521379117601086,62.646797779628,10640727,62.86627960205078,55.88200759887695,49.85308074951172,63.17982999035282,56.0858157278187,50.99737152994752,61.53369981863816,54.08694790772809,49.77352978064632,61.7531843410999,54.79243066776007,50.40992629132335,0.0036160154679443224,0.003609493401877989,0.016992142880328354,0.015527045016437535,61.53527145385742,54.13068256378174,52.652449493408206,0.013189945518368112,0.018142295918015666,0.705482783962843,0.4468072618759109,12643747.6
2023-01-18,62.13728332519531,63.63446903273372,62.0353792599053,63.44634479131113,9816378,63.09360504150391,56.39152145385742,48.22537612915039,63.22686190156393,56.69722988577259,49.69398170704959,62.521379117601086,55.45871601658548,48.03567824460615,62.646797779628,56.4463925823292,48.99639330819774,-0.015157189317039577,-0.015273233607764359,0.0036160154679443224,0.00911767269776309,62.162367248535155,54.86176929473877,52.93687614440918,0.017588220442289568,0.018178629412326543,1.599089772828421,-1.3090614661158142,12287594.8
2023-01-19,60.2481575012207,61.72967055367655,60.099220502821126,61.09473531783877,13045860,62.13728332519531,56.9637451171875,47.51554870605469,63.63446903273372,57.935741567566325,47.94389201406495,62.0353792599053,56.40719936684936,46.92810720441894,63.44634479131113,56.43855215724952,47.601218117006496,-0.030402452809014435,-0.03087419338255414,-0.015157189317039577,0.010147335070544328,62.03224411010742,55.48585586547851,53.150630950927734,0.02039047382552356,0.02062998005333392,1.6304500508554227,-0.8465778166180655,12350846.2
2023-01-20,60.89093017578125,60.9458013064288,59.31535127589879,60.82038264973394,10351409,60.2481575012207,59.00180435180664,47.76642608642578,61.72967055367655,59.0801900751787,47.943883316902806,60.099220502821126,56.59532779952412,47.24017658139758,61.09473531783877,56.59532779952412,47.27077252641954,0.010668752393756087,0.010612242824024686,-0.030402452809014435,0.03577818190195159,61.84725112915039,56.07262783050537,53.34801956176758,0.019550454002455156,0.020228692910014733,1.6304500305300067,0.07054752604730652,11539553.8
2023-01-23,62.52920913696289,62.72517530240447,60.7811825485083,60.83605367431163,13729748,60.89093017578125,60.898773193359375,49.15549087524414,60.9458013064288,60.90661139167961,49.44309504533062,59.31535127589879,59.18993730383512,47.63793029856056,60.82038264973394,59.4329364387573,47.75419565469133,0.026905139344270523,0.026549559926961914,0.010668752393756087,0.03215103101325156,61.77983703613281,56.660234451293945,53.57157150268554,0.02236635294801582,0.019923345821906503,1.9439927538961754,1.6931554626512622,11516824.4
2023-01-24,63.25821685791016,63.37579732592667,60.72632144315318,61.14177218036162,16767395,62.52920913696289,61.815895080566406,50.777076721191406,62.72517530240447,62.09025073990668,51.15034652794005,60.7811825485083,60.58521933259505,49.547116645501525,60.83605367431163,61.04770298116215,49.58994947291182,0.011658674897846,0.011591236205407826,0.026905139344270523,0.015059776069627606,61.81275939941406,57.321312522888185,53.82009613037109,0.023048779528716423,0.01901771607644965,2.649475882773487,2.116444677548543,12742158.0
2023-01-25,63.328758239746094,63.76771975651321,62.26269599588954,62.53704788055602,10652380,63.25821685791016,62.86627960205078,50.03665542602539,63.37579732592667,63.17982999035282,50.61186002480474,60.72632144315318,61.53369981863816,49.12489538343083,61.14177218036162,61.7531843410999,50.28754520881383,0.0011151338962711588,0.001114512596313384,0.011658674897846,0.016992142880328354,62.05105438232422,57.98530616760254,54.0427661895752,0.021328523039647572,0.018990457061582516,1.505023760623672,0.7917103591900769,12909358.4
2023-01-26,63.603118896484375,63.94802209590336,62.80357397669367,63.86963262083173,8158534,63.328758239746094,63.09360504150391,50.04888534545898,63.76771975651321,63.22686190156393,50.41603666015674,62.26269599588954,62.521379117601086,49.54099119476128,62.53704788055602,62.646797779628,49.999930338133474,0.004332323329309995,0.00432296583332579,0.0011151338962711588,0.0036160154679443224,62.72204666137695,58.63089179992676,54.259552764892575,0.009945665491635176,0.019065926190730456,1.1444481192096916,-0.2665137243473552,11931893.2
2023-01-27,65.24140167236328,65.83714214915427,63.41498176103919,63.49337122944476,9760244,63.603118896484375,62.13728332519531,50.69140625,63.94802209590336,63.63446903273372,50.844385982877895,62.80357397669367,62.0353792599053,50.11620170502946,63.86963262083173,63.44634479131113,50.177393598180615,0.025757899994578226,0.025431753986911308,0.004332323329309995,-0.015157189317039577,63.59214096069336,59.385009956359866,54.51497375488281,0.011934673512174174,0.018573197536427187,2.4221603881150813,1.7480304429185196,11813660.2
2023-01-30,63.360111236572266,64.86513500214902,63.23469258944087,64.59862131368183,7175806,65.24140167236328,60.2481575012207,50.15903854370117,65.83714214915427,61.72967055367655,50.893341320251125,63.41498176103919,60.099220502821126,49.74905432549355,63.49337122944476,61.09473531783877,50.783198151817786,-0.028835837176501733,-0.029259759251153643,0.025757899994578226,-0.030402452809014435,63.758321380615236,59.990603065490724,54.7167520904541,0.020072083328263407,0.020699085487641773,1.630442412708149,-1.2385100771095665,10502871.8
2023-01-31,63.08576583862305,63.422830829169385,62.29405539540942,63.06225124489826,8625026,63.360111236572266,60.89093017578125,51.24824905395508,64.86513500214902,60.9458013064288,51.34615532853807,63.23469258944087,59.31535127589879,50.17739097969215,64.59862131368183,60.82038264973394,50.33037070458685,-0.004329938704256353,-0.004339340036791619,-0.028835837176501733,0.010668752393756087,63.72383117675781,60.58125457763672,54.94043121337891,0.01957656243926876,0.020853416782967444,1.1287754337599623,0.023514593724783595,8874398.0
2023-02-01,64.52806854248047,64.64564897611518,62.71732911515628,62.921133451640905,9112192,63.08576583862305,62.52920913696289,51.272735595703125,63.422830829169385,62.72517530240447,51.419596906834805,62.29405539540942,60.7811825485083,50.65469814755391,63.06225124489826,60.83605367431163,50.73424537046987,0.022862569466889138,0.022605137247891666,-0.004329938704256353,0.026905139344270523,63.96369323730469,61.20761222839356,55.186965255737306,0.022231082898734142,0.02102084202322504,1.9283198609589007,1.6069350908395634,8566360.4
2023-02-02,65.7979507446289,65.86850202313121,64.19886086905198,64.4261836077292,10391129,64.52806854248047,63.25821685791016,52.00091552734375,64.64564897611518,63.37579732592667,52.06822586306802,62.71732911515628,60.72632144315318,51.11975148248038,62.921133451640905,61.14177218036162,51.43182940029178,0.019679532191676286,0.01948839380419938,0.022862569466889138,0.011658674897846,64.4026596069336,61.74613018035889,55.45779655456543,0.023328210351254892,0.018024871469425965,1.6696411540792298,1.371767136899706,9012879.4
2023-02-03,64.24589538574219,65.60199373190697,64.13615310647168,65.46089865670149,7240085,65.7979507446289,63.328758239746094,55.027591705322266,65.86850202313121,63.76771975651321,55.027591705322266,64.19886086905198,62.26269599588954,52.323244866171024,64.4261836077292,62.53704788055602,53.62446438002813,-0.023588202084141807,-0.023870857459869117,0.019679532191676286,0.0011151338962711588,64.20355834960938,62.164324569702146,55.69257385253906,0.023854992856302038,0.019366620262977165,1.4658406254352911,-1.2150032709593006,8508847.6
2023-02-06,64.55159759521484,64.62214137510597,63.68150518874592,63.86179123085349,5425114,64.24589538574219,63.603118896484375,55.88200759887695,65.60199373190697,63.94802209590336,56.0858157278187,64.13615310647168,62.80357397669367,54.08694790772809,65.46089865670149,63.86963262083173,54.79243066776007,0.004758315027554305,0.004747030030824181,-0.023588202084141807,0.004332323329309995,64.4418556213379,62.57232837677002,55.91622550964355,0.018925113967707335,0.019368153822613258,0.9406361863600452,0.6898063643613526,8158709.2
2023-02-07,64.36347961425781,64.5672877867066,63.13280736712162,64.26157552803342,5891982,64.55159759521484,65.24140167236328,56.39152145385742,64.62214137510597,65.83714214915427,56.69722988577259,63.68150518874592,63.41498176103919,55.45871601658548,63.86179123085349,63.49337122944476,56.4463925823292,-0.0029142265716902704,-0.002918481197919583,0.004758315027554305,0.025757899994578226,64.69739837646485,62.942315101623535,56.12914573669433,0.018781688985983497,0.01947488675389172,1.434480419584979,0.10190408622439406,7612100.4
2023-02-08,64.24589538574219,64.74757758819224,63.72854427882272,64.034256519683,4269472,64.36347961425781,63.360111236572266,56.9637451171875,64.5672877867066,64.86513500214902,57.935741567566325,63.13280736712162,63.23469258944087,56.40719936684936,64.26157552803342,64.59862131368183,56.43855215724952,-0.0018268780560083409,-0.001828548832904626,-0.0029142265716902704,-0.028835837176501733,64.64096374511719,63.20451965332031,56.33641319274902,0.01561353847861786,0.01825684264634878,1.0190333093695259,0.21163886605918947,6643556.4
2023-02-09,63.328758239746094,64.77107642375857,63.05439886158337,64.54375372155049,4838334,64.24589538574219,63.08576583862305,59.00180435180664,64.74757758819224,63.422830829169385,59.0801900751787,63.72854427882272,62.29405539540942,56.59532779952412,64.034256519683,63.06225124489826,56.59532779952412,-0.014275420094769675,-0.014378294124513621,-0.0018268780560083409,-0.004329938704256353,64.14712524414062,63.32601890563965,56.55798294067383,0.011271562462438467,0.017481039196731114,1.7166775621751995,-1.2149954818043938,5532997.4
2023-02-10,63.72069549560547,63.76772468169622,63.02305094094495,63.34443952638893,4373095,63.328758239746094,64.52806854248047,60.898773193359375,64.77107642375857,64.64564897611518,60.90661139167961,63.05439886158337,62.71732911515628,59.18993730383512,64.54375372155049,62.921133451640905,59.4329364387573,0.006188930065162523,0.006169857290413945,-0.014275420094769675,0.022862569466889138,64.04208526611328,63.4212589263916,56.78506843566895,0.008116951110625126,0.017245967321601514,0.7446737407512742,0.3762559692165368,4959599.4
2023-02-13,64.81027221679688,64.99840394757865,63.55608565657434,63.650144028468425,5114245,63.72069549560547,65.7979507446289,61.815895080566406,63.76772468169622,65.86850202313121,62.09025073990668,63.02305094094495,64.19886086905198,60.58521933259505,63.34443952638893,64.4261836077292,61.04770298116215,0.017099259710160464,0.016954712805436534,0.006188930065162523,0.019679532191676286,64.09382019042968,63.51845855712891,57.03015510559082,0.01164748827373363,0.01725099523153338,1.4423182910043124,1.16012818832845,4897425.6
2023-02-14,65.48440551757812,65.69604435863512,64.24588779598129,64.37914465646058,6726731,64.81027221679688,64.24589538574219,62.86627960205078,64.99840394757865,65.60199373190697,63.17982999035282,63.55608565657434,64.13615310647168,61.53369981863816,63.650144028468425,65.46089865670149,61.7531843410999,0.010401642790917487,0.010347917934569871,0.017099259710160464,-0.023588202084141807,64.31800537109375,63.63799858093262,57.297405319213865,0.012084520467187458,0.017357770453548492,1.4501565626538309,1.105260861117543,5064375.4
2023-02-15,66.44857025146484,66.46424664909611,64.62215003145569,64.75541439831728,7305617,65.48440551757812,64.55159759521484,63.09360504150391,65.69604435863512,64.62214137510597,63.22686190156393,64.24588779598129,63.68150518874592,62.521379117601086,64.37914465646058,63.86179123085349,62.646797779628,0.014723577716955871,0.014616238178560427,0.010401642790917487,0.004758315027554305,64.75854034423828,63.853562927246095,57.56413185119629,0.012513718428041252,0.017086676964217267,1.842096617640422,1.6931558531475588,5671604.4
2023-02-16,65.88416290283203,66.26825701122273,65.0454234241645,65.53925977688048,5645893,66.44857025146484,64.36347961425781,62.13728332519531,66.46424664909611,64.5672877867066,63.63446903273372,64.62215003145569,63.13280736712162,62.0353792599053,64.75541439831728,64.26157552803342,63.44634479131113,-0.008493897558621621,-0.008530176284415547,0.014723577716955871,-0.0029142265716902704,65.26962127685547,64.13536319732665,57.84671318054199,0.010113088648218799,0.015419844617967087,1.2228335870582328,0.3449031259515465,5833116.2
2023-02-17,65.09246063232422,65.70388499476894,64.45752917101207,65.52359146631808,5543523,65.88416290283203,64.24589538574219,60.2481575012207,66.26825701122273,64.74757758819224,61.72967055367655,65.0454234241645,63.72854427882272,60.099220502821126,65.53925977688048,64.034256519683,61.09473531783877,-0.012016579335999755,-0.012089362079520027,-0.008493897558621621,-0.0018268780560083409,65.54397430419922,64.3454397201538,58.10587989807129,0.01359786272527318,0.015779658363461218,1.246355823756872,-0.431130833993862,6067201.8
2023-02-21,64.4810562133789,65.3589944457883,64.12831477932114,64.38699782576195,5101965,65.09246063232422,63.328758239746094,60.89093017578125,65.70388499476894,64.77107642375857,60.9458013064288,64.45752917101207,63.05439886158337,59.31535127589879,65.52359146631808,64.54375372155049,60.82038264973394,-0.009392860755392807,-0.009437251863653792,-0.012016579335999755,-0.014275420094769675,65.47813110351562,64.4430320739746,58.35624198913574,0.012501821274290463,0.015009832394076831,1.2306796664671538,0.09405838761695406,6064745.8
2023-02-22,65.21004486083984,66.1036593703528,64.355628834365,64.40266551531134,10829053,64.4810562133789,63.72069549560547,62.52920913696289,65.3589944457883,63.76772468169622,62.72517530240447,64.12831477932114,63.02305094094495,60.7811825485083,64.38699782576195,63.34443952638893,60.83605367431163,0.011305470013527552,0.011242040804395914,-0.009392860755392807,0.006188930065162523,65.42325897216797,64.54062347412109,58.637934341430665,0.012711861354487193,0.014997633500427036,1.7480305359877946,0.8073793455285028,6885210.2
2023-02-23,65.01409912109375,66.16638195108455,64.19887387473698,65.44522259728797,10120732,65.21004486083984,64.81027221679688,63.25821685791016,66.1036593703528,64.99840394757865,63.37579732592667,64.355628834365,63.55608565657434,60.72632144315318,64.40266551531134,63.650144028468425,61.14177218036162,-0.0030048398243590624,-0.0030093634196029263,0.011305470013527552,0.017099259710160464,65.13636474609375,64.62489051818848,58.9423616027832,0.009331098923947475,0.01503329441958249,1.9675080763475705,-0.431123476194216,7448233.2
2023-02-24,65.49223327636719,65.67251929645604,64.00287846732607,64.08910612571431,8704340,65.01409912109375,65.48440551757812,63.328758239746094,66.16638195108455,65.69604435863512,63.76771975651321,64.19887387473698,64.24588779598129,62.26269599588954,65.44522259728797,64.37914465646058,62.53704788055602,0.007354314859964184,0.007327403747749909,-0.0030048398243590624,0.010401642790917487,65.05797882080078,64.71934623718262,59.23483283996582,0.010209429846061472,0.015079207373395843,1.6696408291299747,1.4031271506528782,8059922.6
2023-02-27,65.71956634521484,66.51910750686072,65.44520693312333,65.84498500744344,8007297,65.49223327636719,66.44857025146484,63.603118896484375,65.67251929645604,66.46424664909611,63.94802209590336,64.00287846732607,64.62215003145569,62.80357397669367,64.08910612571431,64.75541439831728,63.86963262083173,0.0034711454698506117,0.0034651349493256796,0.007354314859964184,0.014723577716955871,65.1833999633789,64.74325447082519,59.5358854675293,0.008250093838454216,0.013981397465041297,1.0739005737373901,-0.1254186622285971,8552677.4
2023-02-28,66.40151977539062,67.13836276552448,65.42168517893657,65.54710382743878,11441143,65.71956634521484,65.88416290283203,65.24140167236328,66.51910750686072,66.26825701122273,65.83714214915427,65.44520693312333,65.0454234241645,63.41498176103919,65.84498500744344,65.53925977688048,63.49337122944476,0.010376718351937653,0.010323249777526659,0.0034711454698506117,-0.008493897558621621,65.56749267578125,64.89532489776612,59.86685424804688,0.005843172298285245,0.012306303579531367,1.716677586587906,0.8544159479518498,9820513.0
2023-03-01,65.9547119140625,66.91103180090944,65.6489997809823,66.36232059800733,7512988,66.40151977539062,65.09246063232422,63.360111236572266,67.13836276552448,65.70388499476894,64.86513500214902,65.42168517893657,64.45752917101207,63.23469258944087,65.54710382743878,65.52359146631808,64.59862131368183,-0.006728880044304608,-0.006751621029279569,0.010376718351937653,-0.012016579335999755,65.71642608642578,65.03877220153808,60.22144096374512,0.0071030426790034545,0.012386972166717124,1.2620320199271475,-0.4076086839448294,9157300.0
2023-03-02,67.19325256347656,67.20109076327948,65.35900140711077,65.53144929627383,8546337,65.9547119140625,64.4810562133789,63.08576583862305,66.91103180090944,65.3589944457883,63.422830829169385,65.6489997809823,64.12831477932114,62.29405539540942,66.36232059800733,64.38699782576195,63.06225124489826,0.018778653010081525,0.018604510831484376,-0.006728880044304608,-0.009392860755392807,66.15225677490234,65.17203140258789,60.614995040893554,0.009362001115380516,0.012059477685946144,1.8420893561687137,1.6618032672027283,8842421.0
2023-03-03,67.7105941772461,68.22795275878525,66.74643578944294,67.33433815926166,9618780,67.19325256347656,65.21004486083984,64.52806854248047,67.20109076327948,66.1036593703528,64.64564897611518,65.35900140711077,64.355628834365,62.71732911515628,65.53144929627383,64.40266551531134,62.921133451640905,0.007699308993575071,0.00766982057765242,0.018778653010081525,0.011305470013527552,66.59592895507812,65.26766357421874,61.01387840270996,0.009369754211909066,0.011420665011551161,1.4815169693423087,0.3762560179844314,9025309.0
2023-03-06,68.30687713623047,68.90316983522501,67.8439648106428,67.97734518404968,8084105,67.7105941772461,65.01409912109375,65.7979507446289,68.22795275878525,66.16638195108455,65.86850202313121,66.74643578944294,64.19887387473698,64.19886086905198,67.33433815926166,65.44522259728797,64.4261836077292,0.008806346572937773,0.008767796859070415,0.007699308993575071,-0.0030048398243590624,67.11339111328125,65.47071266174316,61.39690612792969,0.009209785638348796,0.009867459121077376,1.0592050245822122,0.3295319521807869,9040670.6
2023-03-07,67.78119659423828,68.71486674970141,67.55366315296862,68.2284180133161,8643445,68.30687713623047,65.49223327636719,64.24589538574219,68.90316983522501,65.67251929645604,65.60199373190697,67.8439648106428,64.00287846732607,64.13615310647168,67.97734518404968,64.08910612571431,65.46089865670149,-0.007695865541382796,-0.007725631529638464,0.008806346572937773,0.007354314859964184,67.38932647705079,65.63219261169434,61.73698852539062,0.011257761847516975,0.01014733519220447,1.1612035967327898,-0.4472214190778203,8481131.0
2023-03-08,68.24410247802734,68.58147987625394,67.5301203679812,68.07934026049453,7598067,67.78119659423828,65.71956634521484,64.55159759521484,68.71486674970141,66.51910750686072,64.62214137510597,67.55366315296862,65.44520693312333,63.68150518874592,68.2284180133161,65.84498500744344,63.86179123085349,0.006829414454869731,0.006806199639765575,-0.007695865541382796,0.0034711454698506117,67.84720458984376,65.82622375488282,62.101137466430664,0.009465970277792337,0.010107900136676127,1.0513595082727392,0.16476221753281095,8498146.8
2023-03-09,71.8375473022461,74.48947863281661,70.43311951164166,70.5821982997923,35826152,68.24410247802734,66.40151977539062,64.36347961425781,68.58147987625394,67.13836276552448,64.5672877867066,67.5301203679812,65.42168517893657,63.13280736712162,68.07934026049453,65.54710382743878,64.26157552803342,0.05265575623000873,0.05131626254228874,0.006829414454869731,0.010376718351937653,68.77606353759765,66.205806350708,62.536910705566406,0.02281713544491529,0.014933858491802128,4.05635912117495,1.2553490024537979,13954109.8
2023-03-10,71.39817810058594,73.90888384151972,71.23341587244211,72.10431479339009,23152683,71.8375473022461,65.9547119140625,64.24589538574219,74.48947863281661,66.91103180090944,64.74757758819224,70.43311951164166,65.6489997809823,63.72854427882272,70.5821982997923,66.36232059800733,64.034256519683,-0.006116149815243221,-0.006134930073931566,0.05265575623000873,-0.006728880044304608,69.51358032226562,66.60927734375,62.95104614257812,0.024494140704596868,0.014463366970489257,2.6754679690776157,-0.7061366928041508,16660890.4
2023-03-13,69.80545043945312,71.1863419499917,68.7776347700898,70.37820674781157,14201502,71.39817810058594,67.19325256347656,63.328758239746094,73.90888384151972,67.20109076327948,64.77107642375857,71.23341587244211,65.35900140711077,63.05439886158337,72.10431479339009,65.53144929627383,64.54375372155049,-0.022307679320457963,-0.02256025897661423,-0.006116149815243221,0.018778653010081525,69.81329498291015,66.91351509094238,63.343974380493165,0.02874172343386112,0.015797508616449372,2.4087071799018958,-0.5727563083584499,17884369.8
2023-03-14,71.53157043457031,73.03014400904146,70.77050795132217,71.53157043457031,14218418,69.80545043945312,67.7105941772461,63.72069549560547,71.1863419499917,68.22795275878525,63.76772468169622,68.7776347700898,66.74643578944294,63.02305094094495,70.37820674781157,67.33433815926166,63.34443952638893,0.024727581933080778,0.02442680354245278,-0.022307679320457963,0.007699308993575071,70.56336975097656,67.24958000183105,63.74964080810547,0.028910560020400593,0.016199921629211012,2.259636057719291,0.0,18999364.4
2023-03-15,70.42527770996094,70.42527770996094,67.82827198225039,69.82113956479319,15107797,71.53157043457031,68.30687713623047,64.81027221679688,73.03014400904146,68.90316983522501,64.99840394757865,70.77050795132217,67.8439648106428,63.55608565657434,71.53157043457031,67.97734518404968,63.650144028468425,-0.015465796680939614,-0.015586639689212365,0.024727581933080778,0.008806346572937773,70.99960479736328,67.49662361145019,64.13269165039063,0.03136059203548715,0.016774163534192234,2.5970057277105525,0.6041381451677523,20501310.4
2023-03-16,72.15925598144531,72.26125452563018,69.49163290461061,70.14284399379085,10183883,70.42527770996094,67.78119659423828,65.48440551757812,70.42527770996094,68.71486674970141,65.69604435863512,67.82827198225039,67.55366315296862,64.24588779598129,69.82113956479319,68.2284180133161,64.37914465646058,0.024621532606879937,0.0243233079247046,-0.015465796680939614,-0.007695865541382796,71.06394653320312,67.78215789794922,64.53585845947265,0.022281958424630828,0.0172533461211546,2.769621621019567,2.0164119876544646,15372856.6
2023-03-17,70.84111785888672,72.04939415968948,70.10359933766348,72.01801230783553,12765689,72.15925598144531,68.24410247802734,66.44857025146484,72.26125452563018,68.58147987625394,66.46424664909611,69.49163290461061,67.5301203679812,64.62215003145569,70.14284399379085,68.07934026049453,64.75541439831728,-0.01826706920173249,-0.01843597218062217,0.024621532606879937,0.006829414454869731,70.95253448486328,68.03000564575196,64.85212898254395,0.023870627181571402,0.017764706832586987,1.9457948220260022,-1.176894448948815,13295457.8
2023-03-20,70.55081176757812,71.5786348985032,70.15067066339509,71.1078771286679,8705343,70.84111785888672,71.8375473022461,65.88416290283203,72.04939415968948,74.48947863281661,66.26825701122273,70.10359933766348,70.43311951164166,65.0454234241645,72.01801230783553,70.5821982997923,65.53925977688048,-0.004097988570520239,-0.0041064083362908526,-0.01826706920173249,0.05265575623000873,71.10160675048829,68.30292320251465,65.14550506591797,0.02109981817223042,0.01748003790826945,1.4279642351081065,-0.5570653610897693,12196226.0
2023-03-21,72.32401275634766,72.99876768947603,71.36680610725311,71.38249703586858,8553980,70.55081176757812,71.39817810058594,65.09246063232422,71.5786348985032,73.90888384151972,65.70388499476894,70.15067066339509,71.23341587244211,64.45752917101207,71.1078771286679,72.10431479339009,65.52359146631808,0.025133672375183158,0.024823016160805733,-0.004097988570520239,-0.006116149815243221,71.26009521484374,68.69507102966308,65.46415489196778,0.021208214931888864,0.017771781652080397,1.6319615822229139,0.9415157204790745,11063338.4
2023-03-22,70.29190063476562,72.65353508585413,70.26051878171272,72.56722748951576,8784783,72.32401275634766,69.80545043945312,64.4810562133789,72.99876768947603,71.1863419499917,65.3589944457883,71.36680610725311,68.7776347700898,64.12831477932114,71.38249703586858,70.37820674781157,64.38699782576195,-0.028097336474235957,-0.028499619941675707,0.025133672375183158,-0.022307679320457963,71.2334197998047,68.94916381835938,65.73071800231934,0.024381145256811537,0.019262941006235185,2.393016304141412,-2.2753268547501335,9798735.6
2023-03-23,71.861083984375,72.92813439105724,71.02941995461548,71.1078745798142,10834691,70.29190063476562,71.53157043457031,65.21004486083984,72.65353508585413,73.03014400904146,66.1036593703528,70.26051878171272,70.77050795132217,64.355628834365,72.56722748951576,71.53157043457031,64.40266551531134,0.02232381448558063,0.022078285516433042,-0.028097336474235957,0.024727581933080778,71.17378540039063,69.29151306152343,65.9879035949707,0.023812748324488552,0.019612208747434915,1.8987144364417645,0.7532094045608062,9928897.2
2023-03-24,71.6884994506836,72.45740002849747,70.8646731170575,71.06082474425953,8342975,71.861083984375,70.42527770996094,65.01409912109375,72.92813439105724,70.42527770996094,66.16638195108455,71.02941995461548,67.82827198225039,64.19887387473698,71.1078745798142,69.82113956479319,65.44522259728797,-0.0024016411125795667,-0.0024045296783887786,0.02232381448558063,-0.015465796680939614,71.34326171875,69.60132637023926,66.20369812011718,0.021846036762998768,0.01967702682075614,1.5927269114399678,0.6276747064240595,9044354.4
2023-03-27,73.21060943603516,73.46952475628197,72.26909372572398,72.40247411795889,7524516,71.6884994506836,72.15925598144531,65.49223327636719,72.45740002849747,72.26125452563018,65.67251929645604,70.8646731170575,69.49163290461061,64.00287846732607,71.06082474425953,70.14284399379085,64.08910612571431,0.021232275706909665,0.0210100115525172,-0.0024016411125795667,0.024621532606879937,71.8752212524414,69.97587852478027,66.43159240722656,0.022827531061380257,0.02001594018995806,1.2004310305579935,0.8081353180762676,8808189.0
2023-03-28,73.07720947265625,73.5479672500533,72.62215012155598,73.23413373208365,5023152,73.21060943603516,70.84111785888672,65.71956634521484,73.46952475628197,72.04939415968948,66.51910750686072,72.26909372572398,70.10359933766348,65.44520693312333,72.40247411795889,72.01801230783553,65.84498500744344,-0.0018221397746382983,-0.0018238018906961949,0.021232275706909665,-0.01826706920173249,72.02586059570312,70.30966300964356,66.63581100463867,0.02075129931062387,0.020048569997386315,0.9258171284973287,-0.15692425942739874,8102023.4
2023-03-29,73.79906463623047,74.08151637931027,73.49306899752351,73.72844795023822,6162254,73.07720947265625,70.55081176757812,66.40151977539062,73.5479672500533,71.5786348985032,67.13836276552448,72.62215012155598,70.15067066339509,65.42168517893657,73.23413373208365,71.1078771286679,65.54710382743878,0.009877979315073837,0.009829510995410169,-0.0018221397746382983,-0.004097988570520239,72.7272933959961,70.70188064575196,66.8499201965332,0.01195297319082432,0.01988085015335719,0.5884473817867644,0.07061668599224902,7577517.6
2023-03-30,73.79119873046875,73.9951957871665,73.40674850857168,73.7127440936183,6623107,73.79906463623047,72.32401275634766,65.9547119140625,74.08151637931027,72.99876768947603,66.91103180090944,73.49306899752351,71.36680610725311,65.6489997809823,73.72844795023822,71.38249703586858,66.36232059800733,-0.00010658543980868185,-0.00010659112044032346,0.009877979315073837,0.025133672375183158,73.11331634521484,71.03177795410156,67.08299850463867,0.010174121008572677,0.019680485488607527,0.5884472785948134,0.07845463685045218,6735200.8
2023-03-31,75.00733947753906,75.06225773165991,73.99520700474076,74.16782223286656,9247391,73.79119873046875,70.29190063476562,67.19325256347656,73.9951957871665,72.65353508585413,67.20109076327948,73.40674850857168,70.26051878171272,65.35900140711077,73.7127440936183,72.56722748951576,65.53144929627383,0.016480837389732717,0.016346502349036434,-0.00010658543980868185,-0.028097336474235957,73.77708435058594,71.39661521911621,67.37818214416504,0.010078730157027538,0.019844057582966198,1.067050726919149,0.839517244672507,6916084.0
2023-04-03,76.0429916381836,76.05868256603274,74.81902426151451,75.12501985590355,6199468,75.00733947753906,71.861083984375,67.7105941772461,75.06225773165991,72.92813439105724,68.22795275878525,73.99520700474076,71.02941995461548,66.74643578944294,74.16782223286656,71.1078745798142,67.33433815926166,0.013807344292682933,0.013712891350924376,0.016480837389732717,0.02232381448558063,74.34356079101562,71.78342094421387,67.68122337341309,0.008227187970296309,0.019921715521254647,1.2396583045182297,0.9179717822800484,6651074.4
2023-04-04,74.5758056640625,76.78836917085587,74.27766301091364,76.0743868956723,8554983,76.0429916381836,71.6884994506836,68.30687713623047,76.05868256603274,72.45740002849747,68.90316983522501,74.81902426151451,70.8646731170575,67.8439648106428,75.12501985590355,71.06082474425953,67.97734518404968,-0.01929416429461428,-0.019482726050546472,0.013807344292682933,-0.0024016411125795667,74.64328002929688,72.12315139770507,67.92215530395508,0.014541929962450007,0.02048881026140515,2.510706159942231,-1.4985812316098048,7357440.6
2023-04-05,73.9481201171875,74.78763720180496,73.48520777607465,74.52087644604457,10642230,74.5758056640625,73.21060943603516,67.78119659423828,76.78836917085587,73.46952475628197,68.71486674970141,74.27766301091364,72.26909372572398,67.55366315296862,76.0743868956723,72.40247411795889,68.2284180133161,-0.008416745099643963,-0.008452365913711925,-0.01929416429461428,0.021232275706909665,74.67309112548828,72.40835227966309,68.13595336914062,0.01503460702129338,0.020699146987218343,1.3024294257303097,-0.5727563288570678,8253435.8
2023-04-06,73.43812561035156,74.05795464026593,73.3910453356535,73.84611215522979,8025340,73.9481201171875,73.07720947265625,68.24410247802734,74.78763720180496,73.5479672500533,68.58147987625394,73.48520777607465,72.62215012155598,67.5301203679812,74.52087644604457,73.23413373208365,68.07934026049453,-0.006896652761797517,-0.006920544583888957,-0.008416745099643963,-0.0018221397746382983,74.60247650146485,72.48838119506836,68.33814071655273,0.015404541060715142,0.017383104350455977,0.6669093046124317,-0.40798654487822716,8533882.4
2023-04-10,74.03443908691406,74.52873335746801,73.44599174091076,73.61859946219779,7499832,73.43812561035156,73.79906463623047,71.8375473022461,74.05795464026593,74.08151637931027,74.48947863281661,73.3910453356535,73.49306899752351,70.43311951164166,73.84611215522979,73.72844795023822,70.5821982997923,0.008119944124478584,0.008087154757150874,-0.006896652761797517,0.009877979315073837,74.40789642333985,72.62019424438476,68.54676712036132,0.013370570049547554,0.017357233514497923,1.0827416165572572,0.4158396247162699,8184370.6
2023-04-11,73.68135833740234,74.50517698337005,73.65781444715059,74.15210863490836,6663078,74.03443908691406,73.79119873046875,71.39817810058594,74.52873335746801,73.9951957871665,73.90888384151972,73.44599174091076,73.40674850857168,71.23341587244211,73.61859946219779,73.7127440936183,72.10431479339009,-0.004769141954289902,-0.004780550599197389,0.008119944124478584,-0.00010658543980868185,73.9355697631836,72.81398963928223,68.7155662536621,0.009797338820041322,0.016488056673425764,0.8473625362194639,-0.47075029750601516,8277092.6
2023-04-12,73.8304443359375,74.2776658330971,73.60291085494207,73.95597927368212,8768118,73.68135833740234,75.00733947753906,69.80545043945312,74.50517698337005,75.06225773165991,71.1863419499917,73.65781444715059,73.99520700474076,68.7776347700898,74.15210863490836,74.16782223286656,70.37820674781157,0.002023388301997109,0.0020213440090213015,-0.004769141954289902,0.016480837389732717,73.7864974975586,72.92893333435059,68.92497291564942,0.0069177336691531015,0.015662292055053588,0.6747549781550362,-0.125534937744618,8319719.6
2023-04-13,73.98735046386719,74.29334604949442,73.3361394745564,74.05012167390994,11044694,73.8304443359375,76.0429916381836,71.53157043457031,74.2776658330971,76.05868256603274,73.03014400904146,73.60291085494207,74.81902426151451,70.77050795132217,73.95597927368212,75.12501985590355,71.53157043457031,0.0021252225872534503,0.0021229674962125003,0.002023388301997109,0.013807344292682933,73.79434356689453,73.1070369720459,69.1430046081543,0.006016228763776637,0.015132589362769362,0.957206574938013,-0.06277121004275443,8400212.4
2023-04-14,74.88179016113281,75.03870692893595,73.60289712727469,73.64212444411473,7211767,73.98735046386719,74.5758056640625,70.42527770996094,74.29334604949442,76.78836917085587,70.42527770996094,73.3361394745564,74.27766301091364,67.82827198225039,74.05012167390994,76.0743868956723,69.82113956479319,0.012089089441071899,0.012016600035130184,0.0021252225872534503,-0.01929416429461428,74.08307647705078,73.24316368103027,69.35007904052735,0.006455483643821276,0.014414212793028765,1.4358098016612644,1.2396657170180845,8237497.8
2023-04-17,75.92530059814453,75.98807180867779,74.91317576939798,75.02301976249868,7676003,74.88179016113281,73.9481201171875,72.15925598144531,75.03870692893595,74.78763720180496,72.26125452563018,73.60289712727469,73.48520777607465,69.49163290461061,73.64212444411473,74.52087644604457,70.14284399379085,0.013935436569642023,0.01383923111979289,0.012089089441071899,-0.008416745099643963,74.46124877929688,73.49737281799317,69.55262603759766,0.0077882165851203096,0.013823225665861917,1.0748960392798068,0.902280835645854,8272732.0
2023-04-18,77.25910949707031,77.29834431507803,75.99591486705937,76.10575885668334,8909832,75.92530059814453,73.43812561035156,70.84111785888672,75.98807180867779,74.05795464026593,72.04939415968948,74.91317576939798,73.3910453356535,70.10359933766348,75.02301976249868,73.84611215522979,72.01801230783553,0.017567383841986084,0.017414861047969545,0.013935436569642023,-0.006896652761797517,75.17679901123047,73.83278770446778,69.81289031982422,0.007101666319884489,0.014038558561244401,1.302429448018657,1.153350640386975,8722082.8
2023-04-19,77.698486328125,77.91817430984004,77.21988304668979,77.34541796474936,7038101,77.25910949707031,74.03443908691406,70.55081176757812,77.29834431507803,74.52873335746801,71.5786348985032,75.99591486705937,73.44599174091076,70.15067066339509,76.10575885668334,73.61859946219779,71.1078771286679,0.005687055337744384,0.00567094508959267,0.017567383841986084,0.008119944124478584,75.95040740966797,74.10151138305665,70.07582809448242,0.006271692678125127,0.013192813715677173,0.6982912631502529,0.35306836337564107,8376079.4
2023-04-20,78.271240234375,78.82829813446315,77.72202029720043,77.91032641864399,8661237,77.698486328125,73.68135833740234,72.32401275634766,77.91817430984004,74.50517698337005,72.99876768947603,77.21988304668979,73.65781444715059,71.36680610725311,77.34541796474936,74.15210863490836,71.38249703586858,0.007371493748684177,0.007344457074457698,0.005687055337744384,-0.004769141954289902,76.80718536376953,74.5004783630371,70.35398330688477,0.004842057151952476,0.010878177077976232,1.1062778372627236,0.3609138157310099,7899388.0
2023-04-21,78.0750961303711,78.52231758631802,77.77695349336895,78.4438554447915,5112741,78.271240234375,73.8304443359375,70.29190063476562,78.82829813446315,74.2776658330971,72.65353508585413,77.72202029720043,73.60291085494207,70.26051878171272,77.91032641864399,73.95597927368212,72.56722748951576,-0.0025059536991693943,-0.0025090988566520154,0.007371493748684177,0.002023388301997109,77.44584655761719,74.81117897033691,70.63056732177735,0.007778802772254873,0.01024937049620121,0.7453640929490746,-0.36875931442040155,7479582.8
2023-04-24,78.57722473144531,79.0636734391943,78.13001083913723,78.13001083913723,7833505,78.0750961303711,73.98735046386719,71.861083984375,78.52231758631802,74.29334604949442,72.92813439105724,77.77695349336895,73.3361394745564,71.02941995461548,78.4438554447915,74.05012167390994,71.1078745798142,0.006431354246887677,0.006410761334547076,-0.0025059536991693943,0.0021252225872534503,77.97623138427734,75.155615234375,70.93553665161133,0.007144537877789492,0.010139413099248663,0.933662600057076,0.44721389230808484,7511083.2
2023-04-25,77.2355728149414,80.03658328911318,76.53728156226929,79.98950300777028,11649768,78.57722473144531,74.88179016113281,71.6884994506836,79.0636734391943,75.03870692893595,72.45740002849747,78.13001083913723,73.60289712727469,70.8646731170575,78.13001083913723,73.64212444411473,71.06082474425953,-0.017074310286336658,-0.01722175710072476,0.006431354246887677,0.012089089441071899,77.97152404785156,75.35686340332032,71.20583419799804,0.01031811609061218,0.01045469073722275,3.499301726843896,-2.753930192828875,8059070.4
2023-04-26,75.48593139648438,77.24342026821952,75.39177833181631,77.07081256669748,8032357,77.2355728149414,75.92530059814453,73.21060943603516,80.03658328911318,75.98807180867779,73.46952475628197,76.53728156226929,74.91317576939798,72.26909372572398,79.98950300777028,75.02301976249868,72.40247411795889,-0.022653310575545538,-0.022913838886684725,-0.017074310286336658,0.013935436569642023,77.52901306152344,75.47729949951172,71.41934738159179,0.013647567096887954,0.011873607264524343,1.8516419364032117,-1.5848811702131087,8257921.6
2023-04-27,76.93743133544922,77.03942986267825,75.7919186455763,76.12145061806014,9348633,75.48593139648438,77.25910949707031,73.07720947265625,77.24342026821952,77.29834431507803,73.5479672500533,75.39177833181631,75.99591486705937,72.62215012155598,77.07081256669748,76.10575885668334,73.23413373208365,0.019228747822437775,0.01904621170017618,-0.022653310575545538,0.017567383841986084,77.26225128173829,75.63421783447265,71.64840789794921,0.017081828194822006,0.01238603113756213,1.2475112171019447,0.8159807173890812,8395400.8
2023-04-28,77.65140533447266,78.23985254453399,76.01159860907225,76.20775017924018,6279159,76.93743133544922,77.698486328125,73.79906463623047,77.03942986267825,77.91817430984004,74.08151637931027,75.7919186455763,77.21988304668979,73.49306899752351,76.12145061806014,77.34541796474936,73.72844795023822,0.009279930284005644,0.00923713627750088,0.019228747822437775,0.005687055337744384,77.1775131225586,75.82722816467285,71.87246459960937,0.018009334505921137,0.012473253002618907,2.228253935461737,1.4436551552324772,8628684.4
2023-05-01,79.3853759765625,80.02874907529065,77.96525688114188,78.05940995661967,7408237,77.65140533447266,78.271240234375,73.79119873046875,78.23985254453399,78.82829813446315,73.9951957871665,76.01159860907225,77.72202029720043,73.40674850857168,76.20775017924018,77.91032641864399,73.7127440936183,0.02233019009277437,0.022084521884228752,0.009279930284005644,0.007371493748684177,77.33914337158203,76.04612998962402,72.14248886108399,0.02082373541648014,0.012877227342115617,2.0634921941487647,1.3259660199428254,8543630.8
2023-05-02,79.64427185058594,80.05226591116302,78.6086107746891,78.93813520768774,7485046,79.3853759765625,78.0750961303711,75.00733947753906,80.02874907529065,78.52231758631802,75.06225773165991,77.96525688114188,77.77695349336895,73.99520700474076,78.05940995661967,78.4438554447915,74.16782223286656,0.0032612539883905,0.0032559476333864257,0.02233019009277437,-0.0025059536991693943,77.82088317871094,76.22619400024413,72.43352508544922,0.01789222669185102,0.012621292447536904,1.4436551364739216,0.7061366428982012,7710686.4
2023-05-03,79.84829711914062,80.77412204508315,79.48738320738532,79.93460473946874,5917543,79.64427185058594,78.57722473144531,76.0429916381836,80.05226591116302,79.0636734391943,76.05868256603274,78.6086107746891,78.13001083913723,74.81902426151451,78.93813520768774,78.13001083913723,75.12501985590355,0.0025617067469390076,0.0025584311690644156,0.0032612539883905,0.006431354246887677,78.69335632324218,76.48981857299805,72.74086990356446,0.009077235067283243,0.011545101715429903,1.2867388376978255,-0.0863076203281139,7287723.6
2023-05-04,77.92601013183594,79.83257755808056,76.42743676413716,79.62858052880765,9055431,79.84829711914062,77.2355728149414,74.5758056640625,80.77412204508315,80.03658328911318,76.78836917085587,79.48738320738532,76.53728156226929,74.27766301091364,79.93460473946874,79.98950300777028,76.0743868956723,-0.024074238983913032,-0.024368759994795618,0.0025617067469390076,-0.017074310286336658,78.89107208251953,76.68871307373047,72.99518920898437,0.01692505439240067,0.01285157009980028,3.405140793943403,-1.7025703969717085,7229083.2
2023-05-05,78.64784240722656,79.84042780289019,78.26339221398666,78.91460315352015,6302841,77.92601013183594,75.48593139648438,73.9481201171875,79.83257755808056,77.24342026821952,74.78763720180496,76.42743676413716,75.39177833181631,73.48520777607465,79.62858052880765,77.07081256669748,74.52087644604457,0.009263046756396554,0.009220407847339596,-0.024074238983913032,-0.022653310575545538,79.09035949707031,76.94919891357422,73.26786407470703,0.016923408009465218,0.012723688872960576,1.5770355889035272,-0.2667607462935848,7233819.6
2023-05-08,79.18138122558594,79.33045254343092,78.63216123820484,78.63216123820484,4282128,78.64784240722656,76.93743133544922,73.43812561035156,79.84042780289019,77.03942986267825,74.05795464026593,78.26339221398666,75.7919186455763,73.3910453356535,78.91460315352015,76.12145061806014,73.84611215522979,0.006783896443042892,0.006760989358736697,0.009263046756396554,0.019228747822437775,79.049560546875,77.20654602050782,73.5416470336914,0.013487221445205071,0.012701699524538666,0.6982913052260784,0.5492199873810932,6608597.8
2023-05-09,79.24414825439453,79.95028505324487,79.06368757225893,79.06368757225893,6520737,79.18138122558594,77.65140533447266,74.03443908691406,79.33045254343092,78.23985254453399,74.52873335746801,78.63216123820484,76.01159860907225,73.44599174091076,78.63216123820484,76.20775017924018,73.61859946219779,0.0007926993421567552,0.0007923853219713326,0.006783896443042892,0.009279930284005644,78.96953582763672,77.48468551635742,73.812138671875,0.013362426827666862,0.012572666914138367,0.8865974809859409,0.18046068213560318,6415736.0
2023-05-10,78.0986328125,79.7698216799774,77.25127018255522,79.62075036092315,5053224,79.24414825439453,79.3853759765625,73.68135833740234,79.95028505324487,80.02874907529065,74.50517698337005,79.06368757225893,77.96525688114188,73.65781444715059,79.06368757225893,78.05940995661967,74.15210863490836,-0.014455520907576958,-0.014561019879261653,0.0007926993421567552,0.02233019009277437,78.61960296630859,77.69809494018554,74.04608093261719,0.014377869171418338,0.013213430457073431,2.5185514974221803,-1.5221175484231537,6242872.2
2023-05-11,78.0750961303711,78.4438554447915,77.53372910512478,77.98879602517998,5117628,78.0986328125,79.64427185058594,73.8304443359375,79.7698216799774,80.05226591116302,74.2776658330971,77.25127018255522,78.6086107746891,73.60291085494207,79.62075036092315,78.93813520768774,73.95597927368212,-0.0003013712440448346,-0.0003014166654842429,-0.014455520907576958,0.0032612539883905,78.64942016601563,77.90248222351075,74.28848861694335,0.009228204022274745,0.013232020413059615,0.9101263396667179,0.08630010519111408,5455311.6
2023-05-12,77.51803588867188,78.45954405697957,76.66282032256436,78.13001957327144,4332874,78.0750961303711,79.84829711914062,73.98735046386719,78.4438554447915,80.77412204508315,74.29334604949442,77.53372910512478,79.48738320738532,73.3361394745564,77.98879602517998,79.93460473946874,74.05012167390994,-0.007134928668791285,-0.007160503997048958,-0.0003013712440448346,0.0025617067469390076,78.42345886230468,78.0342945098877,74.49498428344727,0.008148996964045481,0.013218115393870387,1.7967237344152096,-0.611983684599565,5061318.2
2023-05-15,80.02873229980469,80.27195665187897,77.69063433436092,77.78478739010252,7973716,77.51803588867188,77.92601013183594,74.88179016113281,78.45954405697957,79.83257755808056,75.03870692893595,76.66282032256436,76.42743676413716,73.60289712727469,78.13001957327144,79.62858052880765,73.64212444411473,0.03238854522499213,0.03187509351308177,-0.007134928668791285,-0.024074238983913032,78.59292907714844,78.23946609497071,74.74134704589844,0.017917283086287157,0.014672698918836095,2.581322317518044,2.243944909702165,5799635.8
2023-05-16,79.34614562988281,80.20919920457742,79.15783948610326,79.42460777319828,5523851,80.02873229980469,78.64784240722656,75.92530059814453,80.27195665187897,79.84042780289019,75.98807180867779,77.69063433436092,78.26339221398666,74.91317576939798,77.78478739010252,78.91460315352015,75.02301976249868,-0.008529270054719373,-0.008565852441114696,0.03238854522499213,0.009263046756396554,78.61332855224609,78.34381790161133,74.96213241577148,0.01858058294684804,0.014443047100441824,1.0513597184741599,-0.07846214331546264,5600258.6
2023-05-17,81.18209075927734,81.26839836047941,79.67567172253229,79.9267415619898,6871703,79.34614562988281,79.18138122558594,77.25910949707031,80.20919920457742,79.33045254343092,77.29834431507803,79.15783948610326,78.63216123820484,75.99591486705937,79.42460777319828,78.63216123820484,76.10575885668334,0.023138428651070964,0.022874794189513072,-0.008529270054719373,0.006783896443042892,79.23002014160156,78.51799812316895,75.23015029907226,0.01867572144383884,0.015219875137700898,1.5927266379471234,1.2553491972875435,5963954.4
2023-05-18,81.60577392578125,81.81760894140064,79.81689573542367,80.72702200743099,5772320,81.18209075927734,79.24414825439453,77.698486328125,81.26839836047941,79.95028505324487,77.91817430984004,79.67567172253229,79.06368757225893,77.21988304668979,79.9267415619898,79.06368757225893,77.34541796474936,0.005218924057526664,0.005205352671577039,0.023138428651070964,0.0007926993421567552,79.9361557006836,78.68472480773926,75.49738372802734,0.018226530419910885,0.015189743450700814,2.0007132059769646,0.878751918350261,6094892.8
2023-05-19,81.80191802978516,82.99450349024856,81.47239356078477,82.00591508236111,7230687,81.60577392578125,78.0986328125,78.271240234375,81.81760894140064,79.7698216799774,78.82829813446315,79.81689573542367,77.25127018255522,77.72202029720043,80.72702200743099,79.62075036092315,77.91032641864399,0.00240355669173975,0.0024006727695438006,0.005218924057526664,-0.014455520907576958,80.79293212890624,78.87106590270996,75.69667114257813,0.01653401441333532,0.015149348991842473,1.5221099294637952,-0.20399705257595713,6674455.4
2023-05-22,82.02944946289062,83.1200363703423,81.6763811115191,81.6763811115191,4996087,81.80191802978516,78.0750961303711,78.0750961303711,82.99450349024856,78.4438554447915,78.52231758631802,81.47239356078477,77.53372910512478,77.77695349336895,82.00591508236111,77.98879602517998,78.4438554447915,0.0027814926420506314,0.0027776314496534213,0.00240355669173975,-0.0003013712440448346,81.19307556152344,79.04367713928222,75.90929656982422,0.01144284632583759,0.015120731692061165,1.443655258823199,0.35306835137151893,6078929.6
2023-05-23,79.79335021972656,81.70776310799685,79.4638182880303,81.48807515353268,5738239,82.02944946289062,77.51803588867188,78.57722473144531,83.1200363703423,78.45954405697957,79.0636734391943,81.6763811115191,76.66282032256436,78.13001083913723,81.6763811115191,78.13001957327144,78.13001083913723,-0.027259712917805823,-0.02763815217663414,0.0027814926420506314,-0.007134928668791285,81.28251647949219,79.17156600952148,76.10905456542969,0.018106182277616355,0.01595472942568252,2.2439448199665577,-1.694724933806114,6121807.2
2023-05-24,79.22845458984375,79.61290483360219,78.38893742470262,79.46383351466626,6275400,79.79335021972656,80.02873229980469,77.2355728149414,81.70776310799685,80.27195665187897,80.03658328911318,79.4638182880303,77.69063433436092,76.53728156226929,81.48807515353268,77.78478739010252,79.98950300777028,-0.00707948254243318,-0.007104660982893201,-0.027259712917805823,0.03238854522499213,80.89178924560547,79.35869216918945,76.26299224853516,0.013410658118997144,0.015055665028927445,1.2239674088995685,-0.23537892482251266,6002546.6
2023-05-25,79.6521224975586,80.0993439005908,78.88322210326007,79.55797693939839,6737506,79.22845458984375,79.34614562988281,75.48593139648438,79.61290483360219,80.20919920457742,77.24342026821952,78.38893742470262,79.15783948610326,75.39177833181631,79.46383351466626,79.42460777319828,77.07081256669748,0.005347421073755854,0.0053331743838177775,-0.00707948254243318,-0.008529270054719373,80.50105895996094,79.49442672729492,76.4475291442871,0.013434728208184317,0.014557038696559986,1.2161217973307288,0.09414555816020709,6195583.8
2023-05-26,80.60934448242188,81.55870571298095,79.68352714636502,79.707063540423,6796523,79.6521224975586,81.18209075927734,76.93743133544922,80.0993439005908,81.26839836047941,77.03942986267825,78.88322210326007,79.67567172253229,75.7919186455763,79.55797693939839,79.9267415619898,76.12145061806014,0.012017532676453335,0.011945895494305636,0.005347421073755854,0.023138428651070964,80.26254425048828,79.64232368469239,76.61653091430664,0.015278063533183185,0.014643334863887766,1.8751785666159293,0.9022809419988818,6108751.0
2023-05-30,80.34258270263672,80.86825883196593,78.97738935903234,80.82903150901424,7098370,80.60934448242188,81.60577392578125,77.65140533447266,81.55870571298095,81.81760894140064,78.23985254453399,79.68352714636502,79.81689573542367,76.01159860907225,79.707063540423,80.72702200743099,76.20775017924018,-0.0033093158305402826,-0.0033148037269732982,0.012017532676453335,0.005218924057526664,79.9251708984375,79.6901840209961,76.80656021118165,0.014957389939135531,0.013869165670314865,1.8908694729335878,-0.4864488063775241,6529207.6
2023-05-31,79.65997314453125,79.90319751982497,78.23201624797439,79.49521090658635,13358734,80.34258270263672,81.80191802978516,79.3853759765625,80.86825883196593,82.99450349024856,80.02874907529065,78.97738935903234,81.47239356078477,77.96525688114188,80.82903150901424,82.00591508236111,78.05940995661967,-0.00849623618190043,-0.00853253494467095,-0.0033093158305402826,0.00240355669173975,79.89849548339843,79.69096908569335,76.9887434387207,0.008743719863888553,0.014003011463632314,1.6711812718505854,0.16476223794489897,8053306.6
2023-06-01,82.12359619140625,82.51589182920218,79.29904959821386,79.4088935768675,7797043,79.65997314453125,82.02944946289062,79.64427185058594,79.90319751982497,83.1200363703423,80.05226591116302,78.23201624797439,81.6763811115191,78.6086107746891,79.49521090658635,81.6763811115191,78.93813520768774,0.030926737100514856,0.03045814247164083,-0.00849623618190043,0.0027814926420506314,80.47752380371094,79.80473403930664,77.18473510742187,0.015381555565949978,0.015609442271392365,3.21684223098832,2.7147026145387514,8357635.2
2023-06-02,83.01018524169922,83.72416734635132,82.02159694308624,82.77480636103495,7477278,82.12359619140625,79.79335021972656,79.84829711914062,82.51589182920218,81.70776310799685,80.77412204508315,79.29904959821386,79.4638182880303,79.48738320738532,79.4088935768675,81.48807515353268,79.93460473946874,0.010795789412662682,0.010737930924356449,0.030926737100514856,-0.027259712917805823,81.14913635253906,80.0589427947998,77.43910079956055,0.015401868802540434,0.014508692322790314,1.702570403265085,0.23537888066427115,8505589.6
2023-06-05,81.67638397216797,83.01019529058392,81.67638397216797,83.01019529058392,5108732,83.01018524169922,79.22845458984375,77.92601013183594,83.72416734635132,79.61290483360219,79.83257755808056,82.02159694308624,78.38893742470262,76.42743676413716,82.77480636103495,79.46383351466626,79.62858052880765,-0.016067923058449285,-0.01619841181081511,0.010795789412662682,-0.00707948254243318,81.36254425048828,80.21036987304687,77.6354067993164,0.018547025661098827,0.01505293060318082,1.333811318415954,-1.333811318415954,8168031.4
2023-06-06,82.74343872070312,83.25342388291278,81.67638811180004,81.85684878484125,7794036,81.67638397216797,79.6521224975586,78.64784240722656,83.01019529058392,80.0993439005908,79.84042780289019,81.67638397216797,78.88322210326007,78.26339221398666,83.01019529058392,79.55797693939839,78.91460315352015,0.013064422010880872,0.012979818516793173,-0.016067923058449285,0.005347421073755854,81.84271545410157,80.38847274780274,77.8565055847168,0.018650549867622476,0.015222579357967461,1.5770357711127474,0.8865899358618776,8307164.6
2023-06-07,83.2298812866211,84.21062421789863,82.88465839472988,83.66925724001773,9121088,82.74343872070312,80.60934448242188,79.18138122558594,83.25342388291278,81.55870571298095,79.33045254343092,81.67638811180004,79.68352714636502,78.63216123820484,81.85684878484125,79.707063540423,78.63216123820484,0.005878926153406905,0.005861712698520092,0.013064422010880872,0.012017532676453335,82.55669708251953,80.58775939941407,78.05689102172852,0.016871838412072505,0.015238337762069348,1.325965823168744,-0.4393759533966346,7459635.4
2023-06-08,83.2220458984375,84.1243343047315,82.87682296475204,83.04159271744507,4477596,83.2298812866211,80.34258270263672,79.24414825439453,84.21062421789863,80.86825883196593,79.95028505324487,82.88465839472988,78.97738935903234,79.06368757225893,83.66925724001773,80.82903150901424,79.06368757225893,-9.414152780795604e-05,-9.414595939971844e-05,0.005878926153406905,-0.0033093158305402826,82.77638702392578,80.84393005371093,78.25978775024414,0.011652355942884832,0.014723686655217358,1.247511339979468,0.1804531809924299,6795746.0
2023-06-09,83.40251159667969,83.59865571821388,82.44530488220633,83.39466613183609,4365076,83.2220458984375,79.65997314453125,78.0986328125,84.1243343047315,79.90319751982497,79.7698216799774,82.87682296475204,78.23201624797439,77.25127018255522,83.04159271744507,79.49521090658635,79.62075036092315,0.0021684842795433035,0.0021661365109615412,-9.414152780795604e-05,-0.00849623618190043,82.85485229492187,81.11030082702636,78.45185668945312,0.010761391556589568,0.01470237035069097,1.1533508360075473,0.007845464843597938,6173305.6
2023-06-12,83.34757232666016,83.8654104245864,82.89250543774806,83.41034353567429,4677449,83.40251159667969,82.12359619140625,78.0750961303711,83.59865571821388,82.51589182920218,78.4438554447915,82.44530488220633,79.29904959821386,77.53372910512478,83.39466613183609,79.4088935768675,77.98879602517998,-0.0006587244073080756,-0.0006589414615549883,0.0021684842795433035,0.030926737100514856,83.18908996582032,81.40177764892579,78.64298416137696,0.00564554019287933,0.014528234783010257,0.9729049868383441,-0.06277120901413014,6087049.0
2023-06-13,83.74772644042969,84.06940546875214,83.01804577753214,83.1906609882627,5411582,83.34757232666016,83.01018524169922,77.51803588867188,83.8654104245864,83.72416734635132,78.45954405697957,82.89250543774806,82.02159694308624,76.66282032256436,83.41034353567429,82.77480636103495,78.13001957327144,0.004801029023391745,0.004789540838947686,-0.0006587244073080756,0.010795789412662682,83.38994750976562,81.58772735595703,78.81779190063476,0.0028937941003916116,0.01288042508250635,1.05135969122,0.5570654521669809,5610558.2
2023-06-14,82.14714050292969,83.79479284121287,81.56653870274322,83.73202163288101,6429268,83.74772644042969,81.67638397216797,80.02873229980469,84.06940546875214,83.01019529058392,80.27195665187897,83.01804577753214,81.67638397216797,77.69063433436092,83.1906609882627,83.01019529058392,77.78478739010252,-0.019111992713479853,-0.019296987721168057,0.004801029023391745,-0.016067923058449285,83.17339935302735,81.72777709960937,78.93987487792968,0.009489537177721653,0.013550900727191497,2.2282541384696515,-1.5848811299513272,5072194.2
2023-06-15,82.7042007446289,82.884653893976,81.59007749523508,81.94313833093341,8733159,82.14714050292969,82.74343872070312,79.34614562988281,83.79479284121287,83.25342388291278,80.20919920457742,81.56653870274322,81.67638811180004,79.15783948610326,83.73202163288101,81.85684878484125,79.42460777319828,0.006781249332462824,0.006758360081421659,-0.019111992713479853,0.013064422010880872,83.06983032226563,81.80388259887695,79.10244277954102,0.010394611094056778,0.012661127208383317,1.2945763987409151,0.7610624136954982,5923306.8
2023-06-16,83.39464569091797,85.44243902071413,83.12003198736981,83.1278774502904,13731752,82.7042007446289,83.2298812866211,81.18209075927734,82.884653893976,84.21062421789863,81.26839836047941,81.59007749523508,82.88465839472988,79.67567172253229,81.94313833093341,83.66925724001773,79.9267415619898,0.008348366105622507,0.008313711238065657,0.006781249332462824,0.005878926153406905,83.06825714111328,81.8933261871338,79.29137329101563,0.011229731817813001,0.012735062222441685,2.3224070333443194,0.2667682406275702,7796642.0
2023-06-20,81.6136245727539,83.33188620007323,81.13502126555647,83.22988766732635,8068443,83.39464569091797,83.2220458984375,81.60577392578125,85.44243902071413,84.1243343047315,81.81760894140064,83.12003198736981,82.87682296475204,79.81689573542367,83.1278774502904,83.04159271744507,80.72702200743099,-0.021356540379882216,-0.021587891119219303,0.008348366105622507,-9.414152780795604e-05,82.72146759033203,81.88391151428223,79.45488327026368,0.014796448454041945,0.013685883006439603,2.1968649345167535,-1.6162630945724459,8474840.8
2023-06-21,82.42174530029297,82.92389245693354,81.26839468379715,81.31546746389957,5983576,81.6136245727539,83.40251159667969,81.80191802978516,83.33188620007323,83.59865571821388,82.99450349024856,81.13502126555647,82.44530488220633,81.47239356078477,83.22988766732635,83.39466613183609,82.00591508236111,0.0099017870088427,0.009853085539691595,-0.021356540379882216,0.0021684842795433035,82.45627136230469,81.90352630615234,79.62262939453124,0.01571173945708785,0.013854336876295392,1.6554977731363891,1.106277836393403,8589239.6
2023-06-22,82.24129486083984,83.00234983363929,82.10006901542216,82.11575994264156,5292046,82.42174530029297,83.34757232666016,82.02944946289062,82.92389245693354,83.8654104245864,83.1200363703423,81.26839468379715,82.89250543774806,81.6763811115191,81.31546746389957,83.41034353567429,81.6763811115191,-0.002189354748503236,-0.002191754889423802,0.0099017870088427,-0.0006587244073080756,82.47510223388672,82.025923538208,79.793828125,0.012982485219755278,0.012270299897027425,0.9022808182171218,0.12553491819828366,8361795.2
2023-06-23,81.4253158569336,81.88822822142602,80.5308804834917,80.88394885469219,7532911,82.24129486083984,83.74772644042969,79.79335021972656,83.00234983363929,84.06940546875214,81.70776310799685,82.10006901542216,83.01804577753214,79.4638182880303,82.11575994264156,83.1906609882627,81.48807515353268,-0.009921767468362042,-0.00997131621640494,-0.002189354748503236,0.004801029023391745,82.21932525634766,82.1357666015625,79.94572555541993,0.013045714282302594,0.012391772220152994,1.3573477379343188,0.541367002241401,8121745.6
2023-06-26,81.95100402832031,82.46883466827974,81.09578842534445,81.22916881744176,5326378,81.4253158569336,82.14714050292969,79.22845458984375,81.88822822142602,83.79479284121287,79.61290483360219,80.5308804834917,81.56653870274322,78.38893742470262,80.88394885469219,83.73202163288101,79.46383351466626,0.006456077767145185,0.006435326563447147,-0.009921767468362042,-0.019111992713479853,81.93059692382812,82.25071067810059,80.10499862670899,0.012654187555104352,0.012412627574047968,1.3730462429352883,0.7218352108785524,6440670.8
2023-06-27,82.31975555419922,82.54728149533466,81.88037959798648,82.09222211262069,5973427,81.95100402832031,82.7042007446289,79.6521224975586,82.46883466827974,82.884653893976,80.0993439005908,81.09578842534445,81.59007749523508,78.88322210326007,81.22916881744176,81.94313833093341,79.55797693939839,0.004499658427021602,0.004489565230008377,0.006456077767145185,0.006781249332462824,82.07182312011719,82.33623123168945,80.25375793457032,0.007872548665024676,0.01218907484105166,0.6669018973481826,0.2275334415785295,6021667.6
2023-06-28,83.9909439086914,84.24201373957654,82.358982507495,82.61005233838014,6009012,82.31975555419922,83.39464569091797,80.60934448242188,82.54728149533466,85.44243902071413,81.55870571298095,81.88037959798648,83.12003198736981,79.68352714636502,82.09222211262069,83.1278774502904,79.707063540423,0.020301182179675914,0.020097860357351408,0.004499658427021602,0.008348366105622507,82.38566284179687,82.51864929199219,80.41507080078125,0.011224841934319281,0.012862193611570927,1.8830312320815352,1.3808915703112632,6026754.8
2023-06-29,84.53231811523438,84.60293479265245,83.19850671194897,83.3397325663414,4070746,83.9909439086914,81.6136245727539,80.34258270263672,84.24201373957654,83.33188620007323,80.86825883196593,82.358982507495,81.13502126555647,78.97738935903234,82.61005233838014,83.22988766732635,80.82903150901424,0.006445625937142818,0.006424941724502229,0.020301182179675914,-0.021356540379882216,82.84386749267578,82.76226654052735,80.56053497314453,0.010720297512307695,0.01263393220599729,1.4044280807034824,1.1925855488929784,5782494.8
2023-06-30,86.18780517578125,86.5094916649707,85.20706228241855,85.5130503449281,9250648,84.53231811523438,82.42174530029297,79.65997314453125,84.60293479265245,82.92389245693354,79.90319751982497,83.19850671194897,81.26839468379715,78.23201624797439,83.3397325663414,81.31546746389957,79.49521090658635,0.019584072665440377,0.019394772237984723,0.006445625937142818,0.0099017870088427,83.7963653564453,82.9654769897461,80.73032135009765,0.007790965327765021,0.011522297870018641,1.3024293825521482,0.6747548308531464,6126042.2
2023-07-03,84.95599365234375,85.77981229399495,84.19493121607782,85.56797728638219,3723916,86.18780517578125,82.24129486083984,82.12359619140625,86.5094916649707,83.00234983363929,82.51589182920218,85.20706228241855,82.10006901542216,79.29904959821386,85.5130503449281,82.11575994264156,79.4088935768675,-0.014292178817237544,-0.014395295693990742,0.019584072665440377,-0.002189354748503236,84.39736328125,83.06276741027833,80.86401641845703,0.01409541538103076,0.011927969635391904,1.5848810779171316,-0.6119836340384381,5805549.8
2023-07-05,85.24629211425781,85.51305286904862,84.54800087343725,84.90891468887274,4588235,84.95599365234375,81.4253158569336,83.01018524169922,85.77981229399495,81.88822822142602,83.72416734635132,84.19493121607782,80.5308804834917,82.02159694308624,85.56797728638219,80.88394885469219,82.77480636103495,0.003417045101044014,0.0034112202678064137,-0.014292178817237544,-0.009921767468362042,84.98267059326172,83.24126281738282,81.00744033813477,0.014157511843038475,0.011215484742797125,0.9650519956113754,0.3373774253850712,5528511.4
2023-07-06,84.24201965332031,85.32476118768645,83.84187098814694,84.7441593503405,4594375,85.24629211425781,81.95100402832031,81.67638397216797,85.51305286904862,82.46883466827974,83.01019529058392,84.54800087343725,81.09578842534445,81.67638397216797,84.90891468887274,81.22916881744176,83.01019529058392,-0.011780834521124328,-0.011850778426561846,0.003417045101044014,0.006456077767145185,85.0328857421875,83.31619186401367,81.12073623657227,0.013942168224059375,0.011324348005836104,1.4828901995395114,-0.5021396970201835,5245584.0
2023-07-07,84.94816589355469,85.41891628670541,83.90465156269286,84.06156836040977,4843847,84.24201965332031,82.31975555419922,82.74343872070312,85.32476118768645,82.54728149533466,83.25342388291278,83.84187098814694,81.88037959798648,81.67638811180004,84.7441593503405,82.09222211262069,81.85684878484125,0.008382351742519445,0.00834741493147339,-0.011780834521124328,0.004499658427021602,85.11605529785156,83.40210609436035,81.27498809814453,0.014167658315094587,0.011395206578781318,1.5142647240125484,0.8865975331449221,5400204.2
2023-07-10,86.78546905517578,86.94250938557529,85.08949053238779,85.12089559607155,5805400,84.94816589355469,83.9909439086914,83.2298812866211,85.41891628670541,84.24201373957654,84.21062421789863,83.90465156269286,82.358982507495,82.88465839472988,84.06156836040977,82.61005233838014,83.66925724001773,0.021628520666630457,0.02139794299199019,0.008382351742519445,0.020301182179675914,85.23558807373047,83.58027725219726,81.50097885131837,0.014848976719519954,0.012278043101254521,1.853018853187507,1.6645734591042327,4711154.6
2023-07-11,87.3272476196289,87.5706518854325,86.54991971871348,86.9425130552927,4746113,86.78546905517578,84.53231811523438,83.2220458984375,86.94250938557529,84.60293479265245,84.1243343047315,85.08949053238779,83.19850671194897,82.87682296475204,85.12089559607155,83.3397325663414,83.04159271744507,0.006242733609109985,0.006223328466535321,0.021628520666630457,0.006445625937142818,85.7098388671875,83.77651405334473,81.70877517700195,0.011957469790230997,0.012311765946926059,1.0207321667190143,0.3847345643362132,4915594.0
2023-07-12,87.31153869628906,87.9161236834188,87.06813444830163,87.38220008738791,5403938,87.3272476196289,86.18780517578125,83.40251159667969,87.5706518854325,86.5094916649707,83.59865571821388,86.54991971871348,85.20706228241855,82.44530488220633,86.9425130552927,85.5130503449281,83.39466613183609,-0.000179885703122884,-0.00017990188449653894,0.006242733609109985,0.019584072665440377,86.12288818359374,83.97471237182617,81.90197784423827,0.012225179044870846,0.01230602241421788,0.8479892351171685,-0.07066139109885228,5078734.6
2023-07-13,87.37434387207031,87.79834221860503,87.0131631533884,87.35079007637165,3477075,87.31153869628906,84.95599365234375,83.34757232666016,87.9161236834188,85.77981229399495,83.8654104245864,87.06813444830163,84.19493121607782,82.89250543774806,87.38220008738791,85.56797728638219,83.41034353567429,0.0007193227461002039,0.0007190641574920233,-0.000179885703122884,-0.014292178817237544,86.74935302734374,84.1560432434082,82.06175720214844,0.008758319336700918,0.012297913372033061,0.7851790652166244,0.02355379569866045,4855274.6
2023-07-14,86.58917236328125,87.32723633154076,86.39287572036532,87.15449348433722,3405529,87.37434387207031,85.24629211425781,83.74772644042969,87.79834221860503,85.51305286904862,84.06940546875214,87.0131631533884,84.54800087343725,83.01804577753214,87.35079007637165,84.90891468887274,83.1906609882627,-0.008986293618853058,-0.009026913888917677,0.0007193227461002039,0.003417045101044014,87.07755432128906,84.37814483642578,82.20065521240234,0.0113204068061195,0.011560974649312382,0.9343606111754355,-0.5653211210559732,4567611.0
2023-07-17,87.26441955566406,88.05744989431831,86.48709925362782,86.69909842908854,4557412,86.58917236328125,84.24201965332031,82.14714050292969,87.32723633154076,85.32476118768645,83.79479284121287,86.39287572036532,83.84187098814694,81.56653870274322,87.15449348433722,84.7441593503405,83.73202163288101,0.00779828671360705,0.00776803723672694,-0.008986293618853058,-0.011780834521124328,87.17334442138672,84.60615577697754,82.3489776611328,0.006611151980935573,0.011582088392962266,1.5703506406904921,0.565321126575526,4318013.4
2023-07-18,87.20161437988281,87.80619937331531,86.777616004909,87.07598662174061,4476718,87.26441955566406,84.94816589355469,82.7042007446289,88.05744989431831,85.41891628670541,82.884653893976,86.48709925362782,83.90465156269286,81.59007749523508,86.69909842908854,84.06156836040977,81.94313833093341,-0.0007197111503295384,-0.0007199702667329286,0.00779828671360705,0.008382351742519445,87.1482177734375,84.79650421142578,82.53448974609375,0.005963641469461384,0.011528803361622791,1.0285833684063022,0.12562775814220117,4264134.4
2023-07-19,86.28294372558594,87.00530510664629,85.45065713384344,86.62842188687426,5604920,87.20161437988281,86.78546905517578,83.39464569091797,87.80619937331531,86.94250938557529,85.44243902071413,86.777616004909,85.08949053238779,83.12003198736981,87.07598662174061,85.12089559607155,83.1278774502904,-0.010535018885026615,-0.010590905050895006,-0.0007197111503295384,0.021628520666630457,86.94249877929687,85.02997016906738,82.68719177246093,0.007518329150441524,0.010574690176165564,1.5546479728028544,-0.34547816128832665,4304330.8
2023-07-20,87.34293365478516,87.81403956490512,86.3379117163902,86.40072183454525,5158852,86.28294372558594,87.3272476196289,81.6136245727539,87.00530510664629,87.5706518854325,83.33188620007323,85.45065713384344,86.54991971871348,81.13502126555647,86.62842188687426,86.9425130552927,83.22988766732635,0.012285045959609553,0.012210197172855819,-0.010535018885026615,0.006242733609109985,86.93621673583985,85.27602958679199,82.85042282104492,0.010049735527120223,0.010671457748660356,1.4761278485149205,0.9422118202399048,4640686.2
2023-07-21,86.62843322753906,87.8454544629967,86.22799616148238,87.49997625648129,10277106,87.34293365478516,87.31153869628906,82.42174530029297,87.81403956490512,87.9161236834188,82.92389245693354,86.3379117163902,87.06813444830163,81.26839468379715,86.40072183454525,87.38220008738791,81.31546746389957,-0.008180403352034071,-0.00821404645325133,0.012285045959609553,-0.000179885703122884,86.9440689086914,85.49538650512696,82.99810852050781,0.00987516080228885,0.010905071891098368,1.6174583015143185,-0.8715430289422272,6015001.6
2023-07-24,86.56562042236328,87.13879282093777,86.41643136767551,86.68339690943843,6687261,86.62843322753906,87.37434387207031,82.24129486083984,87.8454544629967,87.79834221860503,83.00234983363929,86.22799616148238,87.0131631533884,82.10006901542216,87.49997625648129,87.35079007637165,82.11575994264156,-0.0007250830106876327,-0.0007253460105126479,-0.008180403352034071,0.0007193227461002039,86.80430908203125,85.75240173339844,83.16744827270507,0.008908816472529621,0.010534288611781064,0.722361453262252,-0.11777648707514743,6440971.4
2023-07-25,91.99118041992188,92.61931916752708,89.21951115924864,89.90260876339879,21329067,86.56562042236328,86.58917236328125,81.4253158569336,87.13879282093777,87.32723633154076,81.88822822142602,86.41643136767551,86.39287572036532,80.5308804834917,86.68339690943843,87.15449348433722,80.88394885469219,0.06267569008443163,0.060789963520324654,-0.0007250830106876327,-0.008986293618853058,87.76222229003906,86.25441055297851,83.4457699584961,0.030170750088193584,0.016992868545785945,3.399808008278441,2.0885716565230865,9811441.2
2023-07-26,90.07536315917967,92.17177884372416,89.07819230038058,91.97548968204968,9449750,91.99118041992188,87.26441955566406,81.95100402832031,92.61931916752708,88.05744989431831,82.46883466827974,89.21951115924864,86.48709925362782,81.09578842534445,89.90260876339879,86.69909842908854,81.22916881744176,-0.020826097154062695,-0.02104601908460758,0.06267569008443163,0.00779828671360705,88.52070617675781,86.64219093322754,83.69691650390625,0.032292415135630054,0.01801770602774253,3.0935865433435765,-1.9001265228700106,10580407.2
2023-07-27,90.62498474121094,92.06970784551612,90.2402501656931,90.73490997792902,7752311,90.07536315917967,87.20161437988281,82.31975555419922,92.17177884372416,87.80619937331531,82.54728149533466,89.07819230038058,86.777616004909,81.88037959798648,91.97548968204968,87.07598662174061,82.09222211262069,0.006101797014794963,0.0060832564337390685,-0.020826097154062695,-0.0007197111503295384,89.17711639404297,86.97389297485351,83.90884155273437,0.03225573051451639,0.01764495627202641,1.8294576798230224,-0.10992523671808385,11099099.0
2023-07-28,89.81623077392578,90.96258287045072,89.52571148830786,90.71132741077432,5600785,90.62498474121094,86.28294372558594,83.9909439086914,92.06970784551612,87.00530510664629,84.24201373957654,90.2402501656931,85.45065713384344,82.358982507495,90.73490997792902,86.62842188687426,82.61005233838014,-0.008924183210564207,-0.008964242241060088,0.006101797014794963,-0.010535018885026615,89.8146759033203,87.23808860778809,84.11824325561524,0.03234948466373021,0.01786401051265319,1.4368713821428543,-0.8950966368485354,10163834.8
2023-07-31,89.6984634399414,90.09890046219478,89.29016764690884,89.85549624172893,5169252,89.81623077392578,87.34293365478516,84.53231811523438,90.96258287045072,87.81403956490512,84.60293479265245,89.52571148830786,86.3379117163902,83.19850671194897,90.71132741077432,86.40072183454525,83.3397325663414,-0.0013112032532383022,-0.0013120636323941549,-0.008924183210564207,0.012285045959609553,90.44124450683594,87.41362152099609,84.28857070922851,0.032388506037118084,0.017460872376216543,0.8087328152859357,-0.15703280178752266,9860233.0
2023-08-01,88.89759063720703,89.66705969827196,88.1516753728296,89.2666226366145,6595040,89.6984634399414,86.62843322753906,86.18780517578125,90.09890046219478,87.8454544629967,86.5094916649707,89.29016764690884,86.22799616148238,85.20706228241855,89.85549624172893,87.49997625648129,85.5130503449281,-0.008928500801695494,-0.00896859871960885,-0.0013112032532383022,-0.008180403352034071,89.82252655029296,87.61070137023925,84.43440704345703,0.010029392141064708,0.017234942158078168,1.515384325442355,-0.36903199940746845,6913427.6
2023-08-02,87.91612243652344,89.11744112806723,87.88471737425824,88.70129402909335,5377375,88.89759063720703,86.56562042236328,84.95599365234375,89.66705969827196,87.13879282093777,85.77981229399495,88.1516753728296,86.41643136767551,84.19493121607782,89.2666226366145,86.68339690943843,85.56797728638219,-0.011040436457822378,-0.011101834401378007,-0.008928500801695494,-0.0007250830106876327,89.39067840576172,87.74419288635254,84.55669113159179,0.007141695032603004,0.017491657322645942,1.2327237538089832,-0.7851715925699096,6098952.6
2023-08-03,88.22234344482422,88.85834103949693,87.5863533561421,87.80620382052349,4347409,87.91612243652344,91.99118041992188,85.24629211425781,89.11744112806723,92.61931916752708,85.51305286904862,87.88471737425824,89.21951115924864,84.54800087343725,88.70129402909335,89.90260876339879,84.90891468887274,0.0034831041203151614,0.003477052162154157,-0.011040436457822378,0.06267569008443163,88.91015014648437,87.94320907592774,84.68054901123047,0.006170432776366897,0.017203831407377884,1.271987683354837,0.41613962430072604,5417972.2
2023-08-04,88.77195739746094,89.40794739867887,87.78263794979092,88.58351202362401,6118274,88.22234344482422,90.07536315917967,84.24201965332031,88.85834103949693,92.17177884372416,85.32476118768645,87.5863533561421,89.07819230038058,83.84187098814694,87.80620382052349,91.97548968204968,84.7441593503405,0.006229872515010504,0.006210547081029234,0.0034831041203151614,-0.020826097154062695,88.7012954711914,88.13439865112305,84.86012115478516,0.007541751911014411,0.01717145560655904,1.625309448887947,0.1884453738369274,5521470.0
2023-08-07,90.08319854736328,90.27948767443988,89.14883798307318,89.14883798307318,4140914,88.77195739746094,90.62498474121094,84.94816589355469,89.40794739867887,92.06970784551612,85.41891628670541,87.78263794979092,90.2402501656931,83.90465156269286,88.58351202362401,90.73490997792902,84.06156836040977,0.014770893741043567,0.01466286656288145,0.006229872515010504,0.006101797014794963,88.77824249267579,88.29928512573242,85.07721603393554,0.010801100260049825,0.016831131532852837,1.130649691366699,0.9343605642901025,5315802.4
2023-08-08,89.15668487548828,90.16170677408148,88.81905798580809,89.81623612593178,4735463,90.08319854736328,89.81623077392578,86.78546905517578,90.27948767443988,90.96258287045072,86.94250938557529,89.14883798307318,89.52571148830786,85.08949053238779,89.14883798307318,90.71132741077432,85.12089559607155,-0.010285088527222541,-0.010338345533623635,0.014770893741043567,-0.008924183210564207,88.83006134033204,88.3907569885254,85.26730728149414,0.011122071320636162,0.017016453641763053,1.3426487882733937,-0.6595512504434993,4943887.0
2023-08-09,88.07315063476562,89.45506337383868,87.9239690908399,89.43150207238547,3900213,89.15668487548828,89.6984634399414,87.3272476196289,90.16170677408148,90.09890046219478,87.5706518854325,88.81905798580809,89.29016764690884,86.54991971871348,89.81623612593178,89.85549624172893,86.9425130552927,-0.012153146365142087,-0.012227599691460934,-0.010285088527222541,-0.0013112032532383022,88.86146697998046,88.42883758544922,85.41658340454102,0.011421117671380925,0.01727513691868082,1.5310942829987795,-1.3583514376198451,4648454.6
2023-08-10,89.1723861694336,90.32659708873028,88.29299202034352,88.29299202034352,5853515,88.07315063476562,88.89759063720703,87.31153869628906,89.45506337383868,89.66705969827196,87.9161236834188,87.9239690908399,88.1516753728296,87.06813444830163,89.43150207238547,89.2666226366145,87.38220008738791,0.012480938024193478,0.012403693178561817,-0.012153146365142087,-0.008928500801695494,89.05147552490234,88.51873970031738,85.59317947387696,0.012667426699880514,0.01747938736607229,2.0336050683867626,0.879394149090075,4949675.8
2023-08-11,89.98113250732422,90.60142001442702,89.07818442903255,89.14884581883477,4463437,89.1723861694336,87.91612243652344,87.37434387207031,90.32659708873028,89.11744112806723,87.79834221860503,88.29299202034352,87.88471737425824,87.0131631533884,88.29299202034352,88.70129402909335,87.35079007637165,0.009069470635830523,0.009028589978389363,0.012480938024193478,-0.011040436457822378,89.293310546875,88.68833770751954,85.79960266113281,0.012953209190990784,0.017393803647050635,1.523235585394474,0.8322866884894466,4618708.4
2023-08-14,90.72705078125,90.96260376705816,89.66706234511327,89.90261533092144,4916020,89.98113250732422,88.22234344482422,86.58917236328125,90.60142001442702,88.85834103949693,87.32723633154076,89.07818442903255,87.5863533561421,86.39287572036532,89.14884581883477,87.80620382052349,87.15449348433722,0.008289718668133661,0.008255547665783465,0.009069470635830523,0.0034831041203151614,89.42208099365234,88.86146926879883,85.9716717529297,0.011718286536796952,0.017402676490081634,1.2955414219448897,0.8244354503285649,4773729.6
2023-08-15,89.39222717285156,90.02821704817188,89.09386414699347,90.02036578464866,4276614,90.72705078125,88.77195739746094,87.26441955566406,90.96260376705816,89.40794739867887,88.05744989431831,89.66706234511327,87.78263794979092,86.48709925362782,89.90261533092144,88.58351202362401,86.69909842908854,-0.014712520652928496,-0.014821823186928488,0.008289718668133661,0.006229872515010504,89.469189453125,88.97099990844727,86.09931259155273,0.012933834455439955,0.01779827145877506,0.9343529011784142,-0.6281386117970982,4681959.8
2023-08-16,89.1723861694336,90.56215003119942,89.09387352593644,89.29801390501788,4614924,89.39222717285156,90.08319854736328,87.20161437988281,90.02821704817188,90.27948767443988,87.80619937331531,89.09386414699347,89.14883798307318,86.777616004909,90.02036578464866,89.14883798307318,87.07598662174061,-0.0024592854476360726,-0.002462314457244482,-0.014712520652928496,0.014770893741043567,89.6890365600586,89.11547203063965,86.24923263549805,0.011148515859806751,0.017604080430014237,1.4682765052629776,-0.1256277355842883,4824902.0
2023-08-17,87.12310028076172,89.81625726151009,87.1073977481497,89.49433282499146,5734981,89.1723861694336,89.15668487548828,86.28294372558594,90.56215003119942,90.16170677408148,87.00530510664629,89.09387352593644,88.81905798580809,85.45065713384344,89.29801390501788,89.81623612593178,86.62842188687426,-0.022981171377180476,-0.023249355249087767,-0.0024592854476360726,-0.010285088527222541,89.27917938232422,89.10448036193847,86.33682586669921,0.014121826759416523,0.01825202521512311,2.7088595133603945,-2.3712325442297413,4801195.2
2023-08-18,87.77477264404297,87.88469784353235,86.38500887577692,86.60485927475567,5651281,87.12310028076172,88.07315063476562,87.34293365478516,89.81625726151009,89.45506337383868,87.81403956490512,87.1073977481497,87.9239690908399,86.3379117163902,89.49433282499146,89.43150207238547,86.40072183454525,0.007479903276871314,0.007452067520023851,-0.022981171377180476,-0.012153146365142087,88.83790740966796,89.16179733276367,86.42772369384765,0.013751357841719538,0.018217198763452163,1.4996889677554321,1.1699133692873005,5038764.0
2023-08-21,87.95536804199219,88.31654873198156,87.17019654514006,87.97107057121053,3686075,87.77477264404297,89.1723861694336,86.62843322753906,87.88469784353235,90.32659708873028,87.8454544629967,86.38500887577692,88.29299202034352,86.22799616148238,86.60485927475567,88.29299202034352,87.49997625648129,0.002057486365491412,0.0020553726392313985,0.007479903276871314,0.012480938024193478,88.2835708618164,89.23128471374511,86.52239013671876,0.012483588688929402,0.018215469488504204,1.1463521868414972,-0.015702529218344807,4792775.0
2023-08-22,87.67272186279297,88.76411537611456,87.02887302345884,88.05745640962023,3308421,87.95536804199219,89.98113250732422,86.56562042236328,88.31654873198156,90.60142001442702,87.13879282093777,87.17019654514006,89.07818442903255,86.41643136767551,87.97107057121053,89.14884581883477,86.68339690943843,-0.00321351823647964,-0.0032186926746156446,0.002057486365491412,0.009069470635830523,87.93966979980469,89.01536178588867,86.60779434204102,0.01152825287929756,0.010989424401829729,1.7352423526557175,-0.3847345468272607,4599136.4
2023-08-23,89.09388732910156,89.32158904249845,87.54709043470994,87.54709043470994,3568043,87.67272186279297,90.72705078125,91.99118041992188,88.76411537611456,90.96260376705816,92.61931916752708,87.02887302345884,89.66706234511327,89.21951115924864,88.05745640962023,89.90261533092144,89.90260876339879,0.016209893295348055,0.016079915709072787,-0.00321351823647964,0.008289718668133661,87.92397003173828,88.96628799438477,86.72272064208984,0.014674499536601614,0.010830336502045795,1.7744986077885017,1.546796894391619,4389760.2
2023-08-24,87.18590545654297,89.47861750404623,87.17020292617516,88.88188382012129,4211960,89.09388732910156,89.39222717285156,90.07536315917967,89.32158904249845,90.02821704817188,92.17177884372416,87.54709043470994,89.09386414699347,89.07819230038058,87.54709043470994,90.02036578464866,91.97548968204968,-0.021415407159312227,-0.02164804433373485,0.016209893295348055,-0.014712520652928496,87.93653106689453,88.79433403015136,86.79148422241211,0.014068040573931127,0.011664362366850624,2.308414577871062,-1.6959783635783197,4085156.0
2023-08-25,87.91612243652344,88.2301880711554,86.54206089054104,87.50782660311586,3903596,87.18590545654297,89.1723861694336,90.62498474121094,89.47861750404623,90.56215003119942,92.06970784551612,87.17020292617516,89.09387352593644,90.2402501656931,88.88188382012129,89.29801390501788,90.73490997792902,0.00837540169086659,0.008340522629568465,-0.021415407159312227,-0.0024592854476360726,87.96480102539063,88.69932861328125,86.90686386108399,0.01418869694833875,0.01175462197345653,1.6881271806143587,0.40829583340757836,3735619.0
2023-08-28,89.47860717773438,89.72986264660236,88.05743827158251,88.3715113606619,3524313,87.91612243652344,87.12310028076172,89.81623077392578,88.2301880711554,89.81625726151009,90.96258287045072,86.54206089054104,87.1073977481497,89.52571148830786,87.50782660311586,89.49433282499146,90.71132741077432,0.0177724483053614,0.017616364954914494,0.00837540169086659,-0.022981171377180476,88.26944885253906,88.6883358001709,87.0423519897461,0.016239243204007447,0.012480411130512112,1.672424375019844,1.1070958170724765,3703266.6
2023-08-29,90.5542984008789,90.82125639966804,88.66202360442342,89.25090595821639,5833091,89.47860717773438,87.77477264404297,89.6984634399414,89.72986264660236,87.88469784353235,90.09890046219478,88.05743827158251,86.38500887577692,89.29016764690884,88.3715113606619,86.60485927475567,89.85549624172893,0.012021769862910814,0.01195008235614391,0.0177724483053614,0.007479903276871314,88.84576416015625,88.77117118835449,87.18554504394531,0.016082475482029852,0.012574710982373208,2.1592327952446198,1.3033924426625134,4208200.6
2023-08-30,89.75341796875,90.750588596935,89.47075743795445,90.17741627093228,6086573,90.5542984008789,87.95536804199219,88.89759063720703,90.82125639966804,88.31654873198156,89.66705969827196,88.66202360442342,87.17019654514006,88.1516753728296,89.25090595821639,87.97107057121053,89.2666226366145,-0.008844201172907962,-0.008883543258086017,0.012021769862910814,0.002057486365491412,88.97767028808593,88.86303596496582,87.34834091186524,0.016239274341867057,0.012473219954203654,1.2798311589805564,-0.42399830218228374,4711906.6
2023-08-31,89.8712158203125,90.24809911969272,89.36085348819287,89.96543852165523,5218620,89.75341796875,87.67272186279297,87.91612243652344,90.750588596935,88.76411537611456,89.11744112806723,89.47075743795445,87.02887302345884,87.88471737425824,90.17741627093228,88.05745640962023,88.70129402909335,0.0013124608981855967,0.0013116003742346964,-0.008844201172907962,-0.00321351823647964,89.51473236083984,88.94547958374024,87.49733032226563,0.010280281340960325,0.01246091109175103,0.8872456314998516,-0.09422270134272992,4913238.6
2023-09-01,89.6984634399414,90.65637779222496,89.14098610991122,90.31089962350096,4435119,89.8712158203125,89.09388732910156,88.22234344482422,90.24809911969272,89.32158904249845,88.85834103949693,89.36085348819287,87.54709043470994,87.5863533561421,89.96543852165523,87.54709043470994,87.80620382052349,-0.0019222214676219984,-0.0019240713062203827,0.0013124608981855967,0.016209893295348055,89.87120056152344,88.99180488586425,87.64647369384765,0.01073865734712381,0.01241408708335262,1.5153916823137337,-0.6124361835595522,5019543.2
2023-09-05,88.6306381225586,89.6592140233016,88.18308593362956,89.26662820272743,4406550,89.6984634399414,87.18590545654297,88.77195739746094,90.65637779222496,89.47861750404623,89.40794739867887,89.14098610991122,87.17020292617516,87.78263794979092,90.31089962350096,88.88188382012129,88.58351202362401,-0.011904611031579027,-0.01197603835579528,-0.0019222214676219984,-0.021415407159312227,89.70160675048828,88.91917686462402,87.79058013916016,0.009386758227642759,0.012242427548083742,1.476128089672045,-0.6359900801688383,5195990.6
2023-09-06,88.47358703613281,89.56498794462037,87.8847121298408,88.60707355477427,5018014,88.6306381225586,87.91612243652344,90.08319854736328,89.6592140233016,88.2301880711554,90.27948767443988,88.18308593362956,86.54206089054104,89.14883798307318,89.26662820272743,87.50782660311586,89.14883798307318,-0.0017719728725027473,-0.0017735446735001172,-0.011904611031579027,0.00837540169086659,89.28546447753907,88.88502197265625,87.92103179931641,0.005511184234366266,0.01203944103010235,1.680275814779563,-0.13348651864146177,5032975.2
2023-09-07,87.77477264404297,88.84260457167403,87.47640210086084,88.11239200034424,4139035,88.47358703613281,89.47860717773438,89.15668487548828,89.56498794462037,89.72986264660236,90.16170677408148,87.8847121298408,88.05743827158251,88.81905798580809,88.60707355477427,88.3715113606619,89.81623612593178,-0.007898565159389803,-0.007929924061213619,-0.0017719728725027473,0.0177724483053614,88.88973541259766,88.87010307312012,88.03013214111328,0.005343931819058675,0.011855449531040741,1.3662024708131923,-0.3376193563012748,4643467.6
2023-09-08,87.7198257446289,87.96322998905109,87.32723994852635,87.54709039626059,3170967,87.77477264404297,90.5542984008789,88.07315063476562,88.84260457167403,90.82125639966804,89.45506337383868,87.47640210086084,88.66202360442342,87.9239690908399,88.11239200034424,89.25090595821639,89.43150207238547,-0.0006259987666034084,-0.0006261947856406888,-0.007898565159389803,0.012021769862910814,88.45945739746094,88.79747505187989,88.10470977783203,0.004872022265521747,0.01147954316830492,0.6359900405247316,0.17273534836832027,4233937.0
2023-09-11,89.71417236328125,89.74557742467907,88.03389649463996,88.13597045017272,5272499,87.7198257446289,89.75341796875,89.1723861694336,87.96322998905109,90.750588596935,90.32659708873028,87.32723994852635,89.47075743795445,88.29299202034352,87.54709039626059,90.17741627093228,88.29299202034352,0.022735414733475512,0.022480816893101035,-0.0006259987666034084,-0.008844201172907962,88.46259918212891,88.78412704467773,88.20834686279296,0.013458090991902481,0.012460132272640078,1.7116809300391083,1.5782019131085292,4401413.0
2023-09-12,90.2952117919922,91.72423228824069,89.51003264326611,89.70632930694526,5275255,89.71417236328125,89.8712158203125,89.98113250732422,89.74557742467907,90.24809911969272,90.60142001442702,88.03389649463996,89.36085348819287,89.07818442903255,88.13597045017272,89.96543852165523,89.14884581883477,0.006476562324602808,0.006455679512224804,0.022735414733475512,0.0013124608981855967,88.79551391601562,88.76253509521484,88.29049499511719,0.011760157954919505,0.012402533725363386,2.2141996449745704,0.5888824850469376,4575154.0
2023-09-13,89.19596099853516,90.57787392186282,88.44219440726042,90.05180906240889,3508651,90.2952117919922,89.6984634399414,90.72705078125,91.72423228824069,90.65637779222496,90.96260376705816,89.51003264326611,89.14098610991122,89.66706234511327,89.70632930694526,90.31089962350096,89.90261533092144,-0.01217396550316896,-0.012248675182401473,0.006476562324602808,-0.0019222214676219984,88.93998870849609,88.75272178649902,88.37529434204102,0.013741668627270076,0.012257970039006274,2.1356795146024012,-0.8558480638737365,4273281.4
2023-09-14,90.80558013916016,92.03045278698367,89.76129412887899,89.80055046182494,6637768,89.19596099853516,88.6306381225586,89.39222717285156,90.57787392186282,89.6592140233016,90.02821704817188,88.44219440726042,88.18308593362956,89.09386414699347,90.05180906240889,89.26662820272743,90.02036578464866,0.01804587475268571,0.017884980720743408,-0.01217396550316896,-0.011904611031579027,89.54615020751953,88.83438148498536,88.48648010253906,0.01410342729629771,0.012886262007255168,2.2691586581046863,1.0050296773352159,4773028.0
2023-09-15,90.67994689941406,91.00972259424636,89.66706601657003,90.6249805306134,8437076,90.80558013916016,88.47358703613281,89.1723861694336,92.03045278698367,89.56498794462037,90.56215003119942,89.76129412887899,87.8847121298408,89.09387352593644,89.80055046182494,88.60707355477427,89.29801390501788,-0.0013835409624999295,-0.0013844989389991556,0.01804587475268571,-0.0017719728725027473,90.13817443847657,89.01222381591796,88.61523864746094,0.014208056734021882,0.011614174881490866,1.3426565776763226,0.05496636880066319,5826249.8
2023-09-18,91.52792358398438,92.20316990694924,90.2323822873107,90.9076361162651,4700880,90.67994689941406,87.77477264404297,87.12310028076172,91.00972259424636,88.84260457167403,89.81625726151009,89.66706601657003,87.47640210086084,87.1073977481497,90.6249805306134,88.11239200034424,89.49433282499146,0.00935131430448366,0.009307861449024046,-0.0013835409624999295,-0.007898565159389803,90.50092468261718,89.19988136291504,88.74683380126953,0.011430400195578897,0.011667498670989726,1.9707876196385428,0.6202874677192796,5711926.0
2023-09-19,91.24525451660156,91.61428645678454,90.4679268087344,91.09606548287682,3882045,91.52792358398438,87.7198257446289,87.77477264404297,92.20316990694924,87.96322998905109,87.88469784353235,90.2323822873107,87.32723994852635,86.38500887577692,90.9076361162651,87.54709039626059,86.60485927475567,-0.003088336939310543,-0.003093115693307234,0.00935131430448366,-0.0006259987666034084,90.69093322753906,89.3643756866455,88.83602951049805,0.011722199397534702,0.011726472336588559,1.1463596480501366,0.14918903372473835,5433284.0
2023-09-20,90.17742919921876,92.39162118852909,90.15386789661716,91.4965243753583,5134919,91.24525451660156,89.71417236328125,87.95536804199219,91.61428645678454,89.74557742467907,88.31654873198156,90.4679268087344,88.03389649463996,87.17019654514006,91.09606548287682,88.13597045017272,87.97107057121053,-0.01170280386678646,-0.011771820664416366,-0.003088336939310543,0.022735414733475512,90.88722686767578,89.4896110534668,88.89303314208985,0.011579285058160289,0.012070031699415859,2.237753291911929,-1.319095176139541,5758537.6
2023-09-21,88.71699523925781,89.77698362883532,87.98678251652461,89.4707692643291,5760292,90.17742919921876,90.2952117919922,87.67272186279297,92.39162118852909,91.72423228824069,88.76411537611456,90.15386789661716,89.51003264326611,87.02887302345884,91.4965243753583,89.70632930694526,88.05745640962023,-0.016195116371465645,-0.016327690587137587,-0.01170280386678646,0.006476562324602808,90.46950988769531,89.47076644897462,88.92114227294923,0.00990159561483505,0.012163068785079958,1.7902011123107116,-0.7537740250712943,5583042.4
2023-09-22,87.35079193115234,88.88188626194224,87.2094616479697,88.64633328797457,6249463,88.71699523925781,89.19596099853516,89.09388732910156,89.77698362883532,90.57787392186282,89.32158904249845,87.98678251652461,88.44219440726042,87.54709043470994,89.4707692643291,90.05180906240889,87.54709043470994,-0.015399566953558375,-0.0155193718384691,-0.016195116371465645,-0.01217396550316896,89.80367889404297,89.47901077270508,88.92067123413086,0.010712819372590447,0.011673830096127762,1.672424613972538,-1.295541356822227,5145519.8
2023-09-25,87.782958984375,87.97153999675483,86.92650253521698,86.99722229270746,4741101,87.35079193115234,90.80558013916016,87.18590545654297,88.88188626194224,92.03045278698367,89.47861750404623,87.2094616479697,89.76129412887899,87.17020292617516,88.64633328797457,89.80055046182494,88.88188382012129,0.004947488668028077,0.004935290064391909,-0.015399566953558375,0.01804587475268571,89.0546859741211,89.47235260009765,88.94454696655274,0.009041189288023959,0.011571564124098772,1.045037461537845,0.7857366916675375,5153564.0
2023-09-26,86.37647247314453,87.95581764247848,86.23504048325873,87.2172150083789,6022043,87.782958984375,90.67994689941406,87.91612243652344,87.97153999675483,91.00972259424636,88.2301880711554,86.92650253521698,89.66706601657003,86.54206089054104,86.99722229270746,90.6249805306134,87.50782660311586,-0.016022318312154615,-0.01615206339864544,0.004947488668028077,-0.0013835409624999295,88.08092956542968,89.31724586486817,88.92678802490235,0.009031979788253422,0.011302153112158504,1.7207771592197503,-0.8407425352343694,5581563.6
2023-09-27,87.13078308105469,87.69651100256836,86.54933381826257,86.92648826973533,5912656,86.37647247314453,91.52792358398438,89.47860717773438,87.95581764247848,92.20316990694924,89.72986264660236,86.23504048325873,90.2323822873107,88.05743827158251,87.2172150083789,90.9076361162651,88.3715113606619,0.00873282488057936,0.008694914316385517,-0.016022318312154615,0.00935131430448366,87.47160034179687,89.14607009887695,88.92537139892578,0.01251542304088616,0.011114326269186466,1.1471771843057894,0.20429481131935745,5737111.0
2023-09-28,88.27009582519531,88.78082529856192,87.08362665592894,87.26435070700992,5518337,87.13078308105469,91.24525451660156,90.5542984008789,87.69651100256836,91.61428645678454,90.82125639966804,86.54933381826257,90.4679268087344,88.66202360442342,86.92648826973533,91.09606548287682,89.25090595821639,0.013075892398221267,0.01299114091856263,0.00873282488057936,-0.003088336939310543,87.38222045898438,89.07190399169922,88.96511444091797,0.013795166456741139,0.011465283467784158,1.6971986426329835,1.0057451181853878,5688720.0
2023-09-29,86.8636245727539,88.59225851400811,86.36075197580391,88.49796802423226,4924165,88.27009582519531,90.17742919921876,89.75341796875,88.78082529856192,92.39162118852909,90.750588596935,87.08362665592894,90.15386789661716,89.47075743795445,87.26435070700992,91.4965243753583,90.17741627093228,-0.015933722958981433,-0.016062029481628413,0.013075892398221267,-0.01170280386678646,87.28478698730468,88.9215244293213,88.95552825927734,0.013936547191418848,0.011939128047940352,2.2315065382042008,-1.6343434514783581,5423660.4
2023-10-02,85.4807357788086,87.37437268393347,84.93857102733892,86.78506643728898,5389278,86.8636245727539,88.71699523925781,89.8712158203125,88.59225851400811,89.77698362883532,90.24809911969272,86.36075197580391,87.98678251652461,89.36085348819287,88.49796802423226,89.4707692643291,89.96543852165523,-0.015920228988223428,-0.01604831711432562,-0.015933722958981433,-0.016195116371465645,86.8243423461914,88.71063804626465,88.93257431030274,0.014793492075849742,0.012359868265916311,2.435801656594549,-1.3043306584803815,5553295.8
2023-10-03,84.67140197753906,86.42360649488249,84.10566660468085,85.1035622991401,8624900,85.4807357788086,87.35079193115234,89.6984634399414,87.37437268393347,88.88188626194224,90.65637779222496,84.93857102733892,87.2094616479697,89.14098610991122,86.78506643728898,88.64633328797457,90.31089962350096,-0.009468025677314862,-0.00951313237244126,-0.015920228988223428,-0.015399566953558375,86.48332824707032,88.51267623901367,88.89468994140626,0.013857023987296935,0.01227225241456037,2.317939890201643,-0.4321603216010317,6073867.2
2023-10-04,85.52787017822266,85.81074165997889,84.35712220931826,84.83642408273138,4876551,84.67140197753906,87.782958984375,88.6306381225586,86.42360649488249,87.97153999675483,89.6592140233016,84.10566660468085,86.92650253521698,88.18308593362956,85.1035622991401,86.99722229270746,89.26662820272743,0.010115200418091552,0.010064384168734035,-0.009468025677314862,0.004947488668028077,86.16274566650391,88.36539039611816,88.76542373657226,0.014182129365152233,0.012578660287325365,1.453619450660625,0.6914460954912727,5866646.2
2023-10-05,85.42571258544922,85.76358243340219,84.21567267334997,85.15070556307856,4819539,85.52787017822266,86.37647247314453,88.47358703613281,85.81074165997889,87.95581764247848,89.56498794462037,84.35712220931826,86.23504048325873,87.8847121298408,84.83642408273138,87.2172150083789,88.60707355477427,-0.0011944362996595403,-0.0011951502072312116,0.010115200418091552,-0.016022318312154615,85.59386901855468,88.24793739318848,88.67243072509766,0.01107651749012313,0.012491468268341957,1.547909760052221,0.27500702237065866,5726886.6
2023-10-06,87.58650970458984,87.92437959300382,84.82070278695014,85.13500192971944,5284026,85.42571258544922,87.13078308105469,87.77477264404297,85.76358243340219,87.69651100256836,88.84260457167403,84.21567267334997,86.54933381826257,87.47640210086084,85.15070556307856,86.92648826973533,88.11239200034424,0.025294458234448314,0.024979847660719763,-0.0011944362996595403,0.00873282488057936,85.73844604492187,88.24127159118652,88.61166122436524,0.01636358536888716,0.013835405899774951,3.1036768060536843,2.4515077748704073,5798858.8
2023-10-09,86.63578033447266,87.32722650975579,86.07004481706639,87.22507908883875,5418473,87.58650970458984,88.27009582519531,87.7198257446289,87.92437959300382,88.78082529856192,87.96322998905109,84.82070278695014,87.08362665592894,87.32723994852635,85.13500192971944,87.26435070700992,87.54709039626059,-0.010854746619357147,-0.010914089204640121,0.025294458234448314,0.013075892398221267,85.96945495605469,88.0873519897461,88.54805221557618,0.015103166684757167,0.012942069812786842,1.2571816926894002,-0.5892987543660979,5804697.8
2023-10-10,87.59436798095703,88.78082969762185,87.09934480021971,87.38221626226827,5707039,86.63578033447266,86.8636245727539,89.71417236328125,87.32722650975579,88.59225851400811,89.74557742467907,86.07004481706639,86.36075197580391,88.03389649463996,87.22507908883875,88.49796802423226,88.13597045017272,0.011064569889987386,0.011003805348048826,-0.010854746619357147,-0.015933722958981433,86.55404815673828,87.95230979919434,88.50597030639648,0.013663702396596691,0.01313322300590162,1.681484897402143,0.2121517186887587,5221125.6
2023-10-11,88.99299621582031,89.10300055078999,87.85367579766624,88.00296471248512,3580573,87.59436798095703,85.4807357788086,90.2952117919922,88.78082969762185,87.37437268393347,91.72423228824069,87.09934480021971,84.93857102733892,89.51003264326611,87.38221626226827,86.78506643728898,89.70632930694526,0.015967102304652148,0.015840969010653527,0.011064569889987386,-0.015920228988223428,87.24707336425782,87.9421615600586,88.50787841796875,0.01424770492334176,0.013426382186472845,1.2493247531237444,0.9900315033351887,4961930.0
2023-10-12,87.47650909423828,89.37013824969314,87.02863490086676,89.18156478133048,3861746,88.99299621582031,84.67140197753906,89.19596099853516,89.10300055078999,86.42360649488249,90.57787392186282,87.85367579766624,84.10566660468085,88.44219440726042,88.00296471248512,85.1035622991401,90.05180906240889,-0.017040522131700597,-0.017187382606022254,0.015967102304652148,-0.009468025677314862,87.65723266601563,87.7757080078125,88.49908615112305,0.018069409221506797,0.013231276241573187,2.341503348826379,-1.705055687092198,4770371.4
2023-10-13,85.94430541992188,87.58649813092083,85.37857004224982,87.45292307852705,4578337,87.47650909423828,85.52787017822266,90.80558013916016,89.37013824969314,85.81074165997889,92.03045278698367,87.02863490086676,84.35712220931826,89.76129412887899,89.18156478133048,84.83642408273138,89.80055046182494,-0.01751560150469389,-0.017670814758890138,-0.017040522131700597,0.010115200418091552,87.32879180908203,87.53892593383789,88.453525390625,0.016006368211952202,0.013689447743301318,2.207928088671011,-1.508617658605175,4629233.6
2023-10-16,85.7557373046875,87.15435837435831,84.8521394592622,86.3450435131785,5616698,85.94430541992188,85.42571258544922,90.67994689941406,87.58649813092083,85.76358243340219,91.00972259424636,85.37857004224982,84.21567267334997,89.66706601657003,87.45292307852705,85.15070556307856,90.6249805306134,-0.0021940734096695946,-0.0021964839152626807,-0.01751560150469389,-0.0011944362996595403,87.152783203125,87.25031661987305,88.39320098876954,0.015495747533753537,0.013399786097203065,2.3022189150961054,-0.5893062084909957,4668878.6
2023-10-17,86.44718933105469,86.97363269562231,84.90713630200557,85.4493010083824,4916647,85.7557373046875,87.58650970458984,91.52792358398438,87.15435837435831,87.92437959300382,92.20316990694924,84.8521394592622,84.82070278695014,90.2323822873107,86.3450435131785,85.13500192971944,90.9076361162651,0.008063041005763605,0.008030708373911098,-0.0021940734096695946,0.025294458234448314,86.92334747314453,87.0104133605957,88.32048080444336,0.014913003399546319,0.01363318723803555,2.0664963936167453,0.9978883226722814,4510800.2
2023-10-18,84.52212524414062,86.10146285524303,84.39640708892719,85.6614455563004,6080433,86.44718933105469,86.63578033447266,91.24525451660156,86.97363269562231,87.32722650975579,91.61428645678454,84.90713630200557,86.07004481706639,90.4679268087344,85.4493010083824,87.22507908883875,91.09606548287682,-0.02226867179616343,-0.02252036222654477,0.008063041005763605,-0.010854746619357147,86.0291732788086,86.7276481628418,88.2277896118164,0.01268460429462843,0.014197173589682359,1.7050557663158372,-1.139320312159768,5010772.2
2023-10-19,84.03496551513672,85.7243074321057,83.81495686812279,84.6007009629738,5035055,84.52212524414062,87.59436798095703,90.17742919921876,86.10146285524303,88.78082969762185,92.39162118852909,84.39640708892719,87.09934480021971,90.15386789661716,85.6614455563004,87.38221626226827,91.4965243753583,-0.005763694743793457,-0.005780368933169975,-0.02226867179616343,0.011064569889987386,85.34086456298829,86.49354667663575,88.14702590942383,0.012153725661339763,0.013880289217851154,1.9093505639829118,-0.5657354478370848,5245434.0
2023-10-20,83.35137939453125,84.2628417587314,82.91922647226458,83.83853824121972,9714760,84.03496551513672,88.99299621582031,88.71699523925781,85.7243074321057,89.10300055078999,89.77698362883532,83.81495686812279,87.85367579766624,87.98678251652461,84.6007009629738,88.00296471248512,89.4707692643291,-0.00813454395340163,-0.00816780988099071,-0.005763694743793457,0.015967102304652148,84.82227935791016,86.29357604980468,88.03060577392579,0.010971762000940825,0.013620762503668093,1.3436152864668145,-0.4871588466884731,6272718.6
2023-10-23,83.83068084716797,85.09572696495201,83.44566942397876,83.66567809762746,7300229,83.35137939453125,87.47650909423828,87.35079193115234,84.2628417587314,89.37013824969314,88.88188626194224,82.91922647226458,87.02863490086676,87.2094616479697,83.83853824121972,89.18156478133048,88.64633328797457,0.005750372172822926,0.005733901892755887,-0.00813454395340163,-0.017040522131700597,84.43726806640625,86.09596214294433,87.90759674072265,0.01218019260870892,0.013644262623485231,1.6500575409732505,0.16500274954050553,6609424.8
2023-10-24,89.2758560180664,90.27374430651722,85.11142820142014,87.25650118495517,15904078,83.83068084716797,85.94430541992188,87.782958984375,85.09572696495201,87.58649813092083,87.97153999675483,83.44566942397876,85.37857004224982,86.92650253521698,83.66567809762746,87.45292307852705,86.99722229270746,0.06495444288261898,0.06293202161040352,0.005750372172822926,-0.01751560150469389,85.0030014038086,86.24093132019043,87.87857284545899,0.033944284445264726,0.01990762114030304,5.1623161050970765,2.0193548331112368,8806911.0
2023-10-25,87.3743667602539,89.83373148630761,87.28793318023479,89.83373148630761,8224191,89.2758560180664,85.7557373046875,86.37647247314453,90.27374430651722,87.15435837435831,87.95581764247848,85.11142820142014,84.8521394592622,86.23504048325873,87.25650118495517,86.3450435131785,87.2172150083789,-0.021299031368881005,-0.021529128838868736,0.06495444288261898,-0.0021940734096695946,85.57344970703124,86.25311050415038,87.83821563720703,0.033738068260368154,0.020484334209825837,2.5457983060728253,-2.459364726053707,9235662.6
2023-10-26,85.48857879638672,88.25438549233839,84.05067329061964,87.8222251445935,9738191,87.3743667602539,86.44718933105469,87.13078308105469,89.83373148630761,86.97363269562231,87.69651100256836,87.28793318023479,84.90713630200557,86.54933381826257,89.83373148630761,85.4493010083824,86.92648826973533,-0.021582851284537408,-0.021819167457519748,-0.021299031368881005,0.008063041005763605,85.86417236328126,86.11403465270996,87.7645394897461,0.035917471077908145,0.02081313319918992,4.203712201718744,-2.333646348206784,10176289.8
2023-10-27,83.56352233886719,86.30575854696698,83.07636354356505,85.8343135823015,6677237,85.48857879638672,84.52212524414062,88.27009582519531,88.25438549233839,86.10146285524303,88.78082529856192,84.05067329061964,84.39640708892719,87.08362665592894,87.8222251445935,85.6614455563004,87.26435070700992,-0.0225182882277708,-0.022775696482055446,-0.021582851284537408,-0.02226867179616343,85.90660095214844,85.94902954101562,87.6933479309082,0.037659859571851466,0.021105193462913695,3.229395003401933,-2.270791243434317,9568785.2
2023-10-30,86.28218841552734,86.80863179117058,84.40426545880894,84.48284212394326,5611435,83.56352233886719,84.03496551513672,86.8636245727539,86.30575854696698,85.7243074321057,88.59225851400811,83.07636354356505,83.81495686812279,86.36075197580391,85.8343135823015,84.6007009629738,88.49796802423226,0.03253412494551644,0.03201609610157433,-0.0225182882277708,-0.005763694743793457,86.39690246582032,85.98910217285156,87.66349624633789,0.04030557468877263,0.022145650796224263,2.404366332361647,1.7993462915840865,9231026.4
2023-10-31,85.35501861572266,86.23504578239415,84.93071510860037,86.04647228808908,6349452,86.28218841552734,83.35137939453125,85.4807357788086,86.80863179117058,84.2628417587314,87.37437268393347,84.40426545880894,82.91922647226458,84.93857102733892,84.48284212394326,83.83853824121972,86.78506643728898,-0.010745784464106567,-0.010803937380326877,0.03253412494551644,-0.00813454395340163,85.61273498535157,86.02328300476074,87.6114892578125,0.0235588854314443,0.022178333532194117,1.3043306737937854,-0.6914536723664213,7320101.2
2023-11-01,84.27069091796875,85.11929036348852,83.15494132525396,85.09571961721686,12703791,85.35501861572266,83.83068084716797,84.67140197753906,86.23504578239415,85.09572696495201,86.42360649488249,84.93071510860037,83.44566942397876,84.10566660468085,86.04647228808908,83.66567809762746,85.1035622991401,-0.012703736878503458,-0.012785119319230646,-0.010745784464106567,0.005750372172822926,84.99199981689453,85.96042404174804,87.54344863891602,0.022710060090509913,0.022251607030872665,1.964349038234559,-0.825028699248108,8216021.2
2023-11-02,84.6871337890625,85.82646169082491,84.35712830359289,85.55145461580298,9398127,84.27069091796875,89.2758560180664,85.52787017822266,85.11929036348852,90.27374430651722,85.81074165997889,83.15494132525396,85.11142820142014,84.35712220931826,85.09571961721686,87.25650118495517,84.83642408273138,0.004941728453361494,0.004929558191592622,-0.012703736878503458,0.06495444288261898,84.83171081542969,85.92349510192871,87.45531356811523,0.02151974338421423,0.022283944084729102,1.4693333872320267,-0.8643208267404816,8148008.4
2023-11-03,85.5828628540039,85.99930182990593,84.9306939240835,85.29213450202094,6941620,84.6871337890625,87.3743667602539,85.42571258544922,85.82646169082491,89.83373148630761,85.76358243340219,84.35712830359289,87.28793318023479,84.21567267334997,85.55145461580298,89.83373148630761,85.15070556307856,0.010576920304948167,0.010521375998569971,0.004941728453361494,-0.021299031368881005,85.23557891845704,85.82331275939941,87.42325271606445,0.018374942301214173,0.021631090357075583,1.0686079058224323,0.2907283519829633,8200885.0
2023-11-06,87.83008575439453,87.9086624149424,85.28428758250023,85.8735937581319,6131806,85.5828628540039,85.48857879638672,87.58650970458984,85.99930182990593,88.25438549233839,87.92437959300382,84.9306939240835,84.05067329061964,84.82070278695014,85.29213450202094,87.8222251445935,85.13500192971944,0.026257860808234224,0.025919041495222974,0.010576920304948167,-0.021582851284537408,85.54515838623047,85.88302803039551,87.42153198242187,0.01608919118868179,0.02231664158287525,2.6243748324421716,1.9564919962626277,8304959.2
2023-11-07,87.8458023071289,88.73368622394013,87.10719976557851,87.50007553551121,5237415,87.83008575439453,83.56352233886719,86.63578033447266,87.9086624149424,86.30575854696698,87.32722650975579,85.28428758250023,83.07636354356505,86.07004481706639,85.8735937581319,85.8343135823015,87.22507908883875,0.00017894270054941153,0.0001789266922140596,0.026257860808234224,-0.0225182882277708,86.04331512451172,85.89559974670411,87.38887588500977,0.014283308072728618,0.022188507824420545,1.6264864583616117,0.3457267716176915,8082551.8
2023-11-08,89.45657348632812,89.61371929811443,87.9950971559597,88.16009988276576,6065021,87.8458023071289,86.28218841552734,87.59436798095703,88.73368622394013,86.80863179117058,88.78082969762185,87.10719976557851,84.40426545880894,87.09934480021971,87.50007553551121,84.48284212394326,87.38221626226827,0.018336347746789272,0.01817026409521432,0.00017894270054941153,0.03253412494551644,87.08049163818359,85.9187786102295,87.36692138671874,0.010428334201432217,0.02228227217913955,1.6186221421547344,1.2964736035623616,6754797.8
2023-11-09,88.85941314697266,90.17945753658194,88.73369499136184,89.84944456133181,5786605,89.45657348632812,85.35501861572266,88.99299621582031,89.61371929811443,86.23504578239415,89.10300055078999,87.9950971559597,84.93071510860037,87.85367579766624,88.16009988276576,86.04647228808908,88.00296471248512,-0.006675421560235928,-0.0066978018408812845,0.018336347746789272,-0.010745784464106567,87.91494750976562,85.98792381286621,87.3490412902832,0.013307113783799007,0.021971414136420963,1.4457625452200915,-0.9900314143591515,6032493.4
2023-11-10,90.5723114013672,90.8001769304876,88.93797563885566,89.3622715296595,4382618,88.85941314697266,84.27069091796875,87.47650909423828,90.17945753658194,85.11929036348852,89.37013824969314,88.73369499136184,83.15494132525396,87.02863490086676,89.84944456133181,85.09571961721686,89.18156478133048,0.019276497488920352,0.01909305942509731,-0.006675421560235928,-0.012703736878503458,88.91283721923828,86.21932411193848,87.3630632019043,0.013995652386142268,0.021878770013208034,1.8622012916319335,1.210039871707707,5520693.0
2023-11-13,90.76876831054688,91.58594011887566,90.13232058516972,90.4701829813112,5753776,90.5723114013672,84.6871337890625,85.94430541992188,90.8001769304876,85.82646169082491,87.58649813092083,88.93797563885566,84.35712830359289,85.37857004224982,89.3622715296595,85.55145461580298,87.45292307852705,0.002169061450900678,0.0021667124332742315,0.019276497488920352,0.004941728453361494,89.50057373046874,86.46997566223145,87.38446929931641,0.011570643500708853,0.02184756643572099,1.4536195337059326,0.29858532923567793,5445087.0
2023-11-14,92.12809753417967,92.37167694290758,90.80805307536538,91.53879130154904,6007634,90.76876831054688,85.5828628540039,85.7557373046875,91.58594011887566,85.99930182990593,87.15435837435831,90.13232058516972,84.9306939240835,84.8521394592622,90.4701829813112,85.29213450202094,86.3450435131785,0.014975737237968634,0.014864708008995055,0.002169061450900678,0.010576920304948167,90.3570327758789,86.7540210723877,87.45441848754882,0.011390388152275907,0.021985007206352342,1.563623867542205,0.5893062326306335,5599130.8
2023-11-15,91.38164520263672,92.32453517201849,90.92591404924995,91.90023168124004,5245309,92.12809753417967,87.83008575439453,86.44718933105469,92.37167694290758,87.9086624149424,86.97363269562231,90.80805307536538,85.28428758250023,84.90713630200557,91.53879130154904,85.8735937581319,85.4493010083824,-0.008102330901449739,-0.008135333168880876,0.014975737237968634,0.026257860808234224,90.74204711914062,87.0969970703125,87.5125796508789,0.012420560685452947,0.021332567883194785,1.3986211227685317,-0.518586478603325,5435188.4
2023-11-16,93.45599365234376,93.47171499420244,91.38949725222226,91.60950590154911,5825072,91.38164520263672,87.8458023071289,84.52212524414062,92.32453517201849,88.73368622394013,86.10146285524303,90.92591404924995,87.10719976557851,84.39640708892719,91.90023168124004,87.50007553551121,85.6614455563004,0.02269983698703637,0.022446029435113497,-0.008102330901449739,0.00017894270054941153,91.66136322021484,87.56804847717285,87.62620407104492,0.012854061782521527,0.021586338121810787,2.0822177419801875,1.846487750794651,5442881.8
2023-11-17,94.23387145996094,94.35173268812592,93.45598434951592,93.76242654730105,5186418,93.45599365234376,89.45657348632812,84.03496551513672,93.47171499420244,89.61371929811443,85.7243074321057,91.38949725222226,87.9950971559597,83.81495686812279,91.60950590154911,88.16009988276576,84.6007009629738,0.008323466234930521,0.008289017214681246,0.02269983698703637,0.018336347746789272,92.3936752319336,88.11217308044434,87.75648498535156,0.01181243822758216,0.021349834427540428,0.8957483386100051,0.47144491265989075,5603641.8
2023-11-20,94.34387969970705,94.8703230354358,94.00600983005523,94.23387538141596,5190678,94.23387145996094,88.85941314697266,83.35137939453125,94.35173268812592,90.17945753658194,84.2628417587314,93.45598434951592,88.73369499136184,82.91922647226458,93.76242654730105,89.84944456133181,83.83853824121972,0.0011673959484179708,0.0011667150716181394,0.008323466234930521,-0.006675421560235928,93.10869750976563,88.6378330230713,87.84907913208008,0.011944089613160075,0.021381376867907496,0.8643132053805687,0.11000431829108948,5491022.2
2023-11-21,94.20246124267578,94.4853252380846,93.53457832229311,94.13174148812764,3506019,94.34387969970705,90.5723114013672,83.83068084716797,94.8703230354358,90.8001769304876,85.09572696495201,94.00600983005523,88.93797563885566,83.44566942397876,94.23387538141596,89.3622715296595,83.66567809762746,-0.0014989680038747233,-0.0015000925803563103,0.0011673959484179708,0.019276497488920352,93.52357025146486,88.88416328430176,87.92722412109374,0.011744828361332414,0.016326087422038945,0.9507469157914841,0.0707197545481364,4990699.2
2023-11-22,93.97457885742188,94.67388931640374,93.7859978866034,94.21030131524968,3773785,94.20246124267578,90.76876831054688,89.2758560180664,94.4853252380846,91.58594011887566,90.27374430651722,93.53457832229311,90.13232058516972,85.11142820142014,94.13174148812764,90.4701829813112,87.25650118495517,-0.002419070396333489,-0.002422001074423114,-0.0014989680038747233,0.002169061450900678,94.04215698242189,89.21417388916015,88.02279647827149,0.01041820089982416,0.015376581803318865,0.887891429800348,-0.235722457827805,4696394.4
2023-11-24,94.26531219482422,94.56389751957929,94.037446621335,94.2731691103658,1981995,93.97457885742188,92.12809753417967,87.3743667602539,94.67388931640374,92.37167694290758,89.83373148630761,93.7859978866034,90.80805307536538,87.28793318023479,94.21030131524968,91.53879130154904,89.83373148630761,0.003093744509815144,0.003088968729762742,-0.002419070396333489,0.014975737237968634,94.20402069091797,89.65301055908203,88.09199111938477,0.004280510600973322,0.014179496334850696,0.5264508982442919,-0.007856915541580634,3927779.0
2023-11-27,94.26531219482422,94.54031926156298,93.75458263905465,94.05316045241818,3984415,94.26531219482422,91.38164520263672,85.48857879638672,94.56389751957929,92.32453517201849,88.25438549233839,94.037446621335,90.92591404924995,84.05067329061964,94.2731691103658,91.90023168124004,87.8222251445935,0.0,0.0,0.003093744509815144,-0.008102330901449739,94.21030883789062,90.18810005187989,88.16369842529296,0.0021799845897964194,0.012696438485465696,0.7857366225083382,0.21215174240603574,3687378.4
2023-11-28,93.38528442382812,94.37531586630354,93.1574188519264,94.2653115380961,4378107,94.26531219482422,93.45599365234376,83.56352233886719,94.54031926156298,93.47171499420244,86.30575854696698,93.75458263905465,91.38949725222226,83.07636354356505,94.05316045241818,91.60950590154911,85.8343135823015,-0.009335647975973194,-0.00937949826482834,0.0,0.02269983698703637,94.01858978271484,90.54325485229492,88.20084564208985,0.004587469376921362,0.011508009742152643,1.2178970143771437,-0.8800271142679748,3524864.2
2023-11-29,93.39312744140624,94.05314580104148,93.07097142021112,93.91171383193326,3792831,93.38528442382812,94.23387145996094,86.28218841552734,94.37531586630354,94.35173268812592,86.80863179117058,93.1574188519264,93.45598434951592,84.40426545880894,94.2653115380961,93.76242654730105,84.48284212394326,8.398558323730043e-05,8.398205664565843e-05,-0.009335647975973194,0.008323466234930521,93.85672302246094,90.94516029357911,88.24380310058594,0.00468699231371815,0.011020853071011666,0.982174380830358,-0.5185863905270196,3582226.6
2023-11-30,95.70321655273438,95.73464421446631,93.42456836073136,93.5424296036176,10174611,93.39312744140624,94.34387969970705,85.35501861572266,94.05314580104148,94.8703230354358,86.23504578239415,93.07097142021112,94.00600983005523,84.93071510860037,93.91171383193326,94.23387538141596,86.04647228808908,0.024735108188527644,0.02443414815573428,8.398558323730043e-05,0.0011673959484179708,94.20245056152343,91.51678657531738,88.35431884765624,0.01264452261820813,0.01111208908478374,2.3100758537349577,2.160786949116769,4862391.8
2023-12-01,96.25324249267578,96.8425487334498,95.44392758716056,95.624644161589,5668572,95.70321655273438,94.20246124267578,84.27069091796875,95.73464421446631,94.4853252380846,85.11929036348852,93.42456836073136,93.53457832229311,83.15494132525396,93.5424296036176,94.13174148812764,85.09571961721686,0.005747204323465205,0.00573075215059886,0.024735108188527644,-0.0014989680038747233,94.60003662109375,92.09509201049805,88.5050437927246,0.012667568930600294,0.011107834726493947,1.3986211462892442,0.6285983310867778,5599707.2
2023-12-04,95.49105834960938,96.1825119292572,95.20033747548452,95.71106698962376,4747116,96.25324249267578,93.97457885742188,84.6871337890625,96.8425487334498,94.67388931640374,85.82646169082491,95.44392758716056,93.7859978866034,84.35712830359289,95.624644161589,94.21030131524968,85.55145461580298,-0.007918529530310692,-0.00795004757993574,0.005747204323465205,-0.002419070396333489,94.84518585205078,92.59050178527832,88.66784912109375,0.013777498959814637,0.01151133860323002,0.9821744537726858,-0.22000864001438458,5752247.4
2023-12-05,94.46959686279295,95.21604882732278,94.28101588729098,95.08247376608834,3688206,95.49105834960938,94.26531219482422,85.5828628540039,96.1825119292572,94.56389751957929,85.99930182990593,95.20033747548452,94.037446621335,84.9306939240835,95.71106698962376,94.2731691103658,85.29213450202094,-0.010696933351358129,-0.010754556841084234,-0.007918529530310692,0.003093744509815144,95.06204833984374,92.92247734069824,88.8015818786621,0.014083909159014312,0.010966273181858673,0.9350329400318032,-0.6128769032953869,5614267.2
2023-12-06,94.13957977294922,96.31608025328538,94.05314620369457,95.137467986687,3964241,94.46959686279295,94.26531219482422,87.83008575439453,95.21604882732278,94.54031926156298,87.9086624149424,94.28101588729098,93.75458263905465,85.28428758250023,95.08247376608834,94.05316045241818,85.8735937581319,-0.0034933682454795223,-0.0034994843042467434,-0.010696933351358129,0.0,95.21133880615234,93.23716621398925,88.95684402465821,0.014319252872249253,0.011058808778412867,2.262934049590811,-0.9978882137377809,5648549.2
2023-12-07,93.88030242919922,94.304598409987,92.85097887285434,93.89601626055526,5064626,94.13957977294922,93.38528442382812,87.8458023071289,96.31608025328538,94.37531586630354,88.73368622394013,94.05314620369457,93.1574188519264,87.10719976557851,95.137467986687,94.2653115380961,87.50007553551121,-0.0027541799567762926,-0.0027579796887608568,-0.0034933682454795223,-0.009335647975973194,94.84675598144531,93.4583526611328,89.0918344116211,0.006262271271145106,0.010566561198490873,1.4536195371326528,-0.0157138313560381,4626552.2
2023-12-08,94.75247955322266,94.93320364976856,93.4874409229702,93.5817239179762,4925418,93.88030242919922,93.39312744140624,89.45657348632812,94.304598409987,94.05314580104148,89.61371929811443,92.85097887285434,93.07097142021112,87.9950971559597,93.89601626055526,93.91171383193326,88.16009988276576,0.009290310123161394,0.00924742062525164,-0.0027541799567762926,8.398558323730043e-05,94.54660339355469,93.75300598144531,89.22148208618164,0.007660363586678986,0.010441719316149227,1.445762726798364,1.1707556352464508,4477921.4
2023-12-11,94.50888061523438,95.00389628238824,94.00600803345206,94.7524599914971,4643869,94.75247955322266,95.70321655273438,88.85941314697266,94.93320364976856,95.73464421446631,90.17945753658194,93.4874409229702,93.42456836073136,88.73369499136184,93.5817239179762,93.5424296036176,89.84944456133181,-0.0025708977658094323,-0.00257420819854388,0.009290310123161394,0.024735108188527644,94.35016784667968,93.94983444213867,89.37438720703125,0.007180224257453817,0.009801931610080748,0.997888248936178,-0.24357937626272985,4457272.0
2023-12-12,96.11181640625,96.2375270665261,94.76819358784248,95.0667789401749,4664543,94.50888061523438,96.25324249267578,90.5723114013672,95.00389628238824,96.8425487334498,90.8001769304876,94.00600803345206,95.44392758716056,88.93797563885566,94.7524599914971,95.624644161589,89.3622715296595,0.016960689625999503,0.016818463050929003,-0.0025708977658094323,0.005747204323465205,94.6786117553711,94.21698684692383,89.58700881958008,0.009214047872174756,0.010344493577487431,1.4693334786836232,1.045037466075101,4652539.4
2023-12-13,95.21607208251952,96.1432483343045,94.69748554031764,95.96252422935986,5506309,96.11181640625,95.49105834960938,90.76876831054688,96.2375270665261,96.1825119292572,91.58594011887566,94.76819358784248,95.20033747548452,90.13232058516972,95.0667789401749,95.71106698962376,90.4701829813112,-0.009319814745195387,-0.009363515955360963,0.016960689625999503,-0.007918529530310692,94.89391021728515,94.37138557434082,89.79790222167969,0.010584050252265534,0.010279892932517966,1.4457627939868587,-0.7464521468403404,4960953.0
2023-12-14,95.34962463378906,96.17465326312472,94.21030439134796,95.17676499772014,10454155,95.21607208251952,94.46959686279295,92.12809753417967,96.1432483343045,95.21604882732278,92.37167694290758,94.69748554031764,94.28101588729098,90.80805307536538,95.96252422935986,95.08247376608834,91.53879130154904,0.001402626135993179,0.001401643374811506,-0.009319814745195387,-0.010696933351358129,95.18777465820312,94.56978454589844,89.99433731079101,0.010243495368405551,0.010019299556413473,1.9643488717767639,0.17285963606892096,6038858.8
2023-12-15,96.82682800292967,97.17255483379664,95.7267921836576,96.18252334759096,13586279,95.34962463378906,94.13957977294922,91.38164520263672,96.17465326312472,96.31608025328538,92.32453517201849,94.21030439134796,94.05314620369457,90.92591404924995,95.17676499772014,95.137467986687,91.90023168124004,0.0154924927582476,0.015373709355385767,0.001402626135993179,-0.0034933682454795223,95.60264434814454,94.73832626342774,90.22235961914062,0.01147415637638802,0.009349438781929287,1.445762650139045,0.6443046553387148,7771031.0
2023-12-18,97.14897918701172,97.30612500715654,96.72468321920329,97.17254993332472,5206215,96.82682800292967,93.88030242919922,93.45599365234376,97.17255483379664,94.304598409987,93.47171499420244,95.7267921836576,92.85097887285434,91.38949725222226,96.18252334759096,93.89601626055526,91.60950590154911,0.003327086002159474,0.003321563497368675,0.0154924927582476,-0.0027541799567762926,96.1306640625,94.88408164978027,90.41360900878907,0.010866322857199214,0.009232382928609228,0.5814417879532527,-0.02357074631299838,7883500.2
2023-12-19,98.95619201660156,98.98762719279584,97.19613762819284,97.19613762819284,5957138,97.14897918701172,94.75247955322266,94.23387145996094,97.30612500715654,94.93320364976856,94.35173268812592,96.72468321920329,93.4874409229702,93.45598434951592,97.17254993332472,93.5817239179762,93.76242654730105,0.01860248913280871,0.01843157914573553,0.003327086002159474,0.009290310123161394,96.69953918457031,95.114697265625,90.66001724243164,0.011312141283988495,0.009985335609494491,1.7914895646029976,1.7600543884087188,8142019.2
2023-12-20,96.93682098388672,99.17618445074405,96.81895974878896,98.55545061560012,6231921,98.95619201660156,94.50888061523438,94.34387969970705,98.98762719279584,95.00389628238824,94.8703230354358,97.19613762819284,94.00600803345206,94.00600983005523,97.19613762819284,94.7524599914971,94.23387538141596,-0.02040671727117449,-0.02061781108481577,0.01860248913280871,-0.0025708977658094323,97.04368896484375,95.25141525268555,90.84686630249024,0.015392340070287402,0.011198867355425052,2.35722470195509,-1.6186296317134037,8287141.6
2023-12-21,99.7655029296875,99.82835825674935,97.58114510923444,97.61257277276538,5185165,96.93682098388672,96.11181640625,94.20246124267578,99.17618445074405,96.2375270665261,94.4853252380846,96.81895974878896,94.76819358784248,93.53457832229311,98.55545061560012,95.0667789401749,94.13174148812764,0.029180675795743127,0.028763025302566067,-0.02040671727117449,0.016960689625999503,97.92686462402344,95.54096145629883,91.06231643676757,0.018962270521945483,0.012741103076014759,2.2472131475149126,2.1529301569221246,7233343.6
2023-12-22,99.54549407958984,100.59838840847137,99.14476883612996,100.09551574733148,4030650,99.7655029296875,95.21607208251952,93.97457885742188,99.82835825674935,96.1432483343045,94.67388931640374,97.58114510923444,94.69748554031764,93.7859978866034,97.61257277276538,95.96252422935986,94.21030131524968,-0.0022052597705312094,-0.0022076949366335633,0.029180675795743127,-0.009319814745195387,98.47059783935546,95.8049705505371,91.30369613647461,0.019153987186803372,0.012795585264890805,1.4536195723414096,-0.5500216677416319,5322217.8
2023-12-26,100.15835571289062,100.34693668759115,99.50619423888348,99.63191238488692,2480063,99.54549407958984,95.34962463378906,94.26531219482422,100.59838840847137,96.17465326312472,94.56389751957929,99.14476883612996,94.21030439134796,94.037446621335,100.09551574733148,95.17676499772014,94.2731691103658,0.0061565984374016836,0.006137724013791534,-0.0022052597705312094,0.001402626135993179,99.07247314453124,96.09962272644043,91.58797714233398,0.01910810945251762,0.012798581170815705,0.8407424487076725,0.5264433280037082,4776987.4
2023-12-27,100.7952117919922,100.96031813971676,99.73379451519908,99.77310376082202,3314310,100.15835571289062,96.82682800292967,94.26531219482422,100.34693668759115,97.17255483379664,94.54031926156298,99.50619423888348,95.7267921836576,93.75458263905465,99.63191238488692,96.18252334759096,94.05316045241818,0.006358491756066398,0.006338361832932142,0.0061565984374016836,0.0154924927582476,99.44027709960938,96.47011909484863,91.88876663208008,0.017876696017093244,0.012472054823695587,1.2265236245176823,1.022108031170177,4248421.8
2023-12-28,100.88957214355467,101.58146003617622,100.48858773145572,100.63797791280304,3965494,100.7952117919922,97.14897918701172,93.38528442382812,100.96031813971676,97.30612500715654,94.37531586630354,99.73379451519908,96.72468321920329,93.1574188519264,99.77310376082202,97.17254993332472,94.2653115380961,0.0009361590683216736,0.0009357211447105351,0.006358491756066398,0.003327086002159474,100.23082733154297,96.84494132995606,92.17761428833008,0.012336150866851792,0.01245978655144983,1.0928723047205011,0.25159423075163545,3795136.4
2023-12-29,100.3470687866211,101.01537114183712,99.82029476543627,100.82667170720156,4441133,100.88957214355467,98.95619201660156,93.39312744140624,101.58146003617622,98.98762719279584,94.05314580104148,100.48858773145572,97.19613762819284,93.07097142021112,100.63797791280304,97.19613762819284,93.91171383193326,-0.005377199500476215,-0.005391708673562888,0.0009361590683216736,0.01860248913280871,100.34714050292969,97.07713394165039,92.49411315917969,0.005150228671254268,0.011604872909689036,1.1950763764008485,-0.4796029205804615,3646330.0
2024-01-02,99.02617645263672,100.75589588735072,98.46795513725137,99.85958501751992,5189425,100.3470687866211,96.93682098388672,95.70321655273438,101.01537114183712,99.17618445074405,95.73464421446631,99.82029476543627,96.81895974878896,93.42456836073136,100.82667170720156,98.55545061560012,93.5424296036176,-0.013163237849957876,-0.01325064111930229,-0.005377199500476215,-0.02040671727117449,100.24327697753907,97.21578063964844,92.7939373779297,0.008309868434799975,0.01208144523878337,2.2879407500993523,-0.8334085648832001,3878085.0
2024-01-03,97.54021453857422,98.45224175468525,97.21785613906384,98.37362325439663,4531850,99.02617645263672,99.7655029296875,96.25324249267578,100.75589588735072,99.82835825674935,96.8425487334498,98.46795513725137,97.58114510923444,95.44392758716056,99.85958501751992,97.61257277276538,95.624644161589,-0.015005748654480455,-0.015119474024520924,-0.013163237849957876,0.029180675795743127,99.71964874267579,97.31823844909668,93.07771408081055,0.009094445958800917,0.012469634641189031,1.234385615621406,-0.833408715822415,4288442.4
2024-01-04,98.01195526123048,98.8846732241385,97.62670206283946,97.72890611285644,4364199,97.54021453857422,99.54549407958984,95.49105834960938,98.45224175468525,100.59838840847137,96.1825119292572,97.21785613906384,99.14476883612996,95.20033747548452,98.37362325439663,100.09551574733148,95.71106698962376,0.004836371591839139,0.004824713918867693,-0.015005748654480455,-0.0022052597705312094,99.16299743652344,97.49535636901855,93.3613395690918,0.008621909527152844,0.012174094902367684,1.2579711612990394,0.2830491483740474,4498420.2
2024-01-05,99.29351806640624,99.33282731584974,98.06698680657176,98.20064577078848,4190157,98.01195526123048,100.15835571289062,94.46959686279295,98.8846732241385,100.34693668759115,95.21604882732278,97.62670206283946,99.50619423888348,94.28101588729098,97.72890611285644,99.63191238488692,95.08247376608834,0.013075576359639074,0.012990828959079772,0.004836371591839139,0.0061565984374016836,98.84378662109376,97.7530532836914,93.56169281005859,0.011966963955539405,0.012349369353122657,1.2658405092779788,1.0928722956177523,4543352.8
2024-01-08,100.85811614990234,100.97605893017264,97.6581478339119,99.2384773672317,6920068,99.29351806640624,100.7952117919922,94.13957977294922,99.33282731584974,100.96031813971676,96.31608025328538,98.06698680657176,99.73379451519908,94.05314620369457,98.20064577078848,99.77310376082202,95.137467986687,0.015757303336253248,0.015634445952150015,0.013075576359639074,0.006358491756066398,98.94599609375,98.10194396972656,93.83136779785156,0.014448585887384702,0.012606872399455382,3.317911096260744,1.6196387826706484,5039139.8
2024-01-09,101.25122833251952,101.25122833251952,99.81241976040802,100.06401396269013,4815028,100.85811614990234,100.88957214355467,93.88030242919922,100.97605893017264,101.58146003617622,94.304598409987,97.6581478339119,100.48858773145572,92.85097887285434,99.2384773672317,100.63797791280304,93.89601626055526,0.0038976752454200625,0.0038900989894033212,0.015757303336253248,0.0009361590683216736,99.39100646972656,98.4268814086914,94.14662078857423,0.012054219295410484,0.01253773776479383,1.4388085721114976,1.187214369829391,4964260.4
2024-01-10,101.9745635986328,102.3440930531926,101.03894343057604,101.1883260789921,4571320,101.25122833251952,100.3470687866211,94.75247955322266,101.25122833251952,101.01537114183712,94.93320364976856,99.81241976040802,99.82029476543627,93.4874409229702,100.06401396269013,100.82667170720156,93.5817239179762,0.007143965342699676,0.007118568108527788,0.0038976752454200625,-0.005377199500476215,100.27787628173827,98.80016555786133,94.51484161376953,0.005221808556703162,0.012482434019960593,1.305149622616554,0.786237519640693,4972154.4
2024-01-11,102.0767822265625,102.3676856944854,100.48858337908112,102.30479089757608,5014005,101.9745635986328,99.02617645263672,94.50888061523438,102.3440930531926,100.75589588735072,95.00389628238824,101.03894343057604,98.46795513725137,94.00600803345206,101.1883260789921,99.85958501751992,94.7524599914971,0.0010023933844132138,0.0010018913236449069,0.007143965342699676,-0.013163237849957876,101.09084167480468,99.09841384887696,94.83073348999024,0.006170733282800209,0.012106837970018285,1.8791023154042819,-0.22800867101358335,5102115.6
2024-01-12,102.04532623291016,102.83942564825357,101.56572334711362,102.6821811415344,5640380,102.0767822265625,97.54021453857422,96.11181640625,102.3676856944854,98.45224175468525,96.2375270665261,100.48858337908112,97.21785613906384,94.76819358784248,102.30479089757608,98.37362325439663,95.0667789401749,-0.0003081601218828389,-0.00030820761297002176,0.0010023933844132138,-0.015005748654480455,101.64120330810546,99.43987655639648,95.16453964233398,0.006411815623497094,0.011784280058219626,1.2737023011399486,-0.6368549086242439,5392160.2
2024-01-16,100.61436462402344,102.09248982773242,100.04041962829156,101.58143961899256,6314619,102.04532623291016,98.01195526123048,95.21607208251952,102.83942564825357,98.8846732241385,96.1432483343045,101.56572334711362,97.62670206283946,94.69748554031764,102.6821811415344,97.72890611285644,95.96252422935986,-0.014022804000064282,-0.014122052436064922,-0.0003081601218828389,0.004836371591839139,101.59245300292967,99.7031135559082,95.49141311645508,0.00810741775192385,0.012418902540094694,2.0520701994408626,-0.9670749949691242,5271070.4
2024-01-17,99.75737762451172,101.17260062564796,99.21487998374094,100.18194753129578,5031171,100.61436462402344,99.29351806640624,95.34962463378906,102.09248982773242,99.33282731584974,96.17465326312472,100.04041962829156,98.06698680657176,94.21030439134796,101.58143961899256,98.20064577078848,95.17676499772014,-0.008517541234933201,-0.008554022792434047,-0.014022804000064282,0.013075576359639074,101.29368286132812,99.84964103698731,95.79281799316406,0.008338059030492208,0.01228345867732768,1.9577206419070166,-0.4245699067840576,5314299.0
2024-01-18,101.07039642333984,101.16474613349835,99.67090453440429,100.00897909530052,6508082,99.75737762451172,100.85811614990234,96.82682800292967,101.17260062564796,100.97605893017264,97.17255483379664,99.21487998374094,97.6581478339119,95.7267921836576,100.18194753129578,99.2384773672317,96.18252334759096,0.013162122241929364,0.013076254161071277,-0.008517541234933201,0.015757303336253248,101.11284942626953,100.04571189880372,96.10256866455079,0.010349473685341535,0.012551718359600002,1.4938415990940683,1.061417328039326,5701651.4
2024-01-19,102.06105041503906,102.24974230687756,100.19767194697228,101.18832504842143,6154611,101.07039642333984,101.25122833251952,97.14897918701172,101.16474613349835,101.25122833251952,97.30612500715654,99.67090453440429,99.81241976040802,96.72468321920329,100.00897909530052,100.06401396269013,97.17254993332472,0.009801623687610839,0.009753899371283395,0.013162122241929364,0.0038976752454200625,101.10970306396484,100.20095481872559,96.38718795776367,0.011603804722167915,0.01208672137271384,2.0520703599052865,0.8727253666176296,5929772.6
2024-01-22,103.17749786376952,103.99518274954292,102.41485343555712,102.43057713311518,10052443,102.06105041503906,101.9745635986328,98.95619201660156,102.24974230687756,102.3440930531926,98.98762719279584,100.19767194697228,101.03894343057604,97.19613762819284,101.18832504842143,101.1883260789921,97.19613762819284,0.0109390158556113,0.010879617601377593,0.009801623687610839,0.007143965342699676,101.33613739013671,100.51298866271972,96.69382186889648,0.012573205592205759,0.011070430402696183,1.5803293139858,0.7469207306543382,6812185.2
2024-01-23,102.1711196899414,103.6885543045122,99.45861634446446,100.34705792242158,13333800,103.17749786376952,102.0767822265625,96.93682098388672,103.99518274954292,102.3676856944854,99.17618445074405,102.41485343555712,100.48858337908112,96.81895974878896,102.43057713311518,102.30479089757608,98.55545061560012,-0.009753853259330647,-0.009801733686197937,0.0109390158556113,0.0010023933844132138,101.64748840332031,100.63326950073242,96.94811279296874,0.011267137947712688,0.009581164814272992,4.229937960047735,1.8240617675198223,8216021.4
2024-01-24,102.15540313720705,102.5170707763098,99.41930653648336,102.42272106260717,10785198,102.1711196899414,102.04532623291016,99.7655029296875,103.6885543045122,102.83942564825357,99.82835825674935,99.45861634446446,101.56572334711362,97.58114510923444,100.34705792242158,102.6821811415344,97.61257277276538,-0.00015382578542799674,-0.00015383761782756234,-0.009753853259330647,-0.0003081601218828389,102.12709350585938,100.76376495361328,97.21403259277344,0.009604476473857005,0.009553329338903016,3.0977642398264322,-0.2673179254001212,9366826.8
2024-01-25,102.15540313720705,104.17602630952464,101.96671122591056,102.71363205351456,6086573,102.15540313720705,100.61436462402344,99.54549407958984,102.5170707763098,102.09248982773242,100.59838840847137,99.41930653648336,100.04041962829156,99.14476883612996,102.42272106260717,101.58143961899256,100.09551574733148,0.0,0.0,-0.00015382578542799674,-0.014022804000064282,102.3440948486328,100.86361732482911,97.44569442749024,0.0084768007518669,0.0094888719540747,2.2093150836140865,-0.5582289163075131,9282525.0
2024-01-26,103.14605712890624,103.97159640065682,102.51706408932252,102.62713749544426,4696495,102.15540313720705,99.75737762451172,100.15835571289062,104.17602630952464,101.17260062564796,100.34693668759115,101.96671122591056,99.21487998374094,99.50619423888348,102.71363205351456,100.18194753129578,99.63191238488692,0.009697519282153122,0.009650800139067984,0.0,-0.008517541234933201,102.56109619140625,100.98115959167481,97.69324020385743,0.008453454815650394,0.009616071959194727,1.4545323113343045,0.5189196334619766,8990901.8
2024-01-29,103.07528686523438,103.89297175538437,101.9666985364878,103.31115736208326,6126544,103.14605712890624,101.07039642333984,100.7952117919922,103.97159640065682,101.16474613349835,100.96031813971676,102.51706408932252,99.67090453440429,99.73379451519908,102.62713749544426,100.00897909530052,99.77310376082202,-0.000686117003807718,-0.000686352489799298,0.009697519282153122,0.013162122241929364,102.54065399169922,101.09044532775879,97.91218399047851,0.006883191304530428,0.009625229059261569,1.9262732188965686,-0.2358704968488894,8205722.0
2024-01-30,105.30033111572266,105.57551838779648,103.1696421951396,103.37405779174712,7871346,103.07528686523438,102.06105041503906,100.88957214355467,103.89297175538437,102.24974230687756,101.58146003617622,101.9666985364878,100.19767194697228,100.48858773145572,103.31115736208326,101.18832504842143,100.63797791280304,0.02158659285030584,0.02135690197183218,-0.000686117003807718,0.009801623687610839,103.16649627685547,101.33810844421387,98.19055770874023,0.009684366275446275,0.01051508487021364,2.4058761926568764,1.9262733239755363,7113231.2
2024-01-31,104.1131362915039,105.72491328381808,103.87726575447168,105.17454619203984,6253472,105.30033111572266,103.17749786376952,100.3470687866211,105.57551838779648,103.99518274954292,101.01537114183712,103.1696421951396,102.41485343555712,99.82029476543627,103.37405779174712,102.43057713311518,100.82667170720156,-0.011274369336161438,-0.011338406814536019,0.02158659285030584,0.0109390158556113,103.55804290771485,101.59245643615722,98.40370056152344,0.012378656316721687,0.010374881988033319,1.8476475293464034,-1.061409900535935,6206886.0
2024-02-01,106.46395111083984,106.50326786992788,104.15242481754822,104.59271840335906,6190572,104.1131362915039,102.1711196899414,99.02617645263672,105.72491328381808,103.6885543045122,100.75589588735072,103.87726575447168,99.45861634446446,98.46795513725137,105.17454619203984,100.34705792242158,99.85958501751992,0.022579425642830886,0.022328283808347817,-0.011274369336161438,-0.009753853259330647,104.41975250244141,102.03864326477051,98.64830215454101,0.014545294342377474,0.010429711166696045,2.350843052379659,1.871232707480786,6227685.8
2024-02-02,107.35240936279295,108.03642783001176,106.17305681088706,106.47968396471762,6103864,106.46395111083984,102.15540313720705,97.54021453857422,106.50326786992788,102.5170707763098,98.45224175468525,104.15242481754822,99.41930653648336,97.21785613906384,104.59271840335906,102.42272106260717,98.37362325439663,0.008345155732837117,0.00831052743968417,0.022579425642830886,-0.00015382578542799674,105.26102294921876,102.50566596984864,98.90847274780273,0.014527246644802982,0.01046620926348463,1.863371019124699,0.8727253980753318,6509159.6
2024-02-05,108.27230072021484,109.00349781524652,106.73128051959344,106.91211808904436,7158013,107.35240936279295,102.15540313720705,98.01195526123048,108.03642783001176,104.17602630952464,98.8846732241385,106.17305681088706,101.96671122591056,97.62670206283946,106.47968396471762,102.71363205351456,97.72890611285644,0.00856889344991929,0.00853238887011109,0.008345155732837117,0.0,106.30042572021485,102.95460510253906,99.18986953735352,0.013691867101612517,0.010321956279832735,2.2722172956530784,1.3601826311704883,6715453.4
2024-02-06,108.17008209228516,108.8069369523582,107.3838521025198,108.24870809770488,6026178,108.27230072021484,103.14605712890624,99.29351806640624,109.00349781524652,103.97159640065682,99.33282731584974,106.73128051959344,102.51706408932252,98.06698680657176,106.91211808904436,102.62713749544426,98.20064577078848,-0.0009440884441334063,-0.0009445343763169526,0.00856889344991929,0.009697519282153122,106.87437591552734,103.3202033996582,99.47377960205078,0.012570952802749474,0.010025085662144485,1.4230848498384034,-0.07862600541972142,6346419.8
2024-02-07,108.89342498779295,109.152888569186,108.44527701871446,108.9877746977442,5807655,108.17008209228516,103.07528686523438,100.85811614990234,108.8069369523582,103.89297175538437,100.97605893017264,107.3838521025198,101.9666985364878,97.6581478339119,108.24870809770488,103.31115736208326,99.2384773672317,0.006687088347503423,0.006664828950818887,-0.0009440884441334063,-0.000686117003807718,107.83043365478515,103.70231323242187,99.76634185791016,0.008503510244282036,0.010049504216243463,0.7076115504715403,-0.09434970995124559,6257256.4
2024-02-08,109.32585906982422,109.66394115318585,108.6968735171216,109.01136253541856,4327110,108.89342498779295,105.30033111572266,101.25122833251952,109.152888569186,105.57551838779648,101.25122833251952,108.44527701871446,103.1696421951396,99.81241976040802,108.9877746977442,103.37405779174712,100.06401396269013,0.003971167975290957,0.003963303701107327,0.006687088347503423,0.02158659285030584,108.40281524658204,104.06987800598145,100.06755279541015,0.003957075910094868,0.010017145404353627,0.9670676360642432,0.31449653440566294,5884564.0
2024-02-09,109.5066909790039,109.62461871768312,108.66541298089278,109.2944060171648,4324604,109.32585906982422,104.1131362915039,101.9745635986328,109.66394115318585,105.72491328381808,102.3440930531926,108.6968735171216,103.87726575447168,101.03894343057604,109.01136253541856,105.17454619203984,101.1883260789921,0.0016540634642001617,0.001652697007824559,0.003971167975290957,-0.011274369336161438,108.83367156982422,104.44137344360351,100.38998092651367,0.0038092880090878595,0.010009534189232948,0.9592057367903379,0.21228496183910295,5528712.0
2024-02-12,110.20643615722656,110.7174939526918,109.20792114689404,109.71110957679048,4516313,109.5066909790039,106.46395111083984,102.0767822265625,109.62461871768312,106.50326786992788,102.3676856944854,108.66541298089278,104.15242481754822,100.48858337908112,109.2944060171648,104.59271840335906,102.30479089757608,0.006389976465975167,0.006369647123079847,0.0016540634642001617,0.022579425642830886,109.22049865722656,104.84942893981933,100.72624710083008,0.0032355666006352755,0.009985092089616654,1.5095728057977595,0.49532658043608535,5000372.0
2024-02-13,111.46441650390624,111.48014020307464,109.04281650980234,109.93911997516072,9054930,110.20643615722656,107.35240936279295,102.04532623291016,110.7174939526918,108.03642783001176,102.83942564825357,109.20792114689404,106.17305681088706,101.56572334711362,109.71110957679048,106.47968396471762,102.6821811415344,0.011414762971601489,0.01135010612791226,0.006389976465975167,0.008345155732837117,109.87936553955078,105.39193153381348,101.04147109985351,0.0036381455875617885,0.009168464417733257,2.4373236932723046,1.525296528745514,5606122.4
2024-02-14,115.18329620361328,115.4977851969379,111.92042592219512,112.43147617342863,13116028,111.46441650390624,108.27230072021484,100.61436462402344,111.48014020307464,109.00349781524652,102.09248982773242,109.04281650980234,106.73128051959344,100.04041962829156,109.93911997516072,106.91211808904436,101.58143961899256,0.03336382871188959,0.03281933404419784,0.011414762971601489,0.00856889344991929,111.13733978271485,106.16322746276856,101.42007217407226,0.012822564543913475,0.010554898136204376,3.5773592747427756,2.7518200301846463,7067797.0
2024-02-15,116.65355682373048,117.06239553782294,115.41130946666136,115.576415818945,8627532,115.18329620361328,108.17008209228516,99.75737762451172,115.4977851969379,108.8069369523582,101.17260062564796,111.92042592219512,107.3838521025198,99.21487998374094,112.43147617342863,108.24870809770488,100.18194753129578,0.012764529828336979,0.0126837499030415,0.03336382871188959,-0.0009440884441334063,112.60287933349609,106.94238548278808,101.84332214355469,0.01214091921693003,0.010543579836934672,1.651086071161572,1.0771410047854886,7927881.4
2024-02-16,117.27467346191406,118.21815545514254,116.76362322095127,117.10956711954223,8616756,116.65355682373048,108.89342498779295,101.07039642333984,117.06239553782294,109.152888569186,101.16474613349835,115.41130946666136,108.44527701871446,99.67090453440429,115.576415818945,108.9877746977442,100.00897909530052,0.005324455208186363,0.00531033041226638,0.012764529828336979,0.006687088347503423,114.15647583007812,107.70306663513183,102.29942367553711,0.011360402607195667,0.010534023482533317,1.4545322341912623,0.16510634237182842,8786311.8
2024-02-20,116.8501205444336,118.20244133680596,116.22112748723428,117.16460955692474,7166032,117.27467346191406,109.32585906982422,102.06105041503906,118.21815545514254,109.66394115318585,102.24974230687756,116.76362322095127,108.6968735171216,100.19767194697228,117.10956711954223,109.01136253541856,101.18832504842143,-0.0036201585981677775,-0.003626727230090395,0.005324455208186363,0.003971167975290957,115.48521270751954,108.38669776916504,102.7536344909668,0.01365447877503509,0.010750058106581563,1.981313849571677,-0.31448901249115124,9316255.6
2024-02-21,117.20392608642578,117.45552030235947,116.09533014708904,116.73218505252296,5302571,116.8501205444336,109.5066909790039,103.17749786376952,118.20244133680596,109.62461871768312,103.99518274954292,116.22112748723428,108.66541298089278,102.41485343555712,117.16460955692474,109.2944060171648,102.43057713311518,0.003027857740699913,0.0030232830115440586,-0.0036201585981677775,0.0016540634642001617,116.63311462402343,109.13833808898926,103.22010696411132,0.014224479145003811,0.010106360488421293,1.3601901552704305,0.4717410339028163,8565783.8
2024-02-22,119.2481460571289,119.70415591926412,117.81719912049113,117.81719912049113,5753024,117.20392608642578,110.20643615722656,102.1711196899414,117.45552030235947,110.7174939526918,103.6885543045122,116.09533014708904,109.20792114689404,99.45861634446446,116.73218505252296,109.71110957679048,100.34705792242158,0.017441565645127888,0.01729120734408758,0.003027857740699913,0.006389976465975167,117.44608459472656,109.99297523498535,103.71002029418945,0.008270859504522173,0.010221994367964046,1.8869567987729994,1.4309469366377812,7093183.0
2024-02-23,120.55327606201172,120.92281304994688,119.43682579709544,119.50758995812969,7066168,119.2481460571289,111.46441650390624,102.15540313720705,119.70415591926412,111.48014020307464,102.5170707763098,117.81719912049113,109.04281650980234,99.41930653648336,117.81719912049113,109.93911997516072,102.42272106260717,0.01094465656730259,0.010885197261343437,0.017441565645127888,0.011414762971601489,118.22602844238281,110.91286888122559,104.230908203125,0.00798829832210179,0.010073503675752363,1.4859872528514444,1.0456861038820335,6780910.2
2024-02-26,121.68545532226562,122.00781369159505,120.73411142897126,120.8127374380075,7705449,120.55327606201172,115.18329620361328,102.15540313720705,120.92281304994688,115.4977851969379,104.17602630952464,119.43682579709544,111.92042592219512,101.96671122591056,119.50758995812969,112.43147617342863,102.71363205351456,0.009391526279812767,0.009347700079805553,0.01094465656730259,0.03336382871188959,119.10818481445312,111.83983879089355,104.74238098144531,0.00802988874468368,0.01007160046630773,1.273702262623786,0.8727178842581225,6598648.8
2024-02-27,121.07220458984376,121.87415838783558,120.37245484202244,121.85843468780934,7300354,121.68545532226562,116.65355682373048,103.14605712890624,122.00781369159505,117.06239553782294,103.97159640065682,120.73411142897126,115.41130946666136,102.51706408932252,120.8127374380075,115.576415818945,102.62713749544426,-0.005039638720977457,-0.005052380527625023,0.009391526279812767,0.012764529828336979,119.95260162353516,112.73968467712402,105.2595036315918,0.008528180930251261,0.010321053647806633,1.5017035458131431,-0.7862300979655714,6625513.2
2024-02-28,122.34588623046876,123.36799426669,120.93853255302244,121.20585045679586,7633025,121.07220458984376,117.27467346191406,103.07528686523438,121.87415838783558,118.21815545514254,103.89297175538437,120.37245484202244,116.76362322095127,101.9666985364878,121.85843468780934,117.10956711954223,103.31115736208326,0.01052001691833282,0.010465066589968756,-0.005039638720977457,0.005324455208186363,120.98099365234376,113.59196243286132,105.79942886352539,0.00827662514034588,0.009847368133518835,2.429461713667564,1.1400357736729063,7091604.0
2024-02-29,123.3522720336914,123.58028069435618,121.94491082341854,122.64466050392654,8177329,122.34588623046876,116.8501205444336,105.30033111572266,123.36799426669,118.20244133680596,105.57551838779648,120.93853255302244,116.22112748723428,103.1696421951396,121.20585045679586,117.16460955692474,103.37405779174712,0.008225742885435983,0.008192095851067546,0.01052001691833282,-0.0036201585981677775,121.80181884765625,114.55391921997071,106.32993774414062,0.006707125731016635,0.008791543936780298,1.6353698709376374,0.7076115297648613,7576465.0
2024-03-01,124.73604583740234,125.26282734204352,123.3365539290216,123.43875797399586,8698201,123.3522720336914,117.20392608642578,104.1131362915039,123.58028069435618,117.45552030235947,105.72491328381808,121.94491082341854,116.09533014708904,103.87726575447168,122.64466050392654,116.73218505252296,105.17454619203984,0.011218064984915621,0.011155609148937911,0.008225742885435983,0.003027857740699913,122.63837280273438,115.46752395629883,106.88167907714843,0.006750253430500526,0.00818337761406624,1.9262734130219172,1.2972878634064813,7902871.6
2024-03-04,126.591552734375,127.18908332284258,124.68100316953316,125.30212682111016,8402242,124.73604583740234,119.2481460571289,106.46395111083984,125.26282734204352,119.70415591926412,106.50326786992788,123.3365539290216,117.81719912049113,104.15242481754822,123.43875797399586,117.81719912049113,104.59271840335906,0.014875466706643747,0.01476591206650273,0.011218064984915621,0.017441565645127888,123.61959228515624,116.42948112487792,107.43438629150391,0.007649404878350936,0.00832761823811643,2.5080801533094217,1.2894259132648358,8042230.2
2024-03-05,124.11492919921876,127.48788084243128,123.10855226257384,126.99255422416954,8003663,126.591552734375,120.55327606201172,107.35240936279295,127.18908332284258,120.92281304994688,108.03642783001176,124.68100316953316,119.43682579709544,106.17305681088706,125.30212682111016,119.50758995812969,106.47968396471762,-0.019563892547813988,-0.019757798699766523,0.014875466706643747,0.01094465656730259,124.22813720703125,117.22161254882812,107.97794845581055,0.01396813182709815,0.010399626950284907,4.379328579857443,-2.877625024950774,8182892.0
2024-03-06,125.40433502197266,126.5679638040164,124.59451198381622,125.08983852203689,8198755,124.11492919921876,121.68545532226562,108.27230072021484,127.48788084243128,122.00781369159505,109.00349781524652,123.10855226257384,120.73411142897126,106.73128051959344,126.99255422416954,120.8127374380075,106.91211808904436,0.010388805207182106,0.010335212427427088,-0.019563892547813988,0.009391526279812767,124.83982696533204,118.0833251953125,108.49072509765625,0.013955415370594259,0.010257371243594349,1.9734518202001823,0.3144964999357711,8296038.0
2024-03-07,130.90797424316406,131.0888117966271,127.03184229401889,127.4013642174793,14393838,125.40433502197266,121.07220458984376,108.17008209228516,126.5679638040164,121.87415838783558,108.8069369523582,124.59451198381622,120.37245484202244,107.3838521025198,125.08983852203689,121.85843468780934,108.24870809770488,0.0438871528661835,0.04295139249383509,0.010388805207182106,-0.005039638720977457,126.35096740722656,119.18405265808106,109.11797470092773,0.02249675372756748,0.013089847990791516,4.056969502608226,3.5066100256847648,9539339.8
2024-03-08,132.05589294433594,138.22782065507246,131.57629005668664,133.27455478736144,21242234,130.90797424316406,122.34588623046876,108.89342498779295,131.0888117966271,123.36799426669,109.152888569186,127.03184229401889,120.93853255302244,108.44527701871446,127.4013642174793,121.20585045679586,108.9877746977442,0.008768898211193754,0.008730674712726549,0.0438871528661835,0.01052001691833282,127.81493682861328,120.32055435180663,109.75592544555664,0.02254902349723185,0.013030318392879473,6.651530598385818,-1.218661843025501,12048146.4
2024-03-11,130.9551239013672,132.41751772278053,128.14040212302373,131.37183188133716,9338609,132.05589294433594,123.3522720336914,109.32585906982422,138.22782065507246,123.58028069435618,109.66394115318585,131.57629005668664,121.94491082341854,108.6968735171216,133.27455478736144,122.64466050392654,109.01136253541856,-0.008335629849042347,-0.00837056548735846,0.008768898211193754,0.008225742885435983,128.68765106201172,121.39297599792481,110.35912368774414,0.024062900666575057,0.013531507647754805,4.277115599756797,-0.41670797996997067,12235419.8
2024-03-12,131.6627655029297,131.9300834102711,128.8873523245936,131.6549036536613,6928589,130.9551239013672,124.73604583740234,109.5066909790039,132.41751772278053,125.26282734204352,109.62461871768312,128.14040212302373,123.3365539290216,108.66541298089278,131.37183188133716,123.43875797399586,109.2944060171648,0.005403695407103504,0.005389147828667414,-0.008335629849042347,0.011218064984915621,130.1972183227539,122.46579246520996,110.97458755493165,0.019279996179410914,0.013543578253258286,3.0427310856775023,0.007861849268380183,12020405.0
2024-03-13,133.7855987548828,134.48534842940705,130.1296133984697,130.1296133984697,8462887,131.6627655029297,126.591552734375,110.20643615722656,131.9300834102711,127.18908332284258,110.7174939526918,128.8873523245936,124.68100316953316,109.20792114689404,131.6549036536613,125.30212682111016,109.71110957679048,0.016123261909654296,0.015994662574738628,0.005403695407103504,0.014875466706643747,131.87347106933595,123.58185157775878,111.64335815429688,0.019329010152657755,0.013628055166158755,4.355735030937353,3.6559853564131117,12073231.4
2024-03-14,131.1045379638672,134.24947294186995,130.2239507584287,133.85635043253865,9460777,133.7855987548828,124.11492919921876,111.46441650390624,134.48534842940705,127.48788084243128,111.48014020307464,130.1296133984697,123.10855226257384,109.04281650980234,130.1296133984697,126.99255422416954,109.93911997516072,-0.020039980505882182,-0.020243504584290275,0.016123261909654296,-0.019563892547813988,131.91278381347655,124.37791366577149,112.28492538452149,0.014460283104505652,0.013885187647611664,4.02552218344124,-2.75181246867146,11086619.2
2024-03-15,132.78709411621094,134.05292709536278,129.6421587767266,130.23968942608636,13263757,131.1045379638672,125.40433502197266,115.18329620361328,134.24947294186995,126.5679638040164,115.4977851969379,130.2239507584287,124.59451198381622,111.92042592219512,133.85635043253865,125.08983852203689,112.43147617342863,0.012833698806119731,0.01275204476707904,-0.020039980505882182,0.010388805207182106,132.05902404785155,125.18459053039551,112.98986297607422,0.015147464414826468,0.013886816255544433,4.410768318636173,2.54740469012458,9490923.8
2024-03-18,133.58901977539062,134.24946011637445,132.54333384299372,132.84209910479078,6228788,132.78709411621094,130.90797424316406,116.65355682373048,134.05292709536278,131.0888117966271,117.06239553782294,129.6421587767266,127.03184229401889,115.41130946666136,130.23968942608636,127.4013642174793,115.576415818945,0.006039183736318954,0.0060210209551168434,0.012833698806119731,0.0438871528661835,132.58580322265624,126.00030784606933,113.70140426635743,0.014221736075511847,0.013884310812668813,1.7061262733807325,0.7469206705998488,8868959.6
2024-03-19,136.3801727294922,136.74969466925145,132.87356254913814,133.51041742261634,9360787,133.58901977539062,132.05589294433594,117.27467346191406,134.24946011637445,138.22782065507246,118.21815545514254,132.54333384299372,131.57629005668664,116.76362322095127,132.84209910479078,133.27455478736144,117.10956711954223,0.020893580616089924,0.02067830320763081,0.006039183736318954,0.008768898211193754,133.52928466796874,126.97681045532227,114.44313735961914,0.01614184649021963,0.014013742108127433,3.8761321201133114,2.8697553068758452,9355399.2
2024-03-20,136.74969482421875,137.41799709484093,135.24012960265188,135.71187061341857,7229434,136.3801727294922,130.9551239013672,116.8501205444336,136.74969466925145,132.41751772278053,118.20244133680596,132.87356254913814,128.14040212302373,116.22112748723428,133.51041742261634,131.37183188133716,117.16460955692474,0.0027095001225692084,0.0027058360441671032,0.020893580616089924,-0.008335629849042347,134.12210388183593,127.95409889221192,115.16096893310547,0.015378433122238466,0.014019687535786335,2.1778674921890513,1.0378242108001814,9108708.6
2024-03-21,138.88040161132812,139.20275248098758,136.08926458345272,137.29220274767715,7890893,136.74969482421875,131.6627655029297,117.20392608642578,137.41799709484093,131.9300834102711,117.45552030235947,135.24012960265188,128.8873523245936,116.09533014708904,135.71187061341857,131.6549036536613,116.73218505252296,0.015581071605667907,0.01546093302766492,0.0027095001225692084,0.005403695407103504,135.67727661132812,128.9357116699219,115.91355239868165,0.007309319385804416,0.013958624796973748,3.113487897534867,1.5881988636509732,8794731.8
2024-03-22,137.7089080810547,139.5565629797195,137.65387513430363,138.61308090654742,6842132,138.88040161132812,133.7855987548828,119.2481460571289,139.20275248098758,134.48534842940705,119.70415591926412,136.08926458345272,130.1296133984697,117.81719912049113,137.29220274767715,130.1296133984697,117.81719912049113,-0.008435268883740576,-0.008471047105663071,0.015581071605667907,0.016123261909654296,136.66163940429686,129.79349327087402,116.62823928833008,0.011441219537066503,0.014390530774463325,1.902687845415869,-0.9041728254927364,7510406.8
2024-03-25,136.4037322998047,137.99191570817092,135.85335787120408,137.32362859779215,6288181,137.7089080810547,131.1045379638672,120.55327606201172,139.5565629797195,134.24947294186995,120.92281304994688,137.65387513430363,130.2239507584287,119.43682579709544,138.61308090654742,133.85635043253865,119.50758995812969,-0.009477787598764387,-0.009522987652034342,-0.008435268883740576,-0.020039980505882182,137.22458190917968,130.52940711975097,117.31477828979492,0.013758117688585916,0.014821856530949903,2.1385578369668394,-0.9198962979874636,7522285.4
2024-03-26,136.45094299316406,137.63029563647822,135.54677012792024,136.40377189387505,5056983,136.4037322998047,132.78709411621094,121.68545532226562,137.99191570817092,134.05292709536278,122.00781369159505,135.85335787120408,129.6421587767266,120.73411142897126,137.32362859779215,130.23968942608636,120.8127374380075,0.00034610998220796496,0.00034605009996490255,-0.009477787598764387,0.012833698806119731,137.23873596191407,131.298344039917,118.002890625,0.010137904956512477,0.01466206676733416,2.083525508557983,0.04717109928901664,6661524.6
2024-03-27,141.61648559570312,141.8051850138227,137.3393839675554,137.60670187980108,12606433,136.45094299316406,133.58901977539062,121.07220458984376,137.63029563647822,134.24946011637445,121.87415838783558,135.54677012792024,132.54333384299372,120.37245484202244,136.40377189387505,132.84209910479078,121.85843468780934,0.0378564082389512,0.037157440144611996,0.00034610998220796496,0.006039183736318954,138.21209411621095,132.26187400817872,118.8229330444336,0.01987234520434068,0.016280795209133305,4.465801046267302,4.009783715902046,7736924.4
2024-03-28,138.00767517089844,141.4985618929836,137.06419308558986,141.4828381937096,12122274,141.61648559570312,136.3801727294922,122.34588623046876,141.8051850138227,136.74969466925145,123.36799426669,137.3393839675554,132.87356254913814,120.93853255302244,137.60670187980108,133.51041742261634,121.20585045679586,-0.025482982504645535,-0.025813297390324872,0.0378564082389512,0.020893580616089924,138.037548828125,132.99464416503906,119.58793899536133,0.023654796139075666,0.017865568188915864,4.434368807393724,-3.4751630228111594,8583200.6
2024-04-01,137.87403869628906,138.40081274359508,136.0656928257067,138.06273814028165,7399592,138.00767517089844,136.74969482421875,123.3522720336914,141.4985618929836,137.41799709484093,123.58028069435618,137.06419308558986,135.24012960265188,121.94491082341854,141.4828381937096,135.71187061341857,122.64466050392654,-0.0009683263952087184,-0.0009687955260848715,-0.025482982504645535,0.0027095001225692084,138.07057495117186,133.6515438079834,120.32401184082032,0.02330419628905503,0.017878126872012165,2.3351199178883917,-0.18869944399258998,8694692.6
2024-04-02,134.443603515625,142.36421361279224,132.00043242064942,138.44331551943185,20490400,137.87403869628906,138.88040161132812,124.73604583740234,138.40081274359508,139.20275248098758,125.26282734204352,136.0656928257067,136.08926458345272,123.3365539290216,138.06273814028165,137.29220274767715,123.43875797399586,-0.024880936346694527,-0.025195698872418147,-0.0009683263952087184,0.015581071605667907,137.67854919433594,134.0441463470459,120.97166290283204,0.025826974935857533,0.018921954512666973,10.363781192142824,-3.9997120038068488,11535136.4
2024-04-03,143.45773315429688,145.743291475913,135.9607308642934,136.09865145044495,16208500,134.443603515625,137.7089080810547,126.591552734375,142.36421361279224,139.5565629797195,127.18908332284258,132.00043242064942,137.65387513430363,124.68100316953316,138.44331551943185,138.61308090654742,125.30212682111016,0.0670476646188991,0.06489564294220575,-0.024880936346694527,-0.008435268883740576,139.0799072265625,135.01128654479982,121.77726760864257,0.04069364164002619,0.022929043236987915,9.782560611619601,7.359081703851928,13765439.8
2024-04-04,145.2014617919922,149.73316416833038,144.03899037509282,144.47244435670837,11880200,143.45773315429688,136.4037322998047,124.11492919921876,145.743291475913,137.99191570817092,127.48788084243128,135.9607308642934,135.85335787120408,123.10855226257384,136.09865145044495,137.32362859779215,126.99255422416954,0.012154999241622111,0.012081720443229185,0.0670476646188991,-0.009477787598764387,139.79690246582032,136.0011428833008,122.6378744506836,0.03793798339888595,0.02294409878606415,5.694173793237553,0.7290174352838221,13620193.2
2024-04-05,153.97914123535156,154.14661514165158,146.3245119205181,146.3245119205181,14777900,145.2014617919922,136.45094299316406,125.40433502197266,149.73316416833038,137.63029563647822,126.5679638040164,144.03899037509282,135.54677012792024,124.59451198381622,144.47244435670837,136.40377189387505,125.08983852203689,0.06045172917014985,0.0586949769382471,0.012154999241622111,0.00034610998220796496,142.99119567871094,137.15470123291016,123.67434921264649,0.03977191851847415,0.024564619393290743,7.822103221133489,7.654629314833471,14151318.4
2024-04-08,154.19590759277344,155.60466693646268,151.41777331659972,155.1317984542992,9588800,153.97914123535156,141.61648559570312,130.90797424316406,154.14661514165158,141.8051850138227,131.0888117966271,146.3245119205181,137.3393839675554,127.03184229401889,146.3245119205181,137.60670187980108,127.4013642174793,0.0014077644262904254,0.0014067744549391811,0.06045172917014985,0.0378564082389512,146.2555694580078,138.26170196533204,124.71515930175781,0.039430230989391225,0.024614361918246154,4.186893619862957,-0.9358908615257633,14589160.0
2024-04-09,152.19601440429688,155.52581524068177,148.68886350282415,153.81166177211975,8807300,154.19590759277344,138.00767517089844,132.05589294433594,155.60466693646268,141.4985618929836,138.22782065507246,151.41777331659972,137.06419308558986,131.57629005668664,155.1317984542992,141.4828381937096,133.27455478736144,-0.012969820144372535,-0.013054662654808766,0.0014077644262904254,-0.025482982504645535,149.8060516357422,139.32374649047853,125.69615844726563,0.03600768514043299,0.024797968055492947,6.836951737857618,-1.6156473678228735,12252540.0
2024-04-10,154.28453063964844,155.44700184475423,149.39817405427007,149.63461575479647,8075400,152.19601440429688,137.87403869628906,130.9551239013672,155.52581524068177,138.40081274359508,132.41751772278053,148.68886350282415,136.0656928257067,128.14040212302373,153.81166177211975,138.06273814028165,131.37183188133716,0.013722542232962764,0.013629240737107843,-0.012969820144372535,-0.0009683263952087184,151.9714111328125,140.45483474731446,126.7203433227539,0.02758004025214642,0.02482488720074856,6.048827790484154,4.649914884851967,10625920.0
2024-04-11,155.33865356445312,156.08737819136743,152.45216740038143,154.73772568769587,6063200,154.28453063964844,134.443603515625,131.6627655029297,155.44700184475423,142.36421361279224,131.9300834102711,149.39817405427007,132.00043242064942,128.8873523245936,149.63461575479647,138.44331551943185,131.6549036536613,0.006832330632464467,0.006809096032470907,0.013722542232962764,-0.024880936346694527,153.99884948730468,141.53248748779296,127.72110977172852,0.027816764277484977,0.024756551022540874,3.635210790986008,0.6009278767572539,9462520.0
2024-04-12,152.60496520996094,154.92418049663837,151.0259128394474,153.85832240538562,6851300,155.33865356445312,143.45773315429688,133.7855987548828,156.08737819136743,145.743291475913,134.48534842940705,152.45216740038143,135.9607308642934,130.1296133984697,154.73772568769587,136.09865145044495,130.1296133984697,-0.01759824932020493,-0.01775493954708153,0.006832330632464467,0.0670476646188991,153.72401428222656,142.60750885009764,128.69094635009765,0.013229461714520056,0.024617762551349797,3.898267657190985,-1.2533571954246838,7877200.0
2024-04-15,151.68711853027344,156.61177415640972,150.69035106433174,155.14128200065227,6423700,152.60496520996094,145.2014617919922,131.1045379638672,154.92418049663837,149.73316416833038,134.24947294186995,151.0259128394474,144.03899037509282,130.2239507584287,153.85832240538562,144.47244435670837,133.85635043253865,-0.006014526974431611,-0.0060326870947642825,-0.01759824932020493,0.012154999241622111,153.22225646972657,143.5525100708008,129.59540969848632,0.013207010175056204,0.0247793201849828,5.921423092077987,-3.4541634703788304,7244180.0
2024-04-16,154.70704650878906,154.9636511548267,150.00938947028658,150.70021917316078,6187200,151.68711853027344,153.97914123535156,132.78709411621094,156.61177415640972,154.14661514165158,134.05292709536278,150.69035106433174,146.3245119205181,129.6421587767266,155.14128200065227,146.3245119205181,130.23968942608636,0.01990892837688718,0.01971333740494345,-0.006014526974431611,0.06045172917014985,153.724462890625,144.6084114074707,130.54250244140624,0.0151693427826289,0.024945695794364616,4.954261684540114,4.006827335628287,6720160.0
2024-04-17,153.63131713867188,156.60189224051973,151.618039954956,155.93080486560024,6519900,154.70704650878906,154.19590759277344,133.58901977539062,154.9636511548267,155.60466693646268,134.24946011637445,150.00938947028658,151.41777331659972,132.54333384299372,150.70021917316078,155.1317984542992,132.84209910479078,-0.006953331437660637,-0.006977618496159033,0.01990892837688718,0.0014077644262904254,153.59382019042968,145.4709686279297,131.4496827697754,0.014442489478798868,0.02494498717765203,4.983852285563728,-2.299487726928362,6409060.0
2024-04-18,150.9370880126953,155.93081944105782,150.87787618689794,154.6280990376804,6186600,153.63131713867188,152.19601440429688,136.3801727294922,156.60189224051973,155.52581524068177,136.74969466925145,151.618039954956,148.68886350282415,132.87356254913814,155.93080486560024,153.81166177211975,133.51041742261634,-0.01753697863271375,-0.017692573232225978,-0.006953331437660637,-0.012969820144372535,152.71350708007813,146.18033828735352,132.3050228881836,0.015322782642952273,0.025501358104580495,5.052943254159885,-3.6910110249851016,6433740.0
2024-04-19,146.12098693847656,151.5193523991237,144.85775116922775,151.44039828117587,9566100,150.9370880126953,154.28453063964844,136.74969482421875,155.93081944105782,155.44700184475423,137.41799709484093,150.87787618689794,149.39817405427007,135.24012960265188,154.6280990376804,149.63461575479647,135.71187061341857,-0.03190800311328168,-0.03242815811528076,-0.01753697863271375,0.013722542232962764,151.41671142578124,146.54236755371093,133.04957412719727,0.019008146679942127,0.026672724544760308,6.66160122989595,-5.319411342699311,6976700.0
2024-04-22,148.22311401367188,149.92059009660488,146.8809239727239,146.8809239727239,7322800,146.12098693847656,155.33865356445312,138.88040161132812,151.5193523991237,156.08737819136743,139.20275248098758,144.85775116922775,152.45216740038143,136.08926458345272,151.44039828117587,154.73772568769587,137.29220274767715,0.014386209121899807,0.014283709499872843,-0.03190800311328168,0.006832330632464467,150.72391052246093,147.0680778503418,133.82751922607423,0.021677369923881588,0.02665154290795559,3.039666123880977,1.342190040947969,7156520.0
2024-04-23,160.4902801513672,161.50678979106922,150.81863562056924,155.7630178988954,19250900,148.22311401367188,152.60496520996094,137.7089080810547,149.92059009660488,154.92418049663837,139.5565629797195,146.8809239727239,151.0259128394474,137.65387513430363,146.8809239727239,153.85832240538562,138.61308090654742,0.08276149249275533,0.07951471522644257,0.014386209121899807,-0.01759824932020493,151.88055725097655,148.27240524291992,134.84719100952148,0.04499538926754259,0.03169685486824481,10.688154170499985,4.727262252471775,9769260.0
2024-04-24,157.105224609375,160.21396568001788,153.52275885335305,159.75011967076597,10416000,160.4902801513672,151.68711853027344,136.4037322998047,161.50678979106922,156.61177415640972,137.99191570817092,150.81863562056924,150.69035106433174,135.85335787120408,155.7630178988954,155.14128200065227,137.32362859779215,-0.021091966060496348,-0.021317579638916156,0.08276149249275533,-0.006014526974431611,152.5753387451172,149.30511932373048,135.78516677856445,0.046597581813379196,0.03234748438078742,6.691206826664825,-2.6448950613909687,10548480.0
2024-04-25,159.14810180664062,159.3652218479573,155.06232066570632,156.01961855906873,5908200,157.105224609375,154.70704650878906,136.45094299316406,160.21396568001788,154.9636511548267,137.63029563647822,153.52275885335305,150.00938947028658,135.54677012792024,159.75011967076597,150.70021917316078,136.40377189387505,0.01300324163212907,0.01291942529314299,-0.021091966060496348,0.01990892837688718,154.21754150390626,150.18170013427735,136.73884048461915,0.044819797168624595,0.03159073912714153,4.302901182250963,3.128483247571893,10492800.0
2024-04-26,160.22384643554688,161.23047752238716,158.21055414395093,158.9013838287308,5898000,159.14810180664062,153.63131713867188,141.61648559570312,159.3652218479573,156.60189224051973,141.8051850138227,155.06232066570632,151.618039954956,137.3393839675554,156.01961855906873,155.93080486560024,137.60670187980108,0.006759393399572211,0.00673665112514073,0.01300324163212907,-0.006953331437660637,157.03811340332032,151.29250869750976,137.6396514892578,0.0383400585176667,0.03069263533472806,3.019923378436232,1.3224626068160887,9759180.0
2024-04-29,162.33580017089844,163.8951098733132,160.8653081901448,160.8653081901448,5371700,160.22384643554688,150.9370880126953,138.00767517089844,161.23047752238716,155.93081944105782,141.4985618929836,158.21055414395093,150.87787618689794,137.06419308558986,158.9013838287308,154.6280990376804,141.4828381937096,0.013181269719430455,0.013095152712597756,0.006759393399572211,-0.01753697863271375,159.86065063476562,152.51559677124024,138.55329635620117,0.038381359288581635,0.03063986562430325,3.029801683168415,1.4704919807536498,9368960.0
2024-04-30,159.7007598876953,164.08259955437458,159.46389758451468,161.41796264415115,6723600,162.33580017089844,146.12098693847656,137.87403869628906,163.8951098733132,151.5193523991237,138.40081274359508,160.8653081901448,144.85775116922775,136.0656928257067,160.8653081901448,151.44039828117587,138.06273814028165,-0.01623203434134124,-0.016365216994247037,0.013181269719430455,-0.03190800311328168,159.70274658203124,153.77845458984376,139.4018180847168,0.016530520916352185,0.030199833152309532,4.618701969859899,-1.7172027564558334,6863500.0
2024-05-01,157.6085205078125,161.161379910672,156.74005547741234,160.44094441415945,4775800,159.7007598876953,148.22311401367188,134.443603515625,164.08259955437458,149.92059009660488,142.36421361279224,159.46389758451468,146.8809239727239,132.00043242064942,161.41796264415115,146.8809239727239,138.44331551943185,-0.01310099827548794,-0.013187573331172044,-0.01623203434134124,0.014386209121899807,159.80340576171875,154.48599395751953,140.21698608398438,0.014326784170294865,0.027277156077288728,4.421324433259656,-2.8324239063469463,5735460.0
2024-05-02,160.510009765625,160.68766025409155,157.33217879341657,159.2763801974992,5030400,157.6085205078125,160.4902801513672,143.45773315429688,161.161379910672,161.50678979106922,145.743291475913,156.74005547741234,150.81863562056924,135.9607308642934,160.44094441415945,155.7630178988954,136.09865145044495,0.018409469541773138,0.018242066668117233,-0.01310099827548794,0.08276149249275533,160.07578735351564,155.25142135620118,141.08310775756837,0.015630077698050096,0.027398384079806402,3.35548146067498,1.2336295681257923,5559900.0
2024-05-03,161.9607696533203,163.13518748637546,159.88826582334588,163.13518748637546,3968600,160.510009765625,157.105224609375,145.2014617919922,160.68766025409155,160.21396568001788,149.73316416833038,157.33217879341657,153.52275885335305,144.03899037509282,159.2763801974992,159.75011967076597,144.47244435670837,0.009038438723003583,0.00899783650610428,0.018409469541773138,-0.021091966060496348,160.4231719970703,155.6505027770996,141.93736022949219,0.0158425244943472,0.024181492169773233,3.246921663029582,-1.174417833055145,5174020.0
2024-05-06,165.7702178955078,165.7800815114149,162.8687185695367,162.9575362895671,4831600,161.9607696533203,159.14810180664062,153.97914123535156,163.13518748637546,159.3652218479573,154.14661514165158,159.88826582334588,155.06232066570632,146.3245119205181,163.13518748637546,156.01961855906873,146.3245119205181,0.023520808467023757,0.023248456608216762,0.009038438723003583,0.01300324163212907,161.11005554199218,156.22921829223634,142.8416990661621,0.01813370414138841,0.024616104611360816,2.9113629418781954,2.8126816059407247,5066000.0
2024-05-07,166.5696258544922,168.56317579122538,165.03005830177128,165.61232794253877,4781800,165.7702178955078,160.22384643554688,154.19590759277344,165.7800815114149,161.23047752238716,155.60466693646268,162.8687185695367,158.21055414395093,151.41777331659972,162.9575362895671,158.9013838287308,155.1317984542992,0.0048223858853118085,0.004810795429994374,0.023520808467023757,0.006759393399572211,162.48382873535155,156.9478988647461,143.73938247680664,0.014179500467248583,0.02429351334295869,3.5331174894540993,0.9572979119534182,4677640.0
2024-05-08,166.64859008789062,167.96117405779728,165.89854855892602,165.89854855892602,4878200,166.5696258544922,162.33580017089844,152.19601440429688,168.56317579122538,163.8951098733132,155.52581524068177,165.03005830177128,160.8653081901448,148.68886350282415,165.61232794253877,160.8653081901448,153.81166177211975,0.00047406142022210496,0.00047394908860702134,0.0048223858853118085,0.013181269719430455,164.29184265136718,157.56610183715821,144.6509101867676,0.00954144613421809,0.0242177927366824,2.062625498871256,0.7500415289646014,4698120.0
2024-05-09,165.306396484375,167.12229597190424,164.9412468751865,166.54988992625653,4968800,166.64859008789062,159.7007598876953,154.28453063964844,167.96117405779728,164.08259955437458,155.44700184475423,165.89854855892602,159.46389758451468,149.39817405427007,165.89854855892602,161.41796264415115,149.63461575479647,-0.008054035157499695,-0.00808664410575785,0.00047406142022210496,-0.01623203434134124,165.2511199951172,158.0644889831543,145.5101203918457,0.011679486801725977,0.024358818084792573,2.181049096717743,-1.243493441881526,4685800.0
2024-05-10,161.24034118652344,166.53014594441262,160.97387295471842,165.71101401623886,5711300,165.306396484375,157.6085205078125,155.33865356445312,167.12229597190424,161.161379910672,156.08737819136743,164.9412468751865,156.74005547741234,152.45216740038143,166.54988992625653,160.44094441415945,154.73772568769587,-0.024597083865631864,-0.024904646030145264,-0.008054035157499695,-0.01310099827548794,165.1070343017578,158.49625778198242,146.26788177490235,0.017632731540559422,0.024723728562350406,5.556272989694207,-4.470672829715426,5034340.0
2024-05-13,157.4111328125,160.97385560578687,156.7795150763002,160.94424970088335,7768600,161.24034118652344,160.510009765625,152.60496520996094,166.53014594441262,160.68766025409155,154.92418049663837,160.97387295471842,157.33217879341657,151.0259128394474,165.71101401623886,159.2763801974992,153.85832240538562,-0.02374845119928015,-0.02403499134988919,-0.024597083865631864,0.018409469541773138,163.43521728515626,158.78245849609374,146.92138351440428,0.013555877478618337,0.02537493908159873,4.194340529486652,-3.533116888383347,5621740.0
2024-05-14,157.90460205078125,158.71387036459055,155.9604004333145,156.56241233099135,6103500,157.4111328125,161.9607696533203,151.68711853027344,160.97385560578687,163.13518748637546,156.61177415640972,156.7795150763002,159.88826582334588,150.69035106433174,160.94424970088335,163.13518748637546,155.14128200065227,0.0031349068484822773,0.003130003273502351,-0.02374845119928015,0.009038438723003583,161.70221252441405,158.94233627319335,147.54764450073242,0.01310110487351739,0.025032039542842492,2.753469931276044,1.3421897197899,5886080.0
2024-05-15,161.32919311523438,161.59566140353505,157.1447148629048,157.90463513600548,7133300,157.90460205078125,165.7702178955078,154.70704650878906,158.71387036459055,165.7800815114149,154.9636511548267,155.9604004333145,162.8687185695367,150.00938947028658,156.56241233099135,162.9575362895671,150.70021917316078,0.021687721700168083,0.02145588902337456,0.0031349068484822773,0.023520808467023757,160.63833312988282,159.32723007202148,148.29192977905274,0.019459170176132454,0.025351438692908863,4.450946540630241,3.4245579792288936,6337100.0
2024-05-16,159.00994873046875,161.77328261327665,158.98034281871023,160.8653328484463,4283200,161.32919311523438,166.5696258544922,153.63131713867188,161.59566140353505,168.56317579122538,156.60189224051973,157.1447148629048,165.03005830177128,151.618039954956,157.90463513600548,165.61232794253877,155.93080486560024,-0.014375850644148702,-0.014480184315706284,0.021687721700168083,0.0048223858853118085,159.37904357910156,159.73087310791016,148.96404205322267,0.01980272901289261,0.025227883020311405,2.792939794566422,-1.855384117977536,6199980.0
2024-05-17,157.79605102539062,159.7599950465228,157.01640363428305,159.700783226813,5946300,159.00994873046875,166.64859008789062,150.9370880126953,161.77328261327665,167.96117405779728,155.93081944105782,158.98034281871023,165.89854855892602,150.87787618689794,160.8653328484463,165.89854855892602,154.6280990376804,-0.0076340990910936934,-0.0076633879836501195,-0.014375850644148702,0.00047406142022210496,158.690185546875,160.31462631225585,149.50180358886718,0.017474675143290118,0.02401996133369334,2.743591412239738,-1.9047322014223766,6246980.0
2024-05-20,157.1940460205078,159.30601968398312,156.74007867675624,157.8256638901745,5586800,157.79605102539062,165.306396484375,146.12098693847656,159.7599950465228,167.12229597190424,151.5193523991237,157.01640363428305,164.9412468751865,144.85775116922775,159.700783226813,166.54988992625653,151.44039828117587,-0.0038150828298354478,-0.003822378820786164,-0.0076340990910936934,-0.008054035157499695,158.64676818847656,160.76317291259767,150.00456665039061,0.013779362815494953,0.02395513143618366,2.5659410072268827,-0.6316178696666839,5810620.0
2024-05-21,158.8915252685547,159.1086453276756,155.29919573440657,155.8716017940018,5071300,157.1940460205078,161.24034118652344,148.22311401367188,159.30601968398312,166.53014594441262,149.92059009660488,156.74007867675624,160.97387295471842,146.8809239727239,157.8256638901745,165.71101401623886,146.8809239727239,0.010798623045973565,0.010740734289159422,-0.0038150828298354478,-0.024597083865631864,158.84415283203126,160.68323516845703,150.56329467773438,0.014642338644426498,0.015170828445994355,3.809449593269022,3.0199234745528827,5604180.0
2024-05-22,158.70401000976562,159.62183844579573,157.63815201580715,158.38820859986575,4432200,158.8915252685547,157.4111328125,160.4902801513672,159.1086453276756,160.97385560578687,161.50678979106922,155.29919573440657,156.7795150763002,150.81863562056924,155.8716017940018,160.94424970088335,155.7630178988954,-0.0011801463827106895,-0.0011808433038195773,0.010798623045973565,-0.02374845119928015,158.3191162109375,160.76317443847657,151.1041195678711,0.00928670988574443,0.014373209683575281,1.9836864299885804,0.31580140989987626,5063960.0
2024-05-23,163.09571838378906,164.09250087062642,159.6316914284216,159.8685537642849,7411500,158.70401000976562,157.90460205078125,157.105224609375,159.62183844579573,158.71387036459055,160.21396568001788,157.63815201580715,155.9604004333145,153.52275885335305,158.38820859986575,156.56241233099135,159.75011967076597,0.027672321409857314,0.02729636272792412,-0.0011801463827106895,0.0031349068484822773,159.13627014160156,160.96055526733397,151.6903219604492,0.014344309657873084,0.015378332875227885,4.460809442204834,3.2271646195041512,5689620.0
2024-05-24,165.1386260986328,166.9347833083777,161.70420485327156,163.65827029610287,5500300,163.09571838378906,161.32919311523438,159.14810180664062,164.09250087062642,161.59566140353505,159.3652218479573,159.6316914284216,157.1447148629048,155.06232066570632,159.8685537642849,157.90463513600548,156.01961855906873,0.012525820635195917,0.012448021535312093,0.027672321409857314,0.021687721700168083,160.60478515625,161.20629425048827,152.37100372314453,0.01256963758757461,0.01553854566316788,5.2305784551061265,1.4803558025299424,5600420.0
2024-05-28,166.35250854492188,166.44132627620334,163.14507107101554,164.81294096688003,5749700,165.1386260986328,159.00994873046875,160.22384643554688,166.9347833083777,161.77328261327665,161.23047752238716,161.70420485327156,158.98034281871023,158.21055414395093,163.65827029610287,160.8653328484463,158.9013838287308,0.0073506875705993124,0.007323802933377086,0.012525820635195917,-0.014375850644148702,162.4364776611328,161.40712966918946,153.04231201171876,0.010500821233269042,0.015364063198430308,3.296255205187805,1.53956757804184,5633000.0
2024-05-29,161.45748901367188,165.23731781467336,161.25023256237594,164.41820080444367,4820800,166.35250854492188,157.79605102539062,162.33580017089844,166.44132627620334,159.7599950465228,163.8951098733132,163.14507107101554,157.01640363428305,160.8653081901448,164.81294096688003,159.700783226813,160.8653081901448,-0.02942558290263564,-0.02986720018101544,0.0073506875705993124,-0.0076340990910936934,162.94967041015624,161.49496612548828,153.59968139648439,0.021133682283502132,0.01640593643122793,3.987085252297419,-2.9607117907717964,5582900.0
2024-05-30,162.04959106445312,162.85885935939342,161.0528237084726,161.3390191670759,4384400,161.45748901367188,157.1940460205078,159.7007598876953,165.23731781467336,159.30601968398312,164.08259955437458,161.25023256237594,156.74007867675624,159.46389758451468,164.41820080444367,157.8256638901745,161.41796264415115,0.003667231878795807,0.003660523978584388,-0.02942558290263564,-0.0038150828298354478,163.61878662109376,161.7170196533203,154.1130697631836,0.020982341920748465,0.01609028856326894,1.806035650920819,0.7105718973772355,5573340.0
2024-05-31,162.977294921875,163.18455134834954,157.9737004253687,162.13842065803786,11704800,162.04959106445312,158.8915252685547,157.6085205078125,162.85885935939342,159.1086453276756,161.161379910672,161.0528237084726,155.29919573440657,156.74005547741234,161.3390191670759,155.8716017940018,160.44094441415945,0.005724814554162627,0.005708490076761019,0.003667231878795807,0.010798623045973565,163.59510192871093,161.84038391113282,154.6376217651367,0.016755677241332388,0.01563274130887224,5.210850922980853,0.8388742638371411,6432000.0
2024-06-03,159.3455047607422,164.605689112343,156.94732053675096,163.94446532948658,5220500,162.977294921875,158.70401000976562,160.510009765625,163.18455134834954,159.62183844579573,160.68766025409155,157.9737004253687,157.63815201580715,157.33217879341657,162.13842065803786,158.38820859986575,159.2763801974992,-0.02228402528630602,-0.02253606552892474,0.005724814554162627,-0.0011801463827106895,162.4364776611328,161.7096206665039,155.046923828125,0.0174510812928188,0.016325935677325647,7.658368575592021,-4.598960568744388,6376040.0
2024-06-04,159.26654052734375,159.85867377369647,156.27622320933946,158.89151226338382,5598600,159.3455047607422,163.09571838378906,161.9607696533203,164.605689112343,164.09250087062642,163.13518748637546,156.94732053675096,159.6316914284216,159.88826582334588,163.94446532948658,159.8685537642849,163.13518748637546,-0.0004955535678085043,-0.0004956763950577854,-0.02228402528630602,0.027672321409857314,161.0192840576172,161.3844367980957,155.4780764770508,0.016142473540677722,0.015302870024097156,3.5824505643570035,0.3750282639599334,6345820.0
2024-06-05,160.42123413085938,160.80612605471717,158.4178203914253,159.71066210851285,4279900,159.26654052734375,165.1386260986328,165.7702178955078,159.85867377369647,166.9347833083777,165.7800815114149,156.27622320933946,161.70420485327156,162.8687185695367,158.89151226338382,163.65827029610287,162.9575362895671,0.007250070226253014,0.007223914810094542,-0.0004955535678085043,0.012525820635195917,160.8120330810547,161.07701721191407,155.95842651367187,0.012125131725867185,0.015368383559369338,2.3883056632918738,0.7105720223465255,6237640.0
2024-06-06,158.5164794921875,161.03308712976133,157.66774164348692,160.17448566453692,3867300,160.42123413085938,166.35250854492188,166.5696258544922,160.80612605471717,166.44132627620334,168.56317579122538,158.4178203914253,163.14507107101554,165.03005830177128,159.71066210851285,164.81294096688003,165.61232794253877,-0.011873457083107386,-0.011944509560398803,0.007250070226253014,0.0073506875705993124,160.10541076660155,160.6704116821289,156.39973724365234,0.012541440426176786,0.015520906605582592,3.365345486274407,-1.6580061723494168,6134220.0
2024-06-07,159.7994842529297,161.65486848010198,158.0033269117183,158.59546024069564,3341800,158.5164794921875,161.45748901367188,166.64859008789062,161.03308712976133,165.23731781467336,167.96117405779728,157.66774164348692,161.25023256237594,165.89854855892602,160.17448566453692,164.41820080444367,165.89854855892602,0.008093825732518933,0.00806124640124974,-0.011873457083107386,-0.02942558290263564,159.4698486328125,160.39506607055665,156.76339721679688,0.013050931914390176,0.01563002491801653,3.651541568383692,1.2040240122340435,4461620.0
2024-06-10,160.70742797851562,161.75354370644547,159.44419218717107,159.87843231400046,4385200,159.7994842529297,162.04959106445312,165.306396484375,161.65486848010198,162.85885935939342,167.12229597190424,158.0033269117183,161.0528237084726,164.9412468751865,158.59546024069564,161.3390191670759,166.54988992625653,0.00568176881064808,0.005665688443439218,0.008093825732518933,0.003667231878795807,159.7422332763672,160.36842041015626,157.2173922729492,0.008315543494401178,0.014722933023795678,2.3093515192744007,0.8289956645151619,4294560.0
2024-06-11,158.25990295410156,160.13501425696091,157.5197250620848,159.90803058658395,5106400,160.70742797851562,162.977294921875,161.24034118652344,161.75354370644547,163.18455134834954,166.53014594441262,159.44419218717107,157.9737004253687,160.97387295471842,159.87843231400046,162.13842065803786,165.71101401623886,-0.015229694452836728,-0.015346857341514343,0.00568176881064808,0.005724814554162627,159.54090576171876,160.41085891723634,157.62510955810546,0.011356621826530735,0.014112175966837975,2.6152891948761123,-1.6481276324823853,4196120.0
2024-06-12,158.94085693359375,160.8061044772287,157.095336623129,159.1480982945773,5790700,158.25990295410156,159.3455047607422,157.4111328125,160.13501425696091,164.605689112343,160.97385560578687,157.5197250620848,156.94732053675096,156.7795150763002,159.90803058658395,163.94446532948658,160.94424970088335,0.004302757469083485,0.00429352707612068,-0.015229694452836728,-0.02228402528630602,159.2448303222656,160.46267166137696,158.11505462646485,0.010873585064117232,0.014126654644397418,3.710767854099714,-0.20724136098354506,4498280.0
2024-06-13,153.65106201171875,158.52636941463447,152.16082756828578,158.48688482782484,8080900,158.94085693359375,159.26654052734375,157.90460205078125,160.8061044772287,159.85867377369647,158.71387036459055,157.095336623129,156.27622320933946,155.9604004333145,159.1480982945773,158.89151226338382,156.56241233099135,-0.03328153014857027,-0.03384796361006835,0.004302757469083485,-0.0004955535678085043,158.27174682617186,160.07876510620116,158.3189212036133,0.017823286235955322,0.015086265926946646,6.365541846348691,-4.835822816106088,5341000.0
2024-06-14,153.83859252929688,154.5491645779417,151.21342440841235,152.20032835831248,6247400,153.65106201171875,160.42123413085938,161.32919311523438,158.52636941463447,160.80612605471717,161.59566140353505,152.16082756828578,158.4178203914253,157.1447148629048,158.48688482782484,159.71066210851285,157.90463513600548,0.0012204960715718194,0.0012197518717085843,-0.03328153014857027,0.007250070226253014,157.0795684814453,159.82019729614257,158.49166381835937,0.01668486684250098,0.014831581666908055,3.3357401695293447,1.6382641709843995,5922120.0
2024-06-17,161.09231567382812,165.30639944637227,153.41420471321476,154.0951707979794,9564800,153.83859252929688,158.5164794921875,159.00994873046875,154.5491645779417,161.03308712976133,161.77328261327665,151.21342440841235,157.66774164348692,158.98034281871023,152.20032835831248,160.17448566453692,160.8653328484463,0.047151517868637915,0.046073637624932676,0.0012204960715718194,-0.011873457083107386,157.15654602050782,159.98501052856446,158.6339273071289,0.029914067708887472,0.01830143725037382,11.89219473315751,6.997144875848733,6958040.0
2024-06-18,162.80950927734375,163.0266293023062,160.2336899438856,161.26006319547145,5105300,161.09231567382812,159.7994842529297,157.79605102539062,165.30639944637227,161.65486848010198,159.7599950465228,153.41420471321476,158.0033269117183,157.01640363428305,154.0951707979794,158.59546024069564,159.700783226813,0.010659686629575171,0.010603272719012602,0.047151517868637915,0.008093825732518933,158.06646728515625,160.26578369140626,158.8061993408203,0.02865275921674034,0.0183790187212496,2.792939358420597,1.5494460818723041,6957820.0
2024-06-20,162.83914184570312,164.1221199144609,160.91468227204555,162.80953593372055,4957200,162.80950927734375,160.70742797851562,157.1940460205078,163.0266293023062,161.75354370644547,159.30601968398312,160.2336899438856,159.44419218717107,156.74007867675624,161.26006319547145,159.87843231400046,157.8256638901745,0.0001820076019569683,0.0001819910405828834,0.010659686629575171,0.00568176881064808,158.84612426757812,160.46316452026366,159.01906188964844,0.028773173145354554,0.018261922697036047,3.207437642415357,0.029605911982571342,6791120.0
2024-06-21,162.089111328125,162.7601987906227,159.18761128494646,162.34570093573424,17195200,162.83914184570312,158.25990295410156,158.8915252685547,164.1221199144609,160.13501425696091,159.1086453276756,160.91468227204555,157.5197250620848,155.29919573440657,162.80953593372055,159.90803058658395,155.8716017940018,-0.004605959654889413,-0.004616599771597546,0.0001820076019569683,-0.015229694452836728,160.5337341308594,160.63241958618164,159.17515350341796,0.02099542163491614,0.018303275321369075,3.572587505676239,-0.2565896076092429,8613980.0
2024-06-24,158.4375457763672,162.60228144687272,157.11509816204398,161.950936316463,5519000,162.089111328125,158.94085693359375,158.70401000976562,162.7601987906227,160.8061044772287,159.62183844579573,159.18761128494646,157.095336623129,157.63815201580715,162.34570093573424,159.1480982945773,158.38820859986575,-0.022528136047126335,-0.02278577121679892,-0.004605959654889413,0.004302757469083485,161.45352478027343,160.39951095581054,159.23713134765626,0.02586117963400801,0.017922150334044356,5.487183284828745,-3.5133905400957985,8468300.0
2024-06-25,157.6381378173828,161.506798858695,156.34529626472738,157.49010827278744,6825500,158.4375457763672,153.65106201171875,163.09571838378906,162.60228144687272,158.52636941463447,164.09250087062642,157.11509816204398,152.16082756828578,159.6316914284216,161.950936316463,158.48688482782484,159.8685537642849,-0.005045571458880849,-0.0050583433336042136,-0.022528136047126335,-0.03328153014857027,160.76268920898437,160.02448654174805,159.3377947998047,0.012008224239120714,0.01763736569163472,5.161502593967612,0.14802954459537432,7920440.0
2024-06-26,158.53622436523438,158.91125262463643,155.45708935654272,156.4933413487622,3998000,157.6381378173828,153.83859252929688,165.1386260986328,161.506798858695,154.5491645779417,166.9347833083777,156.34529626472738,151.21342440841235,161.70420485327156,157.49010827278744,152.20032835831248,163.65827029610287,0.005697140046731386,0.0056809727203260005,-0.005045571458880849,0.0012204960715718194,159.9080322265625,159.63367233276367,159.4747769165039,0.010586980631934214,0.017594189225193423,3.4541632680937084,2.0428830164721887,7698980.0
2024-06-27,158.3980712890625,159.73039753844154,157.5098638287818,158.69414546214207,3339700,158.53622436523438,161.09231567382812,166.35250854492188,158.91125262463643,165.30639944637227,166.44132627620334,155.45708935654272,153.41420471321476,163.14507107101554,156.4933413487622,154.0951707979794,164.81294096688003,-0.000871429080167796,-0.0008718089952173939,0.005697140046731386,0.047151517868637915,159.0198181152344,159.4807014465332,159.5485974121094,0.010461340484188729,0.016390899532900436,2.2205337096597475,-0.2960741730795746,7375480.0
2024-06-28,156.8881072998047,159.50339649640136,155.8321129448663,158.16120664896965,8641200,158.3980712890625,162.80950927734375,161.45748901367188,159.73039753844154,163.0266293023062,165.23731781467336,157.5098638287818,160.2336899438856,161.25023256237594,158.69414546214207,161.26006319547145,164.41820080444367,-0.009532717014604675,-0.009578444196334334,-0.000871429080167796,0.010659686629575171,157.9796173095703,159.22262725830078,159.61373321533202,0.010590742403476296,0.01646590014807995,3.671283551535055,-1.2730993491649656,5664680.0
2024-07-01,156.8881072998047,159.286276443217,154.00634984539846,158.56584084435488,4435100,156.8881072998047,162.83914184570312,162.04959106445312,159.50339649640136,164.1221199144609,162.85885935939342,155.8321129448663,160.91468227204555,161.0528237084726,158.16120664896965,162.80953593372055,161.3390191670759,0.0,0.0,-0.009532717014604675,0.0001820076019569683,157.66972961425782,158.91816787719728,159.73275360107422,0.005712370890780145,0.01638344563726323,5.27992659781853,-1.6777335445501933,5447900.0
2024-07-02,159.3356170654297,160.8061091631179,156.17752788615817,156.74007028599067,5247300,156.8881072998047,162.089111328125,162.977294921875,159.286276443217,162.7601987906227,163.18455134834954,154.00634984539846,159.18761128494646,157.9737004253687,158.56584084435488,162.34570093573424,162.13842065803786,0.015600352427911801,0.01547991786281193,0.0,-0.004605959654889413,158.00922546386718,158.91767349243165,159.99704620361328,0.00926994449604534,0.016074634036907797,4.628581276959721,2.595546779439019,5132260.0
2024-07-03,160.8653106689453,162.33580267235803,159.42442457320917,159.7599832918038,2577300,159.3356170654297,158.4375457763672,159.3455047607422,160.8061091631179,162.60228144687272,164.605689112343,156.17752788615817,157.11509816204398,156.94732053675096,156.74007028599067,161.950936316463,163.94446532948658,0.009600449866067784,0.009554658393131346,0.015600352427911801,-0.022528136047126335,158.47504272460938,158.99761199951172,160.24989013671876,0.009790090766850904,0.016212262331672854,2.9113780991488625,1.1053273771415206,4848120.0
2024-07-05,158.3980712890625,161.1021933167175,157.5690756516061,161.1021933167175,4668300,160.8653106689453,157.6381378173828,159.26654052734375,162.33580267235803,161.506798858695,159.85867377369647,159.42442457320917,156.34529626472738,156.27622320933946,159.7599832918038,157.49010827278744,158.89151226338382,-0.015337299071024102,-0.015456132059608952,0.009600449866067784,-0.005045571458880849,158.47504272460938,158.89645385742188,160.20804595947266,0.012861018486859544,0.016510349742225674,3.5331176651113765,-2.7041220276549893,5113840.0
2024-07-08,161.3883819580078,161.63510791526753,158.54609411150955,158.6941387212398,3453300,158.3980712890625,158.53622436523438,160.42123413085938,161.1021933167175,158.91125262463643,160.80612605471717,157.5690756516061,155.45708935654272,158.4178203914253,161.1021933167175,156.4933413487622,159.71066210851285,0.018878453788040428,0.0187024672322014,-0.015337299071024102,0.005697140046731386,159.37509765625,159.0400489807129,160.2937091064453,0.013801706191289863,0.016824922536196833,3.089013803757979,2.694243236768017,4076260.0
2024-07-09,160.99362182617188,163.4115331260822,160.89492542251966,161.8324810213881,3829900,161.3883819580078,158.3980712890625,158.5164794921875,161.63510791526753,159.73039753844154,161.03308712976133,158.54609411150955,157.5098638287818,157.66774164348692,158.6941387212398,158.69414546214207,160.17448566453692,-0.002446025711681399,-0.002449022119763925,0.018878453788040428,-0.000871429080167796,160.19620056152343,159.099755859375,160.33061950683594,0.014096597416838719,0.016757011282432576,2.516607703562528,-0.8388591952162301,3955220.0
2024-07-10,163.52996826171875,163.8161788170606,160.4113484180921,161.01336038120385,3904600,160.99362182617188,156.8881072998047,159.7994842529297,163.4115331260822,159.50339649640136,161.65486848010198,160.89492542251966,155.8321129448663,158.0033269117183,161.8324810213881,158.16120664896965,158.59546024069564,0.015754328691887087,0.015631517448744706,-0.002446025711681399,-0.009532717014604675,161.03507080078126,159.24088287353516,160.3967419433594,0.014124976018961925,0.01706924772726097,3.4048303989684996,2.516607880514897,3686680.0
2024-07-11,160.06996154785156,163.7869957804075,159.94144205163025,163.30260398901558,4553800,163.52996826171875,156.8881072998047,160.70742797851562,163.8161788170606,159.286276443217,161.75354370644547,160.4113484180921,154.00634984539846,159.44419218717107,161.01336038120385,158.56584084435488,159.87843231400046,-0.021158242434987096,-0.021385286324217483,0.015754328691887087,0.0,160.8760009765625,159.33138580322264,160.35142517089844,0.01795667544598555,0.017414078656465864,3.845553728777247,-3.2326424411640176,4081980.0
2024-07-12,157.1931915283203,160.44560937120931,156.98559937589127,160.0304099819047,5983400,160.06996154785156,159.3356170654297,158.25990295410156,163.7869957804075,160.8061091631179,160.13501425696091,159.94144205163025,156.17752788615817,157.5197250620848,163.30260398901558,156.74007028599067,159.90803058658395,-0.017971954211229435,-0.018135411169131244,-0.021158242434987096,0.015600352427911801,160.63502502441406,159.24400253295897,160.30127380371093,0.018517545878043704,0.017878451692788393,3.460009995318046,-2.8372184535843985,4345000.0
2024-07-15,157.73692321777344,158.91332912527622,156.78790027495364,158.76504900435054,5383300,157.1931915283203,160.8653106689453,158.94085693359375,160.44560937120931,162.33580267235803,160.8061044772287,156.98559937589127,159.42442457320917,157.095336623129,160.0304099819047,159.7599832918038,159.1480982945773,0.003459002798827715,0.003453034208267482,-0.017971954211229435,0.009600449866067784,159.90473327636718,159.44829559326172,160.30384185791016,0.015303506119491238,0.016123653281569613,2.125428850322578,-1.0281257865771067,4731000.0
2024-07-16,160.9893341064453,161.99766905242342,157.8258842136956,158.05326716818314,6500700,157.73692321777344,158.3980712890625,153.65106201171875,158.91332912527622,161.1021933167175,158.52636941463447,156.78790027495364,157.5690756516061,152.16082756828578,158.76504900435054,161.1021933167175,158.48688482782484,0.02061921091348773,0.020409512627045198,0.003459002798827715,-0.015337299071024102,159.90387573242188,159.80583267211915,160.31342834472656,0.019077992129576057,0.016683796586004548,4.171784838727831,2.9360669382621722,5265160.0
2024-07-17,154.87005615234375,160.09960765315904,154.72176095409603,159.80303234111054,6041200,160.9893341064453,161.3883819580078,153.83859252929688,161.99766905242342,161.63510791526753,154.5491645779417,157.8258842136956,158.54609411150955,151.21342440841235,158.05326716818314,158.6941387212398,152.20032835831248,-0.03801045571165307,-0.03875169709862765,0.02061921091348773,0.018878453788040428,158.17189331054686,159.4947196960449,160.17161407470704,0.0228552465780305,0.015487182182825101,5.377846699063014,-4.932976188766787,5692480.0
2024-07-18,156.97572326660156,158.606880086911,154.63280675177788,155.57194942043876,5274800,154.87005615234375,160.99362182617188,161.09231567382812,160.09960765315904,163.4115331260822,165.30639944637227,154.72176095409603,160.89492542251966,153.41420471321476,159.80303234111054,161.8324810213881,154.0951707979794,0.013596347586950497,0.013504746611581821,-0.03801045571165307,-0.002446025711681399,157.55304565429688,159.20303039550782,159.9957241821289,0.024097342405830634,0.015625361314395327,3.974073335133113,1.4037738461628066,5836680.0
2024-07-19,157.3118438720703,158.60687387952902,155.81908692362282,157.83578707990554,5459800,156.97572326660156,163.52996826171875,162.80950927734375,158.606880086911,163.8161788170606,163.0266293023062,154.63280675177788,160.4113484180921,160.2336899438856,155.57194942043876,161.01336038120385,161.26006319547145,0.002141226671705798,0.002138937513031976,0.013596347586950497,0.015754328691887087,157.57677612304687,158.92666549682616,159.81056854248047,0.0227524997358324,0.015643951510849345,2.787786955906199,-0.5239432078352309,5731960.0
2024-07-22,160.9003143310547,161.07826551213088,157.94448743996006,158.14219924214413,6350500,157.3118438720703,160.06996154785156,162.83914184570312,158.60687387952902,163.7869957804075,164.1221199144609,155.81908692362282,159.94144205163025,160.91468227204555,157.83578707990554,163.30260398901558,162.80953593372055,0.02281119063039272,0.02255490554671877,0.002141226671705798,-0.021158242434987096,158.20945434570314,158.86722564697266,159.69560302734374,0.024951024067982212,0.016542861020126122,3.133778072170827,2.7581150889105572,5925400.0
2024-07-23,170.0347900390625,175.17537369777253,162.73910643013065,164.10334387490914,16428000,160.9003143310547,157.1931915283203,162.089111328125,161.07826551213088,160.44560937120931,162.7601987906227,157.94448743996006,156.98559937589127,159.18761128494646,158.14219924214413,160.0304099819047,162.34570093573424,0.05677102463089967,0.05521805582483232,0.02281119063039272,-0.017971954211229435,160.01854553222657,159.44708786010742,159.7901708984375,0.03435355865874937,0.020050323235382146,12.436267267641881,5.931446164153357,7910860.0
2024-07-24,160.4456329345703,170.89485681111222,160.19848932718017,169.54051466963782,7335200,170.0347900390625,157.73692321777344,158.4375457763672,175.17537369777253,158.91332912527622,162.60228144687272,162.73910643013065,156.78790027495364,157.11509816204398,164.10334387490914,158.76504900435054,161.950936316463,-0.056395265358867186,-0.05804791382541393,0.05677102463089967,0.003459002798827715,161.13366088867187,159.58746261596679,159.77427673339844,0.04126180865415029,0.024109683793205952,10.69636748393205,-9.094881735067503,8169660.0
2024-07-25,162.7885284423828,166.27819452044753,160.06994911284846,161.43418647614683,8791500,160.4456329345703,160.9893341064453,157.6381378173828,170.89485681111222,161.99766905242342,161.506798858695,160.19848932718017,157.8258842136956,156.34529626472738,169.54051466963782,158.05326716818314,157.49010827278744,0.01460242616119034,0.01449683739654912,-0.056395265358867186,0.02061921091348773,162.2962219238281,159.80007781982422,159.8818246459961,0.041299669202690965,0.02427951640448214,6.208245407599065,1.3543419662359781,8873000.0
2024-07-26,167.8697967529297,170.6476880774649,164.21207491901023,165.33904899939506,7297700,162.7885284423828,154.87005615234375,158.53622436523438,166.27819452044753,160.09960765315904,158.91125262463643,160.06994911284846,154.72176095409603,155.45708935654272,161.43418647614683,159.80303234111054,156.4933413487622,0.031213921270535572,0.030736672620116923,0.01460242616119034,-0.03801045571165307,164.4078125,160.27366409301757,160.08112854003906,0.042305361163789065,0.02515159444544057,6.435613158454657,2.5307477535346266,9240580.0
2024-07-29,167.92910766601562,170.75643070260764,166.47590227155894,169.29334499577817,4886600,167.8697967529297,156.97572326660156,158.3980712890625,170.6476880774649,158.606880086911,159.73039753844154,164.21207491901023,154.63280675177788,157.5098638287818,165.33904899939506,155.57194942043876,158.69414546214207,0.000353314975255703,0.00035325257421754783,0.031213921270535572,0.013596347586950497,165.81357116699218,160.82571411132812,160.2131268310547,0.042301727207738685,0.024984576788823827,4.280528431048708,-1.3642373297625454,8947800.0
2024-07-30,165.56642150878906,172.73358526900012,165.35882935061113,168.5321444440488,5329500,167.92910766601562,157.3118438720703,156.8881072998047,170.75643070260764,158.60687387952902,159.50339649640136,166.47590227155894,155.81908692362282,155.8321129448663,169.29334499577817,157.83578707990554,158.16120664896965,-0.014069545119751226,-0.014169459442853331,0.000353314975255703,0.002141226671705798,164.9198974609375,161.25962982177734,160.3442562866211,0.03334663316272406,0.025290560938597443,7.374755918388985,-2.9657229352597483,6728100.0
2024-07-31,168.2553253173828,169.7876183396662,166.04092877008358,168.9176682192586,5568800,165.56642150878906,160.9003143310547,156.8881072998047,172.73358526900012,161.07826551213088,159.286276443217,165.35882935061113,157.94448743996006,154.00634984539846,168.5321444440488,158.14219924214413,158.56584084435488,0.016240634931226072,0.016110166517595233,-0.014069545119751226,0.02281119063039272,166.4818359375,161.705615234375,160.55344177246093,0.01719018048323502,0.025307749193112905,3.746689569582628,-0.6623429018757747,6374820.0
2024-08-01,167.81048583984375,172.70392556173044,166.2979683818869,168.79906013050558,6112900,168.2553253173828,170.0347900390625,159.3356170654297,169.7876183396662,175.17537369777253,160.8061091631179,166.04092877008358,162.73910643013065,156.17752788615817,168.9176682192586,164.10334387490914,156.74007028599067,-0.002643835948133888,-0.002647337054656557,0.016240634931226072,0.05677102463089967,167.4862274169922,162.05287399291993,160.76577056884764,0.017675975509800455,0.025288598714822353,6.40595717984354,-0.9885742906618304,5839100.0
2024-08-02,158.4486846923828,165.51698477402002,156.55062388131384,163.67825109079865,8210700,167.81048583984375,160.4456329345703,160.8653106689453,172.70392556173044,170.89485681111222,162.33580267235803,166.2979683818869,160.19848932718017,159.42442457320917,168.79906013050558,169.54051466963782,159.7599832918038,-0.05578793899920964,-0.057404497173955404,-0.002643835948133888,-0.056395265358867186,165.6020050048828,162.05540466308594,160.7569137573242,0.027184519275512443,0.02823008405760113,8.966360892706177,-5.229566398415841,6021700.0
2024-08-05,156.55062866210938,158.073026465534,148.48385865538563,150.74770227730644,7064800,158.4486846923828,162.7885284423828,158.3980712890625,165.51698477402002,166.27819452044753,161.1021933167175,156.55062388131384,160.06994911284846,157.5690756516061,163.67825109079865,161.43418647614683,161.1021933167175,-0.011978995180416785,-0.012051321521409126,-0.05578793899920964,0.01460242616119034,163.32630920410156,161.81351699829102,160.71384613037108,0.026425176729517493,0.02800926752028037,9.589167810148382,5.80292638480293,6457340.0
2024-08-06,160.41595458984375,163.5596135979352,157.93462346282598,158.1026792823359,5056700,156.55062866210938,167.8697967529297,161.3883819580078,158.073026465534,170.6476880774649,161.63510791526753,148.48385865538563,164.21207491901023,158.54609411150955,150.74770227730644,165.33904899939506,158.6941387212398,0.02469058068158314,0.02439069451192243,-0.011978995180416785,0.031213921270535572,162.2962158203125,161.7846336364746,160.66025085449218,0.03147361792960794,0.028594097715133267,5.624990135109215,2.313275307507837,6402780.0
2024-08-07,160.27755737304688,164.37025440453326,159.72395817411297,162.5413859010688,4307500,160.41595458984375,167.92910766601562,160.99362182617188,163.5596135979352,170.75643070260764,163.4115331260822,157.93462346282598,166.47590227155894,160.89492542251966,158.1026792823359,169.29334499577817,161.8324810213881,-0.0008627397265486003,-0.0008631121006565121,0.02469058068158314,0.000353314975255703,160.7006622314453,161.62201309204102,160.56302947998046,0.029322157014789674,0.02835916798897176,4.64629623042029,-2.263828528021918,6150520.0
2024-08-08,163.71778869628906,164.42956339152312,161.69120838581563,162.600694922071,3842700,160.27755737304688,165.56642150878906,163.52996826171875,164.37025440453326,172.73358526900012,163.8161788170606,159.72395817411297,165.35882935061113,160.4113484180921,162.5413859010688,168.5321444440488,161.01336038120385,0.02146421108249763,0.021237099010771195,-0.0008627397265486003,-0.014069545119751226,159.8821228027344,161.80440444946288,160.51033508300782,0.032503260795939064,0.028335936097546473,2.73835500570749,1.1170937742180627,5696480.0
2024-08-09,165.22042846679688,165.96185919574935,162.68968065881717,163.55961579003096,2770100,163.71778869628906,168.2553253173828,160.06996154785156,164.42956339152312,169.7876183396662,163.7869957804075,161.69120838581563,166.04092877008358,159.94144205163025,162.600694922071,168.9176682192586,163.30260398901558,0.009178231531671521,0.009136367528022616,0.02146421108249763,0.016240634931226072,161.2364715576172,162.2057662963867,160.58559387207032,0.015311072736888367,0.028001751644242633,3.272178536932188,1.6608126767659144,4608360.0
2024-08-12,164.96337890625,166.851559328402,162.73908686214463,165.71470498408203,3173700,165.22042846679688,167.81048583984375,157.1931915283203,165.96185919574935,172.70392556173044,160.44560937120931,162.68968065881717,166.2979683818869,156.98559937589127,163.55961579003096,168.79906013050558,160.0304099819047,-0.0015557976875634205,-0.001557009197525049,0.009178231531671521,-0.002643835948133888,162.9190216064453,162.56708908081055,160.64386962890626,0.012224497217610566,0.02801864362426767,4.112472466257373,-0.751326077832033,3830140.0
2024-08-13,166.0409393310547,166.7032822750585,164.35047070945825,165.8432124115165,2942400,164.96337890625,158.4486846923828,157.73692321777344,166.851559328402,165.51698477402002,158.91332912527622,162.73908686214463,156.55062388131384,156.78790027495364,165.71470498408203,163.67825109079865,158.76504900435054,0.006532119019076799,0.006510877182262682,-0.0015557976875634205,-0.05578793899920964,164.0440185546875,162.819669342041,160.70514251708985,0.00934330579477292,0.02771777203642989,2.3528115656002626,0.19772691953818367,3407280.0
2024-08-14,166.0310516357422,167.24699380818365,163.72767169318445,166.57477052080034,4456000,166.0409393310547,156.55062866210938,160.9893341064453,166.7032822750585,158.073026465534,161.99766905242342,164.35047070945825,148.48385865538563,157.8258842136956,165.8432124115165,150.74770227730644,158.05326716818314,-5.954974328825635e-05,-5.9551516444613555e-05,0.006532119019076799,-0.011978995180416785,165.19471740722656,163.37771911621093,160.83885345458984,0.009180868422983778,0.026092045147666585,3.5193221149991984,-0.5437188850581549,3436980.0
2024-08-15,167.9983367919922,168.79907964649604,166.2979876087094,166.821930836581,4162500,166.0310516357422,160.41595458984375,154.87005615234375,167.24699380818365,163.5596135979352,160.09960765315904,163.72767169318445,157.93462346282598,154.72176095409603,166.57477052080034,158.1026792823359,159.80303234111054,0.01184889896720076,0.01177925039657962,-5.954974328825635e-05,0.02469058068158314,166.0508270263672,163.92884979248046,161.0134893798828,0.00581187923951565,0.02606046356283846,2.501092037786634,1.1764059554111839,3500940.0
2024-08-16,167.4842529296875,168.38385914594824,166.9306537456644,168.1070595539367,3305600,167.9983367919922,160.27755737304688,156.97572326660156,168.79907964649604,164.37025440453326,158.606880086911,166.2979876087094,159.72395817411297,154.63280675177788,166.821930836581,162.5413859010688,155.57194942043876,-0.0030600532845822537,-0.0030647448209800174,0.01184889896720076,-0.0008627397265486003,166.50359191894532,164.43747024536134,161.15474975585937,0.006270649395803744,0.026103014892867097,1.4532054002838493,-0.6228066242491934,3608040.0
2024-08-19,168.9770050048828,169.04621244934418,166.1002651343985,167.6720947176075,4506000,167.4842529296875,163.71778869628906,157.3118438720703,168.38385914594824,164.42956339152312,158.60687387952902,166.9306537456644,161.69120838581563,155.81908692362282,168.1070595539367,162.600694922071,157.83578707990554,0.008912790600212439,0.008873306119910893,-0.0030600532845822537,0.02146421108249763,167.3063171386719,164.84130477905273,161.36396026611328,0.00622478616692723,0.025743384880063686,2.94594731494567,1.3049102872753053,3874500.0
2024-08-20,168.0477752685547,168.95726194745606,167.2569126959821,168.95726194745606,2573900,168.9770050048828,165.22042846679688,160.9003143310547,169.04621244934418,165.96185919574935,161.07826551213088,166.1002651343985,162.68968065881717,157.94448743996006,167.6720947176075,163.55961579003096,158.14219924214413,-0.0054991490487198424,-0.005514325031080403,0.008912790600212439,0.009178231531671521,167.7076843261719,164.74195404052733,161.52892608642577,0.007582086938524869,0.022419528855377135,1.7003492514739662,-0.9094866789013736,3800800.0
2024-08-21,169.24391174316406,170.22260569933837,167.90934553141318,168.15648909852774,4102900,168.0477752685547,164.96337890625,170.0347900390625,168.95726194745606,166.851559328402,175.17537369777253,167.2569126959821,162.73908686214463,162.73910643013065,168.95726194745606,165.71470498408203,164.10334387490914,0.0071178358219730065,0.007092623595542408,-0.0054991490487198424,-0.0015557976875634205,168.35025634765626,165.18186798095704,161.69965576171876,0.007672147997349719,0.018154718251817848,2.3132601679251934,1.0874226446363195,3730180.0
2024-08-22,167.74131774902344,170.01504216782286,166.84172639766746,169.7777939364543,2996600,169.24391174316406,166.0409393310547,160.4456329345703,170.22260569933837,166.7032822750585,170.89485681111222,167.90934553141318,164.35047070945825,160.19848932718017,168.15648909852774,165.8432124115165,169.54051466963782,-0.008878275021324766,-0.00891792174244147,0.0071178358219730065,0.006532119019076799,168.2988525390625,165.42950744628905,161.88928405761717,0.007876133424488285,0.018112653828807328,3.173315770155398,-2.03647618743085,3497000.0
2024-08-23,169.2637176513672,169.4218931828085,166.92080104413242,168.05765562191283,4058000,167.74131774902344,166.0310516357422,162.7885284423828,170.01504216782286,167.24699380818365,166.27819452044753,166.84172639766746,163.72767169318445,160.06994911284846,169.7777939364543,166.57477052080034,161.43418647614683,0.009075878994950992,0.00903494071930271,-0.008878275021324766,-5.954974328825635e-05,168.65474548339844,165.49920349121095,162.09574127197266,0.008638790032559473,0.01684332875981859,2.5010921386760856,1.2060620294543583,3647480.0
2024-08-26,169.2637176513672,169.96559705990848,167.6424561652161,168.5914791849661,3707300,169.2637176513672,167.9983367919922,167.8697967529297,169.4218931828085,168.79907964649604,170.6476880774649,166.92080104413242,166.2979876087094,164.21207491901023,168.05765562191283,166.821930836581,165.33904899939506,0.0,0.0,0.009075878994950992,0.01184889896720076,168.71208801269532,165.56593399047853,162.40799438476563,0.00776916648551219,0.01684373221190947,2.3231408946923864,0.6722384664010974,3487740.0
2024-08-27,169.03631591796875,169.54048335351746,167.6621983180732,168.74962093906086,3206000,169.2637176513672,167.4842529296875,167.92910766601562,169.96559705990848,168.38385914594824,170.75643070260764,167.6424561652161,166.9306537456644,166.47590227155894,168.5914791849661,168.1070595539367,169.29334499577817,-0.0013434759472010782,-0.001344379220119031,0.0,-0.0030600532845822537,168.90979614257813,165.7394287109375,162.71194885253905,0.007185593066219722,0.016499916157176327,1.8782850354442644,0.28669497890788875,3614160.0
2024-08-28,169.90626525878906,171.19141490459313,168.34431600735917,169.24392226786674,4578700,169.03631591796875,168.9770050048828,165.56642150878906,169.54048335351746,169.04621244934418,172.73358526900012,167.6621983180732,166.1002651343985,165.35882935061113,168.74962093906086,167.6720947176075,168.5321444440488,0.005146523314211837,0.0051333252265761495,-0.0013434759472010782,0.008912790600212439,169.04226684570312,165.8219757080078,162.8882278442383,0.006824330269334685,0.016149340205573983,2.8470988972339626,0.6623429909223262,3709320.0
2024-08-29,171.59674072265625,173.9594328603829,170.51919828108103,170.64770269158277,4262500,169.90626525878906,168.0477752685547,168.2553253173828,171.19141490459313,168.95726194745606,169.7876183396662,168.34431600735917,167.2569126959821,166.04092877008358,169.24392226786674,168.95726194745606,168.9176682192586,0.009949459257976079,0.009900289262471022,0.005146523314211837,-0.0054991490487198424,169.8133514404297,166.01128845214845,163.06397247314453,0.005133904724939588,0.016260718905923666,3.4402345793018583,0.949038031073485,3962500.0
2024-08-30,172.6248779296875,172.82260490133268,169.8074495971447,171.9724302103887,5295600,171.59674072265625,169.24391174316406,167.81048583984375,173.9594328603829,170.22260569933837,172.70392556173044,170.51919828108103,167.90934553141318,166.2979683818869,170.64770269158277,168.15648909852774,168.79906013050558,0.005991589366449501,0.005973711171872392,0.009949459257976079,0.0071178358219730065,170.48558349609374,166.72009811401367,163.2596871948242,0.004615643162195616,0.009184670964850252,3.015155304187971,0.6524477192988059,4210020.0
2024-09-03,162.3338165283203,172.7533845592881,161.73078551246073,172.19978528265284,6099600,172.6248779296875,167.74131774902344,158.4486846923828,172.82260490133268,170.01504216782286,165.51698477402002,169.8074495971447,166.84172639766746,156.55062388131384,171.9724302103887,169.7777939364543,163.67825109079865,-0.059615169752988195,-0.06146609361709718,0.005991589366449501,-0.008878275021324766,169.09960327148437,167.0092575073242,163.26458129882812,0.029151374206906954,0.016721685317134853,11.022599046827366,-9.865968754332528,4688480.0
2024-09-04,164.45921325683594,164.7162371320972,161.53302683214525,161.63189029117817,4112400,162.3338165283203,169.2637176513672,156.55062866210938,172.7533845592881,169.4218931828085,158.073026465534,161.73078551246073,166.92080104413242,148.48385865538563,172.19978528265284,168.05765562191283,150.74770227730644,0.013092754017428154,0.013007784764312691,-0.059615169752988195,0.009075878994950992,168.1841827392578,167.21142044067383,163.3850146484375,0.03064873570610093,0.016080424911994143,3.183210299951952,2.827322965657771,4869760.0
2024-09-05,161.9779052734375,164.10333398708187,160.65320424574782,162.89727213295117,3144200,164.45921325683594,169.2637176513672,160.41595458984375,164.7162371320972,169.96559705990848,163.5596135979352,161.53302683214525,167.6424561652161,157.93462346282598,161.63189029117817,168.5914791849661,158.1026792823359,-0.015087680004423842,-0.015202657005056748,0.013092754017428154,0.0,166.5985107421875,167.29643783569335,163.47180999755858,0.03029350289306283,0.016493739204366628,3.4501297413340524,-0.9193668595136728,4582860.0
2024-09-06,159.38783264160156,164.1428726849643,158.75514568315,162.6303551892216,3954900,161.9779052734375,169.03631591796875,160.27755737304688,164.10333398708187,169.54048335351746,164.37025440453326,160.65320424574782,167.6621983180732,159.72395817411297,162.89727213295117,168.74962093906086,162.5413859010688,-0.01599028353566856,-0.016119507523014363,-0.015087680004423842,-0.0013434759472010782,164.15672912597657,167.07994003295897,163.48884216308593,0.028368342005612147,0.016129642115083893,5.387727001814284,-3.242522547620041,4521340.0
2024-09-09,163.4607696533203,164.47899999496568,161.0486459018488,161.62202081690737,3716000,159.38783264160156,169.90626525878906,163.71778869628906,164.1428726849643,171.19141490459313,164.42956339152312,158.75514568315,168.34431600735917,161.69120838581563,162.6303551892216,169.24392226786674,162.600694922071,0.025553625670267532,0.02523258938179876,-0.01599028353566856,0.005146523314211837,162.32390747070312,166.99195709228516,163.59009613037108,0.03286309024053301,0.017072879942242932,3.4303540931168754,1.8387488364129467,4205420.0
2024-09-10,165.07212829589844,165.81355900250796,162.37332474748476,165.53675941212944,3473200,163.4607696533203,171.59674072265625,165.22042846679688,164.47899999496568,173.9594328603829,165.96185919574935,161.0486459018488,170.51919828108103,162.68968065881717,161.62202081690737,170.64770269158277,163.55961579003096,0.009857769824500373,0.009809498980885251,0.025553625670267532,0.009949459257976079,162.87156982421874,166.99739456176758,163.75377655029297,0.018331506229235194,0.017222083669309853,3.4402342550231992,-0.46463111623100417,3680140.0
2024-09-11,164.44932556152344,164.82497350320216,160.37638956647325,164.3405817952478,4258000,165.07212829589844,172.6248779296875,164.96337890625,165.81355900250796,172.82260490133268,166.851559328402,162.37332474748476,169.8074495971447,162.73908686214463,165.53675941212944,171.9724302103887,165.71470498408203,-0.0037729127309644728,-0.003780048119321492,0.009857769824500373,0.005991589366449501,162.86959228515624,166.917813873291,163.90500091552735,0.017661134592597574,0.017176044396043377,4.448583936728909,0.1087437662756372,3709260.0
2024-09-12,167.7610626220703,169.0165562585705,164.3307084526322,164.60750806130898,5148500,164.44932556152344,162.3338165283203,166.0409393310547,164.82497350320216,172.7533845592881,166.7032822750585,160.37638956647325,161.73078551246073,164.35047070945825,164.3405817952478,172.19978528265284,165.8432124115165,0.020138343828645766,0.01993824930365416,-0.0037729127309644728,-0.059615169752988195,164.0262237548828,167.00431442260742,164.07350982666014,0.017099013189401584,0.017776563122716645,4.685847805938295,3.153554560761336,4110120.0
2024-09-13,176.24302673339844,177.2711524628166,167.27666558798393,167.4743774330422,7360800,167.7610626220703,164.45921325683594,166.0310516357422,169.0165562585705,164.7162371320972,167.24699380818365,164.3307084526322,161.53302683214525,163.72767169318445,164.60750806130898,161.63189029117817,166.57477052080034,0.05055979008929001,0.04932315552267342,0.020138343828645766,0.013092754017428154,167.3972625732422,167.41654891967772,164.38106414794922,0.02019707234072076,0.020892035159509607,9.99448687483266,8.76864930035623,4791300.0
2024-09-16,179.366943359375,179.4460311223068,174.24612007179135,176.67801975748714,6844600,176.24302673339844,161.9779052734375,167.9983367919922,177.2711524628166,164.10333398708187,168.79907964649604,167.27666558798393,160.65320424574782,166.2979876087094,167.4743774330422,162.89727213295117,166.821930836581,0.017725050936069575,0.017569794159010246,0.05055979008929001,-0.015087680004423842,170.57849731445313,168.01068344116212,164.80044158935547,0.020006743828998867,0.02111109089208974,5.199911050515453,2.688923601887865,5417020.0
2024-09-17,178.2696075439453,180.34560454906932,176.94492158575468,179.43611799190353,5936900,179.366943359375,159.38783264160156,167.4842529296875,179.4460311223068,164.1428726849643,168.38385914594824,174.24612007179135,158.75514568315,166.9306537456644,176.67801975748714,162.6303551892216,168.1070595539367,-0.006117826366874635,-0.006136616944127882,0.017725050936069575,-0.01599028353566856,173.2179931640625,168.47531356811524,165.13806610107423,0.022881304373667918,0.02118117834679175,3.4006829633146367,-1.166510447958217,5909760.0
2024-09-18,181.45281982421875,183.6474560258657,178.36845768208286,179.12966413368576,5686500,178.2696075439453,163.4607696533203,168.9770050048828,180.34560454906932,164.47899999496568,169.04621244934418,176.94492158575468,161.0486459018488,166.1002651343985,179.43611799190353,161.62202081690737,167.6720947176075,0.017856169226651453,0.017698620549688713,-0.006117826366874635,0.025553625670267532,176.61869201660156,169.14556579589845,165.54725006103516,0.02016077223740677,0.021337262094390397,5.278998343782831,2.3231556905329853,6195460.0
2024-09-19,184.03298950195312,185.84208222400915,182.17446504956737,185.50595550843457,5021500,181.45281982421875,165.07212829589844,168.0477752685547,183.6474560258657,165.81355900250796,168.95726194745606,178.36845768208286,162.37332474748476,167.2569126959821,179.12966413368576,165.53675941212944,168.95726194745606,0.01421950719880738,0.014119358268752375,0.017856169226651453,0.009857769824500373,179.87307739257812,169.8850196838379,165.95731048583986,0.02032607810113381,0.021449571019326538,3.667617174441773,-1.4729660064814425,6170060.0
2024-09-20,185.2884826660156,185.69380176865877,182.21403092711304,182.88625424271368,9895700,184.03298950195312,164.44932556152344,169.24391174316406,185.84208222400915,164.82497350320216,170.22260569933837,182.17446504956737,160.37638956647325,167.90934553141318,185.50595550843457,164.3405817952478,168.15648909852774,0.0068221092721485466,0.0067989439824334705,0.01421950719880738,-0.0037729127309644728,181.68216857910156,170.7623779296875,166.46168090820314,0.01011227418883115,0.021223448097359057,3.4797708415457294,2.4022284233019207,6677040.0
2024-09-23,186.51431274414065,187.61163082859787,185.25881915025155,185.66413823650305,3972500,185.2884826660156,167.7610626220703,167.74131774902344,185.69380176865877,169.0165562585705,170.01504216782286,182.21403092711304,164.3307084526322,166.84172639766746,182.88625424271368,164.60750806130898,169.7777939364543,0.006615792090729267,0.006594003783382142,0.0068221092721485466,0.020138343828645766,183.11164245605468,171.62490768432616,167.04810333251953,0.009197415367639083,0.021206943652930316,2.3528116783463133,0.8501745076376039,6102620.0
2024-09-24,187.49302673339844,187.63142654779884,184.8634151753425,186.5143326344217,3648900,186.51431274414065,176.24302673339844,169.2637176513672,187.61163082859787,177.2711524628166,169.4218931828085,185.25881915025155,167.27666558798393,166.92080104413242,185.66413823650305,167.4743774330422,168.05765562191283,0.0052473934834180724,0.005233673888047984,0.006615792090729267,0.05055979008929001,184.95632629394532,172.53637313842773,167.64322540283203,0.005557583598473119,0.021173219170199913,2.7680113724563284,0.9786940989767459,5645020.0
2024-09-25,187.1667938232422,188.69908716718157,186.04969991907927,187.6610810255163,3214800,187.49302673339844,179.366943359375,169.2637176513672,187.63142654779884,179.4460311223068,169.96559705990848,184.8634151753425,174.24612007179135,167.6424561652161,186.5143326344217,176.67801975748714,168.5914791849661,-0.0017399735650975856,-0.0017414890773238172,0.0052473934834180724,0.017725050936069575,186.09912109375,173.4428970336914,168.16677459716797,0.005674892166932358,0.021179993326818518,2.6493872481023004,-0.4942872022741085,5150680.0
2024-09-26,182.75119018554688,187.661787445803,182.6917902968272,187.51327261721624,4781500,187.1667938232422,178.2696075439453,169.03631591796875,188.69908716718157,180.34560454906932,169.54048335351746,186.04969991907927,176.94492158575468,167.6621983180732,187.6610810255163,179.43611799190353,168.74962093906086,-0.023591811065938106,-0.02387455363444804,-0.0017399735650975856,-0.006117826366874635,185.84276123046874,174.08514328002929,168.72439727783203,0.012928755840810154,0.022145414033007557,4.969997148975779,-4.76208243166937,5102680.0
2024-09-27,183.5333404541016,184.33526921541727,181.30575384742963,182.33538723197103,4452800,182.75119018554688,181.45281982421875,169.90626525878906,187.661787445803,183.6474560258657,171.19141490459313,182.6917902968272,178.36845768208286,168.34431600735917,187.51327261721624,179.12966413368576,169.24392226786674,0.004279864157166857,0.00427073158673316,-0.023591811065938106,0.017856169226651453,185.49173278808593,174.68197326660157,169.25554962158202,0.012573141692990413,0.022099948431869534,3.029515367987642,1.1979532221305647,4014100.0
2024-09-30,186.7014617919922,186.8301716309227,181.26614499876155,183.23632704850337,5628400,183.5333404541016,184.03298950195312,171.59674072265625,184.33526921541727,185.84208222400915,173.9594328603829,181.30575384742963,182.17446504956737,170.51919828108103,182.33538723197103,185.50595550843457,170.64770269158277,0.01726183008521498,0.017114537308781635,0.004279864157166857,0.01421950719880738,185.52916259765624,175.38580245971679,169.84334197998047,0.01502497474524169,0.02230679855565423,5.564026632161159,3.465134743488818,4345280.0
2024-10-01,184.4441680908203,186.34504012091165,183.07791018205955,185.6223162751241,3794000,186.7014617919922,185.2884826660156,172.6248779296875,186.8301716309227,185.69380176865877,172.82260490133268,181.26614499876155,182.21403092711304,169.8074495971447,183.23632704850337,182.88625424271368,171.9724302103887,-0.012090391149088942,-0.012164074436941159,0.01726183008521498,0.0068221092721485466,184.9193908691406,176.4913200378418,170.31421905517578,0.01558547955499474,0.017071985776571454,3.2671299388520936,-1.1781481843037795,4374300.0
2024-10-02,184.5827789306641,186.32524123875476,182.8898064617601,183.72145027649265,2879800,184.4441680908203,186.51431274414065,162.3338165283203,186.34504012091165,187.61163082859787,172.7533845592881,183.07791018205955,185.25881915025155,161.73078551246073,185.6223162751241,185.66413823650305,172.19978528265284,0.0007515056793530039,0.0007512234403539093,-0.012090391149088942,0.006615792090729267,184.40258789062503,177.49749832153321,170.6051788330078,0.015682401019197115,0.017045762415645437,3.4354347769946685,0.8613286541714444,4307300.0
2024-10-03,182.0581817626953,184.8500976238558,181.87007202792063,184.64218288889728,3999500,184.5827789306641,187.49302673339844,164.45921325683594,186.32524123875476,187.63142654779884,164.7162371320972,182.8898064617601,184.8634151753425,161.53302683214525,183.72145027649265,186.5143326344217,161.63189029117817,-0.013677316933867978,-0.013771713145983345,0.0007515056793530039,0.0052473934834180724,184.2639862060547,178.5015121459961,171.0374298095703,0.012724827023732855,0.01695694433473797,2.9800255959351603,-2.5840011262019686,4150900.0
2024-10-04,185.2163848876953,185.29558977216888,183.01849844061144,184.72136568982572,3978300,182.0581817626953,187.1667938232422,161.9779052734375,184.8500976238558,188.69908716718157,164.10333398708187,181.87007202792063,186.04969991907927,160.65320424574782,184.64218288889728,187.6610810255163,162.89727213295117,0.017347218863893676,0.01719847360973629,-0.013677316933867978,-0.0017399735650975856,184.60059509277343,179.79293975830078,171.48598693847657,0.015118726439973987,0.016308126054078134,2.2770913315574433,0.4950191978695955,4056000.0
2024-10-07,184.10757446289065,185.36491253806835,182.9591261251379,184.08776946209093,2514200,185.2163848876953,182.75119018554688,159.38783264160156,185.29558977216888,187.661787445803,164.1428726849643,183.01849844061144,182.6917902968272,158.75514568315,184.72136568982572,187.51327261721624,162.6303551892216,-0.005986567686638411,-0.006004559023144166,0.017347218863893676,-0.023591811065938106,184.08181762695312,180.8252799987793,171.8107424926758,0.012582542435384219,0.01600920224364071,2.405786412930439,0.01980500079972103,3433160.0
2024-10-08,185.6025238037109,187.9885202786194,184.7015851188102,185.75102353999608,3627200,184.10757446289065,183.5333404541016,163.4607696533203,185.36491253806835,184.33526921541727,164.47899999496568,182.9591261251379,181.30575384742963,161.0486459018488,184.08776946209093,182.33538723197103,161.62202081690737,0.008119977383774568,0.008087187748557927,-0.005986567686638411,0.004279864157166857,184.31348876953126,181.85179977416993,172.1642108154297,0.012059639930391263,0.015992356531860447,3.286935159809218,-0.14849973628517432,3399800.0
2024-10-09,187.39450073242188,187.53310552899416,184.642194695636,184.7709045448781,2312600,185.6025238037109,186.7014617919922,165.07212829589844,187.9885202786194,186.8301716309227,165.81355900250796,184.7015851188102,181.26614499876155,162.37332474748476,185.75102353999608,183.23632704850337,165.53675941212944,0.00965491681894437,0.009608605955969041,0.008119977383774568,0.01726183008521498,184.8758331298828,182.99905853271486,172.60077239990235,0.012601528475182488,0.015841701207457558,2.890910833358163,2.623596187543768,3286360.0
2024-10-10,186.24603271484372,187.85980026007752,185.52330885942243,186.27573266049205,2300900,187.39450073242188,184.4441680908203,164.44932556152344,187.53310552899416,186.34504012091165,164.82497350320216,184.642194695636,183.07791018205955,160.37638956647325,184.7709045448781,185.6223162751241,164.3405817952478,-0.006128611101656745,-0.006147468123052176,0.00965491681894437,-0.012090391149088942,185.7134033203125,183.9233070373535,172.96058654785156,0.010339396930312916,0.01575491461589704,2.336491400655092,-0.029699945648332005,2946640.0
2024-10-11,189.2557678222656,189.8596919260138,187.1766808797125,187.5232004057344,2983900,186.24603271484372,184.5827789306641,167.7610626220703,187.85980026007752,186.32524123875476,169.0165562585705,185.52330885942243,182.8898064617601,164.3307084526322,186.27573266049205,183.72145027649265,164.60750806130898,0.016159995805279825,0.016030812944516148,-0.006128611101656745,0.0007515056793530039,186.52127990722653,184.57394409179688,173.3894921875,0.009980929604503298,0.011987571259322378,2.6830110463012886,1.7325674165311966,2747760.0
2024-10-14,190.71112060546875,191.9981585667735,189.75078205436137,190.06758651802775,3132900,189.2557678222656,182.0581817626953,176.24302673339844,189.8596919260138,184.8500976238558,177.2711524628166,187.1766808797125,181.87007202792063,167.27666558798393,187.5232004057344,184.64218288889728,167.4743774330422,0.007689872810481058,0.007660456447707417,0.016159995805279825,-0.013677316933867978,187.84198913574215,185.14115295410156,174.0347409057617,0.008139342363735253,0.011569564386874545,2.2473765124121314,0.6435340874409974,2871500.0
2024-10-15,188.6716461181641,192.39418547763984,187.8697022352926,191.9189712226999,3824300,190.71112060546875,185.2163848876953,179.366943359375,191.9981585667735,185.29558977216888,179.4460311223068,189.75078205436137,183.01849844061144,174.24612007179135,190.06758651802775,184.72136568982572,176.67801975748714,-0.010694051195492715,-0.010751643525878547,0.007689872810481058,0.017347218863893676,188.4558135986328,185.6612548828125,174.6771612548828,0.01128894354645974,0.011805037835903203,4.52448324234723,-3.247325104535804,2910920.0
2024-10-16,190.2655792236328,190.3051892208415,188.02809779854607,188.602321903771,2912800,188.6716461181641,184.10757446289065,178.2696075439453,192.39418547763984,185.36491253806835,180.34560454906932,187.8697022352926,182.9591261251379,176.94492158575468,191.9189712226999,184.08776946209093,179.43611799190353,0.008448185714510892,0.008412699516164216,-0.010694051195492715,-0.005986567686638411,189.030029296875,186.1018928527832,175.2741537475586,0.011131896777125415,0.011356889365285058,2.2770914222954275,1.663257319861799,3030960.0
2024-10-17,190.70118713378903,192.859478648804,190.28537282872088,192.15654475492104,2633300,190.2655792236328,185.6025238037109,181.45281982421875,190.3051892208415,187.9885202786194,183.6474560258657,188.02809779854607,184.7015851188102,178.36845768208286,188.602321903771,185.75102353999608,179.12966413368576,0.0022894730194167323,0.0022868561694405812,0.008448185714510892,0.008119977383774568,189.92106018066403,186.435302734375,175.88262634277345,0.009963385810896917,0.011013487753332257,2.574105820083105,-1.4553576211320092,3097440.0
2024-10-18,190.6913146972656,191.51304845908177,189.23595690434635,191.17643899716825,3075900,190.70118713378903,187.39450073242188,184.03298950195312,192.859478648804,187.53310552899416,185.84208222400915,190.28537282872088,184.642194695636,182.17446504956737,192.15654475492104,184.7709045448781,185.50595550843457,-5.176914035942559e-05,-5.177048042762202e-05,0.0022894730194167323,0.00965491681894437,190.20816955566406,186.7054443359375,176.42209686279296,0.00771866805239499,0.01095690614519123,2.2770915547354207,-0.48512429990265105,3115840.0
2024-10-21,192.2951812744141,192.45359106634476,190.1072045621801,190.9883382579592,4728800,190.6913146972656,186.24603271484372,185.2884826660156,191.51304845908177,187.85980026007752,185.69380176865877,189.23595690434635,185.52330885942243,182.21403092711304,191.17643899716825,186.27573266049205,182.88625424271368,0.008410800353937153,0.008375626660960893,-5.176914035942559e-05,-0.006128611101656745,190.5249816894531,186.99448776245117,176.96359191894533,0.007867649499431731,0.011008288121638135,2.3463865041646557,1.3068430164548772,3435020.0
2024-10-23,179.88009643554688,183.13731643460943,177.83070950121163,177.90991439356546,9788600,174.90020751953125,190.71112060546875,187.49302673339844,183.1571251011653,191.9981585667735,187.63142654779884,173.999268846107,189.75078205436137,184.8634151753425,182.66210584413508,190.06758651802775,186.5143326344217,0.028472744467495925,0.02807492948506051,-0.09045974859900108,0.007689872810481058,185.69359741210937,186.00051193237306,177.43911163330077,0.04621287945228104,0.024342632393334503,5.306606933397802,1.9701820419814169,7172560.0
2024-10-24,177.94952392578125,180.39492020867465,177.84061908742933,180.08799558656395,4366800,179.88009643554688,188.6716461181641,187.1667938232422,183.13731643460943,192.39418547763984,188.69908716718157,177.83070950121163,187.8697022352926,186.04969991907927,177.90991439356546,191.9189712226999,187.6610810255163,-0.010732552116778371,-0.010790561385943752,0.028472744467495925,-0.010694051195492715,183.1432647705078,185.76042861938475,177.67748107910157,0.04569228538586749,0.02389947567253488,2.5543011212453166,-2.138471660782699,7519260.0
2024-10-25,177.31590270996094,179.61278419149394,176.52386888271934,178.20693132386478,3974900,177.94952392578125,190.2655792236328,182.75119018554688,180.39492020867465,190.3051892208415,187.661787445803,177.84061908742933,188.02809779854607,182.6917902968272,180.08799558656395,188.602321903771,187.51327261721624,-0.003560679465962391,-0.0035670337733441546,-0.010732552116778371,0.008448185714510892,180.4681823730469,185.44955673217774,177.86383239746092,0.04547257117942872,0.02387179289405763,3.0889153087746024,-0.8910286139038419,7699060.0
2024-10-28,173.61314392089844,178.7811458600117,173.46464419549378,178.1871167448172,5687400,177.31590270996094,190.70118713378903,183.5333404541016,179.61278419149394,192.859478648804,184.33526921541727,176.52386888271934,190.28537282872088,181.30575384742963,178.20693132386478,192.15654475492104,182.33538723197103,-0.02088227131617837,-0.02110338966335759,-0.003560679465962391,0.0022894730194167323,176.73177490234374,184.79514083862304,177.98641021728517,0.04378780683061073,0.023822785412019508,5.316501664517915,-4.573972823918751,7890780.0
2024-10-29,172.31617736816406,173.1577008992936,171.04892949216855,172.82109148684177,5219300,173.61314392089844,190.6913146972656,186.7014617919922,178.7811458600117,191.51304845908177,186.8301716309227,173.46464419549378,189.23595690434635,181.26614499876155,178.1871167448172,191.17643899716825,183.23632704850337,-0.007470439872486301,-0.007498483360519176,-0.02088227131617837,-5.176914035942559e-05,176.2149688720703,184.18874130249023,178.05319366455078,0.018643122779516682,0.02375583704767784,2.108771407125033,-0.5049141186777035,5807400.0
2024-10-30,172.90029907226562,174.77147097365523,170.79151252536474,171.25683176441598,3694000,172.31617736816406,192.2951812744141,184.4441680908203,173.1577008992936,192.45359106634476,186.34504012091165,171.04892949216855,190.1072045621801,183.07791018205955,172.82109148684177,190.9883382579592,185.6223162751241,0.0033898251053559036,0.0033840925993756394,-0.007470439872486301,0.008410800353937153,174.81900939941406,183.6046173095703,178.150244140625,0.008986450909735726,0.023785744016076006,3.979958448290489,1.6434673078496473,4588480.0
2024-10-31,170.0688018798828,171.89046898241014,168.7322439442269,170.2866115450532,5177100,172.90029907226562,174.90020751953125,184.5827789306641,174.77147097365523,183.1571251011653,186.32524123875476,170.79151252536474,173.999268846107,182.8898064617601,171.25683176441598,182.66210584413508,183.72145027649265,-0.01637647365317374,-0.01651205031408088,0.0033898251053559036,-0.09045974859900108,173.24286499023438,183.0051483154297,178.16674194335937,0.00976002388511444,0.023857165898988276,3.1582250381832466,-0.21780966517039246,4750540.0
2024-11-01,169.9896240234375,173.52406906473703,169.8807191735344,171.03906251880002,3984900,170.0688018798828,179.88009643554688,182.0581817626953,171.89046898241014,183.13731643460943,184.8500976238558,168.7322439442269,177.83070950121163,181.87007202792063,170.2866115450532,177.90991439356546,184.64218288889728,-0.0004655636752308734,-0.00046567208364737357,-0.01637647365317374,0.028472744467495925,171.7776092529297,182.2438102722168,178.21170806884766,0.010274275595057288,0.023380680430147377,3.6433498912026323,-1.0494384953625229,4752540.0
2024-11-04,170.04898071289062,172.93989086771654,169.7420712430009,170.58360987903538,4197400,169.9896240234375,177.94952392578125,185.2163848876953,173.52406906473703,180.39492020867465,185.29558977216888,169.8807191735344,177.84061908742933,183.01849844061144,171.03906251880002,180.08799558656395,184.72136568982572,0.0003491783089357714,0.000349117360377586,-0.0004655636752308734,-0.010732552116778371,171.0647766113281,181.5408805847168,178.22741333007812,0.00792420951489755,0.02339538811407395,3.1978196247156347,-0.5346291661447538,4454540.0
2024-11-05,173.51414489746094,173.72205963283412,170.0589201445328,170.6430392434167,3607300,170.04898071289062,177.31590270996094,184.10757446289065,172.93989086771654,179.61278419149394,185.36491253806835,169.7420712430009,176.52386888271934,182.9591261251379,170.58360987903538,178.20693132386478,184.08776946209093,0.020377447545074423,0.020172605458635976,0.0003491783089357714,-0.003560679465962391,171.3043701171875,180.93646163940429,178.312421875,0.013083151649187125,0.02387670003636567,3.6631394883013115,2.871105654044243,4132140.0
2024-11-06,178.9593505859375,180.24640363402503,176.7218690548355,179.69198450113524,5939500,173.51414489746094,173.61314392089844,185.6025238037109,173.72205963283412,178.7811458600117,187.9885202786194,170.0589201445328,173.46464419549378,184.7015851188102,170.6430392434167,178.1871167448172,185.75102353999608,0.0313819123604846,0.030899565502553083,0.020377447545074423,-0.02088227131617837,172.51618041992188,180.51470413208008,178.51088256835936,0.018840429528303552,0.024956422447683296,3.5245345791895204,-0.7326339151977379,4581240.0
2024-11-07,177.06838989257812,179.21677160201233,175.00910802157108,179.21677160201233,5084200,178.9593505859375,172.31617736816406,187.39450073242188,180.24640363402503,173.1577008992936,187.53310552899416,176.7218690548355,171.04892949216855,184.642194695636,179.69198450113524,172.82109148684177,184.7709045448781,-0.010566425767461252,-0.010622646832051403,0.0313819123604846,-0.007470439872486301,173.91609802246094,180.0558219909668,178.65412506103516,0.017136191588122258,0.025014791703352933,4.207663580441249,-2.1483817094342044,4562660.0
2024-11-08,182.968994140625,184.56295656762208,177.6623877165963,177.86039237508058,4676500,177.06838989257812,172.90029907226562,186.24603271484372,179.21677160201233,174.77147097365523,187.85980026007752,175.00910802157108,170.79151252536474,185.52330885942243,179.21677160201233,171.25683176441598,186.27573266049205,0.03332387136759185,0.032780666040027516,-0.010566425767461252,0.0033898251053559036,176.51197204589843,179.74148330688476,178.88157012939453,0.019373521667868928,0.02595510396322466,6.900568851025781,5.108601765544421,4700980.0
2024-11-11,182.7215118408203,185.60252763859165,181.8700780860188,184.7708988846337,3371900,182.968994140625,170.0688018798828,189.2557678222656,184.56295656762208,171.89046898241014,189.8596919260138,177.6623877165963,168.7322439442269,187.1766808797125,177.86039237508058,170.2866115450532,187.5232004057344,-0.0013525914648384596,-0.0013535070423685307,0.03332387136759185,-0.01637647365317374,179.04647827148438,179.34200286865234,179.08350280761718,0.01970674763059676,0.02586784111608091,3.7324495525728594,-2.0493870438133968,4535880.0
2024-11-12,180.82061767578125,183.85013284485908,178.79103587937934,183.2264189085585,3158000,182.7215118408203,169.9896240234375,190.71112060546875,185.60252763859165,173.52406906473703,191.9981585667735,181.8700780860188,169.8807191735344,189.75078205436137,184.7708988846337,171.03906251880002,190.06758651802775,-0.010403231375926025,-0.010457723244604462,-0.0013525914648384596,-0.0004655636752308734,180.50777282714844,178.9494514465332,179.45323883056642,0.022123167137103637,0.025862664625752416,5.059096965479739,-2.405801232777236,4446020.0
2024-11-13,181.73146057128903,184.4441714389557,180.9394267676765,181.1275364955482,3934800,180.82061767578125,170.04898071289062,188.6716461181641,183.85013284485908,172.93989086771654,192.39418547763984,178.79103587937934,169.7420712430009,187.8697022352926,183.2264189085585,170.58360987903538,191.9189712226999,0.005037273443789347,0.005024628827066562,-0.010403231375926025,0.0003491783089357714,181.06219482421875,178.52274551391602,179.79868377685546,0.01807008140974511,0.025802747506625496,3.504744671279184,0.6039240757408209,4045080.0
2024-11-14,176.6228485107422,181.96906505569285,175.72192502753043,181.1770312964275,5085600,181.73146057128903,173.51414489746094,190.2655792236328,184.4441714389557,173.72205963283412,190.3051892208415,180.9394267676765,170.0589201445328,188.02809779854607,181.1275364955482,170.6430392434167,188.602321903771,-0.028110774240670655,-0.028513446284412276,0.005037273443789347,0.020377447545074423,180.97308654785155,177.81882858276367,180.09158264160158,0.02255921986963193,0.026426839215226993,6.24714002816242,-4.554182785685299,4045360.0
2024-11-15,175.16749572753906,176.14763923159626,174.13786238640645,174.98929605777658,5302100,176.6228485107422,178.9593505859375,190.70118713378903,181.96906505569285,180.24640363402503,192.859478648804,175.72192502753043,176.7218690548355,190.28537282872088,181.1770312964275,179.69198450113524,192.15654475492104,-0.00823988966022482,-0.008274025195722857,-0.028110774240670655,0.0313819123604846,179.41278686523438,177.04263763427736,180.4071759033203,0.012475484296034805,0.026434285001081703,2.009776845189805,0.1781996697624777,4170480.0
2024-11-18,175.75161743164062,176.7911607519042,173.38542630792563,175.23679324418677,2833800,175.16749572753906,177.06838989257812,190.6913146972656,176.14763923159626,179.21677160201233,191.51304845908177,174.13786238640645,175.00910802157108,189.23595690434635,174.98929605777658,179.21677160201233,191.17643899716825,0.003334646657334961,0.003329099052616945,-0.00823988966022482,-0.010566425767461252,178.01880798339843,176.21545944213867,180.6529928588867,0.013305989454780254,0.026334103489199297,3.4057344439785595,0.5148241874538542,4062860.0
2024-11-19,175.79122924804688,176.10804881138478,173.94975707981305,174.74179088136952,3216000,175.75161743164062,182.968994140625,192.2951812744141,176.7911607519042,184.56295656762208,192.45359106634476,173.38542630792563,177.6623877165963,190.1072045621801,175.23679324418677,177.86039237508058,190.9883382579592,0.0002253852168481174,0.00022535982141589557,0.003334646657334961,0.03332387136759185,177.01293029785157,176.26001052856446,180.86737487792968,0.013607042460330244,0.016755795935329918,2.1582917315717225,1.0494383666773501,4074460.0
2024-11-20,176.20704650878906,176.76146564701062,174.24677452528044,176.32586140039976,3225400,175.79122924804688,182.7215118408203,174.90020751953125,176.10804881138478,185.60252763859165,183.1571251011653,173.94975707981305,181.8700780860188,173.999268846107,174.74179088136952,184.7708988846337,182.66210584413508,0.002365403908493491,0.002362610744441973,0.0002253852168481174,-0.0013525914648384596,175.90804748535157,176.07635803222655,181.102529296875,0.013131434720633743,0.015415952359277174,2.5146911217301806,-0.1188148916106968,3932580.0
2024-11-21,176.9198760986328,179.13756776667253,175.57342314067807,176.63277158196675,4532000,176.20704650878906,180.82061767578125,179.88009643554688,176.76146564701062,183.85013284485908,183.13731643460943,174.24677452528044,178.79103587937934,177.83070950121163,176.32586140039976,183.2264189085585,177.90991439356546,0.004045409102343633,0.004037248436359017,0.002365403908493491,-0.010403231375926025,175.9674530029297,176.02487564086914,181.28570556640625,0.005010680535005086,0.015274323681161267,3.5641446259944587,0.2871045166660622,3821860.0
2024-11-22,179.345458984375,179.9295931504136,176.99907269453826,177.51389691789228,3405200,176.9198760986328,181.73146057128903,177.94952392578125,179.13756776667253,184.4441714389557,180.39492020867465,175.57342314067807,180.9394267676765,177.84061908742933,176.63277158196675,181.1275364955482,180.08799558656395,0.013710064347941975,0.013616931686754756,0.004045409102343633,0.005037273443789347,176.80304565429688,176.12635345458983,181.34775421142578,0.005218714144442947,0.01555868652788378,2.930520455875353,1.831562066482718,3442480.0
2024-11-25,178.4148712158203,181.87009642536785,177.76144208319627,180.42464846060776,9740700,179.345458984375,176.6228485107422,177.31590270996094,179.9295931504136,181.96906505569285,179.61278419149394,176.99907269453826,175.72192502753043,176.52386888271934,177.51389691789228,181.1770312964275,178.20693132386478,-0.005188800284236739,-0.0052023088575526245,0.013710064347941975,-0.028110774240670655,177.3356964111328,176.36643981933594,181.32871276855468,0.00690925193387514,0.014790581362635473,4.108654342171576,-2.0097772447874434,4823860.0
2024-11-26,182.76112365722656,183.0878230870481,178.62275463361013,179.0682689628835,3918900,178.4148712158203,175.16749572753906,173.61314392089844,181.87009642536785,176.14763923159626,178.7811458600117,177.76144208319627,174.13786238640645,173.46464419549378,180.42464846060776,174.98929605777658,178.1871167448172,0.02436037092529575,0.02406838943806668,-0.005188800284236739,-0.00823988966022482,178.72967529296875,176.88868713378906,181.41854309082032,0.01141816930295788,0.015474851814700196,4.465068453437965,3.6928546943430547,4964440.0
2024-11-27,178.80096435546875,182.8502183128912,178.64255456522122,182.80071336509025,2726200,182.76112365722656,175.75161743164062,172.31617736816406,183.0878230870481,176.7911607519042,173.1577008992936,178.62275463361013,173.38542630792563,171.04892949216855,179.0682689628835,175.23679324418677,172.82109148684177,-0.021668499418865506,-0.021906708731064088,0.02436037092529575,0.003334646657334961,179.2484588623047,177.18372039794923,181.36550598144532,0.017660986305970326,0.016431574596532595,4.207663747669983,-3.999749009621496,4864600.0
2024-11-29,180.34542846679688,181.1473572866525,179.3256899542904,179.64249443928009,2054700,178.80096435546875,175.79122924804688,172.90029907226562,182.8502183128912,176.10804881138478,174.77147097365523,178.64255456522122,173.94975707981305,170.79151252536474,182.80071336509025,174.74179088136952,171.25683176441598,0.008637895868713663,0.008600802697772846,-0.021668499418865506,0.0002253852168481174,179.9335693359375,177.69755172729492,181.29175476074218,0.017844057881401823,0.015918668184492047,1.8216673323620967,0.7029340275167897,4369140.0
2024-12-02,178.64254760742188,179.8305907744282,177.6327041174117,178.99896206820262,2817700,180.34542846679688,176.20704650878906,170.0688018798828,181.1473572866525,176.76146564701062,171.89046898241014,179.3256899542904,174.24677452528044,168.7322439442269,179.64249443928009,176.32586140039976,170.2866115450532,-0.009442328945357903,-0.009487190354099626,0.008637895868713663,0.002365403908493491,179.79298706054686,178.13019790649415,181.15883605957032,0.017688034161583217,0.016148135523048637,2.197886657016511,-0.3564144607807407,4251640.0
2024-12-03,178.91973876953125,180.42460134987812,178.1178100919713,179.19694830975476,2882300,178.64254760742188,176.9198760986328,169.9896240234375,179.8305907744282,179.13756776667253,173.52406906473703,177.6327041174117,175.57342314067807,169.8807191735344,178.99896206820262,176.63277158196675,171.03906251880002,0.0015516525364300815,0.0015504499674519276,-0.009442328945357903,0.004045409102343633,179.89396057128906,178.57373580932617,181.0069445800781,0.017512599149565697,0.01614151670900993,2.3067912579068093,-0.2772095402235095,2879960.0
2024-12-04,180.83050537109372,181.07801496788244,176.2268329135391,178.70192888142589,3713400,178.91973876953125,179.345458984375,170.04898071289062,180.42460134987812,179.9295931504136,172.93989086771654,178.1178100919713,176.99907269453826,169.7420712430009,179.19694830975476,177.51389691789228,170.58360987903538,0.010679462281262042,0.010622839600402256,0.0015516525364300815,0.013710064347941975,179.5078369140625,178.9395538330078,180.87369415283203,0.01349790967481661,0.015721753862711733,4.851182054343326,2.128576489667836,2838860.0
2024-12-05,171.18756103515625,178.96926426645274,170.98955635608078,178.5336449084135,7547300,180.83050537109372,178.4148712158203,173.51414489746094,181.07801496788244,181.87009642536785,173.72205963283412,176.2268329135391,177.76144208319627,170.0589201445328,178.70192888142589,180.42464846060776,170.6430392434167,-0.05332587173911052,-0.05480035456032922,0.010679462281262042,-0.005188800284236739,177.98515625,178.55096435546875,180.5541094970703,0.026328546928187587,0.01859026559155465,7.979707910371957,-7.346083873257243,3803080.0
2024-12-06,173.83094787597656,174.0784574813746,170.7222278364485,171.5736614832893,6899600,171.18756103515625,182.76112365722656,178.9593505859375,178.96926426645274,183.0878230870481,180.24640363402503,170.98955635608078,178.62275463361013,176.7218690548355,178.5336449084135,179.0682689628835,179.69198450113524,0.015441465634745688,0.01532345944617353,-0.05332587173911052,0.02436037092529575,176.68226013183593,178.38909225463868,180.3757046508789,0.02757427724308455,0.01887079757899427,3.356229644926117,2.257286392687263,4772060.0
2024-12-09,169.6134033203125,174.61308566722295,169.06887912315523,173.2567377544037,6500800,173.83094787597656,178.80096435546875,177.06838989257812,174.0784574813746,182.8502183128912,179.21677160201233,170.7222278364485,178.64255456522122,175.00910802157108,171.5736614832893,182.80071336509025,179.21677160201233,-0.0242623342229783,-0.024561513762751102,0.015441465634745688,-0.021668499418865506,174.87643127441407,177.72131271362304,180.0973059082031,0.02867443515502686,0.017758490501433227,5.54420654406772,-3.6433344340912015,5508680.0
2024-12-10,169.56390380859375,171.4350760320429,168.91047475106188,169.30648412162046,5100300,169.6134033203125,180.34542846679688,182.968994140625,174.61308566722295,181.1473572866525,184.56295656762208,169.06887912315523,179.3256899542904,177.6623877165963,173.2567377544037,179.64249443928009,177.86039237508058,-0.0002918372649198808,-0.0002918798577014543,-0.0242623342229783,0.008637895868713663,173.00526428222656,177.0634323120117,179.75455474853516,0.02850036490855509,0.01776723293183441,2.5246012809810168,0.257419686973293,5952280.0
2024-12-11,166.9600830078125,171.444955961762,166.25714906383476,171.444955961762,7606400,169.56390380859375,178.64254760742188,182.7215118408203,171.4350760320429,179.8305907744282,185.60252763859165,168.91047475106188,177.6327041174117,181.8700780860188,169.30648412162046,178.99896206820262,184.7708988846337,-0.015355985220300683,-0.015475109448075753,-0.0002918372649198808,-0.009442328945357903,170.2311798095703,176.3704055786133,179.404873046875,0.02596267017309806,0.017901389357047295,5.187806897927231,-4.484872953949491,6730880.0
2024-12-12,163.18804931640625,167.59371766185663,162.8118298486637,166.96009362011532,7808600,166.9600830078125,178.91973876953125,180.82061767578125,171.444955961762,180.42460134987812,183.85013284485908,166.25714906383476,178.1178100919713,178.79103587937934,171.444955961762,179.19694830975476,183.2264189085585,-0.022592428222677263,-0.0228515473198148,-0.015355985220300683,0.0015516525364300815,168.63127746582032,175.44323501586913,178.97697845458984,0.01681115103947169,0.01824431997090524,4.781887813192924,-3.772044303709066,6783140.0
2024-12-13,164.3562774658203,166.19774958507244,163.89095818628758,163.99986301993965,4957100,163.18804931640625,180.83050537109372,181.73146057128903,167.59371766185663,181.07801496788244,184.4441714389557,162.8118298486637,176.2268329135391,180.9394267676765,166.96009362011532,178.70192888142589,181.1275364955482,0.007158784937425056,0.007133282475296722,-0.022592428222677263,0.010679462281262042,166.73634338378906,174.82990646362305,178.62294036865234,0.01390711228344056,0.017607318767163985,2.306791398784867,0.3564144458806595,6394640.0
2024-12-16,164.1384735107422,167.51450836465935,163.801864052026,164.66320780517302,7436000,164.3562774658203,171.18756103515625,176.6228485107422,166.19774958507244,178.96926426645274,181.96906505569285,163.89095818628758,170.98955635608078,175.72192502753043,163.99986301993965,178.5336449084135,181.1770312964275,-0.0013251940141040253,-0.0013260728602050658,0.007158784937425056,-0.05332587173911052,165.641357421875,174.2784553527832,178.20138214111327,0.012137496502046536,0.017576027836345275,3.7126443126333584,-0.5247342944308286,6581680.0
2024-12-17,164.14837646484375,164.85129529783438,161.90098497489063,164.14837646484375,4855100,164.1384735107422,173.83094787597656,175.16749572753906,167.51450836465935,174.0784574813746,176.14763923159626,163.801864052026,170.7222278364485,174.13786238640645,164.66320780517302,171.5736614832893,174.98929605777658,6.0332924327610726e-05,6.0331104369933644e-05,-0.0013251940141040253,0.015441465634745688,164.558251953125,173.69829330444335,177.80219818115233,0.01218332893195222,0.01752814887251709,2.95031032294375,0.0,6532640.0
2024-12-18,158.35667419433594,164.97014002924075,158.01016974152685,164.34641086467778,8059100,164.14837646484375,169.6134033203125,175.75161743164062,164.85129529783438,174.61308566722295,176.7911607519042,161.90098497489063,169.06887912315523,173.38542630792563,164.14837646484375,173.2567377544037,175.23679324418677,-0.035283335694448636,-0.03592083287422795,6.0332924327610726e-05,-0.0242623342229783,162.8375701904297,172.82656555175782,177.25728118896484,0.017803912718411852,0.01890102498289092,6.959970287713901,-5.989736670341841,6623180.0
2024-12-19,163.15835571289062,164.11869431288272,160.5644444448138,161.40598325323225,6257600,158.35667419433594,169.56390380859375,175.79122924804688,164.97014002924075,171.4350760320429,176.10804881138478,158.01016974152685,168.91047475106188,173.94975707981305,164.34641086467778,169.30648412162046,174.74179088136952,0.030321939652900642,0.02987131617378459,-0.035283335694448636,-0.0002918372649198808,162.83163146972657,172.17413101196288,176.77255828857423,0.023543405984673,0.02044770869018105,3.554249868068922,1.7523724596583747,6312980.0
2024-12-20,166.69277954101562,167.3957135319855,161.53468734990136,162.33661612806313,9281500,163.15835571289062,166.9600830078125,176.20704650878906,164.11869431288272,171.444955961762,176.76146564701062,160.5644444448138,166.25714906383476,174.24677452528044,161.40598325323225,171.444955961762,176.32586140039976,0.021662536452282666,0.021431238087700453,0.030321939652900642,-0.015355985220300683,163.29893188476564,171.66277618408202,176.38149322509764,0.025434736694969037,0.02116308542081236,5.861026182084146,4.3561634129524975,7177860.0
2024-12-23,167.33631896972656,167.6432285013407,164.89092255702198,166.44527521587756,4127700,166.69277954101562,163.18804931640625,176.9198760986328,167.3957135319855,167.59371766185663,179.13756776667253,161.53468734990136,162.8118298486637,175.57342314067807,162.33661612806313,166.96009362011532,176.63277158196675,0.003860631699122763,0.003853198585432012,0.021662536452282666,-0.022592428222677263,163.9385009765625,171.06231918334962,175.94310424804686,0.025315277805890303,0.020872310862149086,2.7523059443187208,0.8910437538490044,6516200.0
2024-12-24,169.78170776367188,169.78170776367188,167.1680067285557,167.55412113919368,2235700,167.33631896972656,164.3562774658203,179.345458984375,167.6432285013407,166.19774958507244,179.9295931504136,164.89092255702198,163.89095818628758,176.99907269453826,166.44527521587756,163.99986301993965,177.51389691789228,0.014613616511952365,0.014507866632004401,0.003860631699122763,0.007158784937425056,165.06516723632814,170.6306610107422,175.52451599121093,0.025566579548911995,0.021241914833837843,2.613701035116179,2.2275866244781923,5992320.0
2024-12-26,170.4351043701172,170.94992856757304,168.43523768073078,169.31637125169843,3309700,169.78170776367188,164.1384735107422,178.4148712158203,169.78170776367188,167.51450836465935,181.87009642536785,167.1680067285557,163.801864052026,177.76144208319627,167.55412113919368,164.66320780517302,180.42464846060776,0.0038484511379448527,0.003841064794453841,0.014613616511952365,-0.0013251940141040253,167.48085327148436,170.0143600463867,175.15978515625,0.011485284997553328,0.02036611459330974,2.51469088684226,1.1187331184187599,5042440.0
2024-12-27,168.66006469726562,170.03845947891747,167.56924215146967,169.29472096080175,3188400,170.4351043701172,164.14837646484375,182.76112365722656,170.94992856757304,164.85129529783438,183.0878230870481,168.43523768073078,161.90098497489063,178.62275463361013,169.31637125169843,164.14837646484375,179.0682689628835,-0.010414753928843723,-0.010469366997258108,0.0038484511379448527,6.0332924327610726e-05,168.58119506835936,169.50731506347657,174.72767486572266,0.012202560952017858,0.019983353966995125,2.469217327447808,-0.6346562635361295,4428600.0
2024-12-30,166.6966094970703,167.81716531058754,164.62404653260782,165.804114141609,4117500,168.66006469726562,158.35667419433594,178.80096435546875,170.03845947891747,164.97014002924075,182.8502183128912,167.56924215146967,158.01016974152685,178.64255456522122,169.29472096080175,164.34641086467778,182.80071336509025,-0.011641494409003084,-0.011709787142089178,-0.010414753928843723,-0.035283335694448636,168.58196105957032,168.82487411499022,174.24758331298827,0.011036871534551431,0.01989084245778879,3.19311877797972,0.8924953554613069,3395800.0
2024-12-31,165.3975372314453,167.1428534521749,164.76288091428916,167.09326785383143,2806900,166.6966094970703,163.15835571289062,180.34542846679688,167.81716531058754,164.11869431288272,181.1473572866525,164.62404653260782,160.5644444448138,179.3256899542904,165.804114141609,161.40598325323225,179.64249443928009,-0.00779303352086369,-0.00782355789499125,-0.011641494409003084,0.030321939652900642,168.19420471191407,168.1626235961914,173.74170776367188,0.01126007878705331,0.01986935055063224,2.379972537885749,-1.6957306223861224,3131640.0
2025-01-02,167.18251037597656,169.27489549132125,165.82395276360677,166.51810573593443,4148000,165.3975372314453,166.69277954101562,178.64254760742188,167.1428534521749,167.3957135319855,179.8305907744282,164.76288091428916,161.53468734990136,177.6327041174117,167.09326785383143,162.33661612806313,178.99896206820262,0.010792017670937293,0.010734199459700621,-0.00779303352086369,0.021662536452282666,167.674365234375,167.57576217651368,173.23945434570314,0.009870910363595671,0.020102836875428336,3.4509427277144766,0.664404640042136,3514100.0
2025-01-03,170.52439880371094,171.188803493745,167.58910370235034,167.80726824312583,3975500,167.18251037597656,167.33631896972656,178.91973876953125,169.27489549132125,167.6432285013407,180.42460134987812,165.82395276360677,164.89092255702198,178.1178100919713,166.51810573593443,166.44527521587756,179.19694830975476,0.019989461937249375,0.01979229580874084,0.010792017670937293,0.003860631699122763,167.69222412109374,167.06045684814453,173.15193817138672,0.014323017300417658,0.020543909854029763,3.59969979139467,2.7171305605851046,3647260.0
2025-01-06,171.01028442382812,172.23001143414334,169.7508828831125,171.7044373918368,4980300,170.52439880371094,169.78170776367188,180.83050537109372,171.188803493745,169.78170776367188,181.07801496788244,167.58910370235034,167.1680067285557,176.2268329135391,167.80726824312583,167.55412113919368,178.70192888142589,0.0028493612851054895,0.002845309549985665,0.019989461937249375,0.014613616511952365,168.16226806640626,167.0515930175781,172.97454193115234,0.013039495742403807,0.016752129271596486,2.47912855103084,-0.694152968008666,4005640.0
2025-01-07,170.8714599609375,172.2498548795102,169.35423444378196,170.7822149614343,6496400,171.01028442382812,170.4351043701172,171.18756103515625,172.23001143414334,170.94992856757304,178.96926426645274,169.7508828831125,168.43523768073078,170.98955635608078,171.7044373918368,169.31637125169843,178.5336449084135,-0.0008117901409167017,-0.0008121198209658974,0.0028493612851054895,0.0038484511379448527,168.9972381591797,166.90361862182618,172.83298065185548,0.010727245227450366,0.016357385596390384,2.895620435728233,0.08924499950319387,4481420.0
2025-01-08,171.4466094970703,172.13085138232353,169.28481671373643,170.5640403586102,4527700,170.8714599609375,168.66006469726562,173.83094787597656,172.2498548795102,170.03845947891747,174.0784574813746,169.35423444378196,167.56924215146967,170.7222278364485,170.7822149614343,169.29472096080175,171.5736614832893,0.0033659777722054862,0.003360325548977834,-0.0008117901409167017,-0.010414753928843723,170.2070526123047,166.99527893066406,172.71559478759767,0.008280740386803286,0.015404372061369593,2.8460346685870945,0.8825691384600987,4825580.0
2025-01-10,170.2566375732422,172.01186485284055,169.31457173473913,170.96070161965392,5131200,171.4466094970703,166.6966094970703,169.6134033203125,172.13085138232353,167.81716531058754,174.61308566722295,169.28481671373643,164.62404653260782,169.06887912315523,170.5640403586102,165.804114141609,173.2567377544037,-0.006940772566566666,-0.006964971767583827,0.0033659777722054862,-0.011641494409003084,170.8218780517578,167.0299156188965,172.64846466064452,0.009997044089752922,0.015497249439119808,2.6972931181014133,-0.7040640464117303,5022220.0
2025-01-13,170.13766479492188,171.07973074722315,167.58911303189643,168.09484987835663,5610800,170.2566375732422,165.3975372314453,169.56390380859375,172.01186485284055,167.1428534521749,171.4350760320429,169.31457173473913,164.76288091428916,168.91047475106188,170.96070161965392,167.09326785383143,169.30648412162046,-0.000698784963782284,-0.0006990292277937292,-0.006940772566566666,-0.00779303352086369,170.74453125,167.18879470825195,172.60489440917968,0.004116137348018174,0.015057332692143764,3.490617715326721,2.0428149165652485,5349280.0
2025-01-14,175.3834686279297,176.41477943445616,170.96069669033818,171.66477584784926,6432700,170.13766479492188,167.18251037597656,166.9600830078125,171.07973074722315,169.27489549132125,171.444955961762,167.58911303189643,165.82395276360677,166.25714906383476,168.09484987835663,166.51810573593443,171.444955961762,0.03083270150281492,0.0303669236844201,-0.000698784963782284,0.010792017670937293,171.61916809082032,167.79856567382814,172.65455780029296,0.014821621865211155,0.015377632021936273,5.454082744117983,3.7186927800804312,5639760.0
2025-01-15,178.78482055664062,179.36990637042345,177.38660361137462,177.57501979450814,7397000,175.3834686279297,170.52439880371094,163.18804931640625,176.41477943445616,171.188803493745,167.59371766185663,170.96069669033818,167.58910370235034,162.8118298486637,171.66477584784926,167.80726824312583,166.96009362011532,0.01939380008458369,0.01920813697925838,0.03083270150281492,0.019989461937249375,173.20184020996095,168.51999282836914,172.82887817382812,0.015527662326979108,0.015760144053847153,1.9833027590488257,1.2098007621324882,5819880.0
2025-01-16,178.23944091796875,181.35322593293017,177.12878098064067,180.16323206212147,6144700,178.78482055664062,171.01028442382812,164.3562774658203,179.36990637042345,172.23001143414334,166.19774958507244,177.38660361137462,169.7508828831125,163.89095818628758,177.57501979450814,171.7044373918368,163.99986301993965,-0.0030504806670602624,-0.0030551428669248243,0.01939380008458369,0.0028493612851054895,174.56040649414064,169.22504119873048,172.99387451171876,0.01637159607942522,0.015797428515778603,4.2244449522895025,-1.923791144152716,6143280.0
2025-01-17,181.32345581054688,181.66061363877444,178.45758400781494,179.27073024832842,5899100,178.23944091796875,170.8714599609375,164.1384735107422,181.35322593293017,172.2498548795102,167.51450836465935,177.12878098064067,169.35423444378196,163.801864052026,180.16323206212147,170.7822149614343,164.66320780517302,0.017302651291402293,0.017154665018241276,-0.0030504806670602624,-0.0008117901409167017,176.77377014160157,170.08379516601562,173.21936401367188,0.01433854625343521,0.01602571113649362,3.2030296309594917,2.0527255622184555,6296860.0
2025-01-21,185.9346466064453,187.73945950591067,182.96960332792375,183.3563467876092,7508400,181.32345581054688,171.4466094970703,164.14837646484375,181.66061363877444,172.13085138232353,164.85129529783438,178.45758400781494,169.28481671373643,161.90098497489063,179.27073024832842,170.5640403586102,164.14837646484375,0.025430746261070558,0.02511276456886926,0.017302651291402293,0.0033659777722054862,179.93316650390625,171.4626937866211,173.46777404785155,0.012898103417417508,0.01352707614181587,4.769856177986924,2.578299818836115,6676380.0
2025-01-22,186.78744506835935,187.6601030805467,185.05205524137685,186.50978390655405,7457800,185.9346466064453,170.2566375732422,158.35667419433594,187.73945950591067,172.01186485284055,164.97014002924075,182.96960332792375,169.31457173473913,158.01016974152685,183.3563467876092,170.96070161965392,164.34641086467778,0.004586549508005744,0.004576063341134853,0.025430746261070558,-0.006940772566566666,182.21396179199218,172.64414825439454,173.6243359375,0.011640056354967626,0.012490875174625507,2.608047839169842,0.2776611618052982,6881400.0
2025-01-23,199.1236114501953,205.9164147105177,196.4461555982653,199.7185932331797,14403500,186.78744506835935,170.13766479492188,163.15835571289062,187.6601030805467,171.07973074722315,164.11869431288272,185.05205524137685,167.58911303189643,160.5644444448138,186.50978390655405,168.09484987835663,161.40598325323225,0.06604387343764584,0.06395448196768612,0.004586549508005744,-0.000698784963782284,186.28171997070314,174.26568984985352,174.06544036865233,0.02694639630594099,0.017990711432671065,9.470259112252393,-0.5949817829843767,8282700.0
2025-01-24,195.1074066162109,201.30522766501053,193.8876796705989,200.80940198110656,7835700,199.1236114501953,175.3834686279297,166.69277954101562,205.9164147105177,176.41477943445616,167.3957135319855,196.4461555982653,170.96069669033818,161.53468734990136,199.7185932331797,171.66477584784926,162.33661612806313,-0.020169405349445113,-0.02037558486145557,0.06604387343764584,0.03083270150281492,189.65531311035153,175.65424423217775,174.30820861816406,0.03161763495785749,0.01912419638604921,7.4175479944116205,-5.701995364895652,8620900.0
2025-01-27,192.83653259277344,194.98841425576137,191.13089102122,192.71752413869825,7674800,195.1074066162109,178.78482055664062,167.33631896972656,201.30522766501053,179.36990637042345,167.6432285013407,193.8876796705989,177.38660361137462,164.89092255702198,200.80940198110656,177.57501979450814,166.44527521587756,-0.011639096961113427,-0.011707361458525602,-0.020169405349445113,0.01939380008458369,191.95792846679686,176.8069854736328,174.51050903320314,0.03444613534200415,0.0195340040453586,3.857523234541361,0.11900845407518545,8976040.0
2025-01-28,192.8067626953125,194.90907382461504,190.18880376402504,193.66950965011532,4858800,192.83653259277344,178.23944091796875,169.78170776367188,194.98841425576137,181.35322593293017,169.78170776367188,191.13089102122,177.12878098064067,167.1680067285557,192.71752413869825,180.16323206212147,167.55412113919368,-0.00015437892945213694,-0.0001543908471056385,-0.011639096961113427,-0.0030504806670602624,193.33235168457028,177.9255683898926,174.75023193359374,0.03400768744636994,0.019583732017379812,4.720270060589996,-0.8627469548028159,8446120.0
2025-01-29,197.43780517578125,198.270788742957,193.30260540940176,193.30260540940176,5595800,192.8067626953125,181.32345581054688,170.4351043701172,194.90907382461504,181.66061363877444,170.94992856757304,190.18880376402504,178.45758400781494,168.43523768073078,193.66950965011532,179.27073024832842,169.31637125169843,0.02401908737914482,0.023735166462289167,-0.00015437892945213694,0.017302651291402293,195.4624237060547,179.36445541381835,175.0643588256836,0.03466223900328504,0.019544609271565754,4.968183333555231,4.135199766379486,8073720.0
2025-01-30,203.85379028320312,204.2107702693288,197.81462161744636,198.14186840279476,6282100,197.43780517578125,185.9346466064453,168.66006469726562,198.270788742957,187.73945950591067,170.03845947891747,193.30260540940176,182.96960332792375,167.56924215146967,193.30260540940176,183.3563467876092,169.29472096080175,0.032496233949266484,0.0319793983396349,0.02401908737914482,0.025430746261070558,196.40845947265626,181.222314453125,175.60897766113283,0.022664149220894166,0.01969127409338295,6.3961486518824415,5.711921880408369,6449440.0
2025-01-31,201.8704833984375,204.151269520519,201.37465769687205,204.12152118893704,5507800,203.85379028320312,186.78744506835935,166.6966094970703,204.2107702693288,187.6601030805467,167.81716531058754,197.81462161744636,185.05205524137685,164.62404653260782,198.14186840279476,186.50978390655405,165.804114141609,-0.00972906553275421,-0.009776702115591526,0.032496233949266484,0.004586549508005744,197.76107482910157,183.04596176147462,176.14303741455078,0.020113241766184137,0.019789374292948966,2.7766118236469595,-2.251037790499538,5983860.0
2025-02-03,202.40599060058597,203.0208096956161,197.30890243715845,198.3303022834059,4678300,201.8704833984375,199.1236114501953,165.3975372314453,204.151269520519,205.9164147105177,167.1428534521749,201.37465769687205,196.4461555982653,164.76288091428916,204.12152118893704,199.7185932331797,167.09326785383143,0.002652726605362643,0.002649214336163389,-0.00972906553275421,0.06604387343764584,199.67496643066406,184.80713577270507,176.67612487792968,0.017669485412567902,0.019860025293758837,5.711907258457643,4.075688317180067,5384560.0
2025-02-04,200.4920654296875,202.8323632530408,198.7566755433865,201.2358039523879,5413800,202.40599060058597,195.1074066162109,167.18251037597656,203.0208096956161,201.30522766501053,169.27489549132125,197.30890243715845,193.8876796705989,165.82395276360677,198.3303022834059,200.80940198110656,166.51810573593443,-0.009455872156843736,-0.009500862757500178,0.002652726605362643,-0.020169405349445113,201.21202697753907,186.3055191040039,177.1701416015625,0.01939263488597448,0.020153260883058684,4.075687709654289,-0.7437385227003972,5495560.0
2025-02-05,202.87203979492188,203.5661927300528,200.10532398942988,202.177886859791,3239400,200.4920654296875,192.83653259277344,170.52439880371094,202.8323632530408,194.98841425576137,171.188803493745,198.7566755433865,191.13089102122,167.58910370235034,201.2358039523879,192.71752413869825,167.80726824312583,0.011870666104085936,0.01180076240571538,-0.009455872156843736,-0.011639096961113427,202.2988739013672,187.8986068725586,177.70344146728516,0.01755754215051645,0.020125400566331896,3.4608687406229137,0.6941529351308873,5024280.0
2025-02-06,204.33970642089844,204.37938095462903,202.35640341360036,203.28855824805464,3113200,202.87203979492188,192.8067626953125,171.01028442382812,203.5661927300528,194.90907382461504,172.23001143414334,200.10532398942988,190.18880376402504,169.7508828831125,202.177886859791,193.66950965011532,171.7044373918368,0.007234445059359551,0.0072084019910331745,0.011870666104085936,-0.00015437892945213694,202.39605712890625,189.57201919555663,178.25183807373048,0.009785590668657378,0.020003890808479113,2.0229775410286663,1.0511481728437957,4390500.0
2025-02-07,203.5662078857422,206.10483316973767,202.79272096738103,204.75618659619005,3954400,204.33970642089844,197.43780517578125,170.8714599609375,204.37938095462903,198.270788742957,172.2498548795102,202.35640341360036,193.30260540940176,169.35423444378196,203.28855824805464,193.30260540940176,170.7822149614343,-0.0037853560069377457,-0.0037925385984940523,0.007234445059359551,0.02401908737914482,202.73520202636718,191.17799911499023,178.7362530517578,0.008507684438602031,0.02017626118508309,3.3121122023566443,-1.1899787104478605,4079820.0
2025-02-10,203.5067138671875,204.9346943908605,201.70190094660063,204.41903139477847,3787500,203.5662078857422,203.85379028320312,171.4466094970703,206.10483316973767,204.2107702693288,172.13085138232353,202.79272096738103,197.81462161744636,169.28481671373643,204.75618659619005,198.14186840279476,170.5640403586102,-0.00029225881433170287,-0.000292301530261921,-0.0037853560069377457,0.032496233949266484,202.9553466796875,192.8405029296875,179.23808990478517,0.008527443394996106,0.019956632142329858,3.232793444259869,-0.9123175275909716,3901660.0
2025-02-11,207.07666015625,207.4038918145416,202.73322202394183,203.288544407152,4110900,203.5067138671875,201.8704833984375,170.2566375732422,204.9346943908605,204.151269520519,172.01186485284055,201.70190094660063,201.37465769687205,169.31457173473913,204.41903139477847,204.12152118893704,170.96070161965392,0.01754215485682864,0.017390067311142125,-0.00029225881433170287,-0.00972906553275421,204.272265625,194.6874526977539,179.72440063476563,0.008706822117761812,0.019899844139656567,4.67066979059976,3.7881157490980115,3641080.0
2025-02-12,207.88980102539065,209.6549393250034,204.4190210897521,204.9743434584303,4595200,207.07666015625,202.40599060058597,170.13766479492188,207.4038918145416,203.0208096956161,171.07973074722315,202.73322202394183,197.30890243715845,167.58911303189643,203.288544407152,198.3303022834059,168.09484987835663,0.003926762526144101,0.003919072917779605,0.01754215485682864,0.002652726605362643,205.27581787109375,196.31276931762696,180.30617736816407,0.008194704119263992,0.019322468575086262,5.23591823525129,2.915457566960356,3912240.0
2025-02-13,206.62049865722656,209.53595636848289,204.5479507389037,209.35745123748737,3763300,207.88980102539065,200.4920654296875,175.3834686279297,209.6549393250034,202.8323632530408,176.41477943445616,204.4190210897521,198.7566755433865,170.96069669033818,204.9743434584303,201.2358039523879,171.66477584784926,-0.006105650021806852,-0.006124365722802646,0.003926762526144101,-0.009455872156843736,205.7319763183594,197.70455322265624,180.83167877197266,0.009345677714992498,0.019421512073011484,4.988005629579192,-2.7369525802608052,4042260.0
2025-02-14,206.53125,207.4138191778585,203.25879721610443,206.91799345700767,4268500,206.62049865722656,202.87203979492188,178.78482055664062,209.53595636848289,203.5661927300528,179.36990637042345,204.5479507389037,200.10532398942988,177.38660361137462,209.35745123748737,202.177886859791,177.57501979450814,-0.0004319448351279842,-0.000432038150170549,-0.006105650021806852,0.011870666104085936,206.32498474121093,199.1191436767578,181.3894528198242,0.00891399429872124,0.01935581212996917,4.155021961754073,-0.3867434570076682,4105080.0
2025-02-18,208.32614135742188,210.4185265515625,207.572491692142,208.1178878921811,4396000,206.53125,204.33970642089844,178.23944091796875,207.4138191778585,204.37938095462903,181.35322593293017,203.25879721610443,202.35640341360036,177.12878098064067,206.91799345700767,203.28855824805464,180.16323206212147,0.008690652661143883,0.008653106317310371,-0.0004319448351279842,0.007234445059359551,207.28887023925782,200.46927795410156,181.97758087158203,0.00900749827664352,0.019223170824564803,2.846034859420513,0.20825346524077304,4226780.0
2025-02-19,208.74261474609372,210.0119272974583,207.13614435826656,207.2947970786377,2699100,208.32614135742188,203.5662078857422,181.32345581054688,210.4185265515625,206.10483316973767,181.66061363877444,207.572491692142,202.79272096738103,178.45758400781494,208.1178878921811,204.75618659619005,179.27073024832842,0.00199914127894929,0.001997145655269189,0.008690652661143883,-0.0037853560069377457,207.62206115722657,201.60967636108398,182.53582305908202,0.005462487708430939,0.01875792979707057,2.875782939191737,1.4478176674560075,3944420.0
2025-02-20,206.997314453125,208.5244509201008,205.4205772594834,207.97903963496685,2969100,208.74261474609372,203.5067138671875,185.9346466064453,210.0119272974583,204.9346943908605,187.73945950591067,207.13614435826656,201.70190094660063,182.96960332792375,207.2947970786377,204.41903139477847,183.3563467876092,-0.008361015766194302,-0.008396165118496297,0.00199914127894929,-0.00029225881433170287,207.44356384277344,202.62016983032225,183.2520181274414,0.006770400747509204,0.019029465176063697,3.1038736606174098,-0.9817251818418526,3619200.0
2025-02-21,198.1617126464844,207.37414803249223,196.78331772526943,206.62049837179785,5419500,206.997314453125,207.07666015625,186.78744506835935,208.5244509201008,207.4038918145416,187.6601030805467,205.4205772594834,202.73322202394183,185.05205524137685,207.97903963496685,203.288544407152,186.50978390655405,-0.04268462047434651,-0.04362239163537143,-0.008361015766194302,0.01754215485682864,205.751806640625,202.57207489013672,183.73863342285156,0.020241450538860718,0.016068481244861585,10.590830307222802,-8.458785725313447,3950440.0
2025-02-24,197.05105590820312,201.553146596252,195.78172819817317,200.9383275716839,4299100,198.1617126464844,207.88980102539065,199.1236114501953,207.37414803249223,209.6549393250034,205.9164147105177,196.78331772526943,204.4190210897521,196.4461555982653,206.62049837179785,204.9743434584303,199.7185932331797,-0.005604799854867282,-0.00562056568271081,-0.04268462047434651,0.003926762526144101,203.85576782226562,202.66925735473632,184.28738647460938,0.019876777122805455,0.015429278201785574,5.771418398078822,-3.8872716634807887,3956560.0
2025-02-25,197.60638427734372,198.40961951293065,193.21336058335388,197.31879688966453,4121400,197.05105590820312,206.62049865722656,195.1074066162109,201.553146596252,209.53595636848289,201.30522766501053,195.78172819817317,204.5479507389037,193.8876796705989,200.9383275716839,209.35745123748737,200.80940198110656,0.0028181953483126243,0.002814231680981605,-0.005604799854867282,-0.006105650021806852,201.71181640625,202.90774993896486,184.84823608398438,0.01869426343744364,0.015161572960194636,5.196258929576771,0.28758738767919567,3901640.0
2025-02-26,199.9268341064453,202.89187716184665,198.32036372270105,200.0755757599775,3157400,197.60638427734372,206.53125,192.83653259277344,198.40961951293065,207.4138191778585,194.98841425576137,193.21336058335388,203.25879721610443,191.13089102122,197.31879688966453,206.91799345700767,192.71752413869825,0.011742787752468509,0.01167437626063027,0.0028181953483126243,-0.0004319448351279842,199.94866027832032,203.26375350952148,185.50757110595703,0.020705241302856496,0.015332601277737614,4.571513439145605,-0.14874165353219837,3993300.0
2025-02-27,199.7483367919922,203.7546169727818,199.4211051414413,202.71337996319343,3480200,199.9268341064453,208.32614135742188,192.8067626953125,202.89187716184665,210.4185265515625,194.90907382461504,198.32036372270105,207.572491692142,190.18880376402504,200.0755757599775,208.1178878921811,193.66950965011532,-0.0008928131896396296,-0.0008932119847194338,0.011742787752468509,0.008690652661143883,198.49886474609374,203.37928009033203,186.23877685546876,0.020977945651101726,0.014428683264511603,4.333511831340502,-2.965043171201245,4095520.0
2025-02-28,205.25201416015625,205.5891871551165,199.35169102225697,200.2640085461604,6117400,199.7483367919922,208.74261474609372,197.43780517578125,203.7546169727818,210.0119272974583,198.270788742957,199.4211051414413,207.13614435826656,193.30260540940176,202.71337996319343,207.2947970786377,193.30260540940176,0.027553057294766425,0.027180303324940366,-0.0008928131896396296,0.00199914127894929,199.91692504882812,203.44919128417968,187.05669158935547,0.013072023302302645,0.013887201306202294,6.237496132859519,4.988005613995853,4235100.0
2025-03-03,200.2739105224609,206.73946634006177,199.13350240695937,205.3610715879605,5376400,205.25201416015625,206.997314453125,203.85379028320312,205.5891871551165,208.5244509201008,204.2107702693288,199.35169102225697,205.4205772594834,197.81462161744636,200.2640085461604,207.97903963496685,198.14186840279476,-0.02425361650196023,-0.024552579309998216,0.027553057294766425,-0.008361015766194302,200.56149597167968,203.36936264038087,187.77940032958983,0.018950338530782623,0.014796666886430755,7.605963933102402,-5.0871610654996005,4450560.0
2025-03-04,197.1105499267578,201.3448904438128,191.64654111426404,196.3469741239285,6164200,200.2739105224609,198.1617126464844,201.8704833984375,206.73946634006177,207.37414803249223,204.151269520519,199.13350240695937,196.78331772526943,201.37465769687205,205.3610715879605,206.62049837179785,204.12152118893704,-0.01579517066127456,-0.015921243695070215,-0.02425361650196023,-0.04268462047434651,200.4623291015625,203.10459060668944,188.43864379882814,0.020826934324436303,0.015173646097224089,9.698349329548762,0.7635758028293083,4859120.0
2025-03-05,200.80941772460935,202.762972282862,197.03122813807408,197.20971813520163,6221200,197.1105499267578,197.05105590820312,202.40599060058597,201.3448904438128,201.553146596252,203.0208096956161,191.64654111426404,195.78172819817317,197.30890243715845,196.3469741239285,200.9383275716839,198.3303022834059,0.018765448116429884,0.018591549253234828,-0.01579517066127456,-0.005604799854867282,200.63884582519532,203.12045822143554,189.28769866943358,0.02204570951870452,0.01567094824275924,5.7317441447879105,3.59969958940772,5471880.0
2025-03-06,194.4132537841797,198.5484381742799,193.6496779937864,197.33862229442528,5621400,200.80941772460935,197.60638427734372,200.4920654296875,202.762972282862,198.40961951293065,202.8323632530408,197.03122813807408,193.21336058335388,198.7566755433865,197.20971813520163,197.31879688966453,201.2358039523879,-0.03185191219069905,-0.032370220132236546,0.018765448116429884,0.0028181953483126243,199.57182922363282,202.69751892089843,189.91279663085936,0.026611524382122866,0.016953887385281932,4.898760180493497,-2.9253685102455904,5900120.0
2025-03-07,192.23162841796875,194.11576001046583,186.11312601286303,193.4414443268857,7681300,194.4132537841797,199.9268341064453,202.87203979492188,198.5484381742799,202.89187716184665,203.5661927300528,193.6496779937864,198.32036372270105,200.10532398942988,197.33862229442528,200.0755757599775,202.177886859791,-0.011221587642541997,-0.011285024679800826,-0.03185191219069905,0.011742787752468509,196.9677520751953,202.09211502075195,190.42357360839844,0.019377662203876513,0.016927674490466695,8.0026339976028,-1.2098159089169371,6212900.0
2025-03-10,190.8705139160156,190.95994010877692,186.6879027717532,187.96950639308469,6195000,192.23162841796875,199.7483367919922,204.33970642089844,194.11576001046583,203.7546169727818,204.37938095462903,186.11312601286303,199.4211051414413,202.35640341360036,193.4414443268857,202.71337996319343,203.28855824805464,-0.00708059601406319,-0.00710578239415902,-0.011221587642541997,-0.0008928131896396296,195.08707275390626,201.45733032226562,190.89425750732423,0.018350545597843732,0.016952639574193823,4.272037337023733,2.901007522930911,6376620.0
2025-03-11,190.4731292724609,192.42037370923856,187.09524760728644,188.69476224343495,5356700,190.8705139160156,205.25201416015625,203.5662078857422,190.95994010877692,205.5891871551165,206.10483316973767,186.6879027717532,199.35169102225697,202.79272096738103,187.96950639308469,200.2640085461604,204.75618659619005,-0.0020819593105383394,-0.0020841296006507176,-0.00708059601406319,0.027553057294766425,193.75958862304688,200.8056510925293,191.3080859375,0.018186694791623364,0.01694188728293101,5.325126101952122,1.778367029025958,6215120.0
2025-03-12,193.73179626464844,195.96716314462515,191.17850326293456,193.65231473421417,4735000,190.4731292724609,200.2739105224609,203.5067138671875,192.42037370923856,206.73946634006177,204.9346943908605,187.09524760728644,199.13350240695937,201.70190094660063,188.69476224343495,205.3610715879605,204.41903139477847,0.017108276661566224,0.016963578126446898,-0.0020819593105383394,-0.02425361650196023,192.34406433105468,200.1384078979492,191.77401977539063,0.017612770223763445,0.016914229806003586,4.788659881690592,0.07948153043426487,5917880.0
2025-03-13,191.1685943603516,194.3477801226119,190.4234719867177,193.2847467525288,3837200,193.73179626464844,197.1105499267578,207.07666015625,195.96716314462515,201.3448904438128,207.4038918145416,191.17850326293456,191.64654111426404,202.73322202394183,193.65231473421417,196.3469741239285,203.288544407152,-0.013230672268146226,-0.013318977367918778,0.017108276661566224,-0.01579517066127456,191.69513244628905,199.30234756469727,192.22419036865233,0.012182406161786865,0.016969394166270753,3.924308135894222,-2.116152392177213,5561040.0
2025-03-14,195.8280792236328,196.41423847095837,192.34091225985225,194.09939000182885,3263200,191.1685943603516,200.80941772460935,207.88980102539065,194.3477801226119,202.762972282862,209.6549393250034,190.4234719867177,197.03122813807408,204.4190210897521,193.2847467525288,197.20971813520163,204.9743434584303,0.0243736942193451,0.024081395805536435,-0.013230672268146226,0.018765448116429884,192.41442260742187,198.7627265930176,192.8068197631836,0.01615096095681878,0.018105291623094027,4.073326211106121,1.7286892218039611,4677420.0
2025-03-17,200.7160797119141,202.27587636162067,195.0531531726189,195.71879395219327,3733000,195.8280792236328,194.4132537841797,206.62049865722656,196.41423847095837,198.5484381742799,209.53595636848289,192.34091225985225,193.6496779937864,204.5479507389037,194.09939000182885,197.33862229442528,209.35745123748737,0.02496067217561415,0.024654243245120663,0.0243736942193451,-0.03185191219069905,194.38353576660157,198.4719680786133,193.51319061279298,0.017075822704765223,0.019121382928452592,7.222723189001783,4.997285759720825,4185020.0
2025-03-18,199.48416137695312,200.66642467192804,198.22243170007,200.4876025733036,3983100,200.7160797119141,192.23162841796875,206.53125,202.27587636162067,194.11576001046583,207.4138191778585,195.0531531726189,186.11312601286303,203.25879721610443,195.71879395219327,193.4414443268857,206.91799345700767,-0.006137616561309511,-0.006156529155045651,0.02496067217561415,-0.011221587642541997,196.1857421875,198.02986907958984,194.1592236328125,0.017883842681502532,0.019002669210788633,2.4439929718580515,-1.0034411963504795,3910300.0
2025-03-19,204.2330780029297,205.47494859887237,200.0107179767247,200.0107179767247,3564000,199.48416137695312,190.8705139160156,208.32614135742188,200.66642467192804,190.95994010877692,210.4185265515625,198.22243170007,186.6879027717532,207.572491692142,200.4876025733036,187.96950639308469,208.1178878921811,0.023805983358261784,0.023527039289028658,-0.006137616561309511,-0.00708059601406319,198.28599853515624,197.80439224243165,194.83339721679687,0.01882997004467462,0.01985053848227914,5.4642306221476815,4.222360026204996,3676100.0
2025-03-20,202.6037139892578,204.82915138724223,201.7890548225608,203.66676241601417,3970800,204.2330780029297,190.4731292724609,208.74261474609372,205.47494859887237,192.42037370923856,210.0119272974583,200.0107179767247,187.09524760728644,207.13614435826656,200.0107179767247,188.69476224343495,207.2947970786377,-0.007977963362274298,-0.008009957591453265,0.023805983358261784,-0.0020819593105383394,200.5730224609375,197.58471221923827,195.46526580810547,0.017236375161164007,0.01984314779020744,3.0400965646814484,-1.0630484267563531,3702820.0
2025-03-21,202.80242919921875,202.9812512783514,199.5139584723814,201.28238088838185,7976300,202.6037139892578,193.73179626464844,206.997314453125,204.82915138724223,195.96716314462515,208.5244509201008,201.7890548225608,191.17850326293456,205.4205772594834,203.66676241601417,193.65231473421417,207.97903963496685,0.0009808073408341667,0.0009803266635897538,-0.007977963362274298,0.017108276661566224,201.9678924560547,197.816748046875,196.1038851928711,0.016109888283962755,0.01723236656100765,3.467292805970004,1.5200483108368985,4645440.0
2025-03-24,208.8627471923828,209.5085289582092,204.26286909697035,205.57427648250396,4043900,202.80242919921875,191.1685943603516,198.1617126464844,202.9812512783514,194.3477801226119,207.37414803249223,199.5139584723814,190.4234719867177,196.78331772526943,201.28238088838185,193.2847467525288,206.62049837179785,0.02988286687242203,0.029445074291680858,0.0009808073408341667,-0.013230672268146226,203.59722595214845,198.40733261108397,196.85220794677736,0.017557506606129182,0.01827932423469633,5.245659861238863,3.288470709878851,4707620.0
2025-03-25,210.75038146972656,211.37627384953515,208.882603517067,209.39922585367407,4315200,208.8627471923828,195.8280792236328,197.05105590820312,209.5085289582092,196.41423847095837,201.553146596252,204.26286909697035,192.34091225985225,195.78172819817317,205.57427648250396,194.09939000182885,200.9383275716839,0.009037678105445313,0.008997082701476271,0.02988286687242203,0.0243736942193451,205.85046997070313,199.0645324707031,197.66208282470703,0.015691139987570647,0.01832759445900636,2.493670332468156,1.3511556160524947,4774040.0
2025-03-26,206.02134704589844,212.8168740562606,205.3457767592394,210.90934759610656,4791100,210.75038146972656,200.7160797119141,197.60638427734372,211.37627384953515,202.27587636162067,198.40961951293065,208.882603517067,195.0531531726189,193.21336058335388,209.39922585367407,195.71879395219327,197.31879688966453,-0.022439031383235886,-0.022694617081208235,0.009037678105445313,0.02496067217561415,206.20812377929687,199.36925811767577,198.37975646972657,0.01952431024520954,0.0190852362418494,7.471097297021174,-4.888000550208119,5019460.0
2025-03-27,204.54104614257807,206.33927222267275,201.48107537463704,205.01792017563776,3301900,206.02134704589844,199.48416137695312,199.9268341064453,212.8168740562606,200.66642467192804,202.89187716184665,205.3457767592394,198.22243170007,198.32036372270105,210.90934759610656,200.4876025733036,200.0755757599775,-0.007185182140327373,-0.0072111198811301465,-0.022439031383235886,-0.006137616561309511,206.59559020996093,199.60889358520507,198.96290802001954,0.019427045558556948,0.019181421332722284,4.858196848035703,-0.476874033059687,4885680.0
2025-03-28,198.5800628662109,205.51466340913788,198.29194042436845,204.2628634178118,5178400,204.54104614257807,204.2330780029297,199.7483367919922,206.33927222267275,205.47494859887237,203.7546169727818,201.48107537463704,200.0107179767247,199.4211051414413,205.01792017563776,200.0107179767247,202.71337996319343,-0.02914321300680145,-0.029576311791841177,-0.007185182140327373,0.023805983358261784,205.75111694335936,199.27529602050782,199.35881286621094,0.023980979195750596,0.0192959399412779,7.222722984769433,-5.682800551600877,4326100.0
2025-03-31,198.84832763671875,200.2591060725787,193.18540035589876,196.2453715370121,6923100,198.5800628662109,202.6037139892578,205.25201416015625,205.51466340913788,204.82915138724223,205.5891871551165,198.29194042436845,201.7890548225608,199.35169102225697,204.2628634178118,203.66676241601417,200.2640085461604,0.0013509149238641882,0.0013500032592602767,-0.02914321300680145,-0.007977963362274298,203.74823303222655,199.2040168762207,199.77099060058595,0.01596767145400293,0.018539616477526118,7.073705716679939,2.6029560997066596,4901940.0
2025-04-01,202.46463012695312,203.17001926011304,197.1792370198773,198.2621444866876,3854000,198.84832763671875,202.80242919921875,200.2739105224609,200.2591060725787,202.9812512783514,206.73946634006177,193.18540035589876,199.5139584723814,199.13350240695937,196.2453715370121,201.28238088838185,205.3610715879605,0.018186235374536786,0.018022843807545055,0.0013509149238641882,0.0009808073408341667,202.09108276367186,199.47172088623046,200.19381408691407,0.01890254645378273,0.018591629480743364,5.990782240235745,4.202485640265536,4809700.0
2025-04-02,198.4707946777344,200.87505432351267,197.13949788250744,198.1826722111829,6026500,202.46463012695312,208.8627471923828,197.1105499267578,203.17001926011304,209.5085289582092,201.3448904438128,197.1792370198773,204.26286909697035,191.64654111426404,198.2621444866876,205.57427648250396,196.3469741239285,-0.01972608967163514,-0.01992324603539521,0.018186235374536786,0.02988286687242203,200.58097229003906,199.35478973388672,200.44453704833984,0.018411499834465,0.018702789220374605,3.7355564410052295,0.2881224665514992,5056780.0
2025-04-03,186.4097442626953,192.8873302191272,185.50565885248668,188.60536293371308,12750500,198.4707946777344,210.75038146972656,200.80941772460935,200.87505432351267,211.37627384953515,202.762972282862,197.13949788250744,208.882603517067,197.03122813807408,198.1826722111829,209.39922585367407,197.20971813520163,-0.06076990035044272,-0.0626947822430068,-0.01972608967163514,0.009037678105445313,196.9547119140625,198.9546142578125,200.43698303222655,0.03016750906884888,0.022074583774310794,7.381671366640518,-2.195618671017769,6946500.0
2025-04-07,166.60934448242188,174.19965642827293,158.323588083329,162.14855531548722,18545500,165.7251434326172,204.54104614257807,192.23162841796875,181.96881675128333,206.33927222267275,194.11576001046583,164.34418394822046,201.48107537463704,186.11312601286303,178.51143812711706,205.01792017563776,193.4414443268857,0.005335346414493847,0.005321163877280005,-0.11096308785729914,-0.007185182140327373,183.93593139648436,196.41623153686524,199.1990524291992,0.05271031879291876,0.03302040940394692,15.876068344943917,4.46078916693466,11868720.0
2025-04-08,168.2684783935547,177.1900868731519,165.2780597229525,174.85536429740557,11903400,166.60934448242188,198.5800628662109,190.8705139160156,174.19965642827293,205.51466340913788,190.95994010877692,158.323588083329,198.29194042436845,186.6879027717532,162.14855531548722,204.2628634178118,187.96950639308469,0.00995822843122629,0.009908972009018018,0.005335346414493847,-0.02914321300680145,177.0967010498047,195.3059989929199,198.70769134521484,0.050783072012713246,0.03320926021549145,11.912027150199407,-6.5868859038508845,13478600.0
2025-04-10,180.32952880859372,184.2041739223821,174.81563583361594,180.71699180401737,8150900,186.0520782470703,202.46463012695312,193.73179626464844,187.88010801596744,203.17001926011304,195.96716314462515,164.62235325685424,197.1792370198773,191.17850326293456,164.73163846910094,198.2621444866876,193.65231473421417,-0.030757782941167933,-0.031240732322680757,0.10568586596428631,0.018186235374536786,173.39691467285155,194.38005981445312,198.23043212890624,0.07821435481125198,0.041769799825725984,9.388538088766154,-0.3874629954236468,13863100.0
2025-04-11,180.48851013183597,183.05173296068972,173.9115680510084,177.84580576260444,6491100,180.32952880859372,198.4707946777344,191.1685943603516,184.2041739223821,200.87505432351267,194.3477801226119,174.81563583361594,197.13949788250744,190.4234719867177,180.71699180401737,198.1826722111829,193.2847467525288,0.0008816155861584019,0.0008812271913973433,-0.030757782941167933,-0.01972608967163514,176.3495880126953,193.6130813598633,197.7631265258789,0.0514392643564398,0.04131466157994656,9.140164909681317,2.6427043692315237,11527900.0
2025-04-14,184.7903289794922,186.38985877757847,182.634443627211,184.14456238827708,5319100,180.48851013183597,186.4097442626953,195.8280792236328,183.05173296068972,192.8873302191272,196.41423847095837,173.9115680510084,185.50565885248668,192.34091225985225,177.84580576260444,188.60536293371308,194.09939000182885,0.023834308591244913,0.023554705508624256,0.0008816155861584019,-0.06076990035044272,179.98578491210938,192.8167938232422,197.4215234375,0.05094367303830422,0.04127492834629482,3.755415150367469,0.6457665912151072,8882620.0
2025-04-15,184.4624786376953,187.214467968089,181.10445588420885,182.68412671459976,4999300,184.7903289794922,165.7251434326172,200.7160797119141,186.38985877757847,181.96881675128333,202.27587636162067,182.634443627211,164.34418394822046,195.0531531726189,184.14456238827708,178.51143812711706,195.71879395219327,-0.0017741747828873278,-0.0017757504949690137,0.023834308591244913,-0.11096308785729914,183.2245849609375,192.0657096862793,197.06265319824217,0.05189374207168578,0.041270716268933944,6.11001208388015,1.7783519230955562,7501800.0
2025-04-16,181.263427734375,184.67112850596064,180.1010386848091,182.87290232262652,5128000,184.4624786376953,166.60934448242188,199.48416137695312,187.214467968089,174.19965642827293,200.66642467192804,181.10445588420885,158.323588083329,198.22243170007,182.68412671459976,162.14855531548722,200.4876025733036,-0.017342556204091752,-0.017494699938753133,-0.0017741747828873278,0.005335346414493847,182.26685485839843,190.91722717285157,196.67808044433593,0.02056826285642224,0.04088318649589115,4.570089821151527,-1.6094745882515156,6017680.0
2025-04-17,180.60772705078125,183.04180567062096,180.4090307772066,182.1973275584863,4932000,181.263427734375,168.2684783935547,204.2330780029297,184.67112850596064,177.1900868731519,205.47494859887237,180.1010386848091,165.2780597229525,200.0107179767247,182.87290232262652,174.85536429740557,200.0107179767247,-0.0036173909529870762,-0.003623949533049707,-0.017342556204091752,0.00995822843122629,182.32249450683594,189.81742782592772,196.23279418945313,0.014875008178164555,0.04087892306866853,2.632774893414364,-1.5896005077050575,5373900.0
2025-04-21,177.19009399414062,179.61421254438898,174.8752454977998,178.12396790241826,8501600,180.60772705078125,186.0520782470703,202.6037139892578,183.04180567062096,187.88010801596744,204.82915138724223,180.4090307772066,164.62235325685424,201.7890548225608,182.1973275584863,164.73163846910094,203.66676241601417,-0.018922961450479336,-0.019104291868623054,-0.0036173909529870762,0.10568586596428631,181.66281127929688,188.53681106567382,195.68980194091796,0.017172797856854,0.040969647794580524,4.738967046589181,-0.9338739082776328,5776000.0
2025-04-22,187.94964599609372,188.76432033940685,180.9157046627998,185.2870828594704,13041000,177.19009399414062,180.32952880859372,202.80242919921875,179.61421254438898,184.2041739223821,202.9812512783514,174.8752454977998,174.81563583361594,199.5139584723814,178.12396790241826,180.71699180401737,201.28238088838185,0.06072321403198133,0.05895095286723299,-0.018922961450479336,-0.030757782941167933,182.2946746826172,187.49115600585938,195.377470703125,0.0327478289130027,0.04292215565170123,7.848615676607039,2.6625631366233335,7320380.0
2025-04-23,192.4203948974609,195.7486142372172,191.31762833532255,194.66570669020587,7235700,187.94964599609372,180.48851013183597,208.8627471923828,188.76432033940685,183.05173296068972,209.5085289582092,180.9157046627998,173.9115680510084,204.26286909697035,185.2870828594704,177.84580576260444,205.57427648250396,0.023786950369994786,0.023508448691303856,0.06072321403198133,0.0008816155861584019,183.88625793457032,186.57465667724608,195.15574432373046,0.03364051716823585,0.043289997731443916,4.430985901894644,-2.245311792744957,7767660.0
2025-04-24,196.1261444091797,196.41425171913716,192.78799561886476,193.0661734214282,5906300,192.4203948974609,184.7903289794922,210.75038146972656,195.7486142372172,186.38985877757847,211.37627384953515,191.31762833532255,182.634443627211,208.882603517067,194.66570669020587,184.14456238827708,209.39922585367407,0.019258610885262595,0.01907551093786769,0.023786950369994786,0.023834308591244913,186.85880126953126,186.07989654541012,194.93673400878907,0.030313258130867635,0.04334128566426306,3.6262561002724,3.059970987751484,7923320.0
2025-04-25,197.1394805908203,198.6893476869521,195.9770916383853,197.40772885970583,4390600,196.1261444091797,184.4624786376953,206.02134704589844,196.41425171913716,187.214467968089,212.8168740562606,192.78799561886476,181.10445588420885,205.3457767592394,193.0661734214282,182.68412671459976,210.90934759610656,0.005166757265805844,0.00515345537424035,0.019258610885262595,-0.0017741747828873278,190.16515197753907,185.70981826782224,194.72172760009767,0.029104737942943125,0.043344916038855597,2.712256048566786,-0.26824826888551456,7815040.0
2025-04-28,199.5536956787109,200.1696586208675,197.30839918024296,198.202539913022,3416900,197.1394805908203,181.263427734375,204.54104614257807,198.6893476869521,184.67112850596064,206.33927222267275,195.9770916383853,180.1010386848091,201.48107537463704,197.40772885970583,182.87290232262652,205.01792017563776,0.012246228308278262,0.012171849875553548,0.005166757265805844,-0.017342556204091752,194.63787231445312,185.75849990844728,194.58039154052733,0.021585200247162567,0.042913534574182406,2.8612594406245364,1.351155765688901,6798100.0
2025-04-29,199.19602966308597,201.1134704525845,198.35155165306247,199.1861001564517,3444200,199.5536956787109,180.60772705078125,198.5800628662109,200.1696586208675,183.04180567062096,205.51466340913788,197.30839918024296,180.4090307772066,198.29194042436845,198.202539913022,182.1973275584863,204.2628634178118,-0.0017923297005774108,-0.0017939378452928333,0.012246228308278262,-0.0036173909529870762,196.88714904785155,185.77588500976563,194.43368713378905,0.010347053069261957,0.042918426907666896,2.7619187995220216,0.00992950663427905,4878740.0
2025-04-30,200.229248046875,200.71606671663545,195.57969239760905,197.3083815069663,4436300,199.19602966308597,177.19009399414062,198.84832763671875,201.1134704525845,179.61421254438898,200.2591060725787,198.35155165306247,174.8752454977998,193.18540035589876,199.1861001564517,178.12396790241826,196.2453715370121,0.005186942659131333,0.005173536808991778,-0.0017923297005774108,-0.018922961450479336,198.44891967773438,185.66411590576172,194.27174926757812,0.008009621934477604,0.04274204572008648,5.136374319026402,2.920866539908701,4318860.0
2025-05-01,202.28579711914065,203.905201058237,199.5536820933065,200.93464144543697,4687600,200.229248046875,187.94964599609372,202.46463012695312,200.71606671663545,188.76432033940685,203.17001926011304,195.57969239760905,180.9157046627998,197.1792370198773,197.3083815069663,185.2870828594704,198.2621444866876,0.010270972359563535,0.010218584334899777,0.005186942659131333,0.06072321403198133,199.68085021972655,185.85486602783203,194.14261291503905,0.005456639712256903,0.04252736490112594,4.351518964930506,1.351155673703687,4075120.0
2025-05-02,206.3492126464844,207.3625832849578,204.22313081881853,204.97819783395883,3831700,202.28579711914065,192.4203948974609,198.4707946777344,203.905201058237,195.7486142372172,200.87505432351267,199.5536820933065,191.31762833532255,197.13949788250744,200.93464144543697,194.66570669020587,198.1826722111829,0.020087497912423924,0.019888405884173718,0.010270972359563535,0.023786950369994786,201.52279663085938,186.8518394470215,194.12965087890626,0.008153220849250879,0.040034399709972336,3.139452466139261,1.3710148125255728,3963340.0
2025-05-05,207.58116149902344,209.1508877909186,204.31254951894985,204.96826084839088,4466500,206.3492126464844,196.1261444091797,186.4097442626953,207.3625832849578,196.41425171913716,192.8873302191272,204.22313081881853,192.78799561886476,185.50565885248668,204.97819783395883,193.0661734214282,188.60536293371308,0.005970213487800358,0.005952462380151174,0.020087497912423924,0.019258610885262595,203.12828979492187,188.94464035034179,194.31803985595704,0.008049420074646178,0.02912803627838212,4.838338271968752,2.612900650632554,4173260.0
2025-05-06,207.24334716796875,208.465343448501,204.5807690349583,204.68012473497453,3169600,207.58116149902344,197.1394805908203,165.7251434326172,209.1508877909186,198.6893476869521,181.96881675128333,204.31254951894985,195.9770916383853,164.34418394822046,204.96826084839088,197.40772885970583,178.51143812711706,-0.0016273843378425967,-0.0016287099661338158,0.005970213487800358,0.005166757265805844,204.73775329589844,190.97634048461913,194.52188568115236,0.007999723078815317,0.029249582116780512,3.88457441354268,2.5632224329942233,4118340.0
2025-05-07,208.5547637939453,209.26015291263,206.86582293512475,207.5413932148321,3968300,207.24334716796875,199.5536956787109,166.60934448242188,208.465343448501,200.1696586208675,174.19965642827293,204.5807690349583,197.30839918024296,158.323588083329,204.68012473497453,198.202539913022,162.14855531548722,0.006327906993866872,0.006307969853117625,-0.0016273843378425967,0.012246228308278262,206.4028564453125,192.99065475463868,194.74085327148438,0.007916052134212554,0.02927000381862843,2.3943299775052367,1.0133705791132002,4024740.0
2025-05-08,213.09507751464844,215.3900520878244,209.14095038555115,209.62776914574616,5870300,208.5547637939453,199.19602966308597,168.2684783935547,209.26015291263,201.1134704525845,177.1900868731519,206.86582293512475,198.35155165306247,165.2780597229525,207.5413932148321,199.1861001564517,174.85536429740557,0.021770366872027047,0.021536776585851333,0.006327906993866872,-0.0017923297005774108,208.56471252441406,194.3428047180176,195.00421813964843,0.010049128056999212,0.019339859391073237,6.2491017022732365,3.4673083689022803,4261280.0
2025-05-09,213.56198120117188,214.71442544124497,211.34647343476888,213.81035528766583,3778200,213.09507751464844,200.229248046875,186.0520782470703,215.3900520878244,200.71606671663545,187.88010801596744,209.14095038555115,195.57969239760905,164.62235325685424,209.62776914574616,197.3083815069663,164.73163846910094,0.0021910580571311566,0.0021886611899046126,0.021770366872027047,0.005186942659131333,210.00726623535155,196.0044273376465,195.28049102783203,0.008905146388905697,0.017245642835109605,3.367952006476088,-0.24837408649395343,4250580.0
2025-05-12,217.5260467529297,218.5493468933437,209.77677133772724,217.91350976571212,5468000,213.56198120117188,202.28579711914065,180.32952880859372,214.71442544124497,203.905201058237,184.2041739223821,211.34647343476888,199.5536820933065,174.81563583361594,213.81035528766583,200.93464144543697,180.71699180401737,0.018561663126845263,0.018391497931932878,0.0021910580571311566,0.010270972359563535,211.99624328613282,197.85630416870117,195.5259716796875,0.010246485399354157,0.017280590436352116,8.77257555561647,-0.3874630127824332,4450880.0
2025-05-13,220.13894653320312,222.09613576423024,217.87377582635347,218.5692203136226,7188700,217.5260467529297,206.3492126464844,180.48851013183597,218.5493468933437,207.3625832849578,183.05173296068972,209.77677133772724,204.22313081881853,173.9115680510084,217.91350976571212,204.97819783395883,177.84580576260444,0.012011893836517018,0.011940323599092584,0.018561663126845263,0.020087497912423924,214.5753631591797,199.6237350463867,195.92327239990234,0.008166313411360928,0.01696430879360221,4.222359937876774,1.5697262195805308,5254700.0
2025-05-14,221.7881622314453,221.89744745189813,219.0162985306661,221.49011025206912,4764700,220.13894653320312,207.58116149902344,184.7903289794922,222.09613576423024,209.1508877909186,186.38985877757847,217.87377582635347,204.31254951894985,182.634443627211,218.5692203136226,204.96826084839088,184.14456238827708,0.007491703418292861,0.007463779984241682,0.012011893836517018,0.005970213487800358,217.2220428466797,201.49001922607422,196.4168246459961,0.0079723619885348,0.016782309240707297,2.8811489212320396,0.2980519793761971,5413980.0
2025-05-15,227.88821411132807,228.59358808154283,221.99677244636857,221.99677244636857,7207700,221.7881622314453,207.24334716796875,184.4624786376953,221.89744745189813,208.465343448501,187.214467968089,219.0162985306661,204.5807690349583,181.10445588420885,221.49011025206912,204.68012473497453,182.68412671459976,0.027503956110683125,0.02713251761021581,0.007491703418292861,-0.0016273843378425967,220.18067016601563,203.82125854492185,196.95840057373047,0.009847892254514514,0.016000698411508328,6.596815635174266,5.891441664959501,5681460.0
2025-05-16,230.27261352539065,230.8091101153471,226.10986083774773,227.58024654688128,4651700,227.88821411132807,208.5547637939453,181.263427734375,228.59358808154283,209.26015291263,184.67112850596064,221.99677244636857,206.86582293512475,180.1010386848091,221.99677244636857,207.5413932148321,182.87290232262652,0.010463022071416805,0.010408663497185144,0.027503956110683125,0.006327906993866872,223.52279663085938,206.30450286865235,197.6755877685547,0.007979798307038932,0.015599251778264222,4.699249277599364,2.6923669785093693,5856160.0
2025-05-19,233.759765625,234.33599536684255,227.4311982905816,228.0074280324242,4734400,230.27261352539065,213.09507751464844,180.60772705078125,230.8091101153471,215.3900520878244,183.04180567062096,226.10986083774773,209.14095038555115,180.4090307772066,227.58024654688128,209.62776914574616,182.1973275584863,0.015143581541123385,0.015030062135705327,0.010463022071416805,0.021770366872027047,226.76954040527343,209.13298645019532,198.5061505126953,0.0077639962232621375,0.013757827956504308,6.904797076260962,5.752337592575799,5709440.0
2025-05-20,233.7299652099609,234.54463956104783,232.2794689081244,232.63712823014137,4311000,233.759765625,213.56198120117188,177.19009399414062,234.33599536684255,214.71442544124497,179.61421254438898,227.4311982905816,211.34647343476888,174.8752454977998,228.0074280324242,213.81035528766583,178.12396790241826,-0.00012748308058663227,-0.00012749120724523186,0.015143581541123385,0.0021910580571311566,229.487744140625,211.42200241088867,199.36333953857422,0.010246616049432177,0.008682061351290505,2.2651706529234445,1.0928369798195376,5133900.0
2025-05-21,232.02114868164065,235.75670494589735,231.14688213516652,233.3325712406803,4631000,233.7299652099609,217.5260467529297,187.94964599609372,234.54463956104783,218.5493468933437,188.76432033940685,232.2794689081244,209.77677133772724,180.9157046627998,232.63712823014137,217.91350976571212,185.2870828594704,-0.007311071675320746,-0.007337928541555994,-0.00012748308058663227,0.018561663126845263,231.53434143066406,213.40204010009765,200.19429992675782,0.01352360998336423,0.009047491755138472,4.609822810730833,-1.3114225590396416,5107160.0
2025-05-22,228.7724151611328,230.9382299881563,227.92793717618048,229.6864300095644,6909400,232.02114868164065,220.13894653320312,192.4203948974609,235.75670494589735,222.09613576423024,195.7486142372172,231.14688213516652,217.87377582635347,191.31762833532255,233.3325712406803,218.5692203136226,194.66570669020587,-0.01400188534091551,-0.014100836491791698,-0.007311071675320746,0.012011893836517018,231.711181640625,215.03435363769532,200.8951123046875,0.012091860104522,0.010138694167246078,3.0102928119758303,-0.9140148484315773,5047500.0
2025-05-23,231.27603149414065,232.17018739320537,226.527119684758,227.35172355586707,4234200,228.7724151611328,221.7881622314453,196.1261444091797,230.9382299881563,221.89744745189813,196.41425171913716,227.92793717618048,219.0162985306661,192.78799561886476,229.6864300095644,221.49011025206912,193.0661734214282,0.010943698484122022,0.010884249550083144,-0.01400188534091551,0.007491703418292861,231.911865234375,216.74118118286134,201.69726104736327,0.012189081058652506,0.010142715613004621,5.643067708447376,3.9243079382735857,4964000.0
2025-05-27,240.20758056640625,240.70432881228925,233.57103127799536,233.8889422723927,7162400,231.27603149414065,227.88821411132807,197.1394805908203,232.17018739320537,228.59358808154283,198.6893476869521,226.527119684758,221.99677244636857,195.9770916383853,227.35172355586707,221.99677244636857,197.40772885970583,0.0386185676680979,0.037891529861287056,0.010943698484122022,0.027503956110683125,233.20142822265626,218.77387542724608,202.58485107421876,0.02063075192029173,0.012217015544136107,7.133297534293888,6.318638294013539,5449600.0
2025-05-28,242.0852813720703,244.400129950504,240.02875157618607,240.20757366297903,9570500,240.20758056640625,230.27261352539065,199.5536956787109,240.70432881228925,230.8091101153471,200.1696586208675,233.57103127799536,226.10986083774773,197.30839918024296,233.8889422723927,227.58024654688128,198.202539913022,0.00781699229156918,0.007786597899723998,0.0386185676680979,0.010463022071416805,234.87249145507812,220.9183380126953,203.41223510742188,0.02038144141211853,0.011940156359490839,4.371378374317942,1.8777077090912826,6501500.0
2025-05-29,242.57208251953125,243.34700849192177,239.91944897410957,242.93967133322752,5243700,242.0852813720703,233.759765625,199.19602966308597,244.400129950504,234.33599536684255,201.1134704525845,240.02875157618607,227.4311982905816,198.35155165306247,240.20757366297903,228.0074280324242,199.1861001564517,0.00201086635545078,0.0020088472699886324,0.00781699229156918,0.015143581541123385,236.98267822265626,223.0354797363281,204.27399353027343,0.019107208025426353,0.012026452625461514,3.427559517812199,-0.3675888136962726,6624040.0
2025-05-30,244.31069946289065,245.2545179959161,240.72417690975243,241.80708433017583,9143000,242.57208251953125,233.7299652099609,200.229248046875,243.34700849192177,234.54463956104783,200.71606671663545,239.91944897410957,232.2794689081244,195.57969239760905,242.93967133322752,232.63712823014137,197.3083815069663,0.007167423906744963,0.007141860002890842,0.00201086635545078,-0.00012748308058663227,240.0903350830078,225.13672485351563,205.07554595947266,0.014506013966126543,0.012038792707649393,4.5303410861636735,2.5036151327148275,7070760.0
2025-06-02,245.8704833984375,246.48646147135307,242.9197978948214,244.251094584344,5450800,244.31069946289065,232.02114868164065,202.28579711914065,245.2545179959161,235.75670494589735,203.905201058237,240.72417690975243,231.14688213516652,199.5536820933065,241.80708433017583,233.3325712406803,200.93464144543697,0.006384427448228758,0.006364133323087526,0.007167423906744963,-0.007311071675320746,243.00922546386718,227.11278839111327,205.94088134765624,0.014831708542936894,0.011795022582315674,3.566663576531681,1.6193888140934973,7314080.0
2025-06-03,247.25146484375,248.87086896190448,242.5919639135056,245.8903795132589,6456200,245.8704833984375,228.7724151611328,206.3492126464844,246.48646147135307,230.9382299881563,207.3625832849578,242.9197978948214,227.92793717618048,204.22313081881853,244.251094584344,229.6864300095644,204.97819783395883,0.00561670285194249,0.005600987992814898,0.006384427448228758,-0.01400188534091551,244.41800231933593,229.0963035583496,206.82986206054687,0.002273257054011028,0.011799853545023721,6.278905048398883,1.3610853304911075,7172840.0
2025-06-04,249.24839782714844,251.41421284284567,248.0959382902099,248.35424191350177,5811500,247.25146484375,231.27603149414065,207.58116149902344,248.87086896190448,232.17018739320537,209.1508877909186,242.5919639135056,226.527119684758,204.31254951894985,245.8903795132589,227.35172355586707,204.96826084839088,0.008076526400603523,0.008044085815689564,0.00561670285194249,0.010943698484122022,245.85062561035156,231.1965560913086,207.63757507324217,0.002333024104397099,0.011543171609827289,3.318274552635785,0.8941559136466708,6421040.0
2025-06-05,250.2816162109375,251.36452367002823,248.4833901169579,250.83797178039504,4188200,249.24839782714844,240.20758056640625,207.24334716796875,251.41421284284567,240.70432881228925,208.465343448501,248.0959382902099,233.57103127799536,204.5807690349583,248.35424191350177,233.8889422723927,204.68012473497453,0.004145336109665054,0.004136767874581849,0.008076526400603523,0.0386185676680979,247.3925323486328,233.28289871215821,208.4281997680664,0.0015018878165267986,0.01158332394641283,2.8811335530703275,-0.5563555694575371,6209940.0
2025-06-06,253.96749877929688,255.7955285831979,250.43065389275492,251.3545983016263,5796700,250.2816162109375,242.0852813720703,208.5547637939453,251.36452367002823,244.400129950504,209.26015291263,248.4833901169579,240.02875157618607,206.86582293512475,250.83797178039504,240.20757366297903,207.5413932148321,0.014726940892266338,0.014619552548908095,0.004145336109665054,0.00781699229156918,249.32389221191406,235.32651977539064,209.38712280273438,0.004128730915357512,0.011285023038470057,5.364874690442974,2.612900477670564,5540680.0
2025-06-09,249.77493286132807,253.659507412719,249.5066845894064,252.3679590644332,5771600,253.96749877929688,242.57208251953125,213.09507751464844,255.7955285831979,243.34700849192177,215.3900520878244,250.43065389275492,239.91944897410957,209.14095038555115,251.3545983016263,242.93967133322752,209.62776914574616,-0.016508277390298032,-0.016646057447004536,0.014726940892266338,0.00201086635545078,250.1047821044922,237.13716735839844,210.29180053710937,0.011745217449761819,0.012569202177383883,4.15282282331259,-2.5930262031051257,5604840.0
2025-06-10,240.4261474609375,249.61598987421712,238.19078038743703,249.14904531721052,11230900,249.77493286132807,244.31069946289065,213.56198120117188,253.659507412719,245.2545179959161,214.71442544124497,249.5066845894064,240.72417690975243,211.34647343476888,252.3679590644332,241.80708433017583,213.81035528766583,-0.037428837607098475,-0.038147280599587816,-0.016508277390298032,0.007167423906744963,248.73971862792968,238.28217239379882,211.1287222290039,0.021372085723387804,0.015878006390913357,11.42520948678009,-8.722897856273022,6559780.0
2025-06-11,243.9232482910156,245.3538855789859,236.9588285988204,241.06197371507503,6940800,240.4261474609375,245.8704833984375,217.5260467529297,249.61598987421712,246.48646147135307,218.5493468933437,238.19078038743703,242.9197978948214,209.77677133772724,249.14904531721052,244.251094584344,217.91350976571212,0.014545426389807714,0.014440656402812306,-0.037428837607098475,0.006384427448228758,247.67468872070313,239.47138748168945,212.03022064208983,0.022554754957950698,0.01594570227495425,8.39505698016552,2.8612745759405698,6785640.0
2025-06-12,238.42921447753903,241.84682947395848,237.12772141593325,238.43914398443283,8946600,243.9232482910156,247.25146484375,220.13894653320312,245.3538855789859,248.87086896190448,222.09613576423024,236.9588285988204,242.5919639135056,217.87377582635347,241.06197371507503,245.8903795132589,218.5692203136226,-0.022523616965455573,-0.022781147992958866,0.014545426389807714,0.00561670285194249,245.3042083740234,240.30344009399414,212.74951232910155,0.02325864512862115,0.017095981164999743,4.719108058025228,-0.00992950689379768,7737320.0
2025-06-13,235.06126403808597,236.4521529918641,232.18011526304173,233.47166366843723,7420300,238.42921447753903,249.24839782714844,221.7881622314453,241.84682947395848,251.41421284284567,221.89744745189813,237.12772141593325,248.0959382902099,219.0162985306661,238.43914398443283,248.35424191350177,221.49011025206912,-0.014125577886221374,-0.014226293429967363,-0.022523616965455573,0.008076526400603523,241.52296142578126,240.66209259033204,213.4813217163086,0.018943419809052574,0.01657980024108766,4.272037728822369,1.5896003696487355,8062040.0
2025-06-16,235.0016326904297,238.379529559164,234.5347033274201,236.0547516125073,4505600,235.06126403808597,250.2816162109375,227.88821411132807,236.4521529918641,251.36452367002823,228.59358808154283,232.18011526304173,248.4833901169579,221.99677244636857,233.47166366843723,250.83797178039504,221.99677244636857,-0.0002536842805653805,-0.00025371646386553016,-0.014125577886221374,0.004145336109665054,238.56830139160155,240.89854354858397,214.45315948486328,0.02002821034359158,0.016453756767733602,3.844826231743923,-1.0531189220776014,7808840.0
2025-06-17,234.2167816162109,237.4158413095868,233.352444579649,235.19040386563543,5720500,235.0016326904297,253.96749877929688,230.27261352539065,238.379529559164,255.7955285831979,230.8091101153471,234.5347033274201,250.43065389275492,226.10986083774773,236.0547516125073,251.3545983016263,227.58024654688128,-0.0033397686017470063,-0.0033453580774103057,-0.0002536842805653805,0.014726940892266338,237.32642822265626,240.92139434814453,215.82299224853514,0.014120584918414527,0.016142289919994123,4.063396729937807,-0.9736222494245226,6706760.0
2025-06-18,234.3558654785156,237.962262266018,230.72960967786625,234.4254175031863,7761100,234.2167816162109,249.77493286132807,233.759765625,237.4158413095868,253.659507412719,234.33599536684255,233.352444579649,249.5066845894064,227.4311982905816,235.19040386563543,252.3679590644332,228.0074280324242,0.0005938253499384594,0.0005936491054341959,-0.0033397686017470063,-0.016508277390298032,235.41295166015624,240.95268936157225,217.17792266845703,0.010050006058599018,0.016142274640571126,7.232652588151751,-0.06955202467071331,6870820.0
2025-06-20,237.813232421875,239.2339401807677,234.97183206364187,238.1609622315518,9142100,234.3558654785156,240.4261474609375,233.7299652099609,237.962262266018,249.61598987421712,234.54463956104783,230.72960967786625,238.19078038743703,232.2794689081244,234.4254175031863,249.14904531721052,232.63712823014137,0.014752636706147904,0.014644875113536557,0.0005938253499384594,-0.037428837607098475,235.28975524902344,241.24229354858397,218.56881774902342,0.010339456737637115,0.01635038076677553,4.26210811712582,-0.34772980967679246,6909920.0
2025-06-23,246.19834899902344,246.8441307771566,237.06811434076985,237.6840924386333,8052000,237.813232421875,243.9232482910156,232.02114868164065,239.2339401807677,245.3538855789859,235.75670494589735,234.97183206364187,236.9588285988204,231.14688213516652,238.1609622315518,241.06197371507503,233.3325712406803,0.03525925152168763,0.034651879913329214,0.014752636706147904,0.014545426389807714,237.51717224121094,242.11359024047852,219.7717431640625,0.01604988796757824,0.01757856877139911,9.776016436386755,8.514256560390152,7036260.0
2025-06-24,247.1322479248047,247.7680850618271,243.97293641384897,246.76465908045597,5255700,246.19834899902344,238.42921447753903,228.7724151611328,246.8441307771566,241.84682947395848,230.9382299881563,237.06811434076985,237.12772141593325,227.92793717618048,237.6840924386333,238.43914398443283,229.6864300095644,0.0037932785884968734,0.003786102249448975,0.03525925152168763,-0.022523616965455573,239.94329528808595,242.90640106201172,221.1077975463867,0.015534975786593594,0.01749867531471979,3.795148647978124,0.36758884434871675,7186280.0
2025-06-25,248.27476501464844,249.3576877022776,246.86400182806685,248.45360226453943,5197400,247.1322479248047,235.06126403808597,231.27603149414065,247.7680850618271,236.4521529918641,232.17018739320537,243.97293641384897,232.18011526304173,226.527119684758,246.76465908045597,233.47166366843723,227.35172355586707,0.004623099977593359,0.004612446273698416,0.0037932785884968734,-0.014125577886221374,242.75489196777343,243.30976028442382,222.46352264404297,0.014144329958011898,0.015433642481136297,2.4936858742107404,-0.17883724989098937,7081660.0
2025-06-26,249.36761474609372,253.81847470087104,248.37411827300173,249.5464368346648,6790300,248.27476501464844,235.0016326904297,240.20758056640625,249.3576877022776,238.379529559164,240.70432881228925,246.86400182806685,234.5347033274201,233.57103127799536,248.45360226453943,236.0547516125073,233.8889422723927,0.0044017753128506865,0.004392115835424439,0.004623099977593359,-0.0002536842805653805,245.75724182128906,243.673876953125,223.755068359375,0.013476552889954307,0.015381983879220372,5.444356427869309,-0.1788220885710814,6887500.0
2025-06-27,252.8547821044922,258.855494136399,250.14254097553115,250.2120930052868,26988000,249.36761474609372,234.2167816162109,242.0852813720703,253.81847470087104,237.4158413095868,244.400129950504,248.37411827300173,233.352444579649,240.02875157618607,249.5464368346648,235.19040386563543,240.20757366297903,0.013984042643023553,0.013887168006724623,0.0044017753128506865,-0.0033397686017470063,248.7655517578125,244.18801193237306,225.12291442871094,0.013449732726100326,0.01562998040195656,8.71295316086784,2.6426890992053984,10456680.0
2025-06-30,255.71604919433597,256.21279738704186,252.2189225134598,254.6430561193931,8135800,252.8547821044922,234.3558654785156,242.57208251953125,258.855494136399,237.962262266018,243.34700849192177,250.14254097553115,230.72960967786625,239.91944897410957,250.2120930052868,234.4254175031863,242.93967133322752,0.01131585120134826,0.011252305887347342,0.013984042643023553,0.0005938253499384594,250.669091796875,244.7582794189453,226.61196685791015,0.00469421096573206,0.015726674752553425,3.993874873582058,1.0729930749428718,10473440.0
2025-07-01,247.4004821777344,254.08670882411064,245.5029003816547,254.08670882411064,7178300,255.71604919433597,237.813232421875,244.31069946289065,256.21279738704186,239.2339401807677,245.2545179959161,252.2189225134598,234.97183206364187,240.72417690975243,254.6430561193931,238.1609622315518,241.80708433017583,-0.03251875290112116,-0.033059237109586005,0.01131585120134826,0.014752636706147904,250.72273864746094,244.83477935791015,227.94782196044923,0.018849188097087227,0.017512644401008828,8.583808442455933,-6.686226646376241,10857960.0
2025-07-02,243.1582489013672,247.50976807392743,242.0753414413861,246.38711226777963,6228600,247.4004821777344,246.19834899902344,245.8704833984375,254.08670882411064,246.8441307771566,246.48646147135307,245.5029003816547,237.06811434076985,242.9197978948214,254.08670882411064,237.6840924386333,244.251094584344,-0.017147231238294647,-0.017295947507763802,-0.03251875290112116,0.03525925152168763,249.69943542480468,244.630118560791,229.26718505859375,0.02009203584632386,0.01789520584718873,5.434426632541346,-3.2288633664124404,11064200.0
2025-07-03,245.2744140625,247.0825697600769,243.40663584252889,243.95306193449417,3089500,243.1582489013672,247.1322479248047,247.25146484375,247.50976807392743,247.7680850618271,248.87086896190448,242.0753414413861,243.97293641384897,242.5919639135056,246.38711226777963,246.76465908045597,245.8903795132589,0.008702831060406258,0.008665179717329547,-0.017147231238294647,0.0037932785884968734,248.88079528808595,244.4314193725586,230.4136804199219,0.020626260548948,0.017911878363307408,3.675933917548008,1.3213521280058274,10324040.0
2025-07-07,247.3936309814453,248.1796478213088,245.23459724158545,246.26935089730867,5336400,245.2744140625,248.27476501464844,249.24839782714844,247.0825697600769,249.3576877022776,251.41421284284567,243.40663584252889,246.86400182806685,248.0959382902099,243.95306193449417,248.45360226453943,248.35424191350177,0.008640187469392213,0.008603074670781901,0.008702831060406258,0.004623099977593359,247.78856506347657,244.287020111084,231.51314514160157,0.019632101610720175,0.018003179757398343,2.9450505797233575,1.1242800841366432,5993720.0
2025-07-08,245.80172729492188,248.19955387098327,242.11046622518103,246.74692416971772,5994500,247.3936309814453,249.36761474609372,250.2816162109375,248.1796478213088,253.81847470087104,251.36452367002823,245.23459724158545,248.37411827300173,248.4833901169579,246.26935089730867,249.5464368346648,250.83797178039504,-0.0064346995523212325,-0.00645549147265161,0.008640187469392213,0.0044017753128506865,245.80570068359376,243.87873153686525,232.5066567993164,0.017627130891920466,0.017684821926082384,6.089087645802238,-0.9451968747958404,5565460.0
2025-07-09,249.06515502929688,250.44813114458915,245.5728955334212,247.7319293144636,5589500,245.80172729492188,252.8547821044922,253.96749877929688,248.19955387098327,258.855494136399,255.7955285831979,242.11046622518103,250.14254097553115,250.43065389275492,246.74692416971772,250.2120930052868,251.3545983016263,0.01327666721584686,0.013189304675733149,-0.0064346995523212325,0.013984042643023553,246.13863525390624,243.84324264526367,233.54517028808593,0.012768994663239299,0.017606909255941963,4.875235611167966,1.3332257148332758,5247700.0
2025-07-10,251.29383850097656,251.4032681259183,245.50323812011143,249.3437351778092,5462500,249.06515502929688,255.71604919433597,249.77493286132807,250.44813114458915,256.21279738704186,253.659507412719,245.5728955334212,252.2189225134598,249.5066845894064,247.7319293144636,254.6430561193931,252.3679590644332,0.008948194585539415,0.008908396728818572,0.01327666721584686,0.01131585120134826,247.76575317382813,244.38662719726562,234.57997314453124,0.0075593652395042725,0.015323067273980969,5.900030005806855,1.9501033231673546,5094480.0
2025-07-11,254.12942504882807,255.5820547153473,250.12973284861675,250.2292336464008,7867200,251.29383850097656,247.4004821777344,240.4261474609375,251.4032681259183,254.08670882411064,249.61598987421712,245.50323812011143,245.5029003816547,238.19078038743703,249.3437351778092,254.08670882411064,249.14904531721052,0.01128394776714936,0.011220758930586232,0.008948194585539415,-0.03251875290112116,249.53675537109376,244.89693603515624,235.6786410522461,0.007820222899150218,0.015203049282066262,5.452321866730557,3.900191402427282,6050020.0
2025-07-14,261.01446533203125,261.13385414728003,254.7065032315433,254.89554564348097,7502200,254.12942504882807,243.1582489013672,243.9232482910156,255.5820547153473,247.50976807392743,245.3538855789859,250.12973284861675,242.0753414413861,236.9588285988204,250.2292336464008,246.38711226777963,241.06197371507503,0.027092652816100626,0.026732143835344606,0.01128394776714936,-0.017147231238294647,252.26092224121095,246.02619857788085,236.89434539794922,0.011961157048010918,0.015009872029596326,6.427350915736724,6.118919688550278,6483180.0
2025-07-15,263.33270263671875,263.7207162761735,260.41748411119335,262.58649219746377,9392400,261.01446533203125,245.2744140625,238.42921447753903,261.13385414728003,247.0825697600769,241.84682947395848,254.7065032315433,243.40663584252889,237.12772141593325,254.89554564348097,243.95306193449417,238.43914398443283,0.008881643022115693,0.008842433224654358,0.027092652816100626,0.008702831060406258,255.76711730957032,247.4397705078125,238.1152835083008,0.007599055663463566,0.014363505053654394,3.303232164980159,0.7462104392549804,7162760.0
2025-07-16,264.8350524902344,265.5116093349964,260.7060274633673,262.66607476611944,11912900,263.33270263671875,247.3936309814453,235.06126403808597,263.7207162761735,248.1796478213088,236.4521529918641,260.41748411119335,245.23459724158545,232.18011526304173,262.58649219746377,246.26935089730867,233.47166366843723,0.005705139690105998,0.005688927015153289,0.008881643022115693,0.008640187469392213,258.9210968017578,248.93144149780272,239.28500030517577,0.008459211054803085,0.014293111616378504,4.805581871629101,2.1689777241149386,8427440.0
2025-07-17,258.9648742675781,271.4216031593984,256.8555909129402,268.4367613488622,16260200,264.8350524902344,245.80172729492188,235.0016326904297,265.5116093349964,248.19955387098327,238.379529559164,260.7060274633673,242.11046622518103,234.5347033274201,262.66607476611944,246.74692416971772,236.0547516125073,-0.022165412650097416,-0.02241475684107481,0.005705139690105998,-0.0064346995523212325,260.45530395507814,250.1688461303711,240.31267456054687,0.017849187896483317,0.01551454793049075,14.566012246458172,-9.47188708128408,10586980.0
2025-07-18,261.93975830078125,268.33729235867764,261.2333542368941,264.0590008558239,8619800,258.9648742675781,249.06515502929688,234.2167816162109,271.4216031593984,250.44813114458915,237.4158413095868,256.8555909129402,245.5728955334212,233.352444579649,268.4367613488622,247.7319293144636,235.19040386563543,0.011487596692860036,0.01142211525968479,-0.022165412650097416,0.01327666721584686,262.0173706054687,251.54804077148438,241.4066027832031,0.017864030555774162,0.015537403943732635,7.1039381217835285,-2.1192425550426606,10737500.0
2025-07-21,261.5318603515625,264.9047466295524,258.2684340771029,262.3576837013588,5208500,261.93975830078125,251.29383850097656,234.3558654785156,268.33729235867764,251.4032681259183,237.962262266018,261.2333542368941,245.50323812011143,230.72960967786625,264.0590008558239,249.3437351778092,234.4254175031863,-0.0015572204535302392,-0.0015584341814923383,0.011487596692860036,0.008948194585539415,262.120849609375,252.73397216796874,242.46614471435547,0.013564857083567397,0.015464786205938415,6.63631255244951,-0.8258233497962806,10278760.0
2025-07-22,257.6913146972656,260.17868259974887,253.37324766216005,259.4125842166,4751300,261.5318603515625,254.12942504882807,237.813232421875,264.9047466295524,255.5820547153473,239.2339401807677,258.2684340771029,250.12973284861675,234.97183206364187,262.3576837013588,250.2292336464008,238.1609622315518,-0.01468480990856813,-0.014793699055370209,-0.0015572204535302392,0.01128394776714936,260.99257202148436,253.30862045288086,243.3580694580078,0.013998882426191586,0.014288492612118425,6.805434937588814,-1.7212695193343848,9350540.0
2025-07-23,261.8502502441406,262.3974895338422,258.63658956489667,259.21364569876886,4689800,257.6913146972656,261.01446533203125,246.19834899902344,260.17868259974887,261.13385414728003,246.8441307771566,253.37324766216005,254.7065032315433,237.06811434076985,259.4125842166,254.89554564348097,237.6840924386333,0.016139215059540968,0.016010362465936533,-0.01468480990856813,0.027092652816100626,260.39561157226564,254.04452056884764,244.32383483886719,0.016420785867192512,0.014615639430823803,3.760899968945523,2.6366045453717675,7905920.0
2025-07-24,266.65582275390625,268.4765628653776,261.8502105227287,262.2282953366708,5206700,261.8502502441406,263.33270263671875,247.1322479248047,262.3974895338422,263.7207162761735,247.7680850618271,258.63658956489667,260.41748411119335,243.97293641384897,259.21364569876886,262.58649219746377,246.76465908045597,0.018352369361056775,0.018185997097644447,0.016139215059540968,0.008881643022115693,261.9338012695313,254.96357345581055,245.30643035888673,0.013878558573483343,0.015012963282015623,6.626352342648943,4.427527417235467,5695220.0
2025-07-25,270.2177734375,271.4514985552698,266.90461179948846,267.4717087680006,4598400,266.65582275390625,264.8350524902344,248.27476501464844,268.4765628653776,265.5116093349964,249.3576877022776,261.8502105227287,260.7060274633673,246.86400182806685,262.2282953366708,262.66607476611944,248.45360226453943,0.013357858256412447,0.013269428683874283,0.018352369361056775,0.005705139690105998,263.589404296875,256.00608139038087,246.30800689697264,0.014088816274299597,0.015168229507735274,4.5468867557813155,2.7460646694993898,4890940.0
2025-07-28,269.2426452636719,272.05836282273026,266.08867966605254,271.97875004381586,5006400,270.2177734375,258.9648742675781,249.36761474609372,271.4514985552698,271.4216031593984,253.81847470087104,266.90461179948846,256.8555909129402,248.37411827300173,267.4717087680006,268.4367613488622,249.5464368346648,-0.0036086751860298083,-0.003615202161549883,0.013357858256412447,-0.022165412650097416,265.1315612792969,256.82547454833986,247.2570965576172,0.014402008141467186,0.015076723035820487,5.969683156677718,-2.7361047801439895,4850520.0
2025-07-29,268.9442138671875,272.416570378103,267.7602240999032,271.351999797225,4125300,269.2426452636719,261.93975830078125,252.8547821044922,272.05836282273026,268.33729235867764,258.855494136399,266.08867966605254,261.2333542368941,250.14254097553115,271.97875004381586,264.0590008558239,250.2120930052868,-0.0011084105795801102,-0.0011090253208857342,-0.0036086751860298083,0.011487596692860036,267.38214111328125,257.48688278198244,248.07821655273438,0.010221144372890439,0.014982704635830716,4.6563462781998055,-2.4077859300375053,4725320.0
2025-07-30,272.1678466796875,272.2474594744679,268.14828108143354,269.5511605464373,4697000,268.9442138671875,261.5318603515625,255.71604919433597,272.416570378103,264.9047466295524,256.21279738704186,267.7602240999032,258.2684340771029,252.2189225134598,271.351999797225,262.3576837013588,254.6430561193931,0.011986250851605762,0.011914984657967635,-0.0011084105795801102,-0.0015572204535302392,269.44566040039064,258.7252510070801,248.9161212158203,0.009608388878288597,0.012603310724238492,4.099178393034379,2.616686133250198,4726760.0
2025-07-31,269.7102966308594,273.55080893953254,268.51637810700805,271.6902623749102,4524000,272.1678466796875,257.6913146972656,247.4004821777344,272.2474594744679,260.17868259974887,254.08670882411064,268.14828108143354,253.37324766216005,245.5029003816547,269.5511605464373,259.4125842166,254.08670882411064,-0.009029538495487266,-0.00907055185267316,0.011986250851605762,-0.01468480990856813,270.0565551757812,260.0528533935547,249.6351318359375,0.009886682099847598,0.01197227878005512,5.034430832524492,-1.979965744050844,4590220.0
2025-08-01,268.0189208984375,269.18299228965344,260.3876613954459,264.1883675440208,4416300,269.7102966308594,261.8502502441406,243.1582489013672,273.55080893953254,262.3974895338422,247.50976807392743,268.51637810700805,258.63658956489667,242.0753414413861,271.6902623749102,259.21364569876886,246.38711226777963,-0.006271083282878065,-0.0062908291207968555,-0.009029538495487266,0.016139215059540968,269.6167846679688,261.19007873535156,250.32091094970704,0.008152906103819753,0.01221167285387651,8.795330894207552,3.830553354416679,4553800.0
2025-08-04,274.83428955078125,275.4511519870848,268.8546468673852,269.14319007137186,3744000,268.0189208984375,266.65582275390625,245.2744140625,269.18299228965344,268.4765628653776,247.0825697600769,260.3876613954459,261.8502105227287,243.40663584252889,264.1883675440208,262.2282953366708,243.95306193449417,0.025428684771573895,0.025110754202419497,-0.006271083282878065,0.018352369361056775,270.7351135253906,262.56211166381837,251.17717376708984,0.014353799577875,0.013057887564803852,6.5965051196996,5.691099479409388,4301320.0
2025-08-05,270.7450866699219,275.6004349304484,267.2627707050967,274.86418355702585,4000600,274.83428955078125,270.2177734375,247.3936309814453,275.4511519870848,271.4514985552698,248.1796478213088,268.8546468673852,266.90461179948846,245.23459724158545,269.14319007137186,267.4717087680006,246.26935089730867,-0.014878794372940929,-0.014990593982220926,0.025428684771573895,0.013357858256412447,271.0952880859375,263.80927963256835,252.01662719726562,0.016748546528420425,0.013584991393364124,8.33766422535166,-4.119096887103979,4276380.0
2025-08-06,270.9042358398437,273.6602287897402,268.5462157170133,272.1180726985921,3576800,270.7450866699219,269.2426452636719,245.80172729492188,275.6004349304484,272.05836282273026,248.19955387098327,267.2627707050967,266.08867966605254,242.11046622518103,274.86418355702585,271.97875004381586,246.74692416971772,0.0005878192357220424,0.0005876465376686111,-0.014878794372940929,-0.0036086751860298083,270.8425659179687,264.9012336730957,252.8091912841797,0.01569820966015506,0.013470574555054368,5.114013072726891,-1.2138368587483797,4052340.0
2025-08-07,270.64556884765625,271.49128017293094,267.3722139080603,270.575945608908,3050400,270.9042358398437,268.9442138671875,249.06515502929688,273.6602287897402,272.416570378103,250.44813114458915,268.5462157170133,267.7602240999032,245.5728955334212,272.1180726985921,271.351999797225,247.7319293144636,-0.0009548281568412254,-0.0009552842956249916,0.0005878192357220424,-0.0011084105795801102,271.0296203613281,265.8688201904297,253.41795104980469,0.015045928120134295,0.01347262946265273,4.119066264870639,0.0696232387482496,3757620.0
2025-08-08,273.6204528808594,275.77947140940927,271.20270798770207,272.1976552374914,4467300,270.64556884765625,272.1678466796875,251.29383850097656,271.49128017293094,272.2474594744679,251.4032681259183,267.3722139080603,268.14828108143354,245.50323812011143,270.575945608908,269.5511605464373,249.3437351778092,0.010991807646692608,0.01093183678759274,-0.0009548281568412254,0.011986250851605762,272.1499267578125,266.84337158203124,254.04865447998046,0.015003333820420073,0.01346424661465697,4.576763421707199,1.4227976433679714,3767820.0
2025-08-11,273.8095092773437,275.01338700935304,271.172874639982,273.7597436942833,3360100,273.6204528808594,269.7102966308594,254.12942504882807,275.77947140940927,273.55080893953254,255.5820547153473,271.20270798770207,268.51637810700805,250.12973284861675,272.1976552374914,271.6902623749102,250.2292336464008,0.0006909439498905545,0.000690705358015692,0.010991807646692608,-0.009029538495487266,271.944970703125,267.4831237792969,254.67340301513673,0.009238424130489432,0.012303283214630185,3.8405123693710266,0.049765583060377594,3691040.0
2025-08-12,278.21710205078125,279.1225076843211,274.3069666781667,274.6452450967343,3630100,273.8095092773437,268.0189208984375,261.01446533203125,275.01338700935304,269.18299228965344,261.13385414728003,271.172874639982,260.3876613954459,254.7065032315433,273.7597436942833,264.1883675440208,254.89554564348097,0.016097296200816347,0.015969108548394652,0.0006909439498905545,-0.006271083282878065,273.4393737792969,268.22734375,255.35153106689452,0.007605630677943194,0.012603406410386079,4.815541006154376,3.5718569540469502,3616940.0
2025-08-13,267.50152587890625,280.07767476609547,262.7456788327597,279.5802010986601,7599600,278.21710205078125,274.83428955078125,263.33270263671875,279.1225076843211,275.4511519870848,263.7207162761735,274.3069666781667,268.8546468673852,260.41748411119335,274.6452450967343,269.14319007137186,262.58649219746377,-0.038515159898111384,-0.03927648100231472,0.016097296200816347,0.025428684771573895,272.7588317871094,268.3606674194336,255.7841519165039,0.021432559821459408,0.015595724544502563,17.331995933335747,-12.078675219753848,4421500.0
2025-08-14,268.3373107910156,272.7747674429934,268.11842116082573,271.61066569075984,4481700,267.50152587890625,270.7450866699219,264.8350524902344,280.07767476609547,275.6004349304484,265.5116093349964,262.7456788327597,267.2627707050967,260.7060274633673,279.5802010986601,274.86418355702585,262.66607476611944,0.0031244117556463724,0.003119540924254994,-0.038515159898111384,-0.014878794372940929,272.29718017578125,268.8292892456055,256.2058688354492,0.021575536625470206,0.014647724702164551,4.656346282167647,-3.27335489974422,4707760.0
2025-08-15,266.49664306640625,268.3373016626534,263.869967593482,267.5612439753589,5203300,268.3373107910156,270.9042358398437,258.9648742675781,272.7747674429934,273.6602287897402,271.4216031593984,268.11842116082573,268.5462157170133,256.8555909129402,271.61066569075984,272.1180726985921,268.4367613488622,-0.006859529594238634,-0.006883164311403335,0.0031244117556463724,0.0005878192357220424,270.87241821289064,269.05713348388673,256.5508337402344,0.020433856182587664,0.014588873034343766,4.467334069171386,-1.0646009089526274,4854960.0
2025-08-18,267.0936279296875,268.24774013451366,265.1634276439522,266.5463886698195,2697000,266.49664306640625,270.64556884765625,261.93975830078125,268.3373016626534,271.49128017293094,268.33729235867764,263.869967593482,267.3722139080603,261.2333542368941,267.5612439753589,270.575945608908,264.0590008558239,0.0022401215130221086,0.0022376161816257778,-0.006859529594238634,-0.0009548281568412254,269.52924194335935,269.335221862793,256.8870739746094,0.02055485801170512,0.014579034670661638,3.0843124905614445,0.5472392598679789,4722340.0
2025-08-19,264.5863037109375,267.60099253635417,262.4670612999594,264.96438850808204,3404900,267.0936279296875,273.6204528808594,261.5318603515625,268.24774013451366,275.77947140940927,264.9047466295524,265.1634276439522,271.20270798770207,258.2684340771029,266.5463886698195,272.1976552374914,262.3576837013588,-0.009387435552786982,-0.009431775234690604,0.0022401215130221086,0.010991807646692608,266.80308227539064,269.6799713134766,257.09945007324217,0.016921512292331083,0.014321982534411597,5.133931236394744,-0.37808479714453824,4677300.0
2025-08-20,265.0937805175781,267.5811489503257,262.47706406818617,264.1187211611228,3854700,264.5863037109375,273.8095092773437,257.6913146972656,267.60099253635417,275.01338700935304,260.17868259974887,262.4670612999594,271.172874639982,253.37324766216005,264.96438850808204,273.7597436942833,259.4125842166,0.001918001043602846,0.0019161640281578549,-0.009387435552786982,0.0006909439498905545,266.321533203125,269.84214782714844,257.4058270263672,0.00586437783760838,0.01389949135994452,5.104084882139546,0.9750593564553469,3928320.0
2025-08-21,267.3522644042969,270.54606690687586,264.7952730732292,265.7902203133991,3266400,265.0937805175781,278.21710205078125,261.8502502441406,267.5811489503257,279.1225076843211,262.3974895338422,262.47706406818617,274.3069666781667,258.63658956489667,264.1187211611228,274.6452450967343,259.21364569876886,0.008519565726171408,0.008483479043144091,0.001918001043602846,0.016097296200816347,266.12452392578126,269.876969909668,257.94434936523436,0.0073128143967315495,0.013407747177255168,5.7507938336466395,1.562044090897757,3685260.0
2025-08-22,265.18328857421875,270.9738888399711,265.0240933710656,268.36713191052127,5229300,267.3522644042969,267.50152587890625,266.65582275390625,270.54606690687586,280.07767476609547,268.4765628653776,264.7952730732292,262.7456788327597,261.8502105227287,265.7902203133991,279.5802010986601,262.2282953366708,-0.008112801419172366,-0.008145889270899109,0.008519565726171408,-0.038515159898111384,265.8618530273437,269.62524566650393,258.36955017089844,0.007592265315959745,0.013157381391514298,5.949795468905506,-3.183843336302516,3690460.0
2025-08-25,265.2629089355469,270.5461075080137,265.21317371142663,265.65095299186976,4301600,265.18328857421875,268.3373107910156,270.2177734375,270.9738888399711,272.7747674429934,271.4514985552698,265.0240933710656,268.11842116082573,266.90461179948846,268.36713191052127,271.61066569075984,267.4717087680006,0.00030024652668059204,0.0003002014617123746,-0.008112801419172366,0.0031244117556463724,265.49570922851564,269.42625885009767,258.9062240600586,0.007435510985699729,0.01314338149533549,5.332933796587042,-0.3880440563228831,4011380.0
2025-08-26,272.5558776855469,273.3120473828287,266.0688319372664,266.62600002051096,4693500,265.2629089355469,266.49664306640625,269.2426452636719,270.5461075080137,268.3373016626534,272.05836282273026,265.21317371142663,263.869967593482,266.08867966605254,265.65095299186976,267.5612439753589,271.97875004381586,0.027493360376938503,0.027122205447119824,0.00030024652668059204,-0.006859529594238634,267.0896240234375,269.6068420410156,259.6561163330078,0.013384982427864515,0.014570737420411815,7.243215445562328,5.929877665035917,4269100.0
2025-08-27,271.9688720703125,273.31205710438246,270.8545358641871,272.3171097255728,2705700,272.5558776855469,267.0936279296875,268.9442138671875,273.3120473828287,268.24774013451366,272.416570378103,266.0688319372664,265.1634276439522,267.7602240999032,266.62600002051096,266.5463886698195,271.351999797225,-0.0021537074166920744,-0.0021560299798573023,0.027493360376938503,0.0022401215130221086,268.4646423339844,269.5968933105469,260.3954611206055,0.013814198099242154,0.014338987882959989,2.4575212401953763,-0.3482376552602773,4039300.0
2025-08-28,274.60546875,275.27209683475286,270.7550273615381,271.1231530230978,3388100,271.9688720703125,264.5863037109375,272.1678466796875,273.31205710438246,267.60099253635417,272.2474594744679,270.8545358641871,262.4670612999594,268.14828108143354,272.3171097255728,264.96438850808204,269.5511605464373,0.009694479591053629,0.00964778963778721,-0.0021537074166920744,-0.009387435552786982,269.915283203125,269.8416519165039,261.20323486328124,0.013894343199581986,0.014325435473679999,4.517069473214747,3.4823157269021863,4063640.0
2025-08-29,273.8095092773437,274.88403900213063,270.26749931618946,274.6054549724909,5037100,274.60546875,265.0937805175781,269.7102966308594,275.27209683475286,267.5811489503257,273.55080893953254,270.7550273615381,262.47706406818617,268.51637810700805,271.1231530230978,264.1187211611228,271.6902623749102,-0.0028985565228526466,-0.0029027654730316636,0.009694479591053629,0.001918001043602846,271.64052734375,270.13118133544924,261.9923077392578,0.012772837546153196,0.01425504719324418,4.616539685941177,-0.7959456951472248,4025200.0
2025-09-02,273.99853515625,274.1875471976494,266.65581966266893,272.5160431206954,4081200,273.8095092773437,267.3522644042969,268.0189208984375,274.88403900213063,270.54606690687586,269.18299228965344,270.26749931618946,264.7952730732292,260.3876613954459,274.6054549724909,265.7902203133991,264.1883675440208,0.0006903554204715778,0.0006901172347838401,-0.0028985565228526466,0.008519565726171408,273.3876525878906,270.08939361572266,262.7160137939453,0.012726705390822856,0.013062370253393097,7.531727534980462,1.4824920355546283,3981120.0
2025-09-03,274.5357666015625,275.91875774868504,272.2175530446191,274.5158785888865,4120400,273.99853515625,265.18328857421875,274.83428955078125,274.1875471976494,270.9738888399711,275.4511519870848,266.65581966266893,265.0240933710656,268.8546468673852,272.5160431206954,268.36713191052127,269.14319007137186,0.001960709187755816,0.0019587895063780465,0.0006903554204715778,-0.008112801419172366,273.78363037109375,270.2789276123047,263.2827621459961,0.0050176090877615724,0.012591874256931992,3.701204704065958,0.01988801267600593,3866500.0
2025-09-04,280.84375,280.933291609109,274.4362872655678,274.4362872655678,4591300,274.5357666015625,265.2629089355469,270.7450866699219,275.91875774868504,270.5461075080137,275.6004349304484,272.2175530446191,265.21317371142663,267.2627707050967,274.5158785888865,265.65095299186976,274.86418355702585,0.02297690926221785,0.02271691512356233,0.001960709187755816,0.00030024652668059204,275.55860595703126,270.7759033203125,263.9569921875,0.010300267912652192,0.013534634007679562,6.497004343541221,6.407462734432215,4243620.0
2025-09-05,277.81915283203125,282.9729726946539,270.48636553252715,280.8437708421132,4952600,280.84375,272.5558776855469,270.9042358398437,280.933291609109,273.3120473828287,273.6602287897402,274.4362872655678,266.0688319372664,268.5462157170133,274.4362872655678,266.62600002051096,272.1180726985921,-0.010769679467564242,-0.010828092235240548,0.02297690926221785,0.027493360376938503,276.2013427734375,271.13458251953125,264.54787994384765,0.012530362026774829,0.013818206522123391,12.486607162126745,-3.0246180100819515,4556520.0
2025-09-08,274.6552124023437,281.4905264156203,274.0980442980086,278.5852667029716,5008600,277.81915283203125,271.9688720703125,270.64556884765625,282.9729726946539,273.31205710438246,271.49128017293094,270.48636553252715,270.8545358641871,267.3722139080603,280.8437708421132,272.3171097255728,270.575945608908,-0.011388489229180232,-0.011453834670265974,-0.010769679467564242,-0.0021537074166920744,276.3704833984375,271.18632049560546,265.05363189697266,0.013924215449516839,0.013906483894620333,7.392482117611735,-3.930054300627887,4550820.0
2025-09-09,274.84423828125,275.67999038741937,271.91909072796585,273.98859815947515,3073600,274.6552124023437,274.60546875,273.6204528808594,281.4905264156203,275.27209683475286,275.77947140940927,274.0980442980086,270.7550273615381,271.20270798770207,278.5852667029716,271.1231530230978,272.1976552374914,0.0006882297162793538,0.0006879929948144397,-0.011388489229180232,0.009694479591053629,276.5396240234375,271.2380569458008,265.4934210205078,0.013924215619578784,0.013906479697248009,3.7608996594535142,0.8556401217748544,4349300.0
2025-09-10,281.97802734375,282.05760977051693,275.49098166215146,276.1476201822816,3206400,274.84423828125,273.8095092773437,273.8095092773437,275.67999038741937,274.88403900213063,275.01338700935304,271.91909072796585,270.26749931618946,271.172874639982,273.98859815947515,274.6054549724909,273.7597436942833,0.025955752636880547,0.025624619733709705,0.0006882297162793538,-0.0028985565228526466,278.028076171875,271.42610321044924,266.0186605834961,0.018006641601570193,0.014651375473816402,6.566628108365478,5.830407161468372,4166500.0
2025-09-11,280.13739013671875,285.46036484921314,278.1773425258394,282.2964393748145,4016800,281.97802734375,273.99853515625,278.21710205078125,282.05760977051693,274.1875471976494,279.1225076843211,275.49098166215146,266.65581966266893,274.3069666781667,276.1476201822816,272.5160431206954,274.6452450967343,-0.006527590906178604,-0.006548988796309827,0.025955752636880547,0.0006903554204715778,277.8868041992188,272.05789642333986,266.6733987426758,0.01550511294716538,0.011555628535784125,7.283022323373757,-2.159049238095747,4051600.0
2025-09-12,280.2666931152344,282.0973924105422,279.2817050546007,280.13734511467027,3249700,280.13739013671875,274.5357666015625,267.50152587890625,285.46036484921314,275.91875774868504,280.07767476609547,278.1773425258394,272.2175530446191,262.7456788327597,282.2964393748145,274.5158785888865,279.5802010986601,0.0004615698691721182,0.00046146337856736394,-0.006527590906178604,0.001960709187755816,278.3763122558594,272.6543655395508,267.41556762695313,0.014403173715778348,0.011561856604000182,2.8156873559415203,0.12934800056410722,3711020.0
2025-09-15,285.3310241699219,285.6593434635534,280.19709176216253,280.5652174549387,3716600,280.2666931152344,280.84375,268.3373107910156,282.0973924105422,280.933291609109,272.7747674429934,279.2817050546007,274.4362872655678,268.11842116082573,280.13734511467027,274.4362872655678,271.61066569075984,0.018069685692567283,0.01790836931453958,0.0004615698691721182,0.02297690926221785,280.511474609375,273.59608459472656,268.2166998291016,0.013645353257042175,0.011868921136258983,5.462251701390869,4.765806714983171,3452620.0
2025-09-16,291.4896850585937,293.2507306878482,287.3805482269542,288.40534263777107,5538400,285.3310241699219,277.81915283203125,266.49664306640625,285.6593434635534,282.9729726946539,268.3373016626534,280.19709176216253,270.48636553252715,263.869967593482,280.5652174549387,280.8437708421132,267.5612439753589,0.021584266578050793,0.02135462485218326,0.018069685692567283,-0.010769679467564242,283.8405639648437,274.8158874511719,269.0986209106445,0.01414061200670069,0.012531684021171894,5.870182460894,3.0843424208226224,3945580.0
2025-09-17,288.0372314453125,291.23100364456576,285.0523896686772,290.614141202202,4149600,291.4896850585937,274.6552124023437,267.0936279296875,293.2507306878482,281.4905264156203,268.24774013451366,287.3805482269542,274.0980442980086,265.1634276439522,288.40534263777107,278.5852667029716,266.5463886698195,-0.011844170789738873,-0.011914871798322187,0.021584266578050793,-0.011388489229180232,285.0524047851562,275.9884338378906,269.94333099365235,0.014840339893104532,0.012685592696607236,6.178613975888538,-2.5769097568895063,4134220.0
2025-09-18,295.5888671875,296.14603520396946,288.7436254270132,289.24109903910227,3977500,288.0372314453125,274.84423828125,264.5863037109375,291.23100364456576,275.67999038741937,267.60099253635417,285.0523896686772,271.91909072796585,262.4670612999594,290.614141202202,273.98859815947515,264.96438850808204,0.02621756813969811,0.025879778985208966,-0.011844170789738873,0.0006882297162793538,288.1427001953125,277.51318817138673,270.8738052368164,0.01601908192522899,0.013574824534829501,7.402409776956233,6.3477681483977335,4126360.0
2025-09-19,299.61846923828125,301.49890400160496,293.86764422054364,296.2853894353662,9652600,295.5888671875,281.97802734375,265.0937805175781,296.14603520396946,282.05760977051693,267.5811489503257,288.7436254270132,275.49098166215146,262.47706406818617,289.24109903910227,276.1476201822816,264.1187211611228,0.013632455407142086,0.013540369448177355,0.02621756813969811,0.025955752636880547,292.0130554199219,279.1264984130859,271.8402978515625,0.014919059644852463,0.013681497536917489,7.631259781061317,3.3330798029150515,5406940.0
2025-09-22,299.4989929199219,299.6283409130721,294.8526065349914,298.5836585064228,4192800,299.61846923828125,280.13739013671875,267.3522644042969,301.49890400160496,285.46036484921314,270.54606690687586,293.86764422054364,278.1773425258394,264.7952730732292,296.2853894353662,282.2964393748145,265.7902203133991,-0.00039876152716189495,-0.0003988410536817809,0.013632455407142086,-0.006527590906178604,294.8466491699219,280.84228363037107,272.74768920898435,0.015776333058992918,0.013373862575294621,4.775734378080699,0.9153344134990675,5502180.0
2025-09-23,304.08575439453125,304.22503123042947,299.6283794682843,300.1258531284885,3637400,299.4989929199219,280.2666931152344,265.18328857421875,299.6283409130721,282.0973924105422,270.9738888399711,294.8526065349914,279.2817050546007,265.0240933710656,298.5836585064228,280.13734511467027,268.36713191052127,0.015314780961002361,0.015198693439302906,-0.00039876152716189495,0.0004615698691721182,297.36586303710936,282.78342590332034,273.6091149902344,0.014830148393120069,0.013447221498423166,4.596651762145143,3.9599012660427775,5121980.0
2025-09-24,298.7826538085937,305.6975494983349,297.2803040741063,305.3493118802578,5645500,304.08575439453125,285.3310241699219,265.2629089355469,304.22503123042947,285.6593434635534,270.5461075080137,299.6283794682843,280.19709176216253,265.21317371142663,300.1258531284885,280.5652174549387,265.65095299186976,-0.017439490371709887,-0.017593349727218426,0.015314780961002361,0.018069685692567283,299.51494750976565,284.09476470947266,274.3181140136719,0.016832912439008894,0.013585043932488976,8.41724542422861,-6.566658071664108,5421160.0
2025-09-25,295.6784362792969,298.7229726392212,293.38011040687127,296.99177402450647,4504500,298.7826538085937,291.4896850585937,272.5558776855469,305.6975494983349,293.2507306878482,273.3120473828287,297.2803040741063,287.3805482269542,266.0688319372664,305.3493118802578,288.40534263777107,266.62600002051096,-0.010389550697563088,-0.010443898842349615,-0.017439490371709887,0.021584266578050793,299.532861328125,285.2802429199219,274.93498168945314,0.014426715133724647,0.013924045257355487,5.342862232349944,-1.3133377452095942,5526560.0
2025-09-26,293.48956298828125,300.4740820440507,291.27081959733727,298.4145338633584,3817600,295.6784362792969,288.0372314453125,271.9688720703125,298.7229726392212,291.23100364456576,273.31205710438246,293.38011040687127,285.0523896686772,270.8545358641871,296.99177402450647,290.614141202202,272.3171097255728,-0.007402884425930956,-0.007430421762830406,-0.010389550697563088,-0.011844170789738873,298.307080078125,286.2244476318359,275.6254754638672,0.012440213068574018,0.01409785838150875,9.203262446713438,-4.924970875077122,4359560.0
2025-09-29,292.5033569335937,296.786845825401,288.54858846723903,295.22286256378715,3860800,293.48956298828125,295.5888671875,274.60546875,300.4740820440507,296.14603520396946,275.27209683475286,291.27081959733727,288.7436254270132,270.7550273615381,298.4145338633584,289.24109903910227,271.1231530230978,-0.0033602764086262393,-0.003365934816830403,-0.007402884425930956,0.02621756813969811,296.9079528808594,287.1591400146484,276.2367474365234,0.012291741070957094,0.014109131495079244,8.238257358161945,-2.719505630193453,4293160.0
2025-09-30,299.665771484375,300.3132713770274,292.78228126447715,293.5791995322827,4112400,292.5033569335937,299.61846923828125,273.8095092773437,296.786845825401,301.49890400160496,274.88403900213063,288.54858846723903,293.86764422054364,270.26749931618946,295.22286256378715,296.2853894353662,274.6054549724909,0.024486606327760452,0.024191615236797328,-0.0033602764086262393,0.013632455407142086,296.0239562988281,288.4425018310547,276.9994256591797,0.016108794706835176,0.014852253523872972,7.530990112550228,6.086571952092299,4388160.0
2025-10-01,299.7255554199219,301.07038167168326,293.8979952626124,295.2428215143738,3633300,299.665771484375,299.4989929199219,273.99853515625,300.3132713770274,299.6283409130721,274.1875471976494,292.78228126447715,294.8526065349914,266.65581966266893,293.5791995322827,298.5836585064228,272.5160431206954,0.00019950204940233363,0.000199482151514878,0.024486606327760452,-0.00039876152716189495,296.21253662109376,289.70199127197264,277.84011047363276,0.013885006580200225,0.014873877379183543,7.172386409070839,4.482733905548059,3985720.0
2025-10-02,298.301025390625,302.2757060708508,295.66116909474846,301.150037005904,2508200,299.7255554199219,304.08575439453125,274.5357666015625,301.07038167168326,304.22503123042947,275.91875774868504,293.8979952626124,299.6283794682843,272.2175530446191,295.2428215143738,300.1258531284885,274.5158785888865,-0.004752781347927004,-0.00476411172799876,0.00019950204940233363,0.015314780961002361,296.7370544433594,290.5748550415039,278.5691259765625,0.012956642956588806,0.014344203952147383,6.614536976102329,-2.8490116152789824,3586460.0
2025-10-03,295.8604431152344,301.588380986994,294.326343416575,298.3109958491034,2817000,298.301025390625,298.7826538085937,280.84375,302.2757060708508,305.6975494983349,280.933291609109,295.66116909474846,297.2803040741063,274.4362872655678,301.150037005904,305.3493118802578,274.4362872655678,-0.008181608736324897,-0.008215261780138768,-0.004752781347927004,-0.017439490371709887,297.21123046875,291.47691955566404,279.153218383789,0.0130993276615333,0.014223502018567046,7.262037570419011,-2.450552733869017,3386340.0
2025-10-06,297.07574462890625,298.14164638364946,293.6190576451895,294.66501668271434,2759800,295.8604431152344,295.6784362792969,277.81915283203125,301.588380986994,298.7229726392212,282.9729726946539,294.326343416575,293.38011040687127,270.48636553252715,298.3109958491034,296.99177402450647,280.8437708421132,0.004107685031751629,0.004099271525743855,-0.008181608736324897,-0.010389550697563088,298.1257080078125,292.5979461669922,279.69037780761715,0.012803615545336737,0.013800099886782156,4.522588738459945,2.410727946191912,3166140.0
2025-10-07,300.58221435546875,301.57837735700525,296.74701111993903,296.92631316409984,2578800,297.07574462890625,293.48956298828125,274.6552124023437,298.14164638364946,300.4740820440507,281.4905264156203,293.6190576451895,291.27081959733727,274.0980442980086,294.66501668271434,298.4145338633584,278.5852667029716,0.011803285155247645,0.011734169712933758,0.004107685031751629,-0.007402884425930956,298.3089965820312,293.8848449707031,280.31716918945307,0.007806096501004007,0.013882383128389445,4.83136623706622,3.655901191368912,2859420.0
2025-10-08,301.3990783691406,303.5009981319476,298.4404730085566,302.2358516508586,2658600,300.58221435546875,292.5033569335937,274.84423828125,301.57837735700525,296.786845825401,275.67999038741937,296.74701111993903,288.54858846723903,271.91909072796585,296.92631316409984,295.22286256378715,273.98859815947515,0.0027176059482543202,0.0027139199337890374,0.011803285155247645,-0.0033602764086262393,298.643701171875,294.8558975219727,280.96626647949216,0.007852052278942364,0.012939306045457172,5.060525123391017,-0.8367732817179672,2664480.0
2025-10-09,298.201416015625,302.8335681322886,294.96388609315807,301.548509281697,4292500,301.3990783691406,299.665771484375,281.97802734375,303.5009981319476,300.3132713770274,282.05760977051693,298.4404730085566,292.78228126447715,275.49098166215146,302.2358516508586,293.5791995322827,276.1476201822816,-0.010609396587468178,-0.010666077492035372,0.0027176059482543202,0.024486606327760452,298.623779296875,295.759098815918,281.4869378662109,0.009261057440735116,0.013135091304199084,7.86968203913051,-3.3470932660720223,3021340.0
2025-10-10,290.37158203125,298.84894002477506,290.37158203125,297.8527768913592,3380000,298.201416015625,299.7255554199219,280.13739013671875,302.8335681322886,301.07038167168326,285.46036484921314,294.96388609315807,293.8979952626124,278.1773425258394,301.548509281697,295.2428215143738,282.2964393748145,-0.02625686386400239,-0.026607730719586057,-0.010609396587468178,0.00019950204940233363,297.5260070800781,296.26434326171875,281.9001635742187,0.014991960920319,0.01469545812619461,8.477357993525061,-7.481194860109213,3133940.0
2025-10-13,296.38836669921875,296.43816268743404,291.99528436159625,294.86423857396045,2604100,290.37158203125,298.301025390625,280.2666931152344,298.84894002477506,302.2757060708508,282.0973924105422,290.37158203125,295.66116909474846,279.2817050546007,297.8527768913592,301.150037005904,280.13734511467027,0.02072098318258031,0.02050922385545411,-0.02625686386400239,-0.004752781347927004,297.38853149414064,296.8172103881836,282.4675524902343,0.01855745494699451,0.01486027146291061,4.442878325837796,1.5241281252583008,3102800.0
2025-10-14,298.9285583496094,301.1301003109824,290.88954661717275,293.7086743299514,2516500,296.38836669921875,295.8604431152344,285.3310241699219,296.43816268743404,301.588380986994,285.6593434635534,291.99528436159625,294.326343416575,280.19709176216253,294.86423857396045,298.3109958491034,280.5652174549387,0.008570483648464133,0.00853396555694086,0.02072098318258031,-0.008181608736324897,297.05780029296875,297.18915405273435,282.9494378662109,0.018079418254037846,0.014229471579636957,10.240553693809659,5.219884019657968,3090340.0
2025-10-15,298.96844482421875,303.77992930148974,294.5853335558265,300.3830097083528,2773000,298.9285583496094,297.07574462890625,291.4896850585937,301.1301003109824,298.14164638364946,293.2507306878482,290.88954661717275,293.6190576451895,287.3805482269542,293.7086743299514,294.66501668271434,288.40534263777107,0.0001334314621179722,0.00013342256093222074,0.008570483648464133,0.004107685031751629,296.57167358398436,297.7357147216797,283.51390502929684,0.01798428174646657,0.013892705797440683,9.194595745663264,-1.4145648841340517,3113220.0
2025-10-16,298.68951416015625,301.8871889196472,296.6175084693959,300.5125094981572,2623100,298.96844482421875,300.58221435546875,288.0372314453125,303.77992930148974,301.57837735700525,291.23100364456576,294.5853335558265,296.74701111993903,285.0523896686772,300.3830097083528,296.92631316409984,290.614141202202,-0.0009329769375042707,-0.0009334124313787925,0.0001334314621179722,0.011803285155247645,296.66929321289064,297.8907470703125,284.06961059570307,0.017263577175059306,0.012669863719205915,5.269680450251315,-1.8229953380009647,2779340.0
2025-10-17,298.9883728027344,301.7975293150592,296.1990982054472,297.02593050697,3949300,298.68951416015625,301.3990783691406,295.5888671875,301.8871889196472,303.5009981319476,296.14603520396946,296.6175084693959,298.4404730085566,288.7436254270132,300.5125094981572,302.2358516508586,289.24109903910227,0.0010005662348691047,0.0010000660021234472,-0.0009329769375042707,0.0027176059482543202,298.3926513671875,297.85924224853517,284.63646667480464,0.009093134111477195,0.012295213236173943,5.598431109611965,1.96244229576439,2893200.0
2025-10-20,301.5185852050781,304.25803323394786,300.51248132861946,302.694050154078,5058700,298.9883728027344,298.201416015625,299.61846923828125,301.7975293150592,302.8335681322886,301.49890400160496,296.1990982054472,294.96388609315807,293.86764422054364,297.02593050697,301.548509281697,296.2853894353662,0.008462577921092285,0.008426971051465754,0.0010005662348691047,-0.010609396587468178,299.4186950683594,297.960221862793,285.194429321289,0.004678543550232371,0.01244016533708957,3.745551905328398,-1.1754649489998883,3384120.0
2025-10-21,305.4534912109375,315.31549965921,301.8672980296153,306.1209034527274,6726600,301.5185852050781,290.37158203125,299.4989929199219,304.25803323394786,298.84894002477506,299.6283409130721,300.51248132861946,290.37158203125,294.8526065349914,302.694050154078,297.8527768913592,298.5836585064228,0.013050293411210667,0.01296587202150059,0.008462577921092285,-0.02625686386400239,300.723681640625,298.02860870361326,285.8273089599609,0.006113839708927981,0.012306957384295054,13.448201629594678,-0.6674122417899184,4226140.0
2025-10-22,296.7470092773437,307.8143655634621,293.66883886928497,306.4197434500671,5212200,305.4534912109375,296.38836669921875,304.08575439453125,315.31549965921,296.43816268743404,304.22503123042947,301.8672980296153,291.99528436159625,299.6283794682843,306.1209034527274,294.86423857396045,300.1258531284885,-0.02850346184971697,-0.02891757357780231,0.013050293411210667,0.02072098318258031,300.27939453125,297.9268264770508,286.1979071044922,0.016176052594694023,0.013350559948990794,14.145526694177136,-9.67273417272338,4713980.0
2025-10-23,305.21441650390625,305.9117124100897,297.5339773736796,298.00217523090294,3091000,296.7470092773437,298.9285583496094,298.7826538085937,307.8143655634621,301.1301003109824,305.6975494983349,293.66883886928497,290.88954661717275,297.2803040741063,306.4197434500671,293.7086743299514,305.3493118802578,0.028534094571611268,0.02813457936367948,-0.02850346184971697,0.008570483648464133,301.584375,298.40362548828125,286.95216491699216,0.021023328621913428,0.014576486240887114,8.377735036410115,7.212241273003315,4807560.0
2025-10-24,302.7040710449219,309.1093923699096,302.4052342803364,308.00366594045863,3586800,305.21441650390625,298.96844482421875,295.6784362792969,305.9117124100897,303.77992930148974,298.7229726392212,297.5339773736796,294.5853335558265,293.38011040687127,298.00217523090294,300.3830097083528,296.99177402450647,-0.008224858732884366,-0.008258869501032213,0.028534094571611268,0.0001334314621179722,302.3275146484375,298.8643508911133,287.6395001220703,0.02179872881710129,0.014604602890555348,6.704158089573184,-5.299594895536757,4735060.0
2025-10-27,311.6396179199219,312.1277280439873,303.33162245061305,306.310139983961,4244400,302.7040710449219,298.68951416015625,293.48956298828125,309.1093923699096,301.8871889196472,300.4740820440507,302.4052342803364,296.6175084693959,291.27081959733727,308.00366594045863,300.5125094981572,298.4145338633584,0.02951908391636371,0.02909178438661619,-0.008224858732884366,-0.0009329769375042707,304.3517211914062,299.8211639404297,288.5423596191406,0.024998232234441222,0.015811787534952635,8.79610559337425,5.329477935960881,4572200.0
2025-10-28,308.601318359375,315.45492408774373,308.2626266158833,310.9024522640393,3058100,311.6396179199219,298.9883728027344,292.5033569335937,312.1277280439873,301.7975293150592,296.786845825401,303.33162245061305,296.1990982054472,288.54858846723903,306.310139983961,297.02593050697,295.22286256378715,-0.00974940086509668,-0.009797237446309387,0.02951908391636371,0.0010005662348691047,304.9812866210938,300.2679412841797,289.37251342773436,0.025660860678118527,0.015239346613165587,7.192297471860456,-2.3011339046643116,3838500.0
2025-10-29,313.0741271972656,313.91090052472987,307.8342997414351,308.8105504903855,3596800,308.601318359375,301.5185852050781,299.665771484375,315.45492408774373,304.25803323394786,300.3132713770274,308.2626266158833,300.51248132861946,292.78228126447715,310.9024522640393,302.694050154078,293.5791995322827,0.014493809882827335,0.014389778621773106,-0.00974940086509668,0.008462577921092285,308.2467102050781,300.93536987304685,290.3422698974609,0.019122656499976586,0.015504071764559106,6.0766007832947935,4.263576706880144,3515420.0
2025-10-30,309.55767822265625,313.6319815864425,307.3163112846,309.218986422297,3782000,313.0741271972656,305.4534912109375,299.7255554199219,313.91090052472987,315.31549965921,301.07038167168326,307.8342997414351,301.8672980296153,293.8979952626124,308.8105504903855,306.1209034527274,295.2428215143738,-0.011232001207157172,-0.011295556482803329,0.014493809882827335,0.013050293411210667,309.1153625488281,301.4982025146484,291.2315478515625,0.018210275489257296,0.015725205651236664,6.315670301842545,0.33869180035924273,3653620.0
2025-10-31,307.7645568847656,313.711650937832,306.00132899938365,310.54382963885854,4023800,309.55767822265625,296.7470092773437,298.301025390625,313.6319815864425,307.8143655634621,302.2757060708508,307.3163112846,293.66883886928497,295.66116909474846,309.218986422297,306.4197434500671,301.150037005904,-0.005792527415846793,-0.005809369171825625,-0.011232001207157172,-0.02850346184971697,310.12745971679686,302.093408203125,292.03979370117185,0.01786597677350946,0.015652930573206596,7.710321938448374,-2.779272754092915,3741020.0
2025-11-03,307.4358215332031,310.4940492526215,305.10480375112155,307.91399071945665,3297600,307.7645568847656,305.21441650390625,295.8604431152344,313.711650937832,305.9117124100897,301.588380986994,306.00132899938365,297.5339773736796,294.326343416575,310.54382963885854,298.00217523090294,298.3109958491034,-0.0010681390829730963,-0.0010687099500698934,-0.005792527415846793,0.028534094571611268,309.2867004394531,302.61141204833984,292.8848443603515,0.01037229827747581,0.01566061138751042,5.389245501499943,-0.478169186253524,3551660.0
2025-11-04,303.03277587890625,308.0434742076113,301.9071069023963,304.6465549636273,3938200,307.4358215332031,302.7040710449219,297.07574462890625,310.4940492526215,309.1093923699096,298.14164638364946,305.10480375112155,302.4052342803364,293.6190576451895,307.91399071945665,308.00366594045863,294.66501668271434,-0.014321836773407148,-0.014425384125587996,-0.0010681390829730963,-0.008224858732884366,308.17299194335936,302.7339401245117,293.64024169921873,0.011311580577007535,0.015873223290256595,6.136367305215003,-1.6137790847210454,3727680.0
2025-11-05,303.93927001953125,307.3561321203847,301.3392992529189,302.2856662372116,4711100,303.03277587890625,311.6396179199219,300.58221435546875,308.0434742076113,312.1277280439873,301.57837735700525,301.9071069023963,303.33162245061305,296.74701111993903,304.6465549636273,306.310139983961,296.92631316409984,0.002991406252989659,0.0029869409002108937,-0.014321836773407148,0.02951908391636371,306.3460205078125,302.86094970703124,294.2679095458984,0.007102322228820992,0.01587533126300312,6.01683286746578,1.6536037823196352,3950540.0
2025-11-06,304.0986633300781,306.8480828954156,300.2833724757061,302.56459422231546,3467800,303.93927001953125,308.601318359375,301.3990783691406,307.3561321203847,315.45492408774373,303.5009981319476,301.3392992529189,308.2626266158833,298.4404730085566,302.2856662372116,310.9024522640393,302.2358516508586,0.0005244248646667504,0.0005242874020045357,0.002991406252989659,-0.00974940086509668,305.25421752929685,303.1558120727539,294.91050537109373,0.006830274067226655,0.01565752923655415,6.564710419709513,1.5340691077626616,3887700.0
2025-11-07,306.09100341796875,307.73469673857505,296.5577463210612,302.86344492751,4766500,304.0986633300781,313.0741271972656,298.201416015625,306.8480828954156,313.91090052472987,302.8335681322886,300.2833724757061,307.8342997414351,294.96388609315807,302.56459422231546,308.8105504903855,301.548509281697,0.006551623956755348,0.0065302553504558505,0.0005244248646667504,0.014493809882827335,304.9195068359375,303.94178314208983,295.5402160644531,0.007948858305593774,0.014300853915831918,11.176950417513865,3.2275584904587618,4036240.0
2025-11-10,310.7430725097656,312.5560963716996,307.73467135021764,308.75074661326164,3716400,306.09100341796875,309.55767822265625,290.37158203125,307.73469673857505,313.6319815864425,298.84894002477506,296.5577463210612,307.3163112846,290.37158203125,302.86344492751,309.218986422297,297.8527768913592,0.015198320237607366,0.015083982804386092,0.006551623956755348,-0.011232001207157172,305.58095703125,304.6595184326172,296.2788873291015,0.010773779487039743,0.013985148196074415,4.821425021481957,1.992325896503985,4120000.0
2025-11-11,309.5277709960937,311.52009701167094,305.8718393812973,309.30861391836095,2682200,310.7430725097656,307.7645568847656,296.38836669921875,312.5560963716996,313.711650937832,296.43816268743404,307.73467135021764,306.00132899938365,291.99528436159625,308.75074661326164,310.54382963885854,294.86423857396045,-0.003910952877746787,-0.003918620652686415,0.015198320237607366,-0.005792527415846793,306.87995605468745,305.1894790649414,296.9894720458984,0.007197675171484104,0.013976617468341014,5.648257630373621,0.21915707773274562,3868800.0
2025-11-12,307.83428955078125,311.25115185875245,300.841236002448,309.5875462172283,3884500,309.5277709960937,307.4358215332031,298.9285583496094,311.52009701167094,310.4940492526215,301.1301003109824,305.8718393812973,305.10480375112155,290.88954661717275,309.30861391836095,307.91399071945665,293.7086743299514,-0.005471177722963683,-0.005486199431815103,-0.003910952877746787,-0.0010681390829730963,307.6589599609375,305.63277130126954,297.6554425048828,0.00845835550726694,0.014068438649048819,10.409915856304451,-1.7532566664470437,3703480.0
2025-11-13,303.0029296875,310.1852567988789,301.4190036782936,308.79063460256515,4153300,307.83428955078125,303.03277587890625,298.96844482421875,311.25115185875245,308.0434742076113,303.77992930148974,300.841236002448,301.9071069023963,294.5853335558265,309.5875462172283,304.6465549636273,300.3830097083528,-0.015694677387407374,-0.01581914285108435,-0.005471177722963683,-0.014321836773407148,307.4398132324219,305.8484420776367,298.0986260986328,0.011866458468706657,0.01458368258524609,8.766253120585304,-5.787704915065149,3840580.0
2025-11-14,303.6504211425781,305.6228044794453,295.1132967063002,299.8151874090832,2803300,303.0029296875,303.93927001953125,298.68951416015625,310.1852567988789,307.3561321203847,301.8871889196472,301.4190036782936,301.3392992529189,296.6175084693959,308.79063460256515,302.2856662372116,300.5125094981572,0.002136914833615444,0.0021346348785811283,-0.015694677387407374,0.002991406252989659,306.9516967773437,306.08154449462893,298.6152514648437,0.011348140697802373,0.014586645154834049,10.50950777314506,3.835233733494931,3447940.0
2025-11-17,298.9784240722656,307.6350834960051,297.4044694131399,305.6427573759359,3076600,303.6504211425781,304.0986633300781,298.9883728027344,305.6228044794453,306.8480828954156,301.7975293150592,295.1132967063002,300.2833724757061,296.1990982054472,299.8151874090832,302.56459422231546,297.02593050697,-0.015386104365449849,-0.015505698783268702,0.002136914833615444,0.0005244248646667504,304.59876708984376,305.9545364379883,299.1017156982422,0.007731015970649767,0.01490502008522618,10.230614082865202,-6.664333303670276,3319980.0
2025-11-18,294.8742370605469,299.92476066938207,292.6228988172364,294.6949046054144,4053600,298.9784240722656,306.09100341796875,301.5185852050781,307.6350834960051,307.73469673857505,304.25803323394786,297.4044694131399,296.5577463210612,300.51248132861946,305.6427573759359,302.86344492751,302.694050154078,-0.013727368536556095,-0.013822460100850562,-0.015386104365449849,0.006551623956755348,301.6680603027344,305.4255737304687,299.5023156738281,0.00778552429392523,0.014843558821584545,7.3018618521456915,0.1793324551324531,3594260.0
2025-11-19,299.665771484375,300.5125161442204,294.3661768420668,294.72478094243434,2952600,294.8742370605469,310.7430725097656,305.4534912109375,299.92476066938207,312.5560963716996,315.31549965921,292.6228988172364,307.73467135021764,301.8672980296153,294.6949046054144,308.75074661326164,306.1209034527274,0.01624941694327897,0.01611880814616788,-0.013727368536556095,0.015198320237607366,300.03435668945315,305.57151184082034,299.8560705566406,0.014146405993031312,0.01392844057802054,6.146339302153592,4.940990541940664,3407880.0
2025-11-20,289.5048828125,305.90171708873635,289.36543580238043,304.2281705644107,3733900,299.665771484375,309.5277709960937,296.7470092773437,300.5125161442204,311.52009701167094,307.8143655634621,294.3661768420668,305.8718393812973,293.66883886928497,294.72478094243434,309.30861391836095,306.4197434500671,-0.03390740497836542,-0.03449559530366276,0.01624941694327897,-0.003910952877746787,297.3347473144531,304.78603515625,300.0434204101562,0.019006882843326706,0.014325456795462115,16.536281286355916,-14.723287751910675,3324000.0
2025-11-21,286.33709716796875,290.5907022637423,282.9501490242197,289.5048882341556,5604100,289.5048828125,307.83428955078125,305.21441650390625,305.90171708873635,311.25115185875245,305.9117124100897,289.36543580238043,300.841236002448,297.5339773736796,304.2281705644107,309.5875462172283,298.00217523090294,-0.010942080194837,-0.011002385064964664,-0.03390740497836542,-0.005471177722963683,293.87208251953126,303.96768646240236,300.1648284912109,0.017975588104699156,0.014394914810362598,7.640553239522603,-3.167791066186851,3884160.0
2025-11-24,292.9217224121094,293.6887873899985,286.26736076776274,288.36928053774665,11909200,286.33709716796875,303.0029296875,302.7040710449219,290.5907022637423,310.1852567988789,309.1093923699096,282.9501490242197,301.4190036782936,302.4052342803364,289.5048882341556,308.79063460256515,308.00366594045863,0.02299606061968973,0.02273563615043254,-0.010942080194837,-0.015694677387407374,292.6607421875,303.0317916870117,300.31664245605464,0.023323828012200225,0.013683354223219174,7.421426622235742,4.552441874362728,5650680.0
2025-11-25,292.3140869140625,294.8443495653212,285.1118171408091,293.36004595311294,4693100,292.9217224121094,303.6504211425781,311.6396179199219,293.6887873899985,305.6228044794453,312.1277280439873,286.26736076776274,295.1132967063002,303.33162245061305,288.36928053774665,299.8151874090832,306.310139983961,-0.0020743954836917045,-0.0020765500220952127,0.02299606061968973,0.002136914833615444,292.1487121582031,302.2174301147461,300.33313049316405,0.022665034349115203,0.013591510255542054,9.732532424512101,-1.0459590390504445,5778580.0
2025-11-26,295.4818725585937,297.46422725654367,292.3339937414452,294.07727904078337,4113700,292.3140869140625,298.9784240722656,308.601318359375,294.8443495653212,307.6350834960051,315.45492408774373,285.1118171408091,297.4044694131399,308.2626266158833,293.36004595311294,305.6427573759359,310.9024522640393,0.010836924343856413,0.010778625686485592,-0.0020743954836917045,-0.015386104365449849,291.3119323730469,301.3378173828125,300.4820233154297,0.021712483570678707,0.013371998277801535,5.130233515098439,1.4045935178103264,6010800.0
2025-11-28,297.30487060546875,297.53396864771,294.12710808483763,295.87039339989616,1376400,295.4818725585937,294.8742370605469,313.0741271972656,297.46422725654367,299.92476066938207,313.91090052472987,292.3339937414452,292.6228988172364,307.8342997414351,294.07727904078337,294.6949046054144,308.8105504903855,0.006169576600722149,0.006150622681494248,0.010836924343856413,-0.013727368536556095,292.87192993164064,300.7251770019531,300.51634338378904,0.012871517762268655,0.0133607558898348,3.406860562872396,1.4344772055725912,5539300.0
2025-12-01,287.3432312011719,295.2627088574877,286.92482936249746,294.6152089837737,3756300,297.30487060546875,299.665771484375,309.55767822265625,297.53396864771,300.5125161442204,313.6319815864425,294.12710808483763,294.3661768420668,307.3163112846,295.87039339989616,294.72478094243434,309.218986422297,-0.03350647900254622,-0.03408068392843594,0.006169576600722149,0.01624941694327897,293.0731567382812,299.70411071777346,300.2708386230468,0.021256754203891965,0.015105456535146184,8.337879494990261,-7.271977782601823,5169740.0
2025-12-02,288.2098999023437,290.87960957078144,287.35318387412354,289.68420175481765,4255800,287.3432312011719,289.5048828125,307.7645568847656,295.2627088574877,305.90171708873635,313.711650937832,286.92482936249746,289.36543580238043,306.00132899938365,294.6152089837737,304.2281705644107,310.54382963885854,0.0030161444818064265,0.003011605043482897,-0.03350647900254622,-0.03390740497836542,292.13079223632815,298.74281463623043,300.04505676269525,0.017629345462018973,0.015164961891208816,3.5264256966578955,-1.4743018524739568,3639060.0
2025-12-03,287.383056640625,288.23977263632486,283.40837596421966,286.9348015270168,4059500,288.2098999023437,286.33709716796875,307.4358215332031,290.87960957078144,290.5907022637423,310.4940492526215,287.35318387412354,282.9501490242197,305.10480375112155,289.68420175481765,289.5048882341556,307.91399071945665,-0.0028688926438642515,-0.002873015804189694,0.0030161444818064265,-0.010942080194837,291.14458618164065,297.9603286743164,299.71100280761715,0.017621237764317538,0.014933927715335658,4.8313966721052,0.4482551136081838,3512340.0
2025-12-04,290.7401428222656,293.40988298916693,286.55627611381084,287.74171261466086,4195300,287.383056640625,292.9217224121094,303.03277587890625,288.23977263632486,293.6887873899985,308.0434742076113,283.40837596421966,286.26736076776274,301.9071069023963,286.9348015270168,288.36928053774665,304.6465549636273,0.011681573092315878,0.01161387025768213,-0.0028688926438642515,0.02299606061968973,290.196240234375,297.30037231445306,299.55015258789064,0.01779349979385517,0.015226913063239035,6.853606875356093,2.9984302076047697,3528660.0
2025-12-05,282.8505554199219,292.1547152039508,281.0674149438206,290.5509071917233,5220300,290.7401428222656,292.3140869140625,303.93927001953125,293.40988298916693,294.8443495653212,307.3561321203847,286.55627611381084,285.1118171408091,301.3392992529189,287.74171261466086,293.36004595311294,302.2856662372116,-0.0271362162987131,-0.027511202792519368,0.011681573092315878,-0.0020743954836917045,287.3053771972656,296.2379669189453,299.2935949707031,0.01959774479683502,0.01620044204730574,11.087300260130178,-7.700351771801422,4297440.0
2025-12-08,286.0880432128906,287.7317060185092,282.2129547022172,283.90644389617626,4333200,282.8505554199219,295.4818725585937,304.0986633300781,292.1547152039508,297.46422725654367,306.8480828954156,281.0674149438206,292.3339937414452,300.2833724757061,290.5509071917233,294.07727904078337,302.56459422231546,0.01144593047788911,0.011380921404901937,-0.0271362162987131,0.010836924343856413,287.05433959960936,295.23781890869134,299.1455645751953,0.01595453075086827,0.016395886735733473,5.518751316292025,2.181599316714369,4412820.0
2025-12-09,284.2152709960937,289.3355635506143,283.6773344490099,286.0980337106458,3553400,286.0880432128906,297.30487060546875,306.09100341796875,287.7317060185092,297.53396864771,307.73469673857505,282.2129547022172,294.12710808483763,296.5577463210612,283.90644389617626,295.87039339989616,302.86344492751,-0.006546139418358465,-0.006567659355417618,0.01144593047788911,0.006169576600722149,286.2554138183594,293.9114288330078,298.9798028564453,0.01595999538589845,0.015819355957055078,5.658229101604434,-1.8827627145520864,4272340.0
2025-12-10,282.5118713378906,284.78312207105233,280.23064924521725,284.35477921885854,5807400,284.2152709960937,287.3432312011719,310.7430725097656,289.3355635506143,295.2627088574877,312.5560963716996,283.6773344490099,286.92482936249746,307.73467135021764,286.0980337106458,294.6152089837737,308.75074661326164,-0.005993343187483013,-0.006011375353503894,-0.006546139418358465,-0.03350647900254622,285.2811767578125,292.5606338500976,298.6367248535156,0.01603002073851674,0.015823291516545372,4.552472825835082,-1.842907880967914,4621920.0
2025-12-11,287.3133544921875,288.24971977195406,278.5670443047041,280.9976541294882,5971500,282.5118713378906,288.2098999023437,309.5277709960937,284.78312207105233,290.87960957078144,311.52009701167094,280.23064924521725,287.35318387412354,305.8718393812973,284.35477921885854,289.68420175481765,309.30861391836095,0.016995686346058747,0.016852875509795993,-0.005993343187483013,0.0030161444818064265,284.5958190917969,291.5345870971679,298.38848083496094,0.017390860370447406,0.016527753414929115,9.682675467249965,6.315700362699317,4977160.0
2025-12-12,298.6596374511719,302.84353436340643,289.5846067836192,289.8137048256359,9381900,287.3133544921875,287.383056640625,307.83428955078125,288.24971977195406,288.23977263632486,311.25115185875245,278.5670443047041,283.40837596421966,300.841236002448,280.9976541294882,286.9348015270168,309.5875462172283,0.03949096963849241,0.038731141061738965,0.016995686346058747,-0.0028688926438642515,287.75763549804685,291.3174224853515,298.39565307617187,0.019003238373633536,0.018801929963164564,13.258927579787212,8.845932625535966,5809480.0
2025-12-15,299.8251647949219,306.87798579063843,298.75926303864134,298.8489140648028,6808600,298.6596374511719,290.7401428222656,303.0029296875,302.84353436340643,293.40988298916693,310.1852567988789,289.5846067836192,286.55627611381084,301.4190036782936,289.8137048256359,287.74171261466086,308.79063460256515,0.0039025271499586456,0.003894932044537795,0.03949096963849241,0.011681573092315878,290.50505981445315,291.1261596679687,298.4749475097656,0.01926443024870568,0.01881936387504788,8.118722751997097,0.9762507301190908,6304560.0
2025-12-16,297.5837707519531,300.24350881986334,295.72092048806775,296.5178690930542,5271300,299.8251647949219,282.8505554199219,303.6504211425781,306.87798579063843,292.1547152039508,305.6228044794453,298.75926303864134,281.0674149438206,295.1132967063002,298.8489140648028,290.5509071917233,299.8151874090832,-0.007475670177657823,-0.007503753046342835,0.0039025271499586456,-0.0271362162987131,293.178759765625,291.05642700195307,298.48510803222655,0.0194623039261086,0.018570753645295403,4.522588331795589,1.0659016588989516,6648140.0
2025-12-17,291.0589294433594,300.07422380621983,290.5010805352172,297.97230384121366,3802500,297.5837707519531,286.0880432128906,298.9784240722656,300.24350881986334,287.7317060185092,307.6350834960051,295.72092048806775,282.2129547022172,297.4044694131399,296.5178690930542,283.90644389617626,305.6427573759359,-0.02192606569943778,-0.02217001436032486,-0.007475670177657823,0.01144593047788911,294.88817138671874,290.8656616210937,298.29464233398437,0.023495815476766695,0.018974211696005387,9.573143271002607,-6.913374397854284,6247160.0
2025-12-18,300.5324401855469,301.150056427264,294.28650865660484,294.8642698632318,4495100,291.0589294433594,284.2152709960937,294.8742370605469,300.07422380621983,289.3355635506143,299.92476066938207,290.5010805352172,283.6773344490099,292.6228988172364,297.97230384121366,286.0980337106458,294.6949046054144,0.03254842845847494,0.032029948829093775,-0.02192606569943778,-0.006546139418358465,297.5319885253906,290.9089950561523,298.2773095703125,0.026161071999280736,0.020050070281433036,6.863547770659181,5.6681703223150635,5951880.0
2025-12-19,306.0312194824219,307.24653952970755,302.47494076086883,303.0626732689153,8856400,300.5324401855469,282.5118713378906,299.665771484375,301.150056427264,284.78312207105233,300.5125161442204,294.28650865660484,280.23064924521725,294.3661768420668,294.8642698632318,284.35477921885854,294.72478094243434,0.01829679116663785,0.018131419023511813,0.03254842845847494,-0.005993343187483013,299.0063049316406,291.7353118896484,298.43390563964846,0.021316404646664164,0.018710936209451953,4.7715987688387145,2.9685462135065563,5846780.0
2025-12-22,313.5223999023437,315.1859751303535,304.75614703926016,308.4618747094605,6959900,306.0312194824219,287.3133544921875,289.5048828125,307.24653952970755,288.24971977195406,305.90171708873635,302.47494076086883,278.5670443047041,289.36543580238043,303.0626732689153,280.9976541294882,304.2281705644107,0.024478484360488828,0.024183687364030166,0.01829679116663785,0.016995686346058747,301.74575195312497,293.0945770263671,298.8969219970703,0.02295779567689463,0.019001319265958105,10.429828091093327,5.060525192883176,5877040.0
2025-12-23,314.3193054199219,316.53078846249264,312.9545669946406,313.7913402539266,2724800,313.5223999023437,298.6596374511719,286.33709716796875,315.1859751303535,302.84353436340643,290.5907022637423,304.75614703926016,289.5846067836192,282.9501490242197,308.4618747094605,289.8137048256359,289.5048882341556,0.002541781760494244,0.0025385568966793514,0.024478484360488828,0.03949096963849241,305.0928588867188,294.16445617675777,299.2555407714844,0.021533335942449,0.018509776372170605,3.576221467852065,0.5279651659952833,5367740.0
2025-12-24,315.5346069335937,315.9430373814707,313.9108564995035,314.77751338138484,878500,314.3193054199219,299.8251647949219,292.9217224121094,316.53078846249264,306.87798579063843,293.6887873899985,312.9545669946406,298.75926303864134,286.26736076776274,313.7913402539266,298.8489140648028,288.36928053774665,0.0038664552024516574,0.003858999675995469,0.002541781760494244,0.0039025271499586456,309.9879943847656,295.32548217773433,299.58766174316406,0.013026483167051326,0.018459937690097978,2.0321808819671787,0.7570935522088575,4782940.0
2025-12-26,313.9308166503906,316.8395955327333,313.3331127812644,315.385206091562,1882300,315.5346069335937,297.5837707519531,292.3140869140625,315.9430373814707,300.24350881986334,294.8443495653212,313.9108564995035,295.72092048806775,285.1118171408091,314.77751338138484,296.5178690930542,293.36004595311294,-0.0050827714233595556,-0.005095732643964986,0.0038664552024516574,-0.007475670177657823,312.66766967773435,296.24792938232423,299.8869091796875,0.012167974222813998,0.0184924010879223,3.5064827514689227,-1.4543894411713723,4260380.0
2025-12-29,310.7394104003906,313.15289514942083,310.4103140613288,312.49467203604894,2773200,313.9308166503906,291.0589294433594,295.4818725585937,316.8395955327333,300.07422380621983,297.46422725654367,313.3331127812644,290.5010805352172,292.3339937414452,315.385206091562,297.97230384121366,294.07727904078337,-0.01016595402787146,-0.010217980236219032,-0.0050827714233595556,-0.02192606569943778,313.60930786132815,296.91965637207034,300.1279071044922,0.01323705150889299,0.018713535155976013,2.742581088092038,-1.7552616356583144,3043740.0
2025-12-30,310.9488830566406,312.0857918172751,309.7221903087522,311.0984723099807,3155100,310.7394104003906,300.5324401855469,297.30487060546875,313.15289514942083,301.150056427264,297.53396864771,310.4103140613288,294.28650865660484,294.12710808483763,312.49467203604894,294.8642698632318,295.87039339989616,0.0006741103614120725,0.0006738832510816107,-0.01016595402787146,0.03254842845847494,313.0946044921875,298.0999389648438,300.3671173095703,0.005867448240645368,0.016718272794527873,2.3636015085228905,-0.149589253340082,2282780.0
2025-12-31,307.1990051269531,312.5146126289133,307.03943311769603,311.2979331244195,2555700,310.9488830566406,306.0312194824219,287.3432312011719,312.0857918172751,307.24653952970755,295.2627088574877,309.7221903087522,302.47494076086883,286.92482936249746,311.0984723099807,303.0626732689153,294.6152089837737,-0.01205946743666042,-0.012132772758961763,0.0006741103614120725,0.01829679116663785,311.67054443359376,299.04939422607424,300.4807257080078,0.006825373090783264,0.017104502343881858,5.475179511217277,-4.098927997466376,2248960.0
2026-01-02,319.8847045898437,320.11409506970034,307.82732374171144,308.9143795688359,4340100,307.1990051269531,313.5223999023437,288.2098999023437,312.5146126289133,315.1859751303535,290.87960957078144,307.03943311769603,304.75614703926016,287.35318387412354,311.2979331244195,308.4618747094605,289.68420175481765,0.0412947283395273,0.04046486996481777,-0.01205946743666042,0.024478484360488828,312.5405639648437,300.67447662353516,300.76934997558595,0.022007578511608117,0.019006630132806342,12.286771327988902,10.970325021007795,2941280.0
2026-01-05,323.445068359375,328.5412681744522,322.54750243437053,322.9464172415671,5628200,319.8847045898437,314.3193054199219,287.383056640625,320.11409506970034,316.53078846249264,288.23977263632486,307.82732374171144,312.9545669946406,283.40837596421966,308.9143795688359,313.7913402539266,286.9348015270168,0.011130146951216169,0.011068662664414686,0.0412947283395273,0.002541781760494244,314.44341430664065,302.3097229003906,301.3033111572266,0.021724014175524692,0.018997652439622943,5.993765740081699,0.49865111780792404,3690460.0
2026-01-06,326.6564025878906,331.8922396424385,320.59278758383573,325.04077773784167,4324700,323.445068359375,315.5346069335937,290.7401428222656,328.5412681744522,315.9430373814707,293.40988298916693,322.54750243437053,313.9108564995035,286.55627611381084,322.9464172415671,314.77751338138484,287.74171261466086,0.009928530506909894,0.009879566475081899,0.011130146951216169,0.0038664552024516574,317.62681274414064,304.50001525878906,301.7321508789062,0.019710703052776994,0.017384302234594314,11.299452058602753,1.6156248500489596,4000760.0
2026-01-07,322.76690673828125,329.3690425987625,322.07876576814664,327.53401015681976,4656800,326.6564025878906,313.9308166503906,282.8505554199219,331.8922396424385,316.8395955327333,292.1547152039508,320.59278758383573,313.3331127812644,281.0674149438206,325.04077773784167,315.385206091562,290.5509071917233,-0.011906994073269006,-0.011978450111370949,0.009928530506909894,-0.0050827714233595556,319.99041748046875,306.3339584350586,302.13340759277344,0.021910078971700647,0.017873324120950208,7.2902768306158805,-4.767103418538511,4301100.0
2026-01-08,313.5917053222656,329.2593143184022,309.43294176843426,329.2593143184022,5771700,322.76690673828125,310.7394104003906,286.0880432128906,329.3690425987625,313.15289514942083,287.7317060185092,322.07876576814664,310.4103140613288,282.2129547022172,327.53401015681976,312.49467203604894,283.90644389617626,-0.028426710497478025,-0.02883857348095908,-0.011906994073269006,-0.01016595402787146,321.2689575195312,307.8027801513672,302.1724493408203,0.026365656671897584,0.019306732718596814,19.826372549967914,-15.66760899613655,4944300.0
2026-01-09,320.7224426269531,321.43051873724875,314.3397140015223,316.2545173715261,3508000,313.5917053222656,310.9488830566406,284.2152709960937,329.2593143184022,312.0857918172751,289.3355635506143,309.43294176843426,309.7221903087522,283.6773344490099,329.2593143184022,311.0984723099807,286.0980337106458,0.02273892192830651,0.022484246117088977,-0.028426710497478025,0.0006741103614120725,321.43650512695314,309.7133087158203,302.41487182617186,0.02053636484235579,0.019505356825221754,7.090804735726465,4.467925255427019,4777880.0
2026-01-12,323.2955017089844,323.6644986923148,318.5483329963531,319.3362103394308,4125300,320.7224426269531,307.1990051269531,282.5118713378906,321.43051873724875,312.5146126289133,284.78312207105233,314.3397140015223,307.03943311769603,280.23064924521725,316.2545173715261,311.2979331244195,284.35477921885854,0.00802269732344274,0.007990686581623947,0.02273892192830651,-0.01205946743666042,321.406591796875,311.51241607666014,302.6192993164062,0.0201855575088089,0.01935487244215021,5.1161656959616835,3.9592913695535685,4477300.0
2026-01-13,326.34722900390625,327.2048943372919,324.1232340107732,324.67173807884546,2783900,323.2955017089844,319.8847045898437,287.3133544921875,323.6644986923148,320.11409506970034,288.24971977195406,318.5483329963531,307.82732374171144,278.5670443047041,319.3362103394308,308.9143795688359,280.9976541294882,0.00943943630143318,0.00939516321319058,0.00802269732344274,0.0412947283395273,321.3447570800781,312.89679565429685,302.95509033203126,0.02012694747664139,0.0177234056676615,3.0816603265186586,1.6754909250607852,4169140.0
2026-01-14,318.0197448730469,325.41971048994856,315.5065237361564,323.9437226453613,3923600,326.34722900390625,323.445068359375,298.6596374511719,327.2048943372919,328.5412681744522,302.84353436340643,324.1232340107732,322.54750243437053,289.5846067836192,324.67173807884546,322.9464172415671,289.8137048256359,-0.025517250924044776,-0.025848462524760016,0.00943943630143318,0.011130146951216169,320.39532470703125,313.8065246582031,303.1601940917969,0.022868972826631747,0.01896120405675469,9.91318675379216,-5.923977772314402,4022500.0
2026-01-15,319.0768737792969,323.5747165177749,317.0922521065131,319.7251141333734,4044900,318.0197448730469,326.6564025878906,299.8251647949219,325.41971048994856,331.8922396424385,306.87798579063843,315.5065237361564,320.59278758383573,298.75926303864134,323.9437226453613,325.04077773784167,298.8489140648028,0.003324098340724113,0.003318585738744082,-0.025517250924044776,0.009928530506909894,321.4923583984375,314.8811798095703,303.39301513671876,0.017803426714533666,0.01879664024750821,6.4824644112617875,-0.6482403540765063,3677140.0
2026-01-16,324.242919921875,324.6717526077579,317.84025617956263,320.85209817830525,4109700,319.0768737792969,322.76690673828125,297.5837707519531,323.5747165177749,329.3690425987625,300.24350881986334,317.0922521065131,322.07876576814664,295.72092048806775,319.7251141333734,327.53401015681976,296.5178690930542,0.01619060034464126,0.016060930326253064,0.003324098340724113,-0.011906994073269006,322.1964538574219,316.5403793334961,303.8172180175781,0.016213555231213032,0.017980526720137856,6.831496428195294,3.390821743569745,3797480.0
2026-01-20,311.49737548828125,323.0062517673434,308.82461281100126,320.8819931435597,10372200,324.242919921875,313.5917053222656,291.0589294433594,324.6717526077579,329.2593143184022,300.07422380621983,317.84025617956263,309.43294176843426,290.5010805352172,320.85209817830525,329.2593143184022,297.97230384121366,-0.039308628347736074,-0.04010207492012722,0.01619060034464126,-0.028426710497478025,319.8368286132812,317.0886260986328,303.96838012695315,0.023985568977403827,0.019426200680010414,14.181638956342113,-9.384617655278475,5046860.0
2026-01-21,317.6407775878906,319.4658273768697,309.8219313302649,312.21545072582376,9783900,311.49737548828125,320.7224426269531,300.5324401855469,323.0062517673434,321.43051873724875,301.150056427264,308.82461281100126,314.3397140015223,294.28650865660484,320.8819931435597,316.2545173715261,294.8642698632318,0.01972216327659071,0.019530201247054176,-0.039308628347736074,0.02273892192830651,318.0955383300781,317.6691040039062,304.23922241210937,0.026112677426548037,0.01949174370515934,9.643896046604823,5.425326862066868,6446860.0
2026-01-22,294.20416259765625,309.1636962890625,294.04459058605136,305.0448331430554,13939000,317.6407775878906,323.2955017089844,306.0312194824219,319.4658273768697,323.6644986923148,307.24653952970755,309.8219313302649,318.5483329963531,302.47494076086883,312.21545072582376,319.3362103394308,303.0626732689153,-0.07378339509243115,-0.07664715710270173,0.01972216327659071,0.00802269732344274,313.332421875,316.70319213867185,304.0014855957031,0.040498115919629235,0.02511279220328593,15.119105703011144,-10.840670545399178,8449940.0
2026-01-23,293.07720947265625,298.303063561442,289.28747306915125,296.19877040753386,7780200,294.20416259765625,326.34722900390625,313.5223999023437,309.1636962890625,327.2048943372919,315.1859751303535,294.04459058605136,324.1232340107732,304.75614703926016,305.0448331430554,324.67173807884546,308.4618747094605,-0.0038305138684974205,-0.0038378690755688566,-0.07378339509243115,0.00943943630143318,308.1324890136719,315.6410873413086,303.6481683349609,0.03981963418871892,0.025080935879312746,9.015590492290755,-3.121560934877607,9197000.0
2026-01-26,294.2640075683594,297.9241203183446,289.6564759158863,292.20956731150125,7844800,293.07720947265625,318.0197448730469,314.3193054199219,298.303063561442,325.41971048994856,316.53078846249264,289.28747306915125,315.5065237361564,312.9545669946406,296.19877040753386,323.9437226453613,313.7913402539266,0.004049438364172264,0.004041261455797536,-0.0038305138684974205,-0.025517250924044776,302.13670654296874,314.5775573730469,303.34289306640625,0.037662225115676594,0.025083677710384708,8.267644402458302,2.054440256858129,9944020.0
2026-01-27,296.6675109863281,299.81898984906604,293.8052583071841,294.71280703585785,7452200,294.2640075683594,319.0768737792969,315.5346069335937,297.9241203183446,323.5747165177749,315.9430373814707,289.6564759158863,317.0922521065131,313.9108564995035,292.20956731150125,319.7251141333734,314.77751338138484,0.008167847090203129,0.008134670757537602,0.004049438364172264,0.003324098340724113,299.1707336425781,313.7143920898437,303.1195574951172,0.037126494467783815,0.02520542656491967,6.013731541881953,1.9547039504702752,9360020.0
2026-01-28,291.69097900390625,297.46533723615465,290.36454994053145,296.198774309434,7541300,296.6675109863281,324.242919921875,313.9308166503906,299.81898984906604,324.6717526077579,316.8395955327333,293.8052583071841,317.84025617956263,313.3331127812644,294.71280703585785,320.85209817830525,315.385206091562,-0.016774779165660725,-0.0169170692749976,0.008167847090203129,0.01619060034464126,293.98077392578125,312.76197052001953,302.8933184814453,0.03343927046770597,0.025353881370894962,7.100787295623206,-4.507795305527736,8911500.0
2026-01-29,298.0537414550781,298.3828682475336,289.54675431932645,292.5087432751761,6149900,291.69097900390625,311.49737548828125,310.7394104003906,297.46533723615465,323.0062517673434,313.15289514942083,290.36454994053145,308.82461281100126,310.4103140613288,296.198774309434,320.8819931435597,312.49467203604894,0.021813367259076788,0.021578859898942853,-0.016774779165660725,-0.039308628347736074,294.7506896972656,312.1172134399414,302.7813848876953,0.014308674505202108,0.02594216962365173,8.836113928207169,5.544998179902052,7353680.0
2026-01-30,305.9623718261719,306.7701842297641,295.5804515469404,296.19877408448014,7427800,298.0537414550781,317.6407775878906,310.9488830566406,298.3828682475336,319.4658273768697,312.0857918172751,289.54675431932645,309.8219313302649,309.7221903087522,292.5087432751761,312.21545072582376,311.0984723099807,0.026534242893527793,0.02618831580358102,0.021813367259076788,0.01972216327659071,297.3277221679688,312.05538177490234,302.92106384277344,0.017035837745280426,0.026565905372220613,11.18973268282366,9.76359774169174,7283200.0
2026-02-02,307.8771667480469,308.8246160524838,300.2079100687073,304.77557138291496,6727200,305.9623718261719,294.20416259765625,307.1990051269531,306.7701842297641,309.1636962890625,312.5146126289133,295.5804515469404,294.04459058605136,307.03943311769603,296.19877408448014,305.0448331430554,311.2979331244195,0.006258269310851272,0.0062387676655409905,0.026534242893527793,-0.07378339509243115,300.05035400390625,311.4550048828125,303.1811224365234,0.016911396171399414,0.024806165364330116,8.616705983776512,3.1015953651319137,7059680.0
2026-02-03,309.0938720703125,311.5871276391085,304.1871621546613,309.0540018945908,4588100,307.8771667480469,293.07720947265625,319.8847045898437,308.8246160524838,298.303063561442,320.11409506970034,300.2079100687073,289.28747306915125,307.82732374171144,304.77557138291496,296.19877040753386,308.9143795688359,0.003951918016906086,0.003944129701346328,0.006258269310851272,-0.0038305138684974205,302.53562622070314,310.73744506835936,303.3696844482422,0.017079971604564606,0.024663629448730587,7.399965484447193,0.039870175721716805,6486860.0
2026-02-04,307.5081787109375,310.9389009593701,301.18528596249786,309.17368689568383,6591900,309.0938720703125,294.2640075683594,323.445068359375,311.5871276391085,297.9241203183446,328.5412681744522,304.1871621546613,289.6564759158863,322.54750243437053,309.0540018945908,292.20956731150125,322.9464172415671,-0.005130135219938214,-0.005143339542960097,0.003951918016906086,0.004049438364172264,305.6990661621094,309.78003387451173,303.72975036621096,0.013134762049078475,0.02451064305749558,9.753614996872216,-1.6655081847463293,6296980.0
2026-02-05,305.5434875488281,308.39578782963065,301.6839326846185,305.8825666639131,4461900,307.5081787109375,296.6675109863281,326.6564025878906,310.9389009593701,299.81898984906604,331.8922396424385,301.18528596249786,293.8052583071841,320.59278758383573,309.17368689568383,294.71280703585785,325.04077773784167,-0.006389069618718102,-0.00640956707711663,-0.005130135219938214,0.008167847090203129,307.1970153808594,308.9188629150391,304.11387817382814,0.013216710403491191,0.024432760327222164,6.711855145012123,-0.339079115084985,5959380.0
2026-02-06,320.134033203125,322.3081448780506,309.38311579770107,309.8518490886484,5800600,305.5434875488281,291.69097900390625,322.76690673828125,308.39578782963065,297.46533723615465,329.3690425987625,301.6839326846185,290.36454994053145,322.07876576814664,305.8825666639131,296.198774309434,327.53401015681976,0.0477527626962273,0.04664764460909489,-0.006389069618718102,-0.016774779165660725,310.03134765625,309.24597930908203,304.65812438964844,0.02219709519566366,0.026053788467841427,12.925029080349532,10.282184114476593,5633940.0
2026-02-09,315.8855285644531,323.61462158034607,315.53649709903345,320.1739468215189,4706400,320.134033203125,298.0537414550781,313.5917053222656,322.3081448780506,298.3828682475336,329.2593143184022,309.38311579770107,289.54675431932645,309.43294176843426,309.8518490886484,292.5087432751761,329.2593143184022,-0.013271018379905297,-0.013359865279069755,0.0477527626962273,0.021813367259076788,311.6330200195313,309.004133605957,305.1295532226562,0.024465919273024363,0.025741105548225257,8.078124481312614,-4.288418257065757,5229780.0
2026-02-10,315.4765930175781,319.20652395908144,315.02782528661714,316.084963188767,4610600,315.8855285644531,305.9623718261719,320.7224426269531,323.61462158034607,306.7701842297641,321.43051873724875,315.53649709903345,295.5804515469404,314.3397140015223,320.1739468215189,296.19877408448014,316.2545173715261,-0.0012945687912118142,-0.0012954074692851838,-0.013271018379905297,0.026534242893527793,312.90956420898436,308.6131881713867,305.5294476318359,0.02465441385204194,0.025664104357132907,4.178698672464293,-0.6083701711888807,5234280.0
2026-02-11,312.8836364746094,320.91190717246764,311.9162521036841,318.58820639109973,5241100,315.4765930175781,307.8771667480469,323.2955017089844,319.20652395908144,308.8246160524838,323.6644986923148,315.02782528661714,300.2079100687073,318.5483329963531,316.084963188767,304.77557138291496,319.3362103394308,-0.008219172516625628,-0.008253136145030834,-0.0012945687912118142,0.006258269310851272,313.9846557617187,307.94000854492185,305.84102294921877,0.024987305960165872,0.025593158706862608,8.995655068783549,-5.704569916490357,4964120.0
2026-02-12,312.0459289550781,324.0035737046292,310.81923617843273,316.92272133978906,6163900,312.8836364746094,309.0938720703125,326.34722900390625,320.91190717246764,311.5871276391085,327.2048943372919,311.9162521036841,304.1871621546613,324.1232340107732,318.58820639109973,309.0540018945908,324.67173807884546,-0.002677377215919763,-0.002680967800629688,-0.008219172516625628,0.003951918016906086,315.28514404296874,307.6413177490234,306.3350769042969,0.024665111637121713,0.024980837103053072,13.184337526196487,-4.876792384710939,5304520.0
2026-02-13,314.5591125488281,325.7986981720331,312.6841794120894,314.3696226827588,4393400,312.0459289550781,307.5081787109375,318.0197448730469,324.0035737046292,310.9389009593701,325.41971048994856,310.81923617843273,301.18528596249786,315.5065237361564,316.92272133978906,309.17368689568383,323.9437226453613,0.008053890022426069,0.008021630543953159,-0.002677377215919763,-0.005130135219938214,314.1701599121094,307.4154296875,306.86206115722655,0.008012095783985923,0.025042707965737356,13.114518759943678,0.18948986606932294,5023080.0
2026-02-17,326.1976013183594,329.5086520398325,313.65155260564313,314.15020372266326,5863600,314.5591125488281,305.5434875488281,319.0768737792969,325.7986981720331,308.39578782963065,323.5747165177749,312.6841794120894,301.6839326846185,317.0922521065131,314.3696226827588,305.8825666639131,319.7251141333734,0.03699936929255121,0.03633132104330099,0.008053890022426069,-0.006389069618718102,316.2325744628906,307.5131637573242,307.63835205078124,0.01798772822671806,0.026175324856379485,15.857099434189365,12.047397595696111,5254520.0
2026-02-18,328.6908569335937,330.8949167844038,325.6191794439778,329.4587991324344,3988900,326.1976013183594,320.134033203125,324.242919921875,329.5086520398325,322.3081448780506,324.6717526077579,313.65155260564313,309.38311579770107,317.84025617956263,314.15020372266326,309.8518490886484,320.85209817830525,0.007643390402497063,0.007614327691892479,0.03699936929255121,0.0477527626962273,318.87542724609375,308.37283782958986,308.3973663330078,0.01744644206743359,0.02445356335443752,5.275737340425962,-0.7679421988407285,5130180.0
2026-02-19,333.8369445800781,334.97388375111785,324.6917000144836,327.15503778315366,4456700,328.6908569335937,315.8855285644531,311.49737548828125,330.8949167844038,323.61462158034607,323.0062517673434,325.6191794439778,315.53649709903345,308.82461281100126,329.4587991324344,320.1739468215189,320.8819931435597,0.015656315160369916,0.015535019449298014,0.007643390402497063,-0.013271018379905297,323.0660888671875,309.1826461791992,309.41709411621093,0.014848163856132395,0.02432359838585101,10.282183736634238,6.681906796924466,4973300.0
2026-02-20,342.2940673828125,343.37114038329275,335.88142144607536,337.915896050899,5035400,333.8369445800781,315.4765930175781,317.6407775878906,334.97388375111785,319.20652395908144,319.4658273768697,324.6917000144836,315.02782528661714,309.8219313302649,327.15503778315366,316.084963188767,312.21545072582376,0.025333094314568205,0.02501752986203071,0.015656315160369916,-0.0012945687912118142,329.1157165527344,311.587141418457,310.54121459960936,0.012487095578393025,0.016854610977301114,7.48971893721739,4.3781713319135065,4747600.0
2026-02-23,338.0754699707031,342.35390501829863,336.09084829128926,341.22694863955155,5045100,342.2940673828125,312.8836364746094,294.20416259765625,343.37114038329275,320.91190717246764,309.1636962890625,335.88142144607536,311.9162521036841,294.04459058605136,337.915896050899,318.58820639109973,305.0448331430554,-0.012324482993131824,-0.012401059259386437,0.025333094314568205,-0.008219172516625628,333.81898803710936,313.83705444335936,311.61841857910156,0.018650402994106828,0.017263336427335862,6.263056727009371,-3.1514786688484264,4877940.0
2026-02-24,344.70758056640625,345.86442444798075,329.8278169026887,337.0682413186596,6171900,338.0754699707031,312.0459289550781,293.07720947265625,342.35390501829863,324.0035737046292,298.303063561442,336.09084829128926,310.81923617843273,289.28747306915125,341.22694863955155,316.92272133978906,296.19877040753386,0.01961724876483295,0.019427310564678463,-0.012324482993131824,-0.002677377215919763,337.52098388671874,316.3592330932617,312.8623327636719,0.014633034889512685,0.017458606710654287,16.036607545292043,7.639339247746648,4939600.0
2026-02-25,341.9649963378906,347.5399124787865,337.7463967005345,344.6776293449701,5030300,344.70758056640625,314.5591125488281,294.2640075683594,345.86442444798075,325.7986981720331,297.9241203183446,329.8278169026887,312.6841794120894,289.6564759158863,337.0682413186596,314.3696226827588,292.20956731150125,-0.007956263172423261,-0.007988083125251469,0.01961724876483295,0.008053890022426069,340.1758117675781,318.62410736083984,313.95536560058594,0.017041724449467752,0.017823068616286998,9.793515778252015,-2.7126330070794893,5147880.0
2026-02-26,339.92047119140625,343.0520146437969,333.90674026673446,341.68568509234325,4722400,341.9649963378906,326.1976013183594,296.6675109863281,347.5399124787865,329.5086520398325,299.81898984906604,337.7463967005345,313.65155260564313,293.8052583071841,344.6776293449701,314.15020372266326,294.71280703585785,-0.00597875562814687,-0.005996699946455819,-0.007956263172423261,0.03699936929255121,341.39251708984375,321.0355819702148,314.7805822753906,0.01737579588563253,0.01720913626187086,9.145274377062435,-1.765213900936999,5201020.0
2026-02-27,341.3367004394531,342.8725240928292,336.7590864608944,339.70111003216783,7055100,339.92047119140625,328.6908569335937,291.69097900390625,343.0520146437969,330.8949167844038,297.46533723615465,333.90674026673446,325.6191794439778,290.36454994053145,341.68568509234325,329.4587991324344,296.198774309434,0.004166354686091944,0.004157699462565913,-0.00597875562814687,0.007643390402497063,341.2010437011719,323.1997299194336,315.6108129882812,0.012766258942314073,0.016903517832846552,6.113437631934801,1.6355904072852923,5604960.0
2026-03-02,344.8072814941406,346.2633647403166,334.42536107862054,340.52887661458,3981200,341.3367004394531,333.8369445800781,298.0537414550781,342.8725240928292,334.97388375111785,298.3828682475336,336.7590864608944,324.6917000144836,289.54675431932645,339.70111003216783,327.15503778315366,292.5087432751761,0.010167617634492032,0.010116275137606174,0.004166354686091944,0.015656315160369916,342.5474060058594,325.14197540283203,316.555283203125,0.011450910232174403,0.01628983883145527,11.838003661696064,4.2784048795606395,5392180.0
2026-03-03,333.23858642578125,340.20971937220173,328.19220907061055,339.760921188293,5891500,344.8072814941406,342.2940673828125,305.9623718261719,346.2633647403166,343.37114038329275,306.7701842297641,334.42536107862054,335.88142144607536,295.5804515469404,340.52887661458,337.915896050899,296.19877408448014,-0.03355119131541884,-0.03412694740168498,0.010167617634492032,0.025333094314568205,340.25360717773435,326.41004638671876,317.39887634277346,0.016775390209893243,0.01854752231865724,12.017510301591187,-6.522334762511775,5336100.0
2026-03-04,338.89324951171875,339.332064903357,332.52050444243383,335.6420346832848,3920400,333.23858642578125,338.0754699707031,307.8771667480469,340.20971937220173,342.35390501829863,308.8246160524838,328.19220907061055,336.09084829128926,300.2079100687073,339.760921188293,341.22694863955155,304.77557138291496,0.016968812485335993,0.01682645040676223,-0.03355119131541884,-0.012324482993131824,339.6392578125,327.90001525878904,318.16609252929686,0.019726696853953764,0.01876811082582316,6.811560460923147,3.2512148284339446,5114120.0
2026-03-05,326.1078491210937,340.88787559528566,319.92459350556703,335.67197393294833,4825400,338.89324951171875,344.70758056640625,309.0938720703125,339.332064903357,345.86442444798075,311.5871276391085,332.52050444243383,329.8278169026887,304.1871621546613,335.6420346832848,337.0682413186596,309.0540018945908,-0.03772692554084922,-0.03845700741324545,0.016968812485335993,0.01961724876483295,336.87673339843747,328.8299987792969,318.5676251220703,0.025681109165277237,0.02096110425873454,20.963282089718632,-9.56412481185464,5134720.0
2026-03-06,322.2383117675781,323.66447709984175,316.7531494542151,322.79682902173147,4677000,326.1078491210937,341.9649963378906,307.5081787109375,340.88787559528566,347.5399124787865,310.9389009593701,319.92459350556703,337.7463967005345,301.18528596249786,335.67197393294833,344.6776293449701,309.17368689568383,-0.011865820966727725,-0.011936781717311213,-0.03772692554084922,-0.007956263172423261,333.0570556640625,329.66473999023435,318.741943359375,0.024767690235277796,0.021127376626630466,6.91132764562667,-0.5585172541533439,4659100.0
2026-03-09,321.5292053222656,321.5991254907336,309.7339106424785,319.4917669694269,5740100,322.2383117675781,339.92047119140625,305.5434875488281,323.66447709984175,343.0520146437969,308.39578782963065,316.7531494542151,333.90674026673446,301.6839326846185,322.79682902173147,341.68568509234325,305.8825666639131,-0.002200565294122936,-0.002202990095872606,-0.011865820966727725,-0.00597875562814687,328.4014404296875,329.73449859619143,318.8861413574219,0.022624859820364593,0.01830717759008095,11.865214848255107,2.0374383528387057,5010880.0
2026-03-10,326.1134948730469,331.4668379040221,320.1509258788456,321.8588189958862,4146700,321.5292053222656,341.3367004394531,320.134033203125,321.5991254907336,342.8725240928292,322.3081448780506,309.7339106424785,336.7590864608944,309.38311579770107,319.4917669694269,339.70111003216783,309.8518490886484,0.01425777028928521,0.014157084193422086,-0.002200565294122936,0.004166354686091944,326.97642211914064,330.2458969116211,319.09771911621095,0.022223791574587218,0.018261864316338566,11.315912025176488,4.2546758771606505,4661920.0
2026-03-11,324.7452087402344,325.79391986384024,320.79014715072594,323.8263711335781,3116000,326.1134948730469,344.8072814941406,315.8855285644531,331.4668379040221,346.2633647403166,323.61462158034607,320.1509258788456,334.42536107862054,315.53649709903345,321.8588189958862,340.52887661458,320.1739468215189,-0.004195736007015505,-0.00420456280593323,0.01425777028928521,0.010167617634492032,324.1468139648438,330.7093276977539,319.31400695800784,0.018983870885404035,0.018298834531986507,5.0037727131143015,0.9188376066562682,4501040.0
2026-03-12,306.31817626953125,318.24331362504086,300.7551035031341,318.24331362504086,8007200,324.7452087402344,333.23858642578125,315.4765930175781,325.79391986384024,340.20971937220173,319.20652395908144,320.79014715072594,328.19220907061055,315.02782528661714,323.8263711335781,339.760921188293,316.084963188767,-0.05674304647075801,-0.05841654828125094,-0.004195736007015505,-0.03355119131541884,320.1888793945312,330.3810546875,319.22558227539065,0.026684510714086434,0.022422591158501617,17.488210121906775,-11.925137355509605,5137400.0
2026-03-13,299.31689453125,309.1246761476353,298.6776766879311,306.98732577357026,5770600,306.31817626953125,338.89324951171875,312.8836364746094,318.24331362504086,339.332064903357,320.91190717246764,300.7551035031341,332.52050444243383,311.9162521036841,318.24331362504086,335.6420346832848,318.58820639109973,-0.022856239951366097,-0.0231214933949014,-0.05674304647075801,0.016968812485335993,315.60459594726564,329.7446029663086,318.9929425048828,0.027104652918526647,0.02295826208977181,10.446999459704159,-7.670431242320262,5356120.0
2026-03-16,303.6215209960937,305.31941669349754,299.77630813756195,303.39179637268995,6327200,299.31689453125,326.1078491210937,312.0459289550781,309.1246761476353,340.88787559528566,324.0035737046292,298.6776766879311,319.92459350556703,310.81923617843273,306.98732577357026,335.67197393294833,316.92272133978906,0.014381501824629828,0.014279068951578834,-0.022856239951366097,-0.03772692554084922,312.02305908203124,329.1977233886719,318.9213928222656,0.0298390075150145,0.023144435179549557,5.543108555935589,0.22972462340374022,5473540.0
2026-03-17,301.7138977050781,305.61903345679843,298.64771250529697,305.02977165768345,4787100,303.6215209960937,322.2383117675781,314.5591125488281,305.31941669349754,323.66447709984175,325.7986981720331,299.77630813756195,316.7531494542151,312.6841794120894,303.39179637268995,322.79682902173147,314.3696226827588,-0.006282898803606551,-0.006302719275922709,0.014381501824629828,-0.011865820966727725,307.1431396484375,327.9735382080078,318.5579766845703,0.026739942305490736,0.021304485974430826,6.971320951501468,-3.3158739526053296,5601620.0
2026-03-18,300.5852966308594,304.59031393919133,299.8062689490964,302.4429967824996,3942400,301.7138977050781,321.5292053222656,326.1976013183594,305.61903345679843,321.5991254907336,329.5086520398325,298.64771250529697,309.7339106424785,313.65155260564313,305.02977165768345,319.4917669694269,314.15020372266326,-0.0037406333708961403,-0.0037476470357326883,-0.006282898803606551,-0.002200565294122936,302.3111572265625,326.5682601928711,318.10078125,0.026787238695430513,0.021137608619542655,4.7840449900949125,-1.8577001516402447,5766900.0
2026-03-19,291.2469482421875,295.8711890439552,285.77379002359606,295.7313791850233,7128700,300.5852966308594,326.1134948730469,328.6908569335937,304.59031393919133,331.4668379040221,330.8949167844038,299.8062689490964,320.1509258788456,325.6191794439778,302.4429967824996,321.8588189958862,329.4587991324344,-0.031067216172386614,-0.031560036032310876,-0.0037406333708961403,0.01425777028928521,299.2969116210937,324.4387603759766,317.39259216308596,0.01772376149175482,0.02140278903319866,10.097399020359148,-4.484430942835786,5591200.0
2026-03-20,286.4329528808594,293.0646701827757,281.93855541386404,289.63894787303263,10192400,291.2469482421875,324.7452087402344,333.8369445800781,295.8711890439552,325.79391986384024,334.97388375111785,285.77379002359606,320.79014715072594,324.6917000144836,295.7313791850233,323.8263711335781,327.15503778315366,-0.016528912630270787,-0.016667039277335868,-0.031067216172386614,-0.004195736007015505,296.7201232910156,321.6457046508789,316.6659130859375,0.016768750267869323,0.02012648565031275,11.126114768911691,-3.2059949921732596,6475560.0
2026-03-23,291.17706298828125,299.4567206115587,289.808773412789,296.430493954651,6473800,286.4329528808594,306.31817626953125,342.2940673828125,293.0646701827757,318.24331362504086,343.37114038329275,281.93855541386404,300.7551035031341,335.88142144607536,289.63894787303263,318.24331362504086,337.915896050899,0.016562724573785825,0.016427058600392213,-0.016528912630270787,-0.05674304647075801,294.2312316894531,319.3007843017578,316.2176202392578,0.01752878681464929,0.02087332245169259,9.647947198769714,-5.253430966369763,6504880.0
2026-03-24,290.2681884765625,292.15581969390774,284.9448069288042,287.3518102852004,5028200,291.17706298828125,299.31689453125,338.0754699707031,299.4567206115587,309.1246761476353,342.35390501829863,289.808773412789,298.6776766879311,336.09084829128926,296.430493954651,306.98732577357026,341.22694863955155,-0.0031213808614977134,-0.003126262531753801,0.016562724573785825,-0.022856239951366097,291.94208984375,316.5788146972656,315.60853515625,0.017672178184756363,0.019932165494209467,7.211012765103533,2.916378191362128,6553100.0
2026-03-25,296.1907958984375,297.4991625787017,292.7251146474605,294.7326220562319,4456600,290.2681884765625,303.6215209960937,344.70758056640625,292.15581969390774,305.31941669349754,345.86442444798075,284.9448069288042,299.77630813756195,329.8278169026887,287.3518102852004,303.39179637268995,337.0682413186596,0.020403914920746447,0.020198543931184084,-0.0031213808614977134,0.014381501824629828,291.0631896972656,314.290104675293,315.0664410400391,0.02179992084411794,0.020945835236867747,4.774047931241228,1.4581738422056105,6655940.0
2026-03-26,284.8848876953125,293.6539560301898,282.32807714297377,291.2169912100566,5890800,296.1907958984375,301.7138977050781,341.9649963378906,297.4991625787017,305.61903345679843,347.5399124787865,292.7251146474605,298.64771250529697,337.7463967005345,294.7326220562319,305.02977165768345,344.6776293449701,-0.0381710315097088,-0.03891863155461924,0.020403914920746447,-0.006282898803606551,289.7907775878906,311.53832550048827,314.2371942138672,0.02420555527982296,0.022074018506432837,11.32587888721605,-6.332103514744119,6408360.0
2026-03-27,282.4579162597656,284.6152308482871,280.62021060574784,282.6376848555793,4161700,284.8848876953125,300.5852966308594,339.92047119140625,293.6539560301898,304.59031393919133,343.0520146437969,282.32807714297377,299.8062689490964,333.90674026673446,291.2169912100566,302.4429967824996,341.68568509234325,-0.008519130148253229,-0.008555625356936474,-0.0381710315097088,-0.0037406333708961403,288.9957702636719,308.5943862915039,313.52595764160156,0.02343603809380316,0.021870493808194218,3.995020242539283,-0.17976859581369808,5202220.0
2026-03-30,272.9098205566406,284.35554502722067,270.4528916396187,283.71635763724106,8598600,282.4579162597656,291.2469482421875,341.3367004394531,284.6152308482871,295.8711890439552,342.8725240928292,280.62021060574784,285.77379002359606,336.7590864608944,282.6376848555793,295.7313791850233,339.70111003216783,-0.03380360454951448,-0.03438815751411615,-0.008519130148253229,-0.031067216172386614,285.3423217773437,304.99951324462893,312.6026165771484,0.02397507921871254,0.02203151500607844,13.902653387601958,-10.806537080600435,5627180.0
2026-03-31,283.4167175292969,286.13333256081177,275.456638337951,277.58399153095905,7828800,272.9098205566406,286.4329528808594,344.8072814941406,284.35554502722067,293.0646701827757,346.2633647403166,270.4528916396187,281.93855541386404,334.42536107862054,283.71635763724106,289.63894787303263,340.52887661458,0.038499519552744,0.0377769016981444,-0.03380360454951448,-0.016528912630270787,283.97202758789064,302.5084197998047,311.78609252929687,0.033457402658255156,0.02401824209797573,10.67669422286076,5.832725998337821,6187300.0
2026-04-01,292.31561279296875,295.13210927270194,289.62895934294863,289.8486866671743,5242500,283.4167175292969,291.17706298828125,333.23858642578125,286.13333256081177,299.4567206115587,340.20971937220173,275.456638337951,289.808773412789,328.19220907061055,277.58399153095905,296.430493954651,339.760921188293,0.03139862511022118,0.030915769601276486,0.038499519552744,0.016562724573785825,283.1969909667969,300.1795379638672,311.40245727539065,0.03576982013848909,0.02499779774033758,5.503149929753306,2.46692612579443,6344480.0
2026-04-02,280.8099670410156,288.7500512176928,278.9622641452004,284.53533426427185,5322900,292.31561279296875,290.2681884765625,338.89324951171875,295.13210927270194,292.15581969390774,339.332064903357,289.62895934294863,284.9448069288042,332.52050444243383,289.8486866671743,287.3518102852004,335.6420346832848,-0.039360353153979344,-0.040155917600808236,0.03139862511022118,-0.0031213808614977134,282.3820068359375,297.9146438598633,310.6658410644531,0.03607217191562136,0.0251056793544159,9.78778707249245,-3.725367223256228,6230900.0
2026-04-06,288.3305969238281,288.43047852443374,278.22320072607744,280.20071621197684,5062800,280.8099670410156,296.1907958984375,326.1078491210937,288.7500512176928,297.4991625787017,340.88787559528566,278.9622641452004,292.7251146474605,319.92459350556703,284.53533426427185,294.7326220562319,335.67197393294833,0.026781919324516013,0.026429561099114946,-0.039360353153979344,0.020403914920746447,283.55654296875,296.2192581176758,310.5483697509766,0.03796932148887829,0.02618745968179707,10.207277798356301,8.129880711851285,6411120.0
2026-04-07,288.24072265625,289.73885527870493,282.7675338362302,285.1445758072592,5280500,288.3305969238281,284.8848876953125,322.2383117675781,288.43047852443374,293.6539560301898,323.66447709984175,278.22320072607744,282.32807714297377,316.7531494542151,280.20071621197684,291.2169912100566,322.79682902173147,-0.00031170562034343874,-0.0003117542106378231,0.026781919324516013,-0.0381710315097088,286.6227233886719,294.554833984375,310.45164001464843,0.03195586760061537,0.026202305883239383,6.971321442474732,3.096146848990827,5747500.0
2026-04-08,307.6764831542969,312.7401786533707,304.9199094190215,309.5341834262042,6432900,288.24072265625,282.4579162597656,321.5292053222656,289.73885527870493,284.6152308482871,321.5991254907336,282.7675338362302,280.62021060574784,309.7339106424785,285.1445758072592,282.6376848555793,319.4917669694269,0.06742891954661645,0.06525287799889384,-0.00031170562034343874,-0.008519130148253229,291.47467651367185,293.6329833984375,310.7198895263672,0.039755789172136326,0.030600335088837177,7.820269234349212,-1.8577002719073334,5468320.0
2026-04-09,312.6302795410156,314.657750974515,303.7713275560271,305.61903040438864,5470800,307.6764831542969,272.9098205566406,326.1134948730469,312.7401786533707,284.35554502722067,331.4668379040221,304.9199094190215,270.4528916396187,320.1509258788456,309.5341834262042,283.71635763724106,321.8588189958862,0.016100666310055578,0.01597242526192493,0.06742891954661645,-0.03380360454951448,295.53760986328126,293.02723693847656,311.0391448974609,0.03896957188827829,0.03087513806156167,10.886423418487936,7.0112491366269865,5513980.0
2026-04-10,307.96612548828125,313.0797464629792,306.0385355586038,312.69021736362623,3685100,312.6302795410156,283.4167175292969,324.7452087402344,314.657750974515,286.13333256081177,325.79391986384024,303.7713275560271,275.456638337951,320.79014715072594,305.61903040438864,277.58399153095905,323.8263711335781,-0.014919073288684581,-0.015031482087139844,0.016100666310055578,0.038499519552744,300.9688415527344,293.10963439941406,311.3646478271484,0.031375822124907436,0.02823643185709778,7.041210904375362,-4.724091875344982,5186420.0
2026-04-13,311.5116882324219,311.7613769902997,303.9411385045844,306.0484969908723,3811500,307.96612548828125,292.31561279296875,306.31817626953125,313.0797464629792,295.13210927270194,318.24331362504086,306.0385355586038,289.62895934294863,300.7551035031341,312.69021736362623,289.8486866671743,318.24331362504086,0.011512833557649094,0.011447065194853357,-0.014919073288684581,0.03139862511022118,305.6050598144531,293.71937408447263,311.6338067626953,0.0311734354039446,0.02777299832671798,7.820238485715322,5.463191241549566,4936160.0
2026-04-14,317.6040954589844,318.7426908087548,312.63028450084425,314.61782771112314,3530100,311.5116882324219,280.8099670410156,299.31689453125,311.7613769902997,288.7500512176928,309.1246761476353,303.9411385045844,278.9622641452004,298.6776766879311,306.0484969908723,284.53533426427185,306.98732577357026,0.019557555805151283,0.01936876437279247,0.011512833557649094,-0.039360353153979344,311.477734375,294.4185028076172,311.86664123535155,0.029817177424664294,0.02791464999156185,6.112406307910533,2.986267747861234,4586080.0
2026-04-15,313.5391540527344,318.183358769293,311.0123050879257,316.04603888992466,3993700,317.6040954589844,288.3305969238281,303.6215209960937,318.7426908087548,288.43047852443374,305.31941669349754,312.63028450084425,278.22320072607744,299.77630813756195,314.61782771112314,280.20071621197684,303.39179637268995,-0.012798768858366172,-0.012881378727218964,0.019557555805151283,0.026781919324516013,312.6502685546875,295.009765625,311.9798809814453,0.016469490808859302,0.02806167409732571,7.171053681367312,-2.5068848371902845,4098240.0
2026-04-16,297.91864013671875,313.5591472335197,297.4891523184113,313.1796154534072,7373300,313.5391540527344,288.24072265625,301.7138977050781,318.183358769293,289.73885527870493,305.61903345679843,311.0123050879257,282.7675338362302,298.64771250529697,316.04603888992466,285.1445758072592,305.02977165768345,-0.04981997850701736,-0.05110381603130533,-0.012798768858366172,-0.00031170562034343874,309.70794067382815,294.87643280029295,311.7563763427734,0.027164390210157003,0.0303792629721056,16.069994915108396,-15.260975316688473,4478740.0
2026-04-17,303.7513732910156,313.60908059739114,303.4717231007491,309.7439034935136,7733100,297.91864013671875,307.6764831542969,300.5852966308594,313.5591472335197,312.7401786533707,304.59031393919133,297.4891523184113,304.9199094190215,299.8062689490964,313.1796154534072,309.5341834262042,302.4429967824996,0.019578275302344794,0.019389086213915697,-0.04981997850701736,0.06742891954661645,308.864990234375,295.50165405273435,311.681240234375,0.029645970873676854,0.029758559187960575,10.13735749664204,-5.99253020249796,5288340.0
2026-04-20,303.2220458984375,305.08971300599467,298.03850463735955,303.50169609936177,5315200,303.7513732910156,312.6302795410156,291.2469482421875,313.60908059739114,314.657750974515,295.8711890439552,303.4717231007491,303.7713275560271,285.77379002359606,309.7439034935136,305.61903040438864,295.7313791850233,-0.0017426337429954364,-0.001744153895479261,0.019578275302344794,0.016100666310055578,307.2070617675781,296.34110870361326,311.6348114013672,0.028667999116647382,0.029442305152541322,7.051208368635116,-0.27965020092426585,5589080.0
2026-04-21,286.373046875,303.9211499644972,283.8561646384106,293.2144945937664,12891500,303.2220458984375,307.96612548828125,286.4329528808594,305.08971300599467,313.0797464629792,293.0646701827757,298.03850463735955,306.0385355586038,281.93855541386404,303.50169609936177,312.69021736362623,289.63894787303263,-0.055566536969679836,-0.057170041287208116,-0.0017426337429954364,-0.014919073288684581,300.9608520507812,296.10090789794924,310.9595916748047,0.03203831397197072,0.03203124956820802,20.064985326086628,-6.841447718766403,7461360.0
2026-04-22,275.946044921875,287.4416949721916,268.5752276793647,286.29313274552834,12777700,286.373046875,311.5116882324219,291.17706298828125,303.9211499644972,311.7613769902997,299.4567206115587,283.8561646384106,303.9411385045844,289.808773412789,293.2144945937664,306.0484969908723,296.430493954651,-0.0364105563247239,-0.03708996339142808,-0.055566536969679836,0.011512833557649094,293.4422302246094,295.38480072021486,310.16080200195313,0.03243631182703647,0.03303245529080167,18.86646729282694,-10.34708782365334,9218160.0
2026-04-23,281.9884948730469,282.58775399410507,273.0196636241168,276.14577178200346,8591100,275.946044921875,317.6040954589844,290.2681884765625,287.4416949721916,318.7426908087548,292.15581969390774,268.5752276793647,312.63028450084425,284.9448069288042,286.29313274552834,314.61782771112314,287.3518102852004,0.02189721527946742,0.02166091459020303,-0.0364105563247239,0.019557555805151283,290.256201171875,294.6746856689453,309.4910400390625,0.03439952858428877,0.03308742248618189,9.568090369988283,5.8427230910434105,9461720.0
2026-04-24,284.2456970214844,285.7737910486682,276.83492104311705,280.26064359405547,9672300,281.9884948730469,313.5391540527344,296.1907958984375,282.58775399410507,318.183358769293,297.4991625787017,273.0196636241168,311.0123050879257,292.7251146474605,276.14577178200346,316.04603888992466,294.7326220562319,0.008004589511546145,0.00797272272566294,0.02189721527946742,-0.012798768858366172,286.3550659179688,294.6427261352539,308.91828125,0.03219247375286444,0.032019533990638525,8.938870005551166,3.985053427428909,9849560.0
2026-04-27,284.2057189941406,284.5153306042842,279.7512802498572,282.4578977525505,5213300,284.2456970214844,297.91864013671875,284.8848876953125,285.7737910486682,313.5591472335197,293.6539560301898,276.83492104311705,297.4891523184113,282.32807714297377,280.26064359405547,313.1796154534072,291.2169912100566,-0.00014064602476893118,-0.00014065591634855793,0.008004589511546145,-0.04981997850701736,282.5518005371094,294.73011627197263,308.3614770507813,0.0323372285933111,0.03195177653869421,4.764050354427013,1.7478212415901453,9829180.0
2026-04-28,288.8399658203125,289.04969584156817,280.2007104584763,283.01720694796217,8417200,284.2057189941406,303.7513732910156,282.4579162597656,284.5153306042842,313.60908059739114,284.6152308482871,279.7512802498572,303.4717231007491,280.62021060574784,282.4578977525505,309.7439034935136,282.6376848555793,0.016305959086866384,0.016174444656020255,-0.00014064602476893118,0.019578275302344794,283.04518432617186,295.52662353515626,307.84709411621094,0.02300295822854162,0.031047884317647285,8.848985383091872,5.8227588723503345,8934320.0
2026-04-29,283.21697998046875,289.5790448427004,279.2419238647909,286.8524325533501,9819400,288.8399658203125,303.2220458984375,272.9098205566406,289.04969584156817,305.08971300599467,284.35554502722067,280.2007104584763,298.03850463735955,270.4528916396187,283.01720694796217,303.50169609936177,283.71635763724106,-0.01946747855295694,-0.01965946566831068,0.016305959086866384,-0.0017426337429954364,284.49937133789064,295.51663665771486,306.98748168945315,0.016178227130318655,0.030285284210808873,10.337120977909478,-3.635452572881377,8342660.0
2026-04-30,289.56903076171875,291.2070035971616,284.4753741494988,284.6551732145579,7603400,283.21697998046875,286.373046875,283.4167175292969,289.5790448427004,303.9211499644972,286.13333256081177,279.2419238647909,283.8561646384106,275.456638337951,286.8524325533501,293.2144945937664,277.58399153095905,0.022428213102505534,0.022180399235463083,-0.01946747855295694,-0.055566536969679836,286.015478515625,295.37930755615236,306.2050451660156,0.016315412240688,0.029865576217939966,6.731629447662783,4.913857547160831,8145120.0
2026-05-01,286.1533203125,291.396784346687,285.88363694095005,288.69013620469093,3782900,289.56903076171875,275.946044921875,292.31561279296875,291.2070035971616,287.4416949721916,295.13210927270194,284.4753741494988,268.5752276793647,289.62895934294863,284.6551732145579,286.29313274552834,289.8486866671743,-0.01179584170390613,-0.011865964629438086,0.022428213102505534,-0.0364105563247239,286.3970031738281,295.64647521972654,305.2513726806641,0.01786271987269658,0.028563511883426356,5.513147405736959,-2.53681589219093,6967240.0
2026-05-04,280.1707458496094,289.47914990499,279.0621424131025,286.0434302148459,6133100,286.1533203125,281.9884948730469,280.8099670410156,291.396784346687,282.58775399410507,288.7500512176928,285.88363694095005,273.0196636241168,278.9622641452004,288.69013620469093,276.14577178200346,284.53533426427185,-0.020906884660143787,-0.021128528267856522,-0.01179584170390613,0.02189721527946742,285.5900085449219,295.2384826660156,304.00890625,0.020542797268923402,0.028316525851081156,10.417007491887489,-5.872684365236523,7151200.0
2026-05-05,286.3230895996094,290.2981456598858,281.25939419549826,282.1283366893635,6401100,280.1707458496094,284.2456970214844,288.3305969238281,289.47914990499,285.7737910486682,288.43047852443374,279.0621424131025,276.83492104311705,278.22320072607744,286.0434302148459,280.26064359405547,280.20071621197684,0.021959265344935197,0.021721633203349373,-0.020906884660143787,0.008004589511546145,285.0866333007813,295.1426010131836,302.97385864257814,0.02195644745915569,0.028781312658775406,9.03875146438753,4.194752910245882,6747980.0
2026-05-06,305.4492492675781,307.9860956765103,299.48668028790286,300.0559779921962,9168300,286.3230895996094,284.2057189941406,288.24072265625,290.2981456598858,284.5153306042842,289.73885527870493,281.25939419549826,279.7512802498572,282.7675338362302,282.1283366893635,282.4578977525505,285.1445758072592,0.06679922214696177,0.06466278417937624,0.021959265344935197,-0.00014064602476893118,289.5330871582031,295.03123931884767,302.1886920166016,0.03461091960060384,0.028703977494073354,8.499415388607417,5.393271275381949,6617760.0
2026-05-07,302.25323486328125,309.61405444215643,301.4841739953136,307.6265417171076,5477800,305.4492492675781,288.8399658203125,307.6764831542969,307.9860956765103,289.04969584156817,312.7401786533707,299.48668028790286,280.2007104584763,304.9199094190215,300.0559779921962,283.01720694796217,309.5341834262042,-0.010463323815528947,-0.010518449255555382,0.06679922214696177,0.016305959086866384,292.06992797851564,294.51238708496095,301.3944567871094,0.03610516652391201,0.028535245104427714,8.129880446842833,-5.373306853826364,6192640.0
2026-05-08,296.7800598144531,305.029786358833,296.4604508803342,304.0709900360618,3952200,302.25323486328125,283.21697998046875,312.6302795410156,309.61405444215643,289.5790448427004,314.657750974515,301.4841739953136,279.2419238647909,303.7713275560271,307.6265417171076,286.8524325533501,305.61903040438864,-0.018107912232283696,-0.018273866922955864,-0.010463323815528947,-0.01946747855295694,294.1952758789063,293.95308380126954,300.5316485595703,0.03711546654652712,0.028624121231567535,8.569335478498829,-7.290930221608676,6226500.0
2026-05-11,300.3955383300781,302.69269317864365,292.4854155892309,295.66144925821374,4562000,296.7800598144531,289.56903076171875,307.96612548828125,305.029786358833,291.2070035971616,313.0797464629792,296.4604508803342,284.4753741494988,306.0385355586038,304.0709900360618,284.6551732145579,312.69021736362623,0.012182349844815699,0.012108742227130565,-0.018107912232283696,0.022428213102505534,298.240234375,293.3972763061523,299.7128253173828,0.03347633811443439,0.02864047686361833,10.20727758941274,4.734089071864389,5912280.0
2026-05-12,297.0797119140625,300.5353959702605,292.9348539319828,299.34687498198787,4393300,300.3955383300781,286.1533203125,311.5116882324219,302.69269317864365,291.396784346687,311.7613769902997,292.4854155892309,285.88363694095005,303.9411385045844,295.66144925821374,288.69013620469093,306.0484969908723,-0.011038201281046156,-0.01109957427433871,0.012182349844815699,-0.01179584170390613,300.3915588378906,292.3710571289063,298.7582739257812,0.034855889917628044,0.028275503753901168,7.600542038277695,-2.2671630679253667,5510720.0
2026-05-13,294.34307861328125,298.02848701539034,290.94731769653566,295.6015196714406,4219900,297.0797119140625,280.1707458496094,317.6040954589844,300.5353959702605,289.47914990499,318.7426908087548,292.9348539319828,279.0621424131025,312.63028450084425,299.34687498198787,286.0434302148459,314.61782771112314,-0.009211781185424317,-0.009254472016374858,-0.011038201281046156,-0.020906884660143787,298.1703247070312,291.41125335693357,297.98036376953127,0.011445574899011322,0.028221104138530313,7.081169318854677,-1.2584410581593488,4521040.0
2026-05-14,291.17706298828125,297.47920507075105,288.7201035594202,294.66270844522893,4686200,294.34307861328125,286.3230895996094,313.5391540527344,298.02848701539034,290.2981456598858,318.183358769293,290.94731769653566,281.25939419549826,311.0123050879257,295.6015196714406,282.1283366893635,316.04603888992466,-0.0107562088428097,-0.010814475049475863,-0.009211781185424317,0.021959265344935197,295.95509033203126,291.07417449951174,297.0260400390625,0.0114663646781497,0.026063101184174382,8.759101511330869,-3.4856454569476796,4362720.0
2026-05-15,281.17950439453125,287.95106232734224,280.95977706717105,287.1320758817647,5022500,291.17706298828125,305.4492492675781,297.91864013671875,297.47920507075105,307.9860956765103,313.5591472335197,288.7201035594202,299.48668028790286,297.4891523184113,294.66270844522893,300.0559779921962,313.1796154534072,-0.0343349798612137,-0.034938274950917836,-0.0107562088428097,0.06679922214696177,292.83497924804686,289.9455810546875,296.1274731445312,0.01646605038908478,0.026624055825324743,6.991285260171196,-5.952571487233456,4576780.0
2026-05-18,285.6339416503906,286.882385439526,281.6888775644737,283.03720295265686,4696200,281.17950439453125,302.25323486328125,303.7513732910156,287.95106232734224,309.61405444215643,313.60908059739114,280.95977706717105,301.4841739953136,303.4717231007491,287.1320758817647,307.6265417171076,309.7439034935136,0.01584196993821152,0.015717795659074083,-0.0343349798612137,-0.010463323815528947,289.8826599121094,289.06617584228513,295.3953857421875,0.017763864288672604,0.026973840222655334,5.193507875052262,2.5967386977337696,4603620.0
2026-05-19,284.9248352050781,287.06218561047484,282.26814315406,284.4354549913275,5239400,285.6339416503906,296.7800598144531,303.2220458984375,286.882385439526,305.029786358833,305.08971300599467,281.6888775644737,296.4604508803342,298.03850463735955,283.03720295265686,304.0709900360618,303.50169609936177,-0.0024825706679509896,-0.0024856573561843976,0.01584196993821152,-0.018107912232283696,287.4516845703125,288.99376525878904,294.6632983398438,0.018036766318987974,0.023931905940162815,4.794042456414843,0.48938021375062135,4772840.0
2026-05-20,299.7963256835937,300.07597588672536,285.8237213925175,288.64021803236307,6098400,284.9248352050781,300.3955383300781,286.373046875,287.06218561047484,302.69269317864365,303.9211499644972,282.26814315406,292.4854155892309,283.8561646384106,284.4354549913275,295.66144925821374,293.2144945937664,0.05219443390328404,0.05087792033981384,-0.0024825706679509896,0.012182349844815699,288.542333984375,290.186279296875,294.1369549560547,0.032373727797906336,0.025010834508729107,14.252254494207875,11.156107651230627,5148540.0
2026-05-21,301.38433837890625,302.5029391757558,294.3830556148863,298.1283871112589,4928300,299.7963256835937,297.0797119140625,275.946044921875,300.07597588672536,300.5353959702605,287.4416949721916,285.8237213925175,292.9348539319828,268.5752276793647,288.64021803236307,299.34687498198787,286.29313274552834,0.0052969718414379585,0.0052829922307665,0.05219443390328404,-0.011038201281046156,290.5837890625,291.156071472168,293.66973754882815,0.031311570363667746,0.02467437933294362,8.119883560869482,3.2559512676473332,5196960.0
2026-05-22,302.4629821777344,305.9186661906372,299.8762102002517,302.8724754145756,3502100,301.38433837890625,294.34307861328125,281.9884948730469,302.5029391757558,298.02848701539034,282.58775399410507,294.3830556148863,290.94731769653566,273.0196636241168,298.1283871112589,295.6015196714406,276.14577178200346,0.0035789643371315627,0.0035725750843355985,0.0052969718414379585,-0.009211781185424317,294.8404846191406,292.06693572998046,293.5926336669922,0.02187635071477026,0.024652779891224396,6.04245599038552,-0.40949323684122874,4892880.0
2026-05-26,314.09844970703125,314.5878603823855,305.96859986908464,305.96859986908464,5084200,302.4629821777344,291.17706298828125,284.2456970214844,305.9186661906372,297.47920507075105,285.7737910486682,299.8762102002517,288.7201035594202,276.83492104311705,302.8724754145756,294.66270844522893,280.26064359405547,0.03846906304210007,0.03774757384898834,0.0035789643371315627,-0.0107562088428097,300.53338623046875,293.561572265625,293.8882647705078,0.024326687430666995,0.025844328037680022,8.619260513300844,8.129849837946608,4970480.0
2026-05-27,316.8150634765625,320.0810118176295,311.56163292820173,313.9086827831323,4788100,314.09844970703125,281.17950439453125,284.2057189941406,314.5878603823855,287.95106232734224,284.5153306042842,305.96859986908464,280.95977706717105,279.7512802498572,305.96859986908464,287.1320758817647,282.4578977525505,0.008648924475956887,0.008611736797110739,0.03846906304210007,-0.0343349798612137,306.91143188476565,294.9603271484375,294.1521356201172,0.022242158105691887,0.025729550213696915,8.519378889427742,2.906380693430208,4880220.0
2026-05-28,320.42059326171875,321.91872579373023,313.8987241915454,316.37561713753706,5022600,316.8150634765625,285.6339416503906,288.8399658203125,320.0810118176295,286.882385439526,289.04969584156817,311.56163292820173,281.6888775644737,280.2007104584763,313.9086827831323,283.03720295265686,283.01720694796217,0.011380550361435038,0.011316279066969213,0.008648924475956887,0.01584196993821152,311.0362854003906,296.8205078125,294.52626953125,0.014293290191138603,0.025106358472938337,8.020001602184834,4.044976124181687,4665060.0
2026-05-29,323.35693359375,325.5142480849269,316.18584941748804,318.9324257102999,9345400,320.42059326171875,284.9248352050781,283.21697998046875,321.91872579373023,287.06218561047484,289.5790448427004,313.8987241915454,282.26814315406,279.2419238647909,316.37561713753706,284.4354549913275,286.8524325533501,0.009164018773390348,0.009122283932161449,0.011380550361435038,-0.0024825706679509896,315.43080444335936,298.50990295410156,294.9817022705078,0.01383751238182303,0.024836757624159572,9.328398667438876,4.424507883450076,5548480.0
