Date,Close,High,Low,Open,Volume,Close_lag1,Close_lag7,Close_lag21,High_lag1,High_lag7,High_lag21,Low_lag1,Low_lag7,Low_lag21,Open_lag1,Open_lag7,Open_lag21,returns,log_returns,returns_lag1,returns_lag7,ma_5,ma_20,ma_50,volatility_5,volatility_20,high_low_range,close_open_change,volume_ma_5
2020-03-18,22.20295143127441,22.37448263058954,20.796398907318235,21.112015100234515,43884976,22.06572723388672,23.163522720336918,24.920001983642575,22.401927390417384,23.80161591911471,25.16014596829533,20.98851262955855,22.75184897694745,24.88569767061378,21.70894173345925,22.957685848642186,25.07781009964575,0.006218883970293687,0.006199626510076543,0.0656063654914667,-0.03597951453184012,21.603279495239256,23.205376434326173,25.085013618469237,0.0754351044481508,0.04509311329737326,1.5780837232713054,1.0909363310398952,54477023.0
2020-03-19,20.871870040893555,22.127475180729206,20.59055956957858,22.106891218565718,59820929,22.20295143127441,23.733003616333008,24.858251571655277,22.37448263058954,23.78103240175544,25.043505897592635,20.796398907318235,22.64892965188183,24.844529846382947,21.112015100234515,23.71928189440933,24.97489175385052,-0.05995065090787588,-0.06182290606193894,0.006218883970293687,0.024585245641246978,21.658169555664063,23.019093990325928,24.97608226776123,0.07387888917069776,0.04675470377715076,1.5369156111506257,-1.235021177672163,53894919.8
2020-03-20,19.904438018798828,21.04340310745116,19.835825265214016,20.775814334011827,52488989,20.871870040893555,22.07258415222168,24.59751892089844,22.127475180729206,23.245856128616456,24.741605276730205,20.59055956957858,21.722660955390687,24.29562448735271,22.106891218565718,23.163520285118796,24.501461350343927,-0.04635099874612425,-0.04745959844816913,-0.05995065090787588,-0.06996246623282987,21.150437927246095,22.788899993896486,24.843591346740723,0.05823865969330326,0.04755471654157761,1.2075778422371428,-0.8713763152129985,52282110.0
2020-03-23,19.54764938354492,20.29552312097611,19.129113476680267,19.73290225807474,52853041,19.904438018798828,20.59741973876953,24.50831794738769,21.04340310745116,21.955943264452888,24.57693206224049,19.835825265214016,20.58369663800649,24.37795609480773,20.775814334011827,20.913035883527414,24.535764145066636,-0.017925079568533397,-0.018087679819491116,-0.04635099874612425,-0.06683242901142905,20.91852722167969,22.576887607574463,24.706273765563964,0.04964244857274771,0.047368171090899594,1.1664096442958432,-0.18525287452982298,52653708.2
2020-03-24,20.37786293029785,20.61800550632221,19.828965022522915,20.24749965995949,44466784,19.54764938354492,22.443096160888672,23.78789710998535,20.29552312097611,22.559736332147057,24.288767628102008,19.129113476680267,20.74150859120292,23.73986831679512,19.73290225807474,21.45507823946388,24.041762800079407,0.042471272656025905,0.04159411810588933,-0.017925079568533397,0.08960716660277179,20.580954360961915,22.43177261352539,24.577410430908202,0.041125213876408315,0.04860529537867913,0.7890404837992939,0.1303632703383606,50702943.8
2020-03-25,20.412166595458984,21.077707363417872,19.8975744268754,20.240636792161,44601275,20.37786293029785,20.707202911376957,23.280162811279297,20.61800550632221,22.14806255319944,23.835922914984767,19.828965022522915,20.343557914759582,23.12921558856065,20.24749965995949,20.54253394740324,23.794754989027016,0.0016833789332311166,0.0016819636390097326,0.042471272656025905,-0.07734642480108589,20.222797393798828,22.26127052307129,24.450319786071777,0.04058367698020014,0.048169710060723195,1.1801329365424706,0.17152980329798595,50846203.6
2020-03-27,21.201210021972656,21.7775527061768,21.03653969838231,21.13259727219794,38290344,21.78441619873047,22.20295143127441,23.39680290222168,21.94908515244015,22.37448263058954,24.50146224525652,20.50136473886001,20.796398907318235,23.39680290222168,20.50822697977326,21.112015100234515,23.63008597618749,-0.026771714763317855,-0.027136604339059227,0.0672270430899169,0.006218883970293687,20.664661026000978,22.094199466705323,24.21328365325928,0.0402329966890024,0.05095505403634888,0.7410130077944892,0.0686127497747151,44696282.2
2020-03-30,22.415645599365234,22.539147987967688,21.30412686063261,21.30412686063261,29943508,21.201210021972656,20.871870040893555,22.93024444580078,21.7775527061768,22.127475180729206,23.28702721454178,21.03653969838231,20.59055956957858,22.319594600832552,21.13259727219794,22.106891218565718,22.978273240275254,0.05728142762294941,0.05570092274842519,-0.026771714763317855,-0.05995065090787588,21.23826026916504,22.018382930755614,24.109962196350097,0.039677986477049974,0.05169156941424545,1.2350211273350773,1.1115187387326237,40114375.6
2020-03-31,22.395065307617188,22.642068730737176,22.120615680361222,22.230394979525663,29466151,22.415645599365234,19.904438018798828,23.93197631835937,22.539147987967688,21.04340310745116,23.980005097157814,21.30412686063261,19.835825265214016,22.95081954168825,21.30412686063261,20.775814334011827,23.266437033885943,-0.0009181217492406635,-0.0009185434811678072,0.05728142762294941,-0.04635099874612425,21.641700744628906,21.961434650421143,24.0075874710083,0.0405601694350889,0.051576877858310985,0.5214530503759534,0.1646703280915247,37114249.0
2020-04-01,21.78441619873047,22.148061172681363,21.633468968157477,21.90105636277193,26709625,22.395065307617188,19.54764938354492,23.53403091430664,22.642068730737176,20.29552312097611,24.549493652867557,22.120615680361222,19.129113476680267,23.232136437507997,22.230394979525663,19.73290225807474,24.137819867903936,-0.027267127847089623,-0.027645774928198343,-0.0009181217492406635,-0.017925079568533397,21.916150665283205,21.801911067962646,23.895309028625487,0.04553630086502633,0.04969974970013616,0.5145922045238862,-0.11664016404145983,33535919.0
2020-04-02,22.552873611450195,22.642068948041125,21.78441575123422,21.887334190024845,27186876,21.78441619873047,20.37786293029785,24.97488784790039,22.148061172681363,20.61800550632221,25.016055775969143,21.633468968157477,19.828965022522915,23.98001050613616,21.90105636277193,20.24749965995949,24.08292894696314,0.03527555688017525,0.03466762981371418,-0.027267127847089623,0.042471272656025905,22.06984214782715,21.713058090209962,23.80043720245361,0.03776188051698468,0.050268545022172505,0.8576531968069041,0.6655394214253505,30319300.8
2020-04-03,23.08119010925293,23.252721309282496,22.388204447350063,22.388204447350063,32837370,22.552873611450195,20.412166595458984,24.329933166503903,22.642068948041125,21.077707363417872,24.82394277396594,21.78441575123422,19.8975744268754,24.124096289843017,21.887334190024845,20.240636792161,24.460295050421276,0.023425684323194362,0.02315551412610214,0.03527555688017525,0.0016833789332311166,22.445838165283202,21.665715599060057,23.709068260192872,0.0326992025653008,0.05053798093595887,0.864516861932433,0.6929856619028669,29228706.0
2020-04-06,23.71928596496582,23.94570545032142,23.177247510374173,23.27330509770384,40503217,23.08119010925293,21.78441619873047,24.028039932250977,23.252721309282496,21.94908515244015,24.130958375804184,22.388204447350063,20.50136473886001,23.41052927093173,22.388204447350063,20.50822697977326,23.808478562964883,0.027645708591823803,0.027270466182818663,0.023425684323194362,0.0672270430899169,22.70656623840332,21.693503761291502,23.642550773620606,0.025618330045750152,0.050208156913089975,0.7684579399472469,0.44598086726198005,31340647.8
2020-04-07,23.06060218811035,24.13095437535797,23.046879087550643,24.014314227651653,24226295,23.71928596496582,21.201210021972656,23.163522720336918,23.94570545032142,21.7775527061768,23.80161591911471,23.177247510374173,21.03653969838231,22.75184897694745,23.27330509770384,21.13259727219794,22.957685848642186,-0.027769966508619515,-0.028162842550695257,0.027645708591823803,-0.026771714763317855,22.839673614501955,21.65988368988037,23.55824100494385,0.03112883990029008,0.05035440362270012,1.0840752878073268,-0.9537120395413012,30292676.6
2020-04-08,23.739864349365234,23.8770898439312,22.9439617223928,23.321329763432036,25523980,23.06060218811035,22.415645599365234,23.733003616333008,24.13095437535797,22.539147987967688,23.78103240175544,23.046879087550643,21.30412686063261,22.64892965188183,24.014314227651653,21.30412686063261,23.71928189440933,0.029455525736665322,0.029030046685315166,-0.027769966508619515,0.05728142762294941,23.230763244628907,21.743247699737548,23.514955520629883,0.025720941419825262,0.047958694903126986,0.9331281215383989,0.41853458593319814,30055547.6
2020-04-09,24.281906127929688,24.54263267324361,23.911397516287327,24.03490130639809,30648107,23.739864349365234,22.395065307617188,22.07258415222168,23.8770898439312,22.642068730737176,23.245856128616456,22.9439617223928,22.120615680361222,21.722660955390687,23.321329763432036,22.230394979525663,23.163520285118796,0.022832555847310365,0.022575794048888525,0.029455525736665322,-0.0009181217492406635,23.576569747924804,21.927472019195555,23.490117874145508,0.024137200483601885,0.045016803161451235,0.6312351569562829,0.24700482153159697,30747793.8
2020-04-13,24.110374450683597,24.686719975449208,23.82220444699083,24.672995492461897,18270141,24.281906127929688,21.78441619873047,20.59741973876953,24.54263267324361,22.148061172681363,21.955943264452888,23.911397516287327,21.633468968157477,20.58369663800649,24.03490130639809,21.90105636277193,20.913035883527414,-0.007064176771888198,-0.007089246201640696,0.022832555847310365,-0.027267127847089623,23.782406616210938,22.010835933685303,23.463633460998537,0.02533533505712066,0.04093630733035585,0.8645155284583765,-0.5626210417783,27834348.0
2020-04-14,25.00233459472656,25.132699243321422,24.24759842607444,24.652411336592856,21845309,24.110374450683597,22.552873611450195,22.443096160888672,24.686719975449208,22.642068948041125,22.559736332147057,23.82220444699083,21.78441575123422,20.74150859120292,24.672995492461897,21.887334190024845,21.45507823946388,0.036994868987514806,0.036326981296397796,-0.007064176771888198,0.03527555688017525,24.039016342163087,22.225592517852782,23.45265552520752,0.02732083932010278,0.03668417760879638,0.8851008172469825,0.3499232581337033,24102766.4
2020-04-15,24.679855346679688,24.858246011388403,24.41226521158218,24.741605855283105,21312196,25.00233459472656,23.08119010925293,20.707202911376957,25.132699243321422,23.252721309282496,22.14806255319944,24.24759842607444,22.388204447350063,20.343557914759582,24.652411336592856,22.388204447350063,20.54253394740324,-0.01289796546098887,-0.012981866432862274,0.036994868987514806,0.023425684323194362,24.362866973876955,22.35629892349243,23.431522941589357,0.022431892180001613,0.03457215232901325,0.44598079980622174,-0.06175050860341713,23519946.6
2020-04-16,24.61810111999512,24.87883038383022,24.412264260212314,24.782772814772976,20657451,24.679855346679688,23.71928596496582,22.06572723388672,24.858246011388403,23.94570545032142,22.401927390417384,24.41226521158218,23.177247510374173,20.98851262955855,24.741605855283105,23.27330509770384,21.70894173345925,-0.002502211857286052,-0.002505347621364989,-0.01289796546098887,0.027645708591823803,24.53851432800293,22.477056407928465,23.406685256958006,0.021408335394805286,0.03462658974821726,0.4665661236179055,-0.16467169477785504,22546640.8
2020-04-17,25.32481384277344,25.386564362223258,24.775914512651447,25.04350469475086,24404843,24.61810111999512,23.06060218811035,22.20295143127441,24.87883038383022,24.13095437535797,22.37448263058954,24.412264260212314,23.046879087550643,20.796398907318235,24.782772814772976,24.014314227651653,21.112015100234515,0.028707036311761636,0.02830270913511127,-0.002502211857286052,-0.027769966508619515,24.74709587097168,22.69970359802246,23.389394912719727,0.022590585810089842,0.03128776664534588,0.6106498495718107,0.28130914802257934,21297988.0
2020-04-20,24.755327224731445,25.32480903362958,24.755327224731445,24.96116408960281,22530620,25.32481384277344,23.739864349365234,20.871870040893555,25.386564362223258,23.8770898439312,22.127475180729206,24.775914512651447,22.9439617223928,20.59055956957858,25.04350469475086,23.321329763432036,22.106891218565718,-0.0224872973036484,-0.022743992121269926,0.028707036311761636,0.029455525736665322,24.87608642578125,22.94224805831909,23.359479866027833,0.026058985358515984,0.029417724504952947,0.5694818088981357,-0.20583686487136532,22150083.8
2020-04-21,24.43971443176269,24.65241218692625,24.268184606980142,24.549493740318724,23975233,24.755327224731445,24.281906127929688,19.904438018798828,25.32480903362958,24.54263267324361,21.04340310745116,24.755327224731445,23.911397516287327,19.835825265214016,24.96116408960281,24.03490130639809,20.775814334011827,-0.012749287864530667,-0.01283125748318024,-0.0224872973036484,0.022832555847310365,24.763562393188476,23.18685131072998,23.326134300231935,0.019803742159452752,0.029168159072481617,0.38422757994610635,-0.10977930855603191,22576068.6
2020-04-22,24.871973037719727,25.386565316971424,24.782779065688924,25.359121866712783,20182624,24.43971443176269,24.110374450683597,19.54764938354492,24.65241218692625,24.686719975449208,20.29552312097611,24.268184606980142,23.82220444699083,19.129113476680267,24.549493740318724,24.672995492461897,19.73290225807474,0.017686728998570267,0.017532138940659227,-0.012749287864530667,-0.007064176771888198,24.801985931396484,23.411556816101076,23.304727363586426,0.021192077331666528,0.028302469511112215,0.6037862512825001,-0.4871488289930568,22350154.2
2020-04-23,25.17386054992676,25.661009243599956,24.892551469466454,24.892551469466454,20185365,24.871973037719727,25.00233459472656,20.37786293029785,25.386565316971424,25.132699243321422,20.61800550632221,24.782779065688924,24.24759842607444,19.828965022522915,25.359121866712783,24.652411336592856,20.24749965995949,0.01213765838959402,0.012064587691239848,0.017686728998570267,0.036994868987514806,24.91313781738281,23.649641513824463,23.28551586151123,0.02147050330271425,0.02822966264287206,0.7684577741335019,0.2813090804603071,22255737.0
2020-04-24,25.647293090820312,25.681597401562737,25.23561929239084,25.27678446528175,17353794,25.17386054992676,24.679855346679688,20.412166595458984,25.661009243599956,24.858246011388403,21.077707363417872,24.892551469466454,24.41226521158218,19.8975744268754,24.892551469466454,24.741605855283105,20.240636792161,0.018806513206609754,0.018631857120603366,0.01213765838959402,-0.01289796546098887,24.977633666992187,23.842785358428955,23.280575828552244,0.019014267122135213,0.02504215855816079,0.4459781091718966,0.37050862553856234,20845527.2
2020-04-27,26.299110412597656,26.443196806460485,25.77765725654292,25.7913817407372,23394057,25.647293090820312,24.61810111999512,21.78441619873047,25.681597401562737,24.87883038383022,21.94908515244015,25.23561929239084,24.412264260212314,20.50136473886001,25.27678446528175,24.782772814772976,20.50822697977326,0.02541466342935972,0.025097080469389917,0.018806513206609754,-0.002502211857286052,25.28639030456543,24.097680377960206,23.29978729248047,0.0147549215256738,0.023865696091758933,0.6655395499175647,0.5077286718604554,21018214.6
2020-04-28,26.01093101501465,26.909750609526863,25.647286109303376,26.79311046737345,35666728,26.299110412597656,25.32481384277344,21.201210021972656,26.443196806460485,25.386564362223258,21.7775527061768,25.77765725654292,24.775914512651447,21.03653969838231,25.7913817407372,25.04350469475086,21.13259727219794,-0.010957762185178965,-0.011018240672964981,0.02541466342935972,0.028707036311761636,25.60063362121582,24.277444648742676,23.318998680114746,0.013998139108485607,0.0216951387412565,1.262464500223487,-0.7821794523588004,23356513.6
2020-04-29,26.15502166748047,26.450052501627223,25.873709797467125,26.388301990233245,26518535,26.01093101501465,24.755327224731445,22.415645599365234,26.909750609526863,25.32480903362958,22.539147987967688,25.647286109303376,24.755327224731445,21.30412686063261,26.79311046737345,24.96116408960281,21.30412686063261,0.00553961918482071,0.005524331925541658,-0.010957762185178965,-0.0224872973036484,25.85724334716797,24.46544246673584,23.343699073791505,0.013952436341181675,0.02160818728841375,0.5763427041600977,-0.23328032275277621,24623695.8
2020-04-30,26.319690704345703,26.422609143238805,25.63356593926519,26.07268589926431,29450973,26.15502166748047,24.43971443176269,22.395065307617188,26.450052501627223,24.65241218692625,22.642068730737176,25.873709797467125,24.268184606980142,22.120615680361222,26.388301990233245,24.549493740318724,22.230394979525663,0.006295886081026492,0.006276149785250734,0.00553961918482071,-0.012749287864530667,26.08640937805176,24.692206192016602,23.372927856445312,0.013992905869238743,0.019964984730573627,0.7890432039736162,0.24700480508139222,26476817.4
2020-05-01,25.825685501098636,26.03152241400901,25.654155659903395,25.969771891873943,22679867,26.319690704345703,24.871973037719727,21.78441619873047,26.422609143238805,25.386565316971424,22.148061172681363,25.63356593926519,24.782779065688924,21.633468968157477,26.07268589926431,25.359121866712783,21.90105636277193,-0.01876941521829889,-0.01894779629099985,0.006295886081026492,0.017686728998570267,26.12208786010742,24.855846786499022,23.397491188049315,0.017155721346204654,0.01997712996499814,0.3773667541056156,-0.14408639077530694,27542032.0
2020-05-04,25.811960220336918,26.017797104893624,25.667873849409244,25.798235738327243,19893512,25.825685501098636,25.17386054992676,22.552873611450195,26.03152241400901,25.661009243599956,22.642068948041125,25.654155659903395,24.892551469466454,21.78441575123422,25.969771891873943,24.892551469466454,21.887334190024845,-0.0005314585264788452,-0.0005315998006179766,-0.01876941521829889,0.01213765838959402,26.024657821655275,24.99238529205322,23.4235640335083,0.010898270063110213,0.01965523743283673,0.34992325548438075,0.013724482009674688,26841923.0
2020-05-05,26.422609329223636,26.662750515871345,26.25794037757354,26.628446208458687,24123952,25.811960220336918,25.647293090820312,23.08119010925293,26.017797104893624,25.681597401562737,23.252721309282496,25.667873849409244,25.23561929239084,22.388204447350063,25.798235738327243,25.27678446528175,22.388204447350063,0.023657603051999043,0.02338209868299556,-0.0005314585264788452,0.018806513206609754,26.10699348449707,25.127551460266112,23.476258277893066,0.01524912659902583,0.019440892480312714,0.40481013829780466,-0.20583687923505067,24533367.8
2020-05-06,26.422609329223636,26.76567171417865,26.422609329223636,26.73822550955875,24047432,26.422609329223636,26.299110412597656,23.71928596496582,26.662750515871345,26.443196806460485,23.94570545032142,26.25794037757354,25.77765725654292,23.177247510374173,26.628446208458687,25.7913817407372,23.27330509770384,0.0,0.0,0.023657603051999043,0.02541466342935972,26.16051101684571,25.295651817321776,23.539107208251952,0.01524137556613168,0.017860309335095543,0.3430623849550152,-0.3156161803351125,24039147.2
2020-05-07,25.611839294433597,26.672070726792693,25.56333186473682,26.616631276126043,33546080,26.422609329223636,26.01093101501465,23.06060218811035,26.76567171417865,26.909750609526863,24.13095437535797,26.422609329223636,25.647286109303376,23.046879087550643,26.73822550955875,26.79311046737345,24.014314227651653,-0.030684707353763163,-0.031165340607889176,0.0,-0.010957762185178965,26.018940734863286,25.389250564575196,23.574899826049805,0.020707331779773536,0.018908748954044884,1.1087388620558727,-1.0047919816924455,24858168.6
2020-05-08,25.792011260986328,25.902887391198703,25.667279445498256,25.812801754355966,19893618,25.611839294433597,26.15502166748047,23.739864349365234,26.672070726792693,26.450052501627223,23.8770898439312,25.56333186473682,25.873709797467125,22.9439617223928,26.616631276126043,26.388301990233245,23.321329763432036,0.0070347140820881116,0.007010085914932226,-0.030684707353763163,0.00553961918482071,26.012205886840825,25.464755821228028,23.622803993225098,0.01969103993211356,0.018402571903338945,0.23560794570044763,-0.02079049336963834,24300918.8
2020-05-11,26.40181350708008,26.478040661111507,25.75043201137454,25.812797909829875,25620421,25.792011260986328,26.319690704345703,24.281906127929688,25.902887391198703,26.422609143238805,24.54263267324361,25.667279445498256,25.63356593926519,23.911397516287327,25.812801754355966,26.07268589926431,24.03490130639809,0.02364306683659656,0.02336789831114347,0.0070347140820881116,0.006295886081026492,26.130176544189453,25.57932777404785,23.692235374450682,0.022348626122878933,0.01877987498692914,0.7276086497369683,0.5890155972502065,25446300.6
2020-05-12,25.88901901245117,26.498825023063297,25.87516054480499,26.41567143100453,19335314,26.40181350708008,25.825685501098636,24.110374450683597,26.478040661111507,26.03152241400901,24.686719975449208,25.75043201137454,25.654155659903395,23.82220444699083,25.812797909829875,25.969771891873943,24.672995492461897,-0.01942269967520982,-0.01961379879411753,0.02364306683659656,-0.01876941521829889,26.02345848083496,25.623661994934082,23.73137622833252,0.02151611178604803,0.01789251195917798,0.6236644782583056,-0.5266524185533612,24488573.0
2020-05-13,25.674211502075195,25.93060718313325,25.355449906420905,25.85438279555625,24596882,25.88901901245117,25.811960220336918,25.00233459472656,26.498825023063297,26.017797104893624,25.132699243321422,25.87516054480499,25.667873849409244,24.24759842607444,26.41567143100453,25.798235738327243,24.652411336592856,-0.008297244104639945,-0.00833185783318481,-0.01942269967520982,-0.0005314585264788452,25.873778915405275,25.673379802703856,23.77417984008789,0.021461376546396474,0.01772105477539037,0.5751572767123463,-0.18017129348105598,24598463.0
2020-05-14,26.27709007263184,26.30480702024066,25.487115273036714,25.50097374684113,22362507,25.674211502075195,26.422609329223636,24.679855346679688,25.93060718313325,26.662750515871345,24.858246011388403,25.355449906420905,26.25794037757354,24.41226521158218,25.85438279555625,26.628446208458687,24.741605855283105,0.023481872871068177,0.02321041504010819,-0.008297244104639945,0.023657603051999043,26.006829071044923,25.756329250335693,23.80022388458252,0.019145195445028285,0.01830670073009818,0.8176917472039449,0.77611632579071,22361748.4
2020-05-15,26.166208267211918,26.450320819446997,25.90981265364269,26.304798532905217,25460002,26.27709007263184,26.422609329223636,24.61810111999512,26.30480702024066,26.76567171417865,24.87883038383022,25.487115273036714,26.422609329223636,24.412264260212314,25.50097374684113,26.73822550955875,24.782772814772976,-0.004219714021356125,-0.004228642139489136,0.023481872871068177,0.0,26.08166847229004,25.798398971557617,23.83694938659668,0.01954588137232788,0.017370029188705925,0.540508165804308,-0.13859026569329913,23475025.2
2020-05-18,26.381031036376957,26.651285174083608,26.076127932129545,26.568131555041408,22635177,26.166208267211918,25.611839294433597,25.32481384277344,26.450320819446997,26.672070726792693,25.386564362223258,25.90981265364269,25.56333186473682,24.775914512651447,26.304798532905217,26.616631276126043,25.04350469475086,0.008209931181898611,0.008176413026426974,-0.004219714021356125,-0.030684707353763163,26.077511978149413,25.879684162139892,23.8840092086792,0.016452055692798832,0.016444535060460144,0.5751572419540629,-0.187100518664451,22877976.4
2020-05-19,26.11077690124512,26.346382072434253,25.85438123565645,26.228579486839685,19476234,26.381031036376957,25.792011260986328,24.755327224731445,26.651285174083608,25.902887391198703,25.32480903362958,26.076127932129545,25.667279445498256,24.755327224731445,26.568131555041408,25.812801754355966,24.96116408960281,-0.010244259777382525,-0.010297093343488018,0.008209931181898611,0.0070347140820881116,26.121863555908202,25.963237285614014,23.94295429229736,0.01409295350778164,0.016324854116478497,0.4920008367778017,-0.11780258559456414,22906160.4
2020-05-20,26.076133728027344,26.47112256136466,26.02069704094987,26.297880476337248,17504200,26.11077690124512,26.40181350708008,24.43971443176269,26.346382072434253,26.478040661111507,24.65241218692625,25.85438123565645,25.75043201137454,24.268184606980142,26.228579486839685,25.812797909829875,24.549493740318724,-0.0013267768074769482,-0.0013276577551255312,-0.010244259777382525,0.02364306683659656,26.20224800109863,26.023445320129394,23.98981689453125,0.013160013344470926,0.016001903584089205,0.45042552041478956,-0.22174674830990426,21487624.0
2020-05-21,25.819732666015625,26.089986807903305,25.674210347712226,26.03455013229,17652181,26.076133728027344,25.88901901245117,24.871973037719727,26.47112256136466,26.498825023063297,25.386565316971424,26.02069704094987,25.87516054480499,24.782779065688924,26.297880476337248,26.41567143100453,25.359121866712783,-0.009832786742312694,-0.009881447835393447,-0.0013267768074769482,-0.01942269967520982,26.110776519775392,26.055738925933838,24.06475986480713,0.007549024948484993,0.016058650335247806,0.41577646019107917,-0.2148174662743756,20545558.8
2020-05-22,25.98604202270508,26.006832516888043,25.61184377541978,25.71578788778695,15781226,25.819732666015625,25.674211502075195,25.17386054992676,26.089986807903305,25.93060718313325,25.661009243599956,25.674210347712226,25.355449906420905,24.892551469466454,26.03455013229,25.85438279555625,24.892551469466454,0.0064411726814026515,0.006420516979163116,-0.009832786742312694,-0.008297244104639945,26.074743270874023,26.072676372528075,24.17253231048584,0.008705755591773211,0.015583823324453992,0.39498874146826424,0.2702541349181331,18609803.6
2020-05-26,25.979114532470703,26.242439449083815,25.95139480042487,26.08998788828857,23260094,25.98604202270508,26.27709007263184,25.647293090820312,26.006832516888043,26.30480702024066,25.681597401562737,25.61184377541978,25.487115273036714,25.23561929239084,25.71578788778695,25.50097374684113,25.27678446528175,-0.00026658504701582153,-0.00026662058712591605,0.0064411726814026515,0.023481872871068177,25.994359970092773,26.056676578521728,24.243252677917482,0.007045614581865984,0.014464249226362129,0.2910446486589464,-0.11087335581786562,18734787.0
2020-05-27,25.923681259155277,26.01376691740689,25.61877809752141,25.923681259155277,25904158,25.979114532470703,26.166208267211918,26.299110412597656,26.242439449083815,26.450320819446997,26.443196806460485,25.95139480042487,25.90981265364269,25.77765725654292,26.08998788828857,26.304798532905217,25.7913817407372,-0.0021337629982015605,-0.002136042713960521,-0.00026658504701582153,-0.004219714021356125,25.956940841674804,26.05231409072876,24.347582244873045,0.005797013470401703,0.014262034712457825,0.39498881988548007,0.0,20020371.8
2020-05-28,26.457256317138672,26.637427605845364,26.13849472993125,26.221651137977823,22521767,25.923681259155277,26.381031036376957,26.01093101501465,26.01376691740689,26.651285174083608,26.909750609526863,25.61877809752141,26.076127932129545,25.647286109303376,25.923681259155277,26.568131555041408,26.79311046737345,0.020582534272402198,0.02037357630553658,-0.0021337629982015605,0.008209931181898611,26.03316535949707,26.06742582321167,24.435412826538087,0.011431151788256988,0.01495341952527839,0.4989328759141145,0.23560517916084933,21023885.2
2020-05-29,26.464187622070312,26.63049764747141,26.041479143174776,26.51962429720401,48333067,26.457256317138672,26.11077690124512,26.15502166748047,26.637427605845364,26.346382072434253,26.450052501627223,26.13849472993125,25.85438123565645,25.873709797467125,26.221651137977823,26.228579486839685,26.388301990233245,0.0002619812443345193,0.0002619469332407723,0.020582534272402198,-0.010244259777382525,26.162056350708006,26.0746506690979,24.520637550354003,0.009300081155198278,0.014894924954624198,0.5890185042966358,-0.05543667513369854,27160062.4
2020-06-02,25.057472229003903,25.057472229003903,24.426878369595524,24.620908106700355,42690900,24.57240295410156,25.819732666015625,25.825685501098636,24.7595006869551,26.089986807903305,26.03152241400901,24.19127267994392,25.674210347712226,25.654155659903395,24.60011989844316,26.03455013229,25.969771891873943,0.019740408612393345,0.019548093544813995,-0.07148470585928979,-0.009832786742312694,25.695000076293944,25.974262142181395,24.697708892822266,0.037781497403784794,0.022165009266812693,0.6305938594083784,0.43656412230354746,43266974.2
2020-06-03,25.057472229003903,25.230714259782783,24.62783734214234,25.14755786211434,38751996,25.057472229003903,25.98604202270508,25.811960220336918,25.057472229003903,26.006832516888043,26.017797104893624,24.426878369595524,25.61184377541978,25.667873849409244,24.620908106700355,25.71578788778695,25.798235738327243,0.0,0.0,0.019740408612393345,0.0064411726814026515,25.521758270263668,25.90600528717041,24.807905349731445,0.037856627402035305,0.021383695323551555,0.6028769176404438,-0.09008563311043716,45836541.8
2020-06-04,24.95353126525879,25.14756102678108,24.738713794794545,24.74564303110853,27013388,25.057472229003903,25.979114532470703,26.422609329223636,25.230714259782783,26.242439449083815,26.662750515871345,24.62783734214234,25.95139480042487,26.25794037757354,25.14755786211434,26.08998788828857,26.628446208458687,-0.004148102521881802,-0.00415672976520636,0.0,-0.00026658504701582153,25.22101325988769,25.832551383972167,24.899418716430663,0.03499311932236429,0.021379043998338135,0.4088472319865346,0.2078882341502606,46734866.0
2020-06-05,24.939674377441406,25.286155718436824,24.863447200778303,25.112913654847688,36705655,24.95353126525879,25.923681259155277,26.422609329223636,25.14756102678108,26.01376691740689,26.76567171417865,24.738713794794545,25.61877809752141,26.422609329223636,24.74564303110853,25.923681259155277,26.73822550955875,-0.0005553076905261412,-0.0005554619309449569,-0.004148102521881802,-0.0021337629982015605,24.916110610961912,25.79894313812256,24.989968872070314,0.0349284743785582,0.02033438036236155,0.4227085176585206,-0.17323927740628164,44409383.6
2020-06-08,25.355451583862305,25.362380820811108,24.72485758732588,24.80801121689447,30194149,24.939674377441406,26.457256317138672,25.611839294433597,25.286155718436824,26.637427605845364,26.672070726792693,24.863447200778303,26.13849472993125,25.56333186473682,25.112913654847688,26.221651137977823,26.616631276126043,0.016671316558847238,0.0165338756051913,-0.0005553076905261412,0.020582534272402198,25.07272033691406,25.777115154266358,25.06138957977295,0.011000547732352189,0.020649675872513002,0.6375232334852292,0.5474403669678338,35071217.6
2020-06-09,25.092119216918945,25.4039515043519,25.064399491151036,25.293078173644464,21675088,25.355451583862305,26.464187622070312,25.792011260986328,25.362380820811108,26.63049764747141,25.902887391198703,24.72485758732588,26.041479143174776,25.667279445498256,24.80801121689447,26.51962429720401,25.812801754355966,-0.010385631116543004,-0.01043993811895521,0.016671316558847238,0.0002619812443345193,25.07964973449707,25.711630439758302,25.139207763671877,0.010035045237525915,0.019932578995000356,0.3395520132008656,-0.20095895672551833,30868055.2
2020-06-10,24.89116859436035,25.258437670117623,24.87037809652773,25.19607174898583,29557217,25.092119216918945,24.57240295410156,26.40181350708008,25.4039515043519,24.7595006869551,26.478040661111507,25.064399491151036,24.19127267994392,25.75043201137454,25.293078173644464,24.60011989844316,25.812797909829875,-0.008008515375739877,-0.008040755782232288,-0.010385631116543004,-0.07148470585928979,25.046389007568358,25.66173791885376,25.188718223571776,0.010714315851915682,0.01957817282469154,0.3880595735898922,-0.3049031546254781,29029099.4
2020-06-12,23.387439727783203,23.629974137851228,22.90236533528193,23.616115665546225,37902472,23.07560539245605,25.057472229003903,25.674211502075195,24.72485410492665,25.230714259782783,25.93060718313325,23.061746920510355,24.62783734214234,25.355449906420905,24.669417430961317,25.14755786211434,25.85438279555625,0.013513592819068387,0.0134230985802851,-0.07294005482392885,0.0,24.360356903076173,25.387325096130372,25.23438949584961,0.03607267683338731,0.024732359447717782,0.7276088025692964,-0.22867593776302186,36499113.6
2020-06-15,23.1171875,23.36665396808128,22.70141098192554,23.075609290955956,36247482,23.387439727783203,24.95353126525879,26.27709007263184,23.629974137851228,25.14756102678108,26.30480702024066,22.90236533528193,24.738713794794545,25.487115273036714,23.616115665546225,24.74564303110853,25.50097374684113,-0.011555443046728842,-0.011622726003871554,0.013513592819068387,-0.004148102521881802,23.912704086303712,25.234874057769776,25.245675773620604,0.03244525769238589,0.024766646920647346,0.6652429861557394,0.041578209044043746,37709780.2
2020-06-16,23.1449031829834,23.53296270790698,22.673690035706684,23.276565639043323,55616945,23.1171875,24.939674377441406,26.166208267211918,23.36665396808128,25.286155718436824,26.450320819446997,22.70141098192554,24.863447200778303,25.90981265364269,23.075609290955956,25.112913654847688,26.304798532905217,0.0011989210618030821,0.001198202929878547,-0.011555443046728842,-0.0005553076905261412,23.523260879516602,25.073067665100098,25.246950035095214,0.0335099511642888,0.02460591916446199,0.8592726722002944,-0.13166245605992444,44498151.6
2020-06-17,23.25577545166016,23.401297766715583,23.089465428532197,23.27656455282397,27509822,23.1449031829834,25.355451583862305,26.381031036376957,23.53296270790698,25.362380820811108,26.651285174083608,22.673690035706684,24.72485758732588,26.076127932129545,23.276565639043323,24.80801121689447,26.568131555041408,0.004790353530546465,0.004778916298120074,0.0011989210618030821,0.016671316558847238,23.196182250976562,24.93031759262085,25.2376798248291,0.03469860785558013,0.02470607574426442,0.31183233818338607,-0.020789101163810386,44088672.6
2020-06-18,23.034029006958008,23.193409795811014,22.85385911671301,23.054818108349984,32278855,23.25577545166016,25.092119216918945,26.11077690124512,23.401297766715583,25.4039515043519,26.346382072434253,23.089465428532197,25.064399491151036,25.85438123565645,23.27656455282397,25.293078173644464,26.228579486839685,-0.009535112908321541,-0.00958086315217044,0.004790353530546465,-0.010385631116543004,23.187866973876954,24.778212356567384,25.237148361206053,0.010379602361578515,0.024701771413582367,0.3395506790980036,-0.020789101391976317,37911115.2
2020-06-19,23.15876579284668,23.38051392006485,22.950876139965672,23.345864948038923,43986266,23.034029006958008,24.89116859436035,26.076133728027344,23.193409795811014,25.258437670117623,26.47112256136466,22.85385911671301,24.87037809652773,26.02069704094987,23.054818108349984,25.19607174898583,26.297880476337248,0.005415326422094635,0.00540071626408104,-0.009535112908321541,-0.008008515375739877,23.142132186889647,24.645164012908936,25.225526390075682,0.008052852855917437,0.024808505610806192,0.42963778009917775,-0.18709915519224296,39127874.0
2020-06-22,22.94394302368164,23.117183675247052,22.805351338284076,23.0963945741646,23332503,23.15876579284668,23.07560539245605,25.819732666015625,23.38051392006485,24.72485410492665,26.089986807903305,22.950876139965672,23.061746920510355,25.674210347712226,23.345864948038923,24.669417430961317,26.03455013229,-0.009276088850615483,-0.009319379683848902,0.005415326422094635,-0.07294005482392885,23.107483291625975,24.493059062957762,25.198767127990724,0.007411196167609784,0.02467157063813342,0.31183233696297563,-0.152451550482958,36544878.2
2020-06-23,22.70833778381348,23.040959241220826,22.687548681520887,23.006310273036057,37690408,22.94394302368164,23.387439727783203,25.98604202270508,23.117183675247052,23.629974137851228,26.006832516888043,22.805351338284076,22.90236533528193,25.61184377541978,23.0963945741646,23.616115665546225,25.71578788778695,-0.01026873365336467,-0.010321820836926641,-0.009276088850615483,0.013513592819068387,23.020170211791992,24.329520225524902,25.17072639465332,0.008115368703220511,0.02465261273412972,0.3534105596999382,-0.2979724892225768,32959570.8
2020-06-24,22.306419372558597,22.68061902766364,22.17475691791737,22.666760555117897,30817695,22.70833778381348,23.1171875,25.979114532470703,23.040959241220826,23.36665396808128,26.242439449083815,22.687548681520887,22.70141098192554,25.95139480042487,23.006310273036057,23.075609290955956,26.08998788828857,-0.01769915592595117,-0.01785765901831795,-0.01026873365336467,-0.011555443046728842,22.83029899597168,24.14865713119507,25.11680809020996,0.008408400033951505,0.024756125130897276,0.5058621097462677,-0.36034118255929926,33621145.4
2020-06-25,22.39650154113769,22.43807973850577,22.056950906268774,22.25097924344054,27418651,22.306419372558597,23.1449031829834,25.923681259155277,22.68061902766364,23.53296270790698,26.01376691740689,22.17475691791737,22.673690035706684,25.61877809752141,22.666760555117897,23.276565639043323,25.923681259155277,0.004038396619132634,0.004030264182822339,-0.01769915592595117,0.0011989210618030821,22.702793502807616,23.94561939239502,25.071141014099123,0.00994896457296896,0.024045703451579074,0.3811288322369961,0.14552229769715197,32649104.6
2020-06-26,22.202470779418945,22.36878216807384,21.90449835576095,22.3479930703556,42153992,22.39650154113769,23.25577545166016,26.457256317138672,22.43807973850577,23.401297766715583,26.637427605845364,22.056950906268774,23.089465428532197,26.13849472993125,22.25097924344054,23.27656455282397,26.221651137977823,-0.00866344064327873,-0.008701186408755465,0.004038396619132634,0.004790353530546465,22.51153450012207,23.732533550262453,25.022828407287598,0.007834438053881313,0.023966770512244974,0.46428381231288895,-0.14552229093665403,32282649.8
2020-06-29,22.61825180053711,22.639039508147626,22.3133487051546,22.493518589417786,23956261,22.202470779418945,23.034029006958008,26.464187622070312,22.36878216807384,23.193409795811014,26.63049764747141,21.90449835576095,22.85385911671301,26.041479143174776,22.3479930703556,23.054818108349984,26.51962429720401,0.01872679060132265,0.0185536030815859,-0.00866344064327873,-0.009535112908321541,22.446396255493163,23.63482599258423,24.968697166442873,0.01433797025595447,0.019565523910923432,0.32569080299302655,0.12473321111932378,32407401.4
2020-06-30,22.65983009338379,22.784563312674877,22.33413926905348,22.542027503508177,25451676,22.61825180053711,23.15876579284668,24.57240295410156,22.639039508147626,23.38051392006485,24.7595006869551,22.3133487051546,22.950876139965672,24.19127267994392,22.493518589417786,23.345864948038923,24.60011989844316,0.0018382628866875361,0.001836575349242389,0.01872679060132265,0.005415326422094635,22.436694717407228,23.514943885803223,24.926787223815918,0.013766598608003262,0.01882011176653293,0.4504240436213962,0.11780258987561254,29959655.0
2020-07-01,23.38050651550293,23.934873175252708,23.36664665246365,23.934873175252708,73503009,22.65983009338379,22.94394302368164,25.057472229003903,22.784563312674877,23.117183675247052,25.057472229003903,22.33413926905348,22.805351338284076,24.426878369595524,22.542027503508177,23.0963945741646,24.620908106700355,0.03180414059369152,0.031308862801259434,0.0018382628866875361,-0.009276088850615483,22.651512145996094,23.431095600128174,24.905603065490723,0.01581959491942675,0.020517852780352657,0.5682265227890575,-0.5543666597497783,38496717.8
2020-07-02,23.91408920288086,24.149694373502623,23.58839839117074,23.99031358567538,45270881,23.38050651550293,22.70833778381348,25.057472229003903,23.934873175252708,23.040959241220826,25.230714259782783,23.36664665246365,22.687548681520887,24.62783734214234,23.934873175252708,23.006310273036057,25.14755786211434,0.022821690668853867,0.0225651713559529,0.03180414059369152,-0.01026873365336467,22.955029678344726,23.379123497009278,24.886445388793945,0.01640335225224366,0.021326194845360046,0.561295982331881,-0.07622438279452126,42067163.8
2020-07-06,23.91408920288086,24.246709250646614,23.824003561792505,24.218992306424088,27150935,23.91408920288086,22.306419372558597,24.95353126525879,24.149694373502623,22.68061902766364,25.14756102678108,23.58839839117074,22.17475691791737,24.738713794794545,23.99031358567538,22.666760555117897,24.74564303110853,0.0,0.0,0.022821690668853867,-0.01769915592595117,23.29735336303711,23.32784423828125,24.861249961853026,0.013744735270643061,0.02132840377458018,0.42270568885410853,-0.3049031035432286,39066552.4
2020-07-07,23.58146858215332,23.803215275276013,23.53296114475992,23.59532705392786,25148018,23.91408920288086,22.39650154113769,24.939674377441406,24.246709250646614,22.43807973850577,25.286155718436824,23.824003561792505,22.056950906268774,24.863447200778303,24.218992306424088,22.25097924344054,25.112913654847688,-0.013908981350101768,-0.014006617635946593,0.0,0.004038396619132634,23.489996719360352,23.2391450881958,24.819933471679686,0.018486375871549575,0.02102275400311069,0.2702541305160935,-0.013858471774540249,39304903.8
2020-07-08,23.387439727783203,23.817074658699237,23.26270651158164,23.567608226296095,24256545,23.58146858215332,22.202470779418945,25.355451583862305,23.803215275276013,22.36878216807384,25.362380820811108,23.53296114475992,21.90449835576095,24.72485758732588,23.59532705392786,22.3479930703556,24.80801121689447,-0.008228022512429933,-0.008262059523104949,-0.013908981350101768,-0.00866344064327873,23.635518646240236,23.153911113739014,24.761700057983397,0.01988962203879891,0.02099055644831173,0.5543681471175965,-0.18016849851289152,39065877.6
2020-07-09,23.18648147583008,23.47752612063464,22.937015035452276,23.37358200265911,20363702,23.387439727783203,22.61825180053711,25.092119216918945,23.817074658699237,22.639039508147626,25.4039515043519,23.26270651158164,22.3133487051546,25.064399491151036,23.567608226296095,22.493518589417786,25.293078173644464,-0.008592571666337312,-0.00862970065223664,-0.008228022512429933,0.01872679060132265,23.596713638305665,23.0686767578125,24.705211067199706,0.014519943533780293,0.02099786156473345,0.5405110851823629,-0.18710052682902756,28438016.2
2020-07-10,23.442874908447266,23.588397216919017,23.20726835646292,23.325070935909487,24459019,23.18648147583008,22.65983009338379,24.89116859436035,23.47752612063464,22.784563312674877,25.258437670117623,22.937015035452276,22.33413926905348,24.87037809652773,23.37358200265911,22.542027503508177,25.19607174898583,0.011057884435137444,0.010997193033512022,-0.008592571666337312,0.0018382628866875361,23.502470779418946,23.08704023361206,24.65096813201904,0.009745179918645522,0.013348154852648918,0.38112886045609784,0.11780397253777863,24275643.8
2020-07-13,24.399158477783203,24.75256898622716,23.92101615985658,24.066538461707893,56569129,23.442874908447266,23.38050651550293,23.07560539245605,23.588397216919017,23.934873175252708,24.72485410492665,23.20726835646292,23.36664665246365,23.061746920510355,23.325070935909487,23.934873175252708,24.669417430961317,0.04079207746791136,0.03998203622322821,0.011057884435137444,0.03180414059369152,23.599484634399413,23.13762617111206,24.61255748748779,0.022539125164442834,0.01586420219400889,0.8315528263705794,0.33262001607531033,30159282.6
2020-07-14,24.41302299499512,24.544684057455918,24.170485792853285,24.51003787585185,32854129,24.399158477783203,23.91408920288086,23.387439727783203,24.75256898622716,24.149694373502623,23.629974137851228,23.92101615985658,23.58839839117074,22.90236533528193,24.066538461707893,23.99031358567538,23.616115665546225,0.0005682375162463504,0.0005680761304430001,0.04079207746791136,0.022821690668853867,23.765795516967774,23.202417945861818,24.58430423736572,0.020461476173152242,0.015537678586530044,0.37419826460263295,-0.09701488085672949,31700504.8
2020-07-15,24.75256729125977,24.94659701377505,24.57932805968947,24.939667778854098,26294454,24.41302299499512,23.91408920288086,23.1171875,24.544684057455918,24.246709250646614,23.36665396808128,24.170485792853285,23.824003561792505,22.70141098192554,24.51003787585185,24.218992306424088,23.075609290955956,0.013908326565467144,0.01381249335560283,0.0005682375162463504,0.0,24.038821029663087,23.282801151275635,24.56311637878418,0.018622736276177488,0.015725618190846863,0.36726895408558136,-0.1871004875943285,32108086.6
2020-07-16,24.66942024230957,24.697137189359616,24.43381226146992,24.66942024230957,18421812,24.75256729125977,23.58146858215332,23.1449031829834,24.94659701377505,23.803215275276013,23.53296270790698,24.57932805968947,23.53296114475992,22.673690035706684,24.939667778854098,23.59532705392786,23.276565639043323,-0.0033591282864448013,-0.003364782824296946,0.013908326565467144,-0.013908981350101768,24.335408782958986,23.353483390808105,24.5280525970459,0.01730852349509238,0.0157952917267596,0.26332492788969475,0.0,31719708.6
2020-07-17,25.11984062194824,25.175280083339292,24.759500840002,24.84958648203421,23347365,24.66942024230957,23.387439727783203,23.25577545166016,24.697137189359616,23.817074658699237,23.401297766715583,24.43381226146992,23.26270651158164,23.089465428532197,24.66942024230957,23.567608226296095,23.27656455282397,0.018258247466479638,0.018093567161488303,-0.0033591282864448013,-0.008228022512429933,24.67080192565918,23.457773971557618,24.50199722290039,0.01744779670978313,0.015850274992912295,0.41577924333729044,0.27025413991403013,31497377.8
2020-07-20,25.293079376220703,26.06919551425583,25.16834478360767,25.979109883954568,36815693,25.11984062194824,23.18648147583008,23.034029006958008,25.175280083339292,23.47752612063464,23.193409795811014,24.759500840002,22.937015035452276,22.85385911671301,24.84958648203421,23.37358200265911,23.054818108349984,0.006896490980165648,0.006872818959842539,0.018258247466479638,-0.008592571666337312,24.84958610534668,23.56448965072632,24.495622024536132,0.008983863980922992,0.015858423547555435,0.9008507306481626,-0.6860305077338644,27546690.6
2020-07-21,25.42473793029785,25.694994794759463,25.30693537061887,25.597979938724315,23588520,25.293079376220703,23.442874908447266,23.15876579284668,26.06919551425583,23.588397216919017,23.38051392006485,25.16834478360767,23.20726835646292,22.950876139965672,25.979109883954568,23.325070935909487,23.345864948038923,0.00520531929381951,0.005191818449879948,0.006896490980165648,0.011057884435137444,25.051929092407228,23.688529396057127,24.48827655792236,0.008337151528253017,0.015521630167497804,0.388059424140593,-0.1732420084264632,25693568.8
2020-07-22,26.720577239990234,26.838382598172323,25.999897765081407,26.49190133126324,90705554,25.42473793029785,24.399158477783203,22.94394302368164,25.694994794759463,24.75256898622716,23.117183675247052,25.30693537061887,23.92101615985658,22.805351338284076,25.597979938724315,24.066538461707893,23.0963945741646,0.05096765651016488,0.04971131740621764,0.00520531929381951,0.04079207746791136,25.44553108215332,23.889141368865968,24.494651832580566,0.021220192098973627,0.01811959989673588,0.8384848330909165,0.22867590872699495,38575788.8
2020-07-23,26.61663818359375,27.316530085345786,26.45725738356579,27.18486901784489,59639536,26.720577239990234,24.41302299499512,22.70833778381348,26.838382598172323,24.544684057455918,23.040959241220826,25.999897765081407,24.170485792853285,22.687548681520887,26.49190133126324,24.51003787585185,23.006310273036057,-0.0038898507117925973,-0.0038974358575183405,0.05096765651016488,0.0005682375162463504,25.834974670410155,24.104652309417723,24.50920421600342,0.021339686877644187,0.017321393444693522,0.8592727017799966,-0.5682308342511391,46819333.6
2020-07-24,26.0969181060791,26.43647020894942,25.868242149378677,26.353313795867717,33870501,26.61663818359375,24.75256729125977,22.306419372558597,27.316530085345786,24.94659701377505,22.68061902766364,26.45725738356579,24.57932805968947,22.17475691791737,27.18486901784489,24.939667778854098,22.666760555117897,-0.019526135266586753,-0.019719288740852072,-0.0038898507117925973,0.013908326565467144,26.030390167236327,24.289673137664796,24.517658348083497,0.026240618018325217,0.018442671371716703,0.5682280595707425,-0.25639568978861504,48923960.8
2020-07-27,26.013765335083008,26.159287669672537,25.79894784476734,25.88903071135644,27640307,26.0969181060791,24.66942024230957,22.39650154113769,26.43647020894942,24.697137189359616,22.43807973850577,25.868242149378677,24.43381226146992,22.056950906268774,26.353313795867717,24.66942024230957,22.25097924344054,-0.003186306162976549,-0.0031913932453340598,-0.019526135266586753,-0.0033591282864448013,26.17452735900879,24.480237865447997,24.51239185333252,0.026722957062266746,0.018224179593613145,0.36033982490519634,0.1247346237265674,47088883.6
2020-07-28,27.039342880249023,27.261089564482933,26.374100041364898,26.706720067715764,56393954,26.013765335083008,25.11984062194824,22.202470779418945,26.159287669672537,25.175280083339292,22.36878216807384,25.79894784476734,24.759500840002,21.90449835576095,25.88903071135644,24.84958648203421,22.3479930703556,0.039424417494182906,0.03866711522909165,-0.003186306162976549,0.018258247466479638,26.497448348999022,24.701292419433592,24.529854545593263,0.03059702965502315,0.01940814474951801,0.8869895231180358,0.3326228125332591,53649970.4
2020-07-29,27.20565414428711,27.337317985468637,26.64435538610301,27.233373874182043,37033660,27.039342880249023,25.293079376220703,22.61825180053711,27.261089564482933,26.06919551425583,22.639039508147626,26.374100041364898,25.16834478360767,22.3133487051546,26.706720067715764,25.979109883954568,22.493518589417786,0.006150713971661226,0.00613187553756309,0.039424417494182906,0.006896490980165648,26.594463729858397,24.92858362197876,24.546347007751464,0.0219469570480941,0.019346581167615624,0.6929625993656288,-0.02771972989493321,42915591.6
2020-07-30,27.107688903808597,27.247636529913624,26.729833408079823,26.785811895839142,32273796,27.20565414428711,25.42473793029785,22.65983009338379,27.337317985468637,25.694994794759463,22.784563312674877,26.64435538610301,25.30693537061887,22.33413926905348,27.233373874182043,25.597979938724315,22.542027503508177,-0.0036009147201147007,-0.0036074136195377994,0.006150713971661226,0.00520531929381951,26.692673873901366,25.114942741394042,24.566285247802735,0.021922031564647077,0.01879663617112375,0.5178031218338006,0.32187700796945506,37442443.6
2020-07-31,26.925762176513672,27.114691369451823,26.491928104924185,26.785817335402637,28472124,27.107688903808597,26.720577239990234,23.38050651550293,27.247636529913624,26.838382598172323,23.934873175252708,26.729833408079823,25.999897765081407,23.36664665246365,26.785811895839142,26.49190133126324,23.934873175252708,-0.006711259227612176,-0.00673388099834344,-0.0036009147201147007,0.05096765651016488,26.85844268798828,25.265526390075685,24.583277816772462,0.019068913176233594,0.018696676199017458,0.622763264527638,0.1399448411110349,36362768.2
2020-08-03,26.83479118347168,27.05170815710212,26.74382509342884,27.016720550144125,31036400,26.925762176513672,26.61663818359375,23.91408920288086,27.114691369451823,27.316530085345786,24.149694373502623,26.491928104924185,26.45725738356579,23.58839839117074,26.785817335402637,27.18486901784489,23.99031358567538,-0.0033785856253808477,-0.00338430593379685,-0.006711259227612176,-0.0038898507117925973,27.022647857666016,25.411561489105225,24.603578987121583,0.01909329575392718,0.018769919362411833,0.30788306367328033,-0.18192936667244552,37041986.8
2020-08-04,26.8627872467041,27.06571036507444,26.65286716748156,26.80680874647236,29448549,26.83479118347168,26.0969181060791,23.91408920288086,27.05170815710212,26.43647020894942,24.246709250646614,26.74382509342884,25.868242149378677,23.824003561792505,27.016720550144125,26.353313795867717,24.218992306424088,0.0010432748680997417,0.001042731035086548,-0.0033785856253808477,-0.019526135266586753,26.987336730957033,25.575627422332765,24.621113891601563,0.004997512553486939,0.018227558293791517,0.41284319759288124,0.05597850023174189,31652905.8
2020-08-05,26.904767990112305,26.960746482364637,26.68085402110299,26.918761909821963,24292697,26.8627872467041,26.013765335083008,23.58146858215332,27.06571036507444,26.159287669672537,23.803215275276013,26.65286716748156,25.79894784476734,23.53296114475992,26.80680874647236,25.88903071135644,23.59532705392786,0.0015627843463397184,0.0015615644696538834,0.0010432748680997417,-0.003186306162976549,26.92715950012207,25.751493835449217,24.639626960754395,0.003477751753110629,0.01793494357596673,0.279892461261646,-0.013993919709658798,29104713.2
2020-08-06,26.778818130493164,27.3595967686498,26.69484898213233,27.128683017364416,20922111,26.904767990112305,27.039342880249023,23.387439727783203,26.960746482364637,27.261089564482933,23.817074658699237,26.68085402110299,26.374100041364898,23.26270651158164,26.918761909821963,26.706720067715764,23.567608226296095,-0.004681321157105955,-0.004692312858198291,0.0015627843463397184,0.039424417494182906,26.861385345458984,25.931110668182374,24.656729698181152,0.0036160531563369305,0.017774519750064895,0.66474778651747,-0.34986488687125217,26834376.2
2020-08-07,26.904767990112305,27.02372193447179,26.70184490066748,26.79980796546248,23097251,26.778818130493164,27.20565414428711,23.18648147583008,27.3595967686498,27.337317985468637,23.47752612063464,26.69484898213233,26.64435538610301,22.937015035452276,27.128683017364416,27.233373874182043,23.37358200265911,0.00470333899746378,0.004692312858198246,-0.004681321157105955,0.006150713971661226,26.85718650817871,26.104205322265624,24.665679931640625,0.003836309133455208,0.017762014233812042,0.3218770338043093,0.10496002464982368,25759401.6
2020-08-10,26.8627872467041,27.05171644337003,26.77182112879724,26.97474424716758,19964552,26.904767990112305,27.107688903808597,23.442874908447266,27.02372193447179,27.247636529913624,23.588397216919017,26.70184490066748,26.729833408079823,23.20726835646292,26.79980796546248,26.785811895839142,23.325070935909487,-0.001560345862251289,-0.0015615644696538563,0.00470333899746378,-0.0036009147201147007,26.862785720825194,26.22738676071167,24.6736519241333,0.003527518677999407,0.01596186562013897,0.2798953145727907,-0.11195700046347667,23545032.0
2020-08-11,26.44294166564941,26.995732407168823,26.358975339227683,26.981735674920607,21326847,26.8627872467041,26.925762176513672,24.399158477783203,27.05171644337003,27.114691369451823,24.75256898622716,26.77182112879724,26.491928104924185,23.92101615985658,26.97474424716758,26.785817335402637,24.066538461707893,-0.015629263530954063,-0.01575268818356744,-0.001560345862251289,-0.006711259227612176,26.778816604614256,26.328882694244385,24.71106269836426,0.00781800832299366,0.016593749787951445,0.6367570679411401,-0.5387940092711965,21920691.6
2020-08-12,26.820804595947266,26.97474618600277,26.456942911581017,26.47093964770555,19957595,26.44294166564941,26.83479118347168,24.41302299499512,26.995732407168823,27.05170815710212,24.544684057455918,26.358975339227683,26.74382509342884,24.170485792853285,26.981735674920607,27.016720550144125,24.51003787585185,0.014289746393409741,0.014188610301501103,-0.015629263530954063,-0.0033785856253808477,26.76202392578125,26.43229455947876,24.746329345703124,0.01110501211915717,0.016605794340124463,0.5178032744217518,0.34986494824171643,21053671.2
2020-08-13,26.70884704589844,26.715844007111688,26.5059239170572,26.63887462035169,15340021,26.820804595947266,26.8627872467041,24.75256729125977,26.97474618600277,27.06571036507444,24.94659701377505,26.456942911581017,26.65286716748156,24.57932805968947,26.47093964770555,26.80680874647236,24.939667778854098,-0.004174280068605429,-0.0041830166968827645,0.014289746393409741,0.0010432748680997417,26.748029708862305,26.5342658996582,24.779356842041015,0.011060371593503137,0.016626180042744437,0.20992009005448864,0.06997242554675154,19937253.2
2020-08-14,26.631874084472656,26.86278502717286,26.54090797408185,26.59688646968838,12901276,26.70884704589844,26.904767990112305,24.66942024230957,26.715844007111688,26.960746482364637,24.697137189359616,26.5059239170572,26.68085402110299,24.43381226146992,26.63887462035169,26.918761909821963,24.66942024230957,-0.002881927523622041,-0.0028860882726553148,-0.004174280068605429,0.0015627843463397184,26.693450927734375,26.609867572784424,24.812923698425294,0.010686567055580996,0.016348924812524993,0.3218770530910078,0.03498761478427781,17898058.2
2020-08-17,26.83479118347168,26.87677293572539,26.55489595463421,26.61787420984124,17494187,26.631874084472656,26.778818130493164,25.11984062194824,26.86278502717286,27.3595967686498,25.175280083339292,26.54090797408185,26.69484898213233,24.759500840002,26.59688646968838,27.128683017364416,24.84958648203421,0.007619332321690875,0.007590451816517967,-0.002881927523622041,-0.004681321157105955,26.68785171508789,26.686953163146974,24.8508260345459,0.011534020535405672,0.016358669012746928,0.321876981091183,0.2169169736304397,17403985.2
2020-08-18,26.84178924560547,26.91176164898468,26.70883858443029,26.90476468998809,10846398,26.83479118347168,26.904767990112305,25.293079376220703,26.87677293572539,27.02372193447179,26.06919551425583,26.55489595463421,26.70184490066748,25.16834478360767,26.61787420984124,26.79980796546248,25.979109883954568,0.00026078317829791864,0.0002607491802754902,0.007619332321690875,0.00470333899746378,26.7676212310791,26.757805728912352,24.88055278778076,0.00778403327263436,0.016362337933306617,0.20292306455439046,-0.06297544438262292,15307895.4
2020-08-19,26.77181625366211,27.01672390596221,26.67385600615565,26.92575780462023,15690055,26.84178924560547,26.8627872467041,25.42473793029785,26.91176164898468,27.05171644337003,25.694994794759463,26.70883858443029,26.77182112879724,25.30693537061887,26.90476468998809,26.97474424716758,25.597979938724315,-0.0026068676459344298,-0.0026102714421805443,0.00026078317829791864,-0.001560345862251289,26.75782356262207,26.760367679595948,24.914146728515625,0.004743741220672782,0.011824798806886099,0.34286789980655996,-0.15394155095811968,14454387.4
2020-08-20,27.09370422363281,27.142685768800625,26.680860977253136,26.71584578564841,21957455,26.77181625366211,26.44294166564941,26.720577239990234,27.01672390596221,26.995732407168823,26.838382598172323,26.67385600615565,26.358975339227683,25.999897765081407,26.92575780462023,26.981735674920607,26.49190133126324,0.012023389333051693,0.011951682587377409,-0.0026068676459344298,-0.015629263530954063,26.834794998168945,26.7842209815979,24.958197441101074,0.006637556368628937,0.012070680283292803,0.4618247915474889,0.37785843798440055,15777874.2
2020-08-21,27.20565414428711,27.289623289372248,26.98873713513314,27.226645023851543,25467170,27.09370422363281,26.820804595947266,26.61663818359375,27.142685768800625,26.97474618600277,27.316530085345786,26.680860977253136,26.456942911581017,26.45725738356579,26.71584578564841,26.47093964770555,27.18486901784489,0.004131953302887625,0.004123440226205622,0.012023389333051693,0.014289746393409741,26.949551010131835,26.8396577835083,25.040798416137694,0.005803361588159017,0.011075957864421632,0.3008861542391088,-0.02099087956443313,18291053.0
2020-08-24,27.17766571044922,27.31761335921296,26.967745644010563,27.30361943836076,25011947,27.20565414428711,26.70884704589844,26.0969181060791,27.289623289372248,26.715844007111688,26.43647020894942,26.98873713513314,26.5059239170572,25.868242149378677,27.226645023851543,26.63887462035169,26.353313795867717,-0.0010287726841432532,-0.0010293022339831668,0.004131953302887625,-0.004174280068605429,27.018125915527342,26.89785280227661,25.116602935791015,0.005849976652397026,0.01103177022978238,0.34986771520239657,-0.12595372791153991,19794605.0
2020-08-25,26.876781463623047,26.9817415043872,26.554904380401524,26.946756699741897,26221201,27.17766571044922,26.631874084472656,26.013765335083008,27.31761335921296,26.86278502717286,26.159287669672537,26.967745644010563,26.54090797408185,25.79894784476734,27.30361943836076,26.59688646968838,25.88903071135644,-0.011071011397071118,-0.011132751147640596,-0.0010287726841432532,-0.002881927523622041,27.02512435913086,26.889724731445312,25.191794815063478,0.008538685695039327,0.007182216913113022,0.42683712398567764,-0.06997523611885015,22869565.6
2020-08-26,26.62488174438477,26.7788233373695,26.351983365856587,26.72284483204908,24083689,26.876781463623047,26.83479118347168,27.039342880249023,26.9817415043872,26.87677293572539,27.261089564482933,26.554904380401524,26.55489595463421,26.374100041364898,26.946756699741897,26.61787420984124,26.706720067715764,-0.009372391540974356,-0.00941658877520059,-0.011071011397071118,0.007619332321690875,26.99573745727539,26.860686111450196,25.261394386291503,0.009584474116216464,0.007289011365852201,0.4268399715129121,-0.09796308766431139,24548292.4
2020-08-27,26.491926193237305,26.58988926299433,26.36597528264332,26.561898608743537,22156556,26.62488174438477,26.84178924560547,27.20565414428711,26.7788233373695,26.91176164898468,27.337317985468637,26.351983365856587,26.70883858443029,26.64435538610301,26.72284483204908,26.90476468998809,27.233373874182043,-0.0049936579033070805,-0.005006167877332373,-0.009372391540974356,0.00026078317829791864,26.875381851196288,26.829897975921632,25.326117401123046,0.006199125058828583,0.007321215207201449,0.22391398035101062,-0.06997241550623201,24588112.6
2020-08-28,26.52690887451172,26.631868884958664,26.17004427630944,26.498918225466323,32830519,26.491926193237305,26.77181625366211,27.107688903808597,26.58988926299433,27.01672390596221,27.247636529913624,26.36597528264332,26.67385600615565,26.729833408079823,26.561898608743537,26.92575780462023,26.785811895839142,0.0013205035005474652,0.0013196324025742743,-0.0049936579033070805,-0.0026068676459344298,26.73963279724121,26.809955310821532,25.39597499847412,0.005284179551371911,0.007218092426042547,0.4618246086492235,0.027990649045396054,26060782.4
2020-08-31,26.44294166564941,26.603880172489035,26.24001858889217,26.477929276149684,30032465,26.52690887451172,27.09370422363281,26.925762176513672,26.631868884958664,27.142685768800625,27.114691369451823,26.17004427630944,26.680860977253136,26.491928104924185,26.498918225466323,26.71584578564841,26.785817335402637,-0.003165359720558647,-0.0031703800685764292,0.0013205035005474652,0.012023389333051693,26.59268798828125,26.79036283493042,25.461658515930175,0.004956013210069455,0.007214117146018654,0.36386158359686505,-0.03498761050027355,27064886.0
2020-09-01,25.80618476867676,26.46393553264113,25.54728320145194,26.44294184083648,36145560,26.44294166564941,27.20565414428711,26.83479118347168,26.603880172489035,27.289623289372248,27.05170815710212,26.24001858889217,26.98873713513314,26.74382509342884,26.477929276149684,27.226645023851543,27.016720550144125,-0.024080410758528625,-0.02437508403539115,-0.003165359720558647,0.004131953302887625,26.378568649291992,26.737532711029054,25.51890335083008,0.00974332746794902,0.008886249070167187,0.9166523311891908,-0.6367570721597176,29049757.8
2020-09-02,26.030105590820312,26.100078017326705,25.47031773852633,25.729219374038543,29068688,25.80618476867676,27.17766571044922,26.8627872467041,26.46393553264113,27.31761335921296,27.06571036507444,25.54728320145194,26.967745644010563,26.65286716748156,26.44294184083648,27.30361943836076,26.80680874647236,0.008677021580320687,0.008639592587515402,-0.024080410758528625,-0.0010287726841432532,26.2596134185791,26.693799591064455,25.585338706970216,0.012174936182796556,0.009172739363901911,0.6297602788003758,0.30088621678176963,30046757.6
2020-09-03,25.47031593322754,26.23302686308593,25.26039585517291,26.14905770649845,35956788,26.030105590820312,26.876781463623047,26.904767990112305,26.100078017326705,26.9817415043872,26.960746482364637,25.47031773852633,26.554904380401524,26.68085402110299,25.729219374038543,26.946756699741897,26.918761909821963,-0.021505470104208335,-0.021740082457194828,0.008677021580320687,-0.011071011397071118,26.055291366577148,26.62837448120117,25.648616638183594,0.01439648627977226,0.010184753937470842,0.9726310079130194,-0.6787417732709109,32806804.0
2020-09-04,25.442323684692383,25.63125284759452,25.099452970310555,25.533289786342564,26872257,25.47031593322754,26.62488174438477,26.778818130493164,26.23302686308593,26.7788233373695,27.3595967686498,25.26039585517291,26.351983365856587,26.69484898213233,26.14905770649845,26.72284483204908,27.128683017364416,-0.0010990145787174166,-0.0010996189380799441,-0.021505470104208335,-0.009372391540974356,25.83837432861328,26.555252265930175,25.709533081054687,0.014051889843523332,0.010051973436659381,0.5317998772839658,-0.09096610165018149,31615151.6
2020-09-08,25.141437530517575,25.61725610395548,24.96650510030784,25.561277613751823,26736818,25.442323684692383,26.491926193237305,26.904767990112305,25.63125284759452,26.58988926299433,27.02372193447179,25.099452970310555,26.36597528264332,26.70184490066748,25.533289786342564,26.561898608743537,26.79980796546248,-0.011826205731194195,-0.011896691573392352,-0.0010990145787174166,-0.0049936579033070805,25.578073501586914,26.469184780120848,25.76831241607666,0.013802373052175462,0.010248625372243175,0.6507510036476383,-0.4198400832342486,30956022.2
2020-09-09,25.316375732421875,25.64524975247481,25.288385077342475,25.39334511041588,27490533,25.141437530517575,26.52690887451172,26.8627872467041,25.61725610395548,26.631868884958664,27.05171644337003,24.96650510030784,26.17004427630944,26.77182112879724,25.561277613751823,26.498918225466323,26.97474424716758,0.006958162264665724,0.006934065966343218,-0.011826205731194195,0.0013205035005474652,25.48011169433594,26.41285648345947,25.822274894714354,0.012812149815823843,0.010056042176396943,0.35686467513233566,-0.07696937799400416,29225016.8
2020-09-10,24.94551658630371,25.414338297461157,24.89653504553119,25.330371951432674,21650741,25.316375732421875,26.44294166564941,26.44294166564941,25.64524975247481,26.603880172489035,26.995732407168823,25.288385077342475,26.24001858889217,26.358975339227683,25.39334511041588,26.477929276149684,26.981735674920607,-0.014648982541494493,-0.014757338390189749,0.006958162264665724,-0.003165359720558647,25.263193893432618,26.319092082977296,25.867988624572753,0.01131057689143934,0.009643155748884157,0.5178032519299656,-0.38485536512896346,27741427.4
2020-09-11,25.239402770996094,25.26739061180771,24.805568731105406,25.00848901723111,24109301,24.94551658630371,25.80618476867676,26.820804595947266,25.414338297461157,26.46393553264113,26.97474618600277,24.89653504553119,25.54728320145194,26.456942911581017,25.330371951432674,26.44294184083648,26.47093964770555,0.011781122418356382,0.011712265277606819,-0.014648982541494493,-0.024080410758528625,25.21701126098633,26.24561986923218,25.90516654968262,0.011481064587736192,0.010232771178101509,0.4618218807023027,0.2309137537649839,25371930.0
2020-09-14,25.89715576171875,26.26801437726252,25.38634949021757,25.44232798991772,29565543,25.239402770996094,26.030105590820312,26.70884704589844,25.26739061180771,26.100078017326705,26.715844007111688,24.805568731105406,25.47031773852633,26.5059239170572,25.00848901723111,25.729219374038543,26.63887462035169,0.026060560810040823,0.025726771137248368,0.011781122418356382,0.008677021580320687,25.3079776763916,26.20888395309448,25.944827880859375,0.01698276270457966,0.012094147895953526,0.8816648870449519,0.4548277718010283,25910587.2
2020-09-15,25.86216354370117,26.13505903287021,25.75720352375819,26.02310205338617,22003726,25.89715576171875,25.47031593322754,26.631874084472656,26.26801437726252,26.23302686308593,26.86278502717286,25.38634949021757,25.26039585517291,26.54090797408185,25.44232798991772,26.14905770649845,26.59688646968838,-0.0013511992722115007,-0.001352112965094962,0.026060560810040823,-0.021505470104208335,25.45212287902832,26.160252571105957,25.983789367675783,0.015140161827379607,0.011909786655234414,0.37785550911202037,-0.16093850968500334,24963968.8
2020-09-16,25.73621940612793,26.10707805312473,25.69423482443853,26.08608435557288,22208412,25.86216354370117,25.442323684692383,26.83479118347168,26.13505903287021,25.63125284759452,26.87677293572539,25.75720352375819,25.099452970310555,26.55489595463421,26.02310205338617,25.533289786342564,26.61787420984124,-0.004869822177112959,-0.004881718398500687,-0.0013511992722115007,-0.0010990145787174166,25.536091613769532,26.10497407913208,26.026884384155274,0.015815132729070116,0.0119188402582933,0.4128432286861994,-0.3498649494449495,23907544.6
2020-09-17,25.764198303222656,25.869158314284288,25.575269157946387,25.736210467426663,17894390,25.73621940612793,25.141437530517575,26.84178924560547,26.10707805312473,25.61725610395548,26.91176164898468,25.69423482443853,24.96650510030784,26.70883858443029,26.08608435557288,25.561277613751823,26.90476468998809,0.0010871409142581001,0.0010865504045138251,-0.004869822177112959,-0.011826205731194195,25.69982795715332,26.05459318161011,26.07441955566406,0.012556974024843117,0.011938091099558656,0.2938891563379009,0.027987835795993732,23156274.4
2020-09-18,25.63125991821289,25.93914029269032,25.589275335606853,25.736219968020805,31694623,25.764198303222656,25.316375732421875,26.77181625366211,25.869158314284288,25.64524975247481,27.01672390596221,25.575269157946387,25.288385077342475,26.67385600615565,25.736210467426663,25.39334511041588,26.92575780462023,-0.0051598106583869985,-0.005173168450332316,0.0010871409142581001,0.006958162264665724,25.77819938659668,25.98147096633911,26.12331512451172,0.013065033707766719,0.011497392174273856,0.3498649570834651,-0.1049600498079144,24673338.8
2020-09-21,25.204418182373047,25.52629808424532,24.75659016831454,25.449325885945157,26608968,25.63125991821289,24.94551658630371,27.09370422363281,25.93914029269032,25.414338297461157,27.142685768800625,25.589275335606853,24.89653504553119,26.680860977253136,25.736219968020805,25.330371951432674,26.71584578564841,-0.016653170277304286,-0.016793393268845675,-0.0051598106583869985,-0.014648982541494493,25.63965187072754,25.881409168243408,26.158545989990234,0.006808961752129163,0.01178246088932633,0.7697079159307805,-0.24490770357211034,24082023.8
2020-09-22,25.365352630615234,25.42133393674688,25.00848798115486,25.057469513959763,22727297,25.204418182373047,25.239402770996094,27.20565414428711,25.52629808424532,25.26739061180771,27.289623289372248,24.75659016831454,24.805568731105406,26.98873713513314,25.449325885945157,25.00848901723111,27.226645023851543,0.006385168150984777,0.006364869326609875,-0.016653170277304286,0.011781122418356382,25.540289688110352,25.79079351425171,26.177869873046873,0.008599571584176726,0.011987330203199111,0.41284595559201875,0.3078831166554714,24226738.0
2020-09-23,25.19042205810547,25.45632062156103,25.169431176811845,25.42832996642227,23102521,25.365352630615234,25.89715576171875,27.17766571044922,25.42133393674688,26.26801437726252,27.31761335921296,25.00848798115486,25.38634949021757,26.967745644010563,25.057469513959763,25.44232798991772,27.30361943836076,-0.006896437635116048,-0.006920327963273624,0.006385168150984777,0.026060560810040823,25.43113021850586,25.70647554397583,26.193417854309082,0.008707207675596608,0.011882179048867786,0.28688944474918543,-0.23790790831680297,24405559.8
2020-09-24,25.022483825683597,25.218407136530978,24.868542272823323,25.15543168613669,20859925,25.19042205810547,25.86216354370117,26.876781463623047,25.45632062156103,26.13505903287021,26.9817415043872,25.169431176811845,25.75720352375819,26.554904380401524,25.42832996642227,26.02310205338617,26.946756699741897,-0.006666749450822906,-0.006689071490554686,-0.006896437635116048,-0.0013511992722115007,25.282787322998047,25.62635564804077,26.198816184997558,0.008195011961961707,0.011823073009601589,0.3498648637076549,-0.13294786045309337,24998666.8
2020-09-25,25.22540664672852,25.29537905605812,24.8545480944785,24.868542013661703,14365598,25.022483825683597,25.73621940612793,26.62488174438477,25.218407136530978,26.10707805312473,26.7788233373695,24.868542272823323,25.69423482443853,26.351983365856587,25.15543168613669,26.08608435557288,26.72284483204908,0.008109619431011073,0.00807691317191254,-0.006666749450822906,-0.004869822177112959,25.20161666870117,25.56302967071533,26.20993591308594,0.010325178314862616,0.012069159267774033,0.4408309615796213,0.3568646330668166,21532861.8
2020-09-28,25.46331024169922,25.59626089180836,25.30237175793328,25.30237175793328,15044269,25.22540664672852,25.764198303222656,26.491926193237305,25.29537905605812,25.869158314284288,26.58988926299433,24.8545480944785,25.575269157946387,26.36597528264332,24.868542013661703,25.736210467426663,26.561898608743537,0.009431110400020204,0.009386915134653175,0.008109619431011073,0.0010871409142581001,25.253395080566406,25.509849739074706,26.216805305480957,0.008154927772235417,0.012333311863657655,0.29388913387508,0.1609384837659391,19219922.0
2020-09-29,25.30937385559082,25.56827543655354,25.21141079107372,25.491306064955065,13512491,25.46331024169922,25.63125991821289,26.52690887451172,25.59626089180836,25.93914029269032,26.631868884958664,25.30237175793328,25.589275335606853,26.17004427630944,25.30237175793328,25.736219968020805,26.498918225466323,-0.006045419258031481,-0.0060637667880818055,0.009431110400020204,-0.0051598106583869985,25.242199325561522,25.45317134857178,26.217131195068358,0.008402530010941878,0.012364756884762497,0.35686464547982055,-0.1819322093642448,17376960.8
2020-09-30,25.680233001708984,25.862165215189115,25.365352921529144,25.37934965492944,22629275,25.30937385559082,25.204418182373047,26.44294166564941,25.56827543655354,25.52629808424532,26.603880172489035,25.21141079107372,24.75659016831454,26.24001858889217,25.491306064955065,25.449325885945157,26.477929276149684,0.014653035204829523,0.014546716817463043,-0.006045419258031481,-0.016653170277304286,25.340161514282226,25.44687376022339,26.22224109649658,0.009676121828538938,0.011762071767503096,0.49681229365997126,0.30088334677954265,17282311.6
2020-10-01,25.449323654174805,25.95313293922341,25.302379044917803,25.827179211254293,22520396,25.680233001708984,25.365352630615234,25.80618476867676,25.862165215189115,25.42133393674688,26.46393553264113,25.365352921529144,25.00848798115486,25.54728320145194,25.37934965492944,25.057469513959763,26.44294184083648,-0.008991715438049663,-0.009032384886940295,0.014653035204829523,0.006385168150984777,25.42552947998047,25.417834663391112,26.196816024780272,0.010343491419828226,0.011725382049704301,0.6507538943056055,-0.3778555570794886,17614405.8
2020-10-02,25.45631980895996,25.652245948435272,25.21141213461582,25.232405828653224,21461759,25.449323654174805,25.19042205810547,26.030105590820312,25.95313293922341,25.45632062156103,26.100078017326705,25.302379044917803,25.169431176811845,25.47031773852633,25.827179211254293,25.42832996642227,25.729219374038543,0.0002749053326613904,0.000274867553114135,-0.008991715438049663,-0.006896437635116048,25.471712112426758,25.417134857177736,26.1736096572876,0.010046781488056962,0.010692735609398844,0.4408338138194523,0.2239139803067367,19033638.0
2020-10-05,25.715219497680664,25.806185600467963,25.428327269940304,25.561277944276632,19400029,25.45631980895996,25.022483825683597,25.47031593322754,25.652245948435272,25.218407136530978,26.23302686308593,25.21141213461582,24.868542272823323,25.26039585517291,25.232405828653224,25.15543168613669,26.14905770649845,0.010170350257368233,0.010118980252215344,0.0002749053326613904,-0.006666749450822906,25.522093963623046,25.430779647827148,26.16597568511963,0.010190384022804155,0.010924708107933433,0.3778583305276584,0.1539415534040316,19904790.0
2020-10-06,25.30937385559082,25.911146162363405,25.253395363497287,25.89015246944478,25233392,25.715219497680664,25.22540664672852,25.442323684692383,25.806185600467963,25.29537905605812,25.63125284759452,25.428327269940304,24.8545480944785,25.099452970310555,25.561277944276632,24.868542013661703,25.533289786342564,-0.015782312965535783,-0.0159081797358521,0.010170350257368233,0.008109619431011073,25.522093963623046,25.43917646408081,26.151887855529786,0.012729241511719645,0.011193852361867764,0.6577507988661182,-0.5807786138539583,22248970.2
2020-10-07,25.5192928314209,25.60326197273784,25.21140973114355,25.372351054236606,22160034,25.30937385559082,25.46331024169922,25.141437530517575,25.911146162363405,25.59626089180836,25.61725610395548,25.253395363497287,25.30237175793328,24.96650510030784,25.89015246944478,25.30237175793328,25.561277613751823,0.00829411968181537,0.008259912486722741,-0.015782312965535783,0.009431110400020204,25.48990592956543,25.449322319030763,26.121486854553222,0.011123769145085718,0.011238990661187304,0.39185224159428955,0.14694177718429202,22155122.0
2020-10-08,25.81318664550781,26.016109762265945,25.54728806816607,25.61026352874968,17857395,25.5192928314209,25.30937385559082,25.316375732421875,25.60326197273784,25.56827543655354,25.64524975247481,25.21140973114355,25.21141079107372,25.288385077342475,25.372351054236606,25.491306064955065,25.39334511041588,0.011516534412938428,0.011450723921066561,0.00829411968181537,-0.006045419258031481,25.56267852783203,25.492705821990967,26.093637504577636,0.011315023040453566,0.010905733810236545,0.4688216940998764,0.20292311675812869,21222521.8
2020-10-09,25.74321556091309,25.974126532848352,25.603267897471408,25.77120340555289,23667465,25.81318664550781,25.680233001708984,24.94551658630371,26.016109762265945,25.862165215189115,25.414338297461157,25.54728806816607,25.365352921529144,24.89653504553119,25.61026352874968,25.37934965492944,25.330371951432674,-0.002710672090030286,-0.0027143526142542427,0.011516534412938428,0.014653035204829523,25.620057678222658,25.517896461486817,26.066348037719727,0.01156387952622733,0.010684573361793645,0.3708586353769441,-0.02798784463979942,21663663.0
2020-10-12,25.764198303222656,26.01610289245324,25.519290672941075,25.68022916900802,19413837,25.74321556091309,25.449323654174805,25.239402770996094,25.974126532848352,25.95313293922341,25.26739061180771,25.603267897471408,25.302379044917803,24.805568731105406,25.77120340555289,25.827179211254293,25.00848901723111,0.0008150785304934516,0.0008147465343777052,-0.002710672090030286,-0.008991715438049663,25.629853439331054,25.51124858856201,26.043116760253906,0.010695872597340202,0.008918746969323292,0.49681221951216514,0.08396913421463736,21666424.6
2020-10-13,25.820180892944336,25.981119414596197,25.631254531047173,25.65924237129248,21543233,25.764198303222656,25.45631980895996,25.89715576171875,26.01610289245324,25.652245948435272,26.26801437726252,25.519290672941075,25.21141213461582,25.38634949021757,25.68022916900802,25.232405828653224,25.44232798991772,0.002172883047351748,0.00217052575111809,0.0008150785304934516,0.0002749053326613904,25.732014846801757,25.50914945602417,26.02282455444336,0.005776058509775182,0.008930016753558924,0.34986488354902434,0.1609385216518575,20928392.8
2020-10-14,25.79219055175781,26.100070831671463,25.589267476000664,25.89715056932782,22120298,25.820180892944336,25.715219497680664,25.86216354370117,25.981119414596197,25.806185600467963,26.13505903287021,25.631254531047173,25.428327269940304,25.75720352375819,25.65924237129248,25.561277944276632,26.02310205338617,-0.0010840489965031619,-0.0010846370026066005,0.002172883047351748,0.010170350257368233,25.78659439086914,25.511948013305663,26.001412620544432,0.005558763089466914,0.008862190787971116,0.5108033556707987,-0.10496001757001139,20920445.6
2020-10-15,25.57527732849121,25.708228031235983,25.4773170584965,25.63125864479423,16089205,25.79219055175781,25.30937385559082,25.73621940612793,26.100070831671463,25.911146162363405,26.10707805312473,25.589267476000664,25.253395363497287,25.69423482443853,25.89715056932782,25.89015246944478,26.08608435557288,-0.00841003492244341,-0.008445598802162634,-0.0010840489965031619,-0.015782312965535783,25.73901252746582,25.502501964569092,25.974822807312012,0.00411240521575864,0.009061311290868257,0.23091097273948336,-0.0559813163030185,20566807.6
2020-10-16,26.554903030395508,26.673859800384346,25.90415193610648,25.93913673897321,42993503,25.57527732849121,25.5192928314209,25.764198303222656,25.708228031235983,25.60326197273784,25.869158314284288,25.4773170584965,25.21140973114355,25.575269157946387,25.63125864479423,25.372351054236606,25.736210467426663,0.03830361991081843,0.037588246703567314,-0.00841003492244341,0.00829411968181537,25.901350021362305,25.548684120178223,25.97034450531006,0.0183183019908034,0.012428148039212618,0.7697078642778656,0.6157662914222968,24432015.2
2020-10-19,26.44993782043457,27.184660738108207,26.33798084633576,26.88377461183425,31931352,26.554903030395508,25.81318664550781,25.63125991821289,26.673859800384346,26.016109762265945,25.93914029269032,25.90415193610648,25.54728806816607,25.589275335606853,25.93913673897321,25.61026352874968,25.736219968020805,-0.003952761937815796,-0.0039605947489227845,0.03830361991081843,0.011516534412938428,26.038497924804688,25.6109601020813,25.961247901916504,0.01879691745317937,0.01173860721012801,0.8466798917724461,-0.43383679139968123,26935518.2
2020-10-20,26.23302459716797,26.51291988600714,26.13506152741564,26.498923152175497,22384852,26.44993782043457,25.74321556091309,25.204418182373047,27.184660738108207,25.974126532848352,25.52629808424532,26.33798084633576,25.603267897471408,24.75659016831454,26.88377461183425,25.77120340555289,25.449325885945157,-0.008200897285248754,-0.00823470963133288,-0.003952761937815796,-0.002710672090030286,26.121066665649415,25.654343700408937,25.94865264892578,0.019789306107900088,0.011934639157305915,0.3778583585914994,-0.2658985550075279,27103842.0
2020-10-21,25.946134567260746,26.205033342715687,25.93213783374968,26.135060928815463,18984859,26.23302459716797,25.764198303222656,25.365352630615234,26.51291988600714,26.01610289245324,25.42133393674688,26.13506152741564,25.519290672941075,25.00848798115486,26.498923152175497,25.68022916900802,25.057469513959763,-0.010936216250801434,-0.010996456264906461,-0.008200897285248754,0.0008150785304934516,26.15185546875,25.6921293258667,25.93871650695801,0.020803351665910325,0.012121403245629717,0.27289550896600545,-0.1889263615547172,26476754.2
2020-10-22,26.1910400390625,26.289003108876773,25.91114756346017,25.94613517794065,19243616,25.946134567260746,25.820180892944336,25.19042205810547,26.205033342715687,25.981119414596197,25.45632062156103,25.93213783374968,25.631254531047173,25.169431176811845,26.135060928815463,25.65924237129248,25.42832996642227,0.0094389964396,0.009394727464483728,-0.010936216250801434,0.002172883047351748,26.27500801086426,25.750557136535644,25.926121215820313,0.0202311041135826,0.012081859370781444,0.3778555454166046,0.2449048611218494,27107636.4
2020-10-23,26.715835571289062,26.7858107881546,26.34497705018979,26.540903155951927,30557884,26.1910400390625,25.79219055175781,25.022483825683597,26.289003108876773,26.100070831671463,25.218407136530978,25.91114756346017,25.589267476000664,24.868542272823323,25.94613517794065,25.89715056932782,25.15543168613669,0.020037216217601905,0.01983911311840901,0.0094389964396,-0.0010840489965031619,26.30719451904297,25.825078582763673,25.926260986328124,0.013085368700560126,0.012661436031979967,0.44083373796480885,0.17493241533713544,24620512.6
2020-10-26,26.53391456604004,26.603886991562305,26.226031392279285,26.498926946571785,33783124,26.715835571289062,25.57527732849121,25.22540664672852,26.7858107881546,25.708228031235983,25.29537905605812,26.34497705018979,25.4773170584965,24.8545480944785,26.540903155951927,25.63125864479423,24.868542013661703,-0.0068094821426634145,-0.0068327724563887055,0.020037216217601905,-0.00841003492244341,26.323989868164062,25.878608798980714,25.924301795959472,0.013428678616616438,0.012744394072852178,0.3778555992830199,0.03498761946825368,24990867.0
2020-10-27,26.1910400390625,26.67385842792054,25.79919057321924,25.9181445236735,36851529,26.53391456604004,26.554903030395508,25.46331024169922,26.603886991562305,26.673859800384346,25.59626089180836,26.226031392279285,25.90415193610648,25.30237175793328,26.498926946571785,25.93913673897321,25.30237175793328,-0.01292212372675583,-0.01300634066202027,-0.0068094821426634145,0.03830361991081843,26.315592956542968,25.922692108154298,25.911426773071287,0.014346182902259814,0.013065506731029512,0.8746678547013005,0.27289551538899914,27884202.4
2020-10-28,24.805572509765625,25.981123898030795,24.714606386443243,25.75021292250472,33857537,26.1910400390625,26.44993782043457,25.30937385559082,26.67385842792054,27.184660738108207,25.56827543655354,25.79919057321924,26.33798084633576,25.21141079107372,25.9181445236735,26.88377461183425,25.491306064955065,-0.05289853046043713,-0.05434904313100972,-0.01292212372675583,-0.003952761937815796,26.087480545043945,25.878959083557127,25.870702438354492,0.027972027614222406,0.01753369002754722,1.2665175115875513,-0.9446404127390942,30858738.0
2020-10-29,24.68661117553711,24.938515801830405,24.21079257627809,24.82655881534755,27545341,24.805572509765625,26.23302459716797,25.680233001708984,25.981123898030795,26.51291988600714,25.862165215189115,24.714606386443243,26.13506152741564,25.365352921529144,25.75021292250472,26.498923152175497,25.37934965492944,-0.004795750397685095,-0.004807286907549808,-0.05289853046043713,-0.008200897285248754,25.786594772338866,25.840823459625245,25.828998336791994,0.026350532293403367,0.017465355422901396,0.7277232255523138,-0.13994763981044045,32519083.0
2020-10-30,24.826560974121094,24.86154859046946,24.37873017583516,24.658625479794114,25631067,24.68661117553711,25.946134567260746,25.449323654174805,24.938515801830405,26.205033342715687,25.95313293922341,24.21079257627809,25.93213783374968,25.302379044917803,24.82655881534755,26.135060928815463,25.827179211254293,0.005669056704010744,0.005653048076103746,-0.004795750397685095,-0.010936216250801434,25.408739852905274,25.8093355178833,25.783655471801758,0.022566201210658166,0.017533673776153613,0.482818414634302,0.1679354943269793,31533719.6
2020-11-02,25.351362228393555,25.36535615016132,24.86854660667864,25.141442148220627,21430666,24.826560974121094,26.1910400390625,25.45631980895996,24.86154859046946,26.289003108876773,25.652245948435272,24.37873017583516,25.91114756346017,25.21141213461582,24.658625479794114,25.94613517794065,25.232405828653224,0.021138701200682064,0.020918378340577654,0.005669056704010744,0.0094389964396,25.172229385375978,25.791142654418945,25.746569633483887,0.027764088387408924,0.018068264720748725,0.49680954348268,0.20992008017292818,29063228.0
2020-11-03,25.3233699798584,25.624256159439188,25.24640060155913,25.491308284173023,21636617,25.351362228393555,26.715835571289062,25.715219497680664,25.36535615016132,26.7858107881546,25.806185600467963,24.86854660667864,26.34497705018979,25.428327269940304,25.141442148220627,26.540903155951927,25.561277944276632,-0.0011041713767871997,-0.0011047814231069924,0.021138701200682064,0.020037216217601905,24.998695373535156,25.791842460632324,25.70948371887207,0.02782433704870226,0.017711822025568813,0.3778555578800571,-0.16793830431462453,26020245.6
2020-11-04,26.12106704711914,26.67385783932623,25.86216545786981,25.932137871872897,40870536,25.3233699798584,26.53391456604004,25.30937385559082,25.624256159439188,26.603886991562305,25.911146162363405,25.24640060155913,26.226031392279285,25.253395363497287,25.491308284173023,26.498926946571785,25.89015246944478,0.031500430941664215,0.03101447131062772,-0.0011041713767871997,-0.0068094821426634145,25.26179428100586,25.821931171417237,25.694369430541993,0.01537980141846906,0.018985808089981265,0.811692381456421,0.18892917524624409,27422845.4
2020-11-05,25.725187301635746,26.368492996553123,25.725187301635746,26.333148403874777,33926995,26.12106704711914,26.1910400390625,25.5192928314209,26.67385783932623,26.67385842792054,25.60326197273784,25.86216545786981,25.79919057321924,25.21140973114355,25.932137871872897,25.9181445236735,25.372351054236606,-0.015155573268476275,-0.015271592688807678,0.031500430941664215,-0.01292212372675583,25.469509506225585,25.817531204223634,25.676375541687012,0.018361347346086368,0.01916911369359516,0.6433056949173768,-0.607961102239031,28699176.2
2020-11-06,25.73225975036621,25.958479386280693,25.5131118763052,25.72519083086076,23870676,25.725187301635746,24.805572509765625,25.81318664550781,26.368492996553123,25.981123898030795,26.016109762265945,25.725187301635746,24.714606386443243,25.54728806816607,26.333148403874777,25.75021292250472,25.61026352874968,0.00027492311902488353,0.00027488533458924763,-0.015155573268476275,-0.05289853046043713,25.65064926147461,25.81698341369629,25.66118221282959,0.018717640869382362,0.019158476272517277,0.4453675099754939,0.0070689195054498555,28347098.0
2020-11-10,27.34404945373535,28.65893896068244,27.18852476614605,28.595315870838355,80091668,27.711654663085938,24.826560974121094,25.764198303222656,29.683990462878977,24.86154859046946,26.01610289245324,27.13197221866757,24.37873017583516,25.519290672941075,29.592088859626244,24.658625479794114,25.68022916900802,-0.013265364837281468,-0.013354135715498615,0.07692270060702922,0.005669056704010744,26.526843643188478,25.990549659729005,25.702899284362793,0.03881440717559781,0.026015026277530513,1.4704141945363922,-1.251266417103004,81782747.8
2020-11-11,27.2168083190918,28.418586859548856,26.792650518378174,27.485441403387263,58980997,27.34404945373535,25.351362228393555,25.820180892944336,28.65893896068244,25.36535615016132,25.981119414596197,27.18852476614605,24.86854660667864,25.631254531047173,28.595315870838355,25.141442148220627,25.65924237129248,-0.004653339106149401,-0.0046641995933517765,-0.013265364837281468,0.021138701200682064,26.745991897583007,26.061780548095705,25.731111755371092,0.03858470675046553,0.02605807899145379,1.6259363411706822,-0.2686330842954625,85404840.0
2020-11-12,26.545223236083984,27.10369898010921,26.326075425880155,27.061282633088144,46767877,27.2168083190918,25.3233699798584,25.79219055175781,28.418586859548856,25.624256159439188,26.100070831671463,26.792650518378174,25.24640060155913,25.589267476000664,27.485441403387263,25.491308284173023,25.89715056932782,-0.024675379829041888,-0.024984919632680614,-0.004653339106149401,-0.0011041713767871997,26.909999084472656,26.11027784347534,25.741414108276366,0.04026224749919797,0.026679630378665425,0.7776235542290557,-0.5160593970041596,87973016.4
2020-11-13,27.3016414642334,27.329919980784517,26.658335767932527,26.77144414944173,40175634,26.545223236083984,26.12106704711914,25.57527732849121,27.10369898010921,26.67385783932623,25.708228031235983,26.326075425880155,25.86216545786981,25.4773170584965,27.061282633088144,25.932137871872897,25.63125864479423,0.0284954555259187,0.028097011555579414,-0.024675379829041888,0.031500430941664215,27.223875427246092,26.147614765167237,25.778040618896483,0.04106768157422545,0.02606402858631548,0.6715842128519895,0.5301973147916677,91234008.0
2020-11-16,26.389698028564453,26.82799364072306,26.050370101129456,26.76437054256248,75530167,27.3016414642334,25.725187301635746,26.554903030395508,27.329919980784517,26.368492996553123,26.673859800384346,26.658335767932527,25.725187301635746,25.90415193610648,26.77144414944173,26.333148403874777,25.93913673897321,-0.03340251306367936,-0.03397311947488419,0.0284954555259187,-0.015155573268476275,26.959484100341797,26.14460277557373,25.796988105773927,0.02389008695177989,0.02720731730559097,0.7776235395936055,-0.3746725139980285,60309268.6
2020-11-17,26.853561401367188,27.196308719504383,26.689637535150474,27.188858926652497,46984500,26.389698028564453,25.73225975036621,26.44993782043457,26.82799364072306,25.958479386280693,27.184660738108207,26.050370101129456,25.5131118763052,26.33798084633576,26.76437054256248,25.72519083086076,26.88377461183425,0.017577441481166023,0.017424745002226634,-0.03340251306367936,0.00027492311902488353,26.861386489868163,26.17562961578369,25.83123058319092,0.02651279513379949,0.027396697717919898,0.5066711843539089,-0.3352975252853092,53687835.0
2020-11-18,27.06218910217285,27.881802730171003,27.047286674455936,27.516703199322677,63442700,26.853561401367188,27.711654663085938,26.23302459716797,27.196308719504383,29.683990462878977,26.51291988600714,26.689637535150474,27.13197221866757,26.13506152741564,27.188858926652497,29.592088859626244,26.498923152175497,0.007769088713686978,0.0077390647495969335,0.017577441481166023,0.07692270060702922,26.830462646484374,26.231432342529295,25.866146850585938,0.02693663787881407,0.027268000334954346,0.834516055715067,-0.4545140971498256,54580175.6
2020-11-19,26.96532440185547,27.29317212278275,26.719441453507432,27.270817060316624,43261800,27.06218910217285,27.34404945373535,25.946134567260746,27.881802730171003,28.65893896068244,26.205033342715687,27.047286674455936,27.18852476614605,25.93213783374968,27.516703199322677,28.595315870838355,26.135060928815463,-0.0035793372055628048,-0.003585758359875113,0.007769088713686978,-0.013265364837281468,26.914482879638673,26.270146560668945,25.90654300689697,0.02373290371196797,0.02724793624820481,0.5737306692753172,-0.30549265846115503,53878960.2
2020-11-20,27.34532928466797,27.799843377505717,27.151600568533475,27.34532928466797,60633800,26.96532440185547,27.2168083190918,26.1910400390625,27.29317212278275,28.418586859548856,26.289003108876773,26.719441453507432,26.792650518378174,25.91114756346017,27.270817060316624,27.485441403387263,25.94613517794065,0.014092353466600649,0.013993979391037203,-0.0035793372055628048,-0.004653339106149401,26.923220443725587,26.30162124633789,25.94866153717041,0.020586717476778985,0.027070437151074992,0.6482428089722418,0.0,57970593.4
2020-11-23,27.21121406555176,27.63592336234104,26.98023066950847,27.59121607339297,43673100,27.34532928466797,26.545223236083984,26.715835571289062,27.799843377505717,27.10369898010921,26.7858107881546,27.151600568533475,26.326075425880155,26.34497705018979,27.34532928466797,27.061282633088144,26.540903155951927,-0.004904501888423174,-0.004916568427553238,0.014092353466600649,-0.024675379829041888,27.087523651123046,26.335486221313477,25.97494270324707,0.010162952959923255,0.027042965294606657,0.6556926928325701,-0.38000200784120963,51599180.0
2020-11-24,27.27081680297852,27.375133794692086,26.83865777812615,26.920619707584542,42485300,27.21121406555176,27.3016414642334,26.53391456604004,27.63592336234104,27.329919980784517,26.603886991562305,26.98023066950847,26.658335767932527,26.226031392279285,27.59121607339297,26.77144414944173,26.498926946571785,0.002190374059870104,0.0021879786878118545,-0.004904501888423174,0.0284954555259187,27.170974731445312,26.389475059509277,26.003115768432618,0.007939526360413828,0.026825977454211607,0.5364760165659348,0.3501970953939768,50699340.0
2020-11-25,27.218660354614254,27.24101541738384,27.00258225838968,27.218660354614254,26955800,27.27081680297852,26.389698028564453,26.1910400390625,27.375133794692086,26.82799364072306,26.67385842792054,26.83865777812615,26.050370101129456,25.79919057321924,26.920619707584542,26.76437054256248,25.9181445236735,-0.0019125370809783826,-0.0019143683152629304,0.002190374059870104,-0.03340251306367936,27.202268981933592,26.51012945175171,26.032764587402344,0.007697173669501557,0.023516868677654124,0.23843315899415884,0.0,43401960.0
2020-11-27,27.740232467651367,27.76258468687439,27.38258274834648,27.404934967569503,25277000,27.218660354614254,26.853561401367188,24.805572509765625,27.24101541738384,27.196308719504383,25.981123898030795,27.00258225838968,26.689637535150474,24.714606386443243,27.218660354614254,27.188858926652497,25.75021292250472,0.01916229918158674,0.01898101455267866,-0.0019125370809783826,0.017577441481166023,27.357250595092772,26.66281051635742,26.07228527069092,0.010420958151018732,0.02360652135135752,0.3800019385279114,0.33529750008186454,39805000.0
2020-11-30,28.54494857788086,28.91004811646569,28.01592233093633,28.2767105579873,65425900,27.740232467651367,27.06218910217285,24.68661117553711,27.76258468687439,27.881802730171003,24.938515801830405,27.38258274834648,27.047286674455936,24.21079257627809,27.404934967569503,27.516703199322677,24.82655881534755,0.029008989422417253,0.028596192889960508,0.01916229918158674,0.007769088713686978,27.597174453735352,26.84872989654541,26.130559043884276,0.014679901243517635,0.02415428545130211,0.8941257855293578,0.268238019893559,40763420.0
2020-12-01,29.36455726623535,30.1767209816578,29.066514440588808,29.35710747465036,72499700,28.54494857788086,26.96532440185547,24.826560974121094,28.91004811646569,27.29317212278275,24.86154859046946,28.01592233093633,26.719441453507432,24.37873017583516,28.2767105579873,27.270817060316624,24.658625479794114,0.02871291521574504,0.028308423966426147,0.029008989422417253,-0.0035793372055628048,28.02784309387207,27.0493896484375,26.213761825561523,0.014584290400865946,0.024440786971133603,1.1102065410689939,0.007449791584992482,46528740.0
2020-12-02,30.400259017944336,30.854773157712927,30.027706817130444,30.154376043427984,84347500,29.36455726623535,27.34532928466797,25.351362228393555,30.1767209816578,27.799843377505717,25.36535615016132,29.066514440588808,27.151600568533475,24.86854660667864,29.35710747465036,27.34532928466797,25.141442148220627,0.03527047053080823,0.03466271676247098,0.02871291521574504,0.014092353466600649,28.653731536865234,27.303234100341797,26.314459953308106,0.014578621342730828,0.02509937206960933,0.8270663405824834,0.245882974516352,54901180.0
2020-12-03,29.87122917175293,30.57162613590072,29.4465199812536,30.534371492274783,68570100,30.400259017944336,27.21121406555176,25.3233699798584,30.854773157712927,27.63592336234104,25.624256159439188,30.027706817130444,26.98023066950847,25.24640060155913,30.154376043427984,27.59121607339297,25.491308284173023,-0.017402149300081216,-0.01755534661012925,0.03527047053080823,-0.004904501888423174,29.184245300292968,27.490742206573486,26.408076095581055,0.021120957414732786,0.025222099540229286,1.125106154647117,-0.6631423205218532,63224040.0
2020-12-04,30.05750846862793,30.13947039883839,29.722210955197607,29.722210955197607,35368100,29.87122917175293,27.27081680297852,26.12106704711914,30.57162613590072,27.375133794692086,26.67385783932623,29.4465199812536,26.83865777812615,25.86216545786981,30.534371492274783,26.920619707584542,25.932137871872897,0.006236077390854522,0.006216713521603623,-0.017402149300081216,0.002190374059870104,29.64770050048828,27.707358264923094,26.508776588439943,0.021866491141796254,0.02467967407644903,0.41725944364078416,0.3352975134303229,65242260.0
2020-12-07,30.73555564880371,30.847322442647503,30.079862999105227,30.29594395128449,48253700,30.05750846862793,27.218660354614254,25.725187301635746,30.13947039883839,27.24101541738384,26.368492996553123,29.722210955197607,27.00258225838968,25.725187301635746,29.722210955197607,27.218660354614254,26.333148403874777,0.022558329506368935,0.022307653279759133,0.006236077390854522,-0.0019125370809783826,30.085821914672852,27.95752305984497,26.618979568481446,0.02111126335253844,0.02481065845939099,0.7674594435422755,0.43961169751922213,61807820.0
2020-12-08,31.711647033691406,31.86811828907944,30.81006847142425,30.84732596852918,87039300,30.73555564880371,27.740232467651367,25.73225975036621,30.847322442647503,27.76258468687439,25.958479386280693,30.079862999105227,27.38258274834648,25.5131118763052,30.29594395128449,27.404934967569503,25.72519083086076,0.031757726980468304,0.03126387882092876,0.022558329506368935,0.01916229918158674,30.555239868164062,28.157522678375244,26.743946304321287,0.021640283328512734,0.01989076659254487,1.058049817655192,0.8643210651622262,64715740.0
2020-12-09,31.182605743408203,32.099086296353654,30.64613271912265,32.09163366356899,86118500,31.711647033691406,28.54494857788086,27.711654663085938,31.86811828907944,28.91004811646569,29.683990462878977,30.81006847142425,28.01592233093633,27.13197221866757,30.84732596852918,28.2767105579873,29.592088859626244,-0.016682870168210906,-0.01682359658931086,0.031757726980468304,0.029008989422417253,30.711709213256835,28.349450492858885,26.861410942077637,0.022345980861154035,0.020087295495733584,1.4529535772310034,-0.9090279201607885,65069940.0
2020-12-10,31.093202590942383,31.458304954364397,30.88457429318545,31.160262092699597,57749200,31.182605743408203,29.36455726623535,27.34404945373535,32.099086296353654,30.1767209816578,28.65893896068244,30.64613271912265,29.066514440588808,27.18852476614605,32.09163366356899,29.35710747465036,28.595315870838355,-0.002867084078908899,-0.0028712020373722184,-0.016682870168210906,0.02871291521574504,30.956103897094728,28.543270206451417,26.969670333862304,0.01940761896512538,0.020037690070889156,0.5737306611789457,-0.06705950175721398,62905760.0
2020-12-11,30.63868904113769,31.346538718195344,30.318293954073155,31.272029422651357,60737000,31.093202590942383,30.400259017944336,27.2168083190918,31.458304954364397,30.854773157712927,28.418586859548856,30.88457429318545,30.027706817130444,26.792650518378174,31.160262092699597,30.154376043427984,27.485441403387263,-0.014617778547427407,-0.014725670995076512,-0.002867084078908899,0.03527047053080823,31.07234001159668,28.747943496704103,27.073457641601564,0.022002603490204053,0.01931759783585974,1.0282447641221886,-0.6333403815136656,67979540.0
2020-12-14,29.21554183959961,31.041048125445297,29.11122768195373,31.0112432683043,94809700,30.63868904113769,29.87122917175293,26.545223236083984,31.346538718195344,30.57162613590072,27.10369898010921,30.318293954073155,29.4465199812536,26.326075425880155,31.272029422651357,30.534371492274783,27.061282633088144,-0.046449350350051266,-0.04756273563568653,-0.014617778547427407,-0.017402149300081216,30.76833724975586,28.843638515472414,27.148642082214355,0.028235021745075944,0.022076534125710603,1.9298204434915682,-1.7957014287046889,77290740.0
2020-12-15,28.842988967895508,29.19318892512246,28.470436789517063,29.10377719816895,65712800,29.21554183959961,30.05750846862793,27.3016414642334,31.041048125445297,30.13947039883839,27.329919980784517,29.11122768195373,29.722210955197607,26.658335767932527,31.0112432683043,29.722210955197607,26.77144414944173,-0.012751872744633852,-0.012833875747675126,-0.046449350350051266,0.006236077390854522,30.19460563659668,28.966303062438964,27.211197471618654,0.016407451047425074,0.020693120589556323,0.722752135605397,-0.260788230273441,73025440.0
2020-12-16,28.194747924804688,28.66416444796112,28.12023862883904,28.44808351037432,56515300,28.842988967895508,30.73555564880371,26.389698028564453,29.19318892512246,30.847322442647503,26.82799364072306,28.470436789517063,30.079862999105227,26.050370101129456,29.10377719816895,30.29594395128449,26.76437054256248,-0.022474822003099693,-0.022731229912750003,-0.012751872744633852,0.022558329506368935,29.597034072875978,29.03336238861084,27.26890495300293,0.01643618361383645,0.02130604412553748,0.5439258191220802,-0.25333558556963354,67104800.0
2020-12-17,28.33631706237793,28.4033765664866,27.799843871856076,28.187298468667542,52036400,28.194747924804688,31.711647033691406,26.853561401367188,28.66416444796112,31.86811828907944,27.196308719504383,28.12023862883904,30.81006847142425,26.689637535150474,28.44808351037432,30.84732596852918,27.188858926652497,0.005021117335427316,0.005008553564341367,-0.022474822003099693,0.031757726980468304,29.045656967163087,29.097068786621094,27.32524543762207,0.01869505092292785,0.02128017898475167,0.6035326946305233,0.1490185937103874,65962240.0
2020-12-18,28.075529098510746,28.38102173527228,27.94141010263034,28.30651244527082,60259200,28.33631706237793,31.182605743408203,27.06218910217285,28.4033765664866,32.099086296353654,27.881802730171003,27.799843871856076,30.64613271912265,27.047286674455936,28.187298468667542,32.09163366356899,27.516703199322677,-0.009203311894523947,-0.009245924019394414,0.005021117335427316,-0.016682870168210906,28.533024978637695,29.152579021453857,27.37049228668213,0.019110567340063916,0.02140180662278978,0.4396116326419417,-0.23098334676007326,65866680.0
2020-12-21,27.852001190185547,27.8669036181556,27.50180123875809,27.777489050335287,40891800,28.075529098510746,31.093202590942383,26.96532440185547,28.38102173527228,31.458304954364397,27.29317212278275,27.94141010263034,30.88457429318545,26.719441453507432,28.30651244527082,31.160262092699597,27.270817060316624,-0.007961663252752604,-0.00799352652943447,-0.009203311894523947,-0.002867084078908899,28.260316848754883,29.177912616729735,27.41266799926758,0.009902457819659628,0.02132685877630598,0.3651023793975092,0.07451213985025973,55083100.0
2020-12-22,27.37513732910156,27.81474904557981,27.2708203239196,27.725334469709555,33634400,27.852001190185547,30.63868904113769,27.34532928466797,27.8669036181556,31.346538718195344,27.799843377505717,27.50180123875809,30.318293954073155,27.151600568533475,27.777489050335287,31.272029422651357,27.34532928466797,-0.017121350018181936,-0.01726961510053113,-0.007961663252752604,-0.014617778547427407,27.966746520996093,29.186108779907226,27.444886779785158,0.01044213536547602,0.021680949174380706,0.5439287216602082,-0.350197140607996,48667420.0
2020-12-23,27.896705627441406,28.05317969992904,27.4794490137344,27.57631053200352,36182000,27.37513732910156,29.21554183959961,27.21121406555176,27.81474904557981,31.041048125445297,27.63592336234104,27.2708203239196,29.11122768195373,26.98023066950847,27.725334469709555,31.0112432683043,27.59121607339297,0.01905262764783955,0.01887339927382911,-0.017121350018181936,-0.046449350350051266,27.907138061523437,29.217403221130372,27.486417274475098,0.0142178104749907,0.02207348372146315,0.5737306861946401,0.3203950954378847,44600760.0
2020-12-24,27.770034790039062,27.99356548893448,27.70297529613573,27.86689913508766,14790100,27.896705627441406,28.842988967895508,27.27081680297852,28.05317969992904,29.19318892512246,27.375133794692086,27.4794490137344,28.470436789517063,26.83865777812615,27.57631053200352,29.10377719816895,26.920619707584542,-0.00454070954090513,-0.004551049875984403,0.01905262764783955,-0.012751872744633852,27.793881607055663,29.24497194290161,27.52597415924072,0.013662401752090084,0.02210183866977314,0.2905901927987493,-0.09686434504859776,37151500.0
2020-12-28,27.434743881225582,28.001024819017072,27.330429719618664,27.837100940864637,26993700,27.770034790039062,28.194747924804688,27.218660354614254,27.99356548893448,28.66416444796112,27.24101541738384,27.70297529613573,28.12023862883904,27.00258225838968,27.86689913508766,28.44808351037432,27.218660354614254,-0.012073838270226012,-0.012147319118397197,-0.00454070954090513,-0.022474822003099693,27.665724563598634,29.229697513580323,27.56316349029541,0.013994359043422458,0.021870805098469087,0.6705950993984082,-0.4023570596390549,30498400.0
2020-12-29,27.60611724853516,27.71788404465239,27.41239135659267,27.494353294765617,23152100,27.434743881225582,28.33631706237793,27.740232467651367,28.001024819017072,28.4033765664866,27.76258468687439,27.330429719618664,27.799843871856076,27.38258274834648,27.837100940864637,28.187298468667542,27.404934967569503,0.006246581635735771,0.006227152612677754,-0.012073838270226012,0.005021117335427316,27.616547775268554,29.182755947113037,27.584187774658204,0.014554407406788414,0.020831455982810512,0.30549268805971863,0.11176395376954318,26950460.0
2020-12-30,27.37513732910156,27.747689534851,27.345332470478144,27.591215448251937,24889800,27.60611724853516,28.075529098510746,28.54494857788086,27.71788404465239,28.38102173527228,28.91004811646569,27.41239135659267,27.94141010263034,28.01592233093633,27.494353294765617,28.30651244527082,28.2767105579873,-0.008366983207167888,-0.008402182892125446,0.006246581635735771,-0.009203311894523947,27.616547775268554,29.08328495025635,27.602691764831544,0.012633331312668002,0.0196190831023129,0.402357064372854,-0.216078119150378,25201540.0
2020-12-31,27.42729377746582,27.50925287326687,27.039839151347564,27.315526981381588,30796500,27.37513732910156,27.852001190185547,29.36455726623535,27.747689534851,27.8669036181556,30.1767209816578,27.345332470478144,27.50180123875809,29.066514440588808,27.591215448251937,27.777489050335287,29.35710747465036,0.001905248829886741,0.0019034361453796882,-0.008366983207167888,-0.007961663252752604,27.522665405273436,28.934636688232423,27.6265771484375,0.007456608022361946,0.0174654157123609,0.46941372191930597,0.11176679608423257,24124440.0
2021-01-04,27.42729377746582,27.52415530223461,27.02493672237982,27.471998222021355,33565700,27.42729377746582,27.37513732910156,30.400259017944336,27.50925287326687,27.81474904557981,30.854773157712927,27.039839151347564,27.2708203239196,30.027706817130444,27.315526981381588,27.725334469709555,30.154376043427984,0.0,0.0,0.001905248829886741,-0.017121350018181936,27.454117202758788,28.812439918518066,27.656200332641603,0.00755363941724146,0.017246448664110438,0.4992185798547908,-0.044704444555534906,27879560.0
2021-01-05,27.710433959960938,27.844552990709275,27.270822213029813,27.36023679509401,29909400,27.42729377746582,27.896705627441406,29.87122917175293,27.52415530223461,28.05317969992904,30.57162613590072,27.02493672237982,27.4794490137344,29.4465199812536,27.471998222021355,27.57631053200352,30.534371492274783,0.01032330002341486,0.0102703786654868,0.0,0.01905262764783955,27.50925521850586,28.695086193084716,27.686588211059572,0.007049676558250116,0.017399119971279874,0.5737307776794616,0.35019716486692687,28462700.0
2021-01-06,27.471996307373047,27.926510410995142,27.397487010074915,27.442194293862293,34962500,27.710433959960938,27.770034790039062,30.05750846862793,27.844552990709275,27.99356548893448,30.13947039883839,27.270822213029813,27.70297529613573,29.722210955197607,27.36023679509401,27.86689913508766,29.722210955197607,-0.008604616330888604,-0.00864184978222428,0.01032330002341486,-0.00454070954090513,27.48243103027344,28.531908226013183,27.70171142578125,0.007901693184191773,0.016262036996353216,0.5290234009202273,0.02980201351075351,30824780.0
2021-01-07,27.61356544494629,27.680624943366382,27.32297239022773,27.59866301836991,27809500,27.471996307373047,27.434743881225582,30.73555564880371,27.926510410995142,28.001024819017072,30.847322442647503,27.397487010074915,27.330429719618664,30.079862999105227,27.442194293862293,27.837100940864637,30.29594395128449,0.005153216242069991,0.005139983863322186,-0.008604616330888604,-0.012073838270226012,27.530116653442384,28.327004146575927,27.723304443359375,0.006989060885229375,0.013985248803549254,0.35765255313865296,0.014902426576380634,31408720.0
2021-01-08,27.665721893310547,27.963761891079763,27.49434825506513,27.68807411149777,33462400,27.61356544494629,27.60611724853516,31.711647033691406,27.680624943366382,27.71788404465239,31.86811828907944,27.32297239022773,27.41239135659267,30.81006847142425,27.59866301836991,27.494353294765617,30.84732596852918,0.001888798042695372,0.001887016506627478,0.005153216242069991,0.006246581635735771,27.57780227661133,28.151159954071044,27.752798080444336,0.006988976596201097,0.013910922513884566,0.4694136360146324,-0.02235221818722266,31941900.0
2021-01-11,28.14259147644043,28.187298760424785,27.680627577992134,27.732784654800128,47286900,27.665721893310547,27.37513732910156,31.182605743408203,27.963761891079763,27.747689534851,32.099086296353654,27.49434825506513,27.345332470478144,30.64613271912265,27.68807411149777,27.591215448251937,32.09163366356899,0.0172368386037014,0.017089969603823692,0.001888798042695372,-0.008366983207167888,27.72086181640625,28.003629398345947,27.81953845977783,0.009652297196171587,0.014835141533324343,0.5066711824326511,0.40980682164030213,34686140.0
2021-01-12,27.70298385620117,28.15749802839417,27.4347457977038,28.090438513769826,47831100,28.14259147644043,27.42729377746582,31.093202590942383,28.187298760424785,27.50925287326687,31.458304954364397,27.680627577992134,27.039839151347564,30.88457429318545,27.732784654800128,27.315526981381588,31.160262092699597,-0.015620722796878095,-0.015744011882344117,0.0172368386037014,0.001905248829886741,27.719371795654297,27.85684413909912,27.879865913391114,0.012701157731559895,0.014871487701136537,0.722752230690368,-0.38745465756865727,38270480.0
2021-01-13,27.464548110961918,27.695528651420396,27.30062423656093,27.56886227018157,31027900,27.70298385620117,27.42729377746582,30.63868904113769,28.15749802839417,27.52415530223461,31.346538718195344,27.4347457977038,27.02493672237982,30.318293954073155,28.090438513769826,27.471998222021355,31.272029422651357,-0.008606861501883944,-0.008644114442292907,-0.015620722796878095,0.0,27.71788215637207,27.769294452667236,27.93262565612793,0.012701538495882406,0.011283765139201549,0.3949044148594645,-0.10431415921965126,37483560.0
2021-01-14,27.38258934020996,27.53906059713336,27.278275168927696,27.404941564813875,30272000,27.464548110961918,27.710433959960938,29.21554183959961,27.695528651420396,27.844552990709275,31.041048125445297,27.30062423656093,27.270822213029813,29.11122768195373,27.56886227018157,27.36023679509401,31.0112432683043,-0.002984166002689248,-0.002988627504173202,-0.008606861501883944,0.01032330002341486,27.671686935424805,27.69627447128296,27.97325019836426,0.012395456916031469,0.011049558252142969,0.26078542820566497,-0.02235222460391384,37976060.0
2021-01-15,27.34532928466797,27.40493615262267,27.12179855572984,27.33042685709244,34287800,27.38258934020996,27.471996307373047,28.842988967895508,27.53906059713336,27.926510410995142,29.19318892512246,27.278275168927696,27.397487010074915,28.470436789517063,27.404941564813875,27.442194293862293,29.10377719816895,-0.0013607206783501358,-0.0013616472994093904,-0.002984166002689248,-0.008604616330888604,27.60760841369629,27.653803539276122,28.01368938446045,0.012250011692672416,0.010003473876457843,0.283137596892832,0.014902427575528066,38141140.0
2021-01-19,27.3676815032959,27.568860012032964,27.28571957280886,27.390033723484205,33451300,27.34532928466797,27.61356544494629,28.194747924804688,27.40493615262267,27.680624943366382,28.66416444796112,27.12179855572984,27.32297239022773,28.12023862883904,27.33042685709244,27.59866301836991,28.44808351037432,0.0008174053563312356,0.0008170714625116319,-0.0013607206783501358,0.005153216242069991,27.452626419067382,27.605371761322022,28.038621673583986,0.006622712266691463,0.009903330249648071,0.2831404392241055,-0.022352220188306404,35374020.0
2021-01-20,27.196311950683597,27.42729534940038,27.166507091039904,27.412392919578537,35400100,27.3676815032959,27.665721893310547,28.33631706237793,27.568860012032964,27.963761891079763,28.4033765664866,27.28571957280886,27.49434825506513,27.799843871856076,27.390033723484205,27.68807411149777,28.187298468667542,-0.0062617490119381,-0.006281435988581433,0.0008174053563312356,0.001888798042695372,27.351292037963866,27.561410903930664,28.068044166564942,0.003775886837136503,0.009807267982348237,0.2607882583604777,-0.21608096889493922,32887820.0
2021-01-21,27.181406021118164,27.26336795341136,26.935523066586065,27.114346516728048,33829700,27.196311950683597,28.14259147644043,28.075529098510746,27.42729534940038,28.187298760424785,28.38102173527228,27.166507091039904,27.680627577992134,27.94141010263034,27.412392919578537,27.732784654800128,28.30651244527082,-0.0005480864314419964,-0.0005482366857142221,-0.0062617490119381,0.0172368386037014,27.294663619995116,27.527881145477295,28.09702709197998,0.0027185857924999037,0.009691354028170684,0.32784488682529656,0.06705950439011588,33448180.0
2021-01-22,27.233562469482425,27.44219361296613,27.010031740786776,27.062188816070847,26271200,27.181406021118164,27.70298385620117,27.852001190185547,27.26336795341136,28.15749802839417,27.8669036181556,26.935523066586065,27.4347457977038,27.50180123875809,27.114346516728048,28.090438513769826,27.777489050335287,0.0019188281990909495,0.0019169895998571395,-0.0005480864314419964,-0.015620722796878095,27.26485824584961,27.520802402496336,28.08746524810791,0.003154565778858171,0.008949033021564778,0.4321618721793534,0.17137365341157818,32648020.0
2021-01-25,27.777488708496094,27.784941343563155,27.06218922882136,27.233562884846712,31728500,27.233562469482425,27.464548110961918,27.37513732910156,27.44219361296613,27.695528651420396,27.81474904557981,27.010031740786776,27.30062423656093,27.2708203239196,27.062188816070847,27.56886227018157,27.725334469709555,0.01997264366801743,0.01977580700320263,0.0019188281990909495,-0.008606861501883944,27.351290130615233,27.514841556549072,28.096134033203125,0.00990215307122396,0.009055057804064733,0.7227521147417946,0.5439258236493814,32136160.0
2021-01-26,27.79984474182129,28.01592284640227,27.6880779506934,27.77003988520751,27718700,27.777488708496094,27.38258934020996,27.896705627441406,27.784941343563155,27.53906059713336,28.05317969992904,27.06218922882136,27.278275168927696,27.4794490137344,27.233562884846712,27.404941564813875,27.57631053200352,0.0008048255751196276,0.0008045018766853198,0.01997264366801743,-0.002984166002689248,27.437722778320314,27.516332054138182,28.107794761657715,0.009902904945144328,0.008998135057630498,0.32784489570886777,0.029804856613779407,30989640.0
2021-01-27,27.00258445739746,27.598667403426035,26.950424534919,27.56141275223944,50561200,27.79984474182129,27.34532928466797,27.770034790039062,28.01592284640227,27.40493615262267,27.99356548893448,27.6880779506934,27.12179855572984,27.70297529613573,27.77003988520751,27.33042685709244,27.86689913508766,-0.02867858766219844,-0.02909785378667292,0.0008048255751196276,-0.0013607206783501358,27.398977279663086,27.494724082946778,28.116941986083983,0.017446122535870644,0.010771100143890698,0.6482428685070332,-0.5588282948419803,34021860.0
2021-01-28,27.01011085510254,27.36412047186647,26.995046310424488,27.077899869519715,39466700,27.00258445739746,27.3676815032959,27.434743881225582,27.598667403426035,27.568860012032964,28.001024819017072,26.950424534919,27.28571957280886,27.330429719618664,27.56141275223944,27.390033723484205,27.837100940864637,0.00027872879045909293,0.00027868995280639123,-0.02867858766219844,0.0008174053563312356,27.36471824645996,27.464923763275145,28.111111373901366,0.01745901699978105,0.010649391117506303,0.3690741614419828,-0.06778901441717622,35149260.0
2021-01-29,27.040246963500977,27.778392604722907,26.829346156531244,27.778392604722907,60251900,27.01011085510254,27.196311950683597,27.60611724853516,27.36412047186647,27.42729534940038,27.71788404465239,26.995046310424488,27.166507091039904,27.41239135659267,27.077899869519715,27.412392919578537,27.494353294765617,0.001115734347041597,0.001115112378066789,0.00027872879045909293,-0.0062617490119381,27.326055145263673,27.448179244995117,28.124122352600097,0.017427498887358638,0.010516112066735278,0.9490464481916625,-0.73814564122193,41945400.0
2021-02-01,26.964921951293945,27.258673440875985,26.90466663527977,27.062840072244164,40395800,27.040246963500977,27.181406021118164,27.37513732910156,27.778392604722907,27.26336795341136,27.747689534851,26.829346156531244,26.935523066586065,27.345332470478144,27.778392604722907,27.114346516728048,27.591215448251937,-0.002785662879067119,-0.002789550058497604,0.001115734347041597,-0.0005480864314419964,27.163541793823242,27.425060653686522,28.126349563598634,0.012854026673439357,0.01051048626780807,0.3540068055962138,-0.09791812095021868,43678860.0
2021-02-02,26.354816436767575,26.94985009150353,25.81250437344587,26.934785548270398,84062400,26.964921951293945,27.233562469482425,27.42729377746582,27.258673440875985,27.44219361296613,27.50925287326687,26.90466663527977,27.010031740786776,27.039839151347564,27.062840072244164,27.062188816070847,27.315526981381588,-0.02262589580746377,-0.022885789082157056,-0.002785662879067119,0.0019188281990909495,26.8745361328125,27.37143678665161,28.11220211029053,0.014036630793361543,0.011583116347295466,1.137345718057663,-0.5799691115028232,54947600.0
2021-02-03,26.241838455200195,26.58078355491475,26.19664481748214,26.35482111286116,38524200,26.354816436767575,27.777488708496094,27.42729377746582,26.94985009150353,27.784941343563155,27.52415530223461,25.81250437344587,27.06218922882136,27.02493672237982,26.934785548270398,27.233562884846712,27.471998222021355,-0.004286805861025256,-0.00429602055710821,-0.02262589580746377,0.01997264366801743,26.72238693237305,27.298007011413574,28.09773239135742,0.009736120494348693,0.011224948934169195,0.3841387374326075,-0.11298265766096449,52540200.0
2021-02-04,26.279497146606445,26.422608889344545,26.13638827713655,26.219241839086354,34284900,26.241838455200195,27.79984474182129,27.710433959960938,26.58078355491475,28.01592284640227,27.844552990709275,26.19664481748214,27.6880779506934,27.270822213029813,26.35482111286116,27.77003988520751,27.36023679509401,0.0014350629995127928,0.0014340342806731293,-0.004286805861025256,0.0008048255751196276,26.57626419067383,27.238382053375243,28.07641574859619,0.009924388787417754,0.01116940882575701,0.28622061220799466,0.060255307520090895,51503840.0
2021-02-05,26.302091598510746,26.42260795582947,26.19664265912496,26.30209159851074,31749600,26.279497146606445,27.00258445739746,27.471996307373047,26.422608889344545,27.598667403426035,27.926510410995142,26.13638827713655,26.950424534919,27.397487010074915,26.219241839086354,27.56141275223944,27.442194293862293,0.0008597748951684192,0.000859405500448946,0.0014350629995127928,-0.02867858766219844,26.42863311767578,27.172808361053466,28.05823329925537,0.009882759575848518,0.011062262489330073,0.2259652967045085,7.105427357601002e-15,45803380.0
2021-02-08,26.226776123046875,26.369885011331085,26.166520807605107,26.33222508002141,31633900,26.302091598510746,27.01011085510254,27.61356544494629,26.42260795582947,27.36412047186647,27.680624943366382,26.19664265912496,26.995046310424488,27.32297239022773,26.30209159851074,27.077899869519715,27.59866301836991,-0.002863478563360111,-0.0028675861613213184,0.0008597748951684192,0.00027872879045909293,26.281003952026367,27.100861072540283,28.03735248565674,0.00987751434339068,0.011016881255496278,0.20336420372597885,-0.10544895697453427,44051000.0
2021-02-09,26.339763641357425,26.407552679507287,26.18158730349499,26.211716403399176,30170200,26.226776123046875,27.040246963500977,27.665721893310547,26.369885011331085,27.778392604722907,27.963761891079763,26.166520807605107,26.829346156531244,27.49434825506513,26.33222508002141,27.778392604722907,27.68807411149777,0.004308097868394256,0.004298844581297547,-0.002863478563360111,0.001115734347041597,26.277993392944335,27.01071968078613,28.019774551391603,0.003459574460397069,0.010135111852472883,0.22596537601229727,0.12804723795824913,33272560.0
2021-02-10,26.16652107238769,26.42261263046095,26.13639197772764,26.36235444114084,29039900,26.339763641357425,26.964921951293945,28.14259147644043,26.407552679507287,27.258673440875985,28.187298760424785,26.18158730349499,26.90466663527977,27.680627577992134,26.211716403399176,27.062840072244164,27.732784654800128,-0.006577225647451002,-0.006598950909758235,0.004308097868394256,-0.002785662879067119,26.262929916381836,26.93389654159546,27.988300323486328,0.004219216357165991,0.009748783234380684,0.2862206527333093,-0.19583336875314927,31375700.0
2021-02-11,25.933019638061523,26.21924023273388,25.820036992639587,26.2117065239628,30885200,26.16652107238769,26.354816436767575,27.70298385620117,26.42261263046095,26.94985009150353,28.15749802839417,26.13639197772764,25.81250437344587,27.4347457977038,26.36235444114084,26.934785548270398,28.090438513769826,-0.008923671346305673,-0.008963725767832024,-0.006577225647451002,-0.02262589580746377,26.19363441467285,26.85732011795044,27.93606174468994,0.005374958137398632,0.009758961467636834,0.39920324009429464,-0.2786868859012763,30695760.0
2021-02-12,26.15145492553711,26.324692899333638,25.880298836718744,25.940554149084804,25578600,25.933019638061523,26.241838455200195,27.464548110961918,26.21924023273388,26.58078355491475,27.695528651420396,25.820036992639587,26.19664481748214,27.30062423656093,26.2117065239628,26.35482111286116,27.56886227018157,0.008423056417039554,0.008387780426687707,-0.008923671346305673,-0.004286805861025256,26.163507080078126,26.795763397216795,27.871799697875975,0.007318679308220991,0.010076980569676812,0.44439406261489367,0.21090077645230565,29461560.0
2021-02-16,26.12885856628418,26.25690578341969,26.030943317421983,26.2493720730342,28730300,26.15145492553711,26.279497146606445,27.38258934020996,26.324692899333638,26.422608889344545,27.53906059713336,25.880298836718744,26.13638827713655,27.278275168927696,25.940554149084804,26.219241839086354,27.404941564813875,-0.0008640574422061897,-0.0008644309550110844,0.008423056417039554,0.0014350629995127928,26.143923568725587,26.734939861297608,27.786371688842774,0.007254396748167428,0.010079896066964508,0.22596246599770708,-0.1205135067500187,28880840.0
2021-02-17,26.279497146606445,26.36235070855625,25.95561660803987,26.038470169989672,26389400,26.12885856628418,26.302091598510746,27.34532928466797,26.25690578341969,26.42260795582947,27.40493615262267,26.030943317421983,26.19664265912496,27.12179855572984,26.2493720730342,26.30209159851074,27.33042685709244,0.0057652185586341,0.005748663285488662,-0.0008640574422061897,0.0008597748951684192,26.13187026977539,26.680530643463136,27.714537048339842,0.007531209074854325,0.01021823895446478,0.40673410051638115,0.24102697661677297,28124680.0
2021-02-18,26.03093719482422,26.271964151633597,26.000808106906053,26.19664143183818,24052500,26.279497146606445,26.226776123046875,27.3676815032959,26.36235070855625,26.369885011331085,27.568860012032964,25.95561660803987,26.166520807605107,27.28571957280886,26.038470169989672,26.33222508002141,27.390033723484205,-0.009458322219621507,-0.00950333621197733,0.0057652185586341,-0.002863478563360111,26.104753494262695,26.622261905670165,27.634005622863768,0.008199203765077366,0.010313348787972227,0.27115604472754384,-0.16570423701396209,27127200.0
2021-02-19,25.94055557250977,26.121327266064228,25.91042935130785,26.10626271882897,28145300,26.03093719482422,26.339763641357425,27.196311950683597,26.271964151633597,26.407552679507287,27.42729534940038,26.000808106906053,26.18158730349499,27.166507091039904,26.19664143183818,26.211716403399176,27.412392919578537,-0.003472084836515954,-0.003478126511932215,-0.009458322219621507,0.004308097868394256,26.106260681152342,26.560219383239748,27.53810562133789,0.007183599979825858,0.010310371359820918,0.21089791475637654,-0.1657071463191997,26579220.0
2021-02-22,25.804977416992188,25.887830989818934,25.639273144607277,25.85770476873805,34322500,25.94055557250977,26.16652107238769,27.181406021118164,26.121327266064228,26.42261263046095,27.26336795341136,25.91042935130785,26.13639197772764,26.935523066586065,26.10626271882897,26.36235444114084,27.114346516728048,-0.005226493902129814,-0.0052401997980965915,-0.003472084836515954,-0.006577225647451002,26.03696517944336,26.488790130615236,27.419972229003907,0.005649621300859263,0.010280876022074772,0.24855784521165702,-0.05272735174586174,28328000.0
2021-02-23,25.541353225708008,25.75225112476342,25.36811525530272,25.609142246585588,37624200,25.804977416992188,25.933019638061523,27.233562469482425,25.887830989818934,26.21924023273388,27.44219361296613,25.639273144607277,25.820036992639587,27.010031740786776,25.85770476873805,26.2117065239628,27.062188816070847,-0.010216021003397135,-0.010268562696981523,-0.005226493902129814,-0.008923671346305673,25.919464111328125,26.37698335647583,27.307147178649902,0.006407313211673407,0.008911054866149421,0.38413586946069955,-0.06778902087757999,30106780.0
2021-02-24,25.42084312438965,25.64680559973047,25.36058493188876,25.511227539872227,30686100,25.541353225708008,26.15145492553711,27.777488708496094,25.75225112476342,26.324692899333638,27.784941343563155,25.36811525530272,25.880298836718744,27.06218922882136,25.609142246585588,25.940554149084804,27.233562884846712,-0.004718234787852271,-0.004729400794012623,-0.010216021003397135,0.008423056417039554,25.747733306884765,26.258033275604248,27.193699989318848,0.0030189138975002167,0.008834695944187987,0.28622066784171096,-0.09038441548257836,30966120.0
2021-02-25,25.47356414794922,25.691995756207938,25.26266624936473,25.47356414794922,37506100,25.42084312438965,26.12885856628418,27.79984474182129,25.64680559973047,26.25690578341969,28.01592284640227,25.36058493188876,26.030943317421983,27.6880779506934,25.511227539872227,26.2493720730342,27.77003988520751,0.002073928992110785,0.002071781370209559,-0.004718234787852271,-0.0008640574422061897,25.636258697509767,26.181582260131837,27.09039749145508,0.004397281436950732,0.006843099935105539,0.4293295068432066,0.0,33656840.0
2021-02-26,25.225006103515625,25.53382211232642,25.127087991472685,25.488628474475444,41462800,25.47356414794922,26.279497146606445,27.00258445739746,25.691995756207938,26.36235070855625,27.598667403426035,25.26266624936473,25.95561660803987,26.950424534919,25.47356414794922,26.038470169989672,27.56141275223944,-0.009757489882058934,-0.009805406136141741,0.002073928992110785,0.0057652185586341,25.493148803710938,26.09232702255249,27.010586776733398,0.00495968061105721,0.006965552110973719,0.4067341208537343,-0.2636223709598191,36320340.0
2021-03-01,25.37564468383789,25.556416353904684,25.24006664960485,25.300324830716523,30407800,25.225006103515625,26.03093719482422,27.01011085510254,25.53382211232642,26.271964151633597,27.36412047186647,25.127087991472685,26.000808106906053,26.995046310424488,25.488628474475444,26.19664143183818,27.077899869519715,0.005971795594581497,0.005954035096237421,-0.009757489882058934,-0.009458322219621507,25.407282257080077,26.009096908569337,26.941239891052245,0.0071830173662987195,0.007211172907799004,0.3163497042998351,0.07531985312136769,35537400.0
2021-03-02,25.240074157714844,25.52629485660029,25.23254331946981,25.36812139403297,27670400,25.37564468383789,25.94055557250977,27.040246963500977,25.556416353904684,26.121327266064228,27.778392604722907,25.24006664960485,25.91042935130785,26.829346156531244,25.300324830716523,26.10626271882897,27.778392604722907,-0.005342545098347529,-0.005356867527336155,0.005971795594581497,-0.003472084836515954,25.347026443481447,25.922854518890382,26.882146415710448,0.00629003371447702,0.007227078583231205,0.29375153713048263,-0.12804723631812465,33546640.0
2021-03-03,25.90289688110352,25.948090524972837,25.187346656150694,25.240071137363863,46020200,25.240074157714844,25.804977416992188,26.964921951293945,25.52629485660029,25.887830989818934,27.258673440875985,25.23254331946981,25.639273144607277,26.90466663527977,25.36812139403297,25.85770476873805,27.062840072244164,0.02626072804885471,0.02592183537064613,-0.005342545098347529,-0.005226493902129814,25.44343719482422,25.900258541107178,26.83347801208496,0.013960331862471078,0.00849385866018686,0.7607438688221428,0.6628257437396563,36613460.0
2021-03-04,25.75978660583496,26.430143151017,25.4886305036785,25.80497737401532,45449600,25.90289688110352,25.541353225708008,26.354816436767575,25.948090524972837,25.75225112476342,26.94985009150353,25.187346656150694,25.36811525530272,25.81250437344587,25.240071137363863,25.609142246585588,26.934785548270398,-0.005524875303540289,-0.00554019387528653,0.02626072804885471,-0.010216021003397135,25.500681686401368,25.876155948638917,26.787163162231444,0.014599798686494891,0.008524829632379835,0.9415126473384987,-0.045190768180358276,38202160.0
2021-03-05,25.90289688110352,26.023410391486298,25.57901628321191,25.82757701459005,30589900,25.75978660583496,25.42084312438965,26.241838455200195,26.430143151017,25.64680559973047,26.58078355491475,25.4886305036785,25.36058493188876,26.19664481748214,25.80497737401532,25.511227539872227,26.35482111286116,0.005555569130224924,0.005540193875286475,-0.005524875303540289,-0.004718234787852271,25.636259841918946,25.857325935363768,26.748181076049804,0.012944835299241404,0.008633141463224617,0.44439410827438763,0.07531986651346756,36027580.0
2021-03-08,25.872764587402344,26.26443416605449,25.85770291457621,25.970682700382472,24352300,25.90289688110352,25.47356414794922,26.279497146606445,26.023410391486298,25.691995756207938,26.422608889344545,25.57901628321191,25.26266624936473,26.13638827713655,25.82757701459005,25.47356414794922,26.219241839086354,-0.0011632789119875309,-0.0011639560460825482,0.005555569130224924,0.002073928992110785,25.735683822631835,25.83585958480835,26.71813362121582,0.013253456742624861,0.008625921632086454,0.4067312514782806,-0.09791811298012831,34816480.0
2021-03-09,25.94808387756348,26.24936613970323,25.94055016888089,26.015872889366825,25167100,25.872764587402344,25.225006103515625,26.302091598510746,26.26443416605449,25.53382211232642,26.42260795582947,25.85770291457621,25.127087991472685,26.19664265912496,25.970682700382472,25.488628474475444,26.30209159851074,0.00291114194258979,0.0029069127747020957,-0.0011632789119875309,-0.009757489882058934,25.877285766601563,25.82192497253418,26.679161186218263,0.012284157467686796,0.008649388641785764,0.3088159708223408,-0.06778901180334529,34315820.0
2021-03-10,26.309633255004883,26.46780671186408,26.00081717925975,26.091201601283725,33501800,25.94808387756348,25.37564468383789,26.226776123046875,26.24936613970323,25.556416353904684,26.369885011331085,25.94055016888089,25.24006664960485,26.166520807605107,26.015872889366825,25.300324830716523,26.33222508002141,0.013933567470622465,0.013837387707801449,0.00291114194258979,0.005971795594581497,25.958633041381837,25.820418453216554,26.64995315551758,0.0073482428681387,0.00918230519222615,0.46698953260432674,0.21843165372115791,31812140.0
2021-03-11,26.143918991088867,26.45273498301714,26.10625906490604,26.41507505683432,24557900,26.309633255004883,25.240074157714844,26.339763641357425,26.46780671186408,25.52629485660029,26.407552679507287,26.00081717925975,25.23254331946981,26.18158730349499,26.091201601283725,25.36812139403297,26.211716403399176,-0.006298615503676497,-0.006318535471840596,0.013933567470622465,-0.005342545098347529,26.035459518432617,25.819288349151613,26.624136657714843,0.007580865868247586,0.009172035172130019,0.3464759181110999,-0.27115606574545126,27633800.0
2021-03-12,26.31715583801269,26.34728492699301,25.993275314644457,26.03093811250389,16342400,26.143918991088867,25.90289688110352,26.16652107238769,26.45273498301714,25.948090524972837,26.42261263046095,26.10625906490604,25.187346656150694,26.13639197772764,26.41507505683432,25.240071137363863,26.36235444114084,0.006626276916742002,0.006604419645611764,-0.006298615503676497,0.02626072804885471,26.11831130981445,25.83849515914917,26.598357429504393,0.007685931400159434,0.009034127864270106,0.3540096123485519,0.2862177255088021,24784300.0
2021-03-15,26.671165466308597,26.68623001080776,26.33222039824753,26.36988032286141,21896100,26.31715583801269,25.75978660583496,25.933019638061523,26.34728492699301,26.430143151017,26.21924023273388,25.993275314644457,25.4886305036785,25.820036992639587,26.03093811250389,25.80497737401532,26.2117065239628,0.013451667439859483,0.013361997010917049,0.006626276916742002,-0.005524875303540289,26.277991485595702,25.864480686187743,26.584277992248534,0.008360325440379079,0.009323555540193967,0.35400961256022967,0.3012851434471884,24293060.0
2021-03-16,26.987518310546875,27.0101136933042,26.59584872756553,26.7163622243853,25022400,26.671165466308597,25.90289688110352,26.15145492553711,26.68623001080776,26.023410391486298,26.324692899333638,26.33222039824753,25.57901628321191,25.880298836718744,26.36988032286141,25.82757701459005,25.940554149084804,0.011861230610184625,0.011791437559952265,0.013451667439859483,0.005555569130224924,26.48587837219238,25.907413673400878,26.575482482910157,0.008457810731596174,0.009617401325624525,0.414264965738667,0.27115608616157516,24264120.0
2021-03-17,26.957386016845703,27.085430334956563,26.452733833468155,26.987515105789928,42540100,26.987518310546875,25.872764587402344,26.12885856628418,27.0101136933042,26.26443416605449,26.25690578341969,26.59584872756553,25.85770291457621,26.030943317421983,26.7163622243853,25.970682700382472,26.2493720730342,-0.001116527031290504,-0.001117150811951512,0.011861230610184625,-0.0011632789119875309,26.615428924560547,25.941308116912843,26.566084327697755,0.008458387121805085,0.009585913296510306,0.6326965014884074,-0.030129088944224947,26071780.0
2021-03-18,26.942325592041016,27.09296818652837,26.754023067248948,26.76155390400249,24729800,26.957386016845703,25.94808387756348,26.279497146606445,27.085430334956563,26.24936613970323,26.36235070855625,26.452733833468155,25.94055016888089,25.95561660803987,26.987515105789928,26.015872889366825,26.038470169989672,-0.0005586752660393657,-0.0005588313832143851,-0.001116527031290504,0.00291114194258979,26.775110244750977,25.986877536773683,26.550722160339355,0.006780870825249268,0.009260400078003406,0.3389451192794226,0.18077168803852572,26106160.0
2021-03-19,26.76155662536621,26.97998826592161,26.716365853712546,26.927263783479795,48348900,26.942325592041016,26.309633255004883,26.03093719482422,27.09296818652837,26.46780671186408,26.271964151633597,26.754023067248948,26.00081717925975,26.000808106906053,26.76155390400249,26.091201601283725,26.19664143183818,-0.00670947895931473,-0.006732088703083273,-0.0005586752660393657,0.013933567470622465,26.86399040222168,26.027927589416503,26.536513366699218,0.008816165582463535,0.009384183334316492,0.26362241220906313,-0.16570715811358383,32507460.0
2021-03-22,27.115562438964844,27.123093275404244,26.63350845532841,26.723892858943145,25427500,26.76155662536621,26.143918991088867,25.94055557250977,26.97998826592161,26.45273498301714,26.121327266064228,26.716365853712546,26.10625906490604,25.91042935130785,26.927263783479795,26.41507505683432,26.10626271882897,0.013228147321710182,0.013141419377067306,-0.00670947895931473,-0.006298615503676497,26.95286979675293,26.093456840515138,26.52655330657959,0.00875270177602885,0.009582752911195796,0.4895848200758337,0.3916695800216985,33213740.0
2021-03-23,26.633508682250977,27.06283819466442,26.603379589699895,26.97998462678316,27970500,27.115562438964844,26.31715583801269,25.804977416992188,27.123093275404244,26.34728492699301,25.887830989818934,26.63350845532841,25.993275314644457,25.639273144607277,26.723892858943145,26.03093811250389,25.85770476873805,-0.01777775245484714,-0.017937674905403423,0.013228147321710182,0.006626276916742002,26.88206787109375,26.148064613342285,26.505909042358397,0.01122663205950568,0.010238572844277176,0.4594586049645244,-0.3464759445321839,33803360.0
2021-03-24,26.82181167602539,27.062838674167757,26.641039990784385,26.72389356013366,22883400,26.633508682250977,26.671165466308597,25.541353225708008,27.06283819466442,26.68623001080776,25.75225112476342,26.603379589699895,26.33222039824753,25.36811525530272,26.97998462678316,26.36988032286141,25.609142246585588,0.0070701534679846745,0.007045277117208925,-0.01777775245484714,0.013451667439859483,26.854953002929687,26.218113040924074,26.479493446350098,0.012060687248158786,0.010161682897388053,0.421798683383372,0.09791811589172994,29872020.0
2021-03-25,26.86699676513672,26.957384025291777,26.55064997439757,26.851935095045395,24875300,26.82181167602539,26.987518310546875,25.42084312438965,27.062838674167757,27.0101136933042,25.64680559973047,26.641039990784385,26.59584872756553,25.36058493188876,26.72389356013366,26.7163622243853,25.511227539872227,0.0016846397125260815,0.0016832222987100281,0.0070701534679846745,0.011861230610184625,26.83988723754883,26.28778467178345,26.462773704528807,0.01212043994914916,0.01016338799580768,0.4067340508942081,0.015061670091323975,29901120.0
2021-03-26,27.303865432739254,27.33399452555981,26.844406823665384,26.874535916485936,27944500,26.86699676513672,26.957386016845703,25.47356414794922,26.957384025291777,27.085430334956563,25.691995756207938,26.55064997439757,26.452733833468155,25.26266624936473,26.851935095045395,26.987515105789928,25.47356414794922,0.01626042059786248,0.016129635798148082,0.0016846397125260815,-0.001116527031290504,26.948348999023438,26.391727638244628,26.459560050964356,0.01345818055596631,0.010147980642609793,0.48958770189442546,0.4293295162533184,25820240.0
2021-03-29,27.58255958557129,27.67294688771697,27.040250139043096,27.13816540646381,27004800,27.303865432739254,26.942325592041016,25.225006103515625,27.33399452555981,27.09296818652837,25.53382211232642,26.844406823665384,26.754023067248948,25.127087991472685,26.874535916485936,26.76155390400249,25.488628474475444,0.010207131789400803,0.01015539080654341,0.01626042059786248,-0.0005586752660393657,27.041748428344725,26.5020733833313,26.463559455871582,0.013005745028430373,0.010234758279498685,0.6326967486738759,0.4443941791074799,26135700.0
2021-03-30,27.198413848876957,27.59008339783308,27.130624833225543,27.559954307928415,26303300,27.58255958557129,26.76155662536621,25.37564468383789,27.67294688771697,26.97998826592161,25.556416353904684,27.040250139043096,26.716365853712546,25.24006664960485,27.13816540646381,26.927263783479795,25.300324830716523,-0.013927124330233798,-0.01402501669515744,0.010207131789400803,-0.00670947895931473,27.154729461669923,26.599990367889404,26.460621147155763,0.011452940681393691,0.010820503922597447,0.4594585646075373,-0.36154045905145793,25802260.0
2021-03-31,27.288801193237305,27.439443785765853,27.14569231063284,27.228545880186967,26582700,27.198413848876957,27.115562438964844,25.240074157714844,27.59008339783308,27.123093275404244,25.52629485660029,27.130624833225543,26.63350845532841,25.23254331946981,27.559954307928415,26.723892858943145,25.36812139403297,0.003323257924618961,0.0033177481066583763,-0.013927124330233798,0.013228147321710182,27.248127365112303,26.669285583496094,26.45904354095459,0.01134509714321752,0.009442235900374792,0.29375147513301414,0.06025531305033738,26542120.0
2021-04-01,27.341527938842773,27.454510610933298,27.13063001576041,27.34152793884277,21319900,27.288801193237305,26.633508682250977,25.90289688110352,27.439443785765853,27.06283819466442,25.948090524972837,27.14569231063284,26.603379589699895,25.187346656150694,27.228545880186967,26.97998462678316,25.240071137363863,0.0019321752257308589,0.0019303109761643548,0.003323257924618961,-0.01777775245484714,27.343033599853516,26.748372650146486,26.461947860717775,0.011335678394006477,0.009247586781018408,0.3238805951728878,3.552713678800501e-15,25831040.0
2021-04-05,27.32645797729492,27.54488956765256,27.1908799469535,27.44697146279084,22096900,27.341527938842773,26.82181167602539,25.75978660583496,27.454510610933298,27.062838674167757,26.430143151017,27.13063001576041,26.641039990784385,25.4886305036785,27.34152793884277,26.72389356013366,25.80497737401532,-0.0005511748129645166,-0.0005513267656392966,0.0019321752257308589,0.0070701534679846745,27.34755210876465,26.819550704956054,26.464848899841307,0.008846435915882259,0.00926043163055221,0.3540096206990597,-0.12051348549592333,24661520.0
2021-04-06,27.153226852416992,27.416852143631424,27.115566917463177,27.31140030318433,20722900,27.32645797729492,26.86699676513672,25.90289688110352,27.54488956765256,26.957384025291777,26.023410391486298,27.1908799469535,26.55064997439757,25.57901628321191,27.44697146279084,26.851935095045395,25.82757701459005,-0.006339318656734094,-0.0063594974623736025,-0.0005511748129645166,0.0016846397125260815,27.26168556213379,26.883573818206788,26.4632421875,0.007085135371656263,0.009445136542128967,0.3012852261682468,-0.15817345076733957,23405140.0
2021-04-07,27.04777717590332,27.29633791196388,26.93479450073601,27.138161592075896,21933800,27.153226852416992,27.303865432739254,25.872764587402344,27.416852143631424,27.33399452555981,26.26443416605449,27.115566917463177,26.844406823665384,25.85770291457621,27.31140030318433,26.874535916485936,25.970682700382472,-0.0038835044205541847,-0.0038910648040493155,-0.006339318656734094,0.01626042059786248,27.23155822753906,26.938558483123778,26.448647956848145,0.004008079161808471,0.009549696086540356,0.3615434112278706,-0.09038441617257575,22531240.0
2021-04-08,27.085432052612305,27.228543797538947,27.017643034822907,27.085432052612305,18129400,27.04777717590332,27.58255958557129,25.94808387756348,27.29633791196388,27.67294688771697,26.24936613970323,26.93479450073601,27.040250139043096,25.94055016888089,27.138161592075896,27.13816540646381,26.015872889366825,0.001392161598496644,0.001391193439989709,-0.0038835044205541847,0.010207131789400803,27.190884399414063,26.977348423004152,26.434359703063965,0.003540631522414069,0.009135998578391641,0.2109007627160402,0.0,20840580.0
2021-04-09,27.56748390197754,27.72566018021779,27.040239218736787,27.040239218736787,31686700,27.085432052612305,27.198413848876957,26.309633255004883,27.228543797538947,27.59008339783308,26.46780671186408,27.017643034822907,27.130624833225543,26.00081717925975,27.085432052612305,27.559954307928415,26.091201601283725,0.017797458369091856,0.01764093798839245,0.001392161598496644,-0.013927124330233798,27.236075592041015,27.048526668548583,26.445657691955567,0.009488090701198802,0.009629782799151674,0.6854209614810038,0.5272446832407525,22913940.0
2021-04-12,27.846172332763672,27.89136309016108,27.36411843207205,27.477098198833463,29944900,27.56748390197754,27.288801193237305,26.143918991088867,27.72566018021779,27.439443785765853,26.45273498301714,27.040239218736787,27.14569231063284,26.10625906490604,27.040239218736787,27.228545880186967,26.41507505683432,0.010109316895842602,0.01005855954657096,0.017797458369091856,0.003323257924618961,27.340018463134765,27.12497749328613,26.46237892150879,0.010042097273430448,0.009735468009214283,0.5272446580890282,0.3690741339302086,24483540.0
2021-04-13,27.98928451538086,28.3583586932048,27.785917463102557,28.177587022312448,33967400,27.846172332763672,27.341527938842773,26.31715583801269,27.89136309016108,27.454510610933298,26.34728492699301,27.36411843207205,27.13063001576041,25.993275314644457,27.477098198833463,27.34152793884277,26.03093811250389,0.005139384361591448,0.005126222801400546,0.010109316895842602,0.0019321752257308589,27.50722999572754,27.190883445739747,26.481359672546386,0.008301527549586277,0.009432798835732708,0.5724412301022426,-0.18830250693158845,27132440.0
2021-04-14,27.99681663513184,28.15499293189094,27.8386432116411,27.99681663513184,23842900,27.98928451538086,27.32645797729492,26.671165466308597,28.3583586932048,27.54488956765256,26.68623001080776,27.785917463102557,27.1908799469535,26.33222039824753,28.177587022312448,27.44697146279084,26.36988032286141,0.00026910726306139665,0.000269071060196704,0.005139384361591448,-0.0005511748129645166,27.69703788757324,27.241348361968996,26.501997566223146,0.007184192687779198,0.00917722256644357,0.31634972024984265,0.0,27514260.0
2021-04-15,28.32069396972656,28.42614577999152,28.064602462762025,28.064602462762025,24945800,27.99681663513184,27.153226852416992,26.987518310546875,28.15499293189094,27.416852143631424,27.0101136933042,27.8386432116411,27.115566917463177,26.59584872756553,27.99681663513184,27.31140030318433,26.7163622243853,0.011568362889811556,0.011501960996637207,0.00026910726306139665,-0.006339318656734094,27.944090270996092,27.309513759613036,26.541315116882323,0.0066398885222356116,0.00939515672033964,0.3615433172294935,0.256091506964534,28877540.0
2021-04-16,29.05131149291992,29.14922960425283,28.478873117300225,28.52406388155516,52829500,28.32069396972656,27.04777717590332,26.957386016845703,28.42614577999152,27.29633791196388,27.085430334956563,28.064602462762025,26.93479450073601,26.452733833468155,28.064602462762025,27.138161592075896,26.987515105789928,0.0257980091862986,0.025470855228604008,0.011568362889811556,-0.0038835044205541847,28.24085578918457,27.414963054656983,26.59750457763672,0.009600793780823576,0.010699729120949159,0.6703564869526062,0.5272476113647571,33106100.0
2021-04-19,29.32246971130371,29.345065095080056,28.87054479616557,29.07390899668976,30905100,29.05131149291992,27.085432052612305,26.942325592041016,29.14922960425283,27.228543797538947,27.09296818652837,28.478873117300225,27.017643034822907,26.754023067248948,28.52406388155516,27.085432052612305,26.76155390400249,0.009333768578739576,0.009290478127679573,0.0257980091862986,0.001392161598496644,28.53611526489258,27.543008708953856,26.658364028930663,0.009616487307422808,0.010466878247688997,0.47452029891448433,0.24856071461395146,33298140.0
2021-04-20,29.397789001464844,29.555965304631115,29.18689109493446,29.18689109493446,26459400,29.32246971130371,27.56748390197754,26.76155662536621,29.345065095080056,27.72566018021779,26.97998826592161,28.87054479616557,27.040239218736787,26.716365853712546,29.07390899668976,27.040239218736787,26.927263783479795,0.002568654376752466,0.0025653610225524377,0.009333768578739576,0.017797458369091856,28.817816162109374,27.657120037078858,26.720277976989745,0.010029371678765463,0.01027575567054214,0.36907420969665594,0.2108979065303842,31796540.0
2021-04-21,29.774394989013672,29.879843945612084,29.473112666342285,29.480643503269928,29365000,29.397789001464844,27.846172332763672,27.115562438964844,29.555965304631115,27.89136309016108,27.123093275404244,29.18689109493446,27.36411843207205,26.63350845532841,29.18689109493446,27.477098198833463,26.723892858943145,0.01281069088325193,0.01272932812146651,0.002568654376752466,0.010109316895842602,29.173331832885744,27.81416435241699,26.791230354309082,0.008462015211093415,0.009051796734185113,0.406731279269799,0.2937514857437442,32900960.0
2021-04-22,29.10403823852539,29.75179939391331,29.01365382969199,29.736734846896315,33373600,29.774394989013672,27.98928451538086,26.633508682250977,29.879843945612084,28.3583586932048,27.06283819466442,29.473112666342285,27.785917463102557,26.603379589699895,29.480643503269928,28.177587022312448,26.97998462678316,-0.022514538103482362,-0.022771859973351922,0.01281069088325193,0.005139384361591448,29.33000068664551,27.928275680541994,26.84651584625244,0.01784314274889925,0.011009412164942493,0.7381455642213197,-0.6326966083709245,34586520.0
2021-04-23,29.11910057067871,29.247147773949315,28.94586260306299,29.096505188506157,24375000,29.10403823852539,27.99681663513184,26.82181167602539,29.75179939391331,28.15499293189094,27.062838674167757,29.01365382969199,27.8386432116411,26.641039990784385,29.736734846896315,27.99681663513184,26.72389356013366,0.0005175340971543818,0.0005174002225713059,-0.022514538103482362,0.00026910726306139665,29.343558502197265,28.04088087081909,26.905567436218263,0.013816003755839024,0.011026241912487305,0.3012851708863238,0.02259538217255397,28895620.0
2021-04-26,29.1341609954834,29.179354626704143,28.99105213985292,29.17182091820006,19773400,29.11910057067871,28.32069396972656,26.86699676513672,29.247147773949315,28.42614577999152,26.957384025291777,28.94586260306299,28.064602462762025,26.55064997439757,29.096505188506157,28.064602462762025,26.851935095045395,0.0005172008925251603,0.0005170671902421862,0.0005175340971543818,0.011568362889811556,29.305896759033203,28.132395648956297,26.969590263366698,0.012949019589590074,0.01066784160766002,0.18830248685122442,-0.03765992271666008,26669280.0
2021-04-27,28.9609317779541,29.081445290917447,28.88560903655901,29.00612254952236,19061500,29.1341609954834,29.05131149291992,27.303865432739254,29.179354626704143,29.14922960425283,27.33399452555981,28.99105213985292,28.478873117300225,26.844406823665384,29.17182091820006,28.52406388155516,26.874535916485936,-0.005945914061371238,-0.005963661392757262,0.0005172008925251603,0.0257980091862986,29.218525314331053,28.20131425857544,27.025779800415037,0.012885919258504918,0.010728950493436636,0.19583625435843643,-0.045190771568258015,25189700.0
2021-04-28,29.23207664489746,29.32999186110653,29.013645088859956,29.028709631338508,21963300,28.9609317779541,29.32246971130371,27.58255958557129,29.081445290917447,29.345065095080056,27.67294688771697,28.88560903655901,28.87054479616557,27.040250139043096,29.00612254952236,29.07390899668976,27.13816540646381,0.00936243588508301,0.009318879931063331,-0.005945914061371238,0.009333768578739576,29.110061645507812,28.302997398376466,27.087844161987306,0.011886888132019794,0.010097984177864172,0.31634677224657537,0.20336701355895315,23709360.0
2021-04-29,29.073904037475582,29.375189178355683,28.85547532726896,29.3676583428043,23569400,29.23207664489746,29.397789001464844,27.198413848876957,29.32999186110653,29.555965304631115,27.59008339783308,29.013645088859956,29.18689109493446,27.130624833225543,29.028709631338508,29.18689109493446,27.559954307928415,-0.005410926132389138,-0.005425618215679295,0.00936243588508301,0.002568654376752466,29.10403480529785,28.39225254058838,27.143732299804686,0.006177345032500812,0.010300165656814426,0.5197138510867241,-0.2937543053287186,21748520.0
2021-04-30,29.111570358276367,29.29987287579881,28.991056861992742,28.998587698455548,28413200,29.073904037475582,29.774394989013672,27.288801193237305,29.375189178355683,29.879843945612084,27.439443785765853,28.85547532726896,29.473112666342285,27.14569231063284,29.3676583428043,29.480643503269928,27.228545880186967,0.001295537082059317,0.0012946985980071457,-0.005410926132389138,0.01281069088325193,29.102528762817382,28.48075466156006,27.20534496307373,0.00620939880142393,0.010305349021979613,0.3088160138060658,0.11298265982081901,22556160.0
2021-05-03,30.000356674194336,30.00788751020613,29.34506188370704,29.40532006487433,46638600,29.111570358276367,29.10403823852539,27.341527938842773,29.29987287579881,29.75179939391331,27.454510610933298,28.991056861992742,29.01365382969199,27.13063001576041,28.998587698455548,29.736734846896315,27.34152793884277,0.030530346009496112,0.030073568764866252,0.001295537082059317,-0.022514538103482362,29.27576789855957,28.61444959640503,27.286540985107422,0.015067218056542103,0.01192717549973,0.6628256264990924,0.5950366093200046,27929200.0
2021-05-04,30.09074211120605,30.25644636859865,29.69907253990554,30.128402039101267,52802200,30.000356674194336,29.11910057067871,27.32645797729492,30.00788751020613,29.247147773949315,27.54488956765256,29.34506188370704,28.94586260306299,27.1908799469535,29.40532006487433,29.096505188506157,27.44697146279084,0.003012812080646521,0.003008282657583125,0.030530346009496112,0.0005175340971543818,29.50172996520996,28.761325359344482,27.3722562789917,0.013773659718037986,0.011649809767056984,0.5573738286931089,-0.03765992789521633,34677340.0
2021-05-05,30.10581398010254,30.949408637882318,29.32247464695824,30.263987439698305,76627500,30.09074211120605,29.1341609954834,27.153226852416992,30.25644636859865,29.179354626704143,27.416852143631424,29.69907253990554,28.99105213985292,27.115566917463177,30.128402039101267,29.17182091820006,27.31140030318433,0.0005008805977861908,0.0005007551989710464,0.003012812080646521,0.0005172008925251603,29.676477432250977,28.914227199554443,27.46354549407959,0.01408227316150707,0.011510033053320283,1.6269339909240763,-0.15817345959576556,45610180.0
2021-05-06,29.809154510498047,29.839580474093346,28.873577891789616,29.269106713789697,54944900,30.10581398010254,28.9609317779541,27.04777717590332,30.949408637882318,29.081445290917447,27.29633791196388,29.32247464695824,28.88560903655901,26.93479450073601,30.263987439698305,29.00612254952236,27.138161592075896,-0.0098538929988925,-0.009902763913374326,0.0005008805977861908,-0.005945914061371238,29.823527526855468,29.05041332244873,27.551311721801756,0.015085618679465113,0.011982805034480718,0.9660025823037302,0.5400477967083503,51885280.0
2021-05-07,30.105817794799805,30.32639888309476,29.702680837058697,29.702680837058697,33807800,29.809154510498047,29.23207664489746,27.085432052612305,29.839580474093346,29.32999186110653,27.228543797538947,28.873577891789616,29.013645088859956,27.017643034822907,29.269106713789697,29.028709631338508,27.085432052612305,0.009952086504073199,0.009902890623020138,-0.0098538929988925,0.00936243588508301,30.022377014160156,29.177330017089844,27.64395679473877,0.015036911041322744,0.011661453664860516,0.6237180460360641,0.4031369577411077,52964200.0
2021-05-10,30.31878471374512,30.6382486843782,30.25793277557875,30.295966687722785,30831900,30.105817794799805,29.073904037475582,27.56748390197754,30.32639888309476,29.375189178355683,27.72566018021779,29.702680837058697,28.85547532726896,27.040239218736787,29.702680837058697,29.3676583428043,27.040239218736787,0.007073945653856439,0.0070490426728843335,0.009952086504073199,-0.005410926132389138,30.086062622070312,29.300960636138917,27.74583236694336,0.007626835151730351,0.011603917940480808,0.38031590879944943,0.022818026022335403,49802860.0
2021-05-11,29.930858612060547,30.478514408071543,29.83958361325201,30.181868485758887,30568600,30.31878471374512,29.111570358276367,27.846172332763672,30.6382486843782,29.29987287579881,27.89136309016108,30.25793277557875,28.991056861992742,27.36411843207205,30.295966687722785,28.998587698455548,27.477098198833463,-0.012794909339116978,-0.012877469178098726,0.007073945653856439,0.001295537082059317,30.05408592224121,29.3980393409729,27.836936645507812,0.010061035929797532,0.012214657189348893,0.6389307948195331,-0.25100987369834016,45356140.0
2021-05-12,30.189489364624023,30.364434413111365,29.900451233165683,29.9993313247576,26208600,29.930858612060547,30.000356674194336,27.98928451538086,30.478514408071543,30.00788751020613,28.3583586932048,29.83958361325201,29.34506188370704,27.785917463102557,30.181868485758887,29.40532006487433,28.177587022312448,0.008640939971540362,0.008603820726587325,-0.012794909339116978,0.030530346009496112,30.070820999145507,29.50767297744751,27.935924949645997,0.010985645394580345,0.012244063658552176,0.46398317994568217,0.1901580398664251,35272360.0
2021-05-13,30.5013370513916,30.638251021128116,30.0449590866568,30.0449590866568,25415000,30.189489364624023,30.09074211120605,27.99681663513184,30.364434413111365,30.25644636859865,28.15499293189094,29.900451233165683,29.69907253990554,27.8386432116411,29.9993313247576,30.128402039101267,27.99681663513184,0.010329677425183537,0.010276690884200128,0.008640939971540362,0.003012812080646521,30.209257507324217,29.61670513153076,28.027893753051757,0.00982978086465752,0.012206030863155476,0.593291934471317,0.4563779647348021,29366380.0
2021-05-14,30.440492630004883,30.668681647003684,30.36442768995143,30.607832596541694,18041100,30.5013370513916,30.10581398010254,28.32069396972656,30.638251021128116,30.949408637882318,28.42614577999152,30.0449590866568,29.32247464695824,28.064602462762025,30.0449590866568,30.263987439698305,28.064602462762025,-0.001994811613805769,-0.0019968039004249526,0.010329677425183537,0.0005008805977861908,30.276192474365235,29.68616418838501,28.121507873535155,0.009666481659010885,0.011100108694281137,0.30425395705225355,-0.1673399665368116,26213040.0
2021-05-17,30.508939743041992,30.729523645376,30.4328748276269,30.47851377687596,18095000,30.440492630004883,29.809154510498047,29.05131149291992,30.668681647003684,29.839580474093346,29.14922960425283,30.36442768995143,28.873577891789616,28.478873117300225,30.607832596541694,29.269106713789697,28.52406388155516,0.002248554708659478,0.0022460304927041674,-0.001994811613805769,-0.0098538929988925,30.31422348022461,29.745487689971924,28.213628730773927,0.009298460726436949,0.01097946193330916,0.296648817749098,0.03042596616603177,23665660.0
2021-05-18,30.463308334350582,30.69149733391962,30.29597128217626,30.562191298076705,15805500,30.508939743041992,30.105817794799805,29.32246971130371,30.729523645376,30.32639888309476,29.345065095080056,30.4328748276269,29.702680837058697,28.87054479616557,30.47851377687596,29.702680837058697,29.07390899668976,-0.0014956733690431046,-0.0014967930050022544,0.002248554708659478,0.009952086504073199,30.420713424682617,29.79876365661621,28.30543960571289,0.005696031960093678,0.01100678617156905,0.3955260517433601,-0.0988829637261226,20713040.0
2021-05-19,30.29597282409668,30.34921682998664,29.991718874799197,30.34921682998664,20209500,30.463308334350582,30.31878471374512,29.397789001464844,30.69149733391962,30.6382486843782,29.555965304631115,30.29597128217626,30.25793277557875,29.18689109493446,30.562191298076705,30.295966687722785,29.18689109493446,-0.005493018303110997,-0.005508160404166186,-0.0014956733690431046,0.007073945653856439,30.442010116577148,29.824842548370363,28.392397384643555,0.006032482514851715,0.010805627955879448,0.3574979551874442,-0.0532440058899617,19513220.0
2021-05-20,30.51654815673828,30.615431106917352,30.21229716618906,30.219902207781224,18621100,30.29597282409668,29.930858612060547,29.774394989013672,30.34921682998664,30.478514408071543,29.879843945612084,29.991718874799197,29.83958361325201,29.473112666342285,30.34921682998664,30.181868485758887,29.480643503269928,0.0072806816246600015,0.00725430540937551,-0.005493018303110997,-0.012794909339116978,30.445052337646484,29.895468044281007,28.47653568267822,0.004857836981760676,0.009361539615176953,0.4031339407282921,0.29664594895705676,18154440.0
2021-05-21,30.387243270874023,30.881652237031314,30.356817300211347,30.585006277020888,21144800,30.51654815673828,30.189489364624023,29.10403823852539,30.615431106917352,30.364434413111365,29.75179939391331,30.21229716618906,29.900451233165683,29.01365382969199,30.219902207781224,29.9993313247576,29.736734846896315,-0.004237205505685848,-0.004246207899930552,0.0072806816246600015,0.008640939971540362,30.434402465820312,29.95887517929077,28.561402168273926,0.005192609916887103,0.009471948981876834,0.5248349368199676,-0.19776300614686448,18775180.0
2021-05-24,30.280750274658203,30.53175723722404,30.25792934963965,30.4861211903465,16922300,30.387243270874023,30.5013370513916,29.11910057067871,30.881652237031314,30.638251021128116,29.247147773949315,30.356817300211347,30.0449590866568,28.94586260306299,30.585006277020888,30.0449590866568,29.096505188506157,-0.0035045296892032285,-0.0035106849384179332,-0.004237205505685848,0.010329677425183537,30.388764572143554,30.016204643249512,28.640674057006837,0.005112595031622224,0.009551373877863405,0.2738278875843889,-0.20537091568829524,18540640.0
2021-05-25,29.915658950805664,30.31879299574917,29.84720195245857,30.288367018354705,25916300,30.280750274658203,30.440492630004883,29.1341609954834,30.53175723722404,30.668681647003684,29.179354626704143,30.25792934963965,30.36442768995143,28.99105213985292,30.4861211903465,30.607832596541694,29.17182091820006,-0.012056878397695536,-0.012130152119877648,-0.0035045296892032285,-0.001994811613805769,30.27923469543457,30.06394100189209,28.705563926696776,0.006962518664275958,0.009909139403113446,0.4715910432906014,-0.3727080675490413,20562800.0
2021-05-26,29.603790283203125,29.892831199367727,29.497302288189918,29.885226157544032,28036500,29.915658950805664,30.508939743041992,28.9609317779541,30.31879299574917,30.729523645376,29.081445290917447,29.84720195245857,30.4328748276269,28.88560903655901,30.288367018354705,30.47851377687596,29.00612254952236,-0.010424930572827673,-0.01047965079681123,-0.012056878397695536,0.002248554708659478,30.14079818725586,30.082526683807373,28.757889366149904,0.007616043421487001,0.010086830949860319,0.3955289111778093,-0.28143587434090733,22128200.0
2021-05-27,29.398420333862305,29.801554260772264,29.360386422464718,29.64182227859059,38471200,29.603790283203125,30.463308334350582,29.23207664489746,29.892831199367727,30.69149733391962,29.32999186110653,29.497302288189918,30.29597128217626,29.013645088859956,29.885226157544032,30.562191298076705,29.028709631338508,-0.006937285644039504,-0.006961460480130827,-0.010424930572827673,-0.0014956733690431046,29.917172622680663,30.09875249862671,28.806710052490235,0.003749120252359193,0.010140969495257092,0.44116783830754613,-0.24340194472828358,26098220.0
2021-05-28,29.459272384643555,29.67985632637584,29.421241370933245,29.474485370443748,16154100,29.398420333862305,30.29597282409668,29.073904037475582,29.801554260772264,30.34921682998664,29.375189178355683,29.360386422464718,29.991718874799197,28.85547532726896,29.64182227859059,30.34921682998664,29.3676583428043,0.0020699088621152217,0.002067769552375293,-0.006937285644039504,-0.005493018303110997,29.73157844543457,30.11613759994507,28.857048988342285,0.005664568076675947,0.01014522771055165,0.25861495544259583,-0.01521298580019348,25100080.0
2021-06-01,29.28432273864746,29.664638618370155,29.269109755268968,29.61899966823467,23642400,29.459272384643555,30.51654815673828,29.111570358276367,29.67985632637584,30.615431106917352,29.29987287579881,29.421241370933245,30.21229716618906,28.991056861992742,29.474485370443748,30.219902207781224,28.998587698455548,-0.005938695420301343,-0.00595639959990122,0.0020699088621152217,0.0072806816246600015,29.532292938232423,30.080335903167725,28.90750431060791,0.005479722749611704,0.007395249056521515,0.3955288631011875,-0.33467692958721074,26444100.0
2021-06-02,29.50490951538086,29.61139750780914,29.314751557021737,29.390813579733315,19629000,29.28432273864746,30.387243270874023,30.000356674194336,29.664638618370155,30.881652237031314,30.00788751020613,29.269109755268968,30.356817300211347,29.34506188370704,29.61899966823467,30.585006277020888,29.40532006487433,0.007532589320984551,0.0075043610361373095,-0.005938695420301343,-0.004237205505685848,29.45014305114746,30.051044273376466,28.95529125213623,0.007341122720584504,0.0075964766157515405,0.2966459507874042,0.11409593564754417,25186640.0
2021-06-03,29.641822814941406,29.695066809965383,29.383207881290616,29.482087928289367,17376300,29.50490951538086,30.280750274658203,30.09074211120605,29.61139750780914,30.53175723722404,30.25644636859865,29.314751557021737,30.25792934963965,29.69907253990554,29.390813579733315,30.4861211903465,30.128402039101267,0.004640356530806411,0.004629623267743252,0.007532589320984551,-0.0035045296892032285,29.457749557495116,30.02784471511841,29.015457534790038,0.006433849936010235,0.0076940011085445585,0.3118589286747664,0.15973488665203917,23054600.0
2021-06-04,29.778738021850582,30.04495800812594,29.679855069128216,29.70267309607175,19375300,29.641822814941406,29.915658950805664,30.10581398010254,29.695066809965383,30.31879299574917,30.949408637882318,29.383207881290616,29.84720195245857,29.32247464695824,29.482087928289367,30.288367018354705,30.263987439698305,0.0046189874274589204,0.004608352640422243,0.004640356530806411,-0.012056878397695536,29.533813095092775,30.026323890686037,29.074596061706544,0.00514195821706987,0.007469847930317852,0.3651029389977225,0.07606492577883373,19235420.0
2021-06-07,29.65703773498535,30.12102073596405,29.641824749474203,29.72549471899537,24110700,29.778738021850582,29.603790283203125,29.809154510498047,30.04495800812594,29.892831199367727,29.839580474093346,29.679855069128216,29.497302288189918,28.873577891789616,29.70267309607175,29.885226157544032,29.269106713789697,-0.00408681814440659,-0.004095192008439328,0.0046189874274589204,-0.010424930572827673,29.573366165161133,30.003884887695314,29.130396881103515,0.005967016720198569,0.007135121610788426,0.4791959864898452,-0.06845698401001954,20826740.0
2021-06-08,29.55054473876953,29.74831063479581,29.26911178074147,29.71788466593329,18880300,29.65703773498535,29.398420333862305,30.105817794799805,30.12102073596405,29.801554260772264,30.32639888309476,29.641824749474203,29.360386422464718,29.702680837058697,29.72549471899537,29.64182227859059,29.702680837058697,-0.0035908170319449706,-0.0035972794903988284,-0.00408681814440659,-0.006937285644039504,29.626610565185548,29.965472888946532,29.17533046722412,0.005305417490341459,0.00691664922491586,0.47919885405434215,-0.16733992716375923,19874320.0
2021-06-09,30.280750274658203,30.303568298096973,29.6494245447742,29.66463752759331,29824000,29.55054473876953,29.459272384643555,30.31878471374512,29.74831063479581,29.67985632637584,30.6382486843782,29.26911178074147,29.421241370933245,30.25793277557875,29.71788466593329,29.474485370443748,30.295966687722785,0.02471039171506928,0.024410027998881388,-0.0035908170319449706,0.0020699088621152217,29.781778717041014,29.982967472076417,29.22929428100586,0.011670610010768996,0.008522454741593518,0.6541437533227743,0.6161127470648928,21913320.0
2021-06-10,30.9425048828125,30.97293085416787,30.341605005655392,30.3492129492844,42613700,30.280750274658203,29.28432273864746,29.930858612060547,30.303568298096973,29.664638618370155,30.478514408071543,29.6494245447742,29.269109755268968,29.83958361325201,29.66463752759331,29.61899966823467,30.181868485758887,0.021853970002457812,0.02161859507760532,0.02471039171506928,-0.005938695420301343,30.041915130615234,30.02061824798584,29.304176101684572,0.013789317680307266,0.009618913094880284,0.6313258485124784,0.5932919335281,26960800.0
2021-06-11,30.539365768432617,30.93489172303878,30.387238838887257,30.92728668227244,21386900,30.9425048828125,29.50490951538086,30.189489364624023,30.97293085416787,29.61139750780914,30.364434413111365,30.341605005655392,29.314751557021737,29.900451233165683,30.3492129492844,29.390813579733315,29.9993313247576,-0.013028651555737958,-0.0131142689018551,0.021853970002457812,0.007532589320984551,30.19404067993164,30.022519683837892,29.369187393188476,0.01698391346284163,0.00987642088807157,0.5476528841515247,-0.3879209138398245,27363120.0
2021-06-14,30.143835067749023,30.478511971006107,29.953677142848026,30.44808600664283,23408300,30.539365768432617,29.641822814941406,30.5013370513916,30.93489172303878,29.695066809965383,30.638251021128116,30.387238838887257,29.383207881290616,30.0449590866568,30.92728668227244,29.482087928289367,30.0449590866568,-0.012951503436015699,-0.013036105432570205,-0.013028651555737958,0.004640356530806411,30.291400146484374,30.007686805725097,29.4252335357666,0.01857973071988725,0.010294257906458616,0.524834828158081,-0.30425093889380506,27222640.0
2021-06-15,30.113412857055664,30.303570805660065,29.96128591785614,30.20468785994337,20206900,30.143835067749023,29.778738021850582,30.440492630004883,30.478511971006107,30.04495800812594,30.668681647003684,29.953677142848026,29.679855069128216,30.36442768995143,30.44808600664283,29.70267309607175,30.607832596541694,-0.001009234910720025,-0.0010097445311858964,-0.012951503436015699,0.0046189874274589204,30.4039737701416,29.98791046142578,29.480972633361816,0.018371644707180095,0.010275241798829148,0.34228488780392397,-0.09127500288770563,27487960.0
2021-06-16,29.892826080322266,30.303567906389567,29.877613097699804,30.136227999122205,19177500,30.113412857055664,29.65703773498535,30.508939743041992,30.303570805660065,30.12102073596405,30.729523645376,29.96128591785614,29.641824749474203,30.4328748276269,30.20468785994337,29.72549471899537,30.47851377687596,-0.007325200161818035,-0.007352161184468838,-0.001009234910720025,-0.00408681814440659,30.326388931274415,29.959386348724365,29.535764617919924,0.01448021848534165,0.010384021161621947,0.4259548086897631,-0.24340191879993966,25358660.0
2021-06-17,30.02975082397461,30.113420807704188,29.71789182198852,29.87001880135313,19580100,29.892826080322266,29.55054473876953,30.463308334350582,30.303567906389567,29.74831063479581,30.69149733391962,29.877613097699804,29.26911178074147,30.29597128217626,30.136227999122205,29.71788466593329,30.562191298076705,0.004580521871181631,0.004570063206143597,-0.007325200161818035,-0.0035908170319449706,30.143838119506835,29.946075248718262,29.59540409088135,0.007686392741064222,0.010393503769998303,0.39552898571566786,0.15973202262147979,20751940.0
2021-06-18,29.520116806030277,29.99931267952425,29.43644685623873,29.8928247076367,37775900,30.02975082397461,30.280750274658203,30.29597282409668,30.113420807704188,30.303568298096973,30.34921682998664,29.71789182198852,29.6494245447742,29.991718874799197,29.87001880135313,29.66463752759331,30.34921682998664,-0.01697097058619146,-0.017116627822583254,0.004580521871181631,0.02471039171506928,29.939988327026366,29.896253681182863,29.644097785949707,0.008726307434022517,0.010855862001689514,0.5628658232855202,-0.37270790160642164,24029740.0
2021-06-21,29.984106063842773,30.029745019304503,29.573367071008114,29.573367071008114,19488100,29.520116806030277,30.9425048828125,30.51654815673828,29.99931267952425,30.97293085416787,30.615431106917352,29.43644685623873,30.341605005655392,30.21229716618906,29.8928247076367,30.3492129492844,30.219902207781224,0.015717731093723764,0.01559548682947924,-0.01697097058619146,0.021853970002457812,29.90804252624512,29.8760968208313,29.69243022918701,0.012305536263001866,0.011498960541432082,0.4563779482963888,0.4107389928346592,23245700.0
2021-06-22,30.12862777709961,30.18947681574136,29.86240489099883,29.97650082812491,15975900,29.984106063842773,30.539365768432617,30.387243270874023,30.029745019304503,30.93489172303878,30.881652237031314,29.573367071008114,30.387238838887257,30.356817300211347,29.573367071008114,30.92728668227244,30.585006277020888,0.004819944037988577,0.004808365298734823,0.015717731093723764,-0.013028651555737958,29.911085510253905,29.86849069595337,29.73807933807373,0.012577731974521989,0.011539074487935664,0.3270719247425298,0.15212694897470058,22399500.0
2021-06-23,29.702674865722656,30.166660785086496,29.64943086529537,30.14384275678349,22025400,30.12862777709961,30.143835067749023,30.280750274658203,30.18947681574136,30.478511971006107,30.53175723722404,29.86240489099883,29.953677142848026,30.25792934963965,29.97650082812491,30.44808600664283,30.4861211903465,-0.014137813196414939,-0.014238704124315063,0.004819944037988577,-0.012951503436015699,29.873055267333985,29.85784149169922,29.772347145080566,0.013892212661212105,0.011660463132464795,0.5172299197911272,-0.4411678910608323,22969080.0
2021-06-24,29.809154510498047,29.930855463299643,29.725487462980368,29.771123506793725,13436500,29.702674865722656,30.113412857055664,29.915658950805664,30.166660785086496,30.303570805660065,30.31879299574917,29.64943086529537,29.96128591785614,29.84720195245857,30.14384275678349,30.20468785994337,30.288367018354705,0.0035848503630313555,0.0035784401022845086,-0.014137813196414939,-0.001009234910720025,29.82893600463867,29.868109703063965,29.80859390258789,0.013795471422086557,0.011438453480100367,0.20536800031927527,0.03803100370432233,21740360.0
2021-06-25,29.64943122863769,29.976503179030825,29.58097424130936,29.75591923079724,22774300,29.809154510498047,29.892826080322266,29.603790283203125,29.930855463299643,30.303567906389567,29.892831199367727,29.725487462980368,29.877613097699804,29.497302288189918,29.771123506793725,30.136227999122205,29.885226157544032,-0.005358195644365016,-0.0053726022600014195,0.0035848503630313555,-0.007325200161818035,29.854798889160158,29.880660247802734,29.835168647766114,0.01126318310535935,0.011390435690348361,0.39552893772146547,-0.10648800215954779,18740040.0
2021-06-28,29.755916595458984,29.82437357672442,29.58857956470584,29.67224662929232,19225700,29.64943122863769,30.02975082397461,29.398420333862305,29.976503179030825,30.113420807704188,29.801554260772264,29.58097424130936,29.71789182198852,29.360386422464718,29.75591923079724,29.87001880135313,29.64182227859059,0.003591480929267865,0.003585046962013932,-0.005358195644365016,0.004580521871181631,29.8091609954834,29.895492458343504,29.849260749816896,0.008159665586197363,0.011406637581473922,0.2357940120185802,0.08366996616666356,18687560.0
2021-06-29,29.74070930480957,29.877623293554432,29.649434279506576,29.763530237320875,14516600,29.755916595458984,29.520116806030277,29.459272384643555,29.82437357672442,29.99931267952425,29.67985632637584,29.58857956470584,29.43644685623873,29.421241370933245,29.67224662929232,29.8928247076367,29.474485370443748,-0.0005110677938832131,-0.0005111984335405626,0.003591480929267865,-0.01697097058619146,29.73157730102539,29.91831178665161,29.85762554168701,0.007444351802078848,0.011307958770643813,0.22818901404785663,-0.022820932511304903,18395700.0
2021-06-30,29.78634262084961,29.870012587172425,29.527727680206468,29.771129635919998,21248100,29.74070930480957,29.984106063842773,29.28432273864746,29.877623293554432,30.029745019304503,29.664638618370155,29.649434279506576,29.573367071008114,29.269109755268968,29.763530237320875,29.573367071008114,29.61899966823467,0.001534372148705332,0.0015331962024990274,-0.0005110677938832131,0.015717731093723764,29.748310852050782,29.932383441925047,29.865396614074708,0.003723603089640543,0.011199975380156888,0.3422849069659577,0.01521298492961165,18240240.0
2021-07-01,30.09060287475586,30.143846882470477,29.748317895461337,29.79395395831341,20035900,29.78634262084961,30.12862777709961,29.50490951538086,29.870012587172425,30.18947681574136,29.61139750780914,29.527727680206468,29.86240489099883,29.314751557021737,29.771129635919998,29.97650082812491,29.390813579733315,0.010214757071023373,0.010162939013840756,0.001534372148705332,0.004819944037988577,29.804600524902344,29.95482244491577,29.87172077178955,0.005714553008027625,0.011375526401637474,0.39552898700913985,0.2966489164424502,19560120.0
2021-07-02,30.219900131225582,30.29596504982122,29.95368017009076,30.01452920338731,16592700,30.09060287475586,29.702674865722656,29.641822814941406,30.143846882470477,30.166660785086496,29.695066809965383,29.748317895461337,29.64943086529537,29.383207881290616,29.79395395831341,30.14384275678349,29.482087928289367,0.004296931404395243,0.004287725955349298,0.010214757071023373,-0.014137813196414939,29.918694305419923,29.97688055038452,29.894038009643555,0.004035923229740083,0.011370081617824965,0.3422848797304603,0.20537092783827404,18323800.0
2021-07-06,29.885229110717773,30.159057068713643,29.695071128951813,30.029748132290912,18931900,30.219900131225582,29.809154510498047,29.778738021850582,30.29596504982122,29.930855463299643,30.04495800812594,29.95368017009076,29.725487462980368,29.679855069128216,30.01452920338731,29.771123506793725,29.70267309607175,-0.011074524371508465,-0.01113630345596346,0.004296931404395243,0.0035848503630313555,29.94455680847168,29.988290119171143,29.909360580444336,0.0078116308152591934,0.011632379162242202,0.4639859397618302,-0.14451902157313867,18265040.0
2021-07-07,29.930858612060547,29.93846655454953,29.641820632236875,29.831978572342926,17665200,29.885229110717773,29.64943122863769,29.65703773498535,30.159057068713643,29.976503179030825,30.12102073596405,29.695071128951813,29.58097424130936,29.641824749474203,30.029748132290912,29.75591923079724,29.72549471899537,0.0015268245451198759,0.0015256601336081223,-0.011074524371508465,-0.005358195644365016,29.982586669921876,30.007305812835693,29.92529453277588,0.007773186670214865,0.011595102478871614,0.2966459223126563,0.0988800397176206,18894760.0
2021-07-08,29.85478782653809,29.90803180200049,29.611385966830213,29.66462994229262,23021200,29.930858612060547,29.755916595458984,29.55054473876953,29.93846655454953,29.82437357672442,29.74831063479581,29.641820632236875,29.58857956470584,29.26911178074147,29.831978572342926,29.67224662929232,29.71788466593329,-0.002541550394809078,-0.002544785616829525,0.0015268245451198759,0.003591480929267865,29.99627571105957,29.986007690429688,29.94317165374756,0.00795403988158002,0.01013470596263753,0.29664583517027765,0.19015788424546898,19249380.0
2021-07-09,30.12862777709961,30.5013357554284,30.01453183997353,30.067775836877644,21578700,29.85478782653809,29.74070930480957,30.280750274658203,29.90803180200049,29.877623293554432,30.303568298096973,29.611385966830213,29.649434279506576,29.6494245447742,29.66462994229262,29.763530237320875,29.66463752759331,0.009172396472973743,0.00913058552105432,-0.002541550394809078,-0.0005110677938832131,30.00388069152832,29.94531383514404,29.9611026763916,0.007642828588620694,0.008983332997551148,0.4868039154548711,0.060851940221965606,19557940.0
2021-07-12,30.242725372314453,30.615436308416754,30.121024375101985,30.166663337149405,24513000,30.12862777709961,29.78634262084961,30.9425048828125,30.5013357554284,29.870012587172425,30.97293085416787,30.01453183997353,29.527727680206468,30.341605005655392,30.067775836877644,29.771129635919998,30.3492129492844,0.003787015992197551,0.003779863299688163,0.009172396472973743,0.001534372148705332,30.008445739746094,29.930481815338133,29.98447910308838,0.007578896231847984,0.008606187626968497,0.49441193331476896,0.07606203516504806,21142000.0
2021-07-13,30.15904998779297,30.27314300911679,30.06777208883809,30.250324985168,12222000,30.242725372314453,30.09060287475586,30.539365768432617,30.615436308416754,30.143846882470477,30.93489172303878,30.121024375101985,29.748317895461337,30.387238838887257,30.166663337149405,29.79395395831341,30.92728668227244,-0.002766793782351562,-0.0027706284310232265,0.003787015992197551,0.010214757071023373,30.06320991516113,29.931242561340333,30.00542869567871,0.004951601338109827,0.008114997783616233,0.20537092027869974,-0.09127499737503086,19800020.0
2021-07-14,30.387243270874023,30.44809231061911,30.16665933594002,30.21229829193404,15888600,30.15904998779297,30.219900131225582,30.143835067749023,30.27314300911679,30.29596504982122,30.478511971006107,30.06777208883809,29.95368017009076,29.953677142848026,30.250324985168,30.01452920338731,30.44808600664283,0.007566328620212337,0.00753784753045334,-0.002766793782351562,0.004296931404395243,30.154486846923827,29.94493408203125,30.013166427612305,0.005557078109999775,0.008280586195479394,0.28143297467908823,0.1749449789399833,19444700.0
2021-07-15,30.493730545043945,30.569792568320523,30.31878557024365,30.387242551824656,20250800,30.387243270874023,29.885229110717773,30.113412857055664,30.44809231061911,30.159057068713643,30.303570805660065,30.16665933594002,29.695071128951813,29.96128591785614,30.21229829193404,30.029748132290912,30.20468785994337,0.0035043413849913385,0.0034982154880379645,0.007566328620212337,-0.011074524371508465,30.282275390625,29.974979305267333,30.021226196289064,0.004616106129147096,0.008094961629567217,0.2510069980768712,0.10648799321928948,18890620.0
2021-07-16,30.69149208068848,30.69149208068848,30.372028116288178,30.531760098488327,24270400,30.493730545043945,29.930858612060547,29.892826080322266,30.569792568320523,29.93846655454953,30.303567906389567,30.31878557024365,29.641820632236875,29.877613097699804,30.387242551824656,29.831978572342926,30.136227999122205,0.006485317870583707,0.006464378679424239,0.0035043413849913385,0.0015268245451198759,30.394848251342772,30.008066368103027,30.03293975830078,0.00401779189805222,0.008149990723938193,0.31946396440030256,0.15973198220015306,19428960.0
2021-07-19,30.539365768432617,30.691489796398137,30.181867919237995,30.478513835982536,29818400,30.69149208068848,29.85478782653809,30.02975082397461,30.69149208068848,29.90803180200049,30.113420807704188,30.372028116288178,29.611385966830213,29.71789182198852,30.531760098488327,29.66462994229262,29.87001880135313,-0.004956628105793004,-0.0049689529301297835,0.006485317870583707,-0.002541550394809078,30.454176330566405,30.059028816223144,30.047543983459473,0.005578452393967364,0.007124457089520043,0.5096218771601428,0.060851932450081136,20490040.0
2021-07-20,31.223934173583984,31.7259510352936,30.57739831738736,30.61542932629657,48804100,30.539365768432617,30.12862777709961,29.520116806030277,30.691489796398137,30.5013357554284,29.99931267952425,30.181867919237995,30.01453183997353,29.43644685623873,30.478513835982536,30.067775836877644,29.8928247076367,0.02241593392417407,0.022168389343805113,-0.004956628105793004,0.009172396472973743,30.66715316772461,30.121020221710204,30.069906311035155,0.009917373424808792,0.007928975759409936,1.1485527179062416,0.6085048472874135,27806460.0
2021-07-21,31.201114654541016,31.36845456762476,30.820798780499675,31.36845456762476,27530200,31.223934173583984,30.242725372314453,29.984106063842773,31.7259510352936,30.615436308416754,30.029745019304503,30.57739831738736,30.121024375101985,29.573367071008114,30.61542932629657,30.166663337149405,29.573367071008114,-0.000730834202894104,-0.0007311013923989145,0.02241593392417407,0.003787015992197551,30.829927444458008,30.174644565582277,30.087552909851073,0.010477886565054825,0.00792434558349688,0.547655787125084,-0.16733991308374385,30134780.0
2021-07-22,31.54340362548828,31.604252664430213,31.109843704798685,31.27718073807417,18913300,31.201114654541016,30.15904998779297,30.12862777709961,31.36845456762476,30.27314300911679,30.18947681574136,30.820798780499675,30.06777208883809,29.86240489099883,31.36845456762476,30.250324985168,29.97650082812491,0.010970408420887923,0.01091066999660581,-0.000730834202894104,-0.002766793782351562,31.039862060546874,30.266681003570557,30.119803810119627,0.010680282135779092,0.007228116169556198,0.494408959631528,0.2662228874141128,29867280.0
2021-07-23,31.703134536743164,31.81723047054442,31.505368638365,31.535794607589352,21609200,31.54340362548828,30.387243270874023,29.702674865722656,31.604252664430213,30.44809231061911,30.166660785086496,31.109843704798685,30.16665933594002,29.64943086529537,31.27718073807417,30.21229829193404,30.14384275678349,0.005063845143388868,0.005051066999112099,0.010970408420887923,0.007566328620212337,31.242190551757812,30.36138000488281,30.15007671356201,0.01071085350031168,0.007241584694671222,0.3118618321794209,0.1673399291538118,29335040.0
2021-07-26,31.80201530456543,31.900895345391994,31.482548452782886,31.65749341145288,23720000,31.703134536743164,30.493730545043945,29.809154510498047,31.81723047054442,30.569792568320523,29.930855463299643,31.505368638365,30.31878557024365,29.725487462980368,31.535794607589352,30.387242551824656,29.771123506793725,0.0031189587170841193,0.0031141048553886513,0.005063845143388868,0.0035043413849913385,31.494720458984375,30.4690092086792,30.176090278625487,0.009016304105843902,0.006962588888913096,0.41834689260910807,0.14452189311255026,28115360.0
2021-07-27,32.02259826660156,32.098663189087,31.627072275997723,31.809622286802558,32544100,31.80201530456543,30.69149208068848,29.64943122863769,31.900895345391994,30.69149208068848,29.976503179030825,31.482548452782886,30.372028116288178,29.58097424130936,31.65749341145288,30.531760098488327,29.75591923079724,0.006936131560331127,0.006912187256618456,0.0031189587170841193,0.006485317870583707,31.65445327758789,30.582343292236327,30.20773239135742,0.004351825176587437,0.007004101330542162,0.47159091308927614,0.21297597979900473,24863360.0
2021-07-28,33.0494499206543,33.27003382321753,32.13669124578353,32.21275325969783,53822400,32.02259826660156,30.539365768432617,29.755916595458984,32.098663189087,30.691489796398137,29.82437357672442,31.627072275997723,30.181867919237995,29.58857956470584,31.809622286802558,30.478513835982536,29.67224662929232,0.03206646898242815,0.03156307291397886,0.006936131560331127,-0.004956628105793004,32.02412033081055,30.747780323028564,30.258542594909667,0.011786315507958887,0.009363732722910677,1.133342577434,0.8366966609564699,30121800.0
2021-07-29,32.842227935791016,33.23366240095333,32.71174782882986,33.17993615922243,29015000,33.0494499206543,31.223934173583984,29.74070930480957,33.27003382321753,31.7259510352936,29.877623293554432,32.13669124578353,30.57739831738736,29.649434279506576,32.21275325969783,30.61542932629657,29.763530237320875,-0.0062700585141592935,-0.006289797885644951,0.03206646898242815,0.02241593392417407,32.2838851928711,30.900574588775633,30.306120986938478,0.014284951111789165,0.009687244440075788,0.521914572123471,-0.33770822343141305,32142140.0
2021-07-30,32.85757827758789,33.14923417805322,32.765473640520426,32.91130451861363,24763300,32.842227935791016,31.201114654541016,29.78634262084961,33.23366240095333,31.36845456762476,29.870012587172425,32.71174782882986,30.820798780499675,29.527727680206468,33.17993615922243,31.36845456762476,29.771129635919998,0.000467396481958815,0.00046728728624694405,-0.0062700585141592935,-0.000730834202894104,32.51477394104004,31.038923358917238,30.3573530960083,0.014678350482752046,0.009652999542001939,0.38376053753279393,-0.05372624102574264,32772960.0
2021-08-02,33.7402229309082,33.87837694707622,33.19528371594563,33.233659180912234,43066900,32.85757827758789,31.54340362548828,30.09060287475586,33.14923417805322,31.604252664430213,30.143846882470477,32.765473640520426,31.109843704798685,29.748317895461337,32.91130451861363,31.27718073807417,29.79395395831341,0.026862742161444242,0.026508272707296932,0.000467396481958815,0.010970408420887923,32.9024154663086,31.214939498901366,30.421826591491698,0.016703309865086648,0.010875343542350835,0.6830932311305915,0.5065637499959692,36642340.0
2021-08-03,35.06036758422852,35.19852163025686,33.824658021342145,33.90140896786415,45643300,33.7402229309082,31.703134536743164,30.219900131225582,33.87837694707622,31.81723047054442,30.29596504982122,33.19528371594563,31.505368638365,29.95368017009076,33.233659180912234,31.535794607589352,30.01452920338731,0.03912673179497528,0.03838067945738139,0.026862742161444242,0.005063845143388868,33.509969329833986,31.473696422576904,30.51528907775879,0.020113210932266392,0.01250088816371028,1.3738636089147178,1.158958616364373,39262180.0
2021-08-04,34.68426513671875,35.1524533098976,34.54611115355582,34.80706835199028,43391200,35.06036758422852,31.80201530456543,29.885229110717773,35.19852163025686,31.900895345391994,30.159057068713643,33.824658021342145,31.482548452782886,29.695071128951813,33.90140896786415,31.65749341145288,30.029748132290912,-0.01072728192613015,-0.010785234033243095,0.03912673179497528,0.0031189587170841193,33.83693237304688,31.711366748809816,30.603359375,0.02189672182443524,0.013124273739252177,0.6063421563417819,-0.12280321527153149,37175940.0
2021-08-05,34.58449935913086,34.64589952027433,34.30819131433417,34.53844704237793,23505400,34.68426513671875,32.02259826660156,29.930858612060547,35.1524533098976,32.098663189087,29.93846655454953,34.54611115355582,31.627072275997723,29.641820632236875,34.80706835199028,31.809622286802558,29.831978572342926,-0.002876398770296329,-0.002880543555183383,-0.01072728192613015,0.006936131560331127,34.185386657714844,31.947852325439452,30.696736183166504,0.02131538664373809,0.01313793409696097,0.33770820594016016,0.046052316752927425,36074020.0
2021-08-06,34.592166900634766,34.7763732058083,34.254458756986494,34.60751767005422,20413000,34.58449935913086,33.0494499206543,29.85478782653809,34.64589952027433,33.27003382321753,29.90803180200049,34.30819131433417,32.13669124578353,29.611385966830213,34.53844704237793,32.21275325969783,29.66462994229262,0.0002217045684045349,0.00022167999557858058,-0.002876398770296329,0.03206646898242815,34.53230438232422,32.171029281616214,30.796503715515136,0.021344763363406485,0.013228697175344615,0.5219144488218035,-0.0153507694194559,35203960.0
2021-08-09,35.29060745239258,35.32898290836452,34.62286514933007,34.62286514933007,32374300,34.592166900634766,32.842227935791016,30.12862777709961,34.7763732058083,33.23366240095333,30.5013357554284,34.254458756986494,32.71174782882986,30.01453183997353,34.60751767005422,33.17993615922243,30.067775836877644,0.020190714093281992,0.01998958441986435,0.0002217045684045349,-0.0062700585141592935,34.84238128662109,32.42342338562012,30.914347457885743,0.020248148066292215,0.013523376479695771,0.7061177590344556,0.6677423030625107,33065440.0
2021-08-10,36.98683547973633,37.27849427593958,35.22153778708339,35.45947034817818,81189400,35.29060745239258,32.85757827758789,30.242725372314453,35.32898290836452,33.14923417805322,30.615436308416754,34.62286514933007,32.765473640520426,30.121024375101985,34.62286514933007,32.91130451861363,30.166663337149405,0.0480645743950987,0.04694520078983036,0.020190714093281992,0.000467396481958815,35.227674865722655,32.76481266021729,31.064898719787596,0.023659298202943487,0.015979821444647765,2.056956488856187,1.527365131558149,40174660.0
2021-08-11,35.54389953613281,36.9024120946305,35.505521142794976,36.67215344604487,50878200,36.98683547973633,33.7402229309082,30.15904998779297,37.27849427593958,33.87837694707622,30.27314300911679,35.22153778708339,33.19528371594563,30.06777208883809,35.45947034817818,33.233659180912234,30.250324985168,-0.03901214918464824,-0.03979351232344215,0.0480645743950987,0.026862742161444242,35.399601745605466,33.022645473480225,31.190090255737303,0.03204196378032475,0.019432020727996106,1.3968909518355233,-1.128253909912054,41672060.0
2021-08-12,36.25769805908203,36.38050131799071,35.56692789780778,35.68973115671646,29676400,35.54389953613281,35.06036758422852,30.387243270874023,36.9024120946305,35.19852163025686,30.44809231061911,35.505521142794976,33.824658021342145,30.16665933594002,36.67215344604487,33.90140896786415,30.21229829193404,0.02008216690528264,0.019883179841229125,-0.03901214918464824,0.03912673179497528,35.7342414855957,33.31084384918213,31.32514602661133,0.0322186954908001,0.019581091062545863,0.8135734201829337,0.5679669023655691,42906260.0
2021-08-13,37.20941925048828,37.22477002245935,36.31909497118924,36.38817198112884,35379200,36.25769805908203,34.68426513671875,30.493730545043945,36.38050131799071,35.1524533098976,30.569792568320523,35.56692789780778,34.54611115355582,30.31878557024365,35.68973115671646,34.80706835199028,30.387242551824656,0.026248803491479622,0.025910215880269125,0.02008216690528264,-0.01072728192613015,36.25769195556641,33.63674020767212,31.476497955322266,0.03236440920334147,0.0199493735833629,0.9056750512701157,0.8212472693594393,45899500.0
2021-08-16,37.53945159912109,37.585503912667726,36.46492103924812,37.017537090366815,38045800,37.20941925048828,34.58449935913086,30.69149208068848,37.22477002245935,34.64589952027433,30.69149208068848,36.31909497118924,34.30819131433417,30.372028116288178,36.38817198112884,34.53844704237793,30.531760098488327,0.00886959149808475,0.008830487724312289,0.026248803491479622,-0.002876398770296329,36.70746078491211,33.986744499206544,31.631712226867677,0.03231649962126683,0.01964604610154025,1.1205828734196075,0.5219145087542714,47033800.0
2021-08-17,38.69841384887695,38.75214302144175,37.385953423345214,37.43967966804927,68817000,37.53945159912109,34.592166900634766,30.539365768432617,37.585503912667726,34.7763732058083,30.691489796398137,36.46492103924812,34.254458756986494,30.181867919237995,37.017537090366815,34.60751767005422,30.478513835982536,0.030873180091501418,0.030406190768103636,0.00886959149808475,0.0002217045684045349,37.04977645874023,34.36046848297119,31.812539749145508,0.028297990632065003,0.020002571916048255,1.3661895980965397,1.2587341808276804,44559320.0
2021-08-18,37.846458435058594,39.80363623767609,37.73900304453989,38.5525762913071,88598000,38.69841384887695,35.29060745239258,31.223934173583984,38.75214302144175,35.32898290836452,31.7259510352936,37.385953423345214,34.62286514933007,30.57739831738736,37.43967966804927,34.62286514933007,30.61542932629657,-0.02201525409143046,-0.022261206299459272,0.030873180091501418,0.020190714093281992,37.51028823852539,34.69273567199707,31.97845802307129,0.02114290337846654,0.02118928869812024,2.0646331931361956,-0.706117856248504,52103280.0
2021-08-19,37.45502471923828,38.34534897412346,37.04056267096579,37.224769001707,57741600,37.846458435058594,36.98683547973633,31.201114654541016,39.80363623767609,37.27849427593958,31.36845456762476,37.73900304453989,35.22153778708339,30.820798780499675,38.5525762913071,35.45947034817818,31.36845456762476,-0.010342677545165269,-0.01039653470792028,-0.02201525409143046,0.0480645743950987,37.74975357055664,34.98831672668457,32.12194351196289,0.022837581878797097,0.02166394043002929,1.3047863031576696,0.2302557175312785,57716320.0
2021-08-20,37.39362335205078,38.16881825917995,37.34757103888917,37.5931775200307,35157500,37.45502471923828,35.54389953613281,31.54340362548828,38.34534897412346,36.9024120946305,31.604252664430213,37.04056267096579,35.505521142794976,31.109843704798685,37.224769001707,36.67215344604487,31.27718073807417,-0.0016393359141466668,-0.0016406810956035676,-0.010342677545165269,-0.03901214918464824,37.78659439086914,35.272841167449954,32.25096588134765,0.02012181995201987,0.02177711315833402,0.821247220290779,-0.19955416797991887,57671980.0
2021-08-23,38.32232284545898,39.419878083374144,38.06903951615848,38.598630867292194,88652400,37.39362335205078,36.25769805908203,31.703134536743164,38.16881825917995,36.38050131799071,31.81723047054442,37.34757103888917,35.56692789780778,31.505368638365,37.5931775200307,35.68973115671646,31.535794607589352,0.024835771721417377,0.02453237704252945,-0.0016393359141466668,0.02008216690528264,37.94316864013672,35.59885654449463,32.406625022888186,0.022748731684499816,0.022033941609419315,1.3508385672156606,-0.27630802183321634,67793300.0
2021-08-24,37.13266372680664,38.414422285359,37.025211264156745,38.17649266887995,52624100,38.32232284545898,37.20941925048828,31.80201530456543,39.419878083374144,37.22477002245935,31.900895345391994,38.06903951615848,36.31909497118924,31.482548452782886,38.598630867292194,36.38817198112884,31.65749341145288,-0.03104350233282649,-0.03153556214746332,0.024835771721417377,0.026248803491479622,37.630018615722655,35.854359817504886,32.54640159606934,0.021514855521219255,0.023838195059208766,1.3892110212022573,-1.0438289420733113,64554720.0
2021-08-25,36.46492385864258,37.05591541948097,36.01976317138043,36.871712006772654,51036800,37.13266372680664,37.53945159912109,32.02259826660156,38.414422285359,37.585503912667726,32.098663189087,37.025211264156745,36.46492103924812,31.627072275997723,38.17649266887995,37.017537090366815,31.809622286802558,-0.01798254693163881,-0.018146197803570865,-0.03104350233282649,0.00886959149808475,37.353711700439455,36.025133514404295,32.67343181610107,0.020927601761823678,0.02377246349697974,1.0361522481005352,-0.4067881481300759,57042480.0
2021-08-26,36.36514663696289,36.96381209382948,36.30374355017641,36.610753128388176,29029300,36.46492385864258,38.69841384887695,33.0494499206543,37.05591541948097,38.75214302144175,33.27003382321753,36.01976317138043,37.385953423345214,32.13669124578353,36.871712006772654,37.43967966804927,32.21275325969783,-0.0027362520230804765,-0.002740002403533697,-0.01798254693163881,0.030873180091501418,37.135736083984376,36.20127944946289,32.80287822723389,0.020921635640413817,0.023695759247921028,0.6600685436530753,-0.2456064914252849,51300020.0
2021-08-27,35.76647186279297,36.457241826437816,35.712745635382795,36.35746329216472,32924500,36.36514663696289,37.846458435058594,32.842227935791016,36.96381209382948,39.80363623767609,33.23366240095333,36.30374355017641,37.73900304453989,32.71174782882986,36.610753128388176,38.5525762913071,33.17993615922243,-0.016462872545147555,-0.01659989153016295,-0.0027362520230804765,-0.02201525409143046,36.810305786132815,36.346724128723146,32.917612648010255,0.021247775134657813,0.024177755448068793,0.7444961910550205,-0.5909914293717478,50853420.0
2021-08-30,35.889278411865234,36.19628796367756,35.42876701200682,35.45946855276007,25774400,35.76647186279297,37.45502471923828,32.85757827758789,36.457241826437816,38.34534897412346,33.14923417805322,35.712745635382795,37.04056267096579,32.765473640520426,36.35746329216472,37.224769001707,32.91130451861363,0.00343356620533819,0.003427684975444811,-0.016462872545147555,-0.010342677545165269,36.32369689941406,36.454176902770996,33.044995880126955,0.013581082172523915,0.02359925495069785,0.7675209516707397,0.4298098591051627,38277820.0
2021-08-31,35.35969161987305,36.18093884133967,35.2522391502023,35.85858143232744,34547800,35.889278411865234,37.39362335205078,33.7402229309082,36.19628796367756,38.16881825917995,33.87837694707622,35.42876701200682,37.34757103888917,33.19528371594563,35.45946855276007,37.5931775200307,33.233659180912234,-0.014756128164925775,-0.014866082834944986,0.00343356620533819,-0.0016393359141466668,35.969102478027345,36.469143104553225,33.152507591247556,0.009498497306527975,0.022342838095643892,0.9286996911373677,-0.4988898124543937,34662560.0
2021-09-01,35.33666229248047,35.50551489644792,34.86079723512356,35.45178866865921,32900100,35.35969161987305,38.32232284545898,35.06036758422852,36.18093884133967,39.419878083374144,35.19852163025686,35.2522391502023,38.06903951615848,33.824658021342145,35.85858143232744,38.598630867292194,33.90140896786415,-0.0006512875632556092,-0.00065149974313238,-0.014756128164925775,0.024835771721417377,35.74345016479492,36.50176296234131,33.25666828155518,0.008861704909768602,0.022185572603120655,0.644717661324357,-0.11512637617874333,31035220.0
2021-09-02,35.950679779052734,35.97370446958969,35.40574063203852,35.674371781169484,26106300,35.33666229248047,37.13266372680664,34.68426513671875,35.50551489644792,38.414422285359,35.1524533098976,34.86079723512356,37.025211264156745,34.54611115355582,35.45178866865921,38.17649266887995,34.80706835199028,0.017376216279004097,0.017226976171422614,-0.0006512875632556092,-0.03104350233282649,35.66055679321289,36.5700719833374,33.38162837982178,0.013950349258594395,0.022451997722984767,0.5679638375511686,0.2763079978832508,30450620.0
2021-09-03,35.950679779052734,36.0965076988867,35.5669193215171,35.99673208798659,20817200,35.950679779052734,36.46492385864258,34.58449935913086,35.97370446958969,37.05591541948097,34.64589952027433,35.40574063203852,36.01976317138043,34.30819131433417,35.674371781169484,36.871712006772654,34.53844704237793,0.0,0.0,0.017376216279004097,-0.01798254693163881,35.69739837646485,36.6379976272583,33.50445888519287,0.011467918835356684,0.02245306899793473,0.5295883773695991,-0.04605230893385226,28029160.0
2021-09-07,35.8816032409668,36.45724393467214,35.72042454941569,36.0658095512109,26236900,35.950679779052734,36.36514663696289,34.592166900634766,36.0965076988867,36.96381209382948,34.7763732058083,35.5669193215171,36.30374355017641,34.254458756986494,35.99673208798659,36.610753128388176,34.60751767005422,-0.0019214250887735762,-0.0019232733939255383,0.0,-0.0027362520230804765,35.69586334228516,36.667547416687015,33.629102325439455,0.011443249227922286,0.02205980274443475,0.7368193852564531,-0.18420631024410028,28121660.0
2021-09-08,35.69740295410156,35.91231084029202,35.49784876820378,35.69740295410156,15839600,35.8816032409668,35.76647186279297,35.29060745239258,36.45724393467214,36.457241826437816,35.32898290836452,35.72042454941569,35.712745635382795,34.62286514933007,36.0658095512109,36.35746329216472,34.62286514933007,-0.00513355787444103,-0.005146779852604084,-0.0019214250887735762,-0.016462872545147555,35.76340560913086,36.60307579040527,33.747932052612306,0.008855800194157881,0.01910304447947802,0.4144620720882415,0.0,24380020.0
2021-09-09,35.3289909362793,35.85858230375542,35.19083692109947,35.66670205243457,21695300,35.69740295410156,35.889278411865234,36.98683547973633,35.91231084029202,36.19628796367756,37.27849427593958,35.49784876820378,35.42876701200682,35.22153778708339,35.69740295410156,35.45946855276007,35.45947034817818,-0.01032041513764903,-0.010374039894192635,-0.00513355787444103,0.00343356620533819,35.761871337890625,36.592330360412596,33.8596976852417,0.010470066278160056,0.01711993576334932,0.6677453826559514,-0.33771111615527616,22139060.0
2021-09-10,34.99127960205078,35.57459422536403,34.9298765217757,35.51319407294896,20801500,35.3289909362793,35.35969161987305,35.54389953613281,35.85858230375542,36.18093884133967,36.9024120946305,35.19083692109947,35.2522391502023,35.505521142794976,35.66670205243457,35.85858143232744,36.67215344604487,-0.009559042737383172,-0.009605023643322502,-0.01032041513764903,-0.014756128164925775,35.56999130249024,36.52900943756104,33.96379642486572,0.004550789405057332,0.01654843550444763,0.6447177035883342,-0.5219144708981815,21078100.0
2021-09-13,34.216087341308594,35.17548858446516,33.924428543588135,35.106411577843474,37086200,34.99127960205078,35.33666229248047,36.25769805908203,35.57459422536403,35.50551489644792,36.38050131799071,34.9298765217757,34.86079723512356,35.56692789780778,35.51319407294896,35.45178866865921,35.68973115671646,-0.022153870037286527,-0.022402952651660004,-0.009559042737383172,-0.0006512875632556092,35.2230728149414,36.37934284210205,34.046306114196774,0.007694040911590489,0.01577546507514968,1.2510600408770216,-0.8903242365348802,24331900.0
2021-09-14,34.31586456298828,34.73800054409303,34.193061315251256,34.28516301908893,24100200,34.216087341308594,35.950679779052734,37.20941925048828,35.17548858446516,35.97370446958969,37.22477002245935,33.924428543588135,35.40574063203852,36.31909497118924,35.106411577843474,35.674371781169484,36.38817198112884,0.002916090921922132,0.00291184737649757,-0.022153870037286527,0.017376216279004097,34.909925079345705,36.21816349029541,34.12822540283203,0.009109207673813811,0.015573396118549446,0.5449392288417769,0.030701543899354533,23904560.0
2021-09-15,34.36191177368164,34.82242315231214,34.1316560843664,34.200733083946965,28674600,34.31586456298828,35.950679779052734,37.53945159912109,34.73800054409303,36.0965076988867,37.585503912667726,34.193061315251256,35.5669193215171,36.46492103924812,34.28516301908893,35.99673208798659,37.017537090366815,0.0013418636330388978,0.0013409641386100547,0.002916090921922132,0.0,34.642826843261716,36.00133838653564,34.21775905609131,0.010168439434280765,0.013289025708644627,0.6907670679457425,0.16117868973467608,26471560.0
2021-09-16,34.13165283203125,34.530764021815166,33.79394178721273,34.446336260610536,22424200,34.36191177368164,35.8816032409668,38.69841384887695,34.82242315231214,36.45724393467214,38.75214302144175,34.1316560843664,35.72042454941569,37.385953423345214,34.200733083946965,36.0658095512109,37.43967966804927,-0.006700993331423155,-0.006723545792961914,0.0013418636330388978,-0.0019214250887735762,34.40335922241211,35.81559810638428,34.30177494049072,0.01005050926960679,0.012737769089973266,0.7368222346024353,-0.31468342857928633,26617340.0
2021-09-17,33.686492919921875,34.12397961281489,33.2413323060395,33.90139784194371,56370500,34.13165283203125,35.69740295410156,37.846458435058594,34.530764021815166,35.91231084029202,39.80363623767609,33.79394178721273,35.49784876820378,37.73900304453989,34.446336260610536,35.69740295410156,38.5525762913071,-0.0130424364240459,-0.01312823583675759,-0.006700993331423155,-0.00513355787444103,34.14240188598633,35.62717151641846,34.3784090423584,0.010401472725300065,0.012810627866561529,0.8826473067753895,-0.2149049220218373,33731140.0
2021-09-20,33.9244270324707,34.26981205019441,33.30273400056804,33.30273400056804,41873000,33.686492919921875,35.3289909362793,37.45502471923828,34.12397961281489,35.85858230375542,38.34534897412346,33.2413323060395,35.19083692109947,37.04056267096579,33.90139784194371,35.66670205243457,37.224769001707,0.00706319037468317,0.007038362884521384,-0.0130424364240459,-0.01032041513764903,34.08406982421875,35.453711700439456,34.45432502746582,0.008077968892444332,0.013083188366984397,0.9670780496263731,0.6216930319026659,34688500.0
2021-09-21,33.709529876708984,34.331223106023266,33.65580362665404,33.96281327942033,23645600,33.9244270324707,34.99127960205078,37.39362335205078,34.26981205019441,35.57459422536403,38.16881825917995,33.30273400056804,34.9298765217757,37.34757103888917,33.30273400056804,35.51319407294896,37.5931775200307,-0.006334584680119493,-0.006354733295463543,0.00706319037468317,-0.009559042737383172,33.96280288696289,35.22307205200195,34.52366111755371,0.007815976791072857,0.011072224303900834,0.675419479369225,-0.25328340271134664,34597580.0
2021-09-22,33.73255157470703,34.07025979110317,33.64044986621,33.76325312015955,22616700,33.709529876708984,34.216087341308594,38.32232284545898,34.331223106023266,35.17548858446516,39.419878083374144,33.65580362665404,33.924428543588135,38.06903951615848,33.96281327942033,35.106411577843474,38.598630867292194,0.0006829433125363771,0.0006827102128755065,-0.006334584680119493,-0.022153870037286527,33.83693084716797,35.053066444396975,34.595131149291994,0.0077181429446358165,0.009507892506552224,0.4298099248931706,-0.03070154545251569,33386000.0
2021-09-23,33.91675567626953,34.32354384207462,33.88605705805792,33.98583269100167,19719200,33.73255157470703,34.31586456298828,37.13266372680664,34.07025979110317,34.73800054409303,38.414422285359,33.64044986621,34.193061315251256,37.025211264156745,33.76325312015955,34.28516301908893,38.17649266887995,0.00546072244652307,0.005445866759022474,0.0006829433125363771,0.002916090921922132,33.793951416015624,34.92565803527832,34.6657213973999,0.008408217457754464,0.009231361147080137,0.4374867840166985,-0.06907701473213734,32845000.0
2021-09-24,33.72487258911133,34.085608405687,33.62509696449876,33.82465114158424,16150700,33.91675567626953,34.36191177368164,36.46492385864258,34.32354384207462,34.82242315231214,37.05591541948097,33.88605705805792,34.1316560843664,36.01976317138043,33.98583269100167,34.200733083946965,36.871712006772654,-0.005657471752006593,-0.005673535862136314,0.00546072244652307,0.0013418636330388978,33.80162734985352,34.79364433288574,34.73034423828125,0.0061646849373357656,0.009240498855246214,0.4605114411882383,-0.09977855247291245,24801040.0
2021-09-27,33.44088363647461,33.87069637211058,33.39483133084441,33.70951476633476,19955900,33.72487258911133,34.13165283203125,36.36514663696289,34.085608405687,34.530764021815166,36.96381209382948,33.62509696449876,33.79394178721273,36.30374355017641,33.82465114158424,34.446336260610536,36.610753128388176,-0.008420756872730473,-0.00845641174766704,-0.005657471752006593,-0.006700993331423155,33.704918670654294,34.677364921569826,34.78533206939697,0.005757761780269798,0.008822363246634662,0.475865041266168,-0.2686311298601538,20417620.0
2021-09-28,33.03409957885742,33.218302951576575,32.565911370751515,33.05712426848236,28512200,33.44088363647461,33.686492919921875,35.76647186279297,33.87069637211058,34.12397961281489,36.457241826437816,33.39483133084441,33.2413323060395,35.712745635382795,33.70951476633476,33.90139784194371,36.35746329216472,-0.012164273589155394,-0.012238863873395633,-0.008420756872730473,-0.0130424364240459,33.56983261108398,34.534605979919434,34.83522674560547,0.007077763430715279,0.008883245460030654,0.6523915808250607,-0.023024689624939754,21390940.0
2021-09-29,33.410179138183594,33.532982347786785,33.064797124078005,33.17224956649836,18037200,33.03409957885742,33.9244270324707,35.889278411865234,33.218302951576575,34.26981205019441,36.19628796367756,32.565911370751515,33.30273400056804,35.42876701200682,33.05712426848236,33.30273400056804,35.45946855276007,0.011384586355333015,0.011320269637920554,-0.012164273589155394,0.00706319037468317,33.505358123779295,34.43713035583496,34.87895164489746,0.009907730973860253,0.009151694295554255,0.4681852237087796,0.23792957168523543,20475040.0
2021-09-30,33.01107406616211,33.80929653979939,32.98037545399145,33.609742385320075,21103300,33.410179138183594,33.709529876708984,35.35969161987305,33.532982347786785,34.331223106023266,36.18093884133967,33.064797124078005,33.65580362665404,35.2522391502023,33.17224956649836,33.96281327942033,35.85858143232744,-0.011945613053159554,-0.012017535232283218,0.011384586355333015,-0.006334584680119493,33.324221801757815,34.320850944519044,34.915150833129886,0.00974046110509902,0.009358786369160727,0.8289210858079414,-0.5986683191579658,20751860.0
2021-10-01,32.94968032836914,33.08015750710983,32.00562974759519,32.63499680144449,38483000,33.01107406616211,33.73255157470703,35.33666229248047,33.80929653979939,34.07025979110317,35.50551489644792,32.98037545399145,33.64044986621,34.86079723512356,33.609742385320075,33.76325312015955,35.45178866865921,-0.0018597921918541704,-0.0018615237525810863,-0.011945613053159554,0.0006829433125363771,33.169183349609376,34.17080097198486,34.9432763671875,0.009858881555211935,0.008006728842943157,1.0745277595146447,0.31468352692465373,25218320.0
2021-10-04,32.5582389831543,33.27203373792367,32.39706027797676,32.94967632756858,28906500,32.94968032836914,33.91675567626953,35.950679779052734,33.08015750710983,34.32354384207462,35.97370446958969,32.00562974759519,33.88605705805792,35.40574063203852,32.63499680144449,33.98583269100167,35.674371781169484,-0.011879973988027426,-0.011951104795044645,-0.0018597921918541704,0.00546072244652307,32.992654418945314,34.001178932189944,34.96037845611572,0.01030520123510038,0.008109521113746914,0.8749734599469079,-0.39143734441428535,27008440.0
2021-10-05,32.48149108886719,32.84222692469216,32.45078954372028,32.64266980909773,19342600,32.5582389831543,33.72487258911133,35.950679779052734,33.27203373792367,34.085608405687,36.0965076988867,32.39706027797676,33.62509696449876,35.5669193215171,32.94967632756858,33.82465114158424,35.99673208798659,-0.002357249552926377,-0.002360032239504993,-0.011879973988027426,-0.005657471752006593,32.88213272094727,33.83117332458496,34.973967971801756,0.009578069176268546,0.008101643192560634,0.39143738097187963,-0.16117872023054503,25174520.0
2021-10-06,32.25123596191406,32.38938998981028,31.99795260148416,32.281937507637785,30483800,32.48149108886719,33.44088363647461,35.8816032409668,32.84222692469216,33.87069637211058,36.45724393467214,32.45078954372028,33.39483133084441,35.72042454941569,32.64266980909773,33.70951476633476,36.0658095512109,-0.007088810249602173,-0.007114055240357422,-0.002357249552926377,-0.008420756872730473,32.65034408569336,33.658864974975586,34.97854072570801,0.004905469769465173,0.008115961969924292,0.3914373883261213,-0.030701545723722745,27663840.0
2021-10-07,32.80384826660156,32.972700892765545,32.397060152621485,32.63499271257737,19778300,32.25123596191406,33.03409957885742,35.69740295410156,32.38938998981028,33.218302951576575,35.91231084029202,31.99795260148416,32.565911370751515,35.49784876820378,32.281937507637785,33.05712426848236,35.69740295410156,0.017134608588027067,0.016989466801445592,-0.007088810249602173,-0.012164273589155394,32.60889892578125,33.532607841491696,34.97362869262695,0.01103031992098138,0.009395404607427462,0.5756407401440597,0.16885555402419072,27398840.0
2021-10-08,32.58126449584961,32.93432342564206,32.496836723973146,32.7961694221824,12778600,32.80384826660156,33.410179138183594,35.3289909362793,32.972700892765545,33.532982347786785,35.85858230375542,32.397060152621485,33.064797124078005,35.19083692109947,32.63499271257737,33.17224956649836,35.66670205243457,-0.006785294485664672,-0.006808419261264821,0.017134608588027067,0.011384586355333015,32.53521575927734,33.41210708618164,34.96840942382813,0.011318999468430128,0.009323929867408627,0.43748670166891657,-0.21490492633279246,22257960.0
2021-10-11,32.28193283081055,32.711742697232026,32.24355444028566,32.58126553859982,11984200,32.58126449584961,33.01107406616211,34.99127960205078,32.93432342564206,33.80929653979939,35.57459422536403,32.496836723973146,32.98037545399145,34.9298765217757,32.7961694221824,33.609742385320075,35.51319407294896,-0.009187232898133613,-0.009229695800106871,-0.006785294485664672,-0.011945613053159554,32.47995452880859,33.31539936065674,34.95689651489258,0.010794944151926444,0.0083611779978015,0.46818825694636246,-0.2993327077892758,18873500.0
2021-10-12,32.120758056640625,32.39706613135886,31.974930096255225,32.35869066050594,16222300,32.28193283081055,32.94968032836914,34.216087341308594,32.711742697232026,33.08015750710983,35.17548858446516,32.24355444028566,32.00562974759519,33.924428543588135,32.58126553859982,32.63499680144449,35.106411577843474,-0.004992723794285725,-0.005005229080720365,-0.009187232898133613,-0.0018597921918541704,32.40780792236328,33.205644035339354,34.924507217407225,0.010901512654489845,0.008259426131753686,0.4221360351036374,-0.23793260386531756,18249440.0
2021-10-13,31.790719985961918,32.16680658280944,31.422310239095584,32.04400333385399,28205700,32.120758056640625,32.5582389831543,34.31586456298828,32.39706613135886,33.27203373792367,34.73800054409303,31.974930096255225,32.39706027797676,34.193061315251256,32.35869066050594,32.94967632756858,34.28516301908893,-0.010274915370824367,-0.010328066710907819,-0.004992723794285725,-0.011879973988027426,32.31570472717285,33.07708444595337,34.859114265441896,0.011344030420585736,0.008326417256124586,0.744496343713859,-0.25328334789207574,17793820.0
2021-10-14,31.982595443725582,32.20517721399629,31.867469062035884,31.898170601630454,17590300,31.790719985961918,32.48149108886719,34.36191177368164,32.16680658280944,32.84222692469216,34.82242315231214,31.422310239095584,32.45078954372028,34.1316560843664,32.04400333385399,32.64266980909773,34.200733083946965,0.006035580755905823,0.006017439596733231,-0.010274915370824367,-0.002357249552926377,32.15145416259766,32.969631576538085,34.80508087158203,0.0065253477379956445,0.008579956987831925,0.3377081519604097,0.08442484209512813,17356220.0
2021-10-15,31.844438552856445,32.25889755021601,31.760010798327457,32.15912195655396,23550300,31.982595443725582,32.25123596191406,34.13165283203125,32.20517721399629,32.38938998981028,34.530764021815166,31.867469062035884,31.99795260148416,33.79394178721273,31.898170601630454,32.281937507637785,34.446336260610536,-0.004319752320046333,-0.004329109406686814,0.006035580755905823,-0.007088810249602173,32.004088973999025,32.87752885818482,34.750279655456545,0.006453334394678507,0.00827002764900188,0.4988867518885556,-0.314683403697515,19510560.0
2021-10-18,31.713964462280277,32.00562323427549,31.499059539683792,31.81374300256864,21733000,31.844438552856445,32.80384826660156,33.686492919921875,32.25889755021601,32.972700892765545,34.12397961281489,31.760010798327457,32.397060152621485,33.2413323060395,32.15912195655396,32.63499271257737,33.90139784194371,-0.004097233190643368,-0.004105649848425853,-0.004319752320046333,0.017134608588027067,31.89049530029297,32.76700572967529,34.692715606689454,0.0059177538283640765,0.007941220718457149,0.5065636945916978,-0.0997785402883622,21460320.0
2021-10-19,32.30495834350586,32.38938612022918,31.882822387749428,31.928871772972915,17159800,31.713964462280277,32.58126449584961,33.9244270324707,32.00562323427549,32.93432342564206,34.26981205019441,31.499059539683792,32.496836723973146,33.30273400056804,31.81374300256864,32.7961694221824,33.30273400056804,0.018635130966628166,0.018463624336242723,-0.004097233190643368,-0.006785294485664672,31.927335357666017,32.696777153015134,34.63300262451172,0.01137506671620608,0.009292412710034507,0.506563732479755,0.37608657053294436,21647820.0
2021-10-20,32.84989547729492,33.0878280214995,32.31263023648911,32.32798100655328,22788300,32.30495834350586,32.28193283081055,33.709529876708984,32.38938612022918,32.711742697232026,34.331223106023266,31.882822387749428,32.24355444028566,33.65580362665404,31.928871772972915,32.58126553859982,33.96281327942033,0.016868529220642303,0.01672783557388593,0.018635130966628166,-0.009187232898133613,32.139170455932614,32.652644348144534,34.55026382446289,0.011003118174069789,0.010206040092645792,0.7751977850103842,0.5219144707416419,20564340.0
2021-10-21,32.89595031738281,33.07247979490689,32.56591605527164,33.04945510196991,22142300,32.84989547729492,32.120758056640625,33.73255157470703,33.0878280214995,32.39706613135886,34.07025979110317,32.31263023648911,31.974930096255225,33.64044986621,32.32798100655328,32.35869066050594,33.76325312015955,0.00140197828391031,0.0014009964299408588,0.016868529220642303,-0.004992723794285725,32.321841430664065,32.6016040802002,34.49730484008789,0.011257306935319756,0.010104896089537907,0.5065637396352471,-0.15350478458709915,21474740.0
2021-10-22,33.12620544433594,33.14923013686561,32.719420261057294,32.86524819351224,17183000,32.89595031738281,31.790719985961918,33.91675567626953,33.07247979490689,32.16680658280944,34.32354384207462,32.56591605527164,31.422310239095584,33.88605705805792,33.04945510196991,32.04400333385399,33.98583269100167,0.006999497650367337,0.006975114878671554,0.00140197828391031,-0.010274915370824367,32.578194808959964,32.57167072296143,34.43467498779297,0.009780431832801884,0.010225028965969548,0.4298098758083171,0.2609572508237008,20201280.0
2021-10-25,33.11853790283203,33.187614921588455,32.67337424243271,33.156913373727654,22846200,33.12620544433594,31.982595443725582,33.72487258911133,33.14923013686561,32.20517721399629,34.085608405687,32.719420261057294,31.867469062035884,33.62509696449876,32.86524819351224,31.898170601630454,33.82465114158424,-0.0002314645278883587,-0.00023149131993654626,0.006999497650367337,0.006035580755905823,32.859109497070314,32.5555534362793,34.35285736083984,0.008679711291434135,0.010068490361865433,0.5142406791557477,-0.03837547089562321,20423920.0
2021-10-26,33.43321990966797,33.58672178618406,32.94200395009038,33.25669040938597,29729100,33.11853790283203,31.844438552856445,33.44088363647461,33.187614921588455,32.25889755021601,33.87069637211058,32.67337424243271,31.760010798327457,33.39483133084441,33.156913373727654,32.15912195655396,33.70951476633476,0.009501687778584733,0.009456830664934272,-0.0002314645278883587,-0.004319752320046333,33.08476181030274,32.57550945281982,34.270732727050785,0.006841709569629858,0.009904437014152145,0.644717836093676,0.1765295002820011,22937780.0
2021-10-27,32.98038101196289,33.43321855621899,32.75779920102029,33.35646469320749,22317500,33.43321990966797,31.713964462280277,33.03409957885742,33.58672178618406,32.00562323427549,33.218302951576575,32.94200395009038,31.499059539683792,32.565911370751515,33.25669040938597,31.81374300256864,33.05712426848236,-0.01354457928158248,-0.013637143878176524,0.009501687778584733,-0.004097233190643368,33.11085891723633,32.55401954650879,34.1563720703125,0.008963023500905044,0.010049601784680983,0.6754193551986987,-0.37608368124460156,22843620.0
2021-10-28,33.14155197143555,33.51763556460921,32.95734567120572,32.96502251963937,18023400,32.98038101196289,32.30495834350586,33.410179138183594,33.43321855621899,32.38938612022918,33.532982347786785,32.75779920102029,31.882822387749428,33.064797124078005,33.35646469320749,31.928871772972915,33.17224956649836,0.0048868737876071044,0.004874971779888811,-0.01354457928158248,0.018635130966628166,33.159979248046874,32.56054344177246,34.06227394104004,0.009152557312663954,0.00974973901541641,0.5602898934034855,0.17652945179617774,22019840.0
2021-10-29,33.57136917114258,33.640446176904895,32.895949884562164,33.0724793597636,30307500,33.14155197143555,32.84989547729492,33.01107406616211,33.51763556460921,33.0878280214995,33.80929653979939,32.95734567120572,32.31263023648911,32.98037545399145,32.96502251963937,32.32798100655328,33.609742385320075,0.01296913313164949,0.012885754053685168,0.0048868737876071044,0.016868529220642303,33.2490119934082,32.59162788391113,33.98460083007812,0.010355903821204833,0.010137608790997892,0.7444962923427312,0.49888981137898014,24644740.0
2021-11-01,33.4946174621582,33.99350730550447,33.34111266975471,33.87837797923675,32681500,33.57136917114258,32.89595031738281,32.94968032836914,33.640446176904895,33.07247979490689,33.08015750710983,32.895949884562164,32.56591605527164,32.00562974759519,33.0724793597636,33.04945510196991,32.63499680144449,-0.002286225163862232,-0.0022888425666879406,0.01296913313164949,0.00140197828391031,33.32422790527344,32.63844680786133,33.90662071228027,0.01054123609783195,0.00971506597278159,0.652394635749765,-0.3837605170785494,26611800.0
2021-11-02,34.88383102416992,35.336668544117614,33.0417794008226,34.599849065922825,69248000,33.4946174621582,33.12620544433594,32.5582389831543,33.99350730550447,33.14923013686561,33.27203373792367,33.34111266975471,32.719420261057294,32.39706027797676,33.87837797923675,32.86524819351224,32.94967632756858,0.04147572557236212,0.04063867426759199,-0.002286225163862232,0.006999497650367337,33.614350128173825,32.75856380462646,33.83785087585449,0.020751699126792037,0.013146126102999294,2.2948891432950163,0.2839819582470966,34515580.0
2021-11-03,34.400291442871094,35.29829254729078,34.13933418228917,34.93755673558215,44593100,34.88383102416992,33.11853790283203,32.48149108886719,35.336668544117614,33.187614921588455,32.84222692469216,33.0417794008226,32.67337424243271,32.45078954372028,34.599849065922825,33.156913373727654,32.64266980909773,-0.01386142425021486,-0.013958390898013881,0.04147572557236212,-0.0002314645278883587,33.89833221435547,32.86601657867432,33.78320343017578,0.020836918335319254,0.013519371271655629,1.1589583650016095,-0.537265292711055,38970700.0
2021-11-04,33.95121383666992,34.431255947525464,33.533116740217714,34.29188926418805,38172500,34.400291442871094,33.43321990966797,32.25123596191406,35.29829254729078,33.58672178618406,32.38938998981028,34.13933418228917,32.94200395009038,31.99795260148416,34.93755673558215,33.25669040938597,32.281937507637785,-0.013054470975833454,-0.013140429496955824,-0.01386142425021486,0.009501687778584733,34.060264587402344,32.92338485717774,33.73292922973633,0.023069352931024623,0.013580535206086545,0.8981392073077501,-0.3406754275181285,43000520.0
2021-11-08,37.41990280151367,37.77606088919436,36.85469167744371,37.636694167308725,57423300,37.63668823242188,33.14155197143555,32.58126449584961,37.791540449383085,33.51763556460921,32.93432342564206,36.04171541877405,32.95734567120572,32.496836723973146,37.23407364974688,32.96502251963937,32.7961694221824,-0.005759949695081312,-0.005776602181102065,0.1085520657223562,0.0048868737876071044,35.6583854675293,33.433054542541505,33.79142868041992,0.052785476781032986,0.02719908751647477,0.9213692117506511,-0.21679136579505354,76679200.0
2021-11-09,36.62240982055664,37.45861003835382,36.50627287045844,37.41989772165442,29920400,37.41990280151367,33.57136917114258,32.28193283081055,37.77606088919436,33.640446176904895,32.711742697232026,36.85469167744371,32.895949884562164,32.24355444028566,37.636694167308725,33.0724793597636,32.58126553859982,-0.021312000332741943,-0.021542380128286596,-0.005759949695081312,0.01296913313164949,36.00610122680664,33.6581371307373,33.80609130859375,0.05485899382712928,0.02783860084947868,0.9523371678953794,-0.7974879010977816,68813680.0
2021-11-10,37.954132080078125,38.10124005449276,36.699834796190565,36.699834796190565,42696200,36.62240982055664,33.4946174621582,32.120758056640625,37.45861003835382,33.99350730550447,32.39706613135886,36.50627287045844,33.34111266975471,31.974930096255225,37.41989772165442,33.87837797923675,32.35869066050594,0.03636358901685299,0.03571803691658546,-0.021312000332741943,-0.002286225163862232,36.71686935424805,33.96630773544312,33.85798011779785,0.05377616216441076,0.028271623804864223,1.4014052583021979,1.25429728388756,68434300.0
2021-11-11,38.85227584838867,39.10003823059472,37.72960089263968,38.11672998403171,42370400,37.954132080078125,34.88383102416992,31.790719985961918,38.10124005449276,35.336668544117614,32.16680658280944,36.699834796190565,33.0417794008226,31.422310239095584,36.699834796190565,34.599849065922825,32.04400333385399,0.023663925878099068,0.023388275364098845,0.03636358901685299,0.04147572557236212,37.6970817565918,34.30979175567627,33.92829238891601,0.050369483425989486,0.02844006422550016,1.370437337955039,0.7355458643569648,69273880.0
2021-11-12,38.50385665893555,39.0922944949152,38.37997547560726,39.03809370824621,27780600,38.85227584838867,34.400291442871094,31.982595443725582,39.10003823059472,35.29829254729078,32.20517721399629,37.72960089263968,34.13933418228917,31.867469062035884,38.11672998403171,34.93755673558215,31.898170601630454,-0.008967793567942972,-0.009008246257869347,0.023663925878099068,-0.01386142425021486,37.87051544189453,34.642762660980225,33.97935592651367,0.024160965729458334,0.028583096454576632,0.712319019307941,-0.5342370493106614,40038180.0
2021-11-15,38.44191360473633,38.79032736657085,38.22511934095741,38.5038527132731,27763200,38.50385665893555,33.95121383666992,31.844438552856445,39.0922944949152,34.431255947525464,32.25889755021601,38.37997547560726,33.533116740217714,31.760010798327457,39.03809370824621,34.29188926418805,32.15912195655396,-0.0016087493454981505,-0.001610044772257524,-0.008967793567942972,-0.013054470975833454,38.07491760253906,34.979160118103025,34.02918060302734,0.02377573554686257,0.028524267864934734,0.5652080256134369,-0.06193910853676954,34106160.0
2021-11-16,38.40321350097656,38.83679924615669,37.85349077385335,38.30256204067147,31297200,38.44191360473633,37.63668823242188,31.713964462280277,38.79032736657085,37.791540449383085,32.00562323427549,38.22511934095741,36.04171541877405,31.499059539683792,38.5038527132731,37.23407364974688,31.81374300256864,-0.001006716371034111,-0.0010072234503118714,-0.0016087493454981505,0.1085520657223562,38.431078338623045,35.28407287597656,34.07961280822754,0.0193451911828605,0.028550687789393864,0.9833084723033352,0.10065146030509453,34381520.0
2021-11-17,39.386512756347656,39.55685050094321,38.47288786843421,38.66645241327078,36889800,38.40321350097656,37.41990280151367,32.30495834350586,38.83679924615669,37.77606088919436,32.38938612022918,37.85349077385335,36.85469167744371,31.882822387749428,38.30256204067147,37.636694167308725,31.928871772972915,0.025604608722290534,0.025282300858152605,-0.001006716371034111,-0.005759949695081312,38.71755447387695,35.6109037399292,34.15339500427246,0.015933959445505765,0.028742742835869046,1.0839626325089995,0.7200603430768737,33220240.0
2021-11-18,39.80461502075195,40.036891896323965,39.185209034706354,39.56459390897647,32872600,39.386512756347656,36.62240982055664,32.84989547729492,39.55685050094321,37.45861003835382,33.0878280214995,38.47288786843421,36.50627287045844,32.31263023648911,38.66645241327078,37.41989772165442,32.32798100655328,0.010615366407042748,0.010559418991660708,0.025604608722290534,-0.021312000332741943,38.90802230834961,35.956336975097656,34.242907485961915,0.013517685749037181,0.028680067570520686,0.8516828616176113,0.24002111177548358,31320680.0
2021-11-19,39.33231735229492,40.91180484468758,39.23940719202498,40.23045677773297,47966200,39.80461502075195,37.954132080078125,32.89595031738281,40.036891896323965,38.10124005449276,33.07247979490689,39.185209034706354,36.699834796190565,32.56591605527164,39.56459390897647,36.699834796190565,33.04945510196991,-0.011865399733443027,-0.011936355425817759,0.010615366407042748,0.03636358901685299,39.07371444702149,36.266642570495605,34.329728240966794,0.01430169113243139,0.029089507538073708,1.6723976526626032,-0.8981394254380461,35357800.0
2021-11-22,39.64201736450195,39.85106741675974,39.00712592589406,39.44845282947369,27287900,39.33231735229492,38.85227584838867,33.12620544433594,40.91180484468758,39.10003823059472,33.14923013686561,39.23940719202498,37.72960089263968,32.719420261057294,40.23045677773297,38.11672998403171,32.86524819351224,0.007873932507792114,0.00784309487109747,-0.011865399733443027,0.023663925878099068,39.31373519897461,36.592816543579104,34.43824684143066,0.013938453467826814,0.02901038286752061,0.8439414908656815,0.19356453502826554,35262740.0
2021-11-23,39.549095153808594,39.835569751290336,38.94517198027149,39.16196620181075,24946200,39.64201736450195,38.50385665893555,33.11853790283203,39.85106741675974,39.0922944949152,33.187614921588455,39.00712592589406,38.37997547560726,32.67337424243271,39.44845282947369,39.03809370824621,33.156913373727654,-0.0023440333482263043,-0.0023467848950477353,0.007873932507792114,-0.008967793567942972,39.542911529541016,36.898610305786136,34.54291145324707,0.0141239746901808,0.029129135093815945,0.8903977710188471,0.3871289519978447,33992540.0
2021-11-24,39.40199661254883,39.74267208737167,39.26262990985957,39.6265321839438,18556800,39.549095153808594,38.44191360473633,33.43321990966797,39.835569751290336,38.79032736657085,33.58672178618406,38.94517198027149,38.22511934095741,32.94200395009038,39.16196620181075,38.5038527132731,33.25669040938597,-0.0037193908150791044,-0.003726324948270767,-0.0023440333482263043,-0.0016087493454981505,39.54600830078125,37.21969108581543,34.64371315002441,0.00914792410674589,0.028813250724024513,0.48004217751210376,-0.2245355713949735,30325940.0
2021-11-26,41.8099365234375,42.53773805889716,41.229242960611984,41.84090755564264,66561300,39.40199661254883,38.40321350097656,32.98038101196289,39.74267208737167,38.83679924615669,33.43321855621899,39.26262990985957,37.85349077385335,32.75779920102029,39.6265321839438,38.30256204067147,33.35646469320749,0.061112129280316285,0.05931753668714727,-0.0037193908150791044,-0.001006716371034111,39.94707260131836,37.653110313415525,34.79727882385254,0.0293063087120318,0.031017474113817656,1.308495098285178,-0.030971032205137305,37063680.0
2021-11-29,40.57112503051758,43.12617613259196,40.34658947593341,42.70033477450627,72660800,41.8099365234375,39.386512756347656,33.14155197143555,42.53773805889716,39.55685050094321,33.51763556460921,41.229242960611984,38.47288786843421,32.95734567120572,41.84090755564264,38.66645241327078,32.96502251963937,-0.02962959516155872,-0.030077419716747444,0.061112129280316285,0.025604608722290534,40.19483413696289,38.00309810638428,34.934971466064454,0.03343743072078889,0.03238855727348903,2.7795866566585445,-2.129209743988689,42002600.0
2021-11-30,41.60089111328125,42.166099222867146,40.19174148038259,40.50144592975922,64598400,40.57112503051758,39.80461502075195,33.57136917114258,43.12617613259196,40.036891896323965,33.640446176904895,40.34658947593341,39.185209034706354,32.895949884562164,42.70033477450627,39.56459390897647,33.0724793597636,0.025381748275136173,0.02506498059439646,-0.02962959516155872,0.010615366407042748,40.58660888671875,38.40841178894043,35.08850074768066,0.034496453879690116,0.03242737020153995,1.9743577424845569,1.099445183522029,49464700.0
2021-12-01,42.3364372253418,42.71582207691918,40.15302940915516,40.62532736825237,59810400,41.60089111328125,39.33231735229492,33.4946174621582,42.166099222867146,40.91180484468758,33.99350730550447,40.19174148038259,39.23940719202498,33.34111266975471,40.50144592975922,40.23045677773297,33.87837797923675,0.017681018179577457,0.017526527356216324,0.025381748275136173,-0.011865399733443027,41.14407730102539,38.78104209899902,35.26103889465332,0.033837954922672955,0.03169309030623038,2.562792667764022,1.7111098570894256,56437540.0
2021-12-02,41.066654205322266,42.64614158711786,40.85760414418221,41.67057463513095,46361700,42.3364372253418,39.64201736450195,34.88383102416992,42.71582207691918,39.85106741675974,35.336668544117614,40.15302940915516,39.00712592589406,33.0417794008226,40.62532736825237,39.44845282947369,34.599849065922825,-0.02999267541718087,-0.0304516563969097,0.017681018179577457,0.007873932507792114,41.47700881958008,39.11436023712158,35.407720947265624,0.038961616050280354,0.03253146018507428,1.7885374429356489,-0.6039204298086815,61998520.0
2021-12-03,42.01898193359375,42.12737758081565,41.11309853948529,41.5853963911463,37574800,41.066654205322266,39.549095153808594,34.400291442871094,42.64614158711786,39.835569751290336,35.29829254729078,40.85760414418221,38.94517198027149,34.13933418228917,41.67057463513095,39.16196620181075,34.93755673558215,0.023189805614796333,0.02292500799478229,-0.02999267541718087,-0.0023440333482263043,41.51881790161133,39.51774864196777,35.56976547241211,0.028562650185020837,0.032224042925665074,1.0142790413303544,0.43358554244745307,56201220.0
2021-12-06,39.85881042480469,41.72477250514613,39.68073139929366,41.63960363347552,53724000,42.01898193359375,39.40199661254883,33.95121383666992,42.12737758081565,39.74267208737167,34.431255947525464,41.11309853948529,39.26262990985957,33.533116740217714,41.5853963911463,39.6265321839438,34.29188926418805,-0.051409420442479314,-0.05277799647820486,0.023189805614796333,-0.0037193908150791044,41.37635498046875,39.628854751586914,35.692444229125975,0.035324234275208526,0.026046347054204028,2.0440411058524646,-1.7807932086708291,52413860.0
2021-12-07,40.04463577270508,40.6485562344779,39.02261516652306,39.68073346699033,41575400,39.85881042480469,41.8099365234375,37.63668823242188,41.72477250514613,42.53773805889716,37.791540449383085,39.68073139929366,41.229242960611984,36.04171541877405,41.63960363347552,41.84090755564264,37.23407364974688,0.004662089658971524,0.00465125577827662,-0.051409420442479314,0.061112129280316285,41.065103912353514,39.760091400146486,35.82451927185058,0.03223852512103859,0.025961908164101457,1.625941067954841,0.36390230571474547,47809260.0
2021-12-08,39.796871185302734,41.0976251493408,39.510393535364926,40.8421185351088,37429200,40.04463577270508,40.57112503051758,37.41990280151367,40.6485562344779,43.12617613259196,37.77606088919436,39.02261516652306,40.34658947593341,36.85469167744371,39.68073346699033,42.70033477450627,37.636694167308725,-0.006187210412117783,-0.0062064305187006065,0.004662089658971524,-0.02962959516155872,40.5571907043457,39.918814468383786,35.95977470397949,0.029268418011087812,0.025408938887755528,1.5872316139758738,-1.0452473498060684,43333020.0
2021-12-09,40.3233642578125,40.91954041034761,39.88203441267872,39.88203441267872,38325700,39.796871185302734,41.60089111328125,36.62240982055664,41.0976251493408,42.166099222867146,37.45861003835382,39.510393535364926,40.19174148038259,36.50627287045844,40.8421185351088,40.50144592975922,37.41989772165442,0.013229509175691323,0.013142763450531437,-0.006187210412117783,0.025381748275136173,40.40853271484375,40.037276077270505,36.09803840637207,0.028987849263712444,0.024386663620540133,1.0375059976688874,0.4413298451337795,41725820.0
2021-12-10,40.8653450012207,40.91954283648276,39.57233528345378,39.64201863644221,26079400,40.3233642578125,42.3364372253418,37.954132080078125,40.91954041034761,42.71582207691918,38.10124005449276,39.88203441267872,40.15302940915516,36.699834796190565,39.88203441267872,40.62532736825237,36.699834796190565,0.013440861232286494,0.013351334178605788,0.013229509175691323,0.017681018179577457,40.17780532836914,40.13792953491211,36.25512382507324,0.027021567743038363,0.02404238514992843,1.34720755302898,1.2233263647784938,39426740.0
2021-12-13,42.739051818847656,43.14940770615234,41.376355777869726,41.376355777869726,54923200,40.8653450012207,41.066654205322266,38.85227584838867,40.91954283648276,42.64614158711786,39.10003823059472,39.57233528345378,40.85760414418221,37.72960089263968,39.64201863644221,41.67057463513095,38.11672998403171,0.045850752454701826,0.04483067138466683,0.013440861232286494,-0.02999267541718087,40.75385360717773,40.34968929290771,36.45091125488281,0.019428705270310428,0.025697627054231058,1.7730519282826123,1.36269604097793,39666580.0
2021-12-14,43.00229644775391,43.31974215699624,42.0577006016161,42.40611734433581,48685700,42.739051818847656,42.01898193359375,38.50385665893555,43.14940770615234,42.12737758081565,39.0922944949152,41.376355777869726,41.11309853948529,38.37997547560726,41.376355777869726,41.5853963911463,39.03809370824621,0.006159346492337736,0.006140455249851138,0.045850752454701826,0.023189805614796333,41.3453857421875,40.5777084350586,36.6597924041748,0.019255731405361187,0.025642474441808956,1.2620415553801436,0.5961791034181019,41088640.0
2021-12-15,45.52637481689453,45.61928496011728,43.27328390721151,43.44362163108672,75202900,43.00229644775391,39.85881042480469,38.44191360473633,43.31974215699624,41.72477250514613,38.79032736657085,42.0577006016161,39.68073139929366,38.22511934095741,42.40611734433581,41.63960363347552,38.5038527132731,0.058696362232823374,0.057038304291418755,0.006159346492337736,-0.051409420442479314,42.49128646850586,40.93386650085449,36.920690078735355,0.02327385808968033,0.028145171141981385,2.3460010529057698,2.0827531858078103,48643380.0
2021-12-16,47.42331314086914,47.56267984842511,44.71340953281948,45.18570749136353,75183600,45.52637481689453,40.04463577270508,38.40321350097656,45.61928496011728,40.6485562344779,38.83679924615669,43.27328390721151,39.02261516652306,37.85349077385335,43.44362163108672,39.68073346699033,38.30256204067147,0.04166679933563855,0.040822121882460025,0.058696362232823374,0.004662089658971524,43.911276245117186,41.335706520080564,37.22413162231445,0.022379713540312148,0.02886631631840053,2.8492703156056294,2.2376056495056105,56014960.0
2021-12-17,46.05287170410156,47.37685235402457,45.44895132769323,46.40128844186032,104192100,47.42331314086914,39.796871185302734,39.386512756347656,47.56267984842511,41.0976251493408,39.55685050094321,44.71340953281948,39.510393535364926,38.47288786843421,45.18570749136353,40.8421185351088,38.66645241327078,-0.02889805342567975,-0.0293238248793374,0.04166679933563855,-0.006187210412117783,44.94878158569336,41.648119354248045,37.489112091064456,0.03573333980590382,0.030126535242397685,1.927901026331341,-0.34841673775876103,71637500.0
2021-12-20,47.24523162841797,47.77946867688736,46.32386551346226,46.92004167671806,55712200,46.05287170410156,40.3233642578125,39.80461502075195,47.37685235402457,40.91954041034761,40.036891896323965,45.44895132769323,39.88203441267872,39.185209034706354,46.40128844186032,39.88203441267872,39.56459390897647,0.025891109070842466,0.025561609606330447,-0.02889805342567975,0.013229509175691323,45.85001754760742,42.0437650680542,37.78239143371582,0.033844036735793344,0.030015781432516167,1.4556031634251028,0.3251899516999117,71795300.0
2021-12-21,45.642520904541016,46.4864624500299,44.25659803518175,46.4632326959019,63877900,47.24523162841797,40.8653450012207,39.33231735229492,47.77946867688736,40.91954283648276,40.91180484468758,46.32386551346226,39.57233528345378,39.23940719202498,46.92004167671806,39.64201863644221,40.23045677773297,-0.0339232271413592,-0.034511972918645335,0.025891109070842466,0.013440861232286494,46.37806243896485,42.343790245056155,38.04960319519043,0.041931100095089026,0.03156003093209098,2.2298644148481443,-0.8207117913608855,74833740.0
2021-12-22,46.1070671081543,46.91229620335333,45.07730541916102,45.87479027972846,62594900,45.642520904541016,42.739051818847656,39.64201736450195,46.4864624500299,43.14940770615234,39.85106741675974,44.25659803518175,41.376355777869726,39.00712592589406,46.4632326959019,41.376355777869726,39.44845282947369,0.010177926074347532,0.010126479768084054,-0.0339232271413592,0.045850752454701826,46.4942008972168,42.671688842773435,38.329329376220706,0.033359616015317554,0.03147766754580743,1.834990784192307,0.23227682842583874,72312140.0
2021-12-23,45.45669174194336,46.51742745150098,45.14699027816876,46.31611869416528,39203200,46.1070671081543,43.00229644775391,39.549095153808594,46.91229620335333,43.31974215699624,39.835569751290336,45.07730541916102,42.0577006016161,38.94517198027149,45.87479027972846,42.40611734433581,39.16196620181075,-0.014105763107537084,-0.01420619494772965,0.010177926074347532,0.006159346492337736,46.10087661743164,42.97442359924317,38.60264881134033,0.02561698518668474,0.03176845904104487,1.3704371733322205,-0.8594269522219236,65116060.0
2021-12-27,45.836082458496094,45.97544915991946,45.08505111788801,45.56509033747937,27362600,45.45669174194336,45.52637481689453,39.40199661254883,46.51742745150098,45.61928496011728,39.74267208737167,45.14699027816876,43.27328390721151,39.26262990985957,46.31611869416528,43.44362163108672,39.6265321839438,0.008346201670515807,0.00831156472055003,-0.014105763107537084,0.058696362232823374,46.057518768310544,43.1757308959961,38.87971855163574,0.023402696640414528,0.029180476391324716,0.8903980420314497,0.2709921210167252,49750160.0
2021-12-28,44.91470718383789,46.02964064136508,44.194649930598246,45.71993624681642,36901700,45.836082458496094,47.42331314086914,41.8099365234375,45.97544915991946,47.56267984842511,42.53773805889716,45.08505111788801,44.71340953281948,41.229242960611984,45.56509033747937,45.18570749136353,41.84090755564264,-0.020101527557301546,-0.0203063122325902,0.008346201670515807,0.04166679933563855,45.59141387939453,43.39291000366211,39.14112392425537,0.018940167483311073,0.02865826382444185,1.8349907107668315,-0.8052290629785261,45988060.0
2021-12-29,44.581787109375,44.93020092508248,44.186913786351056,44.37273704781418,26170200,44.91470718383789,46.05287170410156,40.57112503051758,46.02964064136508,47.37685235402457,43.12617613259196,44.194649930598246,45.44895132769323,40.34658947593341,45.71993624681642,46.40128844186032,42.70033477450627,-0.007412273069046904,-0.00743988047208004,-0.020101527557301546,-0.02889805342567975,45.37926712036133,43.541954803466794,39.39848037719727,0.013458781369687723,0.028397085466888648,0.743287138731425,0.2090500615608235,38446520.0
2021-12-30,45.21668243408203,45.47993035403788,44.54307563817216,44.713413396249706,24559000,44.581787109375,47.24523162841797,41.60089111328125,44.93020092508248,47.77946867688736,42.166099222867146,44.186913786351056,46.32386551346226,40.19174148038259,44.37273704781418,46.92004167671806,40.50144592975922,0.014241136703412316,0.014140684297108682,-0.007412273069046904,0.025891109070842466,45.20119018554688,43.68596706390381,39.65671485900879,0.014645901231511587,0.028319203655104576,0.9368547158657208,0.5032690378323252,30839340.0
2021-12-31,45.71994400024414,46.30063762332996,45.247646047564665,45.31732940047738,28579600,45.21668243408203,45.642520904541016,42.3364372253418,45.47993035403788,46.4864624500299,42.71582207691918,44.54307563817216,44.25659803518175,40.15302940915516,44.713413396249706,46.4632326959019,40.62532736825237,0.0111299975821042,0.011068514939491786,0.014241136703412316,-0.0339232271413592,45.253840637207034,43.9186315536499,39.914115829467775,0.014557320625527006,0.027217438381009006,1.0529915757652972,0.40261459976676406,28714620.0
2022-01-03,43.86172103881836,45.33280960611826,43.621699972786615,45.29409729316093,57219200,45.71994400024414,46.1070671081543,41.066654205322266,46.30063762332996,46.91229620335333,42.64614158711786,45.247646047564665,45.07730541916102,40.85760414418221,45.31732940047738,45.87479027972846,41.67057463513095,-0.040643596619800326,-0.04149263249326382,0.0111299975821042,0.010177926074347532,44.858968353271486,44.010768508911134,40.13343124389648,0.022756697418209394,0.028761454596309244,1.7111096333316453,-1.4323762543425715,34685940.0
2022-01-04,42.22029113769531,43.69138263559443,41.763478763384335,43.528789151575296,66993100,43.86172103881836,45.45669174194336,42.01898193359375,45.33280960611826,46.51742745150098,42.12737758081565,43.621699972786615,45.14699027816876,41.11309853948529,45.29409729316093,46.31611869416528,41.5853963911463,-0.037422833902717945,-0.03814104346524164,-0.040643596619800326,-0.014105763107537084,44.32008514404297,44.12884254455567,40.31531295776367,0.02603562501055141,0.027524052279329997,1.927903872210095,-1.3084980138799835,40704220.0
2022-01-05,43.07198333740234,43.69913057229756,42.87067455680938,43.234576846185504,52956400,42.22029113769531,45.836082458496094,39.85881042480469,43.69138263559443,45.97544915991946,41.72477250514613,41.763478763384335,45.08505111788801,39.68073139929366,43.528789151575296,45.56509033747937,41.63960363347552,0.02017257997888633,0.01997180904187277,-0.037422833902717945,0.008346201670515807,44.018124389648435,44.280209922790526,40.514381866455075,0.029893330496658276,0.027783524554170668,0.8284560154881859,-0.1625935087831678,46061460.0
2022-01-06,42.46032333374024,43.07198807141181,42.18933412265075,42.70808574203945,37000400,43.07198333740234,44.91470718383789,40.04463577270508,43.69913057229756,46.02964064136508,40.6485562344779,42.87067455680938,44.194649930598246,39.02261516652306,43.234576846185504,45.71993624681642,39.68073346699033,-0.014200878535606032,-0.014302675901768059,0.02017257997888633,-0.020101527557301546,43.46685256958008,44.4133825302124,40.694923934936526,0.027574923057758348,0.027995384182100097,0.8826539487610603,-0.24776240829920937,48549740.0
2022-01-07,43.14167404174805,43.180386366592735,42.297732364465205,42.8629405771686,27703400,42.46032333374024,44.581787109375,39.796871185302734,43.07198807141181,44.93020092508248,41.0976251493408,42.18933412265075,44.186913786351056,39.510393535364926,42.70808574203945,44.37273704781418,40.8421185351088,0.01604676211842193,0.01591937380424799,-0.014200878535606032,-0.007412273069046904,42.95119857788086,44.55429801940918,40.89814979553223,0.028680097768697222,0.028053336250724818,0.8826540021275306,0.2787334645794459,48374500.0
2022-01-10,43.54427337646485,43.55975593809906,42.38288631893733,43.13391460771764,34044700,43.14167404174805,45.21668243408203,40.3233642578125,43.180386366592735,45.47993035403788,40.91954041034761,42.297732364465205,44.54307563817216,39.88203441267872,42.8629405771686,44.713413396249706,39.88203441267872,0.009332028570036677,0.00928875420814286,0.01604676211842193,0.014241136703412316,42.88770904541016,44.68824443817139,41.106204223632815,0.024219192267179824,0.02799365702164529,1.176869619161728,0.41035876874720856,43739600.0
2022-01-11,43.892696380615234,44.46564874930317,43.21135128984552,43.93915293598798,33576600,43.54427337646485,45.71994400024414,40.8653450012207,43.55975593809906,46.30063762332996,40.91954283648276,42.38288631893733,45.247646047564665,39.57233528345378,43.13391460771764,45.31732940047738,39.64201863644221,0.008001580394695562,0.007969737499828313,0.009332028570036677,0.0111299975821042,43.22219009399414,44.74592666625976,41.31263076782226,0.013299355551044724,0.026205762259979858,1.2542974594576535,-0.046456555372742514,37056300.0
2022-01-12,43.86172103881836,44.25659135667944,43.28102748377784,43.621699972786615,27608500,43.892696380615234,43.86172103881836,42.739051818847656,44.46564874930317,45.33280960611826,43.14940770615234,43.21135128984552,43.621699972786615,41.376355777869726,43.93915293598798,45.29409729316093,41.376355777869726,-0.0007057060593469444,-0.000705955187082241,0.008001580394695562,-0.040643596619800326,43.38013763427735,44.78889789581299,41.51997283935547,0.011646001838752137,0.026188649344006946,0.9755638729016027,0.2400210660317441,31986720.0
2022-01-13,43.00229644775391,43.93914805874222,42.75453408705552,43.76881032817696,28117900,43.86172103881836,42.22029113769531,43.00229644775391,44.25659135667944,43.69138263559443,43.31974215699624,43.28102748377784,41.763478763384335,42.0577006016161,43.621699972786615,43.528789151575296,42.40611734433581,-0.019593955064003077,-0.01978846156179734,-0.0007057060593469444,-0.037422833902717945,43.48853225708008,44.66269397735596,41.68234214782715,0.013773259617932073,0.02279088882500842,1.1846139716867015,-0.766513880423048,30210220.0
2022-01-14,42.54548263549805,42.87841385047727,42.20480718562522,42.56870943305839,27072500,43.00229644775391,43.07198333740234,45.52637481689453,43.93914805874222,43.69913057229756,45.61928496011728,42.75453408705552,42.87067455680938,43.27328390721151,43.76881032817696,43.234576846185504,43.44362163108672,-0.010623009699281427,-0.010679836674120943,-0.019593955064003077,0.02017257997888633,43.369293975830075,44.418802452087405,41.84524597167969,0.012363746972222674,0.02030966422463798,0.673606664852052,-0.02322679756034063,30084040.0
2022-01-18,41.89510726928711,42.23577977818347,41.36861151236344,42.19706746296621,35598000,42.54548263549805,42.46032333374024,47.42331314086914,42.87841385047727,43.07198807141181,47.56267984842511,42.20480718562522,42.18933412265075,44.71340953281948,42.56870943305839,42.70808574203945,45.18570749136353,-0.015286590395105604,-0.015404634861426774,-0.010623009699281427,-0.014200878535606032,43.03946075439453,44.21091423034668,42.00412384033203,0.011213933198356578,0.019692960948773697,0.8671682658200339,-0.30196019367910054,30394700.0
2022-01-19,41.45378112792969,42.18932694460592,41.38409777785383,41.53894999508467,27300400,41.89510726928711,43.14167404174805,46.05287170410156,42.23577977818347,43.180386366592735,47.37685235402457,41.36861151236344,42.297732364465205,45.44895132769323,42.19706746296621,42.8629405771686,46.40128844186032,-0.010534073549942957,-0.01058994965110814,-0.015286590395105604,0.01604676211842193,42.55167770385742,43.92134170532226,42.080465698242186,0.007034820085036442,0.01837105172739072,0.8052291667520848,-0.08516886715498373,29139460.0
2022-01-20,41.84865951538086,42.21256185274726,41.08988675410103,41.77897615191838,35105300,41.45378112792969,43.54427337646485,47.24523162841797,42.18932694460592,43.55975593809906,47.77946867688736,41.38409777785383,42.38288631893733,46.32386551346226,41.53894999508467,43.13391460771764,46.92004167671806,0.009525750768851315,0.009480666884104264,-0.010534073549942957,0.009332028570036677,42.14906539916992,43.73164863586426,42.16904083251953,0.01117460213389443,0.017487195902908568,1.1226750986462264,0.06968336346248094,30638820.0
2022-01-21,40.87308883666992,42.48354426815805,40.61758222702721,42.1351275066273,41059000,41.84865951538086,43.892696380615234,45.642520904541016,42.21256185274726,44.46564874930317,46.4864624500299,41.08988675410103,43.21135128984552,44.25659803518175,41.77897615191838,43.93915293598798,46.4632326959019,-0.02331187402436108,-0.02358789389180557,0.009525750768851315,0.008001580394695562,41.72322387695313,43.46994972229004,42.254054412841796,0.012114782142618996,0.017642428312333456,1.8659620411308353,-1.2620386699573771,33227040.0
2022-01-24,39.9052619934082,40.3078765478348,38.57353715596332,40.06785548070736,59036400,40.87308883666992,43.86172103881836,46.1070671081543,42.48354426815805,44.25659135667944,46.91229620335333,40.61758222702721,43.28102748377784,45.07730541916102,42.1351275066273,43.621699972786615,45.87479027972846,-0.023678828070204938,-0.023963677100370562,-0.02331187402436108,-0.0007057060593469444,41.19517974853515,43.192378234863284,42.2930770111084,0.013587706101838858,0.018004148289411312,1.7343393918714796,-0.16259348729915502,39619820.0
2022-01-25,40.67951965332031,40.91179648330375,39.67298475435199,39.76589489563334,43983200,39.9052619934082,43.00229644775391,45.45669174194336,40.3078765478348,43.93914805874222,46.51742745150098,38.57353715596332,42.75453408705552,45.14699027816876,40.06785548070736,43.76881032817696,46.31611869416528,0.019402395103683467,0.019216568443982625,-0.023678828070204938,-0.019593955064003077,40.9520622253418,42.93455009460449,42.32962188720703,0.01948548492768554,0.018637289640170834,1.2388117289517666,0.9136247576869749,41296860.0
2022-01-26,41.04342269897461,41.51572063691138,40.617581312716354,40.70275018068009,39644800,40.67951965332031,42.54548263549805,45.836082458496094,40.91179648330375,42.87841385047727,45.97544915991946,39.67298475435199,42.20480718562522,45.08505111788801,39.76589489563334,42.56870943305839,45.56509033747937,0.00894560822633994,0.0089058333043253,0.019402395103683467,-0.010623009699281427,40.869990539550784,42.74098587036133,42.38041320800781,0.02021585634572302,0.018594504097070894,0.8981393241950286,0.34067251829451806,43765740.0
2022-01-27,41.63633346557617,42.580311078700205,41.34768067902613,41.36328393451758,36957200,41.04342269897461,41.89510726928711,44.91470718383789,41.51572063691138,42.23577977818347,46.02964064136508,40.617581312716354,41.36861151236344,44.194649930598246,40.70275018068009,42.19706746296621,45.71993624681642,0.014445938657459356,0.014342590206827514,0.00894560822633994,-0.015286590395105604,40.82752532958985,42.593713188171385,42.44430160522461,0.021010531860357517,0.019040865962126053,1.232630399674072,0.2730495310585894,44136120.0
2022-01-28,42.3852653503418,42.65051170620335,41.425684696772926,41.94838322253874,28590400,41.63633346557617,41.45378112792969,44.581787109375,42.580311078700205,42.18932694460592,44.93020092508248,41.34768067902613,41.38409777785383,44.186913786351056,41.36328393451758,41.53894999508467,44.37273704781418,0.017987460048201065,0.01782759982869,0.014445938657459356,-0.010534073549942957,41.12996063232422,42.452142333984376,42.523942642211914,0.01784711044388458,0.01923926116239475,1.2248270094304274,0.43688212780305946,41642400.0
2022-01-31,41.10583114624024,42.23704177590032,40.871788286038665,42.12782197287402,38644600,42.3852653503418,41.84865951538086,45.21668243408203,42.65051170620335,42.21256185274726,45.47993035403788,41.425684696772926,41.08988675410103,44.54307563817216,41.94838322253874,41.77897615191838,44.713413396249706,-0.030185825039107272,-0.030650798042272588,0.017987460048201065,0.009525750768851315,41.37007446289063,42.22143669128418,42.558329010009764,0.020692250191316822,0.019845082359356482,1.365253489861658,-1.0219908266337754,37564040.0
2022-02-01,41.40229034423828,41.47250350553274,40.87179156468385,41.14484407016971,27883300,41.10583114624024,40.87308883666992,45.71994400024414,42.23704177590032,42.48354426815805,46.30063762332996,40.871788286038665,40.61758222702721,45.247646047564665,42.12782197287402,42.1351275066273,45.31732940047738,0.0072120959418955355,0.00718621314957221,-0.030185825039107272,-0.02331187402436108,41.51462860107422,42.09846515655518,42.59028251647949,0.019414590389391473,0.018148533166261634,0.600711940848889,0.25744627406857035,34344060.0
2022-02-02,42.01860046386719,42.22923992230144,40.918596387165856,41.22285239067656,32039300,41.40229034423828,39.9052619934082,43.86172103881836,41.47250350553274,40.3078765478348,45.33280960611826,40.87179156468385,38.57353715596332,43.621699972786615,41.14484407016971,40.06785548070736,45.29409729316093,0.014885894343153794,0.014776186807869117,0.0072120959418955355,-0.023678828070204938,41.70966415405273,42.08838062286377,42.64400817871094,0.019990502603853055,0.01658670980183321,1.3106435351355827,0.7957480731906301,32822960.0
2022-02-03,41.64413833618164,42.04201095192116,41.41789558604701,41.60513168381766,22635800,42.01860046386719,40.67951965332031,42.22029113769531,42.22923992230144,40.91179648330375,43.69138263559443,40.918596387165856,39.67298475435199,41.763478763384335,41.22285239067656,39.76589489563334,43.528789151575296,-0.008911818184129117,-0.008951765951061933,0.014885894343153794,0.019402395103683467,41.71122512817383,42.016988372802736,42.68405059814453,0.019922112597045984,0.015978871546195806,0.6241153658741467,0.039006652363980265,29958680.0
2022-02-04,41.34768295288086,41.68314552435351,41.05903015045679,41.36328620923039,24932200,41.64413833618164,41.04342269897461,43.07198333740234,42.04201095192116,41.51572063691138,43.69913057229756,41.41789558604701,40.617581312716354,42.87067455680938,41.60513168381766,40.70275018068009,43.234576846185504,-0.007118778179718288,-0.007144237579602727,-0.008911818184129117,0.00894560822633994,41.50370864868164,41.96135635375977,42.72002235412597,0.017310011364550043,0.015761038064737453,0.6241153738967213,-0.015603256349528749,29227040.0
2022-02-07,41.51150894165039,41.80016469409255,40.75477042096622,41.58172210089084,32358500,41.34768295288086,41.63633346557617,42.46032333374024,41.68314552435351,42.580311078700205,43.07198807141181,41.05903015045679,41.34768067902613,42.18933412265075,41.36328620923039,41.36328393451758,42.70808574203945,0.00396215645157727,0.0039543277818333954,-0.007118778179718288,0.014445938657459356,41.58484420776367,41.879848098754884,42.76221260070801,0.009991020868765018,0.01528930128038881,1.045394273126334,-0.07021315924045268,27969820.0
2022-02-08,40.333492279052734,40.4115055793305,38.76539934972641,39.506537606431806,67922000,41.51150894165039,42.3852653503418,43.14167404174805,41.80016469409255,42.65051170620335,43.180386366592735,40.75477042096622,41.425684696772926,42.297732364465205,41.58172210089084,41.94838322253874,42.8629405771686,-0.028378073759099065,-0.028788514960852538,0.00396215645157727,0.017987460048201065,41.37108459472656,41.71930904388428,42.732683715820315,0.016140260673621325,0.01614395803272904,1.6461062296040936,0.8269546726209285,35977560.0
2022-02-09,40.1540641784668,40.34910042883663,39.70938176570493,40.28668740023012,38522200,40.333492279052734,41.10583114624024,43.54427337646485,40.4115055793305,42.23704177590032,43.55975593809906,38.76539934972641,40.871788286038665,42.38288631893733,39.506537606431806,42.12782197287402,43.13391460771764,-0.004448613061932227,-0.004458537585534023,-0.028378073759099065,-0.030185825039107272,40.99817733764648,41.53237743377686,42.72434249877929,0.011914140101551526,0.015907385812134498,0.6397186631316956,-0.13262322176332475,37274140.0
2022-02-10,39.47533416748047,40.07604614961382,39.31150443853961,39.81859985785203,34200600,40.1540641784668,41.40229034423828,43.892696380615234,40.34910042883663,41.47250350553274,44.46564874930317,39.70938176570493,40.87179156468385,43.21135128984552,40.28668740023012,41.14484407016971,43.93915293598798,-0.01690314604194676,-0.017047634738421944,-0.004448613061932227,0.0072120959418955355,40.56441650390625,41.313058090209964,42.68183135986328,0.012427809996557501,0.01612450274615974,0.7645417110742159,-0.34326569037155963,39587100.0
2022-02-11,39.61575698852539,39.97462590356291,39.06965794045732,39.26469416505781,34997800,39.47533416748047,42.01860046386719,43.86172103881836,40.07604614961382,42.22923992230144,44.25659135667944,39.31150443853961,40.918596387165856,43.28102748377784,39.81859985785203,41.22285239067656,43.621699972786615,0.003557229444826282,0.003550917468501193,-0.01690314604194676,0.014885894343153794,40.218031311035155,41.143731117248535,42.627417755126956,0.013989547642913122,0.015860364611180823,0.9049679631055909,0.3510628234675792,41600220.0
2022-02-14,38.851219177246094,39.39732125519475,37.82142804786493,38.86682243387513,42973100,39.61575698852539,41.64413833618164,43.00229644775391,39.97462590356291,42.04201095192116,43.93914805874222,39.06965794045732,41.41789558604701,42.75453408705552,39.26469416505781,41.60513168381766,43.76881032817696,-0.019298831308480202,-0.019487484893413322,0.003557229444826282,-0.008911818184129117,39.6859733581543,40.95901794433594,42.583109054565426,0.012635452037131657,0.01616749583731859,1.5758932073298197,-0.015603256629034945,43723140.0
2022-02-15,38.84342193603516,39.03845819442937,38.39093638807236,38.851222076923385,29150000,38.851219177246094,41.34768295288086,42.54548263549805,39.39732125519475,41.68314552435351,42.87841385047727,37.82142804786493,41.05903015045679,42.20480718562522,38.86682243387513,41.36328620923039,42.56870943305839,-0.00020069489133300866,-0.0002007150332476769,-0.019298831308480202,-0.007118778179718288,39.38795928955078,40.80643367767334,42.51959785461426,0.010154755455512485,0.015984049004933207,0.6475218063570054,-0.007800140888221563,35968740.0
2022-02-16,38.757598876953125,39.61575707669863,38.56256265191855,38.68738571690001,27672600,38.84342193603516,41.51150894165039,41.89510726928711,39.03845819442937,41.80016469409255,42.23577977818347,38.39093638807236,40.75477042096622,41.36861151236344,38.851222076923385,41.58172210089084,42.19706746296621,-0.002209461854914996,-0.002211906317053462,-0.00020069489133300866,0.00396215645157727,39.108666229248044,40.67162456512451,42.497573623657225,0.010367833059629366,0.015903598845538547,1.0531944247800809,0.07021316005311462,33798820.0
2022-02-17,38.14908981323242,38.976041567890334,38.03206687858388,38.85902160925865,21231700,38.757598876953125,40.333492279052734,41.45378112792969,39.61575707669863,40.4115055793305,42.18932694460592,38.56256265191855,38.76539934972641,41.38409777785383,38.68738571690001,39.506537606431806,41.53894999508467,-0.01570038086344272,-0.015824937285421482,-0.002209461854914996,-0.028378073759099065,38.84341735839844,40.48664608001709,42.459662704467775,0.010091199893925365,0.015838397247034022,0.9439746893064509,-0.7099317960262255,31205040.0
2022-02-18,37.86043930053711,38.63278422940226,37.602992974926906,38.0554755680668,26955300,38.14908981323242,40.1540641784668,41.84865951538086,38.976041567890334,40.34910042883663,42.21256185274726,38.03206687858388,39.70938176570493,41.08988675410103,38.85902160925865,40.28668740023012,41.77897615191838,-0.007566380065906375,-0.007595150335965851,-0.01570038086344272,-0.004448613061932227,38.49235382080078,40.336013603210446,42.42093406677246,0.008314976807304593,0.015233756117324034,1.0297912544753558,-0.19503626752968728,29596540.0
2022-02-22,37.08028411865234,37.68879913109511,36.93985780624374,37.08808723379529,34814800,37.86043930053711,39.47533416748047,40.87308883666992,38.63278422940226,40.07604614961382,42.48354426815805,37.602992974926906,39.31150443853961,40.61758222702721,38.0554755680668,39.81859985785203,42.1351275066273,-0.020606078436963715,-0.02082134601964402,-0.007566380065906375,-0.01690314604194676,38.13816680908203,40.19476470947266,42.35607246398926,0.00873014016791627,0.015035976324876018,0.7489413248513728,-0.007803115142955619,27964880.0
2022-02-23,36.56540298461914,37.5717909599066,36.49518980085449,37.12710845473635,25793000,37.08028411865234,39.61575698852539,39.9052619934082,37.68879913109511,39.97462590356291,40.3078765478348,36.93985780624374,39.06965794045732,38.57353715596332,37.08808723379529,39.26469416505781,40.06785548070736,-0.013885576830685586,-0.013982883273469943,-0.020606078436963715,0.003557229444826282,37.68256301879883,39.989058876037596,42.270073623657225,0.007190692266891945,0.01417876084970081,1.0766011590521103,-0.5617054701172108,27293480.0
2022-02-24,35.855464935302734,36.47958036533076,35.41858562229167,35.77745162255565,44227300,36.56540298461914,38.851219177246094,40.67951965332031,37.5717909599066,39.39732125519475,40.91179648330375,36.49518980085449,37.82142804786493,39.67298475435199,37.12710845473635,38.86682243387513,39.76589489563334,-0.019415567486430696,-0.01960652536158034,-0.013885576830685586,-0.019298831308480202,37.10213623046875,39.729660987854004,42.132401885986326,0.0051713462545108614,0.014105412913598037,1.060994743039089,0.0780133127470819,30604420.0
2022-02-25,37.228511810302734,37.47035480016137,35.68382542185061,35.73843532123909,31199200,35.855464935302734,38.84342193603516,41.04342269897461,36.47958036533076,39.03845819442937,41.51572063691138,35.41858562229167,38.39093638807236,40.617581312716354,35.77745162255565,38.851222076923385,40.70275018068009,0.03829393587497787,0.03757891987390439,-0.019415567486430696,-0.00020069489133300866,36.91802062988281,39.509269905090335,42.0169261932373,0.024548931817156856,0.016743018720483525,1.7865293783107603,1.4900764890636466,32597920.0
2022-02-28,36.619998931884766,36.79943189390952,36.15191320277814,36.526382381266735,35296100,37.228511810302734,38.757598876953125,41.63633346557617,37.47035480016137,39.61575707669863,42.580311078700205,35.68382542185061,38.56256265191855,41.34768067902613,35.73843532123909,38.68738571690001,41.36328393451758,-0.01634534524287823,-0.01648040414365404,0.03829393587497787,-0.002209461854914996,36.66993255615235,39.22100658416748,41.838798675537106,0.025118265145982366,0.01595543225656089,0.6475186911313813,0.0936165506180302,34266080.0
2022-03-01,35.691627502441406,36.77602838646224,35.44978152340866,36.42496260271034,29854500,36.619998931884766,38.14908981323242,42.3852653503418,36.79943189390952,38.976041567890334,42.65051170620335,36.15191320277814,38.03206687858388,41.425684696772926,36.526382381266735,38.85902160925865,41.94838322253874,-0.025351487070498835,-0.02567837253936311,-0.01634534524287823,-0.01570038086344272,36.39220123291015,38.95029640197754,41.60416496276856,0.025868078377490496,0.015621416094134912,1.3262468630535764,-0.7333351002689312,33274020.0
2022-03-02,37.21290588378906,37.392338822607904,35.88665918815406,35.972475588462224,36516200,35.691627502441406,37.86043930053711,41.10583114624024,36.77602838646224,38.63278422940226,42.23704177590032,35.44978152340866,37.602992974926906,40.871788286038665,36.42496260271034,38.0554755680668,42.12782197287402,0.04262283588058846,0.041739495932443034,-0.025351487070498835,-0.007566380065906375,36.52170181274414,38.74082717895508,41.427365646362304,0.033509407269462305,0.01895802428823435,1.5056796344538412,1.2404302953268385,35418660.0
2022-03-03,37.3143310546875,37.90723985429127,37.04127856096196,37.197308132231335,30553300,37.21290588378906,37.08028411865234,41.40229034423828,37.392338822607904,37.68879913109511,41.47250350553274,35.88665918815406,36.93985780624374,40.87179156468385,35.972475588462224,37.08808723379529,41.14484407016971,0.002725537511506726,0.002721829969312422,0.04262283588058846,-0.020606078436963715,36.81347503662109,38.50561370849609,41.2287476348877,0.031018316437417495,0.018470315044921883,0.8659612933293062,0.11702292245616519,32683860.0
2022-03-04,37.95405578613281,38.04767235370081,36.9866746678734,37.05688783755365,33217300,37.3143310546875,36.56540298461914,42.01860046386719,37.90723985429127,37.5717909599066,42.22923992230144,37.04127856096196,36.49518980085449,40.918596387165856,37.197308132231335,37.12710845473635,41.22285239067656,0.017144210102754798,0.016998906524889185,0.002725537511506726,-0.013885576830685586,36.95858383178711,38.32110958099365,41.07497833251953,0.027117495218178807,0.019142904897289998,1.0609976858274095,0.8971679485791597,33087480.0
2022-03-07,37.43135452270508,38.10227965907309,37.07248855823464,37.64199401733342,33171300,37.95405578613281,35.855464935302734,41.64413833618164,38.04767235370081,36.47958036533076,42.04201095192116,36.9866746678734,35.41858562229167,41.41789558604701,37.05688783755365,35.77745162255565,41.60513168381766,-0.013771947492860925,-0.013867660547851355,0.017144210102754798,-0.019415567486430696,37.12085494995117,38.12529315948486,40.90146408081055,0.02665145232136961,0.019249124296357684,1.0297911008384517,-0.21063949462833875,32662520.0
2022-03-08,37.01007080078125,37.77461240054596,36.25333231612541,37.1192935801903,32913300,37.43135452270508,37.228511810302734,41.34768295288086,38.10227965907309,37.47035480016137,41.68314552435351,37.07248855823464,35.68382542185061,41.05903015045679,37.64199401733342,35.73843532123909,41.36328620923039,-0.011254835078658099,-0.011318650004425258,-0.013771947492860925,0.03829393587497787,37.38454360961914,37.900221252441405,40.7325316619873,0.023203767128993164,0.019185657958713315,1.5212800844205532,-0.1092227794090519,33274280.0
2022-03-09,38.03206634521485,38.39873542435563,37.446957632211536,37.548377309083484,24718900,37.01007080078125,36.619998931884766,41.51150894165039,37.77461240054596,36.79943189390952,41.80016469409255,36.25333231612541,36.15191320277814,40.75477042096622,37.1192935801903,36.526382381266735,41.58172210089084,0.027613985121369478,0.02723959566017485,-0.011254835078658099,-0.01634534524287823,37.5483757019043,37.78514995574951,40.57645133972168,0.017884068310345818,0.0197559216187823,0.9517777921440924,0.4836890361313664,30914820.0
2022-03-10,38.38313293457031,38.45334610057324,37.48596503297917,37.68880439077292,24542300,38.03206634521485,35.691627502441406,40.333492279052734,38.39873542435563,36.77602838646224,40.4115055793305,37.446957632211536,35.44978152340866,38.76539934972641,37.548377309083484,36.42496260271034,39.506537606431806,0.009230805030914002,0.00918846152711004,0.027613985121369478,-0.025351487070498835,37.76213607788086,37.69660339355469,40.44581985473633,0.017959953477206934,0.019930050382753747,0.9673810675940686,0.6943285437973898,29712620.0
2022-03-11,39.217891693115234,39.70938390379562,38.18029735679188,38.336326960692325,33701900,38.38313293457031,37.21290588378906,40.1540641784668,38.45334610057324,37.392338822607904,40.34910042883663,37.48596503297917,35.88665918815406,39.70938176570493,37.68880439077292,35.972475588462224,40.28668740023012,0.02174806209716884,0.0215149468097721,0.009230805030914002,0.04262283588058846,38.01490325927735,37.68373126983643,40.338541946411134,0.018786429839470556,0.02028638216698876,1.529086547003736,0.881564732422909,29809540.0
2022-03-14,40.762577056884766,41.27747264803631,39.31150685199848,39.56895613558278,42314500,39.217891693115234,37.3143310546875,39.47533416748047,39.70938390379562,37.90723985429127,40.07604614961382,38.18029735679188,37.04127856096196,39.31150443853961,38.336326960692325,37.197308132231335,39.81859985785203,0.039387261708428545,0.03863136808938675,0.02174806209716884,0.002725537511506726,38.681147766113284,37.741072273254396,40.24945983886719,0.01932932383054632,0.022127963062859104,1.9659657960378283,1.193620921301985,31638180.0
2022-03-15,40.73137664794922,41.28527897770344,39.92782811391092,41.0512360331893,30172100,40.762577056884766,37.95405578613281,39.61575698852539,41.27747264803631,38.04767235370081,39.97462590356291,39.31150685199848,36.9866746678734,39.06965794045732,39.56895613558278,37.05688783755365,39.26469416505781,-0.0007654179688395546,-0.0007657110507360423,0.039387261708428545,0.017144210102754798,39.425408935546876,37.83508014678955,40.14968849182129,0.015672595246888604,0.021585567736962477,1.357450863792522,-0.31985938524007906,31089940.0
2022-03-16,41.28527069091797,41.558323218058575,40.707965075394455,40.98881774284564,29891400,40.73137664794922,37.43135452270508,38.851219177246094,41.28527897770344,38.10227965907309,39.39732125519475,39.92782811391092,37.07248855823464,37.82142804786493,41.0512360331893,37.64199401733342,38.86682243387513,0.013598706661849036,0.013507074039219923,-0.0007654179688395546,-0.013771947492860925,40.0760498046875,37.957172584533694,40.09815948486328,0.015088277100791027,0.021712023645660584,0.8503581426641205,0.2964529480723286,32124440.0
2022-03-17,42.3150634765625,42.32286361662969,41.18385270174415,41.28526940270167,30598600,41.28527069091797,37.01007080078125,38.84342193603516,41.558323218058575,37.77461240054596,39.03845819442937,40.707965075394455,36.25333231612541,38.39093638807236,40.98881774284564,37.1192935801903,38.851222076923385,0.02494334585702651,0.024637338728191443,0.013598706661849036,-0.011254835078658099,40.86243591308594,38.13504581451416,40.10005493164063,0.014792740439202876,0.022194618799896287,1.1390109148855387,1.0297940738608276,33335700.0
2022-03-18,42.525691986083984,42.90796424975624,41.901576737654416,42.42427530422536,51815000,42.3150634765625,38.03206634521485,38.757598876953125,42.32286361662969,38.39873542435563,39.61575707669863,41.18385270174415,37.446957632211536,38.56256265191855,41.28526940270167,37.548377309083484,38.68738571690001,0.004977624803473191,0.004965277386054179,0.02494334585702651,0.027613985121369478,41.52399597167969,38.353875923156735,40.08912910461426,0.016080799320804223,0.021673102412887738,1.0063875121018242,0.10141668185862329,36958320.0
2022-03-21,42.27605438232422,43.14201576554719,42.04981460531551,42.31506401120348,34592500,42.525691986083984,38.38313293457031,38.14908981323242,42.90796424975624,38.45334610057324,38.976041567890334,41.901576737654416,37.48596503297917,38.03206687858388,42.42427530422536,37.68880439077292,38.85902160925865,-0.005870277286527337,-0.0058875750927368745,0.004977624803473191,0.009230805030914002,41.826691436767575,38.5746566772461,40.08544372558594,0.012194593756729372,0.02162185705261213,1.0922011602316815,-0.0390096288792634,35413920.0
2022-03-22,41.37888717651367,42.37747171950706,40.95760820643208,42.2838551626056,32253600,42.27605438232422,39.217891693115234,37.86043930053711,43.14201576554719,39.70938390379562,38.63278422940226,42.04981460531551,38.18029735679188,37.602992974926906,42.31506401120348,38.336326960692325,38.0554755680668,-0.021221639978437956,-0.021450056340528083,-0.005870277286527337,0.02174806209716884,41.95619354248047,38.78958683013916,40.05018798828125,0.017767357518754447,0.02166175153274517,1.4198635130749793,-0.9049679860919255,35830220.0
2022-03-23,40.71576690673828,41.73775793885009,40.69236350881765,41.36328869203479,29183700,41.37888717651367,40.762577056884766,37.08028411865234,42.37747171950706,41.27747264803631,37.68879913109511,40.95760820643208,39.31150685199848,36.93985780624374,42.2838551626056,39.56895613558278,37.08808723379529,-0.016025570406150824,-0.016155368452643013,-0.021221639978437956,0.039387261708428545,41.84229278564453,38.997105026245116,39.99361785888672,0.018396702860993427,0.0217687139369764,1.045394430032438,-0.6475217852965116,35688680.0
2022-03-24,41.02783584594727,41.23067228681313,40.793792883096586,40.98882918147511,25177500,40.71576690673828,40.73137664794922,36.56540298461914,41.73775793885009,41.28527897770344,37.5717909599066,40.69236350881765,39.92782811391092,36.49518980085449,41.36328869203479,41.0512360331893,37.12710845473635,0.0076645723000576815,0.007635348695087438,-0.016025570406150824,-0.0007654179688395546,41.58484725952149,39.255723571777345,39.93632064819336,0.01264328691271432,0.020957052384014505,0.43687940371654577,0.03900666447216139,34604460.0
2022-03-25,41.176048278808594,41.542717346682124,40.96540879147806,41.14484474351337,17429600,41.02783584594727,41.28527069091797,35.855464935302734,41.23067228681313,41.558323218058575,36.47958036533076,40.793792883096586,40.707965075394455,35.41858562229167,40.98882918147511,40.98881774284564,35.77745162255565,0.0036124847875924626,0.003605975436333544,0.0076645723000576815,0.013598706661849036,41.314918518066406,39.45310039520264,39.88260719299316,0.012355870837105485,0.01962076462636759,0.5773085552040627,0.03120353529522646,27727380.0
2022-03-28,41.56612396240234,41.78456658249259,40.95761182475991,40.98101522204863,21863700,41.176048278808594,42.3150634765625,37.228511810302734,41.542717346682124,42.32286361662969,37.47035480016137,40.96540879147806,41.18385270174415,35.68382542185061,41.14484474351337,41.28526940270167,35.73843532123909,0.009473363761196563,0.009428772846816681,0.0036124847875924626,0.02494334585702651,41.17293243408203,39.70040664672852,39.85388374328613,0.014267869787173539,0.018964692379481705,0.826954757732679,0.5851087403537036,25181620.0
2022-03-29,41.14484786987305,42.19024227012287,41.05122832882361,42.127829242756576,39970000,41.56612396240234,42.525691986083984,36.619998931884766,41.78456658249259,42.90796424975624,36.79943189390952,40.95761182475991,41.901576737654416,36.15191320277814,40.98101522204863,42.42427530422536,36.526382381266735,-0.010135082426986575,-0.010186792059172048,0.009473363761196563,0.004977624803473191,41.12612457275391,39.973067665100096,39.825871047973635,0.011349284299625234,0.01789358973892608,1.139013941299261,-0.982981372883529,26724900.0
2022-03-30,40.91080474853516,41.90939242153028,40.5441386041232,41.50371664437869,27599600,41.14484786987305,42.27605438232422,35.691627502441406,42.19024227012287,43.14201576554719,36.77602838646224,41.05122832882361,42.04981460531551,35.44978152340866,42.127829242756576,42.31506401120348,36.42496260271034,-0.005688272856861243,-0.005704512694608437,-0.010135082426986575,-0.005870277286527337,41.16513214111328,40.1579626083374,39.806184997558596,0.00854051351961484,0.016036579865984522,1.3652538174070799,-0.5929118958435282,26408080.0
2022-03-31,40.38810729980469,41.254068732242814,40.364703901960524,40.56754029398295,26055200,40.91080474853516,41.37888717651367,37.21290588378906,41.90939242153028,42.37747171950706,37.392338822607904,40.5441386041232,40.95760820643208,35.88665918815406,41.50371664437869,42.2838551626056,35.972475588462224,-0.012776513489365926,-0.012858835078122379,-0.005688272856861243,-0.021221639978437956,41.03718643188476,40.311651420593265,39.78487152099609,0.009393792410784118,0.016513201639531967,0.8893648302822896,-0.17943299417826353,26583620.0
2022-04-01,40.23207473754883,40.69236037599268,39.8654056595972,40.661153863823,19073100,40.38810729980469,40.71576690673828,37.3143310546875,41.254068732242814,41.73775793885009,37.90723985429127,40.364703901960524,40.69236350881765,37.04127856096196,40.56754029398295,41.36328869203479,37.197308132231335,-0.003863329397874815,-0.003870811331225149,-0.012776513489365926,-0.016025570406150824,40.848391723632815,40.42555236816406,39.752539825439456,0.0086208914647709,0.016306256841894594,0.8269547163954769,-0.4290791262741749,26912320.0
2022-04-04,39.74057388305664,40.466108764004304,39.295891598090805,40.39589561500885,20462800,40.23207473754883,41.02783584594727,37.95405578613281,40.69236037599268,41.23067228681313,38.04767235370081,39.8654056595972,40.793792883096586,36.9866746678734,40.661153863823,40.98882918147511,37.05688783755365,-0.012216642012584766,-0.012291878570262248,-0.003863329397874815,0.0076645723000576815,40.48328170776367,40.54101333618164,39.72988952636719,0.003975854410446602,0.01622534859475935,1.170217165913499,-0.6553217319522062,26632140.0
2022-04-05,39.97462844848633,40.68456023218815,39.59235611448528,39.63916588273545,21176700,39.74057388305664,41.176048278808594,37.43135452270508,40.466108764004304,41.542717346682124,38.10227965907309,39.295891598090805,40.96540879147806,37.07248855823464,40.39589561500885,41.14484474351337,37.64199401733342,0.00588956178938016,0.00587228611791412,-0.012216642012584766,0.0036124847875924626,40.249237823486325,40.68924121856689,39.73127685546875,0.007586670679951692,0.01587493710042346,1.0922041177028703,0.3354625657508805,22873480.0
2022-04-06,41.24626922607422,41.41790209466718,39.91222186387608,39.91222186387608,31717500,39.97462844848633,41.56612396240234,37.01007080078125,40.68456023218815,41.78456658249259,37.77461240054596,39.59235611448528,40.95761182475991,36.25333231612541,39.63916588273545,40.98101522204863,37.1192935801903,0.03181119692523482,0.03131570160635555,0.00588956178938016,0.009473363761196563,40.31633071899414,40.849951362609865,39.74261184692383,0.01842827925410342,0.016227653481713077,1.5056802307911,1.3340473621981417,23697060.0
2022-04-07,43.03279495239258,43.22783118821307,40.957609522303215,40.957609522303215,36305700,41.24626922607422,41.14484786987305,38.03206634521485,41.41790209466718,42.19024227012287,38.39873542435563,39.91222186387608,41.05122832882361,37.446957632211536,39.91222186387608,42.127829242756576,37.548377309083484,0.04331363199241767,0.0424018326313046,0.03181119692523482,-0.010135082426986575,40.84526824951172,41.082434463500974,39.782399291992185,0.023683252513564696,0.01842574389110336,2.270221665909851,2.0751854300893626,25747160.0
2022-04-08,43.04059219360352,43.36045445578258,42.48669003542254,42.790946066648246,24612200,43.03279495239258,40.91080474853516,38.38313293457031,43.22783118821307,41.90939242153028,38.45334610057324,40.957609522303215,40.5441386041232,37.48596503297917,40.957609522303215,41.50371664437869,37.68880439077292,0.0001811929998869477,0.0001811765864179842,0.04331363199241767,-0.005688272856861243,41.40697174072265,41.27356948852539,39.81048446655274,0.023023738824169835,0.01807678308592253,0.8737644203600397,0.24964612695527677,26854980.0
2022-04-11,42.07321548461914,43.93776135444619,41.95619255701647,43.26683625169308,22054300,43.04059219360352,40.38810729980469,39.217891693115234,43.36045445578258,41.254068732242814,39.70938390379562,42.48669003542254,40.364703901960524,38.18029735679188,42.790946066648246,40.56754029398295,38.336326960692325,-0.02247591540174365,-0.02273234845095247,0.0001811929998869477,-0.012776513489365926,41.87350006103516,41.33910140991211,39.80424346923828,0.026164430144459194,0.017116890946698694,1.9815687974297163,-1.1936207670739378,27173280.0
2022-04-12,41.433502197265625,42.07322087108982,41.07463620483099,41.581728678658095,22810700,42.07321548461914,40.23207473754883,40.762577056884766,43.93776135444619,40.69236037599268,41.27747264803631,41.95619255701647,39.8654056595972,39.31150685199848,43.26683625169308,40.661153863823,39.56895613558278,-0.01520476341028365,-0.015321541055235938,-0.02247591540174365,-0.003863329397874815,42.16527481079102,41.37420768737793,39.810796890258786,0.028901877585380972,0.01752690526195837,0.9985846662588358,-0.14822648139247008,27500080.0
2022-04-13,41.425689697265625,41.98739493281354,41.11363354775175,41.449096066091045,15777800,41.433502197265625,39.74057388305664,40.73137664794922,42.07322087108982,40.466108764004304,41.28527897770344,41.07463620483099,39.295891598090805,39.92782811391092,41.581728678658095,40.39589561500885,41.0512360331893,-0.00018855514464610756,-0.00018857292340227958,-0.01520476341028365,-0.012216642012584766,42.201158905029295,41.381228637695315,39.81126487731934,0.02552528770126479,0.01727459282030186,0.8737613850617834,-0.023406368825419577,24312140.0
2022-04-14,41.44129943847656,42.057614671069466,41.3788893892105,41.65974205094989,17240100,41.425689697265625,39.97462844848633,41.28527069091797,41.98739493281354,40.68456023218815,41.558323218058575,41.11363354775175,39.59235611448528,40.707965075394455,41.449096066091045,39.63916588273545,40.98881774284564,0.0003768130675678716,0.0003767420913532103,-0.00018855514464610756,0.00588956178938016,41.882859802246095,41.33754043579101,39.79971885681152,0.010702060902256803,0.016275340743201316,0.6787252818589664,-0.21844261247332497,20499020.0
2022-04-18,40.44271087646485,41.43349523555305,40.278881165186846,41.21505562051571,17065000,41.44129943847656,41.24626922607422,42.3150634765625,42.057614671069466,41.41790209466718,42.32286361662969,41.3788893892105,39.91222186387608,41.18385270174415,41.65974205094989,39.91222186387608,41.28526940270167,-0.02409645873904631,-0.024391528128369918,0.0003768130675678716,0.03181119692523482,41.36328353881836,41.23339138031007,39.77569030761719,0.011816624408347898,0.017003168836690834,1.1546140703662076,-0.7723447440508622,18989580.0
2022-04-19,39.14767837524414,40.47392553946265,38.51575982099431,40.3022926782058,33441500,40.44271087646485,43.03279495239258,42.525691986083984,41.43349523555305,43.22783118821307,42.90796424975624,40.278881165186846,40.957609522303215,41.901576737654416,41.21505562051571,40.957609522303215,42.42427530422536,-0.03202140690263022,-0.032545306518923595,-0.02409645873904631,0.04331363199241767,40.77817611694336,41.07697257995606,39.73169021606446,0.014364473920881778,0.018246415704703527,1.9581657184683365,-1.1546143029616616,21267020.0
2022-04-20,38.81221771240234,39.13207707601662,38.3909386551492,39.00725398231391,24751800,39.14767837524414,43.04059219360352,42.27605438232422,40.47392553946265,43.36045445578258,43.14201576554719,38.51575982099431,42.48669003542254,42.04981460531551,40.3022926782058,42.790946066648246,42.31506401120348,-0.008569107460889458,-0.00860603336156352,-0.03202140690263022,0.0001811929998869477,40.253919219970705,40.94863910675049,39.677704391479494,0.01455678635231797,0.017820569100806826,0.7411384208674221,-0.19503626991157574,21655240.0
2022-04-21,38.31291198730469,39.01504052871647,38.16468256917195,38.95263049162079,19105600,38.81221771240234,42.07321548461914,41.37888717651367,39.13207707601662,43.93776135444619,42.37747171950706,38.3909386551492,41.95619255701647,40.95760820643208,39.00725398231391,43.26683625169308,42.2838551626056,-0.0128646533109108,-0.01294811957911715,-0.008569107460889458,-0.02247591540174365,39.63136367797851,40.82849636077881,39.63729278564453,0.012785639956268087,0.017713099606989864,0.8503579595445174,-0.6397185043161002,22320800.0
2022-04-22,37.548377990722656,38.30511658291972,37.36894500593296,38.1880966238048,22156800,38.31291198730469,41.433502197265625,40.71576690673828,39.01504052871647,42.07322087108982,41.73775793885009,38.16468256917195,41.07463620483099,40.69236350881765,38.95263049162079,41.581728678658095,41.36328869203479,-0.019954995768407424,-0.020156785686635134,-0.0128646533109108,-0.01520476341028365,38.852779388427734,40.65452346801758,39.58517906188965,0.009241649115898871,0.017922432576273933,0.9361715769867658,-0.6397186330821469,23304140.0
2022-04-25,38.18809127807617,38.3753243768571,36.76042476379344,37.32993015127815,27390600,37.548377990722656,41.425689697265625,41.02783584594727,38.30511658291972,41.98739493281354,41.23067228681313,37.36894500593296,41.11363354775175,40.793792883096586,38.1880966238048,41.449096066091045,40.98882918147511,0.01703704185335453,0.016893539071132186,-0.019954995768407424,-0.00018855514464610756,38.40185546875,40.50512561798096,39.559434204101564,0.018146461715659458,0.018476016184777434,1.6148996130636633,0.8581611267980236,25369260.0
2022-04-26,38.2504997253418,39.202277361875744,38.164683318635774,38.219296194189326,25366500,38.18809127807617,41.44129943847656,41.176048278808594,38.3753243768571,42.057614671069466,41.542717346682124,36.76042476379344,41.3788893892105,40.96540879147806,37.32993015127815,41.65974205094989,41.14484474351337,0.0016342384543699406,0.0016329045397989815,0.01703704185335453,0.0003768130675678716,38.22241973876953,40.33934440612793,39.53212905883789,0.014377461082953347,0.018266064845433798,1.0375940432399702,0.031203531152470987,23754260.0
2022-04-27,38.80441284179688,38.93703606068509,37.61078899171825,38.31292066823509,25819200,38.2504997253418,40.44271087646485,41.56612396240234,39.202277361875744,41.43349523555305,41.78456658249259,38.164683318635774,40.278881165186846,40.95761182475991,38.219296194189326,41.21505562051571,40.98101522204863,0.014481199472751172,0.014377348296098142,0.0016342384543699406,-0.02409645873904631,38.22085876464844,40.222322654724124,39.53119293212891,0.016327244671715518,0.01865544659555663,1.3262470689668362,0.4914921735617952,23967740.0
2022-04-28,39.405120849609375,39.607960206959945,38.60937560467056,39.35051094017273,28225400,38.80441284179688,39.14767837524414,41.14484786987305,38.93703606068509,40.47392553946265,42.19024227012287,37.61078899171825,38.51575982099431,41.05122832882361,38.31292066823509,40.3022926782058,42.127829242756576,0.015480404516402313,0.015361805462565088,0.014481199472751172,-0.03202140690263022,38.439300537109375,40.14703845977784,39.542426910400394,0.015620476870334514,0.019076316223248225,0.9985846022893838,0.05460990943664257,25791700.0
2022-04-29,38.28171157836914,39.27249599921424,38.2271016712059,38.905826928818136,28343300,39.405120849609375,38.81221771240234,40.91080474853516,39.607960206959945,39.13207707601662,41.90939242153028,38.60937560467056,38.3909386551492,40.5441386041232,39.35051094017273,39.00725398231391,41.50371664437869,-0.02850922029976144,-0.02892350099687662,0.015480404516402313,-0.008569107460889458,38.585967254638675,40.04171867370606,39.532909164428716,0.019196763165741648,0.019865121031738955,1.0453943280083422,-0.6241153504489958,27029000.0
2022-05-02,37.71220779418945,38.03986725158391,37.02567939048415,37.19731223541469,36228400,38.28171157836914,38.31291198730469,40.38810729980469,39.27249599921424,39.01504052871647,41.254068732242814,38.2271016712059,38.16468256917195,40.364703901960524,38.905826928818136,38.95263049162079,40.56754029398295,-0.01487665416980688,-0.014988421456853487,-0.02850922029976144,-0.0128646533109108,38.49079055786133,39.915725326538094,39.52417152404786,0.01909390156463652,0.02005697207879611,1.0141878610997566,0.5148955587747608,28796560.0
2022-05-03,38.45333862304688,39.0384472339538,37.21290824888354,38.125676253410525,33716900,37.71220779418945,37.548377990722656,40.23207473754883,38.03986725158391,38.30511658291972,40.69236037599268,37.02567939048415,37.36894500593296,39.8654056595972,37.19731223541469,38.1880966238048,40.661153863823,0.019652278988864236,0.019461666223465082,-0.01487665416980688,-0.019954995768407424,38.531358337402345,39.8513635635376,39.536029510498054,0.021574829054996577,0.020549327120351672,1.82553898507026,0.3276623696363572,30466640.0
2022-05-04,38.74199676513672,38.90582648475653,37.37674314960489,38.14128481718071,28613700,38.45333862304688,38.18809127807617,39.74057388305664,39.0384472339538,38.3753243768571,40.466108764004304,37.21290824888354,36.76042476379344,39.295891598090805,38.125676253410525,37.32993015127815,40.39589561500885,0.007506712093831913,0.007478676944381987,0.019652278988864236,0.01703704185335453,38.51887512207031,39.789731979370124,39.56926376342774,0.02071343015506379,0.02058286119609779,1.5290833351516397,0.6007119479560075,31025540.0
2022-05-05,37.79802322387695,38.65618147395612,37.0958915821636,38.58596830978478,28333000,38.74199676513672,38.2504997253418,39.97462844848633,38.90582648475653,39.202277361875744,40.68456023218815,37.37674314960489,38.164683318635774,39.59235611448528,38.14128481718071,38.219296194189326,39.63916588273545,-0.024365639876084866,-0.024667393781355327,0.007506712093831913,0.0016342384543699406,38.19745559692383,39.61731967926026,39.59391616821289,0.020861370370283093,0.019628228576724298,1.5602898917925145,-0.787945085907829,31047060.0
2022-05-06,38.25830841064453,38.3987347373342,37.47816347393164,37.51717012556393,19891400,37.79802322387695,38.80441284179688,41.24626922607422,38.65618147395612,38.93703606068509,41.41790209466718,37.0958915821636,37.61078899171825,39.91222186387608,38.58596830978478,38.31292066823509,39.91222186387608,0.012177493622915536,0.012103944441879249,-0.024365639876084866,0.014481199472751172,38.19277496337891,39.37859535217286,39.64197303771973,0.01874734393410828,0.016676414550426885,0.9205712634025645,0.7411382850806021,29356680.0
2022-05-09,37.946250915527344,38.35972679785645,37.26752562400183,37.74341453250275,25012300,38.25830841064453,39.405120849609375,43.03279495239258,38.3987347373342,39.607960206959945,43.22783118821307,37.47816347393164,38.60937560467056,40.957609522303215,37.51717012556393,39.35051094017273,40.957609522303215,-0.008156594164272168,-0.008190041178430724,0.012177493622915536,0.015480404516402313,38.239583587646486,39.12387828826904,39.65632781982422,0.01761946210414696,0.016625002522415343,1.092201173854626,0.2028363830245965,27113460.0
2022-05-10,38.609371185302734,38.92923046511236,37.98525290429384,38.25830539623936,27335900,37.946250915527344,38.28171157836914,43.04059219360352,38.35972679785645,39.27249599921424,43.36045445578258,37.26752562400183,38.2271016712059,42.48669003542254,37.74341453250275,38.905826928818136,42.790946066648246,0.01747525127717031,0.017324314969682272,-0.008156594164272168,-0.02850922029976144,38.270790100097656,38.950686073303224,39.69611526489258,0.017072932906969658,0.0169565809316375,0.9439775608185244,0.3510657890633766,25837260.0
2022-05-11,38.57817077636719,39.19448603951156,38.250508329423006,38.28171484361141,29699500,38.609371185302734,37.71220779418945,42.07321548461914,38.92923046511236,38.03986725158391,43.93776135444619,37.98525290429384,37.02567939048415,41.95619255701647,38.25830539623936,37.19731223541469,43.26683625169308,-0.0008081045605690118,-0.00080843125307241,0.01747525127717031,-0.01487665416980688,38.23802490234375,38.8079195022583,39.7538461303711,0.01667211959352495,0.016767081022157664,0.9439777100885536,0.29645593275577653,26054420.0
2022-05-12,39.6320915222168,39.6635525256769,38.318626130765104,38.53884715441296,33468400,38.57817077636719,38.45333862304688,41.433502197265625,39.19448603951156,39.0384472339538,42.07322087108982,38.250508329423006,37.21290824888354,41.07463620483099,38.28171484361141,38.125676253410525,41.581728678658095,0.027319095867947008,0.02695258947182274,-0.0008081045605690118,0.019652278988864236,38.60483856201172,38.71823959350586,39.802229843139656,0.014197312079130261,0.01812050870234844,1.3449263949117949,1.093244367803834,27081500.0
2022-05-13,39.26243209838867,39.94669542002353,39.07367207884461,39.62422763637321,22423700,39.6320915222168,38.74199676513672,41.425689697265625,39.6635525256769,38.90582648475653,41.98739493281354,38.318626130765104,37.37674314960489,41.11363354775175,38.53884715441296,38.14128481718071,41.449096066091045,-0.009327275186092665,-0.009371046608642769,0.027319095867947008,0.007506712093831913,38.80566329956055,38.60929622650146,39.84119186401367,0.01632041185580244,0.01818180821956589,0.8730233411789214,-0.3617955379845412,27587960.0
2022-05-16,39.8523063659668,40.15117985191858,39.22310139576776,39.22310139576776,19435600,39.26243209838867,37.79802322387695,41.44129943847656,39.94669542002353,38.65618147395612,42.057614671069466,39.07367207884461,37.0958915821636,41.3788893892105,39.62422763637321,38.58596830978478,41.65974205094989,0.015023885074157972,0.014912144309641778,-0.009327275186092665,-0.024365639876084866,39.18687438964844,38.579776000976565,39.879156875610356,0.014759814178866126,0.017841732136605632,0.9280784561508142,0.6292049701990337,26472620.0
2022-05-17,40.37926864624024,40.52084014326976,39.46692066554218,40.0725314027716,19918200,39.8523063659668,38.25830841064453,40.44271087646485,40.15117985191858,38.3987347373342,41.43349523555305,39.22310139576776,37.47816347393164,40.278881165186846,39.22310139576776,37.51717012556393,41.21505562051571,0.01322288038825925,0.01313622119228127,0.015023885074157972,0.012177493622915536,39.54085388183594,38.64135551452637,39.93811515808106,0.014333178743027216,0.016460678361197047,1.0539194777275753,0.30673724346863906,24989080.0
2022-05-18,39.639949798583984,40.44218421330152,39.45118681846553,40.28488523020289,22276000,40.37926864624024,37.946250915527344,39.14767837524414,40.52084014326976,38.35972679785645,40.47392553946265,39.46692066554218,37.26752562400183,38.51575982099431,40.0725314027716,37.74341453250275,40.3022926782058,-0.018309366970793217,-0.01847905791092156,0.01322288038825925,-0.008156594164272168,39.7532096862793,38.68274211883545,39.99071273803711,0.018795726988241366,0.01691758734132884,0.9909973948359934,-0.6449354316189044,23504380.0
2022-05-19,39.83657455444336,40.02533452492583,39.00287618400314,39.3253438838392,19865500,39.639949798583984,38.609371185302734,38.81221771240234,40.44218421330152,38.92923046511236,39.13207707601662,39.45118681846553,37.98525290429384,38.3909386551492,40.28488523020289,38.25830539623936,39.00725398231391,0.0049602675295616905,0.004948005933062381,-0.018309366970793217,0.01747525127717031,39.79410629272461,38.75892524719238,40.02680290222168,0.014501647086673161,0.016604720350965947,1.0224583409226895,0.5112306706041565,20783800.0
2022-05-20,41.26802062988281,41.44891686836293,40.21410119678732,40.32421168975036,31250400,39.83657455444336,38.57817077636719,38.31291198730469,40.02533452492583,39.19448603951156,39.01504052871647,39.00287618400314,38.250508329423006,38.16468256917195,39.3253438838392,38.28171484361141,38.95263049162079,0.035932960889575094,0.035302432177489816,0.0049602675295616905,-0.0008081045605690118,40.19522399902344,38.94490737915039,40.084500656127936,0.019588427790300348,0.017385074108458923,1.2348156715756105,0.943808940132449,22549140.0
2022-05-23,41.59049606323242,42.23543164172283,41.27589202481865,41.35454453456533,24035800,41.26802062988281,39.6320915222168,37.548377990722656,41.44891686836293,39.6635525256769,38.30511658291972,40.21410119678732,38.318626130765104,37.36894500593296,40.32421168975036,38.53884715441296,38.1880966238048,0.007814172534267305,0.007783800009563254,0.035932960889575094,0.027319095867947008,40.54286193847656,39.115027618408206,40.13195274353028,0.019405951890947466,0.017166510455741052,0.9595396169041805,0.23595152866709412,23469180.0
2022-05-24,42.0073356628418,42.16463765133879,41.45678020324526,41.45678020324526,26729800,41.59049606323242,39.26243209838867,38.18809127807617,42.23543164172283,39.94669542002353,38.3753243768571,41.27589202481865,39.07367207884461,36.76042476379344,41.35454453456533,39.62422763637321,37.32993015127815,0.01002247241715093,0.009972580523613547,0.007814172534267305,-0.009327275186092665,40.868475341796874,39.302869415283205,40.15684791564942,0.019272795784167705,0.01719740197196469,0.7078574480935345,0.5505554595965378,24831500.0
2022-05-25,42.243289947509766,42.5107024456068,41.72419545123744,41.84217270050727,24003900,42.0073356628418,39.8523063659668,38.2504997253418,42.16463765133879,40.15117985191858,39.202277361875744,41.45678020324526,39.22310139576776,38.164683318635774,41.45678020324526,39.22310139576776,38.219296194189326,0.005616978105009496,0.005601261708464761,0.01002247241715093,0.015023885074157972,41.38914337158203,39.474813270568845,40.18708618164063,0.013045498860458317,0.01704932478808514,0.7865069943693612,0.40111724700249596,25177080.0
2022-05-26,42.46352005004883,43.1949688996913,42.377003788186144,42.51857530754573,23516300,42.243289947509766,40.37926864624024,38.80441284179688,42.5107024456068,40.52084014326976,38.93703606068509,41.72419545123744,39.46692066554218,37.61078899171825,41.84217270050727,40.0725314027716,38.31292066823509,0.005213374782426117,0.005199832192122184,0.005616978105009496,0.01322288038825925,41.91453247070312,39.62773323059082,40.21065116882325,0.013007571930906407,0.016851321522690383,0.8179651115051527,-0.05505525749690321,25907240.0
2022-05-27,42.40059661865234,42.79385015917047,42.09385933709404,42.40846036933669,21407500,42.46352005004883,39.639949798583984,39.405120849609375,43.1949688996913,40.44218421330152,39.607960206959945,42.377003788186144,39.45118681846553,38.60937560467056,42.51857530754573,40.28488523020289,39.35051094017273,-0.0014818232525783959,-0.0014829222384570599,0.005213374782426117,-0.018309366970793217,42.141047668457034,39.83367748260498,40.21236183166504,0.0043194334725938045,0.015111128485887373,0.6999908220764297,-0.007863750684350634,23938660.0
2022-05-31,41.71633529663086,42.07812782515224,40.85117572809144,41.9365563139419,66058200,42.40059661865234,39.83657455444336,38.28171157836914,42.79385015917047,40.02533452492583,39.27249599921424,42.09385933709404,39.00287618400314,38.2271016712059,42.40846036933669,39.3253438838392,38.905826928818136,-0.01613801164581885,-0.016269647504260163,-0.0014818232525783959,0.0049602675295616905,42.16621551513672,40.03388385772705,40.19617469787598,0.01024354000877987,0.015201825144228558,1.2269520970607957,-0.22022101731104016,32343140.0
2022-06-01,41.18936920166016,41.9050904247456,40.772521467420525,41.88149617572403,17430600,41.71633529663086,41.26802062988281,37.71220779418945,42.07812782515224,41.44891686836293,38.03986725158391,40.85117572809144,40.21410119678732,37.02567939048415,41.9365563139419,40.32421168975036,37.19731223541469,-0.012632128187282432,-0.012712591854953992,-0.01613801164581885,0.035932960889575094,42.00262222290039,40.170685386657716,40.1744409942627,0.010068413649727482,0.015296579105878165,1.132568957325077,-0.6921269740638678,30483300.0
2022-06-02,41.433197021484375,41.48038853072365,40.14332577181125,41.18937872417818,21903400,41.18936920166016,41.59049606323242,38.45333862304688,41.9050904247456,42.23543164172283,39.0384472339538,40.772521467420525,41.27589202481865,37.21290824888354,41.88149617572403,41.35454453456533,38.125676253410525,0.005919678415817753,0.005902225960954875,-0.012632128187282432,0.007814172534267305,41.84060363769531,40.3052453994751,40.17552719116211,0.01014047839951778,0.015279097789004154,1.3370627589124027,0.24381829730619842,30063200.0
2022-06-03,41.84217071533203,42.10171645101118,41.26015424698623,41.26015424698623,18125000,41.433197021484375,42.0073356628418,38.74199676513672,41.48038853072365,42.16463765133879,38.90582648475653,40.14332577181125,41.45678020324526,37.37674314960489,41.18937872417818,41.45678020324526,38.14128481718071,0.009870676733817918,0.009822279817180065,0.005919678415817753,0.01002247241715093,41.71633377075195,40.50745277404785,40.19805526733399,0.011323064001005342,0.013846589726362123,0.841562204024946,0.5820164683457989,28984940.0
2022-06-06,41.88936233520508,42.25115784263721,41.68487183125315,41.83430708413009,16544400,41.84217071533203,42.243289947509766,37.79802322387695,42.10171645101118,42.5107024456068,38.65618147395612,41.26015424698623,41.72419545123744,37.0958915821636,41.26015424698623,41.84217270050727,38.58596830978478,0.001127848270447318,0.0011272127274059363,0.009870676733817918,0.005616978105009496,41.6140869140625,40.68900547027588,40.215285797119144,0.011463608687104661,0.013773183756117606,0.5662860113840651,0.05505525107498954,28012320.0
2022-06-07,42.43991470336914,42.44778145310366,41.69273249374439,41.90508973228737,15091200,41.88936233520508,42.46352005004883,38.25830841064453,42.25115784263721,43.1949688996913,38.3987347373342,41.68487183125315,42.377003788186144,37.47816347393164,41.83430708413009,42.51857530754573,37.51717012556393,0.013143011434703977,0.013057391446953509,0.001127848270447318,0.005213374782426117,41.758802795410155,40.91368865966797,40.24056312561036,0.010066028178375385,0.013553909619004162,0.7550489593592715,0.5348249710817683,17818920.0
2022-06-08,42.05453109741211,42.91182386469641,42.00733959635829,42.51857035677308,12789800,42.43991470336914,42.40059661865234,37.946250915527344,42.44778145310366,42.79385015917047,38.35972679785645,41.69273249374439,42.09385933709404,37.26752562400183,41.90508973228737,42.40846036933669,37.74341453250275,-0.00908068757090219,-0.009122168321055014,0.013143011434703977,-0.0014818232525783959,41.93183517456055,41.08594665527344,40.25033126831055,0.008673321520076686,0.013639959555004202,0.9044842683381162,-0.46403925936097323,16890760.0
2022-06-09,40.72533416748047,42.196104514024185,40.66241516350795,41.8972309943674,17572700,42.05453109741211,41.71633529663086,38.609371185302734,42.91182386469641,42.07812782515224,38.92923046511236,42.00733959635829,40.85117572809144,37.98525290429384,42.51857035677308,41.9365563139419,38.25830539623936,-0.03160650934028453,-0.03211677568833038,-0.00908068757090219,-0.01613801164581885,41.790262603759764,41.1933048248291,40.2419409942627,0.018014713388109196,0.015819743349498868,1.5336893505162337,-1.171896826886929,16024620.0
2022-06-10,39.30175018310547,40.40285802696487,39.28601968529932,40.3556695338321,23826000,40.72533416748047,41.18936920166016,38.57817077636719,42.196104514024185,41.9050904247456,39.19448603951156,40.66241516350795,40.772521467420525,38.250508329423006,41.8972309943674,41.88149617572403,38.28171484361141,-0.03495573488778747,-0.03558130811257047,-0.03160650934028453,-0.012632128187282432,41.282178497314455,41.176787757873534,40.209759902954104,0.020760769889741154,0.016841726296677375,1.1168383416655487,-1.0539193507266305,17164820.0
2022-06-13,37.681549072265625,38.759062788508224,37.52424707712482,38.397270299884575,26989000,39.30175018310547,41.433197021484375,39.6320915222168,40.40285802696487,41.48038853072365,39.6635525256769,39.28601968529932,40.14332577181125,38.318626130765104,40.3556695338321,41.18937872417818,38.53884715441296,-0.04122465547440979,-0.042098491682047635,-0.03495573488778747,0.005919678415817753,40.440615844726565,41.097743606567384,40.15562873840332,0.022493261007226307,0.01910189935576421,1.2348157113834048,-0.7157212276189497,19253740.0
2022-06-14,37.68941116333008,38.121992381002585,37.13885870499394,37.555706423530125,23290300,37.681549072265625,41.84217071533203,39.26243209838867,38.759062788508224,42.10171645101118,39.94669542002353,37.52424707712482,41.26015424698623,39.07367207884461,38.397270299884575,41.26015424698623,39.62422763637321,0.00020864564377043315,0.0002086238802952845,-0.04122465547440979,0.009870676733817918,39.49051513671875,40.98959884643555,40.10477546691895,0.01789544453585349,0.018694881614426114,0.9831336760086415,0.13370473979995268,20893560.0
2022-06-15,38.153446197509766,38.52310537927273,37.107393641013125,37.65794903930451,25748000,37.68941116333008,41.88936233520508,39.8523063659668,38.121992381002585,42.25115784263721,40.15117985191858,37.13885870499394,41.68487183125315,39.22310139576776,37.555706423530125,41.83430708413009,39.22310139576776,0.012312079702406553,0.012236902478771699,0.00020864564377043315,0.001127848270447318,38.71029815673828,40.87830772399902,40.07303291320801,0.02375315293551811,0.01865532833546689,1.4157117382596027,0.49549715820525364,23485200.0
2022-06-16,37.34334945678711,37.752333428968576,37.01301797942087,37.50851519547023,20424500,38.153446197509766,42.43991470336914,40.37926864624024,38.52310537927273,42.44778145310366,40.52084014326976,37.107393641013125,41.69273249374439,39.46692066554218,37.65794903930451,41.90508973228737,40.0725314027716,-0.02123259682831824,-0.021461250816883545,0.012312079702406553,0.013143011434703977,38.03390121459961,40.76347770690918,40.02040733337403,0.02281715584815784,0.018795282546740722,0.7393154495477035,-0.1651657386831218,24055560.0
2022-06-17,36.59617614746094,37.77593685370055,36.39954936308767,37.26470901450202,45047700,37.34334945678711,42.05453109741211,39.639949798583984,37.752333428968576,42.91182386469641,40.44218421330152,37.01301797942087,42.00733959635829,39.45118681846553,37.50851519547023,42.51857035677308,40.28488523020289,-0.020008202804378428,-0.020211077561099255,-0.02123259682831824,-0.00908068757090219,37.4927864074707,40.60145778656006,39.92740547180176,0.02075934344973369,0.01907905333984874,1.3763874906128777,-0.6685328670410797,28299900.0
2022-06-21,37.83884811401367,38.09839383549486,36.92650021375067,37.21750693186164,19622100,36.59617614746094,40.72533416748047,39.83657455444336,37.77593685370055,42.196104514024185,40.02533452492583,36.39954936308767,40.66241516350795,39.00287618400314,37.26470901450202,41.8972309943674,39.3253438838392,0.0339563336220019,0.03339254465485304,-0.020008202804378428,-0.03160650934028453,37.52424621582031,40.4299991607666,39.82352653503418,0.023185831329829005,0.018864905956981502,1.1718936217441893,0.6213411821520296,26826520.0
2022-06-22,38.59389877319336,38.995019028791546,37.57144025938914,37.77593076203553,20382900,37.83884811401367,39.30175018310547,41.26802062988281,38.09839383549486,40.40285802696487,41.44891686836293,36.92650021375067,39.28601968529932,40.21410119678732,37.21750693186164,40.3556695338321,40.32421168975036,0.019954377493326847,0.019757898348136453,0.0339563336220019,-0.03495573488778747,37.705143737792966,40.280169296264646,39.73459266662598,0.024643094629198163,0.019456439182939538,1.423578769402404,0.8179680111578307,26245040.0
2022-06-23,39.39613723754883,39.45905623977578,38.52311395453904,38.71974071196336,20061700,38.59389877319336,37.681549072265625,41.59049606323242,38.995019028791546,38.759062788508224,42.23543164172283,37.57144025938914,37.52424707712482,41.27589202481865,37.77593076203553,38.397270299884575,41.35454453456533,0.02078666550560282,0.020573570734670928,0.019954377493326847,-0.04122465547440979,37.95368194580078,40.149609375,39.681051101684574,0.025546908207343795,0.019993145385445533,0.9359422852367345,0.6763965255854671,25107780.0
2022-06-24,40.57588958740234,40.61521433088795,39.561295003931306,39.8365742089018,24343200,39.39613723754883,37.68941116333008,42.0073356628418,39.45905623977578,38.121992381002585,42.16463765133879,38.52311395453904,37.13885870499394,41.45678020324526,38.71974071196336,37.555706423530125,41.45678020324526,0.029945888926619757,0.0295062658388325,0.02078666550560282,0.00020864564377043315,38.600189971923825,40.06623935699463,39.6638988494873,0.021492794786829795,0.021246653920962578,1.0539193269566454,0.7393153785005353,25891520.0
2022-06-27,40.803985595703125,41.07926185635325,40.3163490764283,40.489381583286224,16154300,40.57588958740234,38.153446197509766,42.243289947509766,40.61521433088795,38.52310537927273,42.5107024456068,39.561295003931306,37.107393641013125,41.72419545123744,39.8365742089018,37.65794903930451,41.84217270050727,0.005621466605419956,0.005605725127928797,0.029945888926619757,0.012312079702406553,39.441751861572264,39.983262634277345,39.651464767456055,0.010954338821725956,0.021253934589513926,0.762912779924946,0.3146040124169005,20112840.0
2022-06-28,39.84445190429688,40.8747773458656,39.64782511775765,40.7646668254495,16417900,40.803985595703125,37.34334945678711,42.46352005004883,41.07926185635325,37.752333428968576,43.1949688996913,40.3163490764283,37.01301797942087,42.377003788186144,40.489381583286224,37.50851519547023,42.51857530754573,-0.023515685475275938,-0.02379659174912573,0.005621466605419956,-0.02123259682831824,39.842872619628906,39.85545539855957,39.61952781677246,0.02094154451923998,0.021801897232942416,1.2269522281079546,-0.9202149211526205,19472000.0
2022-06-29,40.06466293334961,40.45791640815774,39.84444194754855,39.89949719399881,13925700,39.84445190429688,36.59617614746094,42.40059661865234,40.8747773458656,37.77593685370055,42.79385015917047,39.64782511775765,36.39954936308767,42.09385933709404,40.7646668254495,37.26470901450202,42.40846036933669,0.005526767681022671,0.0055115511403004075,-0.023515685475275938,-0.020008202804378428,40.13702545166016,39.772871780395505,39.611966857910154,0.020307627927948782,0.02164601436426737,0.61347446060919,0.16516573935079748,18180560.0
2022-06-30,41.2365608215332,41.59835330893157,40.18264135803094,40.65454434156915,33495700,40.06466293334961,37.83884811401367,41.71633529663086,40.45791640815774,38.09839383549486,42.07812782515224,39.84444194754855,36.92650021375067,40.85117572809144,39.89949719399881,37.21750693186164,41.9365563139419,0.029250162172414385,0.02883053923154144,0.005526767681022671,0.0339563336220019,40.50511016845703,39.77523136138916,39.653744506835935,0.021959497990482364,0.022549394963461106,1.4157119509006293,0.5820164799640537,20867360.0
2022-07-01,41.14217758178711,41.18936607624963,40.308479176282106,40.929820355848506,16143300,41.2365608215332,38.59389877319336,41.18936920166016,41.59835330893157,38.995019028791546,41.9050904247456,40.18264135803094,37.57144025938914,40.772521467420525,40.65454434156915,37.77593076203553,41.88149617572403,-0.002288824234265574,-0.0022914475961605444,0.029250162172414385,0.019954377493326847,40.618367767333986,39.7606803894043,39.700343704223634,0.01892979073157884,0.022516404446575565,0.8808868999675212,0.21235722593860373,19227380.0
2022-07-05,40.61521911621094,40.81184585709134,39.63995216160426,40.70173536224407,18406800,41.14217758178711,39.39613723754883,41.433197021484375,41.18936607624963,39.45905623977578,41.48038853072365,40.308479176282106,38.52311395453904,40.14332577181125,40.929820355848506,38.71974071196336,41.18937872417818,-0.012808229815464256,-0.012890962388720804,-0.002288824234265574,0.02078666550560282,40.580614471435545,39.699332809448244,39.746389846801755,0.020034042226285975,0.022558316307222784,1.1718936954870784,-0.08651624603313479,19677880.0
2022-07-06,41.48825073242188,41.65341650815989,40.5680388387787,40.61522734596866,21305500,40.61521911621094,40.57588958740234,41.84217071533203,40.81184585709134,40.61521433088795,42.10171645101118,39.63995216160426,39.561295003931306,41.26015424698623,40.70173536224407,39.8365742089018,41.26015424698623,0.021495184199621598,0.02126742082450657,-0.012808229815464256,0.029945888926619757,40.90937423706055,39.67927722930908,39.825187301635744,0.01716371496802011,0.02312368860703314,1.0853776693811952,0.8730233864532195,20655400.0
2022-07-07,42.01519775390625,42.10958074345092,41.519700560082654,41.64554154585645,17847600,41.48825073242188,40.803985595703125,41.88936233520508,41.65341650815989,41.07926185635325,42.25115784263721,40.5680388387787,40.3163490764283,41.68487183125315,40.61522734596866,40.489381583286224,41.83430708413009,0.012701114464499952,0.012621131843795288,0.021495184199621598,0.005621466605419956,41.29948120117187,39.658041381835936,39.90172943115235,0.017180582641331016,0.023110449396757216,0.5898801833682654,0.36965620804979693,21439780.0
2022-07-08,41.81857299804688,42.40845320923059,41.49610526927789,41.724193004337536,11322700,42.01519775390625,39.84445190429688,42.43991470336914,42.10958074345092,40.8747773458656,42.44778145310366,41.519700560082654,39.64782511775765,41.69273249374439,41.64554154585645,40.7646668254495,41.90508973228737,-0.004679848397026509,-0.004690833172323664,0.012701114464499952,-0.023515685475275938,41.41588363647461,39.646243476867674,39.97309089660644,0.013901150162500642,0.023042777348006128,0.9123479399527028,0.09437999370934591,17005180.0
2022-07-11,41.59835433959961,42.26688708317641,41.48824384073159,41.68487058879193,12921400,41.81857299804688,40.06466293334961,42.05453109741211,42.40845320923059,40.45791640815774,42.91182386469641,41.49610526927789,39.84444194754855,42.00733959635829,41.724193004337536,39.89949719399881,42.51857035677308,-0.005266049093964997,-0.005279963601646203,-0.004679848397026509,0.005526767681022671,41.50711898803711,39.68989448547363,40.0289697265625,0.01423779828858109,0.021865582546530975,0.7786432424448151,-0.08651624919232148,16360800.0
2022-07-12,40.929832458496094,41.51184606439315,40.67028366106256,41.44106030148279,14633500,41.59835433959961,41.2365608215332,40.72533416748047,42.26688708317641,41.59835330893157,42.196104514024185,41.48824384073159,40.18264135803094,40.66241516350795,41.68487058879193,40.65454434156915,41.8972309943674,-0.016070873276520792,-0.016201410211379146,-0.005266049093964997,0.029250162172414385,41.57004165649414,39.77129859924317,40.05946395874023,0.015148312934473007,0.020588480363418857,0.8415624033305846,-0.511227842986699,15606140.0
2022-07-13,40.73320007324219,41.1421840915822,40.51297606319065,40.78825532568352,12927300,40.929832458496094,41.14217758178711,39.30175018310547,41.51184606439315,41.18936607624963,40.40285802696487,40.67028366106256,40.308479176282106,39.28601968529932,41.44106030148279,40.929820355848506,40.3556695338321,-0.004804133646364117,-0.004815710589413437,-0.016070873276520792,-0.002288824234265574,41.4190315246582,39.923881149291994,40.1084937286377,0.010327607093607546,0.017988947058583914,0.6292080283915524,-0.0550552524413348,13930500.0
2022-07-14,40.4185905456543,40.57589253129504,39.82084660056247,39.915226591832585,14023800,40.73320007324219,40.61521911621094,37.681549072265625,41.1421840915822,40.81184585709134,38.759062788508224,40.51297606319065,39.63995216160426,37.52424707712482,40.78825532568352,40.70173536224407,38.397270299884575,-0.007723663424974991,-0.007753645393525309,-0.004804133646364117,-0.012808229815464256,41.099710083007814,40.060340118408206,40.162621383666995,0.004834851517028203,0.018164780850752852,0.755045930732571,0.5033639538217116,13165740.0
2022-07-15,40.70174026489258,40.82758127420253,39.66355118801388,40.143320973597554,19885700,40.4185905456543,41.48825073242188,37.68941116333008,40.57589253129504,41.65341650815989,38.121992381002585,39.82084660056247,40.5680388387787,37.13885870499394,39.915226591832585,40.61522734596866,37.555706423530125,0.007005432782680954,0.006981008739430234,-0.007723663424974991,0.021495184199621598,40.87634353637695,40.18775482177735,40.20758941650391,0.00826938253785461,0.018070222537807396,1.164030086188653,0.5584192912950243,14878340.0
2022-07-18,39.91523361206055,40.874773192974125,39.734337346857984,40.8669064421513,15742900,40.70174026489258,42.01519775390625,38.153446197509766,40.82758127420253,42.10958074345092,38.52310537927273,39.66355118801388,41.519700560082654,37.107393641013125,40.143320973597554,41.64554154585645,37.65794903930451,-0.019323661536664982,-0.019512804066387956,0.007005432782680954,0.012701114464499952,40.53971939086914,40.316349029541016,40.231054153442386,0.010351921342177904,0.017937865284004983,1.1404358461161408,-0.9516728300907502,15442640.0
2022-07-19,40.402862548828125,40.512973045509,39.80511856672368,40.143316806692646,13402100,39.91523361206055,41.81857299804688,37.34334945678711,40.874773192974125,42.40845320923059,37.752333428968576,39.734337346857984,41.49610526927789,37.01301797942087,40.8669064421513,41.724193004337536,37.50851519547023,0.012216612371779734,0.012142591806790289,-0.019323661536664982,-0.004679848397026509,40.43432540893555,40.506683349609375,40.28315093994141,0.012475574750856887,0.01714610132202809,0.7078544787853218,0.25954574213547943,15196360.0
2022-07-20,39.97027969360352,40.47364362043543,39.726461478919326,40.41858837845604,12774400,40.402862548828125,41.59835433959961,36.59617614746094,40.512973045509,42.26688708317641,37.77593685370055,39.80511856672368,41.48824384073159,36.39954936308767,40.143316806692646,41.68487058879193,37.26470901450202,-0.010706737788734988,-0.010764467338980073,0.012216612371779734,-0.005266049093964997,40.281741333007815,40.613254928588866,40.31739036560059,0.013012759863327637,0.01606421139128084,0.747182141516106,-0.4483086848525204,15165780.0
2022-07-21,40.20623016357422,40.22196066093387,39.46691478938449,39.77365198718357,15103800,39.97027969360352,40.929832458496094,37.83884811401367,40.47364362043543,41.51184606439315,38.09839383549486,39.726461478919326,40.67028366106256,36.92650021375067,40.41858837845604,41.44106030148279,37.21750693186164,0.005903147833325129,0.005885792523300909,-0.010706737788734988,-0.016070873276520792,40.2392692565918,40.69387149810791,40.36258995056152,0.01338277605800137,0.015577400912795365,0.7550458715493775,0.4325781763906491,15381780.0
2022-07-22,40.292747497558594,40.528698963815685,40.07252652909006,40.3163417440986,10932100,40.20623016357422,40.73320007324219,38.59389877319336,40.22196066093387,41.1421840915822,38.995019028791546,39.46691478938449,40.51297606319065,37.57144025938914,39.77365198718357,40.78825532568352,37.77593076203553,0.002151838996901523,0.002149527107315967,0.005903147833325129,-0.004804133646364117,40.157470703125,40.7387020111084,40.39625747680664,0.012822972320640296,0.01494949067904709,0.4561724347256231,-0.02359424654000719,13591060.0
2022-07-25,40.71746826171875,40.80398451285176,40.37927000744583,40.37927000744583,12995800,40.292747497558594,40.4185905456543,39.39613723754883,40.528698963815685,40.57589253129504,39.45905623977578,40.07252652909006,39.82084660056247,38.52311395453904,40.3163417440986,39.915226591832585,38.71974071196336,0.010540873743739798,0.010485706072434707,0.002151838996901523,-0.007723663424974991,40.31791763305664,40.74578094482422,40.43904342651367,0.009132624477257344,0.013552196483729026,0.42471450540593025,0.3381982542729176,13041640.0
2022-07-26,41.134315490722656,41.56689374056848,40.67027624081523,40.77252299087241,16632500,40.71746826171875,40.70174026489258,40.57588958740234,40.80398451285176,40.82758127420253,40.61521433088795,40.37927000744583,39.66355118801388,39.561295003931306,40.37927000744583,40.143320973597554,39.8365742089018,0.010237552745778533,0.010185503936205289,0.010540873743739798,0.007005432782680954,40.46420822143555,40.76229743957519,40.46908790588379,0.008722299465022794,0.013686927862302663,0.8966174997532548,0.361792499850246,13687720.0
2022-07-27,40.85903549194336,41.094986970183896,40.26128854676244,40.8511687425067,19203500,41.134315490722656,39.91523361206055,40.803985595703125,41.56689374056848,40.874773192974125,41.07926185635325,40.67027624081523,39.734337346857984,40.3163490764283,40.77252299087241,40.8669064421513,40.489381583286224,-0.006692222673339021,-0.0067147160052506765,0.010237552745778533,-0.019323661536664982,40.64195938110352,40.81302661895752,40.501019973754886,0.007108699785758628,0.012608265649647041,0.8336984234214597,0.007866749436658438,14973540.0
2022-07-28,40.20117568969727,41.4772781313282,38.91714545575175,40.304212801252,38984900,40.85903549194336,40.402862548828125,39.84445190429688,41.094986970183896,40.512973045509,40.8747773458656,40.26128854676244,39.80511856672368,39.64782511775765,40.8511687425067,40.143316806692646,40.7646668254495,-0.016100717854091395,-0.01623174271134548,-0.006692222673339021,0.012216612371779734,40.64094848632813,40.8198522567749,40.507997360229496,0.01145167132638695,0.013145677546134852,2.5601326755764475,-0.10303711155472683,19749760.0
2022-07-29,40.03472137451172,40.19324394598362,39.0598116417744,40.07435428505462,25037900,40.20117568969727,39.97027969360352,40.06466293334961,41.4772781313282,40.47364362043543,40.45791640815774,38.91714545575175,39.726461478919326,39.84444194754855,40.304212801252,40.41858837845604,39.89949719399881,-0.004140533512511535,-0.004149129256912594,-0.016100717854091395,-0.010706737788734988,40.58934326171875,40.75976028442383,40.50110641479492,0.01150547218641302,0.011253097302916413,1.1334323042092151,-0.03963291054289897,22570920.0
2022-08-01,40.11398315429688,40.66088283725461,39.74938336565838,39.884125582672674,19709900,40.03472137451172,40.20623016357422,41.2365608215332,40.19324394598362,40.22196066093387,41.59835330893157,39.0598116417744,39.46691478938449,40.18264135803094,40.07435428505462,39.77365198718357,40.65454434156915,0.0019798259376828664,0.001977868665257812,-0.004140533512511535,0.005903147833325129,40.46864624023438,40.708350563049315,40.51058708190918,0.009830786870245214,0.011276162383380814,0.9114994715962297,0.2298575716242084,23913740.0
2022-08-02,39.38478469848633,40.79563237135231,39.337230039743,40.34384497188984,17802000,40.11398315429688,40.292747497558594,41.14217758178711,40.66088283725461,40.528698963815685,41.18936607624963,39.74938336565838,40.07252652909006,40.308479176282106,39.884125582672674,40.3163417440986,40.929820355848506,-0.01817816129118166,-0.018345414064299386,0.0019798259376828664,0.002151838996901523,40.11874008178711,40.64682884216309,40.50155128479004,0.008418100139819938,0.01162552632734139,1.4584023316093138,-0.9590602734035087,24147640.0
2022-08-03,39.519527435302734,39.68597477743298,39.10736995224215,39.46404498792599,16500100,39.38478469848633,40.71746826171875,40.61521911621094,40.79563237135231,40.80398451285176,40.81184585709134,39.337230039743,40.37927000744583,39.63995216160426,40.34384497188984,40.37927000744583,40.70173536224407,0.0034211875943448433,0.003415348645702894,-0.01817816129118166,0.010540873743739798,39.85083847045898,40.54839267730713,40.466581420898436,0.010054899057762289,0.010382159562347202,0.5786048251908298,0.05548244737674679,23606960.0
2022-08-04,39.519527435302734,39.67012221767297,39.00432982558536,39.55123255482277,17026300,39.519527435302734,41.134315490722656,41.48825073242188,39.68597477743298,41.56689374056848,41.65341650815989,39.10736995224215,40.67027624081523,40.5680388387787,39.46404498792599,40.77252299087241,40.61522734596866,0.0,0.0,0.0034211875943448433,0.010237552745778533,39.714508819580075,40.42360916137695,40.42516204833984,0.008746030715040432,0.009782487400341495,0.6657923920876101,-0.03170511952003352,19215240.0
2022-08-05,39.05188751220703,39.60671500964545,38.88544017004549,39.34515230890593,16376600,39.519527435302734,40.85903549194336,42.01519775390625,39.67012221767297,41.094986970183896,42.10958074345092,39.00432982558536,40.26128854676244,41.519700560082654,39.55123255482277,40.8511687425067,41.64554154585645,-0.011833135501462477,-0.011903704301929378,0.0,-0.006692222673339021,39.51794204711914,40.28527488708496,40.366053085327145,0.009551958838241505,0.009975558109708398,0.7212748395999569,-0.2932647966988995,17482980.0
2022-08-08,39.289676666259766,39.47990439279543,38.79033152972489,39.1470066272498,16071800,39.05188751220703,40.20117568969727,41.81857299804688,39.60671500964545,41.4772781313282,42.40845320923059,38.88544017004549,38.91714545575175,41.49610526927789,39.34515230890593,40.304212801252,41.724193004337536,0.006089056616748856,0.0060705932233648795,-0.011833135501462477,-0.016100717854091395,39.35308074951172,40.16984100341797,40.30698081970215,0.010430617759408446,0.010182896991195024,0.6895728630705449,0.142670039009964,16755360.0
2022-08-09,39.45612716674805,39.71768993353479,39.250049884925744,39.43234983288284,12095600,39.289676666259766,40.03472137451172,41.59835433959961,39.47990439279543,40.19324394598362,42.26688708317641,38.79033152972489,39.0598116417744,41.48824384073159,39.1470066272498,40.07435428505462,41.68487058879193,0.004236494535248214,0.004227545857388523,0.006089056616748856,-0.004140533512511535,39.367349243164064,40.09615573883057,40.24683296203613,0.007176693899440333,0.009795193891220168,0.4676400486090486,0.023777333865204753,15614080.0
2022-08-10,39.59086990356445,39.67012969373488,39.13908244774522,39.57501734081693,17355100,39.45612716674805,40.11398315429688,40.929832458496094,39.71768993353479,40.66088283725461,41.51184606439315,39.250049884925744,39.74938336565838,40.67028366106256,39.43234983288284,39.884125582672674,41.44106030148279,0.0034150015851013293,0.0034091837087968447,0.004236494535248214,0.0019798259376828664,39.38161773681641,40.03903923034668,40.19063842773438,0.007176039645048032,0.00983424467303545,0.5310472459896616,0.015852562747525667,15785080.0
2022-08-11,38.27513122558594,38.94092363519999,37.89467885203029,38.219648776748656,44048800,39.59086990356445,39.38478469848633,40.73320007324219,39.67012969373488,40.79563237135231,41.1421840915822,39.13908244774522,39.337230039743,40.51297606319065,39.57501734081693,40.34384497188984,40.78825532568352,-0.033233386414175725,-0.03379816365576107,0.0034150015851013293,-0.01817816129118166,39.132738494873045,39.93186626434326,40.12181434631348,0.016695093078583894,0.01209533259801535,1.0462447831696977,0.055482448837281595,21189580.0
2022-08-12,39.717681884765625,39.93961168537989,38.481209373700224,38.481209373700224,25835500,38.27513122558594,39.519527435302734,40.4185905456543,38.94092363519999,39.68597477743298,40.57589253129504,37.89467885203029,39.10736995224215,39.82084660056247,38.219648776748656,39.46404498792599,39.915226591832585,0.03768898010244781,0.03699610603184625,-0.033233386414175725,0.0034211875943448433,39.26589736938477,39.882663345336915,40.092380599975584,0.025126599337282566,0.014985276380669184,1.458402311679663,1.2364725110654007,23081360.0
2022-08-15,39.43234634399414,39.68598129467316,39.14700626858847,39.60672150642363,15797800,39.717681884765625,39.519527435302734,40.70174026489258,39.93961168537989,39.67012221767297,40.82758127420253,38.481209373700224,39.00432982558536,39.66355118801388,38.481209373700224,39.55123255482277,40.143320973597554,-0.0071840935127920336,-0.007210023375599696,0.03768898010244781,0.0,39.29443130493164,39.85851898193359,40.052363586425784,0.025501428080525395,0.014445096988981948,0.5389750260846924,-0.17437516242949158,23026560.0
2022-08-16,39.519527435302734,39.77316234432976,39.12322251200217,39.139075071762186,12874800,39.43234634399414,39.05188751220703,39.91523361206055,39.68598129467316,39.60671500964545,40.874773192974125,39.14700626858847,38.88544017004549,39.734337346857984,39.60672150642363,39.34515230890593,40.8669064421513,0.0022109029614432174,0.002208462511893566,-0.0071840935127920336,-0.011833135501462477,39.30711135864258,39.81435222625733,40.0059107208252,0.025452896349058566,0.014151433334421554,0.6499398323275898,0.3804523635405488,23182400.0
2022-08-17,39.05188751220703,39.51952744273228,39.036034952444034,39.353080100570736,13607200,39.519527435302734,39.289676666259766,40.402862548828125,39.77316234432976,39.47990439279543,40.512973045509,39.12322251200217,38.79033152972489,39.80511856672368,39.139075071762186,39.1470066272498,40.143316806692646,-0.011833135501462477,-0.011903704301929378,0.0022109029614432174,0.006089056616748856,39.19931488037109,39.7684326171875,39.949161224365234,0.025937094396972983,0.014194233455434108,0.48349249028824914,-0.30119258836370477,22432820.0
2022-08-18,38.50498580932617,39.25003793814429,38.346463243484784,39.14699781681242,18916300,39.05188751220703,39.45612716674805,39.97027969360352,39.51952744273228,39.71768993353479,40.47364362043543,39.036034952444034,39.250049884925744,39.726461478919326,39.353080100570736,39.43234983288284,40.41858837845604,-0.014004488328762776,-0.01410347644743102,-0.011833135501462477,0.004236494535248214,39.24528579711914,39.683370399475095,39.87046264648438,0.021234673702919343,0.014376639900624532,0.903574694659504,-0.642012007486251,17406320.0
2022-08-19,38.95677947998047,39.1945618555553,38.62388173532214,38.7110693118652,15350200,38.50498580932617,39.59086990356445,40.20623016357422,39.25003793814429,39.67012969373488,40.22196066093387,38.346463243484784,39.13908244774522,39.46691478938449,39.14699781681242,39.57501734081693,39.77365198718357,0.01173338104554933,0.01166507868938698,-0.014004488328762776,0.0034150015851013293,39.09310531616211,39.61657199859619,39.80850761413574,0.010694982689020981,0.014680854303883282,0.5706801202331562,0.24571016811526647,15309260.0
2022-08-22,38.75862884521485,39.15493383126584,38.63181137062121,39.00433600148352,13601200,38.95677947998047,38.27513122558594,40.292747497558594,39.1945618555553,38.94092363519999,40.528698963815685,38.62388173532214,37.89467885203029,40.07252652909006,38.7110693118652,38.219648776748656,40.3163417440986,-0.005086422373991262,-0.00509940225307982,0.01173338104554933,-0.033233386414175725,38.95836181640625,39.518630027770996,39.76917350769043,0.010570221609824113,0.014415120216390069,0.5231224606446361,-0.24570715626867212,14869940.0
2022-08-23,38.05319595336914,38.45742865291311,37.855043499277606,38.378165857136594,16248900,38.75862884521485,39.717681884765625,40.71746826171875,39.15493383126584,39.93961168537989,40.80398451285176,38.63181137062121,38.481209373700224,40.37927000744583,39.00433600148352,38.481209373700224,40.37927000744583,-0.01820066686731625,-0.01836833658770493,-0.005086422373991262,0.03768898010244781,38.665095520019534,39.36457405090332,39.7442024230957,0.011740258139758515,0.014508980346644954,0.6023851536355025,-0.32496990376745316,15544760.0
2022-08-24,37.593482971191406,38.05319508190118,37.55385308599398,37.96601054389341,15551500,38.05319595336914,39.43234634399414,41.134315490722656,38.45742865291311,39.68598129467316,41.56689374056848,37.855043499277606,39.14700626858847,40.67027624081523,38.378165857136594,39.60672150642363,40.77252299087241,-0.01208079822627961,-0.01215436415965618,-0.01820066686731625,-0.0071840935127920336,38.37341461181641,39.201296424865724,39.74244110107422,0.011763723812063951,0.014615438218935661,0.4993419959072014,-0.37252757270200476,15933620.0
2022-08-25,37.96601104736328,38.00564093308625,37.4666660212678,37.664818473449095,14460000,37.593482971191406,39.519527435302734,40.85903549194336,38.05319508190118,39.77316234432976,41.094986970183896,37.55385308599398,39.12322251200217,40.26128854676244,37.96601054389341,39.139075071762186,40.8511687425067,0.00990937914577783,0.009860603209721729,-0.01208079822627961,0.0022109029614432174,38.26561965942383,39.089538192749025,39.74797309875488,0.013240787880925519,0.01464436267582097,0.5389749118184497,0.30119257391418586,15042360.0
2022-08-26,37.1099967956543,38.01357163488221,37.01488445035845,37.74408413690485,16546700,37.96601104736328,39.05188751220703,40.20117568969727,38.00564093308625,39.51952744273228,41.4772781313282,37.4666660212678,39.036034952444034,38.91714545575175,37.664818473449095,39.353080100570736,40.304212801252,-0.022546857783955487,-0.022804924623472472,0.00990937914577783,-0.011833135501462477,37.896263122558594,38.94330196380615,39.727104110717775,0.012735140446425394,0.015299751250217783,0.9986871845237602,-0.6340873412505559,15281660.0
2022-08-29,36.64235305786133,37.006952863754485,36.55516549045935,36.76124574496705,13400500,37.1099967956543,38.50498580932617,40.03472137451172,38.01357163488221,39.25003793814429,40.19324394598362,37.01488445035845,38.346463243484784,39.0598116417744,37.74408413690485,39.14699781681242,40.07435428505462,-0.012601556943484638,-0.012681629969924814,-0.022546857783955487,-0.014004488328762776,37.47300796508789,38.769720458984374,39.71308418273926,0.01251060139978691,0.01536339698512336,0.45178737329513297,-0.11889268710572054,15241520.0
2022-08-30,36.341156005859375,36.73746088279815,36.30152612287875,36.72953611562853,16303000,36.64235305786133,38.95677947998047,40.11398315429688,37.006952863754485,39.1945618555553,40.66088283725461,36.55516549045935,38.62388173532214,39.74938336565838,36.76124574496705,38.7110693118652,39.884125582672674,-0.008219915667706634,-0.008253885455098984,-0.012601556943484638,0.01173338104554933,37.13059997558594,38.61753902435303,39.707983779907224,0.011875339692950767,0.01505169872912863,0.4359347599194052,-0.3883801097691517,15252340.0
2022-08-31,35.84974670410156,36.68991431681615,35.7704869206764,36.46798148080523,26416800,36.341156005859375,38.75862884521485,39.38478469848633,36.73746088279815,39.15493383126584,40.79563237135231,36.30152612287875,38.63181137062121,39.337230039743,36.72953611562853,39.00433600148352,40.34384497188984,-0.013522115303062465,-0.013614371716077251,-0.008219915667706634,-0.005086422373991262,36.78185272216797,38.43404998779297,39.668201751708985,0.011982553164468876,0.015094347414024137,0.9194273961397528,-0.618234776703666,17425400.0
2022-09-01,36.95940780639648,36.97526037036538,35.7784174910365,35.7784174910365,19947600,35.84974670410156,38.05319595336914,39.519527435302734,36.68991431681615,38.45742865291311,39.68597477743298,35.7704869206764,37.855043499277606,39.10736995224215,36.46798148080523,38.378165857136594,39.46404498792599,0.03095310857992639,0.03048372250674154,-0.013522115303062465,-0.01820066686731625,36.58053207397461,38.306044006347655,39.63551193237305,0.02086336794831155,0.017065490013691054,1.1968428793288837,1.1809903153599777,18522920.0
2022-09-02,36.22227096557617,37.09414059634534,36.087525718018526,37.04658594014458,14667700,36.95940780639648,37.593482971191406,39.519527435302734,36.97526037036538,38.05319508190118,39.67012221767297,35.7784174910365,37.55385308599398,39.00432982558536,35.7784174910365,37.96601054389341,39.55123255482277,-0.01994449815542587,-0.02014607438591447,0.03095310857992639,-0.01208079822627961,36.40298690795898,38.16456317901611,39.57203460693359,0.020348142149815788,0.01737490034226899,1.0066148783268147,-0.8243149745684093,18147120.0
2022-09-06,36.269832611083984,36.808807658043406,36.08753267219583,36.4283552172898,17153500,36.22227096557617,37.96601104736328,39.05188751220703,37.09414059634534,38.00564093308625,39.60671500964545,36.087525718018526,37.4666660212678,38.88544017004549,37.04658594014458,37.664818473449095,39.34515230890593,0.001313049796160204,0.0013121885001438714,-0.01994449815542587,0.00990937914577783,36.32848281860352,38.01357097625733,39.48591346740723,0.019939082075407257,0.017267050998346318,0.7212749858475789,-0.15852260620581404,18897720.0
2022-09-07,36.56309509277344,36.626502311754216,35.96863767494055,36.22227259799724,15378900,36.269832611083984,37.1099967956543,39.289676666259766,36.808807658043406,38.01357163488221,39.47990439279543,36.08753267219583,37.01488445035845,38.79033152972489,36.4283552172898,37.74408413690485,39.1470066272498,0.008085575823689739,0.008053062696146043,0.001313049796160204,-0.022546857783955487,36.37287063598633,37.868919372558594,39.401095657348634,0.019977144430230836,0.017382984494878313,0.6578646368136631,0.34082249477619797,18712900.0
2022-09-08,37.31607437133789,37.34777646843145,36.35701412454801,36.47590681524071,18271000,36.56309509277344,36.64235305786133,39.45612716674805,36.626502311754216,37.006952863754485,39.71768993353479,35.96863767494055,36.55516549045935,39.250049884925744,36.22227259799724,36.76124574496705,39.43234983288284,0.020593969866442574,0.020384781210175947,0.008085575823689739,-0.012601556943484638,36.66613616943359,37.75517959594727,39.35052810668945,0.019434958137544398,0.0181580053867917,0.9907623438834392,0.8401675560971782,17083740.0
2022-09-09,37.91845703125,38.03734972346404,37.33192438579644,37.41118718846139,17501700,37.31607437133789,36.341156005859375,39.59086990356445,37.34777646843145,36.73746088279815,39.67012969373488,36.35701412454801,36.30152612287875,39.13908244774522,36.47590681524071,36.72953611562853,39.57501734081693,0.016142712492147826,0.016013804343325142,0.020593969866442574,-0.008219915667706634,36.8579460144043,37.73734588623047,39.30760398864746,0.01590904381528501,0.017129745227898806,0.7054253376675987,0.5072698427886095,16594560.0
2022-09-12,37.85504913330078,38.32268911549902,37.79956667978293,38.10868709396844,13744800,37.91845703125,35.84974670410156,38.27513122558594,38.03734972346404,36.68991431681615,38.94092363519999,37.33192438579644,35.7704869206764,37.89467885203029,37.41118718846139,36.46798148080523,38.219648776748656,-0.0016722172502157129,-0.0016736169661186989,0.016142712492147826,-0.013522115303062465,37.18450164794922,37.64421424865723,39.23997375488281,0.009476318123915018,0.014607233959150517,0.5231224357160897,-0.2536379606676604,16409980.0
2022-09-13,36.610652923583984,37.50630302399608,36.47591068184461,37.35570822024612,16603200,37.85504913330078,36.95940780639648,39.717681884765625,38.32268911549902,36.97526037036538,39.93961168537989,37.79956667978293,35.7784174910365,38.481209373700224,38.10868709396844,35.7784174910365,38.481209373700224,-0.03287266132807931,-0.03342510794620801,-0.0016722172502157129,0.03095310857992639,37.25266571044922,37.50312957763672,39.14934326171875,0.02128590240559671,0.016111468496047436,1.0303923421514725,-0.7450552966621373,16299920.0
2022-09-14,36.57894515991211,36.78502238701034,36.28567734347117,36.61857504701948,17162500,36.610652923583984,36.22227096557617,39.43234634399414,37.50630302399608,37.09414059634534,39.68598129467316,36.47591068184461,36.087525718018526,39.14700626858847,37.35570822024612,37.04658594014458,39.60672150642363,-0.0008660802564230963,-0.0008664555206166305,-0.03287266132807931,-0.01994449815542587,37.255835723876956,37.356100463867186,39.068617782592774,0.021026801475883188,0.016067870896317955,0.4993450435391722,-0.03962988710737392,16656640.0
2022-09-15,36.41249465942383,36.68990991526528,36.222269992597205,36.54723990336203,15802000,36.57894515991211,36.269832611083984,39.519527435302734,36.78502238701034,36.808807658043406,39.77316234432976,36.28567734347117,36.08753267219583,39.12322251200217,36.61857504701948,36.4283552172898,39.139075071762186,-0.004550445611829712,-0.004560830405062726,-0.0008660802564230963,0.001313049796160204,37.07511978149414,37.22413082122803,38.96710266113281,0.017691706905494726,0.0159568514243061,0.4676399226680772,-0.1347452439382053,16162840.0
2022-09-16,36.48383331298828,36.95147328241048,36.17471593081488,36.531390996232986,30629500,36.41249465942383,36.56309509277344,39.05188751220703,36.68990991526528,36.626502311754216,39.51952744273228,36.222269992597205,35.96863767494055,39.036034952444034,36.54723990336203,36.22227259799724,39.353080100570736,0.0019591806118119948,0.001957263920498489,-0.004550445611829712,0.008085575823689739,36.788195037841795,37.123073196411134,38.856475372314456,0.014316680908925091,0.01579544715747676,0.7767573515956059,-0.04755768324470466,18788400.0
2022-09-19,36.01618957519531,36.36493983536634,35.49306720850531,36.20641726470375,16256200,36.48383331298828,37.31607437133789,38.50498580932617,36.95147328241048,37.34777646843145,39.25003793814429,36.17471593081488,36.35701412454801,38.346463243484784,36.531390996232986,36.47590681524071,39.14699781681242,-0.012817834512649395,-0.012900691748505881,0.0019591806118119948,0.020593969866442574,36.420423126220705,36.976043701171875,38.74042770385742,0.01402766664870013,0.015577545885218478,0.871872626861034,-0.19022768950843982,19290680.0
2022-09-20,35.485137939453125,35.88144280405694,35.22357527750285,35.66743781434294,15369000,36.01618957519531,37.91845703125,38.95677947998047,36.36493983536634,38.03734972346404,39.1945618555553,35.49306720850531,37.33192438579644,38.62388173532214,36.20641726470375,37.41118718846139,38.7110693118652,-0.01474480343439577,-0.014854588558483012,-0.012817834512649395,0.016142712492147826,36.19532012939453,36.812369155883786,38.61816337585449,0.007323818629482137,0.015768029224829394,0.6578675265540852,-0.18229987488981436,19043840.0
2022-09-21,34.811424255371094,35.65159181127506,34.79557471861132,35.516849583849925,17505200,35.485137939453125,37.85504913330078,38.75862884521485,35.88144280405694,38.32268911549902,39.15493383126584,35.22357527750285,37.79956667978293,38.63181137062121,35.66743781434294,38.10868709396844,39.00433600148352,-0.018985798652708108,-0.019168343122685588,-0.01474480343439577,-0.0016722172502157129,35.84181594848633,36.65028057098389,38.49579521179199,0.008422730401520773,0.015805432676213524,0.8560170926637412,-0.7054253284788317,19112380.0
2022-09-22,35.326622009277344,35.66744449859369,34.49438224235684,34.613271909878776,18508100,34.811424255371094,36.610652923583984,38.05319595336914,35.65159181127506,37.50630302399608,38.45742865291311,34.79557471861132,36.47591068184461,37.855043499277606,35.516849583849925,37.35570822024612,38.378165857136594,0.014799674673660057,0.014691228161208037,-0.018985798652708108,-0.03287266132807931,35.62464141845703,36.53693752288818,38.38766365051269,0.014031674780061324,0.01624777027174691,1.1730622562368467,0.7133500993985677,19653600.0
2022-09-23,34.9382438659668,35.318696233606914,34.54193893839585,35.2235808740219,18871700,35.326622009277344,36.57894515991211,37.593482971191406,35.66744449859369,36.78502238701034,38.05319508190118,34.49438224235684,36.28567734347117,37.55385308599398,34.613271909878776,36.61857504701948,37.96601054389341,-0.010993922464722305,-0.011054802246579494,0.014799674673660057,-0.0008660802564230963,35.31552352905273,36.38554916381836,38.27805671691895,0.013385402013142186,0.016046109544728206,0.7767572952110626,-0.28533700805510165,17302040.0
2022-09-26,34.740089416503906,35.13639432142282,34.61326894430604,34.72423685747917,18680200,34.9382438659668,36.41249465942383,37.96601104736328,35.318696233606914,36.68990991526528,38.00564093308625,34.54193893839585,36.222269992597205,37.4666660212678,35.2235808740219,36.54723990336203,37.664818473449095,-0.005671562950418152,-0.005687707335102619,-0.010993922464722305,-0.004550445611829712,35.06030349731445,36.26705379486084,38.15882369995117,0.013195758650553086,0.015453621141117166,0.5231253771167772,0.01585255902473648,17786840.0
2022-09-27,34.946163177490234,35.33454327623559,34.66875098093368,35.049203289168176,21562700,34.740089416503906,36.48383331298828,37.1099967956543,35.13639432142282,36.95147328241048,38.01357163488221,34.61326894430604,36.17471593081488,37.01488445035845,34.72423685747917,36.531390996232986,37.74408413690485,0.005931871922253196,0.005914347637063178,-0.005671562950418152,0.0019591806118119948,34.952508544921876,36.182244300842285,38.059442291259764,0.013446107890798163,0.015414602971704936,0.6657922953019124,-0.10304011167794158,19025580.0
2022-09-28,35.21566390991211,35.51685656821139,35.04921652910224,35.40588862410416,16532600,34.946163177490234,36.01618957519531,36.64235305786133,35.33454327623559,36.36493983536634,37.006952863754485,34.66875098093368,35.49306720850531,36.55516549045935,35.049203289168176,36.20641726470375,36.76124574496705,0.007711883306132705,0.00768229873854171,0.005931871922253196,-0.012817834512649395,35.033356475830075,36.12596969604492,37.955698318481446,0.010475919783832135,0.01550149330759068,0.4676400391091491,-0.19022471419204834,18831060.0
2022-09-29,35.00164794921875,35.36624772429367,34.835200620193206,35.19980039526813,13559900,35.21566390991211,35.485137939453125,36.341156005859375,35.51685656821139,35.88144280405694,36.73746088279815,35.04921652910224,35.22357527750285,36.30152612287875,35.40588862410416,35.66743781434294,36.72953611562853,-0.0060772945028340075,-0.00609583641836121,0.007711883306132705,-0.01474480343439577,34.96836166381836,36.08356475830078,37.85632568359375,0.008186395185063462,0.015284403077267333,0.5310471041004661,-0.19815244604937732,17841420.0
2022-09-30,34.684600830078125,35.35832092201447,34.660823505461785,35.00957070195503,22962300,35.00164794921875,34.811424255371094,35.84974670410156,35.36624772429367,35.65159181127506,36.68991431681615,34.835200620193206,34.79557471861132,35.7704869206764,35.19980039526813,35.516849583849925,36.46798148080523,-0.009058062626097096,-0.009099336304123126,-0.0060772945028340075,-0.018985798652708108,34.917633056640625,35.969824409484865,37.74589309692383,0.007673765304692755,0.013368672790363635,0.6974974165526859,-0.3249698718769025,18659540.0
2022-10-03,34.985801696777344,35.09676660279541,34.470607058326735,34.93031924376831,22834300,34.684600830078125,35.326622009277344,36.95940780639648,35.35832092201447,35.66744449859369,36.97526037036538,34.660823505461785,34.49438224235684,35.7784174910365,35.00957070195503,34.613271909878776,35.7784174910365,0.008683994034552,0.008646505038164911,-0.009058062626097096,0.014799674673660057,34.966775512695314,35.90800094604492,37.639754180908206,0.008347273613464379,0.012996038399837777,0.6261595444686776,0.055482453009034316,19490360.0
2022-10-04,35.239437103271484,35.54062972618585,34.946172272931335,35.07298974201629,28198800,34.985801696777344,34.9382438659668,36.22227096557617,35.09676660279541,35.318696233606914,37.09414059634534,34.470607058326735,34.54193893839585,36.087525718018526,34.93031924376831,35.2235808740219,37.04658594014458,0.007249666841777858,0.007223514329054278,0.008683994034552,-0.010993922464722305,35.025430297851564,35.8564811706543,37.53019355773926,0.008543124664189881,0.01313444287359482,0.5944574532545133,0.16644736125519444,20817580.0
2022-10-05,34.96995544433594,35.1681079618503,34.621208101994945,34.96995544433594,15673400,35.239437103271484,34.740089416503906,36.269832611083984,35.54062972618585,35.13639432142282,36.808807658043406,34.946172272931335,34.61326894430604,36.08753267219583,35.07298974201629,34.72423685747917,36.4283552172898,-0.0076471612797279764,-0.0076765507440691725,0.007249666841777858,-0.005671562950418152,34.976288604736325,35.776824188232425,37.406906356811525,0.008603039208034433,0.013009646260611353,0.5468998598553583,0.0,20645740.0
2022-10-06,34.15355682373047,34.70045650398461,34.1139269379555,34.684603944961324,22068200,34.96995544433594,34.946163177490234,36.56309509277344,35.1681079618503,35.33454327623559,36.626502311754216,34.621208101994945,34.66875098093368,35.96863767494055,34.96995544433594,35.049203289168176,36.22227259799724,-0.023345715207015005,-0.023622543405859786,-0.0076471612797279764,0.005931871922253196,34.806670379638675,35.618698310852054,37.27279678344726,0.013202185354184407,0.012673445481585905,0.5865295660291139,-0.5310471212308556,22347400.0
2022-10-07,33.543243408203125,34.12184814614467,33.22619830794407,34.12184814614467,20095000,34.15355682373047,35.21566390991211,37.31607437133789,34.70045650398461,35.51685656821139,37.34777646843145,34.1139269379555,35.04921652910224,36.35701412454801,34.684603944961324,35.40588862410416,36.47590681524071,-0.01786968832198721,-0.01803127914846614,-0.023345715207015005,0.007711883306132705,34.578398895263675,35.39993762969971,37.139638137817386,0.01443895887660563,0.012046605510481713,0.8956498382006046,-0.5786047379415464,21773940.0
2022-10-10,33.09145736694336,33.78102700918889,33.09145736694336,33.567022011892085,17888000,33.543243408203125,35.00164794921875,37.91845703125,34.12184814614467,35.36624772429367,38.03734972346404,33.22619830794407,34.835200620193206,37.33192438579644,34.12184814614467,35.19980039526813,37.41118718846139,-0.013468764357750795,-0.013560290926713741,-0.01786968832198721,-0.0060772945028340075,34.199530029296874,35.16175804138184,37.000772857666014,0.01172598218318026,0.012110023794200847,0.6895696422455302,-0.47556464494872586,20784680.0
2022-10-11,33.226200103759766,33.741397663634686,32.85367556792218,33.02012289394959,20981200,33.09145736694336,34.684600830078125,37.85504913330078,33.78102700918889,35.35832092201447,38.32268911549902,33.09145736694336,34.660823505461785,37.79956667978293,33.567022011892085,35.00957070195503,38.10868709396844,0.004071828427568924,0.004063560969046911,-0.013468764357750795,-0.009058062626097096,33.79688262939453,34.99253540039062,36.86301719665527,0.010511669345171748,0.010623042964561253,0.8877220957125047,0.20607720981017508,19341160.0
2022-10-12,33.31339645385742,34.19319401442456,33.22620887238614,33.36095414108733,18803600,33.226200103759766,34.985801696777344,36.610652923583984,33.741397663634686,35.09676660279541,37.50630302399608,32.85367556792218,34.470607058326735,36.47591068184461,33.02012289394959,34.93031924376831,37.35570822024612,0.0026243250755535463,0.0026208875473167424,0.004071828427568924,0.008683994034552,33.46557083129883,34.82925796508789,36.7415894317627,0.012335444423749542,0.010719041067942144,0.9669851420384248,-0.047557687229911494,19967200.0
2022-10-13,34.066368103027344,34.20903810582131,33.051828548551484,33.09938320043856,23135200,33.31339645385742,35.239437103271484,36.57894515991211,34.19319401442456,35.54062972618585,36.78502238701034,33.22620887238614,34.946172272931335,36.28567734347117,33.36095414108733,35.07298974201629,36.61857504701948,0.02260266827529489,0.02235101296535943,0.0026243250755535463,0.007249666841777858,33.448133087158205,34.711951637268065,36.63252624511719,0.016079869691757506,0.012326087979186906,1.157209557269823,0.9669849025887842,20180600.0
2022-10-14,33.97125625610352,34.3834137118296,33.5749513590861,33.99503358238331,16980500,34.066368103027344,34.96995544433594,36.41249465942383,34.20903810582131,35.1681079618503,36.68990991526528,33.051828548551484,34.621208101994945,36.222269992597205,33.09938320043856,34.96995544433594,36.54723990336203,-0.0027919573532515507,-0.002795862135867279,0.02260266827529489,-0.0076471612797279764,33.53373565673828,34.58632278442383,36.5215608215332,0.01312965832116505,0.012266000082582362,0.8084623527434971,-0.02377732627978446,19557700.0
2022-10-17,34.59741973876953,34.72423718861026,34.23281692485675,34.23281692485675,16678400,33.97125625610352,34.15355682373047,36.48383331298828,34.3834137118296,34.70045650398461,36.95147328241048,33.5749513590861,34.1139269379555,36.17471593081488,33.99503358238331,34.684603944961324,36.531390996232986,0.018432155641977754,0.018264342430675363,-0.0027919573532515507,-0.023345715207015005,33.83492813110352,34.51538429260254,36.432471466064456,0.010931419905051075,0.012984554104410165,0.4914202637535112,0.36460281391278215,19315780.0
2022-10-18,34.946163177490234,35.16016816779079,34.57363563620042,34.91445806257915,18442800,34.59741973876953,33.543243408203125,36.01618957519531,34.72423718861026,34.12184814614467,36.36493983536634,34.23281692485675,33.22619830794407,35.49306720850531,34.23281692485675,34.12184814614467,36.20641726470375,0.010080041845718979,0.010029577065301077,0.018432155641977754,-0.01786968832198721,34.17892074584961,34.48843555450439,36.34560119628906,0.01058052699996669,0.01288093271188749,0.5865325315903718,0.031705114911083854,18808100.0
2022-10-19,34.169410705566406,34.93031542674234,33.876145911198584,34.80349797321302,23054700,34.946163177490234,33.09145736694336,35.485137939453125,35.16016816779079,33.78102700918889,35.88144280405694,34.57363563620042,33.09145736694336,35.22357527750285,34.91445806257915,33.567022011892085,35.66743781434294,-0.022227117408533004,-0.022477862305135977,0.010080041845718979,-0.013468764357750795,34.35012359619141,34.45633487701416,36.23986686706543,0.018151266697836115,0.013141059267935651,1.0541695155437552,-0.6340872676466134,19658320.0
2022-10-20,34.010887145996094,34.40719205472295,33.9395521414826,34.29622716405007,17715000,34.169410705566406,33.226200103759766,34.811424255371094,34.93031542674234,33.741397663634686,35.65159181127506,33.876145911198584,32.85367556792218,34.79557471861132,34.80349797321302,33.02012289394959,35.516849583849925,-0.0046393413376745185,-0.004650136482880837,-0.022227117408533004,0.004071828427568924,34.339027404785156,34.390548133850096,36.128267211914064,0.015527814591909554,0.012631802007858553,0.4676399132403475,-0.28534001805397935,18574280.0
2022-10-21,35.6278190612793,35.794266430748415,34.07430423243331,34.32793918311971,36575700,34.010887145996094,33.31339645385742,35.326622009277344,34.40719205472295,34.19319401442456,35.66744449859369,33.9395521414826,33.22620887238614,34.49438224235684,34.29622716405007,33.36095414108733,34.613271909878776,0.04754159773434652,0.04644608346658095,-0.0046393413376745185,0.0026243250755535463,34.67033996582031,34.42502689361572,36.07532096862793,0.026140220651223935,0.016563728187651627,1.7199621983151019,1.2998798781595866,22493320.0
2022-10-24,36.095458984375,36.35701870384995,35.659524102872005,35.7308591215592,24972000,35.6278190612793,34.066368103027344,34.9382438659668,35.794266430748415,34.20903810582131,35.318696233606914,34.07430423243331,33.051828548551484,34.54193893839585,34.32793918311971,33.09938320043856,35.2235808740219,0.013125696026786482,0.013040300517350585,0.04754159773434652,0.02260266827529489,34.969947814941406,34.492795372009276,36.00287651062012,0.025809671735910412,0.01669167850672573,0.6974946009779472,0.36459986281580115,24152040.0
2022-10-25,36.13507843017578,36.31737830887281,35.58025100343,35.88144355341763,23127000,36.095458984375,33.97125625610352,34.740089416503906,36.35701870384995,34.3834137118296,35.13639432142282,35.659524102872005,33.5749513590861,34.61326894430604,35.7308591215592,33.99503358238331,34.72423685747917,0.0010976296441591593,0.001097027689183441,0.013125696026786482,-0.0027919573532515507,35.20773086547852,34.55224113464355,35.93693115234375,0.026008075050768534,0.0166674383851041,0.7371273054428116,0.25363487675814866,25088880.0
2022-10-26,36.507606506347656,36.97524638405409,36.15885627808547,36.39663860054024,21407900,36.13507843017578,34.59741973876953,34.946163177490234,36.31737830887281,34.72423718861026,35.33454327623559,35.58025100343,34.23281692485675,34.66875098093368,35.88144355341763,34.23281692485675,35.049203289168176,0.010309319706935716,0.010256541101604223,0.0010976296441591593,0.018432155641977754,35.67537002563476,34.61683826446533,35.87669273376465,0.020322429527226075,0.01672590542385967,0.8163901059686154,0.11096790580741356,24759520.0
2022-10-27,36.25397109985352,36.547235859173405,36.20641342662614,36.309453540169,20377700,36.507606506347656,34.946163177490234,35.21566390991211,36.97524638405409,35.16016816779079,35.51685656821139,36.15885627808547,34.57363563620042,35.04921652910224,36.39663860054024,34.91445806257915,35.40588862410416,-0.0069474674120318936,-0.0069717134279475715,0.010309319706935716,0.010080041845718979,36.12398681640625,34.67945442199707,35.82073440551758,0.020856307174318245,0.016748959589210462,0.3408224325472631,-0.055482440315479664,25292060.0
2022-10-28,37.593482971191406,37.66481797397336,36.4045682738699,36.44419815906733,27854000,36.25397109985352,34.169410705566406,35.00164794921875,36.547235859173405,34.93031542674234,35.36624772429367,36.20641342662614,33.876145911198584,34.835200620193206,36.309453540169,34.80349797321302,35.19980039526813,0.036948004058603434,0.03628178725607159,-0.0069474674120318936,-0.022227117408533004,36.517119598388675,34.82489852905273,35.80250434875488,0.016571206042836278,0.018257359250015082,1.260249700103465,1.1492848121240797,23547720.0
2022-10-31,36.8959846496582,37.56177698571734,36.8880598822284,37.31606988903063,29961700,37.593482971191406,34.010887145996094,34.684600830078125,37.66481797397336,34.40719205472295,35.35832092201447,36.4045682738699,33.9395521414826,34.660823505461785,36.44419815906733,34.29622716405007,35.00957070195503,-0.01855370309975557,-0.01872798209598367,0.036948004058603434,-0.0046393413376745185,36.677224731445314,34.920407676696776,35.761288452148435,0.020980288315322726,0.018908865291695193,0.67371710348894,-0.42008523937242614,24545660.0
2022-11-01,38.05319595336914,38.378165857136594,37.56970650518165,38.045271185574734,30614500,36.8959846496582,35.6278190612793,34.985801696777344,37.56177698571734,35.794266430748415,35.09676660279541,36.8880598822284,34.07430423243331,34.470607058326735,37.31606988903063,34.32793918311971,34.93031924376831,0.031364152893576636,0.0308823462556399,-0.01855370309975557,0.04754159773434652,37.060848236083984,35.06109561920166,35.74717979431152,0.023891949379361947,0.019945935873651705,0.8084593519549443,0.007924767794406762,26043160.0
2022-11-02,37.30815124511719,38.180021007343264,37.21303889480839,37.86297883179156,25813100,38.05319595336914,36.095458984375,35.239437103271484,38.378165857136594,36.35701870384995,35.54062972618585,37.56970650518165,35.659524102872005,34.946172272931335,38.045271185574734,35.7308591215592,35.07298974201629,-0.01957903113223236,-0.019773239482882735,0.031364152893576636,0.013125696026786482,37.22095718383789,35.178005409240725,35.73227890014648,0.027462547238876953,0.02048491827487116,0.9669821125348719,-0.5548275866743708,26924200.0
2022-11-03,37.22820663452149,37.41206900386504,36.90045144578188,37.06033269505317,20124600,37.30815124511719,36.13507843017578,34.96995544433594,38.180021007343264,36.31737830887281,35.1681079618503,37.21303889480839,35.58025100343,34.621208101994945,37.86297883179156,35.88144355341763,34.96995544433594,-0.00214281887275658,-0.0021451179941048724,-0.01957903113223236,0.0010976296441591593,37.41580429077149,35.33173789978027,35.724973373413086,0.027036202077487012,0.01955326682693874,0.5116175580831595,0.16787393946832196,26873580.0
2022-11-04,37.74781799316406,38.00362675906466,37.26018158020323,37.94766878211647,24528500,37.22820663452149,36.507606506347656,34.15355682373047,37.41206900386504,36.97524638405409,34.70045650398461,36.90045144578188,36.15885627808547,34.1139269379555,37.06033269505317,36.39663860054024,34.684603944961324,0.013957464127770658,0.01386095569718248,-0.00214281887275658,0.010309319706935716,37.44667129516601,35.54196662902832,35.720609512329105,0.02182657995948862,0.018921914939335628,0.7434451788614282,-0.1998507889524106,26208480.0
2022-11-07,37.64390182495117,38.09156877440321,37.37210457876272,37.69985981244748,20304400,37.74781799316406,36.25397109985352,33.543243408203125,38.00362675906466,36.547235859173405,34.12184814614467,37.26018158020323,36.20641342662614,33.22619830794407,37.94766878211647,36.309453540169,34.12184814614467,-0.0027529052998960246,-0.0027567015123674027,0.013957464127770658,-0.0069474674120318936,37.59625473022461,35.76958885192871,35.73128761291504,0.019281540286716883,0.018485618372907787,0.7194641956404837,-0.055957987496306316,24277020.0
2022-11-08,37.85173416137695,38.17149660931005,37.372093538958005,37.60392116123547,18054500,37.64390182495117,37.593482971191406,33.09145736694336,38.09156877440321,37.66481797397336,33.78102700918889,37.37210457876272,36.4045682738699,33.09145736694336,37.69985981244748,36.44419815906733,33.567022011892085,0.0055210094158737455,0.00550582450842769,-0.0027529052998960246,0.036948004058603434,37.55596237182617,36.00086555480957,35.755475234985354,0.012407743589682005,0.018477918219722674,0.7994030703520423,0.247813000141484,21765020.0
2022-11-09,37.34811401367188,37.971647459274514,37.33212558564605,37.69985028179732,15348100,37.85173416137695,36.8959846496582,33.226200103759766,38.17149660931005,37.56177698571734,33.741397663634686,37.372093538958005,36.8880598822284,32.85367556792218,37.60392116123547,37.31606988903063,33.02012289394959,-0.013305074625060476,-0.013394380159565367,0.0055210094158737455,-0.01855370309975557,37.56395492553711,36.20260143280029,35.7756143951416,0.010175473335267339,0.018998742532755037,0.6395218736284676,-0.35173626812543546,19672020.0
2022-11-10,37.8757209777832,38.17149928065825,37.45203524719903,37.99562961703913,20480600,37.34811401367188,38.05319595336914,33.31339645385742,37.971647459274514,38.378165857136594,34.19319401442456,37.33212558564605,37.56970650518165,33.22620887238614,37.69985028179732,38.045271185574734,33.36095414108733,0.014126736464341372,0.014027884010034934,-0.013305074625060476,0.031364152893576636,37.693457794189456,36.39306907653808,35.81613388061523,0.011703412692804407,0.01869876763513687,0.719464033459225,-0.11990863925592521,19743220.0
2022-11-11,38.05158996582031,38.13153211312581,37.0203621861688,37.62790725828505,20909800,37.8757209777832,37.30815124511719,34.066368103027344,38.17149928065825,38.180021007343264,34.20903810582131,37.45203524719903,37.21303889480839,33.051828548551484,37.99562961703913,37.86297883179156,33.09938320043856,0.004643317235869082,0.00463257029319449,0.014126736464341372,-0.01957903113223236,37.7542121887207,36.59708576202392,35.83797752380371,0.010279267844285449,0.018599336972933988,1.111169926957004,0.4236827075352636,19019480.0
2022-11-14,39.362606048583984,39.82625821447782,38.31538699451745,38.36335227353289,26143000,38.05158996582031,37.22820663452149,33.97125625610352,38.13153211312581,37.41206900386504,34.3834137118296,37.0203621861688,36.90045144578188,33.5749513590861,37.62790725828505,37.06033269505317,33.99503358238331,0.03445364790121208,0.033873410917572275,0.004643317235869082,-0.00214281887275658,38.09795303344727,36.835345077514646,35.900784225463866,0.017340223300490024,0.019493312670482956,1.5108712199603644,0.9992537750510948,20187200.0
2022-11-15,38.82701110839844,39.594437407576365,38.515244364949965,39.44255190549356,25440500,39.362606048583984,37.74781799316406,34.59741973876953,39.82625821447782,38.00362675906466,34.72423718861026,38.31538699451745,37.26018158020323,34.23281692485675,38.36335227353289,37.94766878211647,34.23281692485675,-0.013606694117876184,-0.01370011356812458,0.03445364790121208,0.013957464127770658,38.293008422851564,37.02938747406006,35.95192779541016,0.020198282756416046,0.019987313148579097,1.0791930426264003,-0.6155407970951217,21664400.0
2022-11-16,38.41132354736328,39.21872249542307,38.41132354736328,39.010875953564,15822200,38.82701110839844,37.64390182495117,34.946163177490234,39.594437407576365,38.09156877440321,35.16016816779079,38.515244364949965,37.37210457876272,34.57363563620042,39.44255190549356,37.69985981244748,34.91445806257915,-0.010706143717182481,-0.010763866838201559,-0.013606694117876184,-0.0027529052998960246,38.50565032958984,37.2414831161499,35.98889236450195,0.019626353209100743,0.019301400650726178,0.8073989480597916,-0.599552406200722,21759220.0
2022-11-17,38.635162353515625,38.771059448656686,37.99563728384946,38.21147653743956,13231100,38.41132354736328,37.85173416137695,34.169410705566406,39.21872249542307,38.17149660931005,34.93031542674234,38.41132354736328,37.372093538958005,33.876145911198584,39.010875953564,37.60392116123547,34.80349797321302,0.005827417164533166,0.005810503446179574,-0.010706143717182481,0.0055210094158737455,38.65753860473633,37.47269687652588,36.015274124145506,0.019087754742990005,0.019137725902498248,0.7754221648072246,0.42368581607606615,20309320.0
2022-11-18,38.555213928222656,39.03485765251,38.26742830354646,38.88296910088587,20666500,38.635162353515625,37.34811401367188,34.010887145996094,38.771059448656686,37.971647459274514,34.40719205472295,37.99563728384946,37.33212558564605,33.9395521414826,38.21147653743956,37.69985028179732,34.29622716405007,-0.0020693176998050067,-0.00207146169592639,0.005827417164533166,-0.013305074625060476,38.758263397216794,37.619066619873045,36.028009262084964,0.019277074603877214,0.01659314402478235,0.7674293489635389,-0.32775517266321685,20260660.0
2022-11-21,38.51524353027344,38.59518262448336,38.147518817738224,38.45128981532072,14736000,38.555213928222656,37.8757209777832,35.6278190612793,39.03485765251,38.17149928065825,35.794266430748415,38.26742830354646,37.45203524719903,34.07430423243331,38.88296910088587,37.99562961703913,34.32793918311971,-0.0010367053862969655,-0.0010372431370174592,-0.0020693176998050067,0.014126736464341372,38.58879089355469,37.740055847167966,36.04121315002441,0.007839661568292956,0.0164889134385374,0.4476638067451333,0.06395371495271718,17979260.0
2022-11-22,39.23471450805664,39.370611602119936,38.56321562981787,38.6431547381514,16358600,38.51524353027344,38.05158996582031,36.095458984375,38.59518262448336,38.13153211312581,36.35701870384995,38.147518817738224,37.0203621861688,35.659524102872005,38.45128981532072,37.62790725828505,35.7308591215592,0.018680161718767074,0.018507830308983335,-0.0010367053862969655,0.004643317235869082,38.67033157348633,37.89503765106201,36.09369438171387,0.01095453344317062,0.016826231840146446,0.8073959723020678,0.5915597699052384,16162880.0
2022-11-23,39.05084609985352,39.34662748705156,38.7870446228308,39.13878094202151,10710800,39.23471450805664,39.362606048583984,36.13507843017578,39.370611602119936,39.82625821447782,36.31737830887281,38.56321562981787,38.31538699451745,35.58025100343,38.6431547381514,38.36335227353289,35.88144355341763,-0.004686370488699798,-0.004697385951378445,0.018680161718767074,0.03445364790121208,38.79823608398438,38.022199630737305,36.1431324005127,0.009412048804954021,0.016876355780509434,0.559582864220765,-0.0879348421679893,15140600.0
2022-11-25,39.33863067626953,39.34662641596603,39.04285234660438,39.11479875646685,6760200,39.05084609985352,38.82701110839844,36.507606506347656,39.34662748705156,39.594437407576365,36.97524638405409,38.7870446228308,38.515244364949965,36.15885627808547,39.13878094202151,39.44255190549356,36.39663860054024,0.0073694837668853985,0.007342461798815608,-0.004686370488699798,-0.013606694117876184,38.93892974853516,38.176432609558105,36.20165512084961,0.00953822815726896,0.016712423093982912,0.3037740693616513,0.22383191980268435,13846420.0
2022-11-28,39.62641906738281,39.762319206329366,39.21872474950597,39.31465228615674,20704000,39.33863067626953,38.41132354736328,36.25397109985352,39.34662641596603,39.21872249542307,36.547235859173405,39.04285234660438,38.41132354736328,36.20641342662614,39.11479875646685,39.010875953564,36.309453540169,0.007315668750180526,0.007289039042758229,0.0073694837668853985,-0.010706143717182481,39.15317077636719,38.278079414367674,36.2645068359375,0.009041500154674418,0.014870510794019461,0.5435944568233992,0.31176678122606916,13853920.0
2022-11-29,39.56246948242188,39.7063592666204,39.250699643127504,39.57046217341232,17160900,39.62641906738281,38.635162353515625,37.593482971191406,39.762319206329366,38.771059448656686,37.66481797397336,39.21872474950597,37.99563728384946,36.4045682738699,39.31465228615674,38.21147653743956,36.44419815906733,-0.001613811857492986,-0.0016151154545443755,0.007315668750180526,0.005827417164533166,39.362615966796874,38.41140365600586,36.33543243408203,0.009149302245527405,0.014053771258132886,0.4556596234928989,-0.007992690990434426,14338900.0
2022-11-30,40.07408142089844,40.07408142089844,39.20273185112191,39.682372529199554,35572700,39.56246948242188,38.555213928222656,36.8959846496582,39.7063592666204,39.03485765251,37.56177698571734,39.250699643127504,38.26742830354646,36.8880598822284,39.57046217341232,38.88296910088587,37.31606988903063,0.012931749336422715,0.012848848205472618,-0.001613811857492986,-0.0020693176998050067,39.53048934936523,38.512447929382326,36.42721130371094,0.007223994603247711,0.012672940287916032,0.8713495697765268,0.3917088916988831,18181720.0
2022-12-01,40.8335189819336,40.89746965543302,40.19399395005121,40.21797812090968,23592600,40.07408142089844,38.51524353027344,38.05319595336914,40.07408142089844,38.59518262448336,38.378165857136594,39.20273185112191,38.147518817738224,37.56970650518165,39.682372529199554,38.45128981532072,38.045271185574734,0.018950841394436146,0.018773511069481875,0.012931749336422715,-0.0010367053862969655,39.88702392578126,38.68871631622314,36.54765319824219,0.00762604140314852,0.012025328541344282,0.7034757053818126,0.6155408610239235,20758080.0
2022-12-02,40.69761276245117,41.03336365895439,40.35386917651067,40.41782288993258,16881600,40.8335189819336,39.23471450805664,37.30815124511719,40.89746965543302,39.370611602119936,38.180021007343264,40.19399395005121,38.56321562981787,37.21303889480839,40.21797812090968,38.6431547381514,37.86297883179156,-0.0033283004470557875,-0.003333851559591296,0.018950841394436146,0.018680161718767074,40.15882034301758,38.86218662261963,36.65507301330567,0.009471916231962767,0.01206313916246191,0.6794944824437223,0.27978987251859166,22782360.0
2022-12-05,40.55372619628906,40.79354655955794,40.24995210975842,40.69761902414666,17959800,40.69761276245117,39.05084609985352,37.22820663452149,41.03336365895439,39.34662748705156,37.41206900386504,40.35386917651067,38.7870446228308,36.90045144578188,40.41782288993258,39.13878094202151,37.06033269505317,-0.003535503839057208,-0.0035417685029426227,-0.0033283004470557875,-0.004686370488699798,40.34428176879884,39.00248203277588,36.76738265991211,0.01052363676853665,0.011977761260814764,0.5435944497995209,-0.1438928278575986,22233520.0
2022-12-06,39.73833465576172,40.64965386894923,39.31465191090681,40.5057610406058,21787100,40.55372619628906,39.33863067626953,37.74781799316406,40.79354655955794,39.34662641596603,38.00362675906466,40.24995210975842,39.04285234660438,37.26018158020323,40.69761902414666,39.11479875646685,37.94766878211647,-0.02010645178646886,-0.020311337489469936,-0.003535503839057208,0.0073694837668853985,40.3794548034668,39.10720367431641,36.86734756469727,0.015406046692789221,0.013047472115344986,1.3350019580424188,-0.7674263848440788,23158760.0
2022-12-07,40.162017822265625,40.88947460707876,39.770308915298,39.770308915298,15929900,39.73833465576172,39.62641906738281,37.64390182495117,40.64965386894923,39.762319206329366,38.09156877440321,39.31465191090681,39.21872474950597,37.37210457876272,40.5057610406058,39.31465228615674,37.69985981244748,0.010661824914760976,0.010605388448918599,-0.02010645178646886,0.007315668750180526,40.39704208374023,39.22271785736084,36.971664657592775,0.014993825465852798,0.013154280208678005,1.1191656917807578,0.3917089069676223,19230200.0
2022-12-08,41.393096923828125,41.46504333416136,39.98614862667739,40.11405301732746,26116800,40.162017822265625,39.56246948242188,37.85173416137695,40.88947460707876,39.7063592666204,38.17149660931005,39.770308915298,39.250699643127504,37.372093538958005,39.770308915298,39.57046217341232,37.60392116123547,0.030652819960654387,0.03019240725852799,0.010661824914760976,-0.001613811857492986,40.50895767211914,39.424967002868655,37.09521331787109,0.018973431152083324,0.013927682426255967,1.478894707483967,1.279043906500668,19735040.0
2022-12-09,41.34513473510742,42.24046547078064,41.27318832468396,41.3691158554215,19933500,41.393096923828125,40.07408142089844,37.34811401367188,41.46504333416136,40.07408142089844,37.971647459274514,39.98614862667739,39.20273185112191,37.33212558564605,40.11405301732746,39.682372529199554,37.69985028179732,-0.0011587001767218164,-0.00115937198877422,0.030652819960654387,0.012931749336422715,40.63846206665039,39.59843769073486,37.22208305358887,0.018820462879328176,0.01383379456967321,0.9672771460966842,-0.023981120314076065,20345420.0
2022-12-12,41.69687271118164,42.04061634697794,41.369117506059744,41.66489584983284,18532200,41.34513473510742,40.8335189819336,37.8757209777832,42.24046547078064,40.89746965543302,38.17149928065825,41.27318832468396,40.19399395005121,37.45203524719903,41.3691158554215,40.21797812090968,37.99562961703913,0.008507360740937386,0.00847137708746465,-0.0011587001767218164,0.018950841394436146,40.86709136962891,39.78070182800293,37.36232849121094,0.018494311829973895,0.013863118333025079,0.671498840918197,0.03197686134880229,20459900.0
2022-12-13,42.42432403564453,43.19974605069484,42.27243853814724,42.44830515380701,29461800,41.69687271118164,40.69761276245117,38.05158996582031,42.04061634697794,41.03336365895439,38.13153211312581,41.369117506059744,40.35386917651067,37.0203621861688,41.66489584983284,40.41782288993258,37.62790725828505,0.017446184261866948,0.01729574677555183,0.008507360740937386,-0.0033283004470557875,41.40428924560547,39.933787727355956,37.51109893798828,0.011803220688754813,0.012382952193903691,0.9273075125475998,-0.023981118162481607,21994840.0
2022-12-14,43.55148315429688,43.9112151809351,42.288427765688326,42.48028281357471,36260300,42.42432403564453,40.55372619628906,39.362606048583984,43.19974605069484,40.79354655955794,39.82625821447782,42.27243853814724,40.24995210975842,38.31538699451745,42.44830515380701,40.69761902414666,38.36335227353289,0.02656869954381169,0.02622188124209355,0.017446184261866948,-0.003535503839057208,42.08218231201172,40.170011329650876,37.67733985900879,0.013021534870785723,0.012661876930702493,1.6227874152467763,1.0712003407221715,26060920.0
2022-12-15,42.85600662231445,43.5115170112641,42.6881326799086,43.22373136743621,21627100,43.55148315429688,39.73833465576172,38.82701110839844,43.9112151809351,40.64965386894923,39.594437407576365,42.288427765688326,39.31465191090681,38.515244364949965,42.48028281357471,40.5057610406058,39.44255190549356,-0.0159690665302592,-0.016097945971009945,0.02656869954381169,-0.02010645178646886,42.37476425170898,40.39224548339844,37.83506088256836,0.016495758448492763,0.01307175958204958,0.8233843313554985,-0.36772474512175535,25162980.0
2022-12-16,41.08932495117188,42.48028478612002,41.08932495117188,42.3763615181587,65689500,42.85600662231445,40.162017822265625,38.41132354736328,43.5115170112641,40.88947460707876,39.21872249542307,42.6881326799086,39.770308915298,38.41132354736328,43.22373136743621,39.770308915298,39.010875953564,-0.041223665254491726,-0.04209745888597881,-0.0159690665302592,0.010661824914760976,42.323602294921876,40.51495361328126,37.973776245117186,0.02753488378484056,0.01674180909209249,1.3909598349481413,-1.2870365669868207,34314180.0
2022-12-19,41.05734252929688,41.41707452390138,40.52973662037052,41.1852468996584,16081900,41.08932495117188,41.393096923828125,38.635162353515625,42.48028478612002,41.46504333416136,38.771059448656686,41.08932495117188,39.98614862667739,37.99563728384946,42.3763615181587,40.11405301732746,38.21147653743956,-0.0007783632832373266,-0.0007786663652198028,-0.041223665254491726,0.030652819960654387,42.19569625854492,40.64006004333497,38.12405822753906,0.027047723963633356,0.016722829533919056,0.887337903530856,-0.12790437036152014,33824120.0
2022-12-20,41.025367736816406,41.17725323129377,40.641654606441335,40.937432905994456,12433800,41.05734252929688,41.34513473510742,38.555213928222656,41.41707452390138,42.24046547078064,39.03485765251,40.52973662037052,41.27318832468396,38.26742830354646,41.1852468996584,41.3691158554215,38.88296910088587,-0.000778783781674619,-0.0007790871913011438,-0.0007783632832373266,-0.0011587001767218164,41.9159049987793,40.765566253662115,38.282736434936524,0.024770870753708804,0.016719422592513244,0.5355986248524331,0.08793483082195053,30418520.0
2022-12-21,41.297157287597656,41.69685877239805,40.92943265345657,41.25718774901368,12925000,41.025367736816406,41.69687271118164,38.51524353027344,41.17725323129377,42.04061634697794,38.59518262448336,40.641654606441335,41.369117506059744,38.147518817738224,40.937432905994456,41.66489584983284,38.45128981532072,0.006624914431597961,0.006603066128325997,-0.000778783781674619,0.008507360740937386,41.465039825439455,40.868688392639164,38.444155578613284,0.019079446562666608,0.016348778143003024,0.7674261189414793,0.039969538583974895,25751460.0
2022-12-22,41.28117370605469,41.329138987671726,40.72958669012179,41.09731136741039,14822300,41.297157287597656,42.42432403564453,39.23471450805664,41.69685877239805,43.19974605069484,39.370611602119936,40.92943265345657,42.27243853814724,38.56321562981787,41.25718774901368,42.44830515380701,38.6431547381514,-0.0003870382997952504,-0.00038711321844955393,0.006624914431597961,0.017446184261866948,41.1500732421875,40.98020477294922,38.60351112365723,0.019219553737164122,0.016274745975031105,0.5995522975499341,0.18386233864429613,24390500.0
2022-12-23,41.43307113647461,41.52899867082603,40.96142310581492,41.21723189707292,10666500,41.28117370605469,43.55148315429688,39.05084609985352,41.329138987671726,43.9112151809351,39.34662748705156,40.72958669012179,42.288427765688326,38.7870446228308,41.09731136741039,42.48028281357471,39.13878094202151,0.003679581193633652,0.0036728280953992587,-0.0003870382997952504,0.02656869954381169,41.21882247924805,41.084926795959475,38.750845184326174,0.003347088424320475,0.016242384069059472,0.5675755650111043,0.2158392394016886,13385900.0
2022-12-27,40.87348556518555,41.51300750113451,40.809531846850085,41.457049522331545,12033800,41.43307113647461,42.85600662231445,39.33863067626953,41.52899867082603,43.5115170112641,39.34662641596603,40.96142310581492,42.6881326799086,39.04285234660438,41.21723189707292,43.22373136743621,39.11479875646685,-0.013505771016728785,-0.013597803528193878,0.003679581193633652,-0.0159690665302592,41.18205108642578,41.147280120849615,38.88888977050781,0.0076937743419479565,0.01659595617304443,0.7034756542844249,-0.5835639571459978,12576280.0
2022-12-28,40.60968399047852,41.08133202415503,40.56971443836654,40.80953480051973,10053900,40.87348556518555,41.08932495117188,39.62641906738281,41.51300750113451,42.48028478612002,39.762319206329366,40.809531846850085,41.08932495117188,39.21872474950597,41.457049522331545,42.3763615181587,39.31465228615674,-0.006454100281863884,-0.006475018039198715,-0.013505771016728785,-0.041223665254491726,41.098914337158206,41.19964084625245,39.00913505554199,0.008085014736459251,0.01668161780688931,0.5116175857884926,-0.1998508100412053,12100300.0
2022-12-29,41.03336715698242,41.30516131375283,40.761569950730845,40.78555107056796,8971300,40.60968399047852,41.05734252929688,39.56246948242188,41.08133202415503,41.41707452390138,39.7063592666204,40.56971443836654,40.52973662037052,39.250699643127504,40.80953480051973,41.1852468996584,39.57046217341232,0.010433057459970252,0.010379008720027382,-0.006454100281863884,-0.0007783632832373266,41.046156311035155,41.247605133056645,39.130879135131835,0.009203611230532724,0.016600179525125425,0.5435913630219886,0.24781608641445985,11309560.0
2022-12-30,40.9614143371582,41.08931870540657,40.5697054940647,41.001383880458185,11396200,41.03336715698242,41.025367736816406,40.07408142089844,41.30516131375283,41.17725323129377,40.07408142089844,40.761569950730845,40.641654606441335,39.20273185112191,40.78555107056796,40.937432905994456,39.682372529199554,-0.0017535197525698765,-0.0017550589679574409,0.010433057459970252,-0.000778783781674619,40.98220443725586,41.253999900817874,39.26671920776367,0.009191977630644745,0.016079918293636305,0.5196132113418699,-0.039969543299982035,10624340.0
2023-01-03,40.97740173339844,41.03336275615182,40.62566546575943,40.777550957573375,15603800,40.9614143371582,41.297157287597656,40.8335189819336,41.08931870540657,41.69685877239805,40.89746965543302,40.5697054940647,40.92943265345657,40.19399395005121,41.001383880458185,41.25718774901368,40.21797812090968,0.00039030381394167257,0.00039022766522153014,-0.0017535197525698765,0.006624914431597961,40.89107055664063,41.26798934936524,39.40604949951172,0.008837683068084731,0.016057486205067428,0.40769729039238456,0.1998507758250625,11611800.0
2023-01-04,40.07408142089844,40.47378300245682,39.58644500348024,40.20198580501788,21808400,40.97740173339844,41.28117370605469,40.69761276245117,41.03336275615182,41.329138987671726,41.03336365895439,40.62566546575943,40.72958669012179,40.35386917651067,40.777550957573375,41.09731136741039,40.41782288993258,-0.022044353089467728,-0.022290960782925383,0.00039030381394167257,-0.0003870382997952504,40.7311897277832,41.24400711059571,39.4949747467041,0.011876348117696264,0.01681568500457576,0.8873379989765766,-0.12790438411943938,13566720.0
2023-01-05,39.6983642578125,39.96216878731728,39.10680452616867,39.75432223992297,20057400,40.07408142089844,41.43307113647461,40.55372619628906,40.47378300245682,41.52899867082603,40.79354655955794,39.58644500348024,40.96142310581492,40.24995210975842,40.20198580501788,41.21723189707292,40.69761902414666,-0.009375565197359825,-0.009419792462885117,-0.022044353089467728,0.003679581193633652,40.54892578125,41.24200859069825,39.56703285217285,0.012103980710610371,0.016319699633315088,0.8553642611486083,-0.05595798211047054,15567420.0
2023-01-06,40.705604553222656,41.24919890738423,39.61841889438035,39.95416673399029,29635900,39.6983642578125,40.87348556518555,39.73833465576172,39.96216878731728,41.51300750113451,40.64965386894923,39.10680452616867,40.809531846850085,39.31465191090681,39.75432223992297,41.457049522331545,40.5057610406058,0.02537233748143497,0.025055802708304088,-0.009375565197359825,-0.013505771016728785,40.48337326049805,41.2691879272461,39.65844337463379,0.01739147364434999,0.017133102918395805,1.6307800130038856,0.7514378192323647,19700340.0
2023-01-09,38.68312072753906,40.178003871884414,38.61917005666181,40.01012993016525,30839100,40.705604553222656,40.60968399047852,40.162017822265625,41.24919890738423,41.08133202415503,40.88947460707876,39.61841889438035,40.56971443836654,39.770308915298,39.95416673399029,40.80953480051973,39.770308915298,-0.049685635378273085,-0.050962438998098,0.02537233748143497,-0.006454100281863884,40.027714538574216,41.13368911743164,39.701953659057615,0.02772118930201309,0.01907629452226261,1.5588338152226058,-1.3270092026261864,23588920.0
2023-01-10,38.06758117675781,38.74707575583806,37.8757261081686,38.65114517206212,29212000,38.68312072753906,41.03336715698242,41.393096923828125,40.178003871884414,41.30516131375283,41.46504333416136,38.61917005666181,40.761569950730845,39.98614862667739,40.01012993016525,40.78555107056796,40.11405301732746,-0.015912355032489334,-0.016040315807454866,-0.049685635378273085,0.010433057459970252,39.4457504272461,40.96981143951417,39.738225860595705,0.026985450088055567,0.019277219818876958,0.8713496476694615,-0.5835639953043099,26310560.0
2023-01-11,37.93167495727539,38.16350257135811,37.46002704046048,38.13152571779899,23022200,38.06758117675781,40.9614143371582,41.34513473510742,38.74707575583806,41.08931870540657,42.24046547078064,37.8757261081686,40.5697054940647,41.27318832468396,38.65114517206212,41.001383880458185,41.3691158554215,-0.0035701301548782816,-0.003576518278359924,-0.015912355032489334,-0.0017535197525698765,39.017269134521484,40.78155155181885,39.74498970031738,0.026929674670200333,0.01905458131350749,0.7034755308976273,-0.19985076052360284,26553320.0
2023-01-12,38.13952255249024,38.147518291489504,37.23619921235181,37.78778627354544,23345300,37.93167495727539,40.97740173339844,41.69687271118164,38.16350257135811,41.03336275615182,42.04061634697794,37.46002704046048,40.62566546575943,41.369117506059744,38.13152571779899,40.777550957573375,41.66489584983284,0.005479525896205706,0.005464567911081746,-0.0035701301548782816,0.00039030381394167257,38.705500793457034,40.567311477661136,39.769860458374026,0.027905039129541988,0.01850768738596081,0.9113190791376908,0.35173627894479864,27210900.0
2023-01-13,38.25143814086914,38.499254206327095,37.96365557871652,37.97164826815927,18737500,38.13952255249024,40.07408142089844,42.42432403564453,38.147518291489504,40.47378300245682,43.19974605069484,37.23619921235181,39.58644500348024,42.27243853814724,37.78778627354544,40.20198580501788,42.44830515380701,0.00293437308306288,0.002930076214059819,0.005479525896205706,-0.022044353089467728,38.21466751098633,40.30230922698975,39.773825302124024,0.022555663902166814,0.017075324798879975,0.5355986276105753,0.27978987270986977,25031220.0
2023-01-17,36.83650207519531,37.364108081765394,36.54072068629112,37.20422682685419,29391400,38.25143814086914,39.6983642578125,43.55148315429688,38.499254206327095,39.96216878731728,43.9112151809351,37.96365557871652,39.10680452616867,42.288427765688326,37.97164826815927,39.75432223992297,42.48028281357471,-0.03699040178471258,-0.03769190023961372,0.00293437308306288,-0.009375565197359825,37.84534378051758,40.001333999633786,39.764392318725584,0.017399290073565988,0.01830297740926864,0.8233873954742776,-0.3677247516588764,24741680.0
2023-01-18,35.973140716552734,36.65263215473969,35.9491595985756,36.41281182652553,33835000,36.83650207519531,40.705604553222656,42.85600662231445,37.364108081765394,41.24919890738423,43.5115170112641,36.54072068629112,39.61841889438035,42.6881326799086,37.20422682685419,39.95416673399029,43.22373136743621,-0.02343765857247182,-0.02371668899554037,-0.03699040178471258,0.02537233748143497,37.426455688476565,39.74552478790283,39.73929100036621,0.018378469395424733,0.01695430624167442,0.703472556164094,-0.43967110997279235,25666280.0
2023-01-19,35.941162109375,36.188978164500966,35.685353365139505,35.749307075938766,26614900,35.973140716552734,38.68312072753906,41.08932495117188,36.65263215473969,40.178003871884414,42.48028478612002,35.9491595985756,38.61917005666181,41.08932495117188,36.41281182652553,40.01012993016525,42.3763615181587,-0.0008889578874891058,-0.0008893532448733791,-0.02343765857247182,-0.049685635378273085,37.02835311889648,39.48971576690674,39.70315788269043,0.018690182272491414,0.016952363935133337,0.5036247993614609,0.19185503343623367,26384820.0
2023-01-20,36.06108093261719,36.31688972750381,35.757306845133805,36.1969780207526,25197600,35.941162109375,38.06758117675781,41.05734252929688,36.188978164500966,38.74707575583806,41.41707452390138,35.685353365139505,37.8757261081686,40.52973662037052,35.749307075938766,38.65114517206212,41.1852468996584,0.003336531603437054,0.0033309777322157895,-0.0008889578874891058,-0.015912355032489334,36.612664794921876,39.24150142669678,39.67150146484375,0.018249191589214425,0.01705007337291693,0.5595828823700089,-0.13589708813541534,26755280.0
2023-01-23,35.9571533203125,36.22895051328607,35.829248938294405,36.005118607124665,19398600,36.06108093261719,37.93167495727539,41.025367736816406,36.31688972750381,38.16350257135811,41.17725323129377,35.757306845133805,37.46002704046048,40.641654606441335,36.1969780207526,38.13152571779899,40.937432905994456,-0.002881988271479785,-0.002886149196091838,0.003336531603437054,-0.0035701301548782816,36.15380783081055,38.97450122833252,39.63360984802246,0.017298800816222974,0.016801845795184955,0.39970157499166703,-0.04796528681216472,26887500.0
2023-01-24,35.741310119628906,35.933168196009234,35.293646357209255,35.909184030536274,18853100,35.9571533203125,38.13952255249024,41.297157287597656,36.22895051328607,38.147518291489504,41.69685877239805,35.829248938294405,37.23619921235181,40.92943265345657,36.005118607124665,37.78778627354544,41.25718774901368,-0.00600278889601813,-0.006020878059899618,-0.002881988271479785,0.005479525896205706,35.93476943969726,38.69750804901123,39.6014737701416,0.010333010008734772,0.016736480215757785,0.639521838799979,-0.16787391090736747,24779840.0
2023-01-25,36.02910614013672,36.06108300370441,35.64539292576908,35.99712927656903,20828000,35.741310119628906,38.25143814086914,41.28117370605469,35.933168196009234,38.499254206327095,41.329138987671726,35.293646357209255,37.96365557871652,40.72958669012179,35.909184030536274,37.97164826815927,41.09731136741039,0.008052195611871538,0.008019949669552148,-0.00600278889601813,0.00293437308306288,35.945962524414064,38.42730979919433,39.56454147338867,0.005490406051236575,0.016911578848824892,0.41569007793533075,0.03197686356769225,22178440.0
2023-01-26,35.698341369628906,35.73867786302571,35.18202686820463,35.658004876232106,38465500,36.02910614013672,36.83650207519531,41.43307113647461,36.06108300370441,37.364108081765394,41.52899867082603,35.64539292576908,36.54072068629112,40.96142310581492,35.99712927656903,37.20422682685419,41.21723189707292,-0.009180487831734974,-0.009222888213786013,0.008052195611871538,-0.03699040178471258,35.89739837646484,38.16855258941651,39.51747650146484,0.006994207491064873,0.01684919304861963,0.5566509948210765,0.04033649339680068,24548560.0
2023-01-27,35.327232360839844,35.77093983833919,35.3191632175804,35.674131661561034,23798600,35.698341369628906,35.973140716552734,40.87348556518555,35.73867786302571,36.65263215473969,41.51300750113451,35.18202686820463,35.9491595985756,40.809531846850085,35.658004876232106,36.41281182652553,41.457049522331545,-0.010395693316574972,-0.010450105969689715,-0.009180487831734974,-0.02343765857247182,35.75062866210938,37.90443000793457,39.436769027709964,0.0073862281043631595,0.016870324641782678,0.45177662075878544,-0.3468993007211907,24268760.0
2023-01-30,35.13360977172852,35.60958762452818,35.0126003310022,35.32722918535727,24402200,35.327232360839844,35.941162109375,40.60968399047852,35.77093983833919,36.188978164500966,41.08133202415503,35.3191632175804,35.685353365139505,40.56971443836654,35.674131661561034,35.749307075938766,40.80953480051973,-0.005480830967272476,-0.005495905828393814,-0.010395693316574972,-0.0008889578874891058,35.58591995239258,37.609442138671874,39.362901000976564,0.007372120656717292,0.016382686094188244,0.5969872935259843,-0.19361941362874546,25269480.0
2023-01-31,35.6257209777832,35.722529140820576,34.44787858215444,34.68990052848588,49722500,35.13360977172852,36.06108093261719,41.03336715698242,35.60958762452818,36.31688972750381,41.30516131375283,35.0126003310022,35.757306845133805,40.761569950730845,35.32722918535727,36.1969780207526,40.78555107056796,0.014006850114521185,0.013909660683176025,-0.005480830967272476,0.003336531603437054,35.562802124023435,37.342657470703124,39.30718894958496,0.010972960496842685,0.017044471497547054,1.2746505586661385,0.9358204492973243,31443360.0
2023-02-01,35.47245407104492,35.64186918753599,35.0206773495916,35.424048433128696,24482300,35.6257209777832,35.9571533203125,40.9614143371582,35.722529140820576,36.22895051328607,41.08931870540657,34.44787858215444,35.829248938294405,40.5697054940647,34.68990052848588,36.005118607124665,41.001383880458185,-0.004302141894443667,-0.004311422734776581,0.014006850114521185,-0.002881988271479785,35.45147171020508,37.06741008758545,39.24393478393554,0.009873612971999153,0.01697222983030176,0.6211918379443873,0.04840563791622543,32174220.0
2023-02-02,35.77094650268555,35.867754697499656,35.09328298403273,35.19816032360961,35279200,35.47245407104492,35.741310119628906,40.97740173339844,35.64186918753599,35.933168196009234,41.03336275615182,35.0206773495916,35.293646357209255,40.62566546575943,35.424048433128696,35.909184030536274,40.777550957573375,0.008414766879190294,0.008379560095083892,-0.004302141894443667,-0.00600278889601813,35.4659927368164,36.8522533416748,39.18824943542481,0.010278768878052853,0.016922292413138206,0.774471713466923,0.5727861790759334,31536960.0
2023-02-03,35.5450553894043,35.81127866230979,35.39984157600979,35.787077385902926,23742000,35.77094650268555,36.02910614013672,40.07408142089844,35.867754697499656,36.06108300370441,40.47378300245682,35.09328298403273,35.64539292576908,39.58644500348024,35.19816032360961,35.99712927656903,40.20198580501788,-0.00631493251832993,-0.006334956047353285,0.008414766879190294,0.008052195611871538,35.5095573425293,36.64458789825439,39.12884567260742,0.009319718232462939,0.01689946567578749,0.41143708629999765,-0.24202199649862877,31525640.0
2023-02-06,35.30302429199219,35.73866565784615,35.278823019714565,35.649923556193365,18071200,35.5450553894043,35.698341369628906,39.6983642578125,35.81127866230979,35.73867786302571,39.96216878731728,35.39984157600979,35.18202686820463,39.10680452616867,35.787077385902926,35.658004876232106,39.75432223992297,-0.006809135469353023,-0.0068324234062883925,-0.00631493251832993,-0.009180487831734974,35.54344024658203,36.37445888519287,39.050211868286134,0.009575495506116952,0.015271734622072555,0.4598426381315832,-0.346899264201177,30259440.0
2023-02-07,35.16588592529297,35.415977067565855,34.89159350642088,35.351436226665754,22999500,35.30302429199219,35.327232360839844,40.705604553222656,35.73866565784615,35.77093983833919,41.24919890738423,35.278823019714565,35.3191632175804,39.61841889438035,35.649923556193365,35.674131661561034,39.95416673399029,-0.003884606756773712,-0.00389217143849856,-0.006809135469353023,-0.010395693316574972,35.451473236083984,36.19859714508057,38.97251266479492,0.006272718207362038,0.011499078876610572,0.5243835611449725,-0.1855503013727855,24914840.0
2023-02-08,35.48051834106445,35.57732653451513,35.11748376877818,35.13361898059946,19362300,35.16588592529297,35.13360977172852,38.68312072753906,35.415977067565855,35.60958762452818,40.178003871884414,34.89159350642088,35.0126003310022,38.61917005666181,35.351436226665754,35.32722918535727,40.01012993016525,0.008947091975441523,0.008907303896990047,-0.003884606756773712,-0.005480830967272476,35.45308609008789,36.0692440032959,38.89535041809082,0.007939878412967276,0.011565707429932591,0.45984276573695126,0.34689936046499525,23890840.0
2023-02-09,34.964202880859375,35.762878917233074,34.88352990151843,35.59346073665405,20809200,35.48051834106445,35.6257209777832,38.06758117675781,35.57732653451513,35.722529140820576,38.74707575583806,35.11748376877818,34.44787858215444,37.8757261081686,35.13361898059946,34.68990052848588,38.65114517206212,-0.014552083350132583,-0.01465900345630789,0.008947091975441523,0.014006850114521185,35.29173736572265,35.9208703994751,38.802106094360354,0.008527468466408734,0.0118294737155131,0.8793490157146451,-0.6292578557946769,20996840.0
2023-02-10,35.39984130859375,35.480514280991656,34.8996590318015,35.09327847402376,18619600,34.964202880859375,35.47245407104492,37.93167495727539,35.762878917233074,35.64186918753599,38.16350257135811,34.88352990151843,35.0206773495916,37.46002704046048,35.59346073665405,35.424048433128696,38.13152571779899,0.01245955554081446,0.012382574055854,-0.014552083350132583,-0.004302141894443667,35.26269454956055,35.78388633728027,38.71885353088379,0.011242339022422517,0.012220296739833126,0.580855249190158,0.3065628345699878,19972360.0
2023-02-13,35.48858642578125,35.50471855964373,35.10134750859018,35.23849526623637,17878000,35.39984130859375,35.77094650268555,38.13952255249024,35.480514280991656,35.867754697499656,38.147518291489504,34.8996590318015,35.09328298403273,37.23619921235181,35.09327847402376,35.19816032360961,37.78778627354544,0.0025069354524467347,0.00250379833171096,0.01245955554081446,0.008414766879190294,35.29980697631836,35.64574375152588,38.62714363098144,0.010752089713800197,0.012208546216242427,0.4033710510535471,0.2500911595448798,19933720.0
2023-02-14,35.27077102661133,35.65800692492779,35.15782760762036,35.569264787869926,17506900,35.48858642578125,35.5450553894043,38.25143814086914,35.50471855964373,35.81127866230979,38.499254206327095,35.10134750859018,35.39984157600979,37.96365557871652,35.23849526623637,35.787077385902926,37.97164826815927,-0.006137618347393126,-0.006156530952159261,0.0025069354524467347,-0.00631493251832993,35.32078399658203,35.56745719909668,38.515888671875,0.011055886567477378,0.00940369977083155,0.5001793173074276,-0.29849376125859806,18835200.0
2023-02-15,34.94807052612305,35.182026493802816,34.77865540917307,35.028743512058135,18994700,35.27077102661133,35.30302429199219,36.83650207519531,35.65800692492779,35.73866565784615,37.364108081765394,35.15782760762036,35.278823019714565,36.54072068629112,35.569264787869926,35.649923556193365,37.20422682685419,-0.009149232951125685,-0.009191344237030984,-0.006137618347393126,-0.006809135469353023,35.21429443359375,35.51620368957519,38.40089782714844,0.010611659695615937,0.00816000706106271,0.4033710846297467,-0.08067298593508809,18761680.0
2023-02-16,34.64957809448242,34.83512843112617,34.5043642523304,34.81092714992659,17832000,34.94807052612305,35.16588592529297,35.973140716552734,35.182026493802816,35.415977067565855,36.65263215473969,34.77865540917307,34.89159350642088,35.9491595985756,35.028743512058135,35.351436226665754,36.41281182652553,-0.008541027505867826,-0.008577711107747332,-0.009149232951125685,-0.003884606756773712,35.15136947631836,35.45162448883057,38.28281486511231,0.009221556054670794,0.008312127033791555,0.3307641787957749,-0.16134905544416966,18166240.0
2023-02-17,34.85932159423828,34.98840019303816,34.35107634254432,34.601164396638524,18293400,34.64957809448242,35.48051834106445,35.941162109375,34.83512843112617,35.57732653451513,36.188978164500966,34.5043642523304,35.11748376877818,35.685353365139505,34.81092714992659,35.13361898059946,35.749307075938766,0.006053277162103798,0.006035029680917429,-0.008541027505867826,0.008947091975441523,35.04326553344727,35.39153652191162,38.18523460388184,0.006903523321741754,0.008421881933388626,0.6373238504938428,0.25815719759975764,18101000.0
2023-02-21,34.44788360595703,34.63343389445391,34.383342769535616,34.53662571729825,17356600,34.85932159423828,34.964202880859375,36.06108093261719,34.98840019303816,35.762878917233074,36.31688972750381,34.35107634254432,34.88352990151843,35.757306845133805,34.601164396638524,35.59346073665405,36.1969780207526,-0.011802811112344047,-0.01187301725409641,0.006053277162103798,-0.014552083350132583,34.83512496948242,35.31607303619385,38.07095191955566,0.006987700246354429,0.008720952834951352,0.250091124918292,-0.08874211134121879,17996720.0
2023-02-22,34.18973159790039,34.60116872128731,34.13325989620957,34.46402403931732,17394200,34.44788360595703,35.39984130859375,35.9571533203125,34.63343389445391,35.480514280991656,36.22895051328607,34.383342769535616,34.8996590318015,35.829248938294405,34.53662571729825,35.09327847402376,36.005118607124665,-0.007493987468420227,-0.007522208472813751,-0.011802811112344047,0.01245955554081446,34.618917083740236,35.238494110107425,37.92688461303711,0.007024710046606816,0.00876230171666607,0.46790882507773546,-0.2742924414169323,17974180.0
2023-02-23,34.12519073486328,34.4882253008944,34.060652966167154,34.11712466783011,21104300,34.18973159790039,35.48858642578125,35.741310119628906,34.60116872128731,35.50471855964373,35.933168196009234,34.13325989620957,35.10134750859018,35.293646357209255,34.46402403931732,35.23849526623637,35.909184030536274,-0.0018877265196510784,-0.0018895105208486965,-0.007493987468420227,0.0025069354524467347,34.454341125488284,35.14329833984375,37.782485733032225,0.007009737870628848,0.008426850248275051,0.42757233472724465,0.008066067033169588,18396100.0
2023-02-24,33.68148422241211,33.923506248035835,33.48786475542691,33.907371035997315,16806100,34.12519073486328,35.27077102661133,36.02910614013672,34.4882253008944,35.65800692492779,36.06108300370441,34.060652966167154,35.15782760762036,35.64539292576908,34.11712466783011,35.569264787869926,35.99712927656903,-0.013002315969412814,-0.013087586024977657,-0.0018877265196510784,-0.006137618347393126,34.26072235107422,35.04245548248291,37.62217796325684,0.007849086110547953,0.008623130788296792,0.43564149260892293,-0.22588681358520546,18190920.0
2023-02-27,32.89894104003906,33.66534663159107,32.85860455153144,33.43139068977934,26370300,33.68148422241211,34.94807052612305,35.698341369628906,33.923506248035835,35.182026493802816,35.73867786302571,33.48786475542691,34.77865540917307,35.18202686820463,33.907371035997315,35.028743512058135,35.658004876232106,-0.023233631190526127,-0.02350778674409809,-0.013002315969412814,-0.009149232951125685,33.868646240234376,34.92104091644287,37.431670303344724,0.007881456427731288,0.009631784462306756,0.8067420800596281,-0.5324496497402791,19806300.0
2023-02-28,32.72952651977539,32.842469920581856,32.34229068380598,32.673054819372155,31086900,32.89894104003906,34.64957809448242,35.327232360839844,33.66534663159107,34.83512843112617,35.77093983833919,32.85860455153144,34.5043642523304,35.3191632175804,33.43139068977934,34.81092714992659,35.674131661561034,-0.0051495432651612605,-0.005162847857785856,-0.023233631190526127,-0.008541027505867826,33.52497482299805,34.80083675384522,37.2152311706543,0.00836123772999067,0.009628501347845606,0.5001792367758782,0.056471700403236014,22552360.0
2023-03-01,32.41489028930664,32.88279899825256,32.382619874213496,32.72145307773917,21104400,32.72952651977539,34.85932159423828,35.13360977172852,32.842469920581856,34.98840019303816,35.60958762452818,32.34229068380598,34.35107634254432,35.0126003310022,32.673054819372155,34.601164396638524,35.32722918535727,-0.009613222796811427,-0.009659728107016189,-0.0051495432651612605,0.006053277162103798,33.170006561279294,34.64029521942139,37.00640884399414,0.00824563667875521,0.008780182870160923,0.5001791240390645,-0.3065627884325295,23294400.0
2023-03-02,32.769859313964844,32.89893791140013,32.116400260844664,32.31808576167958,19110600,32.41489028930664,34.44788360595703,35.6257209777832,32.88279899825256,34.63343389445391,35.722529140820576,32.382619874213496,34.383342769535616,34.44787858215444,32.72145307773917,34.53662571729825,34.68990052848588,0.010950801359809192,0.01089127551082219,-0.009613222796811427,-0.011802811112344047,32.89894027709961,34.50516548156738,36.84001953125,0.012519451752830289,0.009451045715410557,0.7825376505554686,0.4517735522852604,22895660.0
2023-03-03,33.19743728637695,33.221638563593174,32.8666731620226,33.00381783621688,20922000,32.769859313964844,34.18973159790039,35.47245407104492,32.89893791140013,34.60116872128731,35.64186918753599,32.116400260844664,34.13325989620957,35.0206773495916,32.31808576167958,34.46402403931732,35.424048433128696,0.013047903816599371,0.012963513207288557,0.010950801359809192,-0.007493987468420227,32.80213088989258,34.37649002075195,36.6828214263916,0.015080734683828399,0.00981872174867431,0.3549654015705741,0.19361945016007098,23718840.0
2023-03-06,33.16516876220703,33.28617823268686,32.931212810811665,33.149033550647665,19434800,33.19743728637695,34.12519073486328,35.77094650268555,33.221638563593174,34.4882253008944,35.867754697499656,32.8666731620226,34.060652966167154,35.09328298403273,33.00381783621688,34.11712466783011,35.19816032360961,-0.000972018529368901,-0.0009724912457304868,0.013047903816599371,-0.0018877265196510784,32.855376434326175,34.25749568939209,36.52561744689942,0.009954722951246511,0.009815950949688687,0.35496542187519253,0.016135211559365814,22331740.0
2023-03-07,32.543975830078125,33.181302815784946,32.35035637559975,33.124831116036425,23205800,33.16516876220703,33.68148422241211,35.5450553894043,33.28617823268686,33.923506248035835,35.81127866230979,32.931212810811665,33.48786475542691,35.39984157600979,33.149033550647665,33.907371035997315,35.787077385902926,-0.018730281054284204,-0.018907914346578698,-0.000972018529368901,-0.013002315969412814,32.81826629638672,34.11954326629639,36.350553817749024,0.013497188932588852,0.010378826109268628,0.830946440185194,-0.5808552859583003,20755520.0
2023-03-08,32.36648941040039,32.729523939715314,32.19707432254563,32.527838432037754,16756100,32.543975830078125,32.89894104003906,35.30302429199219,33.181302815784946,33.66534663159107,35.73866565784615,32.35035637559975,32.85860455153144,35.278823019714565,33.124831116036425,33.43139068977934,35.649923556193365,-0.00545374113490138,-0.005468667073958871,-0.018730281054284204,-0.023233631190526127,32.80858612060547,33.97957344055176,36.17226013183594,0.012955804684370463,0.01038376409347891,0.5324496171696822,-0.16134902163736342,19885860.0
2023-03-09,31.834043502807617,32.729527753641754,31.71303403058599,32.600449136785834,18585100,32.36648941040039,32.72952651977539,35.16588592529297,32.729523939715314,32.842469920581856,35.415977067565855,32.19707432254563,32.34229068380598,34.89159350642088,32.527838432037754,32.673054819372155,35.351436226665754,-0.016450530078856218,-0.016587342549037296,-0.00545374113490138,-0.0051495432651612605,32.621422958374026,33.797249698638915,35.9802795791626,0.012838027328008997,0.010258016651466055,1.0164937230557634,-0.7664056339782164,19780760.0
2023-03-10,31.777568817138672,32.21321026218519,31.64849021240008,31.69689584323081,26328100,31.834043502807617,32.41489028930664,35.48051834106445,32.729527753641754,32.88279899825256,35.57732653451513,31.71303403058599,32.382619874213496,35.11748376877818,32.600449136785834,32.72145307773917,35.13361898059946,-0.0017740343184479146,-0.0017756097808881092,-0.016450530078856218,-0.009613222796811427,32.33744926452637,33.63791799545288,35.79836124420166,0.008350199074800415,0.010051053366598818,0.5647200497851124,0.08067297390786266,20861980.0
2023-03-13,32.15673828125,32.68111876197813,31.672691209643272,31.672691209643272,35299400,31.777568817138672,32.769859313964844,34.964202880859375,32.21321026218519,32.89893791140013,35.762878917233074,31.64849021240008,32.116400260844664,34.88352990151843,31.69689584323081,32.31808576167958,35.59346073665405,0.0119319846742596,0.011861359786758284,-0.0017740343184479146,0.010950801359809192,32.13576316833496,33.47576284408569,35.62930233001709,0.012358615050045275,0.010004180077812074,1.0084275523348545,0.484047071606728,24034900.0
2023-03-14,32.18901824951172,32.3907038198032,31.882455320974945,32.31002774520007,24583600,32.15673828125,33.19743728637695,35.39984130859375,32.68111876197813,33.221638563593174,35.480514280991656,31.672691209643272,32.8666731620226,34.8996590318015,31.672691209643272,33.00381783621688,35.09327847402376,0.0010038321666641092,0.001003328664081248,0.0119319846742596,0.013047903816599371,32.06477165222168,33.31078443527222,35.45241535186768,0.010293324956422246,0.009952344806588034,0.5082484988282552,-0.12100949568834807,24310460.0
2023-03-15,32.49557113647461,32.69725666354305,31.83404285388828,32.07606487087502,25498400,32.18901824951172,33.16516876220703,35.48858642578125,32.3907038198032,33.28617823268686,35.50471855964373,31.882455320974945,32.931212810811665,35.10134750859018,32.31002774520007,33.149033550647665,35.23849526623637,0.009523523972885917,0.009478461097456798,0.0010038321666641092,-0.000972018529368901,32.09058799743652,33.172024440765384,35.283098487854005,0.0112278439329034,0.010447052751633254,0.8632138096547699,0.4195062655995869,26058920.0
2023-03-16,32.56818008422852,32.664991359053666,32.04379952757261,32.31809198462298,21095900,32.49557113647461,32.543975830078125,35.27077102661133,32.69725666354305,33.181302815784946,35.65800692492779,31.83404285388828,32.35035637559975,35.15782760762036,32.07606487087502,33.124831116036425,35.569264787869926,0.0022344259606630335,0.0022319333433315535,0.009523523972885917,-0.018730281054284204,32.2374153137207,33.05302991867065,35.1149140548706,0.005855648472058449,0.010463965615231203,0.6211918314810561,0.25008809960554146,26561080.0
2023-03-17,32.35035705566406,32.90701107556827,32.261618009534374,32.77793246236149,57457800,32.56818008422852,32.36648941040039,34.94807052612305,32.664991359053666,32.729523939715314,35.182026493802816,32.04379952757261,32.19707432254563,34.77865540917307,32.31809198462298,32.527838432037754,35.028743512058135,-0.006688216166857441,-0.0067106825138264345,0.0022344259606630335,-0.00545374113490138,32.35197296142578,32.938068866729736,34.96043956756592,0.007398688574324108,0.010424816866807586,0.6453930660338969,-0.42757540669742866,32787020.0
2023-03-20,32.92314529418945,32.96348178257341,32.22127747090606,32.38262650191868,20825400,32.35035705566406,31.834043502807617,34.64957809448242,32.90701107556827,32.729527753641754,34.83512843112617,32.261618009534374,31.71303403058599,34.5043642523304,32.77793246236149,32.600449136785834,34.81092714992659,0.017705777946741552,0.017550856655406472,-0.006688216166857441,-0.016450530078856218,32.50525436401367,32.841260051727296,34.82493518829346,0.009244366073114282,0.011270792319302196,0.7422043116673507,0.5405187922707739,29892220.0
2023-03-21,32.80213165283203,33.00381716547302,32.51977316612532,32.96348067844016,19982000,32.92314529418945,31.777568817138672,34.85932159423828,32.96348178257341,32.21321026218519,34.98840019303816,32.22127747090606,31.64849021240008,34.35107634254432,32.38262650191868,31.69689584323081,34.601164396638524,-0.0036756403519799807,-0.0036824121167858804,0.017705777946741552,-0.0017740343184479146,32.62787704467773,32.75897245407104,34.66686573028564,0.00993058773716379,0.011073627305016945,0.4840439993477048,-0.16134902560813202,28971900.0
2023-03-22,32.27774429321289,32.9554076590946,32.26161216227819,32.834398212226354,15444200,32.80213165283203,32.15673828125,34.44788360595703,33.00381716547302,32.68111876197813,34.63343389445391,32.51977316612532,31.672691209643272,34.383342769535616,32.96348067844016,31.672691209643272,34.53662571729825,-0.015986380555053525,-0.016115541126332143,-0.0036756403519799807,0.0119319846742596,32.58431167602539,32.66337308883667,34.53875820159912,0.012490761163522145,0.011436659321559718,0.6937954968164064,-0.5566539190134634,26961060.0
2023-03-23,32.41489028930664,32.67304745509946,32.26967649886366,32.406821146795274,16958100,32.27774429321289,32.18901824951172,34.18973159790039,32.9554076590946,32.3907038198032,34.60116872128731,32.26161216227819,31.882455320974945,34.13325989620957,32.834398212226354,32.31002774520007,34.46402403931732,0.004248933718784986,0.004239932487992803,-0.015986380555053525,0.0010038321666641092,32.553653717041016,32.57785806655884,34.425704383850096,0.012663834455502914,0.011544543159689962,0.403370956235797,0.008069142511367033,26133500.0
2023-03-24,32.58431625366211,32.640787960230064,32.16480994953072,32.34229421444555,17218100,32.41489028930664,32.49557113647461,34.12519073486328,32.67304745509946,32.69725666354305,34.4882253008944,32.26967649886366,31.83404285388828,34.060652966167154,32.406821146795274,32.07606487087502,34.11712466783011,0.005226794317158667,0.005213182039522776,0.004248933718784986,0.009523523972885917,32.60044555664062,32.52299966812134,34.31875720977783,0.012416053654113749,0.011390653836446357,0.4759780106993432,0.24202203921655752,18085560.0
2023-03-27,32.44716262817383,32.76985756580917,32.24547713809811,32.70531980927264,20262800,32.58431625366211,32.56818008422852,33.68148422241211,32.640787960230064,32.664991359053666,33.923506248035835,32.16480994953072,32.04379952757261,33.48786475542691,32.34229421444555,32.31809198462298,33.907371035997315,-0.004209191453353522,-0.004218075036932139,0.005226794317158667,0.0022344259606630335,32.5052490234375,32.50041074752808,34.2049100112915,0.008525239156946291,0.010222810294531523,0.5243804277110584,-0.2581571810988095,17973040.0
2023-03-28,32.261619567871094,32.51170766195851,32.156742227863155,32.43103467886135,13537500,32.44716262817383,32.35035705566406,32.89894104003906,32.76985756580917,32.90701107556827,33.66534663159107,32.24547713809811,32.261618009534374,32.85860455153144,32.70531980927264,32.77793246236149,33.43139068977934,-0.005718313876284187,-0.0057347260295464,-0.004209191453353522,-0.006688216166857441,32.39714660644531,32.47701539993286,34.08511363983154,0.008621354003550033,0.010236792859991921,0.3549654340953552,-0.16941511099025774,16684140.0
2023-03-29,32.471370697021484,32.48750590890109,32.26161909754054,32.398763782301735,14429500,32.261619567871094,32.92314529418945,32.72952651977539,32.51170766195851,32.96348178257341,32.842469920581856,32.156742227863155,32.22127747090606,32.34229068380598,32.43103467886135,32.38262650191868,32.673054819372155,0.0065015684878784175,0.00648052445504274,-0.005718313876284187,0.017705777946741552,32.43587188720703,32.479839420318605,33.997811012268066,0.005717071386713546,0.010129447922191956,0.225886811360553,0.07260691471974923,16481200.0
2023-03-30,32.57624435424805,32.66498647081917,32.47136702762066,32.60851169688393,12634500,32.471370697021484,32.80213165283203,32.41489028930664,32.48750590890109,33.00381716547302,32.88279899825256,32.26161909754054,32.51977316612532,32.382619874213496,32.398763782301735,32.96348067844016,32.72145307773917,0.0032297268324488204,0.0032245224675166275,0.0065015684878784175,-0.0036756403519799807,32.468142700195315,32.470158672332765,33.929873085021974,0.005598570300346761,0.009838530308194069,0.19361944319851432,-0.03226734263588327,15616480.0
2023-03-31,32.915077209472656,32.93928156526354,32.4955709463278,32.71339168358437,23393600,32.57624435424805,32.27774429321289,32.769859313964844,32.66498647081917,32.9554076590946,32.89893791140013,32.47136702762066,32.26161216227819,32.116400260844664,32.60851169688393,32.834398212226354,32.31808576167958,0.010401225246839285,0.010347504688839864,0.0032297268324488204,-0.015986380555053525,32.53429489135742,32.456040668487546,33.869351387023926,0.006900633194304322,0.009666545608701902,0.4437106189357394,0.20168552588828703,16851580.0
2023-04-03,33.35878372192383,33.455594987147265,32.79406672883779,32.82633407310214,20817200,32.915077209472656,32.41489028930664,33.19743728637695,32.93928156526354,32.67304745509946,33.221638563593174,32.4955709463278,32.26967649886366,32.8666731620226,32.71339168358437,32.406821146795274,33.00381783621688,0.013480342446940297,0.01339029101085672,0.010401225246839285,0.004248933718784986,32.71661911010742,32.465721416473386,33.81530544281006,0.007410880288540178,0.010148342122219352,0.6615282583094739,0.5324496488216894,16962460.0
2023-04-04,32.99574661254883,33.50399181951363,32.88280015574704,33.43138492173633,19514500,33.35878372192383,32.58431625366211,33.16516876220703,33.455594987147265,32.640787960230064,33.28617823268686,32.79406672883779,32.16480994953072,32.931212810811665,32.82633407310214,32.34229421444555,33.149033550647665,-0.010882804133425461,-0.01094245502039007,0.013480342446940297,0.005226794317158667,32.86344451904297,32.488309955596925,33.75607730865479,0.009456624104294875,0.00950341561678547,0.621191663766588,-0.4356383091875031,18157860.0
2023-04-05,33.5201416015625,34.060660537240246,33.21357866905091,33.310389959829905,29697600,32.99574661254883,32.44716262817383,32.543975830078125,33.50399181951363,32.76985756580917,33.181302815784946,32.88280015574704,32.24547713809811,32.35035637559975,33.43138492173633,32.70531980927264,33.124831116036425,0.015892805674966537,0.015767837364690198,-0.010882804133425461,-0.004209191453353522,33.07319869995117,32.54599256515503,33.71165393829346,0.01078189941926498,0.009959830700618079,0.8470818681893348,0.20975164173259486,21211480.0
2023-04-06,33.479793548583984,33.963837525524696,33.37491622517209,33.82669286046623,25931800,33.5201416015625,32.261619567871094,32.36648941040039,34.060660537240246,32.51170766195851,32.729523939715314,33.21357866905091,32.156742227863155,32.19707432254563,33.310389959829905,32.43103467886135,32.527838432037754,-0.001203695779633418,-0.0012044208032620234,0.015892805674966537,-0.005718313876284187,33.25390853881836,32.628280067443846,33.6606676864624,0.011281035340132615,0.009029453919589385,0.5889213003526024,-0.34689931188224676,23870940.0
2023-04-10,33.66535186767578,33.673421013118414,33.1732386299031,33.19744298875371,15137300,33.479793548583984,32.471370697021484,31.834043502807617,33.963837525524696,32.48750590890109,32.729527753641754,33.37491622517209,32.26161909754054,31.71303403058599,33.82669286046623,32.398763782301735,32.600449136785834,0.005542397351480766,0.005527094783184671,-0.001203695779633418,0.0065015684878784175,33.40396347045898,32.722669219970705,33.62000789642334,0.010962097406609913,0.008992666134970293,0.5001823832153107,0.4679088789220742,22219680.0
2023-04-11,33.713748931884766,33.87509794744367,33.64114202875708,33.72181499779828,15304100,33.66535186767578,32.57624435424805,31.777568817138672,33.673421013118414,32.66498647081917,32.21321026218519,33.1732386299031,32.47136702762066,31.64849021240008,33.19744298875371,32.60851169688393,31.69689584323081,0.0014375927035965574,0.0014365603564838532,0.005542397351480766,0.0032297268324488204,33.47495651245117,32.80051975250244,33.58773822784424,0.009772174620465502,0.008742319494248536,0.23395591868658983,-0.008066065913517662,21117060.0
2023-04-12,33.37492370605469,33.71375702784284,33.29425071764083,33.584678399894315,17035100,33.713748931884766,32.915077209472656,32.15673828125,33.87509794744367,32.93928156526354,32.68111876197813,33.64114202875708,32.4955709463278,31.672691209643272,33.72181499779828,32.71339168358437,31.672691209643272,-0.010050060778308612,-0.010100903574763079,0.0014375927035965574,0.010401225246839285,33.55079193115235,32.85981502532959,33.552564506530764,0.00949760896655586,0.009174196301029953,0.41950631020201,-0.20975469383962775,20621180.0
2023-04-13,33.45560073852539,33.641151079219874,33.318452961286745,33.50400330198123,22880900,33.37492370605469,33.35878372192383,32.18901824951172,33.71375702784284,33.455594987147265,32.3907038198032,33.29425071764083,32.79406672883779,31.882455320974945,33.584678399894315,32.82633407310214,32.31002774520007,0.0024172948882597023,0.002414377930789844,-0.010050060778308612,0.013480342446940297,33.53788375854492,32.90781650543213,33.5091621017456,0.005924345186735149,0.008997289911589301,0.32269811793312897,-0.04840256345583782,19257840.0
2023-04-14,33.229705810546875,33.64921206956461,33.01995421977644,33.48786303494597,20627500,33.45560073852539,32.99574661254883,32.49557113647461,33.641151079219874,33.50399181951363,32.69725666354305,33.318452961286745,32.88280015574704,31.83404285388828,33.50400330198123,33.43138492173633,32.07606487087502,-0.006752081056442982,-0.00677497948866014,0.0024172948882597023,-0.010882804133425461,33.4878662109375,32.94089279174805,33.464307136535645,0.006600304820308254,0.009180950349678581,0.6292578497881749,-0.25815722439909194,18196980.0
2023-04-17,33.22163772583008,33.30231069950097,33.0441534907821,33.173232095141536,17608600,33.229705810546875,33.5201416015625,32.56818008422852,33.64921206956461,34.060660537240246,32.664991359053666,33.01995421977644,33.21357866905091,32.04379952757261,33.48786303494597,33.310389959829905,32.31809198462298,-0.00024279735616061782,-0.00024282683621057913,-0.006752081056442982,0.015892805674966537,33.39912338256836,32.984456825256345,33.41332096099853,0.005471923014757,0.009006646976169486,0.2581572087188704,0.04840563068854209,18691240.0
2023-04-18,32.7133903503418,33.34265125815185,32.697255139631096,33.30231169263672,18541500,33.22163772583008,33.479793548583984,32.35035705566406,33.30231069950097,33.963837525524696,32.90701107556827,33.0441534907821,33.37491622517209,32.261618009534374,33.173232095141536,33.82669286046623,32.77793246236149,-0.015298685142578483,-0.015416917441954685,-0.00024279735616061782,-0.001203695779633418,33.19905166625976,32.973969078063966,33.35668766021728,0.007201203261474411,0.008878348335588322,0.6453961185207504,-0.588921342294924,19338720.0
2023-04-19,32.46329879760742,32.72145598634782,32.43102837964576,32.616578666710645,17214300,32.7133903503418,33.66535186767578,32.92314529418945,33.34265125815185,33.673421013118414,32.96348178257341,32.697255139631096,33.1732386299031,32.22127747090606,33.30231169263672,33.19744298875371,32.38262650191868,-0.007644929188202032,-0.007674301454372461,-0.015298685142578483,0.005542397351480766,33.016726684570315,32.957027435302734,33.29989315032959,0.006937296066082304,0.009001707727866957,0.29042760670206036,-0.15327986910322267,19374560.0
2023-04-20,32.1486701965332,32.4229626229035,32.100267642011644,32.33422358045505,20131600,32.46329879760742,33.713748931884766,32.80213165283203,32.72145598634782,33.87509794744367,33.00381716547302,32.43102837964576,33.64114202875708,32.51977316612532,32.616578666710645,33.72181499779828,32.96348067844016,-0.009691824698277673,-0.009739096110057851,-0.007644929188202032,0.0014375927035965574,32.755340576171875,32.95057373046875,33.23954883575439,0.005430545838358865,0.008528649426487485,0.32269498089185333,-0.1855533839218495,18824700.0
2023-04-21,32.43909454345703,32.511701445352024,32.197072562965865,32.34228636675586,19227100,32.1486701965332,33.37492370605469,32.27774429321289,32.4229626229035,33.71375702784284,32.9554076590946,32.100267642011644,33.29425071764083,32.26161216227819,32.33422358045505,33.584678399894315,32.834398212226354,0.00903379036048424,0.008993229770574837,-0.009691824698277673,-0.010050060778308612,32.5972183227539,32.95178394317627,33.17872035980225,0.009412531181283669,0.008723884526523756,0.3146288823861596,0.09680817670117392,18544620.0
2023-04-24,32.19707489013672,32.4310308217614,32.03572586565499,32.422961677925144,17633700,32.43909454345703,33.45560073852539,32.41489028930664,32.511701445352024,33.641151079219874,32.67304745509946,32.197072562965865,33.318452961286745,32.26967649886366,32.34228636675586,33.50400330198123,32.406821146795274,-0.007460740095445395,-0.007488710624236082,0.00903379036048424,0.0024172948882597023,32.39230575561523,32.932421875,33.12337779998779,0.009092906401009227,0.008790472252875811,0.3953049561064077,-0.22588678778842564,18549640.0
2023-04-25,31.729175567626957,32.20515056171931,31.688835991367693,32.068005850366106,24492400,32.19707489013672,33.229705810546875,32.58431625366211,32.4310308217614,33.64921206956461,32.640787960230064,32.03572586565499,33.01995421977644,32.16480994953072,32.422961677925144,33.48786303494597,32.34229421444555,-0.014532355007600306,-0.01463898398625358,-0.007460740095445395,-0.006752081056442982,32.195462799072274,32.896522521972656,33.04996448516846,0.008906002578314632,0.009304040982633722,0.5163145703516143,-0.33883028273914917,19739820.0
2023-04-26,31.164445877075195,31.61621945003773,30.97889557711177,31.59201817362236,22401400,31.729175567626957,33.22163772583008,32.44716262817383,32.20515056171931,33.30231069950097,32.76985756580917,31.688835991367693,33.0441534907821,32.24547713809811,32.068005850366106,33.173232095141536,32.70531980927264,-0.01779843568100614,-0.017958732709768093,-0.014532355007600306,-0.00024279735616061782,31.93569221496582,32.84166383743286,32.963481674194334,0.010391627255628162,0.009988163202437257,0.6373238729259576,-0.4275722965471651,20777240.0
2023-04-27,31.25319099426269,31.32579790795588,30.90629163744827,31.15637972435382,22434000,31.164445877075195,32.7133903503418,32.261619567871094,31.61621945003773,33.34265125815185,32.51170766195851,30.97889557711177,32.697255139631096,32.156742227863155,31.59201817362236,33.30231169263672,32.43103467886135,0.0028476398244827728,0.0028435929790163066,-0.01779843568100614,-0.015298685142578483,31.75659637451172,32.78075485229492,32.88313007354736,0.01137497225586248,0.009863250938732391,0.41950627050761113,0.09681126990887279,21237720.0
2023-04-28,31.374202728271484,31.390337941086703,31.1563819714818,31.220922822742672,21015300,31.25319099426269,32.46329879760742,32.471370697021484,31.32579790795588,32.72145598634782,32.48750590890109,30.90629163744827,32.43102837964576,32.26161909754054,31.15637972435382,32.616578666710645,32.398763782301735,0.003871980113358875,0.0038645032922136465,0.0028476398244827728,-0.007644929188202032,31.54361801147461,32.7206527709961,32.811652717590334,0.009848696902305214,0.009881735330976237,0.23395596960490295,0.15327990552881232,21595360.0
2023-05-01,31.63235282897949,31.882443954875303,31.34999436222331,31.462937748925786,23917800,31.374202728271484,32.1486701965332,32.57624435424805,31.390337941086703,32.4229626229035,32.66498647081917,31.1563819714818,32.100267642011644,32.47136702762066,31.220922822742672,32.33422358045505,32.60851169688393,0.008228100740720556,0.0081944344667438,0.003871980113358875,-0.009691824698277673,31.430673599243164,32.656516551971436,32.75130821228027,0.011814634511175958,0.009751232906069067,0.532449592651993,0.1694150800537031,22852180.0
2023-05-02,31.511348724365234,32.36649341308671,31.1644493620615,31.69689904507795,38834100,31.63235282897949,32.43909454345703,32.915077209472656,31.882443954875303,32.511701445352024,32.93928156526354,31.34999436222331,32.197072562965865,32.4955709463278,31.462937748925786,32.34228636675586,32.71339168358437,-0.0038253273560922008,-0.0038326626333160087,0.008228100740720556,0.00903379036048424,31.38710823059082,32.56414480209351,32.68434875488281,0.010164969971982797,0.00905371781872325,1.202044051025208,-0.18555032071271427,25720520.0
2023-05-03,31.019229888916016,31.777566245706304,30.946622987283597,31.62428637669405,27721900,31.511348724365234,32.19707489013672,33.35878372192383,32.36649341308671,32.4310308217614,33.455594987147265,31.1644493620615,32.03572586565499,32.79406672883779,31.69689904507795,32.422961677925144,32.82633407310214,-0.015617193657874173,-0.015740426747265154,-0.0038253273560922008,-0.007460740095445395,31.358065032958983,32.46531896591186,32.615775680541994,0.00929101912447505,0.009333587452627015,0.8309432584227068,-0.605056487778036,26784620.0
2023-05-04,30.841747283935547,31.00309630462696,30.672332197074034,30.793341654485143,23675100,31.019229888916016,31.729175567626957,32.99574661254883,31.777566245706304,32.20515056171931,33.50399181951363,30.946622987283597,31.688835991367693,32.88280015574704,31.62428637669405,32.068005850366106,33.43138492173633,-0.005721696045197011,-0.005738127655778148,-0.015617193657874173,-0.014532355007600306,31.275776290893553,32.331399250030515,32.5488159942627,0.009217201495073222,0.00820937111859025,0.33076410755292684,0.04840562945040361,27032840.0
2023-05-05,31.05150604248047,31.059572109717784,30.72880795840169,30.962763915484956,19225100,30.841747283935547,31.164445877075195,33.5201416015625,31.00309630462696,31.61621945003773,34.060660537240246,30.672332197074034,30.97889557711177,33.21357866905091,30.793341654485143,31.59201817362236,33.310389959829905,0.006801130837816638,0.006778107478449218,-0.005721696045197011,-0.01779843568100614,31.21123695373535,32.20998487472534,32.48734230041504,0.009806644547148509,0.008547369448357343,0.33076415131609593,0.08874212699551265,26674800.0
2023-05-08,31.196712493896484,31.24511812307756,30.938555293217256,31.083769103283892,20101700,31.05150604248047,31.25319099426269,33.479793548583984,31.059572109717784,31.32579790795588,33.963837525524696,30.72880795840169,30.90629163744827,33.37491622517209,30.962763915484956,31.15637972435382,33.82669286046623,0.004676309458786498,0.00466540949157992,0.006801130837816638,0.0028476398244827728,31.12410888671875,32.086552906036374,32.43764686584473,0.008971139169027382,0.008500020434397237,0.3065628298603045,0.11294339061259251,25911580.0
2023-05-09,31.043437957763672,31.196717860322572,30.970831040240583,31.04343795776367,15987900,31.196712493896484,31.374202728271484,33.66535186767578,31.24511812307756,31.390337941086703,33.673421013118414,30.938555293217256,31.1563819714818,33.1732386299031,31.083769103283892,31.220922822742672,33.19744298875371,-0.004913163082898575,-0.004925272348116709,0.004676309458786498,0.003871980113358875,31.03052673339844,31.953037357330324,32.40053680419922,0.009017193727063335,0.008413576587794788,0.22588682008198901,3.552713678800501e-15,21342340.0
2023-05-10,30.89822196960449,31.23705525359331,30.72074079939787,31.196715686409316,15858200,31.043437957763672,31.63235282897949,33.713748931884766,31.196717860322572,31.882443954875303,33.87509794744367,30.970831040240583,31.34999436222331,33.64114202875708,31.04343795776367,31.462937748925786,33.72181499779828,-0.004677832022237927,-0.0046888073188905794,-0.004913163082898575,0.008228100740720556,31.00632514953613,31.829202270507814,32.3639107131958,0.005998760508352379,0.00829803123335039,0.5163144541954416,-0.2984937168048276,18969600.0
2023-05-11,30.64542961120605,30.702512384383805,30.343702826377573,30.66173630859013,28566400,30.89822196960449,31.511348724365234,33.37492370605469,31.23705525359331,32.36649341308671,33.71375702784284,30.72074079939787,31.1644493620615,33.29425071764083,31.196715686409316,31.69689904507795,33.584678399894315,-0.008181453245015735,-0.008215105006178593,-0.004677832022237927,-0.0038253273560922008,30.967061614990236,31.688693714141845,32.32852149963379,0.006579424113408143,0.00821710668440962,0.35880955800623227,-0.01630669738407775,19947860.0
2023-05-12,30.45786666870117,30.75959343664889,30.360010935982327,30.669891052165926,16541300,30.64542961120605,31.019229888916016,33.45560073852539,30.702512384383805,31.777566245706304,33.641151079219874,30.343702826377573,30.946622987283597,33.318452961286745,30.66173630859013,31.62428637669405,33.50400330198123,-0.006120421377166729,-0.006139227931374367,-0.008181453245015735,-0.015617193657874173,30.848333740234374,31.55010175704956,32.282281646728514,0.004960585937804795,0.008208577373715878,0.3995825006665612,-0.21202438346475816,19411100.0
2023-05-15,30.302927017211918,30.46602197274548,30.18060502286736,30.41709255285215,16650400,30.45786666870117,30.841747283935547,33.229705810546875,30.75959343664889,31.00309630462696,33.64921206956461,30.360010935982327,30.672332197074034,33.01995421977644,30.669891052165926,30.793341654485143,33.48786303494597,-0.005087015882450752,-0.00509999879598552,-0.006120421377166729,-0.005721696045197011,30.66957664489746,31.404166221618652,32.22439144134521,0.0014429133323867205,0.008153428428617911,0.28541694987811894,-0.11416553564023246,18720840.0
2023-05-16,30.180604934692383,30.368166155013405,30.0338228969963,30.188761393372875,25451700,30.302927017211918,31.05150604248047,33.22163772583008,30.46602197274548,31.059572109717784,33.30231069950097,30.18060502286736,30.72880795840169,33.0441534907821,30.41709255285215,30.962763915484956,33.173232095141536,-0.004036642481766051,-0.004044811714621594,-0.005087015882450752,0.006801130837816638,30.497010040283204,31.277526950836183,32.16470016479492,0.0016194316607136639,0.007751412103567183,0.33434325801710685,-0.008156458680492307,20613600.0
2023-05-17,29.96858787536621,30.213228786887075,29.772873279682734,30.15614601122481,23206400,30.180604934692383,31.196712493896484,32.7133903503418,30.368166155013405,31.24511812307756,33.34265125815185,30.0338228969963,30.938555293217256,32.697255139631096,30.188761393372875,31.083769103283892,33.30231169263672,-0.007024943992506305,-0.007049735083798291,-0.004036642481766051,0.004676309458786498,30.311083221435545,31.15279140472412,32.11319240570069,0.0016179830497899358,0.007737263441716504,0.440355507204341,-0.18755813585859826,22083240.0
2023-05-18,29.74840545654297,29.993046329698625,29.495608124841556,29.93596356298822,27772400,29.96858787536621,31.043437957763672,32.46329879760742,30.213228786887075,31.196717860322572,32.72145598634782,29.772873279682734,30.970831040240583,32.43102837964576,30.15614601122481,31.04343795776367,32.616578666710645,-0.007347106902031553,-0.0073742298236082115,-0.007024943992506305,-0.004913163082898575,30.13167839050293,31.032778167724608,32.060830726623536,0.001372821010448074,0.00766327714530034,0.4974382048570689,-0.18755810644525184,21924440.0
2023-05-19,29.98489570617676,30.70251169530542,29.781027774895257,29.88703997017941,33068300,29.74840545654297,30.89822196960449,32.1486701965332,29.993046329698625,31.23705525359331,32.4229626229035,29.495608124841556,30.72074079939787,32.100267642011644,29.93596356298822,31.196715686409316,32.33422358045505,0.00794967817617187,0.00791824595873624,-0.007347106902031553,-0.004677832022237927,30.03708419799805,30.910068225860595,32.02384777069092,0.006331737472096436,0.007570665437405076,0.9214839204101644,0.09785573599735287,25229840.0
2023-05-22,31.599529266357425,31.697385002099985,29.96858582035188,30.058288207606623,85718600,29.98489570617676,30.64542961120605,32.43909454345703,30.70251169530542,30.702512384383805,32.511701445352024,29.781027774895257,30.343702826377573,32.197072562965865,29.88703997017941,30.66173630859013,32.34228636675586,0.053848229988942675,0.05244844543310227,0.00794967817617187,-0.008181453245015735,30.29640464782715,30.880190944671632,32.02028697967529,0.026009271253257832,0.01490855841529216,1.728799181748105,1.5412410587508028,39043480.0
2023-05-23,32.325294494628906,32.73303030432054,30.987921536564706,31.43643030507004,75379500,31.599529266357425,30.45786666870117,32.19707489013672,31.697385002099985,30.75959343664889,32.4310308217614,29.96858582035188,30.360010935982327,32.03572586565499,30.058288207606623,30.669891052165926,32.422961677925144,0.02296759619910449,0.0227078111981249,0.053848229988942675,-0.006120421377166729,30.725342559814454,30.909996891021727,32.02365810394287,0.025507949206384526,0.01544348413473775,1.7451087677558377,0.8888641895588663,49029040.0
2023-05-24,31.501670837402344,32.733031665120016,31.47720457247512,32.70041205240204,39326400,32.325294494628906,30.302927017211918,31.729175567626957,32.73303030432054,30.46602197274548,32.20515056171931,30.987921536564706,30.18060502286736,31.688835991367693,31.43643030507004,30.41709255285215,32.068005850366106,-0.02547923136054997,-0.025809448163673386,0.02296759619910449,-0.005087015882450752,31.03195915222168,30.926858139038085,32.009911155700685,0.03022406138616835,0.01602134492722296,1.2558270926448962,-1.1987412149996928,52253040.0
2023-05-25,30.84929847717285,31.40381641750722,30.70251331006796,31.40381641750722,30266600,31.501670837402344,30.180604934692383,31.164445877075195,32.733031665120016,30.368166155013405,31.61621945003773,31.47720457247512,30.0338228969963,30.97889557711177,32.70041205240204,30.188761393372875,31.59201817362236,-0.020709135194661554,-0.020926576589167172,-0.02547923136054997,-0.004036642481766051,31.252137756347658,30.906663513183595,31.97698570251465,0.03267552650738794,0.01670328840154045,0.7013031074392586,-0.5545179403343674,52751880.0
2023-05-26,30.661731719970703,31.34672800636979,30.62911521930588,31.020541224280024,20234600,30.84929847717285,29.96858787536621,31.25319099426269,31.40381641750722,30.213228786887075,31.32579790795588,30.70251331006796,29.772873279682734,30.90629163744827,31.40381641750722,30.15614601122481,31.15637972435382,-0.006080097975029841,-0.006098657036236315,-0.020709135194661554,-0.007024943992506305,31.387504959106444,30.871039962768556,31.938856735229493,0.033247762548239676,0.016713801240646056,0.71761278706391,-0.35880950430932046,50185140.0
2023-05-30,30.180604934692383,30.46602188373664,30.107212360455577,30.46602188373664,24371100,30.661731719970703,29.74840545654297,31.374202728271484,31.34672800636979,29.993046329698625,31.390337941086703,30.62911521930588,29.495608124841556,31.1563819714818,31.020541224280024,29.93596356298822,31.220922822742672,-0.015691442012225054,-0.015815855893480113,-0.006080097975029841,-0.007347106902031553,31.103720092773436,30.7984525680542,31.89546169281006,0.019260693991927036,0.016872443410990142,0.35880952328106375,-0.28541694904425796,37915640.0
2023-05-31,31.00423812866211,31.167333110393567,30.066444316789767,30.254002457008628,46166300,30.180604934692383,29.98489570617676,31.63235282897949,30.46602188373664,30.70251169530542,31.882443954875303,30.107212360455577,29.781027774895257,31.34999436222331,30.46602188373664,29.88703997017941,31.462937748925786,0.027290148615376708,0.02692441160525279,-0.015691442012225054,0.00794967817617187,30.83950881958008,30.773097038269043,31.85708354949951,0.021066530472077672,0.018105488387443847,1.1008887936038008,0.7502356716534813,32073000.0
2023-06-01,31.00423812866211,31.159176650379077,30.743287402202995,31.085784064138817,20256100,31.00423812866211,31.599529266357425,31.511348724365234,31.167333110393567,31.697385002099985,32.36649341308671,30.066444316789767,29.96858582035188,31.1644493620615,30.254002457008628,30.058288207606623,31.69689904507795,0.0,0.0,0.027290148615376708,0.053848229988942675,30.740022277832033,30.772347450256348,31.821125679016113,0.018779370438697755,0.017759826349683434,0.4158892481760823,-0.08154593547670785,28258940.0
2023-06-02,31.281496047973636,31.526136944719923,31.118401079883515,31.19179365998518,22736400,31.00423812866211,32.325294494628906,31.019229888916016,31.159176650379077,32.73303030432054,31.777566245706304,30.743287402202995,30.987921536564706,30.946622987283597,31.085784064138817,31.43643030507004,31.62428637669405,0.008942581274242523,0.00890283318557425,0.0,0.02296759619910449,30.826461791992188,30.794334888458252,31.801200714111328,0.016325484008340337,0.017808462548038945,0.40773586483640756,0.08970238798845642,26752900.0
2023-06-05,31.51798248291016,31.819706141214056,31.371197327891466,31.379350676157983,18392200,31.281496047973636,31.501670837402344,30.841747283935547,31.526136944719923,32.733031665120016,31.00309630462696,31.118401079883515,31.47720457247512,30.672332197074034,31.19179365998518,32.70041205240204,30.793341654485143,0.007559946448016497,0.007531513265176942,0.008942581274242523,-0.02547923136054997,30.99771194458008,30.817658710479737,31.7832625579834,0.01557369769750701,0.017822597143575616,0.44850881332259007,0.13863180675217635,26384420.0
2023-06-06,31.289644241333008,31.68922669178081,31.224408131311744,31.648453734170364,19508200,31.51798248291016,30.84929847717285,31.05150604248047,31.819706141214056,31.40381641750722,31.059572109717784,31.371197327891466,30.70251331006796,30.72880795840169,31.379350676157983,31.40381641750722,30.962763915484956,-0.007244697267693501,-0.007271067527165641,0.007559946448016497,-0.020709135194661554,31.219519805908202,30.822305297851564,31.757369117736815,0.012915198849357544,0.017888674123931435,0.464818560469066,-0.35880949283735575,25411840.0
2023-06-07,31.713695526123047,31.85232733976902,31.093938371385622,31.27334003916924,25295100,31.289644241333008,30.661731719970703,31.196712493896484,31.68922669178081,31.34672800636979,31.24511812307756,31.224408131311744,30.62911521930588,30.938555293217256,31.648453734170364,31.020541224280024,31.083769103283892,0.01355244826433255,0.01346143521508774,-0.007244697267693501,-0.006080097975029841,31.36141128540039,30.85581817626953,31.7426997756958,0.00820389053368085,0.01808103773423206,0.7583889683833966,0.44035548695380555,21237600.0
2023-06-08,31.876789093017575,31.95833501925802,31.583218781307703,31.83601612989736,17347600,31.713695526123047,30.180604934692383,31.043437957763672,31.85232733976902,30.46602188373664,31.196717860322572,31.093938371385622,30.107212360455577,30.970831040240583,31.27334003916924,30.46602188373664,31.04343795776367,0.005142685650121992,0.005129507204698763,0.01355244826433255,-0.015691442012225054,31.535921478271483,30.904746532440186,31.73500316619873,0.007801452026611223,0.018045710143813842,0.3751162379503157,0.04077296312021517,20655900.0
2023-06-09,31.778928756713867,32.28452026988881,31.697379731506796,32.03172295791272,19775100,31.876789093017575,31.00423812866211,30.89822196960449,31.95833501925802,31.167333110393567,31.23705525359331,31.583218781307703,30.066444316789767,30.72074079939787,31.83601612989736,30.254002457008628,31.196715686409316,-0.003069955886025655,-0.0030746778672558817,0.005142685650121992,0.027290148615376708,31.635408020019533,30.961421489715576,31.72115432739258,0.008342057355254364,0.01793406060294727,0.5871405383820125,-0.2527942011988529,20063640.0
2023-06-12,32.53732681274414,32.67595552875946,31.795247582105745,31.811554280996155,28334600,31.778928756713867,31.00423812866211,30.64542961120605,32.28452026988881,31.159176650379077,30.702512384383805,31.697379731506796,30.743287402202995,30.343702826377573,32.03172295791272,31.085784064138817,30.66173630859013,0.023864808717633412,0.023584495164861292,-0.003069955886025655,0.0,31.83927688598633,31.065394496917726,31.7203759765625,0.012585742863618651,0.018467701771880254,0.8807079466537147,0.7257725317479853,22052120.0
2023-06-13,32.847198486328125,32.92059106243153,32.1703586051769,32.34976026060262,26533800,32.53732681274414,31.281496047973636,30.45786666870117,32.67595552875946,31.526136944719923,30.75959343664889,31.795247582105745,31.118401079883515,30.360010935982327,31.811554280996155,31.19179365998518,30.669891052165926,0.009523575042514443,0.009478511685309407,0.023864808717633412,0.008942581274242523,32.15078773498535,31.192608070373534,31.71901840209961,0.009991276540995945,0.018400357741695034,0.7502324572546257,0.497438225725503,23457240.0
2023-06-14,32.096961975097656,32.89612375240972,32.064342365221115,32.87981394747145,22056400,32.847198486328125,31.51798248291016,30.302927017211918,32.92059106243153,31.819706141214056,30.46602197274548,32.1703586051769,31.371197327891466,30.18060502286736,32.34976026060262,31.379350676157983,30.41709255285215,-0.02284019781908453,-0.02310507615799719,0.009523575042514443,0.007559946448016497,32.227441024780276,31.2884259223938,31.693781967163087,0.017218569593068004,0.019301572518264636,0.831781387188606,-0.7828519723737912,22809500.0
2023-06-15,32.41499710083008,32.48023632401747,32.0317244415476,32.13773662383843,19905900,32.096961975097656,31.289644241333008,30.180604934692383,32.89612375240972,31.68922669178081,30.368166155013405,32.064342365221115,31.224408131311744,30.0338228969963,32.87981394747145,31.648453734170364,30.188761393372875,0.009908574088076216,0.009859806051046785,-0.02284019781908453,-0.007244697267693501,32.335082626342775,31.410746383666993,31.682166976928713,0.01752887967807254,0.019197897337964766,0.44851188246986595,0.2772604769916498,23321160.0
2023-06-16,32.66779327392578,32.91243413070727,32.4965418744792,32.50469833247903,60338600,32.41499710083008,31.713695526123047,29.96858787536621,32.48023632401747,31.85232733976902,30.213228786887075,32.0317244415476,31.093938371385622,29.772873279682734,32.13773662383843,31.27334003916924,30.15614601122481,0.007798741190978786,0.0077684881972765385,0.009908574088076216,0.01355244826433255,32.512855529785156,31.556715774536134,31.665120010375976,0.01718449699523732,0.01902030310587081,0.41589225622806936,0.16309494144675085,31433860.0
2023-06-20,32.080657958984375,32.51285698011691,32.07250461043261,32.3823816278442,26881200,32.66779327392578,31.876789093017575,29.74840545654297,32.91243413070727,31.95833501925802,29.993046329698625,32.4965418744792,31.583218781307703,29.495608124841556,32.50469833247903,31.83601612989736,29.93596356298822,-0.01797291019990732,-0.018136384653694448,0.007798741190978786,0.005142685650121992,32.421521759033205,31.661503887176515,31.637137298583983,0.016259639419172016,0.019670913770665238,0.44035236968429814,-0.3017236688598217,31143180.0
2023-06-21,31.721851348876957,31.99911185982612,31.6076826943162,31.96649224423733,17982900,32.080657958984375,31.778928756713867,29.98489570617676,32.51285698011691,32.28452026988881,30.70251169530542,32.07250461043261,31.697379731506796,29.781027774895257,32.3823816278442,32.03172295791272,29.88703997017941,-0.011184515310320609,-0.011247532318723977,-0.01797291019990732,-0.003069955886025655,32.19645233154297,31.66761999130249,31.598267288208007,0.01494681136214416,0.015943502367768963,0.39142916550991913,-0.24464089536037292,29433000.0
2023-06-22,31.58321762084961,31.795241998528663,31.32226693353506,31.75446592612899,18039800,31.721851348876957,32.53732681274414,31.599529266357425,31.99911185982612,32.67595552875946,31.697385002099985,31.6076826943162,31.795247582105745,29.96858582035188,31.96649224423733,31.811554280996155,30.058288207606623,-0.004370291207239196,-0.00437986884475364,-0.011184515310320609,0.023864808717633412,32.09370346069336,31.630516147613527,31.555656661987303,0.012001682312337022,0.015045713326369831,0.47297506499360153,-0.17124830527938073,28629680.0
2023-06-23,31.232563018798828,31.697381602191044,31.216253212794857,31.56690626493669,23492200,31.58321762084961,32.847198486328125,32.325294494628906,31.795241998528663,32.92059106243153,32.73303030432054,31.32226693353506,32.1703586051769,30.987921536564706,31.75446592612899,32.34976026060262,31.43643030507004,-0.011102561058227822,-0.011164654514609502,-0.004370291207239196,0.009523575042514443,31.85721664428711,31.61706075668335,31.512809448242187,0.009746706338477636,0.01413303945212673,0.4811283893961864,-0.3343432461378626,29346940.0
2023-06-26,30.082746505737305,30.21322183591597,29.487452617373567,30.18875868362536,56135500,31.232563018798828,32.096961975097656,31.501670837402344,31.697381602191044,32.89612375240972,32.733031665120016,31.216253212794857,32.064342365221115,31.47720457247512,31.56690626493669,32.87981394747145,32.70041205240204,-0.0368146703928669,-0.037509435433175975,-0.011102561058227822,-0.02284019781908453,31.340207290649413,31.57873315811157,31.445352363586426,0.01244135473700467,0.0157243246833891,0.7257692185424034,-0.10601217788805428,28506320.0
2023-06-27,29.699472427368164,30.17244742064864,29.58530690782518,30.13982781198576,32414900,30.082746505737305,32.41499710083008,30.84929847717285,30.21322183591597,32.48023632401747,31.40381641750722,29.487452617373567,32.0317244415476,30.70251331006796,30.18875868362536,32.13773662383843,31.40381641750722,-0.01274066110606098,-0.012822519357521933,-0.0368146703928669,0.009908574088076216,30.86397018432617,31.530620193481447,31.374747695922853,0.012484280030490678,0.015903978431878536,0.5871405128234599,-0.4403553846175967,29613060.0
2023-06-28,29.59346389770508,29.7973317893496,29.38143954835957,29.76471218009996,30062000,29.699472427368164,32.66779327392578,30.661731719970703,30.17244742064864,32.91243413070727,31.34672800636979,29.58530690782518,32.4965418744792,30.62911521930588,30.13982781198576,32.50469833247903,31.020541224280024,-0.003569374167246009,-0.003575759582371005,-0.01274066110606098,0.007798741190978786,30.438292694091796,31.50126314163208,31.302184219360353,0.013524294343435285,0.015560854164251847,0.4158922409900292,-0.17124828239487755,32028880.0
2023-06-29,29.454832077026367,29.536381100048704,29.161261815700257,29.348823013263058,26284900,29.59346389770508,32.080657958984375,30.180604934692383,29.7973317893496,32.51285698011691,30.46602188373664,29.38143954835957,32.07250461043261,30.107212360455577,29.76471218009996,32.3823816278442,30.46602188373664,-0.00468454186903966,-0.004695548723467439,-0.003569374167246009,-0.01797291019990732,30.012615585327147,31.423792839050293,31.237013053894042,0.013470608332137065,0.014088697887781974,0.37511928434844677,0.10600906376330954,33677900.0
2023-06-30,29.911497116088867,29.9685798765153,29.471141726418868,29.528224486845296,30867900,29.454832077026367,31.721851348876957,31.00423812866211,29.536381100048704,31.99911185982612,31.167333110393567,29.161261815700257,31.6076826943162,30.066444316789767,29.348823013263058,31.96649224423733,30.254002457008628,0.015503909099474411,0.015384951464152172,-0.00468454186903966,-0.011184515310320609,29.748402404785157,31.36915578842163,31.18597702026367,0.018939064333777057,0.014646941910455112,0.497438150096432,0.38327262924357086,35153040.0
2023-07-03,29.887039184570312,29.96043176233357,29.642395184841,29.764717184705653,14115800,29.911497116088867,31.58321762084961,31.00423812866211,29.9685798765153,31.795241998528663,31.159176650379077,29.471141726418868,31.32226693353506,30.743287402202995,29.528224486845296,31.75446592612899,31.085784064138817,-0.0008176766085505882,-0.0008180110884120088,0.015503909099474411,-0.004370291207239196,29.709260940551758,31.299432945251464,31.140744400024413,0.010369312415015553,0.014435107232037754,0.3180365774925704,0.12232199986465986,26749100.0
2023-07-05,29.73209571838379,30.188760963891312,29.67501295154253,29.829954556492357,26829400,29.887039184570312,31.232563018798828,31.281496047973636,29.96043176233357,31.697381602191044,31.526136944719923,29.642395184841,31.216253212794857,31.118401079883515,29.764717184705653,31.56690626493669,31.19179365998518,-0.005184302975937305,-0.005197788102121734,-0.0008176766085505882,-0.011102561058227822,29.715785598754884,31.210138607025147,31.08660442352295,0.00869325380233465,0.014262883217755951,0.5137480123487812,-0.09785883810856788,25632000.0
2023-07-06,29.055255889892575,29.57715725049206,29.047099431320877,29.520074483600087,30177300,29.73209571838379,30.082746505737305,31.51798248291016,30.188760963891312,30.21322183591597,31.819706141214056,29.67501295154253,29.487452617373567,31.371197327891466,29.829954556492357,30.18875868362536,31.379350676157983,-0.0227646189122388,-0.02302773365579454,-0.005184302975937305,-0.0368146703928669,29.608143997192382,31.098419189453125,31.023768043518068,0.013635147363196438,0.014923464550874068,0.5300578191711836,-0.46481859370751266,25655060.0
2023-07-07,28.973712921142575,29.16942752771164,28.826927743910318,28.96555957164218,22903300,29.055255889892575,29.699472427368164,31.289644241333008,29.57715725049206,30.17244742064864,31.68922669178081,29.047099431320877,29.58530690782518,31.224408131311744,29.520074483600087,30.13982781198576,31.648453734170364,-0.002806479112041349,-0.0028104246583357407,-0.0227646189122388,-0.01274066110606098,29.511920166015624,30.9614200592041,30.96865879058838,0.013623301303804895,0.014372525887521423,0.3424997838013226,0.008153349500393148,24978740.0
2023-07-10,29.096031188964844,29.365135238687603,28.981865646005023,29.006328802131343,17777500,28.973712921142575,29.59346389770508,31.713695526123047,29.16942752771164,29.7973317893496,31.85232733976902,28.826927743910318,29.38143954835957,31.093938371385622,28.96555957164218,29.76471218009996,31.27334003916924,0.004221698066629642,0.004212811700936234,-0.002806479112041349,-0.003569374167246009,29.34882698059082,30.822382164001464,30.92729049682617,0.01026952936607152,0.01434175410285335,0.38326959268258065,0.08970238683350118,22360660.0
2023-07-11,29.373289108276367,29.38959891451524,29.04709920505385,29.063409011292723,17731300,29.096031188964844,29.454832077026367,31.876789093017575,29.365135238687603,29.536381100048704,31.95833501925802,28.981865646005023,29.161261815700257,31.583218781307703,29.006328802131343,29.348823013263058,31.83601612989736,0.009529063173972618,0.009483948028428264,0.004221698066629642,-0.00468454186903966,29.24607696533203,30.70210018157959,30.889692459106445,0.012285921022053817,0.014678543315017523,0.3424997094613893,0.30988009698364394,23083760.0
2023-07-12,29.348827362060547,29.56084863178083,29.291741482097567,29.52007566961665,17229700,29.373289108276367,29.911497116088867,31.778928756713867,29.38959891451524,29.9685798765153,32.28452026988881,29.04709920505385,29.471141726418868,31.697379731506796,29.063409011292723,29.528224486845296,32.03172295791272,-0.000832788800928963,-0.0008331357621661021,0.009529063173972618,0.015503909099474411,29.169423294067382,30.54267520904541,30.849184951782227,0.012282133350319342,0.013189821221352453,0.2691071496832613,-0.17124830755610176,21163820.0
2023-07-13,29.40591049194336,29.650551378706822,29.2917418413946,29.365134418501405,16664400,29.348827362060547,29.887039184570312,32.53732681274414,29.56084863178083,29.96043176233357,32.67595552875946,29.291741482097567,29.642395184841,31.795247582105745,29.52007566961665,29.764717184705653,31.811554280996155,0.0019449884378210935,0.0019430993968547567,-0.000832788800928963,-0.0008176766085505882,29.23955421447754,30.370610809326173,30.804656105041502,0.004793403572716616,0.012853370896250873,0.3588095373122222,0.040776073441954,18461240.0
2023-07-14,29.6179313659668,29.756563170094307,29.36513402360346,29.60162155896488,17915100,29.40591049194336,29.73209571838379,32.847198486328125,29.650551378706822,30.188760963891312,32.92059106243153,29.2917418413946,29.67501295154253,32.1703586051769,29.365134418501405,29.829954556492357,32.34976026060262,0.007210144847632938,0.007184276024154221,0.0019449884378210935,-0.005184302975937305,29.368397903442382,30.24665927886963,30.766787757873534,0.004112301247563934,0.012462612696278718,0.3914291464908466,0.016309807001920973,17463600.0
2023-07-17,29.24281311035156,29.45483436512549,29.177573886865805,29.45483436512549,20557300,29.6179313659668,29.055255889892575,32.096961975097656,29.756563170094307,29.57715725049206,32.89612375240972,29.36513402360346,29.047099431320877,32.064342365221115,29.60162155896488,29.520074483600087,32.87981394747145,-0.0126652415720796,-0.01274612944617727,0.007210144847632938,-0.0227646189122388,29.397754287719728,30.088050079345702,30.731259422302244,0.00869331397183433,0.01216130075128236,0.27726047825968436,-0.21202125477392997,18019560.0
2023-07-18,29.55269432067871,29.7484057770005,29.259124025418515,29.291740527620476,22808300,29.24281311035156,28.973712921142575,32.41499710083008,29.45483436512549,29.16942752771164,32.48023632401747,29.177573886865805,28.826927743910318,32.0317244415476,29.45483436512549,28.96555957164218,32.13773662383843,0.01059683311443993,0.010541080202089059,-0.0126652415720796,-0.002806479112041349,29.433635330200197,29.93229513168335,30.70547836303711,0.008963001435105276,0.01233197337866509,0.4892817515819843,0.26095379305823485,19034960.0
2023-07-19,29.71578025817871,29.927804589629115,29.528222186989133,29.634234352714333,18589700,29.55269432067871,29.096031188964844,32.66779327392578,29.7484057770005,29.365135238687603,32.91243413070727,29.259124025418515,28.981865646005023,32.4965418744792,29.291740527620476,29.006328802131343,32.50469833247903,0.005518479490578487,0.005503308471015977,0.01059683311443993,0.004221698066629642,29.507025909423827,29.814051246643068,30.678763847351075,0.009043585649339657,0.012141076868681624,0.39958240263998235,0.08154590546437746,19306960.0
2023-07-20,29.98489570617676,30.22953660155901,29.650552423306205,29.683172038897908,22358400,29.71578025817871,29.373289108276367,32.080657958984375,29.927804589629115,29.38959891451524,32.51285698011691,29.528222186989133,29.04709920505385,32.07250461043261,29.634234352714333,29.063409011292723,32.3823816278442,0.0090563143777449,0.009015551883159119,0.005518479490578487,0.009529063173972618,29.622822952270507,29.727203464508058,30.65452751159668,0.009479049764735422,0.012330919270695517,0.5789841782528029,0.30172366727885347,20445760.0
2023-07-21,30.498640060424805,30.52310321375902,30.009355218298797,30.009355218298797,24149700,29.98489570617676,29.348827362060547,31.721851348876957,30.22953660155901,29.56084863178083,31.99911185982612,29.650552423306205,29.291741482097567,31.6076826943162,29.683172038897908,29.52007566961665,31.96649224423733,0.017133438091039066,0.016988316021940487,0.0090563143777449,-0.000832788800928963,29.79896469116211,29.672974586486816,30.643631553649904,0.011214081945345667,0.013094985611210495,0.5137479954602213,0.48928484212600765,21692680.0
2023-07-24,30.588340759277344,30.824828288511927,30.474175223999275,30.50679483715802,19414700,30.498640060424805,29.40591049194336,31.58321762084961,30.52310321375902,29.650551378706822,31.795241998528663,30.009355218298797,29.2917418413946,31.32226693353506,30.009355218298797,29.365134418501405,31.75446592612899,0.0029411376597390237,0.002936820976274563,0.017133438091039066,0.0019449884378210935,30.068070220947266,29.64076347351074,30.63743392944336,0.005420436726958031,0.012937780485902472,0.35065306451265243,0.0815459221193251,21464160.0
2023-07-25,30.221384048461918,30.759595276779425,30.213227588960432,30.498644566733223,21771000,30.588340759277344,29.6179313659668,31.232563018798828,30.824828288511927,29.756563170094307,31.697381602191044,30.474175223999275,29.36513402360346,31.216253212794857,30.50679483715802,29.60162155896488,31.56690626493669,-0.011996620336594432,-0.012069160528170903,0.0029411376597390237,0.007210144847632938,30.201808166503906,29.647695350646973,30.628953018188476,0.010676667633660842,0.01022342604803148,0.5463676878189929,-0.27726051827130505,21256700.0
2023-07-26,30.343700408935547,30.457865946195632,29.97673753147272,30.06643991382781,20983700,30.221384048461918,29.24281311035156,30.082746505737305,30.759595276779425,29.45483436512549,30.21322183591597,30.213227588960432,29.177573886865805,29.487452617373567,30.498644566733223,29.45483436512549,30.18875868362536,0.0040473447634790105,0.004039176296645004,-0.011996620336594432,-0.0126652415720796,30.327392196655275,29.67990674972534,30.626669692993165,0.010662897844413866,0.009777590790980808,0.4811284147229138,0.2772604951077362,21735500.0
2023-07-27,29.848966598510746,30.516855812924582,29.8324750796389,30.38492680738544,25346300,30.343700408935547,29.55269432067871,29.699472427368164,30.457865946195632,29.7484057770005,30.17244742064864,29.97673753147272,29.259124025418515,29.58530690782518,30.06643991382781,29.291740527620476,30.13982781198576,-0.016304333478032618,-0.016438711757292584,0.0040473447634790105,0.01059683311443993,30.30020637512207,29.692681884765626,30.61759048461914,0.013461457173961707,0.010487860810243563,0.6843807332856819,-0.5359602088746946,22333080.0
2023-07-28,29.741777420043945,30.055110031158,29.700550189869052,29.97265242537217,24054100,29.848966598510746,29.71578025817871,29.59346389770508,30.516855812924582,29.927804589629115,29.7973317893496,29.8324750796389,29.528222186989133,29.38143954835957,30.38492680738544,29.634234352714333,29.76471218009996,-0.003591051573361592,-0.003597514877073535,-0.016304333478032618,0.005518479490578487,30.1488338470459,29.707029151916505,30.60881393432617,0.008994999169294624,0.010462326734983131,0.3545598412889497,-0.23087500532822602,22313960.0
2023-07-31,29.733531951904297,29.84072211665637,29.61809130877484,29.832477929150787,40265200,29.741777420043945,29.98489570617676,29.454832077026367,30.055110031158,30.22953660155901,29.536381100048704,29.700550189869052,29.650552423306205,29.161261815700257,29.97265242537217,29.683172038897908,29.348823013263058,-0.00027723521776112925,-0.00027727365454829764,-0.003591051573361592,0.0090563143777449,29.97787208557129,29.698130893707276,30.604112815856933,0.008380565239193926,0.009851390748417886,0.22263080788152934,-0.09894597724649046,26484060.0
2023-08-01,29.362478256225582,30.442646022882016,29.16458317212973,29.58510904629505,40931600,29.733531951904297,30.498640060424805,29.911497116088867,29.84072211665637,30.52310321375902,29.9685798765153,29.61809130877484,30.009355218298797,29.471141726418868,29.832477929150787,30.009355218298797,29.528224486845296,-0.01247930102212258,-0.01255782143628299,-0.00027723521776112925,0.017133438091039066,29.806090927124025,29.67190284729004,30.596394271850585,0.008474570710361454,0.010224671562715925,1.2780628507522849,-0.2226307900694664,30316180.0
2023-08-02,29.14809226989746,29.59335385945999,29.090373524447028,29.378970397134918,34301600,29.362478256225582,30.588340759277344,29.887039184570312,30.442646022882016,30.824828288511927,29.96043176233357,29.16458317212973,30.474175223999275,29.642395184841,29.58510904629505,30.50679483715802,29.764717184705653,-0.007301358708802663,-0.007328144087712516,-0.01247930102212258,0.0029411376597390237,29.566969299316405,29.642702674865724,30.579658203125,0.006492181400996619,0.010282860008787944,0.502980335012964,-0.2308781272374567,32979760.0
2023-08-03,28.8594970703125,29.09037204033562,28.793530995771288,29.007917592594666,25676500,29.14809226989746,30.221384048461918,29.73209571838379,29.59335385945999,30.759595276779425,30.188760963891312,29.090373524447028,30.213227588960432,29.67501295154253,29.378970397134918,30.498644566733223,29.829954556492357,-0.009900997873641515,-0.009950338705546043,-0.007301358708802663,-0.011996620336594432,29.36907539367676,29.632914733886718,30.5248575592041,0.004871481008557379,0.009190223752400747,0.29684104456433147,-0.14842052228216573,33045800.0
2023-08-04,28.875986099243164,29.139844083786897,28.57914508027264,28.818267361713925,25746500,28.8594970703125,30.343700408935547,29.055255889892575,29.09037204033562,30.457865946195632,29.57715725049206,28.793530995771288,29.97673753147272,29.047099431320877,29.007917592594666,30.06643991382781,29.520074483600087,0.0005713553805353211,0.0005711922191956691,-0.009900997873641515,0.0040473447634790105,29.1959171295166,29.628028392791748,30.455871391296387,0.005804101714466329,0.00917271554828332,0.5606990035142587,0.05771873752923895,33384280.0
2023-08-07,29.420196533203125,29.56036972540824,28.77704302461855,28.86774166022653,31069100,28.875986099243164,29.848966598510746,28.973712921142575,29.139844083786897,30.516855812924582,29.16942752771164,28.57914508027264,29.8324750796389,28.826927743910318,28.818267361713925,30.38492680738544,28.96555957164218,0.0188464709772882,0.01867107652743438,0.0005713553805353211,-0.016304333478032618,29.133250045776368,29.644236660003664,30.414241905212403,0.012664114860359474,0.010076231785653167,0.78332670078969,0.5524548729765932,31545060.0
2023-08-08,29.387216567993164,29.989142915064477,29.181077278772744,29.989142915064477,25225500,29.420196533203125,29.741777420043945,29.096031188964844,29.56036972540824,30.055110031158,29.365135238687603,28.77704302461855,29.700550189869052,28.981865646005023,28.86774166022653,29.97265242537217,29.006328802131343,-0.001120997447204064,-0.0011216262347991661,0.0188464709772882,-0.003591051573361592,29.138197708129884,29.644933032989503,30.385000267028808,0.011268014182835136,0.009858714126088746,0.8080656362917331,-0.6019263470713128,28403840.0
2023-08-09,29.552125930786133,29.733529495280145,29.28002058404511,29.354230847207603,17210500,29.387216567993164,29.733531951904297,29.373289108276367,29.989142915064477,29.84072211665637,29.38959891451524,29.181077278772744,29.61809130877484,29.04709920505385,29.989142915064477,29.832477929150787,29.063409011292723,0.005611601983856351,0.005595915601904443,-0.001120997447204064,-0.00027723521776112925,29.219004440307618,29.65509796142578,30.36280815124512,0.010571787340578974,0.009932696299395326,0.45350891123503345,0.1978950835785298,24985620.0
2023-08-10,29.45317840576172,29.758263629119075,29.35422929648192,29.53563285139274,18955200,29.552125930786133,29.362478256225582,29.348827362060547,29.733529495280145,30.442646022882016,29.56084863178083,29.28002058404511,29.16458317212973,29.291741482097567,29.354230847207603,29.58510904629505,29.52007566961665,-0.0033482371202721017,-0.0033538550097013432,0.005611601983856351,-0.01247930102212258,29.33774070739746,29.6574613571167,30.348259620666504,0.008873119597659669,0.00995962338903681,0.40403433263715627,-0.08245444563102211,23641360.0
2023-08-11,29.717041015625,29.91493297400808,29.345989661861772,29.37072537030067,16609400,29.45317840576172,29.14809226989746,29.40591049194336,29.758263629119075,29.59335385945999,29.650551378706822,29.35422929648192,29.090373524447028,29.2917418413946,29.53563285139274,29.378970397134918,29.365134418501405,0.008958714276203983,0.008918823067732885,-0.0033482371202721017,-0.007301358708802663,29.50595169067383,29.662416839599608,30.32251567840576,0.008829117631179753,0.010032478493815266,0.5689433121463097,0.34631564532433146,21813940.0
2023-08-14,29.741777420043945,30.10458144919345,29.53563812373345,29.53563812373345,20295500,29.717041015625,28.8594970703125,29.6179313659668,29.91493297400808,29.09037204033562,29.756563170094307,29.345989661861772,28.793530995771288,29.36513402360346,29.37072537030067,29.007917592594666,29.60162155896488,0.0008323979633753087,0.0008320517123230509,0.008958714276203983,-0.009900997873641515,29.57026786804199,29.68736505508423,30.2972664642334,0.005024954136359177,0.009563466906973052,0.5689433254600011,0.20613929631049643,19659220.0
2023-08-15,29.181076049804688,29.609846130777715,29.156340342679485,29.585110423652512,20484300,29.741777420043945,28.875986099243164,29.24281311035156,30.10458144919345,29.139844083786897,29.45483436512549,29.53563812373345,28.57914508027264,29.177573886865805,29.53563812373345,28.818267361713925,29.45483436512549,-0.01885231545917576,-0.019032285853712756,0.0008323979633753087,0.0005713553805353211,29.529039764404295,29.668784141540527,30.25525806427002,0.01083766457084106,0.010233829550748468,0.45350578809823006,-0.4040343738478249,18710980.0
2023-08-16,29.255285263061523,29.39546160440644,28.85125404919965,28.974935725807377,22215600,29.181076049804688,29.420196533203125,29.55269432067871,29.609846130777715,29.56036972540824,29.7484057770005,29.156340342679485,28.77704302461855,29.259124025418515,29.585110423652512,28.86774166022653,29.291740527620476,0.002543059520155433,0.0025398314159763733,-0.01885231545917576,0.0188464709772882,29.469671630859374,29.64575939178467,30.210004119873048,0.010423171248054265,0.010161840509719052,0.5442075552067891,0.28034953725414624,19712000.0
2023-08-17,30.10457992553711,30.27773931620536,29.345988863317665,29.35423305076097,31113600,29.255285263061523,29.387216567993164,29.71578025817871,29.39546160440644,29.989142915064477,29.927804589629115,28.85125404919965,29.181077278772744,29.528222186989133,28.974935725807377,29.989142915064477,29.634234352714333,0.02903046936096465,0.028617067065580905,0.002543059520155433,-0.001120997447204064,29.599951934814452,29.651743602752685,30.18630283355713,0.017206362106261894,0.011991276302382836,0.9317504528876945,0.7503468747761382,22143680.0
2023-08-18,30.2282657623291,30.384930492458448,29.94791619837828,30.055109511327824,24145100,30.10457992553711,29.552125930786133,29.98489570617676,30.27773931620536,29.733529495280145,30.22953660155901,29.345988863317665,29.28002058404511,29.650552423306205,29.35423305076097,29.354230847207603,29.683172038897908,0.004108538870096323,0.004100121870775961,0.02903046936096465,0.005611601983856351,29.702196884155274,29.6382248878479,30.15659423828125,0.01702812209919794,0.011364363366862685,0.4370142940801678,0.17315625100127718,23650820.0
2023-08-21,30.516855239868164,30.66527576149205,30.211770010057062,30.26948875230685,28496500,30.2282657623291,29.45317840576172,30.498640060424805,30.384930492458448,29.758263629119075,30.52310321375902,29.94791619837828,29.35422929648192,30.009355218298797,30.055109511327824,29.53563285139274,30.009355218298797,0.00954700742040937,0.009501722739048197,0.004108538870096323,-0.0033482371202721017,29.857212448120116,29.63465061187744,30.12939556121826,0.017128367208814783,0.011560399120876853,0.4535057514349887,0.2473664875613153,25291020.0
2023-08-22,30.376684188842773,30.632298026398832,29.453181102393557,30.516857388336383,18524100,30.516855239868164,29.717041015625,30.588340759277344,30.66527576149205,29.91493297400808,30.824828288511927,30.211770010057062,29.345989661861772,30.474175223999275,30.26948875230685,29.37072537030067,30.50679483715802,-0.004593233802225649,-0.004603815114667417,0.00954700742040937,0.008958714276203983,30.096334075927736,29.642415618896486,30.10135066986084,0.012728945570779736,0.011272809262321506,1.1791169240052746,-0.14017319949360996,24898980.0
2023-08-23,30.2282657623291,30.61580863922947,30.14581130340544,30.582825597485613,19370900,30.376684188842773,29.741777420043945,30.221384048461918,30.632298026398832,30.10458144919345,30.759595276779425,29.453181102393557,29.53563812373345,30.213227588960432,30.516857388336383,29.53563812373345,30.498644566733223,-0.004885932433935092,-0.004897907624380686,-0.004593233802225649,0.0008323979633753087,30.29093017578125,29.636643886566162,30.05516944885254,0.013921429134099512,0.011294158704688735,0.46999733582402925,-0.3545598351565111,24330040.0
2023-08-24,29.815980911254883,30.21176789270184,29.733526469658347,30.079838898886184,19380800,30.2282657623291,29.181076049804688,30.343700408935547,30.61580863922947,29.609846130777715,30.457865946195632,30.14581130340544,29.156340342679485,29.97673753147272,30.582825597485613,29.585110423652512,30.06643991382781,-0.013639050758512683,-0.013732917086916001,-0.004885932433935092,-0.01885231545917576,30.233210372924805,29.63499460220337,29.994545097351075,0.008959783103757366,0.011107451344213292,0.4782414230434924,-0.26385798763130097,21983480.0
2023-08-25,29.99738502502441,30.252995686072587,29.65106944380684,29.799489957837885,16421300,29.815980911254883,29.255285263061523,29.848966598510746,30.21176789270184,29.39546160440644,30.516855812924582,29.733526469658347,28.85125404919965,29.8324750796389,30.079838898886184,28.974935725807377,30.38492680738544,0.006084123621807436,0.006065690071896729,-0.013639050758512683,0.002543059520155433,30.18703422546387,29.647774982452393,29.95255355834961,0.009326634680084975,0.011153277855488399,0.6019262422657476,0.1978950671865256,20438720.0
2023-08-28,29.85721206665039,30.11282590198108,29.70879153586944,30.046859823662547,15101900,29.99738502502441,30.10457992553711,29.741777420043945,30.252995686072587,30.27773931620536,30.055110031158,29.65106944380684,29.345988863317665,29.700550189869052,29.799489957837885,29.35423305076097,29.97265242537217,-0.00467283925772477,-0.004683791101879242,0.006084123621807436,0.02903046936096465,30.05510559082031,29.653958988189697,29.901397857666016,0.006992990065635923,0.011212277546049313,0.4040343661116381,-0.18964775701215686,17759800.0
2023-08-29,29.8077392578125,30.459136950814347,29.68405443947379,29.898437893100557,21076500,29.85721206665039,30.2282657623291,29.733531951904297,30.11282590198108,30.384930492458448,29.84072211665637,29.70879153586944,29.94791619837828,29.61809130877484,30.046859823662547,30.055109511327824,29.832477929150787,-0.0016569801871471057,-0.0016583544971635292,-0.00467283925772477,0.004108538870096323,29.941316604614258,29.676222038269042,29.84419677734375,0.007089180726927189,0.010819004073886767,0.7750825113405568,-0.09069863528805655,18270280.0
2023-08-30,29.60160255432129,29.890196294855897,29.5356364733786,29.832477546748976,16833000,29.8077392578125,30.516855239868164,29.362478256225582,30.459136950814347,30.66527576149205,30.442646022882016,29.68405443947379,30.211770010057062,29.16458317212973,29.898437893100557,30.26948875230685,29.58510904629505,-0.0069155430308986965,-0.006939566218259819,-0.0016569801871471057,0.00954700742040937,29.815983963012695,29.698897552490234,29.79461566925049,0.007226956512382659,0.010804117246764772,0.3545598214772987,-0.23087499242768672,17762700.0
2023-08-31,29.17283058166504,29.6758109073648,29.172830581665043,29.63458053671873,27919500,29.60160255432129,30.376684188842773,29.14809226989746,29.890196294855897,30.632298026398832,29.59335385945999,29.5356364733786,29.453181102393557,29.090373524447028,29.832477546748976,30.516857388336383,29.378970397134918,-0.014484755407056737,-0.014590683617128775,-0.0069155430308986965,-0.004593233802225649,29.687353897094727,29.71456422805786,29.74363525390625,0.007508672176547051,0.011088550052158887,0.502980325699756,-0.46174995505369054,19470440.0
2023-09-01,29.502656936645508,29.73353510192817,29.35423638233388,29.387219426722297,17522500,29.17283058166504,30.2282657623291,28.8594970703125,29.6758109073648,30.61580863922947,29.09037204033562,29.172830581665043,30.14581130340544,28.793530995771288,29.63458053671873,30.582825597485613,29.007917592594666,0.01130594283805153,0.011242508343064958,-0.014484755407056737,-0.004885932433935092,29.588408279418946,29.74589776992798,29.702024040222167,0.009435140737696957,0.011344037447982581,0.3792987195942885,0.11543750992321122,19690680.0
2023-09-05,29.17283058166504,29.92317740406294,29.148091730190263,29.651072055890022,25856100,29.502656936645508,29.815980911254883,28.875986099243164,29.73353510192817,30.21176789270184,29.139844083786897,29.35423638233388,29.733526469658347,28.57914508027264,29.387219426722297,30.079838898886184,28.818267361713925,-0.011179547512915278,-0.011242508343065007,0.01130594283805153,-0.013639050758512683,29.451531982421876,29.733529472351073,29.660829391479492,0.010099752499721759,0.010852905590775692,0.7750856738726775,-0.4782414742249834,21841520.0
2023-09-06,28.34002685546875,29.090373696189975,28.24932507052953,29.07388217661596,35370200,29.17283058166504,29.99738502502441,29.420196533203125,29.92317740406294,30.252995686072587,29.56036972540824,29.148091730190263,29.65106944380684,28.77704302461855,29.651072055890022,29.799489957837885,28.86774166022653,-0.0285472376040089,-0.028962634716852134,-0.011179547512915278,0.006084123621807436,29.157989501953125,29.681169986724854,29.62597499847412,0.01439578986214219,0.012552850494301864,0.841048625660445,-0.7338553211472103,24700260.0
2023-09-07,28.26581382751465,28.562654859963416,28.06792190283909,28.422481675437847,26777700,28.34002685546875,29.85721206665039,29.387216567993164,29.090373696189975,30.11282590198108,29.989142915064477,28.24932507052953,29.70879153586944,29.181077278772744,29.07388217661596,30.046859823662547,29.989142915064477,-0.002618664701080964,-0.0026220994010179677,-0.0285472376040089,-0.00467283925772477,28.890831756591798,29.61685438156128,29.59730182647705,0.01474724763907848,0.01243357974584227,0.4947329571243273,-0.15666784792319888,26689200.0
2023-09-08,28.24108123779297,28.356518730823712,28.07616918541943,28.22458971801204,19467700,28.26581382751465,29.8077392578125,29.552125930786133,28.562654859963416,30.459136950814347,29.733529495280145,28.06792190283909,29.68405443947379,29.28002058404511,28.422481675437847,29.898437893100557,29.354230847207603,-0.0008750000927836288,-0.0008753831288188253,-0.002618664701080964,-0.0016569801871471057,28.704481887817384,29.55624952316284,29.57025417327881,0.014762005948637613,0.012433325912270438,0.28034954540428103,0.016491519780927888,24998840.0
2023-09-11,27.9854679107666,28.28230898137648,27.655646945427943,28.232837566565387,27574400,28.24108123779297,29.60160255432129,29.45317840576172,28.356518730823712,29.890196294855897,29.758263629119075,28.07616918541943,29.5356364733786,29.35422929648192,28.22458971801204,29.832477546748976,29.53563285139274,-0.009051116877363041,-0.00909232708982913,-0.0008750000927836288,-0.0069155430308986965,28.4010440826416,29.469670867919923,29.540866889953612,0.010988738158022997,0.012246699610394055,0.626662035948538,-0.247369655798785,27009220.0
2023-09-12,28.158618927001957,28.20809032710457,27.82879491428828,28.01019843582429,17987200,27.9854679107666,29.17283058166504,29.717041015625,28.28230898137648,29.6758109073648,29.91493297400808,27.655646945427943,29.172830581665043,29.345989661861772,28.232837566565387,29.63458053671873,29.37072537030067,0.006187176029625707,0.006168114042189614,-0.009051116877363041,-0.014484755407056737,28.198201751708986,29.390512943267822,29.505809326171875,0.013220269024758135,0.012390876265875405,0.3792954128162904,0.1484204911776672,25435440.0
2023-09-13,28.10090446472168,28.546162860448213,28.034938393985676,28.208094611514625,23853300,28.158618927001957,29.502656936645508,29.741777420043945,28.20809032710457,29.73353510192817,30.10458144919345,27.82879491428828,29.35423638233388,29.53563812373345,28.01019843582429,29.387219426722297,29.53563812373345,-0.0020496197782247094,-0.0020517231233723255,0.006187176029625707,0.01130594283805153,28.15037727355957,29.33650436401367,29.4700866317749,0.005428893702027241,0.011790161230479696,0.5112244664625365,-0.10719014679294503,23132060.0
2023-09-14,28.158618927001957,28.3482666334101,28.018442620696423,28.232829172590783,23759900,28.10090446472168,29.17283058166504,29.181076049804688,28.546162860448213,29.92317740406294,29.609846130777715,28.034938393985676,29.148091730190263,29.156340342679485,28.208094611514625,29.651072055890022,29.585110423652512,0.0020538293474763325,0.0020517231233722626,-0.0020496197782247094,-0.011179547512915278,28.128938293457033,29.281671047210693,29.438617095947265,0.005625811089353225,0.011781140667864603,0.3298240127136758,-0.0742102455888265,22528500.0
2023-09-15,28.09265899658203,28.381252711606383,27.87827554334045,28.084414809910875,58063800,28.158618927001957,28.34002685546875,29.255285263061523,28.3482666334101,29.090373696189975,29.39546160440644,28.018442620696423,28.24932507052953,28.85125404919965,28.232829172590783,29.07388217661596,28.974935725807377,-0.0023424419567920074,-0.0023451897658466336,0.0020538293474763325,-0.0285472376040089,28.099253845214843,29.181075000762938,29.419365158081053,0.005672246759884213,0.00927645384782842,0.5029771682659323,0.008244186671156228,30247720.0
2023-09-18,27.73810195922852,28.13388901287012,27.573189900518877,28.13388901287012,25421900,28.09265899658203,28.26581382751465,30.10457992553711,28.381252711606383,28.562654859963416,30.27773931620536,27.87827554334045,28.06792190283909,29.345988863317665,28.084414809910875,28.422481675437847,29.35423305076097,-0.01262098533985867,-0.012701306512513187,-0.0023424419567920074,-0.002618664701080964,28.049780654907227,29.05656681060791,29.394652938842775,0.00700155099970325,0.009316868961208077,0.5606991123512444,-0.3957870536416017,29817220.0
2023-09-19,28.02669715881348,28.043185532798176,27.639154316023205,27.66389002243596,30323300,27.73810195922852,28.24108123779297,30.2282657623291,28.13388901287012,28.356518730823712,30.384930492458448,27.573189900518877,28.07616918541943,29.94791619837828,28.13388901287012,28.22458971801204,30.055109511327824,0.010404287936109036,0.010350535845722379,-0.01262098533985867,-0.0008750000927836288,28.023396301269536,28.932058906555177,29.373266258239745,0.008326091397985761,0.009385394653610196,0.4040312167749711,0.36280713637751916,32284440.0
2023-09-20,27.72160530090332,28.109148095228576,27.66388656286789,28.100903909267224,24651400,28.02669715881348,27.9854679107666,30.516855239868164,28.043185532798176,28.28230898137648,30.66527576149205,27.639154316023205,27.655646945427943,30.211770010057062,27.66389002243596,28.232837566565387,30.26948875230685,-0.01088575853877305,-0.010945441936169328,0.010404287936109036,-0.009051116877363041,27.947536468505866,28.799304962158203,29.340232582092284,0.009485242791941859,0.009503823486018855,0.44526153236068566,-0.3792986083639036,32444060.0
2023-09-21,27.08669853210449,27.69687214881477,27.070210158663,27.597926180987773,26980600,27.72160530090332,28.158618927001957,30.376684188842773,28.109148095228576,28.20809032710457,30.632298026398832,27.66388656286789,27.82879491428828,29.453181102393557,28.100903909267224,28.01019843582429,30.516857388336383,-0.022902958248891325,-0.023169305616907103,-0.01088575853877305,0.006187176029625707,27.733152389526367,28.64222660064697,29.294990005493165,0.012469554262377934,0.010356073618014846,0.6266619901517707,-0.5112276488832848,33088200.0
2023-09-22,26.954769134521484,27.284593216395656,26.79810442562081,27.276349029794805,28570800,27.08669853210449,28.10090446472168,30.2282657623291,27.69687214881477,28.546162860448213,30.61580863922947,27.070210158663,28.034938393985676,30.14581130340544,27.597926180987773,28.208094611514625,30.582825597485613,-0.00487063410207178,-0.004882534297071688,-0.022902958248891325,-0.0020496197782247094,27.505574417114257,28.499166011810303,29.245967178344728,0.012248842043835202,0.010173825979253585,0.4864887907748461,-0.3215798952733202,27189600.0
2023-09-25,27.193893432617188,27.193893432617188,26.723896125982204,26.95477111297881,19443700,26.954769134521484,28.158618927001957,29.815980911254883,27.284593216395656,28.3482666334101,30.21176789270184,26.79810442562081,28.018442620696423,29.733526469658347,27.276349029794805,28.232829172590783,30.079838898886184,0.008871316867984369,0.00883219792396425,-0.00487063410207178,0.0020538293474763325,27.39673271179199,28.358991432189942,29.197486419677734,0.013951450283378233,0.01035093304725346,0.4699973066349834,0.23912231963837627,25993960.0
2023-09-26,26.715648651123047,27.17739856829289,26.68266561548652,26.9795066453445,26015500,27.193893432617188,28.09265899658203,29.99738502502441,27.193893432617188,28.381252711606383,30.252995686072587,26.723896125982204,27.87827554334045,29.65106944380684,26.95477111297881,28.084414809910875,29.799489957837885,-0.017586477003712853,-0.017742956419049154,0.008871316867984369,-0.0023424419567920074,27.134523010253908,28.201913261413573,29.146943130493163,0.012307354401587652,0.010735417457738903,0.49473295280636975,-0.2638579942214534,25132400.0
2023-09-27,26.46827888488769,26.79810294858287,26.303368425757803,26.740384209251523,26430100,26.715648651123047,27.73810195922852,29.85721206665039,27.17739856829289,28.13388901287012,30.11282590198108,26.68266561548652,27.573189900518877,29.70879153586944,26.9795066453445,28.13388901287012,30.046859823662547,-0.009259358418196473,-0.009302492747974782,-0.017586477003712853,-0.01262098533985867,26.88385772705078,28.034940242767334,29.085254821777344,0.012282210687865376,0.01072720905282186,0.49473452282506614,-0.2721053243638316,25488140.0
2023-09-28,26.460037231445312,26.64968498532037,26.19617921340734,26.435301525202902,28197600,26.46827888488769,28.02669715881348,29.8077392578125,26.79810294858287,28.043185532798176,30.459136950814347,26.303368425757803,27.639154316023205,29.68405443947379,26.740384209251523,27.66389002243596,29.898437893100557,-0.000311378517591665,-0.0003114270059480234,-0.009259358418196473,0.010404287936109036,26.758525466918947,27.877861976623535,29.020139961242677,0.009877945138409724,0.010794711660616537,0.4535057719130293,0.02473570624241006,25731540.0
2023-09-29,27.35055351257324,27.400028063722303,26.633189820805743,26.67441704071233,42421400,26.460037231445312,27.72160530090332,29.60160255432129,26.64968498532037,28.109148095228576,29.890196294855897,26.19617921340734,27.66388656286789,29.5356364733786,26.435301525202902,28.100903909267224,29.832477546748976,0.03365514089563071,0.03310120101296121,-0.000311378517591665,-0.01088575853877305,26.8376823425293,27.786748123168945,28.967453117370606,0.019743624849757703,0.01367708774309672,0.7668382429165597,0.6761364718609073,28501660.0
2023-10-02,27.9854679107666,28.00195943084891,27.012490243961263,27.169158112025272,44620600,27.35055351257324,27.08669853210449,29.17283058166504,27.400028063722303,27.69687214881477,29.6758109073648,26.633189820805743,27.070210158663,29.172830581665043,26.67441704071233,27.597926180987773,29.63458053671873,0.023213950602553268,0.022948605476642552,0.03365514089563071,-0.022902958248891325,26.99599723815918,27.710888671875,28.91718967437744,0.02173771909590596,0.014568778936815924,0.9894691868876464,0.8163097987413295,33537040.0
2023-10-03,27.95248413085937,28.12564034950249,27.795816284570986,27.90300957748903,31059900,27.9854679107666,26.954769134521484,29.502656936645508,28.00195943084891,27.284593216395656,29.73353510192817,27.012490243961263,26.79810442562081,29.35423638233388,27.169158112025272,27.276349029794805,29.387219426722297,-0.0011786038386922826,-0.0011792989384150502,0.023213950602553268,-0.00487063410207178,27.243364334106445,27.649871349334717,28.864472541809082,0.018257679971902512,0.014427428588929304,0.32982406493150407,0.04947455337034157,34545920.0
2023-10-04,27.465993881225582,28.10090312738478,27.21862427317339,27.98546250909065,23722300,27.95248413085937,27.193893432617188,29.17283058166504,28.12564034950249,27.193893432617188,29.92317740406294,27.795816284570986,26.723896125982204,29.148091730190263,27.90300957748903,26.95477111297881,29.651072055890022,-0.017404186595949334,-0.017557419989364418,-0.0011786038386922826,0.008871316867984369,27.442907333374023,27.60616970062256,28.809364738464357,0.020539771404915617,0.01353744162104167,0.8822788542113891,-0.5194686278650664,34004360.0
2023-10-05,27.597925186157227,27.85353585594919,27.25160959309308,27.5814336678746,21279400,27.465993881225582,26.715648651123047,28.34002685546875,28.10090312738478,27.17739856829289,29.090373696189975,27.21862427317339,26.68266561548652,28.24932507052953,27.98546250909065,26.9795066453445,29.07388217661596,0.004803441867138325,0.004791942151028278,-0.017404186595949334,-0.017586477003712853,27.670484924316405,27.572775268554686,28.75444923400879,0.020171630412303552,0.013606101035162013,0.6019262628561108,0.016491518282627737,32620720.0
2023-10-06,27.31757354736328,27.67213329934992,27.268098996352848,27.63915026534297,23760400,27.597925186157227,26.46827888488769,28.26581382751465,27.85353585594919,26.79810294858287,28.562654859963416,27.25160959309308,26.303368425757803,28.06792190283909,27.5814336678746,26.740384209251523,28.422481675437847,-0.010158431726402628,-0.010210380706867113,0.004803441867138325,-0.009259358418196473,27.663888931274414,27.526599884033203,28.70382137298584,0.015567147488216334,0.013755287032289506,0.4040343029970721,-0.32157671797968845,28888520.0
2023-10-09,27.375293731689453,27.59792450485564,27.02073396095465,27.25985625199634,17468100,27.31757354736328,26.460037231445312,28.24108123779297,27.67213329934992,26.64968498532037,28.356518730823712,27.268098996352848,26.19617921340734,28.07616918541943,27.63915026534297,26.435301525202902,28.22458971801204,0.0021129323300290714,0.0021107032279224476,-0.010158431726402628,-0.000311378517591665,27.541854095458984,27.496091175079346,28.65649169921875,0.009216307453207175,0.013661995332597982,0.5771905439009899,0.11543747969311369,23458020.0
2023-10-10,27.35055351257324,27.540204385927023,27.218624521611,27.27634640400253,19212100,27.375293731689453,27.35055351257324,27.9854679107666,27.59792450485564,27.400028063722303,28.28230898137648,27.02073396095465,26.633189820805743,27.655646945427943,27.25985625199634,26.67441704071233,28.232837566565387,-0.0009037425993926318,-0.0009041512209466306,0.0021129323300290714,0.03365514089563071,27.421467971801757,27.45568790435791,28.60883213043213,0.009240851531770792,0.013556900259941813,0.32157986431602126,0.07420710857070745,21088460.0
2023-10-11,27.301084518432617,27.48248807656776,27.06196221824276,27.408277816006613,24221200,27.35055351257324,27.9854679107666,28.158618927001957,27.540204385927023,28.00195943084891,28.20809032710457,27.218624521611,27.012490243961263,27.82879491428828,27.27634640400253,27.169158112025272,28.01019843582429,-0.0018087017550807438,-0.001810339431109758,-0.0009037425993926318,0.023213950602553268,27.388486099243163,27.415696907043458,28.56760425567627,0.005650845205153046,0.013556369742197757,0.420525858325,-0.1071932975739962,21188240.0
2023-10-12,27.14441299438477,27.391782593091847,27.02073134046633,27.3010808262906,21809900,27.301084518432617,27.95248413085937,28.10090446472168,27.48248807656776,28.12564034950249,28.546162860448213,27.06196221824276,27.795816284570986,28.034938393985676,27.408277816006613,27.90300957748903,28.208094611514625,-0.005738655691207795,-0.005755185043621537,-0.0018087017550807438,-0.0011786038386922826,27.297783660888673,27.364986610412597,28.527530670166016,0.004750025826454971,0.013565190770068581,0.3710512526255165,-0.1566678319058319,21294340.0
2023-10-13,26.476524353027344,27.202135354826325,26.402314101190683,27.16090499068972,32388100,27.14441299438477,27.465993881225582,28.158618927001957,27.391782593091847,28.10090312738478,28.3482666334101,27.02073134046633,27.21862427317339,28.018442620696423,27.3010808262906,27.98546250909065,28.232829172590783,-0.0246050132487885,-0.024912775404433547,-0.005738655691207795,-0.017404186595949334,27.129573822021484,27.284179878234863,28.479871215820314,0.01066999756597591,0.014498077449843336,0.7998212536356419,-0.6843806376623753,23019880.0
2023-10-16,27.43301773071289,27.96897800995622,26.84758288835829,27.07021370420497,63317400,26.476524353027344,27.597925186157227,28.09265899658203,27.202135354826325,27.85353585594919,28.381252711606383,26.402314101190683,27.25160959309308,27.87827554334045,27.16090499068972,27.5814336678746,28.084414809910875,0.03612609287125634,0.03548884769676761,-0.0246050132487885,0.004803441867138325,27.141118621826173,27.268925666809082,28.451011848449706,0.022054685613619215,0.01670075293344044,1.1213951215979314,0.36280402650792,32189740.0
2023-10-17,27.00424575805664,27.36704975954845,26.550739969832925,27.210385038652493,40015800,27.43301773071289,27.31757354736328,27.73810195922852,27.96897800995622,27.67213329934992,28.13388901287012,26.84758288835829,27.268098996352848,27.573189900518877,27.07021370420497,27.63915026534297,28.13388901287012,-0.015629777841619452,-0.01575321066029363,0.03612609287125634,-0.010158431726402628,27.071857070922853,27.21780309677124,28.402692832946776,0.023258450415601428,0.01682667324736209,0.8163097897155254,-0.20613928059585263,36350480.0
2023-10-18,25.899337768554688,26.94652563807486,25.88284624949504,26.831088150092985,30307600,27.00424575805664,27.375293731689453,28.02669715881348,27.36704975954845,27.59792450485564,28.043185532798176,26.550739969832925,27.02073396095465,27.639154316023205,27.210385038652493,27.25985625199634,27.66389002243596,-0.04091608406327385,-0.04177670434325804,-0.015629777841619452,0.0021129323300290714,26.791507720947266,27.12668972015381,28.33293525695801,0.028924315012324005,0.018899526560740263,1.0636793885798213,-0.931750381538297,37567760.0
2023-10-19,25.71793365478516,25.973545888245027,25.48705712515572,25.87459835477021,26880300,25.899337768554688,27.35055351257324,27.72160530090332,26.94652563807486,27.540204385927023,28.109148095228576,25.88284624949504,27.218624521611,27.66388656286789,26.831088150092985,27.27634640400253,28.100903909267224,-0.00700419892549442,-0.007028843471075312,-0.04091608406327385,-0.0009037425993926318,26.506211853027345,27.058251476287843,28.256251411437987,0.028881538130127518,0.018354775158724364,0.48648876308930866,-0.1566646999850505,38581840.0
2023-10-20,25.27267265319824,25.65196970478507,25.13249789519929,25.610740909657306,39407900,25.71793365478516,27.301084518432617,27.08669853210449,25.973545888245027,27.48248807656776,27.69687214881477,25.48705712515572,27.06196221824276,27.070210158663,25.87459835477021,27.408277816006613,27.597926180987773,-0.01731324948433699,-0.01746487644031275,-0.00700419892549442,-0.0018087017550807438,26.265441513061525,26.97414665222168,28.17264129638672,0.028160407321147975,0.01865035717596107,0.5194718095857809,-0.33806825645906713,39985800.0
2023-10-23,25.429338455200195,25.8828441841274,25.173726221044006,25.371619715815022,29412100,25.27267265319824,27.14441299438477,26.954769134521484,25.65196970478507,27.391782593091847,27.284593216395656,25.13249789519929,27.02073134046633,26.79810442562081,25.610740909657306,27.3010808262906,27.276349029794805,0.006199019951383278,0.006179885064850534,-0.01731324948433699,-0.005738655691207795,25.864705657958986,26.88591890335083,28.08688724517822,0.017253259822504773,0.01856984085730088,0.7091179630833935,0.057718739385173023,33204740.0
2023-10-24,25.091270446777344,25.586004974830104,25.000568671030987,25.46232016327863,26923800,25.429338455200195,26.476524353027344,27.193893432617188,25.8828441841274,27.202135354826325,27.193893432617188,25.173726221044006,26.402314101190683,26.723896125982204,25.371619715815022,27.16090499068972,26.95477111297881,-0.013294408307885752,-0.01338357007100749,0.006199019951383278,-0.0246050132487885,25.482110595703126,26.804699993133546,27.99387710571289,0.017261285643796732,0.018418841081241057,0.585436303799117,-0.37104971650128604,30586340.0
2023-10-25,25.33864021301269,25.56127101543817,24.91811588822611,25.116009410587225,28857900,25.091270446777344,27.43301773071289,26.715648651123047,25.586004974830104,27.96897800995622,27.17739856829289,25.000568671030987,26.84758288835829,26.68266561548652,25.46232016327863,27.07021370420497,26.9795066453445,0.009858797973584466,0.009810517093129795,-0.013294408307885752,0.03612609287125634,25.369971084594727,26.748218059539795,27.91702838897705,0.011919072224142445,0.018570769823874664,0.6431551272120579,0.22263080242546707,30296400.0
2023-10-26,25.69319725036621,25.86635504664537,25.148989729576403,25.23969150728062,27162700,25.33864021301269,27.00424575805664,26.46827888488769,25.56127101543817,27.36704975954845,26.79810294858287,24.91811588822611,26.550739969832925,26.303368425757803,25.116009410587225,27.210385038652493,26.740384209251523,0.013992741298384015,0.01389574666051336,0.009858797973584466,-0.015629777841619452,25.365023803710937,26.70987606048584,27.845786628723143,0.01421133687488339,0.01891213366755045,0.7173653170689676,0.45350574308558933,30352880.0
2023-10-27,24.82741355895996,25.66846056418612,24.75320329780504,25.61074182166957,33877100,25.69319725036621,25.899337768554688,26.460037231445312,25.86635504664537,26.94652563807486,26.64968498532037,25.148989729576403,25.88284624949504,26.19617921340734,25.23969150728062,26.831088150092985,26.435301525202902,-0.033697000920892006,-0.03427783030880641,0.013992741298384015,-0.04091608406327385,25.275971984863283,26.583719062805176,27.7402433013916,0.019913884844645475,0.018348444672663344,0.9152572663810794,-0.7833282627096096,29246720.0
2023-10-30,25.19021797180176,25.297411272101986,24.827413991739885,24.9346057193223,33063500,24.82741355895996,25.71793365478516,27.35055351257324,25.66846056418612,25.973545888245027,27.400028063722303,24.75320329780504,25.48705712515572,26.633189820805743,25.61074182166957,25.87459835477021,26.67441704071233,0.014613057134615026,0.014507315311302182,-0.033697000920892006,-0.00700419892549442,25.228147888183592,26.443956565856933,27.639482345581055,0.021238067245428663,0.017751668678829647,0.46999728036210087,0.2556122524794624,29977000.0
2023-10-31,25.198463439941406,25.412848465345505,24.489345434223925,24.9758342278875,42648200,25.19021797180176,25.27267265319824,27.9854679107666,25.297411272101986,25.65196970478507,28.00195943084891,24.827413991739885,25.13249789519929,27.012490243961263,24.9346057193223,25.610740909657306,27.169158112025272,0.00032732817750424914,0.0003272746173238737,0.014613057134615026,-0.01731324948433699,25.249586486816405,26.306255531311034,27.533114509582518,0.020229542201435222,0.01777234707746038,0.9235030311215802,0.2226292120539064,33121880.0
2023-11-01,25.15723419189453,25.62723142901113,25.12425115707767,25.19846141269794,23568300,25.198463439941406,25.429338455200195,27.95248413085937,25.412848465345505,25.8828441841274,28.12564034950249,24.489345434223925,25.173726221044006,27.795816284570986,24.9758342278875,25.371619715815022,27.90300957748903,-0.0016361810371946506,-0.0016375210432490216,0.00032732817750424914,0.006199019951383278,25.213305282592774,26.19081754684448,27.428725509643556,0.019617710170643315,0.017542405583931865,0.5029802719334597,-0.04122722080341035,32063960.0
2023-11-02,25.14899063110352,25.27267387704079,24.90986832593602,25.15723639052837,29640900,25.15723419189453,25.091270446777344,27.465993881225582,25.62723142901113,25.586004974830104,28.10090312738478,25.12425115707767,25.000568671030987,27.21862427317339,25.19846141269794,25.46232016327863,27.98546250909065,-0.00032768152206763546,-0.0003277352213887583,-0.0016361810371946506,-0.013294408307885752,25.104463958740233,26.068370819091797,27.327140007019043,0.01779082118735582,0.01744050867557536,0.36280555110477053,-0.008245759424852395,32559600.0
2023-11-03,25.775650024414062,25.882841734166245,25.429336048165982,25.47880902399641,28071000,25.14899063110352,25.33864021301269,27.597925186157227,25.27267387704079,25.56127101543817,27.85353585594919,24.90986832593602,24.91811588822611,27.25160959309308,25.15723639052837,25.116009410587225,27.5814336678746,0.024917874538292972,0.024612486978735023,-0.00032768152206763546,0.009858797973584466,25.294111251831055,25.991274642944337,27.246333389282228,0.011727493854356596,0.0185677156049005,0.45350568600026264,0.29684100041765404,31398380.0
2023-11-06,25.709686279296875,25.899334002754284,25.528282741452752,25.825123750493976,27381200,25.775650024414062,25.69319725036621,27.31757354736328,25.882841734166245,25.86635504664537,27.67213329934992,25.429336048165982,25.148989729576403,27.268098996352848,25.47880902399641,25.23969150728062,27.63915026534297,-0.0025591496258953184,-0.00256242984687851,0.024917874538292972,0.013992741298384015,25.398004913330077,25.907994270324707,27.160579414367675,0.011666827862987875,0.01853285234647394,0.3710512613015311,-0.1154374711971009,30261920.0
2023-11-07,25.767412185668945,25.882849688990973,25.47057109402027,25.627237400470182,18086400,25.709686279296875,24.82741355895996,27.375293731689453,25.899334002754284,25.66846056418612,27.59792450485564,25.528282741452752,24.75320329780504,27.02073396095465,25.825123750493976,25.61074182166957,27.25985625199634,0.002245297968437532,0.0022427810537322297,-0.0025591496258953184,-0.033697000920892006,25.511794662475587,25.828837203979493,27.078783416748045,0.011540799072962448,0.018564679906065806,0.4122785949707044,0.14017478519876292,25349560.0
2023-11-08,25.41284942626953,25.808636454573055,25.190218633079603,25.49530545034556,29398300,25.767412185668945,25.19021797180176,27.35055351257324,25.882849688990973,25.297411272101986,27.540204385927023,25.47057109402027,24.827413991739885,27.218624521611,25.627237400470182,24.9346057193223,27.27634640400253,-0.013760122935302377,-0.013855670940941745,0.002245297968437532,0.014613057134615026,25.562917709350586,25.734425449371336,26.990885620117187,0.014140555767626515,0.018722348877534434,0.6184178214934519,-0.08245602407602703,26515560.0
2023-11-09,24.80280494689941,25.496414313541933,24.761020289919934,25.47970045075014,28737700,25.41284942626953,25.198463439941406,27.301084518432617,25.808636454573055,25.412848465345505,27.48248807656776,25.190218633079603,24.489345434223925,27.06196221824276,25.49530545034556,24.9758342278875,27.408277816006613,-0.02400535528847514,-0.02429817955999473,-0.013760122935302377,0.00032732817750424914,25.493680572509767,25.61734504699707,26.89490966796875,0.01846242376864825,0.019279196053740493,0.7353940236219998,-0.67689550385073,26334920.0
2023-11-10,24.635671615600582,24.919800931695345,24.25961923412587,24.86130400083851,33844100,24.80280494689941,25.15723419189453,27.14441299438477,25.496414313541933,25.62723142901113,27.391782593091847,24.761020289919934,25.12425115707767,27.02073134046633,25.47970045075014,25.19846141269794,27.3010808262906,-0.006738485088950474,-0.006761291189716259,-0.02400535528847514,-0.0016361810371946506,25.26568489074707,25.525302410125732,26.80416648864746,0.010257540507463064,0.01869504408212937,0.6601816975694739,-0.22563238523792606,27489540.0
2023-11-13,24.21783447265625,24.53539151587272,24.176051406195995,24.51867765171989,35519900,24.635671615600582,25.14899063110352,26.476524353027344,24.919800931695345,25.27267387704079,27.202135354826325,24.25961923412587,24.90986832593602,26.402314101190683,24.86130400083851,25.15723639052837,27.16090499068972,-0.016960655648605716,-0.01710613486341309,-0.006738485088950474,-0.00032768152206763546,24.967314529418946,25.3645432472229,26.698470039367677,0.010029018574121178,0.01641255123531072,0.3593401096767259,-0.3008431790636408,29117280.0
2023-11-14,24.451824188232425,24.82787657427962,24.226191800251,24.309759528457658,40084300,24.21783447265625,25.775650024414062,27.43301773071289,24.53539151587272,25.882841734166245,27.96897800995622,24.176051406195995,25.429336048165982,26.84758288835829,24.51867765171989,25.47880902399641,27.07021370420497,0.009661876078985054,0.009615498643699058,-0.016960655648605716,0.024917874538292972,24.70419692993164,25.236922168731688,26.604049911499022,0.01279957130516345,0.01661152595771121,0.6016847740286195,0.14206465977476768,33516860.0
2023-11-15,25.2289981842041,25.362705894983343,24.41003646327917,24.41003646327917,43614600,24.451824188232425,25.709686279296875,27.00424575805664,24.82787657427962,25.899334002754284,27.36704975954845,24.226191800251,25.528282741452752,26.550739969832925,24.309759528457658,25.825123750493976,27.210385038652493,0.03178388614235561,0.031289232476723584,0.009661876078985054,-0.0025591496258953184,24.667426681518556,25.20340518951416,26.54182933807373,0.022388953871043154,0.016247333620080927,0.9526694317041731,0.818961720924932,36360120.0
2023-11-16,24.87801742553711,25.446276047687107,24.62731424839469,25.29585446018601,32407200,25.2289981842041,25.767412185668945,25.899337768554688,25.362705894983343,25.882849688990973,26.94652563807486,24.41003646327917,25.47057109402027,25.88284624949504,24.41003646327917,25.627237400470182,26.831088150092985,-0.013911799275753256,-0.014009475313001302,0.03178388614235561,0.002245297968437532,24.682469177246094,25.161409378051758,26.47407341003418,0.02016950219896288,0.016449709778322805,0.818961799292417,-0.4178370346489011,37094020.0
2023-11-17,25.00336456298828,25.078575345747023,24.852942997470805,25.00336456298828,27009200,24.87801742553711,25.41284942626953,25.71793365478516,25.446276047687107,25.808636454573055,25.973545888245027,24.62731424839469,25.190218633079603,25.48705712515572,25.29585446018601,25.49530545034556,25.87459835477021,0.005038469718350758,0.005025819105159792,-0.013911799275753256,-0.013760122935302377,24.756007766723634,25.14794397354126,26.409319076538086,0.019757339949894273,0.01607601900905013,0.2256323482762177,0.0,35727040.0
2023-11-20,25.05350875854492,25.187216485019626,24.869661033122657,24.98665489530757,26335700,25.00336456298828,24.80280494689941,25.27267265319824,25.078575345747023,25.496414313541933,25.65196970478507,24.852942997470805,24.761020289919934,25.13249789519929,25.00336456298828,25.47970045075014,25.610740909657306,0.0020054979173027565,0.002003489591035762,0.005038469718350758,-0.02400535528847514,24.923142623901366,25.129152488708495,26.350679893493652,0.016487775540590267,0.016012468083616522,0.3175554518969683,0.06685386323734832,33890200.0
2023-11-21,25.320920944213867,25.37106253061324,24.86965782407085,25.086933250036605,25988700,25.05350875854492,24.635671615600582,25.429338455200195,25.187216485019626,24.919800931695345,25.8828441841274,24.869661033122657,24.25961923412587,25.173726221044006,24.98665489530757,24.86130400083851,25.371619715815022,0.010673642093255387,0.01061708089550891,0.0020054979173027565,-0.006738485088950474,25.096961975097656,25.140635013580322,26.29392593383789,0.016536044805068338,0.01591073154178592,0.5014047065423917,0.23398769417726228,31071080.0
2023-11-22,25.3376407623291,25.55491623936863,25.187219155615427,25.39613769962397,19226800,25.320920944213867,24.21783447265625,25.091270446777344,25.37106253061324,24.53539151587272,25.586004974830104,24.86965782407085,24.176051406195995,25.000568671030987,25.086933250036605,24.51867765171989,25.46232016327863,0.000660316350739043,0.000660098437819882,0.010673642093255387,-0.016960655648605716,25.118690490722656,25.140585041046144,26.23866065979004,0.009128523341430347,0.01576051733704374,0.3676970837532032,-0.058496937294869156,26193520.0
2023-11-24,25.48805809020996,25.65519353492757,25.38777650459505,25.38777650459505,11129700,25.3376407623291,24.451824188232425,25.33864021301269,25.55491623936863,24.82787657427962,25.56127101543817,25.187219155615427,24.226191800251,24.91811588822611,25.39613769962397,24.309759528457658,25.116009410587225,0.005936516714077467,0.00591896502839008,0.000660316350739043,0.009661876078985054,25.240698623657227,25.13032808303833,26.1852494430542,0.003897905118125982,0.015487781977003616,0.2674170303325205,0.10028158561491196,21938020.0
2023-11-27,25.18721580505371,25.6969774946779,25.09529274178509,25.6969774946779,26066700,25.48805809020996,25.2289981842041,25.69319725036621,25.65519353492757,25.362705894983343,25.86635504664537,25.38777650459505,24.41003646327917,25.148989729576403,25.38777650459505,24.41003646327917,25.23969150728062,-0.011803264261697644,-0.011873475815871925,0.005936516714077467,0.03178388614235561,25.277468872070312,25.148318195343016,26.12714057922363,0.00839308759693729,0.013668961700009221,0.6016847528928082,-0.5097616896241881,21749520.0
2023-11-28,24.8111629486084,25.162146112768447,24.769378289826395,25.162146112768447,29497700,25.18721580505371,24.87801742553711,24.82741355895996,25.6969774946779,25.446276047687107,25.66846056418612,25.09529274178509,24.62731424839469,24.75320329780504,25.6969774946779,25.29585446018601,25.61074182166957,-0.014930306682402694,-0.015042885675884821,-0.011803264261697644,-0.013911799275753256,25.22899971008301,25.12936544418335,26.06860179901123,0.011112222464536907,0.01369488398195036,0.3927678229420515,-0.3509831641600485,22381920.0
2023-11-29,25.137073516845703,25.25406736521113,24.84458730201048,24.878015026641545,26185200,24.8111629486084,25.00336456298828,25.19021797180176,25.162146112768447,25.078575345747023,25.297411272101986,24.769378289826395,24.852942997470805,24.827413991739885,25.162146112768447,25.00336456298828,24.9346057193223,0.013135642569933825,0.013050118148430998,-0.014930306682402694,0.005038469718350758,25.192230224609375,25.126295948028563,26.010809326171874,0.011839039148729179,0.014039086189021348,0.40948006320065033,0.2590584902041577,22421220.0
2023-11-30,25.462987899780277,25.49641562708601,25.0367939401627,25.32928017840085,45356600,25.137073516845703,25.05350875854492,25.198463439941406,25.25406736521113,25.187216485019626,25.412848465345505,24.84458730201048,24.869661033122657,24.489345434223925,24.878015026641545,24.98665489530757,24.9758342278875,0.012965486325055453,0.012882153930997084,0.013135642569933825,0.0020054979173027565,25.21729965209961,25.14158363342285,25.965636978149416,0.013532328285614119,0.014327792830659894,0.4596216869233096,0.13370772137942666,27647180.0
2023-12-01,24.15933609008789,24.56881617369189,23.649574421515577,24.20947608561119,103624000,25.462987899780277,25.320920944213867,25.15723419189453,25.49641562708601,25.37106253061324,25.62723142901113,25.0367939401627,24.86965782407085,25.12425115707767,25.32928017840085,25.086933250036605,25.19846141269794,-0.05119791184064604,-0.05255504989860848,0.012965486325055453,0.010673642093255387,24.951555252075195,25.09210090637207,25.90708972930908,0.02639521313707936,0.018444106529570483,0.9192417521763119,-0.050139995523299064,46146040.0
2023-12-04,24.46853828430176,24.76937987720321,24.25126282647624,24.25126282647624,47410400,24.15933609008789,25.3376407623291,25.14899063110352,24.56881617369189,25.55491623936863,25.27267387704079,23.649574421515577,25.187219155615427,24.90986832593602,24.20947608561119,25.39613769962397,25.15723639052837,0.012798455763059158,0.012717247686094092,-0.05119791184064604,0.000660316350739043,24.807819747924803,25.026745319366455,25.857365112304688,0.028285640992080873,0.017702841295026712,0.5181170507269712,0.21727545782552227,50414780.0
2023-12-05,24.30975914001465,24.73595311252884,24.293045275856016,24.4100391371228,39853000,24.46853828430176,25.48805809020996,25.775650024414062,24.76937987720321,25.65519353492757,25.882841734166245,24.25126282647624,25.38777650459505,25.429336048165982,24.25126282647624,25.38777650459505,25.47880902399641,-0.006489114406518559,-0.006510260237526538,0.012798455763059158,0.005936516714077467,24.707538986206053,24.956748962402344,25.799682426452637,0.027826204383726995,0.017725934697669806,0.4429078366728234,-0.10027999710815294,52485840.0
2023-12-06,24.059057235717773,24.56881733445212,24.000558711934808,24.30975881910045,33410500,24.30975914001465,25.18721580505371,25.709686279296875,24.73595311252884,25.6969774946779,25.899334002754284,24.293045275856016,25.09529274178509,25.528282741452752,24.4100391371228,25.6969774946779,25.825123750493976,-0.010312809059642714,-0.010366354529257406,-0.006489114406518559,-0.011803264261697644,24.49193572998047,24.871331214904785,25.74655059814453,0.02619551003364942,0.017765981053888477,0.5682586225173125,-0.2507015833826749,53930900.0
2023-12-07,23.92534637451172,24.15097874135177,23.816709453767448,24.08412488383491,35782900,24.059057235717773,24.8111629486084,25.767412185668945,24.56881733445212,25.162146112768447,25.882849688990973,24.000558711934808,24.769378289826395,25.47057109402027,24.30975881910045,25.162146112768447,25.627237400470182,-0.005557610171339156,-0.005573111145673822,-0.010312809059642714,-0.014930306682402694,24.184407424926757,24.796956062316895,25.69569194793701,0.023590492511921128,0.01760508155524876,0.3342692875843234,-0.15877850932319149,52016160.0
2023-12-08,24.050701141357425,24.20947807253264,23.89192261626036,23.94206261589875,31890700,23.92534637451172,25.137073516845703,25.41284942626953,24.15097874135177,25.25406736521113,25.808636454573055,23.816709453767448,24.84458730201048,25.190218633079603,24.08412488383491,24.878015026641545,25.49530545034556,0.005239412833715651,0.005225734865839645,-0.005557610171339156,0.013135642569933825,24.162680435180665,24.759350872039796,25.647505226135255,0.009576876138834862,0.01695922296314138,0.3175554562722809,0.10863852545867658,37669500.0
2023-12-11,23.933704376220703,24.07576902903717,23.76657052191541,24.050699827548343,37833900,24.050701141357425,25.462987899780277,24.80280494689941,24.20947807253264,25.49641562708601,25.496414313541933,23.89192261626036,25.0367939401627,24.761020289919934,23.94206261589875,25.32928017840085,25.47970045075014,-0.00486458853939753,-0.004876459163006066,0.005239412833715651,0.012965486325055453,24.055713653564453,24.7242525100708,25.579168243408205,0.005783594185646986,0.016933334485414304,0.30919850712176,-0.11699545132763944,35754200.0
2023-12-12,23.88356590270996,24.117555226368253,23.691361240734505,23.91699363205623,48587500,23.933704376220703,24.15933609008789,24.635671615600582,24.07576902903717,24.56881617369189,24.919800931695345,23.76657052191541,23.649574421515577,24.25961923412587,24.050699827548343,24.20947608561119,24.86130400083851,-0.0020948898140714656,-0.002097087165079846,-0.00486458853939753,-0.05119791184064604,23.970475006103516,24.707539081573486,25.49713020324707,0.005719708528344866,0.016531526882462358,0.42619398563374844,-0.033427729346268364,37501100.0
2023-12-14,21.836164474487305,22.83061714272258,21.735884470753785,22.362640072815008,101889800,22.27906990051269,24.30975914001465,24.451824188232425,22.337566828604565,24.73595311252884,24.82787657427962,21.52696357919113,24.293045275856016,24.226191800251,21.961514464904656,24.4100391371228,24.309759528457658,-0.019879888523317346,-0.02008015209640853,-0.06717991813840551,-0.006489114406518559,23.196641159057616,24.42925968170166,25.271065330505373,0.029101041474934253,0.020554035691602687,1.0947326719687958,-0.5264755983277034,75660520.0
2023-12-15,22.253999710083008,22.554842884355292,21.79437961065305,21.83616267644785,138388400,21.836164474487305,24.059057235717773,25.2289981842041,22.83061714272258,24.56881733445212,25.362705894983343,21.735884470753785,24.000558711934808,24.41003646327917,22.362640072815008,24.30975881910045,24.41003646327917,0.019135010458630974,0.018954238554075974,-0.019879888523317346,-0.010312809059642714,22.837300872802736,24.298058795928956,25.164186820983886,0.03233041085360871,0.021283544419775164,0.7604632737022428,0.4178370336351591,96960060.0
2023-12-18,22.613340377807617,22.81390196768206,22.329211060338366,22.496346515527986,63329400,22.253999710083008,23.92534637451172,24.87801742553711,22.554842884355292,24.15097874135177,25.446276047687107,21.79437961065305,23.816709453767448,24.62731424839469,21.83616267644785,24.08412488383491,25.29585446018601,0.016147239705489813,0.016018259626231105,0.019135010458630974,-0.005557610171339156,22.573228073120116,24.17855758666992,25.070102157592775,0.03521070083494902,0.021709236188617174,0.484690907343694,0.1169938622796316,102059160.0
2023-12-19,23.532583236694336,23.599437102949416,22.788833775366346,22.79719070788847,70094700,22.613340377807617,24.050701141357425,25.00336456298828,22.81390196768206,24.20947807253264,25.078575345747023,22.329211060338366,23.89192261626036,24.852942997470805,22.496346515527986,23.94206261589875,25.00336456298828,0.040650467535032986,0.03984596719414371,0.016147239705489813,0.005239412833715651,22.503031539916993,24.10251131057739,24.993247947692872,0.042317051625796874,0.023949278691420942,0.8106033275830704,0.7353925288058676,106360600.0
2023-12-20,23.089675903320312,23.616151506771715,23.07296363181669,23.55765457170421,56184300,23.532583236694336,23.933704376220703,25.05350875854492,23.599437102949416,24.07576902903717,25.187216485019626,22.788833775366346,23.76657052191541,24.869661033122657,22.79719070788847,24.050699827548343,24.98665489530757,-0.018821024828391875,-0.0190003944959394,0.040650467535032986,-0.00486458853939753,22.665152740478515,23.990949058532713,24.90803039550781,0.02622757126800161,0.023980883913290733,0.5431878749550236,-0.46797866838389623,85977320.0
2023-12-21,23.65793228149414,23.699716941004738,23.215026048134284,23.28187990942946,51056600,23.089675903320312,23.88356590270996,25.320920944213867,23.616151506771715,24.117555226368253,25.37106253061324,23.07296363181669,23.691361240734505,24.86965782407085,23.55765457170421,23.91699363205623,25.086933250036605,0.02461084254942314,0.024312874693621103,-0.018821024828391875,-0.0020948898140714656,23.029506301879884,23.906963634490968,24.835167350769044,0.021814860036555268,0.02482595431253744,0.48469089287045364,0.3760523720646809,75810680.0
2023-12-22,23.733142852783203,24.05905681823139,23.549295134420923,23.76657058007913,35162300,23.65793228149414,22.27906990051269,25.3376407623291,23.699716941004738,22.337566828604565,25.55491623936863,23.215026048134284,21.52696357919113,25.187219155615427,23.28187990942946,21.961514464904656,25.39613769962397,0.0031790847312507253,0.0031740421258066235,0.02461084254942314,-0.06717991813840551,23.32533493041992,23.819217872619628,24.766941947937013,0.022462054654116537,0.02478059405458481,0.509761683810467,-0.033427727295926246,55165460.0
2023-12-26,23.741500854492188,23.84178244697727,23.607793127126637,23.758214718893345,30119100,23.733142852783203,21.836164474487305,25.48805809020996,24.05905681823139,22.83061714272258,25.65519353492757,23.549295134420923,21.735884470753785,25.38777650459505,23.76657058007913,22.362640072815008,25.38777650459505,0.0003521658197918054,0.0003521038239642711,0.0031790847312507253,-0.019879888523317346,23.550967025756837,23.746932125091554,24.71224147796631,0.023039014625788095,0.02470908244430993,0.23398931985063243,-0.016713864401157963,48523400.0
2023-12-27,23.90863609313965,24.00891609079055,23.65793291116875,23.791640637317837,35000700,23.741500854492188,22.253999710083008,25.18721580505371,23.84178244697727,22.554842884355292,25.6969774946779,23.607793127126637,21.79437961065305,25.09529274178509,23.758214718893345,21.83616267644785,25.6969774946779,0.007039792457596006,0.007015128802364061,0.0003521658197918054,0.019135010458630974,23.6261775970459,23.701805782318115,24.641753845214843,0.01554170415494571,0.024622881152700622,0.3509831796217995,0.11699545582181159,41504600.0
2023-12-28,24.059057235717773,24.259618821208274,23.883564852212466,23.90863564811945,30472900,23.90863609313965,22.613340377807617,24.8111629486084,24.00891609079055,22.81390196768206,25.162146112768447,23.65793291116875,22.329211060338366,24.769378289826395,23.791640637317837,22.496346515527986,25.162146112768447,0.006291498268330198,0.006271789415380166,0.007039792457596006,0.016147239705489813,23.82005386352539,23.64790496826172,24.582850074768068,0.009500756372386503,0.0244549203630615,0.3760539689958087,0.15042158759832347,36362320.0
2023-12-29,24.059057235717773,24.12591109754794,23.85013871825828,24.05070030374878,30363100,24.059057235717773,23.532583236694336,25.137073516845703,24.259618821208274,23.599437102949416,25.25406736521113,23.883564852212466,22.788833775366346,24.84458730201048,23.90863564811945,22.79719070788847,24.878015026641545,0.0,0.0,0.006291498268330198,0.040650467535032986,23.900278854370118,23.577708435058593,24.54604446411133,0.003259722731154615,0.024210759640385323,0.2757723792896627,0.008356931968993564,32223620.0
2024-01-02,24.84458923339844,25.304210919276112,24.092482903869783,24.134265968985137,57948700,24.059057235717773,23.089675903320312,25.462987899780277,24.12591109754794,23.616151506771715,25.49641562708601,23.85013871825828,23.07296363181669,25.0367939401627,24.05070030374878,23.55765457170421,25.32928017840085,0.03265015706910068,0.03212846585444999,0.0,-0.018821024828391875,24.122568130493164,23.61197109222412,24.528577575683595,0.013471615118337986,0.022545364864956938,1.2117280154063295,0.7103232644133044,36780900.0
2024-01-03,24.84458923339844,25.103649337663256,24.57717379124796,25.070221610433563,43426500,24.84458923339844,23.65793228149414,24.15933609008789,25.304210919276112,23.699716941004738,24.56881617369189,24.092482903869783,23.215026048134284,23.649574421515577,24.134265968985137,23.28187990942946,24.20947608561119,0.0,0.0,0.03265015706910068,0.02461084254942314,24.343185806274416,23.630773639678956,24.520015907287597,0.013530665880491677,0.022393238137137166,0.5264755464152948,-0.2256323770351223,39442380.0
2024-01-04,24.30975914001465,25.02843935961761,24.25961914146057,24.8947316341922,45558200,24.84458923339844,23.733142852783203,24.46853828430176,25.103649337663256,24.05905681823139,24.76937987720321,24.57717379124796,23.549295134420923,24.25126282647624,25.070221610433563,23.76657058007913,24.25126282647624,-0.02152702499362813,-0.021762111325192558,0.0,0.0031790847312507253,24.423410415649418,23.630773639678956,24.49762432098389,0.01941889957085216,0.022904725275530252,0.7688202181570425,-0.5849724941775527,41553880.0
2024-01-05,24.62731170654297,24.64402556874507,24.025627012561905,24.25125937052541,33612800,24.30975914001465,23.741500854492188,24.30975914001465,25.02843935961761,23.84178244697727,24.73595311252884,24.25961914146057,23.607793127126637,24.293045275856016,24.8947316341922,23.758214718893345,24.4100391371228,0.013062760708542731,0.012978178637172278,-0.02152702499362813,0.0003521658197918054,24.537061309814455,23.659186363220215,24.4883451461792,0.01989403049340365,0.022933588344239794,0.6183985561831662,0.3760523360175583,42181860.0
2024-01-08,24.71923828125,24.80280600485182,24.376612049012124,24.535390564463405,32972100,24.62731170654297,23.90863609313965,24.059057235717773,24.64402556874507,24.00891609079055,24.56881733445212,24.025627012561905,23.65793291116875,24.000558711934808,24.25125937052541,23.791640637317837,24.30975881910045,0.0037327084580900394,0.0037257591895672724,0.013062760708542731,0.007039792457596006,24.6690975189209,23.69888095855713,24.475957107543945,0.019736544355660603,0.022878805381039168,0.42619395583969677,0.18384771678659462,42703660.0
2024-01-09,24.568817138671875,24.95322803657344,24.501963277374443,24.735952588876344,39856900,24.71923828125,24.059057235717773,23.92534637451172,24.80280600485182,24.259618821208274,24.15097874135177,24.376612049012124,23.883564852212466,23.816709453767448,24.535390564463405,23.90863564811945,24.08412488383491,-0.0060851851851851935,-0.006103775379438863,0.0037327084580900394,0.006291498268330198,24.613943099975586,23.72478675842285,24.453469505310057,0.012860897483759692,0.02293152435666063,0.45126475919899534,-0.1671354502044693,39085300.0
2024-01-10,24.2261905670166,24.560459868905408,24.13426591127652,24.53539066746485,37413300,24.568817138671875,24.059057235717773,24.050701141357425,24.95322803657344,24.12591109754794,24.20947807253264,24.501963277374443,23.85013871825828,23.89192261626036,24.735952588876344,24.05070030374878,23.94206261589875,-0.013945586786755504,-0.014043740087533094,-0.0060851851851851935,0.0,24.490263366699217,23.739411067962646,24.44144504547119,0.013755507340685046,0.023149293993683675,0.42619395762888956,-0.30920010044824764,37882660.0
2024-01-11,23.733142852783203,24.16769374409961,23.624505926914985,24.092482951605547,46884700,24.2261905670166,24.84458923339844,23.933704376220703,24.560459868905408,25.304210919276112,24.07576902903717,24.13426591127652,24.092482903869783,23.76657052191541,24.53539066746485,24.134265968985137,24.050699827548343,-0.020351846604586332,-0.02056179893073327,-0.013945586786755504,0.03265015706910068,24.37494010925293,23.731889915466308,24.41230354309082,0.013407130901933679,0.02362722280188964,0.5431878171846236,-0.35934009882234363,38147960.0
2024-01-12,23.98384666442871,24.18440825177992,23.76657121298445,23.783283483155696,30373500,23.733142852783203,24.84458923339844,23.88356590270996,24.16769374409961,25.103649337663256,24.117555226368253,23.624505926914985,24.57717379124796,23.691361240734505,24.092482951605547,25.070221610433563,23.91699363205623,0.010563447631045886,0.010508044243768359,-0.020351846604586332,0.0,24.24624710083008,23.81712875366211,24.388011207580565,0.01260084682717062,0.017636996261519856,0.4178370387954722,0.2005631812730151,37500100.0
2024-01-16,23.66628646850586,24.000555736212124,23.58271875309889,23.90027575286104,38826000,23.98384666442871,24.30975914001465,22.27906990051269,24.18440825177992,25.02843935961761,22.337566828604565,23.76657121298445,24.25961914146057,21.52696357919113,23.783283483155696,24.8947316341922,21.961514464904656,-0.013240586481643724,-0.013329024562358217,0.010563447631045886,-0.02152702499362813,24.03565673828125,23.908634853363036,24.358192253112794,0.011850923424745209,0.01722469974610311,0.4178369831132329,-0.2339892843551823,38670880.0
2024-01-17,23.52422523498535,23.841782280705285,23.340377509620325,23.532582167127646,33312600,23.66628646850586,24.62731170654297,21.836164474487305,24.000555736212124,24.64402556874507,22.83061714272258,23.58271875309889,24.025627012561905,21.735884470753785,23.90027575286104,24.25125937052541,22.362640072815008,-0.00600268376323243,-0.006020772292218416,-0.013240586481643724,0.013062760708542731,23.826738357543945,23.972146129608156,24.32569694519043,0.011855377607754871,0.016990961257998476,0.5014047710849603,-0.008356932142294937,37362020.0
2024-01-18,23.47408676147461,23.507512898294102,23.064606623423742,23.43230369196976,50321100,23.52422523498535,24.71923828125,22.253999710083008,23.841782280705285,24.80280600485182,22.554842884355292,23.340377509620325,24.376612049012124,21.79437961065305,23.532582167127646,24.535390564463405,21.83616267644785,-0.002131354933474161,-0.0021336295029182758,-0.00600268376323243,0.0037327084580900394,23.676317596435545,24.015183448791504,24.27966567993164,0.011698774378154878,0.016731379414490627,0.44290627487036005,0.04178306950484867,39943580.0
2024-01-19,23.632862091064453,23.71642821874622,23.34037586241312,23.423943584016605,35549300,23.47408676147461,24.568817138671875,22.613340377807617,23.507512898294102,24.95322803657344,22.81390196768206,23.064606623423742,24.501963277374443,22.329211060338366,23.43230369196976,24.735952588876344,22.496346515527986,0.006763855446356493,0.006741083203873217,-0.002131354933474161,-0.0060851851851851935,23.656261444091797,24.02019739151001,24.23812919616699,0.009617016425417334,0.014124179107065442,0.3760523563331013,0.20891850704784787,37676500.0
2024-01-22,23.65793228149414,23.916992388694496,23.34037683882251,23.666289213396254,41663900,23.632862091064453,24.2261905670166,23.532583236694336,23.71642821874622,24.560459868905408,23.599437102949416,23.34037586241312,24.13426591127652,22.788833775366346,23.423943584016605,24.53539066746485,22.79719070788847,0.0010608190549703522,0.0010602567840466656,0.006763855446356493,-0.013945586786755504,23.591078567504884,24.0486102104187,24.195939598083495,0.007517360931343145,0.013387497643548373,0.5766155498719847,-0.008356931902113729,39934580.0
2024-01-23,23.758214950561523,23.942062679001413,23.524225628429235,23.76657188284359,33466700,23.65793228149414,23.733142852783203,23.089675903320312,23.916992388694496,24.16769374409961,23.616151506771715,23.34037683882251,23.624505926914985,23.07296363181669,23.666289213396254,24.092482951605547,23.55765457170421,0.004238860263617639,0.00422990160286857,0.0010608190549703522,-0.020351846604586332,23.609464263916017,24.05362434387207,24.162846908569335,0.0050579074785137524,0.012247049018369031,0.417837050572178,-0.008356932282065799,38862720.0
2024-01-24,23.674644470214844,24.050698409593863,23.674644470214844,23.850136839898944,42720700,23.758214950561523,23.98384666442871,23.65793228149414,23.942062679001413,24.18440825177992,23.699716941004738,23.524225628429235,23.76657121298445,23.215026048134284,23.76657188284359,23.783283483155696,23.28187990942946,-0.0035175403758481716,-0.003523741466992289,0.004238860263617639,0.010563447631045886,23.639548110961915,24.05069942474365,24.140283699035646,0.004287460150838247,0.012255229684870726,0.37605393937901965,-0.17549236968410042,40744340.0
2024-01-25,23.301416397094727,23.683129371916863,23.28445263436421,23.598304086633306,47605500,23.674644470214844,23.66628646850586,23.733142852783203,24.050698409593863,24.000555736212124,24.05905681823139,23.674644470214844,23.58271875309889,23.549295134420923,23.850136839898944,23.90027575286104,23.76657058007913,-0.015764886082647478,-0.0158904735628818,-0.0035175403758481716,-0.013240586481643724,23.605014038085937,24.02869520187378,24.11359859466553,0.008878700044755874,0.012747252854378631,0.39867673755265187,-0.296887689538579,40201220.0
2024-01-26,23.301416397094727,23.67464668159773,23.208110039399788,23.43713620638532,47073800,23.301416397094727,23.52422523498535,23.741500854492188,23.683129371916863,23.841782280705285,23.84178244697727,23.28445263436421,23.340377509620325,23.607793127126637,23.598304086633306,23.532582167127646,23.758214718893345,0.0,0.0,-0.015764886082647478,-0.00600268376323243,23.538724899291992,23.998334217071534,24.095270233154295,0.0077603890588795665,0.0126141895613846,0.46653664219794067,-0.1357198092905918,42506120.0
2024-01-29,23.30990028381348,23.437137409315486,23.165697776802443,23.34383104683152,67082700,23.301416397094727,23.47408676147461,23.90863609313965,23.67464668159773,23.507512898294102,24.00891609079055,23.208110039399788,23.064606623423742,23.65793291116875,23.43713620638532,23.43230369196976,23.791640637317837,0.00036409317674834796,0.00036402691091180864,0.0,-0.002131354933474161,23.469118499755858,23.960876369476317,24.072431755065917,0.00767964579346595,0.01249775735635735,0.2714396325130437,-0.03393076301804143,47589880.0
2024-01-30,22.91970443725586,24.064841713690598,22.860327224491662,23.657680678621823,86072400,23.30990028381348,23.632862091064453,24.059057235717773,23.437137409315486,23.71642821874622,24.259618821208274,23.165697776802443,23.34037586241312,23.883564852212466,23.34383104683152,23.423943584016605,23.90863564811945,-0.01673949016541154,-0.016881178854128927,0.00036409317674834796,0.006763855446356493,23.301416397094727,23.903908729553223,24.026245880126954,0.008469825023813648,0.012944108132272822,1.2045144891989352,-0.7379762413659634,58111020.0
2024-01-31,22.970600128173828,23.33534773131318,22.71612588398292,23.04694272501266,81192100,22.91970443725586,23.65793228149414,24.059057235717773,24.064841713690598,23.916992388694496,24.12591109754794,22.860327224491662,23.34037683882251,23.85013871825828,23.657680678621823,23.666289213396254,24.05070030374878,0.0022206085186351476,0.0022181466114863124,-0.01673949016541154,0.0010608190549703522,23.160607528686523,23.810209274291992,23.988097534179687,0.009417648925867042,0.010087583621780506,0.6192218473302624,-0.07634259683883116,65805300.0
2024-02-01,23.148731231689453,23.1826603727228,22.673710313961493,22.98756336253505,53883000,22.970600128173828,23.758214950561523,24.84458923339844,23.33534773131318,23.942062679001413,25.304210919276112,22.71612588398292,23.524225628429235,24.092482903869783,23.04694272501266,23.76657188284359,24.134265968985137,0.0077547431291158375,0.007724829656620368,0.0022206085186351476,0.004238860263617639,23.13007049560547,23.725416374206542,23.95100486755371,0.00918174985988119,0.010388506239737317,0.5089500587613074,0.1611678691544043,67060800.0
2024-02-02,22.84336280822754,23.07239059676038,22.639783091056497,23.055425215852512,51718500,23.148731231689453,23.674644470214844,24.84458923339844,23.1826603727228,24.050698409593863,25.103649337663256,22.673710313961493,23.674644470214844,24.57717379124796,22.98756336253505,23.850136839898944,25.070221610433563,-0.013191583607998325,-0.013279365388842307,0.0077547431291158375,-0.0035175403758481716,23.03845977783203,23.652096557617188,23.906801948547365,0.010519763913027134,0.00977537051196644,0.4326075057038814,-0.2120624076249733,67989740.0
2024-02-05,22.53799057006836,22.85184361942252,22.495578739194283,22.85184361942252,42633400,22.84336280822754,23.301416397094727,24.30975914001465,23.07239059676038,23.683129371916863,25.02843935961761,22.639783091056497,23.28445263436421,24.25961914146057,23.055425215852512,23.598304086633306,24.8947316341922,-0.013368094738187675,-0.013458252106340943,-0.013191583607998325,-0.015764886082647478,22.88407783508301,23.547630500793456,23.851143341064454,0.010907636718492684,0.009253619541050424,0.3562648802282382,-0.3138530493541616,63099880.0
2024-02-06,23.32686424255371,23.521961264284485,22.537991847485745,22.614334441712177,56958700,22.53799057006836,23.301416397094727,24.62731170654297,22.85184361942252,23.67464668159773,24.64402556874507,22.495578739194283,23.208110039399788,24.025627012561905,22.85184361942252,23.43713620638532,24.25125937052541,0.03500195237161097,0.03440331306493582,-0.013368094738187675,0.0,22.965509796142577,23.478011798858642,23.810927810668947,0.019843675698724788,0.012697529845462008,0.9839694167987396,0.7125298008415335,57277140.0
2024-02-07,23.377758026123047,23.454100617933104,23.15721294066151,23.36927533615441,36843000,23.32686424255371,23.30990028381348,24.71923828125,23.521961264284485,23.437137409315486,24.80280600485182,22.537991847485745,23.165697776802443,24.376612049012124,22.614334441712177,23.34383104683152,24.535390564463405,0.002181767040787763,0.002179390443238003,0.03500195237161097,0.00036409317674834796,23.046941375732423,23.4184588432312,23.768721809387205,0.01984439915668669,0.012720130569379668,0.29688767727159515,0.008482689968637658,48407320.0
2024-02-08,23.38624382019043,23.48803449541726,23.250523998493247,23.377761129095862,29048400,23.377758026123047,22.91970443725586,24.568817138671875,23.454100617933104,24.064841713690598,24.95322803657344,23.15721294066151,22.860327224491662,24.501963277374443,23.36927533615441,23.657680678621823,24.735952588876344,0.0003629857943563408,0.00036291993095072695,0.002181767040787763,-0.01673949016541154,23.09444389343262,23.376461505889893,23.732702369689942,0.019739613845644773,0.012436105266377746,0.23751049692401338,0.00848269109456723,43440400.0
2024-02-09,23.377758026123047,23.40320609602896,23.22507284250293,23.377758026123047,29062700,23.38624382019043,22.970600128173828,24.2261905670166,23.48803449541726,23.33534773131318,24.560459868905408,23.250523998493247,22.71612588398292,24.13426591127652,23.377761129095862,23.04694272501266,24.53539066746485,-0.00036285408347858095,-0.000362919930950694,0.0003629857943563408,0.0022206085186351476,23.201322937011717,23.358692264556886,23.704034271240236,0.017996028072243913,0.011634762455336213,0.17813325352603115,0.0,38909240.0
2024-02-12,23.46258544921875,23.767955844328664,23.34383101463504,23.360796396120666,30323700,23.377758026123047,23.148731231689453,23.733142852783203,23.40320609602896,23.1826603727228,24.16769374409961,23.22507284250293,22.673710313961493,23.624505926914985,23.377758026123047,22.98756336253505,24.092482951605547,0.0036285525327499624,0.003621985217778919,-0.00036285408347858095,0.0077547431291158375,23.386241912841797,23.332629203796387,23.670544509887694,0.015084728486651825,0.011382320787688154,0.42412482969362486,0.10178905309808428,36447300.0
2024-02-13,22.877290725708008,23.60678588656094,22.78398437153236,23.36079434821536,37927500,23.46258544921875,22.84336280822754,23.98384666442871,23.767955844328664,23.07239059676038,24.18440825177992,23.34383101463504,22.639783091056497,23.76657121298445,23.360796396120666,23.055425215852512,23.783283483155696,-0.02494587498796863,-0.02526229669221747,0.0036285525327499624,-0.013191583607998325,23.296327209472658,23.293179416656493,23.61883056640625,0.011908544343542209,0.012306272288998304,0.8228015150285799,-0.483503622507353,32641060.0
2024-02-14,22.996049880981445,23.04694440995893,22.82639929384594,22.91122458741369,25270200,22.877290725708008,22.53799057006836,23.66628646850586,23.60678588656094,22.85184361942252,24.000555736212124,22.78398437153236,22.495578739194283,23.58271875309889,23.36079434821536,22.85184361942252,23.90027575286104,0.005191137215386332,0.005177709711887007,-0.02494587498796863,-0.013368094738187675,23.219985580444337,23.2667706489563,23.59556484222412,0.012355813199424642,0.012351033707258888,0.22054511611298722,0.08482529356775359,30326500.0
2024-02-15,23.33534812927246,23.58982237780316,23.08935495350601,23.11480302552221,36111600,22.996049880981445,23.32686424255371,23.52422523498535,23.04694440995893,23.521961264284485,23.841782280705285,22.82639929384594,22.537991847485745,23.340377509620325,22.91122458741369,22.614334441712177,23.532582167127646,0.014754631775765414,0.014646841176579044,0.005191137215386332,0.03500195237161097,23.209806442260742,23.25983371734619,23.572901039123536,0.014829364163740904,0.012841542188422221,0.500467424297149,0.2205451037502506,31739140.0
2024-02-16,23.428653717041016,23.65767987017536,23.080869906621142,23.36927488839825,35935300,23.33534812927246,23.377758026123047,23.47408676147461,23.58982237780316,23.454100617933104,23.507512898294102,23.08935495350601,23.15721294066151,23.064606623423742,23.11480302552221,23.36927533615441,23.43230369196976,0.003998465643266336,0.0039904930246110575,0.014754631775765414,0.002181767040787763,23.219985580444337,23.24962329864502,23.555278930664063,0.014955916311000532,0.01277713226756911,0.5768099635542185,0.05937882864276389,33113660.0
2024-02-20,23.403207778930664,23.86974443540016,23.343830562788124,23.420173160087906,34232000,23.428653717041016,23.38624382019043,23.632862091064453,23.65767987017536,23.48803449541726,23.71642821874622,23.080869906621142,23.250523998493247,23.34037586241312,23.36927488839825,23.377761129095862,23.423943584016605,-0.0010861032997317999,-0.0010866935373320175,0.003998465643266336,0.0003629857943563408,23.208110046386718,23.236887073516847,23.54216194152832,0.014859671568615257,0.012773615421879424,0.5259138726120369,-0.016965381157241666,33895320.0
2024-02-21,23.471067428588867,23.47955011907458,23.20811049516284,23.411690213096644,27348300,23.403207778930664,23.377758026123047,23.65793228149414,23.86974443540016,23.40320609602896,23.916992388694496,23.343830562788124,23.22507284250293,23.34037683882251,23.420173160087906,23.377758026123047,23.666289213396254,0.0028995875394182136,0.002895391844036132,-0.0010861032997317999,-0.00036285408347858095,23.32686538696289,23.222529697418214,23.53307636260986,0.005863659349858352,0.012751154943307984,0.2714396239117427,0.059377215492222746,31779480.0
2024-02-22,23.36927795410156,23.496516699977388,23.063909170560024,23.40320871777721,31957500,23.471067428588867,23.46258544921875,23.758214950561523,23.47955011907458,23.767955844328664,23.942062679001413,23.20811049516284,23.34383101463504,23.524225628429235,23.411690213096644,23.360796396120666,23.76657188284359,-0.0043368063594467765,-0.004346237581613337,0.0028995875394182136,0.0036285525327499624,23.401511001586915,23.20726137161255,23.519447898864748,0.007235345236434921,0.01276256542021629,0.43260752941736413,-0.03393076367565229,33116940.0
2024-02-23,23.547409057617188,23.827331360514155,23.488031844564457,23.53892636747998,33182600,23.36927795410156,22.877290725708008,23.674644470214844,23.496516699977388,23.60678588656094,24.050698409593863,23.063909170560024,22.78398437153236,23.674644470214844,23.40320871777721,23.36079434821536,23.850136839898944,0.007622447893575801,0.007593543824549476,-0.0043368063594467765,-0.02494587498796863,23.44392318725586,23.21956100463867,23.511721992492674,0.004634957474130526,0.012362397662425851,0.33929951594969765,0.008482690137206816,32531140.0
2024-02-26,23.055423736572266,23.47106583469989,22.96211576547361,23.47106583469989,45685500,23.547409057617188,22.996049880981445,23.301416397094727,23.827331360514155,23.04694440995893,23.683129371916863,23.488031844564457,22.82639929384594,23.28445263436421,23.53892636747998,22.91122458741369,23.598304086633306,-0.020893395100968548,-0.021114750756772202,0.007622447893575801,0.005191137215386332,23.36927719116211,23.20726137161255,23.495159149169922,0.010875879271299072,0.013265356259063924,0.5089500692262803,-0.4156420981276234,34481180.0
2024-02-27,22.809431076049805,23.07238961521155,22.74157117321303,23.004529712374776,38598400,23.055423736572266,23.33534812927246,23.301416397094727,23.47106583469989,23.58982237780316,23.67464668159773,22.96211576547361,23.08935495350601,23.208110039399788,23.47106583469989,23.11480302552221,23.43713620638532,-0.010669622182317484,-0.010726950748486577,-0.020893395100968548,0.014754631775765414,23.250521850585937,23.182237911224366,23.505766372680664,0.011257059770020575,0.013457882217370251,0.3308184419985203,-0.19509863632497115,35354460.0
2024-02-28,22.936668395996094,23.10631733367905,22.75005246126496,22.868806879433787,31010200,22.809431076049805,23.428653717041016,23.30990028381348,23.07238961521155,23.65767987017536,23.437137409315486,22.74157117321303,23.080869906621142,23.165697776802443,23.004529712374776,23.36927488839825,23.34383104683152,0.0055782767891958684,0.0055627758222990846,-0.010669622182317484,0.003998465643266336,23.143642044067384,23.183086109161376,23.52777645111084,0.011782951146319885,0.01300154619764038,0.35626487241409066,0.06786151656230643,36086840.0
2024-02-29,22.529510498046875,23.06390868943552,22.52102780730492,22.962118018439835,54643200,22.936668395996094,23.403207778930664,22.91970443725586,23.10631733367905,23.86974443540016,24.064841713690598,22.75005246126496,23.343830562788124,22.860327224491662,22.868806879433787,23.420173160087906,23.657680678621823,-0.017751396624816396,-0.017910842407461314,0.0055782767891958684,-0.0010861032997317999,22.975688552856447,23.161031627655028,23.53328666687012,0.013170668665869977,0.013585355676328013,0.5428808821305999,-0.4326075203929598,40623980.0
2024-03-01,22.55495834350586,22.817915282231525,22.487098436160277,22.758538065542613,46392100,22.529510498046875,23.471067428588867,22.970600128173828,23.06390868943552,23.47955011907458,23.33534773131318,22.52102780730492,23.20811049516284,22.71612588398292,22.962118018439835,23.411690213096644,23.04694272501266,0.0011295338822914225,0.0011288964388599478,-0.017751396624816396,0.0028995875394182136,22.77719841003418,23.13134298324585,23.53211902618408,0.011563037764205485,0.01344372284801864,0.3308168460712473,-0.20357972203675345,43265880.0
2024-03-04,21.961183547973636,22.44468560341704,21.72367467465146,22.308965784973555,86777700,22.55495834350586,23.36927795410156,23.148731231689453,22.817915282231525,23.496516699977388,23.1826603727228,22.487098436160277,23.063909170560024,22.673710313961493,22.758538065542613,23.40320871777721,22.98756336253505,-0.026325687970210176,-0.026678413157294793,0.0011295338822914225,-0.0043368063594467765,22.558350372314454,23.087234020233154,23.50069103240967,0.01316093345534493,0.01434991313261345,0.7210109287655797,-0.34778223699991884,51484320.0
2024-03-05,22.122352600097656,22.41075763390287,21.79153572751848,21.944220935757468,73646100,21.961183547973636,23.547409057617188,22.84336280822754,22.44468560341704,23.827331360514155,23.07239059676038,21.72367467465146,23.488031844564457,22.639783091056497,22.308965784973555,23.53892636747998,23.055425215852512,0.007338814493852208,0.007312016425595043,-0.026325687970210176,0.007622447893575801,22.420934677124023,23.06645212173462,23.481344566345214,0.01511654265554865,0.014223068235471065,0.6192219063843893,0.17813166434018868,58493860.0
2024-03-06,23.063907623291016,23.157213981323764,22.72460809883613,22.81791445686888,84919500,22.122352600097656,23.055423736572266,22.53799057006836,22.41075763390287,23.47106583469989,22.85184361942252,21.79153572751848,22.96211576547361,22.495578739194283,21.944220935757468,23.47106583469989,22.85184361942252,0.04256125197051608,0.041680427852603855,0.007338814493852208,-0.020893395100968548,22.446382522583008,23.053304290771486,23.469464073181154,0.026763224060477278,0.015286209304762969,0.43260588248763554,0.2459931664221351,69275720.0
2024-03-07,22.724607467651367,23.17417871835167,22.699159397308676,23.072389672796312,46423800,23.063907623291016,22.809431076049805,23.32686424255371,23.157213981323764,23.07238961521155,23.521961264284485,22.72460809883613,22.74157117321303,22.537991847485745,22.81791445686888,23.004529712374776,22.614334441712177,-0.014711303963817812,-0.014820588330721574,0.04256125197051608,-0.010669622182317484,22.485401916503907,23.0206467628479,23.449293365478514,0.02624922894632926,0.015596348329690571,0.4750193210429927,-0.34778220514494507,67631840.0
2024-03-08,23.089353561401367,23.15721346477866,22.775502114996776,22.800948567570934,45906600,22.724607467651367,22.936668395996094,23.377758026123047,23.17417871835167,23.10631733367905,23.454100617933104,22.699159397308676,22.75005246126496,23.15721294066151,23.072389672796312,22.868806879433787,23.36927533615441,0.01605071041465589,0.015923259736185143,-0.014711303963817812,0.0055782767891958684,22.59228096008301,23.00580224990845,23.436250419616698,0.026964182945398485,0.01607168017702723,0.3817113497818845,0.28840499383043294,67534740.0
2024-03-11,24.064842224121094,24.08180598676517,23.165696469767664,23.165696469767664,52600100,23.089353561401367,22.529510498046875,23.38624382019043,23.15721346477866,23.06390868943552,23.48803449541726,22.775502114996776,22.52102780730492,23.250523998493247,22.800948567570934,22.962118018439835,23.377761129095862,0.04224841809129121,0.04138031999521509,0.01605071041465589,-0.017751396624816396,23.0130126953125,23.04015645980835,23.43937454223633,0.024373642602470692,0.01870224613478553,0.9161095169975049,0.8991457543534302,60699220.0
2024-03-12,23.759471893310547,24.039394201344088,23.547409489712173,24.01394613046549,48758200,24.064842224121094,22.55495834350586,23.377758026123047,24.08180598676517,22.817915282231525,23.40320609602896,23.165696469767664,22.487098436160277,23.22507284250293,23.165696469767664,22.758538065542613,23.377758026123047,-0.012689479863053577,-0.012770678960197134,0.04224841809129121,0.0011295338822914225,23.34043655395508,23.05500078201294,23.433382835388183,0.028072215805204862,0.018963852147188497,0.4919847116319147,-0.25447423715494466,55721640.0
2024-03-13,23.937604904174805,24.33628328119189,23.91215844974926,23.996983739619356,39273000,23.759471893310547,21.961183547973636,23.46258544921875,24.039394201344088,22.44468560341704,23.767955844328664,23.547409489712173,21.72367467465146,23.34383101463504,24.01394613046549,22.308965784973555,23.360796396120666,0.007497347233311746,0.007469381816189181,-0.012689479863053577,-0.026325687970210176,23.515176010131835,23.10801649093628,23.430953788757325,0.023352536712277168,0.018009384104375886,0.42412483144262936,-0.05937883544455147,46592340.0
2024-03-14,23.86125946044922,23.98849818903944,23.55589071839256,23.963050119739865,36428000,23.937604904174805,22.122352600097656,22.877290725708008,24.33628328119189,22.41075763390287,23.60678588656094,23.91215844974926,21.79153572751848,22.78398437153236,23.996983739619356,21.944220935757468,23.36079434821536,-0.003189351818246089,-0.0031944486406814687,0.007497347233311746,0.007338814493852208,23.742506408691405,23.151276969909667,23.41128719329834,0.021045219042127437,0.018038993026710665,0.43260747064687877,-0.10179065929064635,44593180.0
2024-03-15,23.700092315673828,23.988497285239013,23.632232418005994,23.7170560766601,75727900,23.86125946044922,23.063907623291016,22.996049880981445,23.98849818903944,23.157213981323764,23.04694440995893,23.55589071839256,22.72460809883613,22.82639929384594,23.963050119739865,22.81791445686888,22.91122458741369,-0.0067543435853639755,-0.0067772574008055,-0.003189351818246089,0.04256125197051608,23.8646541595459,23.169514179229736,23.388397254943847,0.02185713018849882,0.017879101103726334,0.3562648672330191,-0.016963760986271836,50557440.0
2024-03-18,23.513477325439453,23.77643585510369,23.42017097360123,23.759470475530325,36226500,23.700092315673828,22.724607467651367,23.33534812927246,23.988497285239013,23.17417871835167,23.58982237780316,23.632232418005994,22.699159397308676,23.08935495350601,23.7170560766601,23.072389672796312,23.11480302552221,-0.007874019550166866,-0.00790518333942433,-0.0067543435853639755,-0.014711303963817812,23.75438117980957,23.173755359649657,23.372471618652344,0.007568616183531098,0.01796858697902412,0.35626488150245805,-0.24599315009087164,47282720.0
2024-03-19,23.43713760375977,23.564376348225235,23.17418065981963,23.47106836705932,29026600,23.513477325439453,23.089353561401367,23.428653717041016,23.77643585510369,23.15721346477866,23.65767987017536,23.42017097360123,22.775502114996776,23.080869906621142,23.759470475530325,22.800948567570934,23.36927488839825,-0.0032466368382311206,-0.003251918598681154,-0.007874019550166866,0.01605071041465589,23.689914321899415,23.175451850891115,23.34866813659668,0.00607724135449564,0.017984050720058542,0.3901956884056048,-0.03393076329955136,43336400.0
2024-03-20,23.496517181396484,23.530446327859448,23.08087340739298,23.30990121317257,34468000,23.43713760375977,24.064842224121094,23.403207778930664,23.564376348225235,24.08180598676517,23.86974443540016,23.17418065981963,23.165696469767664,23.343830562788124,23.47106836705932,23.165696469767664,23.420173160087906,0.0025335678204658763,0.0025303637481972952,-0.0032466368382311206,0.04224841809129121,23.60169677734375,23.176724338531493,23.32421371459961,0.004064324418226396,0.017981370946301072,0.44957292046646913,0.18661596822391502,42375400.0
2024-03-21,23.46258544921875,23.78492122581429,23.437137376990314,23.53892804799623,29633700,23.496517181396484,23.759471893310547,23.471067428588867,23.530446327859448,24.039394201344088,23.47955011907458,23.08087340739298,23.547409489712173,23.20811049516284,23.30990121317257,24.01394613046549,23.411690213096644,-0.0014441175224301217,-0.0014451612651185076,0.0025335678204658763,-0.012689479863053577,23.521961975097657,23.181389713287352,23.302089080810546,0.004192716829251166,0.017954521819317903,0.34778384882397617,-0.07634259877747951,41016540.0
2024-03-22,23.20810890197754,23.61526830989456,23.191143522170744,23.301415255099563,28830100,23.46258544921875,23.937604904174805,23.36927795410156,23.78492122581429,24.33628328119189,23.496516699977388,23.437137376990314,23.91215844974926,23.063909170560024,23.53892804799623,23.996983739619356,23.40320871777721,-0.010846057344873095,-0.010905304613814303,-0.0014441175224301217,0.007497347233311746,23.423565292358397,23.164424705505372,23.281727447509766,0.0052799197478437965,0.018035581030842067,0.4241247877238159,-0.09330635312202418,31636980.0
2024-03-25,23.267488479614254,23.309900315536705,22.987566155965744,23.106320590874866,31110600,23.20810890197754,23.86125946044922,23.547409057617188,23.61526830989456,23.98849818903944,23.827331360514155,23.191143522170744,23.55589071839256,23.488031844564457,23.301415255099563,23.963050119739865,23.53892636747998,0.002558570277634953,0.0025553027090513217,-0.010846057344873095,-0.003189351818246089,23.37436752319336,23.175027942657472,23.272414360046387,0.005509312400825298,0.017395922296074683,0.32233415957096057,0.1611678887393886,30613800.0
2024-03-26,23.403207778930664,23.437136923337345,23.165697296452706,23.284453346645584,38220300,23.267488479614254,23.700092315673828,23.055423736572266,23.309900315536705,23.988497285239013,23.47106583469989,22.987566155965744,23.632232418005994,22.96211576547361,23.106320590874866,23.7170560766601,23.47106583469989,0.005833001676795568,0.005816055588290749,0.002558570277634953,-0.0067543435853639755,23.36758155822754,23.204716777801515,23.260801582336427,0.006448622479145319,0.017223784581097103,0.2714396268846393,0.11875443228507976,32452540.0
2024-03-27,23.56437492370605,23.700094732884,23.360795209939138,23.504996091521427,34247600,23.403207778930664,23.513477325439453,22.809431076049805,23.437136923337345,23.77643585510369,23.07238961521155,23.165697296452706,23.42017097360123,22.74157117321303,23.284453346645584,23.759470475530325,23.004529712374776,0.006886540780981498,0.006862936863283676,0.005833001676795568,-0.007874019550166866,23.381153106689453,23.23610210418701,23.25876335144043,0.007175157056840968,0.017242862554234753,0.339299522944863,0.05937883218462403,32408460.0
2024-03-28,23.538928985595703,23.852782083949787,23.513480912353625,23.598306205252666,40466700,23.56437492370605,23.43713760375977,22.936668395996094,23.700094732884,23.564376348225235,23.10631733367905,23.360795209939138,23.17418065981963,22.75005246126496,23.504996091521427,23.47106836705932,22.868806879433787,-0.0010798477868704248,-0.0010804312425585375,0.006886540780981498,-0.0032466368382311206,23.396421813964842,23.286573028564455,23.259057426452635,0.007151052481325308,0.016656714593931084,0.339301171596162,-0.05937721965696241,34575060.0
2024-04-01,23.513477325439453,23.640716054332056,23.39472290424118,23.547408084586188,26596600,23.538928985595703,23.496517181396484,22.529510498046875,23.852782083949787,23.530446327859448,23.06390868943552,23.513480912353625,23.08087340739298,22.52102780730492,23.598306205252666,23.30990121317257,22.962118018439835,-0.0010812582072797783,-0.0010818431886504725,-0.0010798477868704248,0.0025335678204658763,23.457495498657227,23.334498977661134,23.259845237731934,0.003738938744442283,0.016672386011845956,0.2459931500908752,-0.0339307591467346,34128360.0
2024-04-02,23.36927795410156,23.538928536664088,23.250523517052518,23.38624333593939,32451500,23.513477325439453,23.46258544921875,22.55495834350586,23.640716054332056,23.78492122581429,22.817915282231525,23.39472290424118,23.437137376990314,22.487098436160277,23.547408084586188,23.53892804799623,22.758538065542613,-0.006132626380271011,-0.006151508169651846,-0.0010812582072797783,-0.0014441175224301217,23.47785339355469,23.40490369796753,23.254573554992675,0.005419296319275232,0.015417339995657437,0.28840501961157017,-0.016965381837831472,34396540.0
2024-04-03,23.089353561401367,23.53892643246826,23.07238979898783,23.33534672233638,36828600,23.36927795410156,23.20810890197754,21.961183547973636,23.538928536664088,23.61526830989456,22.44468560341704,23.250523517052518,23.191143522170744,21.72367467465146,23.38624333593939,23.301415255099563,22.308965784973555,-0.011978307299437163,-0.012050625300643771,-0.006132626380271011,-0.010846057344873095,23.41508255004883,23.453253746032715,23.243201980590822,0.006982375499055379,0.015747470555513066,0.46653663348042684,-0.24599316093501145,34118200.0
2024-04-04,22.605852127075195,23.242039344260657,22.597369436697125,23.165696748765782,41922700,23.089353561401367,23.267488479614254,22.122352600097656,23.53892643246826,23.309900315536705,22.41075763390287,23.07238979898783,22.987566155965744,21.79153572751848,23.33534672233638,23.106320590874866,21.944220935757468,-0.02094044915724469,-0.02116281006588366,-0.011978307299437163,0.002558570277634953,23.223377990722657,23.430350971221923,23.220154724121095,0.00839989146372956,0.013423766113155123,0.6446699075635323,-0.559844621690587,35653220.0
2024-04-05,22.614336013793945,22.648266777101227,22.35137906979388,22.52951072343358,39880500,22.605852127075195,23.403207778930664,23.063907623291016,23.242039344260657,23.437136923337345,23.157213981323764,22.597369436697125,23.165697296452706,22.72460809883613,23.165696748765782,23.284453346645584,22.81791445686888,0.0003752960371083969,0.00037522563116549235,-0.02094044915724469,0.005833001676795568,23.038459396362306,23.424837398529053,23.198948554992675,0.008728860650309192,0.013025862944273334,0.2968877073073486,0.08482529036036368,35535980.0
2024-04-08,22.546476364135746,22.750056092594946,22.49558183649791,22.563441745984303,24431400,22.614336013793945,23.56437492370605,22.724607467651367,22.648266777101227,23.700094732884,23.17417871835167,22.35137906979388,23.360795209939138,22.699159397308676,22.52951072343358,23.504996091521427,23.072389672796312,-0.0030007358879255985,-0.003005247122803415,0.0003752960371083969,0.006886540780981498,22.845059204101563,23.39769353866577,23.183849754333497,0.008386672702894097,0.01246212074083388,0.254474256097037,-0.016965381848557115,35102940.0
2024-04-09,22.716127395629883,23.25900668224727,22.60585402934329,22.707644704538,45127800,22.546476364135746,23.538928985595703,23.089353561401367,22.750056092594946,23.852782083949787,23.15721346477866,22.49558183649791,23.513480912353625,22.775502114996776,22.563441745984303,23.598306205252666,22.800948567570934,0.007524503108787162,0.007496335246468311,-0.0030007358879255985,-0.0010798477868704248,22.714429092407226,23.33025779724121,23.1721439743042,0.011076157109932174,0.007555642886453023,0.6531526529039802,0.008482691091881378,37638200.0
2024-04-10,22.325929641723636,22.55495742641811,22.19020983255085,22.495580212143484,44541600,22.716127395629883,23.513477325439453,24.064842224121094,23.25900668224727,23.640716054332056,24.08180598676517,22.60585402934329,23.39472290424118,23.165696469767664,22.707644704538,23.547408084586188,23.165696469767664,-0.017177124740958782,-0.017326363006635523,0.007524503108787162,-0.0010812582072797783,22.56174430847168,23.258580684661865,23.152464561462402,0.012027318336408577,0.007920956609329972,0.36474759386726063,-0.1696505704198472,39180800.0
2024-04-11,22.3428955078125,22.436203485361585,22.164762243210408,22.351378198308577,32814500,22.325929641723636,23.36927795410156,23.759471893310547,22.55495742641811,23.538928536664088,24.039394201344088,22.19020983255085,23.250523517052518,23.547409489712173,22.495580212143484,23.38624333593939,24.01394613046549,0.0007599175649626311,0.0007596289738042671,-0.017177124740958782,-0.006132626380271011,22.509152984619142,23.17884521484375,23.140928382873536,0.009149603423474392,0.007583665442834834,0.2714412421511767,-0.008482690496077083,37359160.0
2024-04-12,21.93573570251465,22.325929751324985,21.910287631454416,22.26655253675887,43034100,22.3428955078125,23.089353561401367,23.937604904174805,22.436203485361585,23.53892643246826,24.33628328119189,22.164762243210408,23.07238979898783,23.91215844974926,22.351378198308577,23.33534672233638,23.996983739619356,-0.018223233651855075,-0.018391321981085694,0.0007599175649626311,-0.011978307299437163,22.373432922363282,23.08256902694702,23.120231094360353,0.01131301342343558,0.00827392704967784,0.41564211987056865,-0.3308168342442208,37989880.0
2024-04-15,21.978145599365234,22.198690675393244,21.84242580148763,21.978145599365234,35660200,21.93573570251465,22.605852127075195,23.86125946044922,22.325929751324985,23.242039344260657,23.98849818903944,21.910287631454416,22.597369436697125,23.55589071839256,22.26655253675887,23.165696748765782,23.963050119739865,0.0019333701602597397,0.0019315036056116075,-0.018223233651855075,-0.02094044915724469,22.25976676940918,22.996471691131593,23.096819381713868,0.01184526339135261,0.008358473489126095,0.3562648739056158,0.0,40235640.0
2024-04-16,21.79153060913086,22.046004817819725,21.78304791978689,21.90180233478735,28885300,21.978145599365234,22.614336013793945,23.700092315673828,22.198690675393244,22.648266777101227,23.988497285239013,21.84242580148763,22.35137906979388,23.632232418005994,21.978145599365234,22.52951072343358,23.7170560766601,-0.008490934296102037,-0.008527187641093815,0.0019333701602597397,0.0003752960371083969,22.074847412109374,22.91037435531616,23.075782737731934,0.009540651138702396,0.008375688057834148,0.2629568980328365,-0.11027172565649224,36987140.0
2024-04-17,21.5625,21.791527728287008,21.426780224253772,21.791527728287008,43828900,21.79153060913086,22.546476364135746,23.513477325439453,22.046004817819725,22.750056092594946,23.77643585510369,21.78304791978689,22.49558183649791,23.42017097360123,21.90180233478735,22.563441745984303,23.759470475530325,-0.010510074452268814,-0.010565695347859188,-0.008490934296102037,-0.0030007358879255985,21.922161483764647,22.816642475128173,23.056272926330568,0.008373796983324555,0.008508591290184114,0.36474750403323597,-0.2290277282870079,36844600.0
2024-04-18,21.537057876586918,21.596435092617384,21.40133806340076,21.503128732244274,35788400,21.5625,22.716127395629883,23.43713760375977,21.791527728287008,23.25900668224727,23.564376348225235,21.426780224253772,22.60585402934329,23.17418065981963,21.791527728287008,22.707644704538,23.47106836705932,-0.0011799245640849998,-0.0011806212231307968,-0.010510074452268814,0.007524503108787162,21.76099395751953,22.718669509887697,23.02047679901123,0.007964769506898584,0.00839540548534317,0.19509702921662253,0.03392914434264327,37439380.0
2024-04-19,22.054489135742188,22.054489135742188,21.50312723093017,21.537056372903933,38372800,21.537057876586918,22.325929641723636,23.496517181396484,21.596435092617384,22.55495742641811,23.530446327859448,21.40133806340076,22.19020983255085,23.08087340739298,21.503128732244274,22.495580212143484,23.30990121317257,0.024025159895111337,0.02374109652554304,-0.0011799245640849998,-0.017177124740958782,21.784744644165038,22.648264694213868,22.994011421203613,0.01376789703919391,0.010516758540158568,0.5513619048120191,0.5174327628382542,36507120.0
2024-04-22,22.275033950805664,22.47861365389961,21.995111656813037,22.05448886797697,35678700,22.054489135742188,22.3428955078125,23.46258544921875,22.054489135742188,22.436203485361585,23.78492122581429,21.50312723093017,22.164762243210408,23.437137376990314,21.537056372903933,22.351378198308577,23.53892804799623,0.009999996540661416,0.00995032742808037,0.024025159895111337,0.0007599175649626311,21.844122314453124,22.601610946655274,22.97178722381592,0.014342468304053765,0.01073289283314698,0.4835019970865737,0.22054508282869278,36510820.0
2024-04-23,22.325929641723636,22.453166760584647,22.21565790348615,22.3344123320354,24297800,22.275033950805664,21.93573570251465,23.20810890197754,22.47861365389961,22.325929751324985,23.61526830989456,21.995111656813037,21.910287631454416,23.191143522170744,22.05448886797697,22.26655253675887,23.301415255099563,0.002284876019959192,0.0022822696601302616,0.009999996540661416,-0.018223233651855075,21.95100212097168,22.554533004760742,22.95075065612793,0.01297163805079593,0.010726954304052438,0.23750885709849712,-0.008482690311762298,35593320.0
2024-04-24,22.28351593017578,22.34289313944652,22.088418923169765,22.266550550981968,24547800,22.325929641723636,21.978145599365234,23.267488479614254,22.453166760584647,22.198690675393244,23.309900315536705,22.21565790348615,21.84242580148763,22.987566155965744,22.3344123320354,21.978145599365234,23.106320590874866,-0.0018997511964111702,-0.0019015580124118487,0.002284876019959192,0.0019333701602597397,22.095205307006836,22.498548412322997,22.92716926574707,0.010800218199093927,0.010567614117126957,0.2544742162767548,0.016965379193813135,31737100.0
2024-04-25,21.42678451538086,22.41923658547489,21.41830182545948,22.28351678254816,47661400,22.28351593017578,21.79153060913086,23.403207778930664,22.34289313944652,22.046004817819725,23.437136923337345,22.088418923169765,21.78304791978689,23.165697296452706,22.266550550981968,21.90180233478735,23.284453346645584,-0.03844686886393711,-0.039205456888153294,-0.0018997511964111702,-0.008490934296102037,22.073150634765625,22.39166889190674,22.89815914154053,0.023242960597655023,0.013043708616208407,1.0009347600154115,-0.856732267167299,34111700.0
2024-04-26,21.54553985595703,21.664295902005765,21.375890904028143,21.486162641886533,46526500,21.42678451538086,21.5625,23.56437492370605,22.41923658547489,21.791527728287008,23.700094732884,21.41830182545948,21.426780224253772,23.360795209939138,22.28351678254816,21.791527728287008,23.504996091521427,0.005542378068483567,0.005527075606472248,-0.03844686886393711,-0.010510074452268814,21.971360778808595,22.291999435424806,22.869148941040038,0.019469751693503283,0.013222253700059692,0.2884049979776222,0.059377214070497786,35742440.0
2024-04-29,21.74911880493164,21.92725205879274,21.66429514090107,21.69822428293176,39995300,21.54553985595703,21.537057876586918,23.538928985595703,21.664295902005765,21.596435092617384,23.852782083949787,21.375890904028143,21.40133806340076,23.513480912353625,21.486162641886533,21.503128732244274,23.598306205252666,0.009448774564742246,0.00940441411005438,0.005542378068483567,-0.0011799245640849998,21.86617774963379,22.203781509399413,22.83742435455322,0.01936839110722475,0.013563699074950704,0.26295691789166753,0.050894521999879316,36605760.0
2024-04-30,21.732154846191406,21.910286480532708,21.706706776467936,21.75760129800721,38017700,21.74911880493164,22.054489135742188,23.513477325439453,21.92725205879274,22.054489135742188,23.640716054332056,21.66429514090107,21.50312723093017,23.39472290424118,21.69822428293176,21.537056372903933,23.547408084586188,-0.0007799837268067655,-0.0007802880723804945,0.009448774564742246,0.024025159895111337,21.747422790527345,22.121925354003906,22.803494377136232,0.01914264929867703,0.013568146590430815,0.20357970406477222,-0.025446451815803073,39349740.0
2024-05-01,23.055423736572266,23.284451510410243,22.07145435775837,22.33441127332734,97388900,21.732154846191406,22.275033950805664,23.36927795410156,21.910286480532708,22.47861365389961,23.538928536664088,21.706706776467936,21.995111656813037,23.250523517052518,21.75760129800721,22.05448886797697,23.38624333593939,0.06088990713282927,0.05910809094252866,-0.0007799837268067655,0.009999996540661416,21.90180435180664,22.120228862762453,22.796538696289062,0.03548817410560391,0.019617163715756256,1.212997152651873,0.7210124632449251,53917960.0
2024-05-02,23.496517181396484,23.700096913897934,23.004532423374343,23.08087340739298,69649000,23.055423736572266,22.325929641723636,23.089353561401367,23.284451510410243,22.453166760584647,23.53892643246826,22.07145435775837,22.21565790348615,23.07238979898783,22.33441127332734,22.3344123320354,23.33534672233638,0.019131873257420162,0.01895116025139061,0.06088990713282927,0.002284876019959192,22.315750885009766,22.164762115478517,22.797047691345213,0.024587828739013662,0.019399552232001512,0.6955644905235907,0.41564377400350594,58315480.0
2024-05-03,23.589820861816406,23.674646145177995,23.34382931976629,23.63223431245105,60568900,23.496517181396484,22.28351593017578,22.605852127075195,23.700096913897934,22.34289313944652,23.242039344260657,23.004532423374343,22.088418923169765,22.597369436697125,23.08087340739298,22.266550550981968,23.165696748765782,0.003970957895572447,0.003963094452328886,0.019131873257420162,-0.0018997511964111702,22.724607086181642,22.21353635787964,22.80145854949951,0.024809442713762123,0.01939928751832108,0.33081682541170565,-0.04241345063464408,61123960.0
2024-05-06,23.88670921325684,24.03091171363569,23.71705864178486,23.73402402251361,59899700,23.589820861816406,21.42678451538086,22.614336013793945,23.674646145177995,22.41923658547489,22.648266777101227,23.34382931976629,21.41830182545948,22.35137906979388,23.63223431245105,22.28351678254816,22.52951072343358,0.012585443237552951,0.012506904820826236,0.003970957895572447,-0.03844686886393711,23.152125167846684,22.280548000335692,22.808244552612305,0.024560744530025127,0.019488414614349407,0.3138530718508292,0.15268519074323095,65104840.0
2024-05-07,23.555892944335938,24.166632104069446,23.242039864947177,23.996983146430704,65606400,23.88670921325684,21.54553985595703,22.546476364135746,24.03091171363569,21.664295902005765,22.750056092594946,23.71705864178486,21.375890904028143,22.49558183649791,23.73402402251361,21.486162641886533,22.563441745984303,-0.013849386534052321,-0.01394618405103778,0.012585443237552951,0.005542378068483567,23.516872787475585,22.322536277770997,22.81825393676758,0.027707246598900566,0.019814568952737557,0.9245922391222692,-0.4410902020947667,70622580.0
2024-05-08,23.980016708374023,24.03939392182592,23.34382950497617,23.49651469265689,39087800,23.555892944335938,21.74911880493164,22.716127395629883,24.166632104069446,21.92725205879274,23.25900668224727,23.242039864947177,21.66429514090107,22.60585402934329,23.996983146430704,21.69822428293176,22.707644704538,0.018004996246175686,0.017844826020192668,-0.013849386534052321,0.009448774564742246,23.70179138183594,22.405240631103517,22.84166564941406,0.013589231394279299,0.01958272646394796,0.6955644168497486,0.48350201571713214,58962360.0
2024-05-09,24.264158248901367,24.3244309122866,23.523661773467,23.90252062628306,47831100,23.980016708374023,21.732154846191406,22.325929641723636,24.03939392182592,21.910286480532708,22.55495742641811,23.34382950497617,21.706706776467936,22.19020983255085,23.49651469265689,21.75760129800721,22.495580212143484,0.011849096853552954,0.01177944596563449,0.018004996246175686,-0.0007799837268067655,23.855319595336915,22.50130376815796,22.868215446472167,0.012434862631114426,0.01965018764826074,0.8007691388196001,0.3616376226183071,54598780.0
2024-05-10,24.11778450012207,24.350266213869578,24.040290595539567,24.31582374858529,25849800,24.264158248901367,23.055423736572266,22.3428955078125,24.3244309122866,23.284451510410243,22.436203485361585,23.523661773467,22.07145435775837,22.164762243210408,23.90252062628306,22.33441127332734,22.351378198308577,-0.006032508825478233,-0.006050777916198127,0.011849096853552954,0.06088990713282927,23.96091232299805,22.61040620803833,22.89998092651367,0.01368760026774396,0.01909553838612863,0.30997561833001086,-0.19803924846322118,47654960.0
2024-05-13,24.48802947998047,24.668847471357687,24.255547797660974,24.272769027975063,39609800,24.11778450012207,23.496517181396484,21.93573570251465,24.350266213869578,23.700096913897934,22.325929751324985,24.040290595539567,23.004532423374343,21.910287631454416,24.31582374858529,23.08087340739298,22.26655253675887,0.015351533630981962,0.015234891085089922,-0.006032508825478233,0.019131873257420162,24.081176376342775,22.735900402069092,22.938642349243164,0.014143805772138963,0.019220250924344068,0.41329967369671294,0.21526045200540622,43596980.0
2024-05-14,24.43636703491211,24.694680575872702,24.272770265508097,24.582744215431017,23530900,24.48802947998047,23.589820861816406,21.978145599365234,24.668847471357687,23.674646145177995,22.198690675393244,24.255547797660974,23.34382931976629,21.84242580148763,24.272769027975063,23.63223431245105,21.978145599365234,-0.0021097020121849663,-0.0021119305684197975,0.015351533630981962,0.003970957895572447,24.257271194458006,22.868142223358156,22.988146018981933,0.010797606409180822,0.019026101988739913,0.4219103103646056,-0.14637718051890758,35181880.0
2024-05-15,24.81522750854492,24.96160469849548,24.52247312864381,24.53108374479468,38376300,24.43636703491211,23.88670921325684,21.79153060913086,24.694680575872702,24.03091171363569,22.046004817819725,24.272770265508097,23.71705864178486,21.78304791978689,24.582744215431017,23.73402402251361,21.90180233478735,0.015503960678423745,0.015385002255633684,-0.0021097020121849663,0.012585443237552951,24.424313354492188,23.0307785987854,23.042003517150878,0.01022709460631129,0.01873112740882663,0.43913156985167134,0.28414376375023664,35039580.0
2024-05-16,24.90133476257324,24.99604990832793,24.686074262081533,24.858283319397817,40077800,24.81522750854492,23.555892944335938,21.5625,24.96160469849548,24.166632104069446,21.791527728287008,24.52247312864381,23.242039864947177,21.426780224253772,24.53108374479468,23.996983146430704,21.791527728287008,0.003469936110747751,0.0034639297728369825,0.015503960678423745,-0.013849386534052321,24.55174865722656,23.198992443084716,23.078752059936523,0.009897128951401166,0.01865013263069076,0.3099756462463965,0.043051443175421866,33488920.0
2024-05-17,24.660240173339844,24.892721886931305,24.54830544585533,24.88411127061601,26106400,24.90133476257324,23.980016708374023,21.537057876586918,24.99604990832793,24.03939392182592,21.596435092617384,24.686074262081533,23.34382950497617,21.40133806340076,24.858283319397817,23.49651469265689,21.503128732244274,-0.009681994621258627,-0.009729169878530657,0.003469936110747751,0.018004996246175686,24.660239791870115,23.3292799949646,23.117464714050293,0.011008188644211398,0.01859609788721332,0.3444164410759747,-0.2238710972761666,33540240.0
2024-05-20,24.56552505493164,24.720511211442325,24.50525074470817,24.677459775018303,22423300,24.660240173339844,24.264158248901367,22.054489135742188,24.892721886931305,24.3244309122866,22.054489135742188,24.54830544585533,23.523661773467,21.50312723093017,24.88411127061601,23.90252062628306,21.537056372903933,-0.003840802755465389,-0.0038481975791475184,-0.009681994621258627,0.011849096853552954,24.67573890686035,23.4438045501709,23.146988143920897,0.009527904993309985,0.01868738407389661,0.21526046673415422,-0.11193472008666205,30102940.0
2024-05-21,24.591354370117188,24.68606949759155,24.384704526606097,24.51386047351216,28119900,24.56552505493164,24.11778450012207,22.275033950805664,24.720511211442325,24.350266213869578,22.47861365389961,24.50525074470817,24.040290595539567,21.995111656813037,24.677459775018303,24.31582374858529,22.05448886797697,0.0010514456795769345,0.0010508932977341444,-0.003840802755465389,-0.006032508825478233,24.706736373901364,23.557075786590577,23.15751838684082,0.009401528578715047,0.01869908954529412,0.30136497098545334,0.07749389660502715,31020740.0
2024-05-22,25.486841201782227,25.512671408347543,24.47081147176584,24.513862910912785,46987500,24.591354370117188,24.48802947998047,22.325929641723636,24.68606949759155,24.668847471357687,22.453166760584647,24.384704526606097,24.255547797660974,22.21565790348615,24.51386047351216,24.272769027975063,22.3344123320354,0.03641470161371885,0.03576735487510255,0.0010514456795769345,0.015351533630981962,24.841059112548827,23.7172420501709,23.192065773010253,0.01800952264591768,0.019879544796669032,1.0418599365817052,0.9729782908694418,32742980.0
2024-05-23,24.70329475402832,25.340465619262183,24.68607352035267,25.340465619262183,42031300,25.486841201782227,24.43636703491211,22.28351593017578,25.512671408347543,24.694680575872702,22.34289313944652,24.47081147176584,24.272770265508097,22.088418923169765,24.513862910912785,24.582744215431017,22.266550550981968,-0.030743176117843718,-0.031225662082235966,0.03641470161371885,-0.0021097020121849663,24.801451110839842,23.881067562103272,23.207379570007323,0.024349148690585663,0.01900978640649406,0.6543920989095113,-0.6371708652338626,33133680.0
2024-05-24,24.86688995361328,24.961605090452988,24.58274618540129,24.68607193852708,22589100,24.70329475402832,24.81522750854492,21.42678451538086,25.340465619262183,24.96160469849548,22.41923658547489,24.68607352035267,24.52247312864381,21.41830182545948,25.340465619262183,24.53108374479468,22.28351678254816,0.006622404064473342,0.0066005722796055166,-0.030743176117843718,0.015503960678423745,24.84278106689453,24.047135066986083,23.227492179870605,0.0240458911834387,0.019006037847675385,0.37885890505169684,0.18081801508620288,32430220.0
2024-05-28,24.36748504638672,24.866889281327637,24.22110785809505,24.79800599520844,32371200,24.86688995361328,24.90133476257324,21.54553985595703,24.961605090452988,24.99604990832793,21.664295902005765,24.58274618540129,24.686074262081533,21.375890904028143,24.68607193852708,24.858283319397817,21.486162641886533,-0.020083126927338046,-0.02028753431046999,0.006622404064473342,0.003469936110747751,24.803173065185547,24.178053379058838,23.24084003448486,0.026030691849519217,0.019958753960443016,0.645781423232588,-0.430520948821723,34419800.0
2024-05-29,23.95418739318848,24.25555241178598,23.842252659467405,24.246941794990946,24241700,24.36748504638672,24.660240173339844,21.74911880493164,24.866889281327637,24.892721886931305,21.92725205879274,24.22110785809505,24.54830544585533,21.66429514090107,24.79800599520844,24.88411127061601,21.69822428293176,-0.016961030340696737,-0.017106516020245297,-0.020083126927338046,-0.009681994621258627,24.675739669799803,24.28915500640869,23.249654235839845,0.026849224337507506,0.02056204282425495,0.41329975231857574,-0.2927544018024655,33644160.0
2024-05-30,24.281381607055664,24.281381607055664,23.92835456859787,24.03167867422564,23298600,23.95418739318848,24.56552505493164,21.732154846191406,24.25555241178598,24.720511211442325,21.910286480532708,23.842252659467405,24.50525074470817,21.706706776467936,24.246941794990946,24.677459775018303,21.75760129800721,0.013659165660540262,0.01356672012523057,-0.016961030340696737,-0.003840802755465389,24.43464775085449,24.35045289993286,23.26653911590576,0.018809711196249135,0.016026641803028187,0.3530270384577925,0.24970293283002576,28906380.0
2024-05-31,24.67745780944824,24.75495170268468,24.315820188447184,24.401924696743983,78290100,24.281381607055664,24.591354370117188,23.055423736572266,24.281381607055664,24.68606949759155,23.284451510410243,23.92835456859787,24.384704526606097,22.07145435775837,24.03167867422564,24.51386047351216,22.33441127332734,0.01631193021889188,0.016180319967909352,0.013659165660540262,0.0010514456795769345,24.429480361938477,24.40949993133545,23.290157928466797,0.01722988703237831,0.015886407248198273,0.43913151423749497,0.27553311270425596,36158140.0
2024-06-03,25.237136840820312,25.426567103979608,24.660238720148623,24.677459951764384,38177200,24.67745780944824,25.486841201782227,23.496517181396484,24.75495170268468,25.512671408347543,23.700096913897934,24.315820188447184,24.47081147176584,23.004532423374343,24.401924696743983,24.513862910912785,23.08087340739298,0.02267976854397813,0.022426406238515058,0.01631193021889188,0.03641470161371885,24.503529739379882,24.491865730285646,23.325648956298828,0.020058155766217445,0.016511470219571105,0.7663283838309844,0.5596768890559289,39275760.0
2024-06-04,25.392126083374023,25.598775947582627,25.116592931095887,25.228527658343705,46309500,25.237136840820312,24.70329475402832,23.589820861816406,25.426567103979608,25.340465619262183,23.674646145177995,24.660238720148623,24.68607352035267,23.34382931976629,24.677459951764384,25.340465619262183,23.63223431245105,0.0061413164072963156,0.006122535377960898,0.02267976854397813,-0.030743176117843718,24.708457946777344,24.567136573791505,23.369329299926758,0.015349650341176212,0.01638746288365899,0.48218301648674,0.16359842503031885,42063420.0
2024-06-05,25.443790435791016,25.504064755311877,25.116595198499915,25.452401052865422,27346700,25.392126083374023,24.86688995361328,23.88670921325684,25.598775947582627,24.961605090452988,24.03091171363569,25.116592931095887,24.58274618540129,23.71705864178486,25.228527658343705,24.68607193852708,23.73402402251361,0.0020346603607495073,0.002032593242804763,0.0061413164072963156,0.006622404064473342,25.00637855529785,24.661531448364258,23.412855339050292,0.008199061887626232,0.015895836428442126,0.38746955681196127,-0.00861061707440669,42684420.0
2024-06-06,24.798004150390625,25.435176552475333,24.78939517728488,25.28018875966051,35360400,25.443790435791016,24.36748504638672,23.555892944335938,25.504064755311877,24.866889281327637,24.166632104069446,25.116595198499915,24.22110785809505,23.242039864947177,25.452401052865422,24.79800599520844,23.996983146430704,-0.025380899399799484,-0.025708550365228306,0.0020346603607495073,-0.020083126927338046,25.109703063964844,24.70243082046509,23.44075126647949,0.018517315613891014,0.016815257027930464,0.6457813751904524,-0.48218460926988627,45096780.0
2024-06-07,24.608577728271484,25.013266834842288,24.582745879734457,24.754954918700435,27526200,24.798004150390625,23.95418739318848,23.980016708374023,25.435176552475333,24.25555241178598,24.03939392182592,24.78939517728488,23.842252659467405,23.34382950497617,25.28018875966051,24.246941794990946,23.49651469265689,-0.0076387769342379785,-0.007668101823742077,-0.025380899399799484,-0.016961030340696737,25.095927047729493,24.719651794433595,23.4616353225708,0.017732963367037148,0.016767641178372022,0.4305209551078306,-0.14637719042895014,34944000.0
2024-06-10,24.1694450378418,24.4105373527692,23.79058615504361,24.4105373527692,36977900,24.608577728271484,24.281381607055664,24.264158248901367,25.013266834842288,24.281381607055664,24.3244309122866,24.582745879734457,23.92835456859787,23.523661773467,24.754954918700435,24.03167867422564,23.90252062628306,-0.01784470013986983,-0.01800583663443259,-0.0076387769342379785,0.013659165660540262,24.88238868713379,24.72223482131958,23.474245643615724,0.013213345588687073,0.017224210964335726,0.6199511977255909,-0.2410923149273998,34704140.0
2024-06-11,24.135007858276367,24.393319801428863,24.014460861472223,24.06612456394855,29573500,24.1694450378418,24.67745780944824,24.11778450012207,24.4105373527692,24.75495170268468,24.350266213869578,23.79058615504361,24.315820188447184,24.040290595539567,24.4105373527692,24.401924696743983,24.31582374858529,-0.0014248229329020257,-0.0014258389583159733,-0.01784470013986983,0.01631193021889188,24.63096504211426,24.704583740234376,23.48667625427246,0.01142410297028819,0.016854484088712676,0.3788589399566398,0.06888329432781859,31356940.0
2024-06-12,23.816421508789062,24.307215184374886,23.730316980616205,24.255553124394083,32507900,24.135007858276367,25.237136840820312,24.48802947998047,24.393319801428863,25.426567103979608,24.668847471357687,24.014460861472223,24.660238720148623,24.255547797660974,24.06612456394855,24.677459951764384,24.272769027975063,-0.01320017591699496,-0.013288072597112396,-0.0014248229329020257,0.02267976854397813,24.305491256713868,24.673586463928224,23.49561912536621,0.009212456228457308,0.0170879062500016,0.576898203758681,-0.4391316156050209,32389180.0
2024-06-13,23.807809829711918,23.86808250405206,23.42034193367931,23.678653864367718,33945200,23.816421508789062,25.392126083374023,24.43636703491211,24.307215184374886,25.598775947582627,24.694680575872702,23.730316980616205,25.116592931095887,24.272770265508097,24.255553124394083,25.228527658343705,24.582744215431017,-0.0003615857686246615,-0.0003616511565213944,-0.01320017591699496,0.0061413164072963156,24.10745239257813,24.62321557998657,23.509988250732423,0.007510402225408292,0.016636608521289287,0.4477405703727513,0.12915596534420004,32106140.0
2024-06-14,23.70448303222656,24.29860073404765,23.61837851763731,23.893911650477296,29461900,23.807809829711918,25.443790435791016,24.81522750854492,23.86808250405206,25.504064755311877,24.96160469849548,23.42034193367931,25.116595198499915,24.52247312864381,23.678653864367718,25.452401052865422,24.53108374479468,-0.004340037921355067,-0.004349483224490548,-0.0003615857686246615,0.0020346603607495073,23.926633453369142,24.563372993469237,23.531960868835448,0.007702813044370608,0.01659457748496598,0.6802222164103391,-0.1894286182507372,32493280.0
2024-06-17,23.23090934753418,23.66143028418518,23.13619585823975,23.635600079062623,32194600,23.70448303222656,24.798004150390625,24.90133476257324,24.29860073404765,25.435176552475333,24.99604990832793,23.61837851763731,24.78939517728488,24.686074262081533,23.893911650477296,25.28018875966051,24.858283319397817,-0.019978232980172983,-0.020180496319464045,-0.004340037921355067,-0.025380899399799484,23.738926315307616,24.491906452178956,23.544292335510253,0.008446847009036522,0.016989690988285882,0.5252344259454311,-0.4046907315284436,31536620.0
2024-06-18,23.601154327392575,23.644205758136355,23.205075909168016,23.23090611069156,29817800,23.23090934753418,24.608577728271484,24.660240173339844,23.66143028418518,25.013266834842288,24.892721886931305,23.13619585823975,24.582745879734457,24.54830544585533,23.635600079062623,24.754954918700435,24.88411127061601,0.01593760168056857,0.01581193160153902,-0.019978232980172983,-0.0076387769342379785,23.63215560913086,24.443687915802002,23.56538589477539,0.013693558733826388,0.017496679364529526,0.4391298489683386,0.3702482167010146,31585480.0
2024-06-20,23.88530158996582,24.074730212619546,23.37728674861892,23.42033982806776,29693400,23.601154327392575,24.1694450378418,24.56552505493164,23.644205758136355,24.4105373527692,24.720511211442325,23.205075909168016,23.79058615504361,24.50525074470817,23.23090611069156,24.4105373527692,24.677459775018303,0.012039549364051716,0.011967650500915483,0.01593760168056857,-0.01784470013986983,23.64593162536621,24.408385276794434,23.58876937866211,0.01427305094064034,0.01776323830325651,0.6974434640006244,0.46496176189805993,31022580.0
2024-06-21,23.88530158996582,24.014457543698224,23.730313788564118,23.91113343763512,52487000,23.88530158996582,24.135007858276367,24.591354370117188,24.074730212619546,24.393319801428863,24.68606949759155,23.37728674861892,24.014460861472223,24.384704526606097,23.42033982806776,24.06612456394855,24.51386047351216,0.0,0.0,0.012039549364051716,-0.0014248229329020257,23.66142997741699,24.328308296203613,23.619956817626953,0.014267499234330284,0.015402818182883183,0.2841437551341066,-0.02583184766929847,34730940.0
2024-06-24,24.41914939880371,24.46220083791976,23.876692069021548,24.06612234266928,35414100,23.88530158996582,23.816421508789062,25.486841201782227,24.014457543698224,24.307215184374886,25.512671408347543,23.730313788564118,23.730316980616205,24.47081147176584,23.91113343763512,24.255553124394083,24.513862910912785,0.022350473860550224,0.022104362408115058,0.0,-0.01320017591699496,23.804363250732422,24.314101028442384,23.661481895446776,0.01668393128863579,0.014961597971086,0.5855087688982117,0.35302705613442953,35921380.0
2024-06-25,24.100563049316406,24.496643184964583,24.04890099416477,24.45359010374896,24721600,24.41914939880371,23.807809829711918,24.70329475402832,24.46220083791976,23.86808250405206,25.340465619262183,23.876692069021548,23.42034193367931,24.68607352035267,24.06612234266928,23.678653864367718,25.340465619262183,-0.013046578498058237,-0.013132432656212627,0.022350473860550224,-0.0003615857686246615,23.97829399108887,24.27578468322754,23.704778442382814,0.01406004537931132,0.015116376134433304,0.44774219079981137,-0.35302705443255533,34426780.0
2024-06-26,23.609769821166992,24.048901403192502,23.308404816760408,24.031680170413352,30745800,24.100563049316406,23.70448303222656,24.86688995361328,24.496643184964583,24.29860073404765,24.961605090452988,24.04890099416477,23.61837851763731,24.58274618540129,24.45359010374896,23.893911650477296,24.68607193852708,-0.020364388464498395,-0.020574601425335348,-0.013046578498058237,-0.004340037921355067,23.98001708984375,24.237898921966554,23.737410926818846,0.01753014723616654,0.015134737788232796,0.7404965864320943,-0.4219103492463603,34612380.0
2024-06-27,23.936962127685547,23.96279397371958,23.308401988286548,23.56671552170606,28399600,23.609769821166992,23.23090934753418,24.36748504638672,24.048901403192502,23.66143028418518,24.866889281327637,23.308404816760408,23.13619585823975,24.22110785809505,24.031680170413352,23.635600079062623,24.79800599520844,0.013858343770264847,0.013763194986176387,-0.020364388464498395,-0.019978232980172983,23.990349197387694,24.237037658691406,23.78031955718994,0.017853244160464122,0.015043094387299456,0.6543919854330333,0.3702466059794851,34353620.0
2024-06-28,24.091951370239254,24.21249835001788,23.799197000116536,23.91974397989516,33189200,23.936962127685547,23.601154327392575,23.95418739318848,23.96279397371958,23.644205758136355,24.25555241178598,23.308401988286548,23.205075909168016,23.842252659467405,23.56671552170606,23.23090611069156,24.246941794990946,0.006474891915146053,0.006454019850285876,0.013858343770264847,0.01593760168056857,24.031679153442383,24.227566146850585,23.830908584594727,0.018036396370909067,0.014785125958138133,0.4133013499013458,0.17220739034409505,30494060.0
2024-07-01,24.298603057861328,24.65163012336292,24.05751236472297,24.066122981236084,26209000,24.091951370239254,23.88530158996582,24.281381607055664,24.21249835001788,24.074730212619546,24.281381607055664,23.799197000116536,23.37728674861892,23.92835456859787,23.91974397989516,23.42033982806776,24.03167867422564,0.008577623474591123,0.00854104468623415,0.006474891915146053,0.012039549364051716,24.007569885253908,24.20862340927124,23.886139488220216,0.014903228474323769,0.014424861783268718,0.5941177586399498,0.23248007662524373,28653040.0
2024-07-02,23.962797164916992,24.350266695493264,23.84225181865201,24.29860299654498,21989800,24.298603057861328,23.88530158996582,24.67745780944824,24.65163012336292,24.014457543698224,24.75495170268468,24.05751236472297,23.730313788564118,24.315820188447184,24.066122981236084,23.91113343763512,24.401924696743983,-0.013819967022165591,-0.013916351819873135,0.008577623474591123,0.0,23.980016708374023,24.144906425476073,23.92430564880371,0.015063958602943543,0.013600001416364695,0.5080148768412549,-0.3358058316279866,28106680.0
2024-07-03,23.85086250305176,24.152225869572263,23.78197921323176,24.04029113947996,15180100,23.962797164916992,24.41914939880371,25.237136840820312,24.350266695493264,24.46220083791976,25.426567103979608,23.84225181865201,23.876692069021548,24.660238720148623,24.29860299654498,24.06612234266928,24.677459951764384,-0.004671185133140909,-0.004682129212929942,-0.013819967022165591,0.022350473860550224,24.028235244750977,24.06784324645996,23.95582221984863,0.011165246773678935,0.013452552828453378,0.3702466563405018,-0.1894286364282003,24993540.0
2024-07-05,24.15222549438477,24.186667959913315,23.82503028339931,23.902524188531395,17268700,23.85086250305176,24.100563049316406,25.392126083374023,24.152225869572263,24.496643184964583,25.598775947582627,23.78197921323176,24.04890099416477,25.116592931095887,24.04029113947996,24.45359010374896,25.228527658343705,0.012635307896913472,0.012556148498921737,-0.004671185133140909,-0.013046578498058237,24.07128791809082,24.00326499938965,23.992348136901857,0.010851803565498657,0.013865509816375222,0.3616376765140039,0.24970130585337458,22767360.0
2024-07-08,24.04890251159668,24.212500945924525,23.92835716120102,24.152226628419463,25694400,24.15222549438477,23.609769821166992,25.443790435791016,24.186667959913315,24.048901403192502,25.504064755311877,23.82503028339931,23.308404816760408,25.116595198499915,23.902524188531395,24.031680170413352,25.452401052865422,-0.004277990150932887,-0.004287166932270432,0.012635307896913472,-0.020364388464498395,24.062678146362305,23.965809917449953,24.027655868530275,0.010768645810874675,0.012795087146959637,0.2841437847235042,-0.1033241168227832,21268400.0
2024-07-09,23.86808013916016,24.057510402382626,23.50644248664377,24.00584670751811,36867800,24.04890251159668,23.936962127685547,24.798004150390625,24.212500945924525,23.96279397371958,25.435176552475333,23.92835716120102,23.308401988286548,24.78939517728488,24.152226628419463,23.56671552170606,25.28018875966051,-0.007518944881136469,-0.007547354644417879,-0.004277990150932887,0.013858343770264847,23.97657356262207,23.928785037994384,24.07648178100586,0.009810378091759622,0.012792066610371005,0.5510679157388552,-0.1377665683579501,23400160.0
2024-07-10,24.41053771972656,24.462199772877973,23.93696369853295,23.962795546262186,29873600,23.86808013916016,24.091951370239254,24.608577728271484,24.057510402382626,24.21249835001788,25.013266834842288,23.50644248664377,23.799197000116536,24.582745879734457,24.00584670751811,23.91974397989516,24.754954918700435,0.022727323580433056,0.02247290557514746,-0.007518944881136469,0.006474891915146053,24.066121673583986,23.94083967208862,24.13378173828125,0.013242332060854489,0.01326342924901738,0.525236074345024,0.4477421734643734,24976920.0
2024-07-11,24.67745780944824,25.16825137174106,24.47080797492005,24.780783547865788,47322600,24.41053771972656,24.298603057861328,24.1694450378418,24.462199772877973,24.65163012336292,24.4105373527692,23.93696369853295,24.05751236472297,23.79058615504361,23.962795546262186,24.066122981236084,24.4105373527692,0.010934625561565436,0.010875274803730958,0.022727323580433056,0.008577623474591123,24.23144073486328,23.967962169647215,24.19234851837158,0.012575070249237432,0.013451701445876879,0.6974433968210114,-0.10332573841754922,31405420.0
2024-07-12,24.90133476257324,25.090763411775324,24.78940002493276,24.88411352838016,28397000,24.67745780944824,23.962797164916992,24.135007858276367,25.16825137174106,24.350266695493264,24.393319801428863,24.47080797492005,23.84225181865201,24.014460861472223,24.780783547865788,24.29860299654498,24.06612456394855,0.009072123832758905,0.009031219325047352,0.010934625561565436,-0.013819967022165591,24.381262588500977,24.022207832336427,24.255732116699217,0.012265960369843832,0.013114708907969974,0.3013633868425636,0.017221234193080193,33631080.0
2024-07-15,25.056320190429688,25.20269738246337,24.82383847796905,24.99604751882296,30534400,24.90133476257324,23.85086250305176,23.816421508789062,25.090763411775324,24.152225869572263,24.307215184374886,24.78940002493276,23.78197921323176,23.730316980616205,24.88411352838016,24.04029113947996,24.255553124394083,0.006223980735739154,0.006204691762397356,0.009072123832758905,-0.004671185133140909,24.58274612426758,24.084633350372314,24.295750045776366,0.010842430820027893,0.013126731519910157,0.3788589044943187,0.06027267160672878,34599080.0
2024-07-16,25.40073776245117,25.452399820088107,25.073542541007647,25.142425831959294,26912100,25.056320190429688,24.15222549438477,23.807809829711918,25.20269738246337,24.186667959913315,23.86808250405206,24.82383847796905,23.82503028339931,23.42034193367931,24.99604751882296,23.902524188531395,23.678653864367718,0.013745736381235663,0.013652120649477927,0.006223980735739154,0.012635307896913472,24.889277648925777,24.169446086883546,24.33383445739746,0.0063192335497654845,0.013242964279854125,0.3788572790804601,0.2583119304918746,32607940.0
2024-07-17,25.857088088989254,26.08956814700956,25.237136888116336,25.331852019873487,45395000,25.40073776245117,24.04890251159668,23.70448303222656,25.452399820088107,24.212500945924525,24.29860073404765,25.073542541007647,23.92835716120102,23.61837851763731,25.142425831959294,24.152226628419463,23.893911650477296,0.01796602645190437,0.01780654473441638,0.013745736381235663,-0.004277990150932887,25.17858772277832,24.3007550239563,24.379179801940918,0.004496228424529018,0.01238585782946093,0.8524312588932261,0.5252360691157669,35712220.0
2024-07-18,25.58155059814453,26.42537279408377,25.5126673211604,25.753759611758305,47279700,25.857088088989254,23.86808013916016,23.23090934753418,26.08956814700956,24.057510402382626,23.66143028418518,25.237136888116336,23.50644248664377,23.13619585823975,25.331852019873487,24.00584670751811,23.635600079062623,-0.010656168625656437,-0.010713352191838136,0.01796602645190437,-0.007518944881136469,25.35940628051758,24.399774837493897,24.41307662963867,0.01097758478864081,0.012625004572209353,0.9127054729233706,-0.17220901361377372,35703640.0
2024-07-19,25.8054256439209,25.831257492644102,25.443787973331595,25.779595437504813,30021200,25.58155059814453,24.41053771972656,23.601154327392575,26.42537279408377,24.462199772877973,23.644205758136355,25.5126673211604,23.93696369853295,23.205075909168016,25.753759611758305,23.962795546262186,23.23090611069156,0.008751425951193381,0.008713354183370232,-0.010656168625656437,0.022727323580433056,25.540224456787108,24.495781040191652,24.45806728363037,0.010965355582455582,0.012537449713190103,0.38746951931250706,0.025830206416085133,36028480.0
2024-07-22,25.486841201782227,26.029296889646552,25.29741092799855,25.92597277877103,46483200,25.8054256439209,24.67745780944824,23.88530158996582,25.831257492644102,25.16825137174106,24.074730212619546,25.443787973331595,24.47080797492005,23.37728674861892,25.779595437504813,24.780783547865788,23.42033982806776,-0.012345637949735644,-0.012422478422665357,0.008751425951193381,0.010934625561565436,25.626328659057616,24.57585802078247,24.488203773498537,0.014082787044360189,0.013036070889424989,0.731885961648004,-0.4391315769888031,39218240.0
2024-07-23,25.40073776245117,25.521283111039757,25.25436056389052,25.504063520032243,25528300,25.486841201782227,24.90133476257324,23.88530158996582,26.029296889646552,25.090763411775324,24.014457543698224,25.29741092799855,24.78940002493276,23.730313788564118,25.92597277877103,24.88411352838016,23.91113343763512,-0.003378348797693942,-0.003384068303283045,-0.012345637949735644,0.009072123832758905,25.626328659057616,24.624937438964842,24.51093536376953,0.013006966936566215,0.012309629178561718,0.2669225471492389,-0.1033257575810751,38941480.0
2024-07-24,25.81403541564941,25.822646031608787,25.237137284828112,25.409346319401397,29579400,25.40073776245117,25.056320190429688,24.41914939880371,25.521283111039757,25.20269738246337,24.46220083791976,25.25436056389052,24.82383847796905,23.876692069021548,25.504063520032243,24.99604751882296,24.06612234266928,0.01627108854330994,0.016140132998707663,-0.003378348797693942,0.006223980735739154,25.617718124389647,24.710611057281493,24.544860382080078,0.012433312989461645,0.012162705308841632,0.5855087467806754,0.4046890962480134,35778360.0
2024-07-25,25.98624610900879,26.632027566420312,25.805426446933836,25.805426446933836,42296200,25.81403541564941,25.40073776245117,24.100563049316406,25.822646031608787,25.452399820088107,24.496643184964583,25.237137284828112,25.073542541007647,24.04890099416477,25.409346319401397,25.142425831959294,24.45359010374896,0.006671203885270094,0.006649049879309422,0.01627108854330994,0.013745736381235663,25.6986572265625,24.829434871673584,24.574824714660643,0.01116537383101551,0.01079508018779743,0.826601119486476,0.1808196620749527,34781660.0
2024-07-26,26.86817169189453,26.96422187045157,26.20454425180055,26.32679084204672,35657100,25.98624610900879,25.857088088989254,23.609769821166992,26.632027566420312,26.08956814700956,24.048901403192502,25.805426446933836,25.237136888116336,23.308404816760408,25.805426446933836,25.331852019873487,24.031680170413352,0.03393816787488979,0.03337497533775352,0.006671203885270094,0.01796602645190437,25.911206436157226,24.975995349884034,24.623460807800292,0.01793118426260723,0.012478334505773335,0.7596776186510219,0.5413808498478119,35908840.0
2024-07-29,26.82451057434082,27.00788212224588,26.580017397780544,26.798315828557847,41713700,26.86817169189453,25.58155059814453,23.936962127685547,26.96422187045157,26.42537279408377,23.96279397371958,26.20454425180055,25.5126673211604,23.308401988286548,26.32679084204672,25.753759611758305,23.56671552170606,-0.0016250126005739052,-0.001626334365667281,0.03393816787488979,-0.010656168625656437,26.178740310668946,25.112623310089113,24.663646469116213,0.015304082386361407,0.012588492962190998,0.4278647244653371,0.026194745782973428,34954940.0
2024-07-30,27.40954971313477,27.54053010053738,26.00370898850596,27.07773683991068,89857500,26.82451057434082,25.8054256439209,24.091951370239254,27.00788212224588,25.831257492644102,24.21249835001788,26.580017397780544,25.443787973331595,23.799197000116536,26.798315828557847,25.779595437504813,23.91974397989516,0.02180987187716199,0.021575439129548707,-0.0016250126005739052,0.008751425951193381,26.580502700805663,25.268170642852784,24.71381076812744,0.013707215282673402,0.01309830999799708,1.5368211120314221,0.3318128732240879,47820780.0
2024-07-31,26.667335510253903,27.29603435376359,26.6062105542802,27.243643199842307,40978700,27.40954971313477,25.486841201782227,24.298603057861328,27.54053010053738,26.029296889646552,24.65163012336292,26.00370898850596,25.29741092799855,24.05751236472297,27.07773683991068,25.92597277877103,24.066122981236084,-0.02707867187344537,-0.027452055022362518,0.02180987187716199,-0.012345637949735644,26.751162719726562,25.40339756011963,24.753952674865722,0.02334803022593218,0.01442873547523143,0.689823799483392,-0.5763076895884041,50100640.0
2024-08-01,26.76338768005371,26.90309854459972,26.1172245151572,26.824510975106985,39753100,26.667335510253903,25.40073776245117,23.962797164916992,27.29603435376359,25.521283111039757,24.350266695493264,26.6062105542802,25.25436056389052,23.84225181865201,27.243643199842307,25.504063520032243,24.29860299654498,0.003601866026805567,0.003595394841607638,-0.02707867187344537,-0.003378348797693942,26.90659103393555,25.549023818969726,24.797909927368163,0.02339070407879054,0.014240367977111822,0.785874029442521,-0.06112329505327452,49592020.0
2024-08-02,26.5712833404541,27.34842516490415,26.204541936632275,26.964219488165877,42364700,26.76338768005371,25.81403541564941,23.85086250305176,26.90309854459972,25.822646031608787,24.152225869572263,26.1172245151572,25.237137284828112,23.78197921323176,26.824510975106985,25.409346319401397,24.04029113947996,-0.007177878297626061,-0.007203763206245809,0.003601866026805567,0.01627108854330994,26.847213363647462,25.669976711273193,24.837508506774903,0.017706902445505376,0.014433072072801948,1.143883228271875,-0.3929361477117759,50933540.0
2024-08-05,25.968780517578125,26.204543217015654,25.19163865515605,25.40120494393892,37838000,26.5712833404541,25.98624610900879,24.15222549438477,27.34842516490415,26.632027566420312,24.186667959913315,26.204541936632275,25.805426446933836,23.82503028339931,26.964219488165877,25.805426446933836,23.902524188531395,-0.022674961354188006,-0.022935991740621716,-0.007177878297626061,0.006671203885270094,26.676067352294922,25.765970611572264,24.84714729309082,0.019930347488471847,0.015587686260773085,1.012904561859603,0.5675755736392034,50158400.0
2024-08-06,25.60204124450684,26.2394723012372,25.54091794666762,25.960050559409364,29031800,25.968780517578125,26.86817169189453,24.04890251159668,26.204543217015654,26.96422187045157,24.212500945924525,25.19163865515605,26.20454425180055,23.92835716120102,25.40120494393892,26.32679084204672,24.152226628419463,-0.014122314015594273,-0.014222982800184136,-0.022674961354188006,0.03393816787488979,26.314565658569336,25.852668666839598,24.86512222290039,0.0122616281878908,0.015910283260159027,0.6985543545695805,-0.3580093149025245,37993260.0
2024-08-07,25.191638946533203,26.029904111360405,25.095587105173276,25.872728976584096,32866100,25.60204124450684,26.82451057434082,23.86808013916016,26.2394723012372,27.00788212224588,24.057510402382626,25.54091794666762,26.580017397780544,23.50644248664377,25.960050559409364,26.798315828557847,24.00584670751811,-0.01603006158978404,-0.016159932792678477,-0.014122314015594273,-0.0016250126005739052,26.019426345825195,25.891723728179933,24.871617202758788,0.00998479237379055,0.015822235663658955,0.9343170061871291,-0.6810900300508926,36370740.0
2024-08-08,25.1130485534668,25.331346957096912,24.92094655784677,25.26149153455466,32094400,25.191638946533203,27.40954971313477,24.41053771972656,26.029904111360405,27.54053010053738,24.462199772877973,25.095587105173276,26.00370898850596,23.93696369853295,25.872728976584096,27.07773683991068,23.962795546262186,-0.0031197014705237613,-0.0031245778837664536,-0.01603006158978404,0.02180987187716199,25.689358520507813,25.91350326538086,24.88652847290039,0.007662570585086503,0.015701910748142985,0.41040039925014327,-0.14844298108786091,34839000.0
2024-08-09,24.92967987060547,25.10431927961411,24.842361831585983,25.01699957510979,25795600,25.1130485534668,26.667335510253903,24.67745780944824,25.331346957096912,27.29603435376359,25.16825137174106,24.92094655784677,26.6062105542802,24.47080797492005,25.26149153455466,27.243643199842307,24.780783547865788,-0.007301729316969707,-0.007328517421794793,-0.0031197014705237613,-0.02707867187344537,25.361037826538087,25.91492052078247,24.90603832244873,0.0076407290902179735,0.015685304707234938,0.26195744802812726,-0.08731970450432058,31525180.0
2024-08-12,24.84235954284668,24.982070390988028,24.72884343780391,24.955873982404768,21141600,24.92967987060547,26.76338768005371,24.90133476257324,25.10431927961411,26.90309854459972,25.090763411775324,24.842361831585983,26.1172245151572,24.78940002493276,25.01699957510979,26.824510975106985,24.88411352838016,-0.0035026654257902523,-0.003508814120411559,-0.007301729316969707,0.003601866026805567,25.135753631591797,25.90422248840332,24.917257881164552,0.005982725288268711,0.015638551044479688,0.25322695318411803,-0.11351443955808804,28185900.0
2024-08-13,25.191638946533203,25.27895865090725,24.720113542204277,24.929679833411075,34620700,24.84235954284668,26.5712833404541,25.056320190429688,24.982070390988028,27.34842516490415,25.20269738246337,24.72884343780391,26.204541936632275,24.82383847796905,24.955873982404768,26.964219488165877,24.99604751882296,0.014059832081735557,0.013961909425972833,-0.0035026654257902523,-0.007177878297626061,25.05367317199707,25.89376754760742,24.92754150390625,0.010947971137158365,0.015653562780992177,0.5588451087029718,0.2619591131221277,29303680.0
2024-08-14,25.217832565307617,25.47979166672577,25.0344626932512,25.1479771380264,23677700,25.191638946533203,25.968780517578125,25.40073776245117,25.27895865090725,26.204543217015654,25.452399820088107,24.720113542204277,25.19163865515605,25.073542541007647,24.929679833411075,25.40120494393892,25.142425831959294,0.00103977430091029,0.0010392341100305088,0.014059832081735557,-0.022674961354188006,25.058911895751955,25.86180477142334,24.927155418395998,0.00827345298681693,0.015060516953414744,0.44532897347457023,0.06985542728121885,27466000.0
2024-08-15,25.06939125061035,25.33135036954645,24.90348564065085,25.261494937593795,28676800,25.217832565307617,25.60204124450684,25.857088088989254,25.47979166672577,26.2394723012372,26.08956814700956,25.0344626932512,25.54091794666762,25.237136888116336,25.1479771380264,25.960050559409364,25.331852019873487,-0.005886362926426858,-0.005903755848297497,0.00103977430091029,-0.014122314015594273,25.050180435180664,25.83619680404663,24.920700721740722,0.008638385857395858,0.014939228722123558,0.42786472889559946,-0.19210368698344382,26782480.0
2024-08-16,24.71137809753418,25.016996189193108,24.318441978673796,25.016996189193108,50332900,25.06939125061035,25.191638946533203,25.58155059814453,25.33135036954645,26.029904111360405,26.42537279408377,24.90348564065085,25.095587105173276,25.5126673211604,25.261494937593795,25.872728976584096,25.753759611758305,-0.014280887377648432,-0.014383840600833989,-0.005886362926426858,-0.01603006158978404,25.006520080566407,25.781494426727296,24.906052474975585,0.010427507446433861,0.015043049985575851,0.6985542105193119,-0.3056180916589284,31689940.0
2024-08-19,25.14797592163086,25.226563481706584,24.693916499007937,24.755039786736905,26382500,24.71137809753418,25.1130485534668,25.8054256439209,25.016996189193108,25.331346957096912,25.831257492644102,24.318441978673796,24.92094655784677,25.443787973331595,25.016996189193108,25.26149153455466,25.779595437504813,0.017667886524719734,0.017513623765261915,-0.014280887377648432,-0.0031197014705237613,25.06764335632324,25.764551162719727,24.91305191040039,0.013395465772754366,0.015454049843024627,0.5326469826986475,0.3929361348939544,32738120.0
2024-08-20,25.235300064086918,25.48852706127691,25.14798035245295,25.14798035245295,21301300,25.14797592163086,24.92967987060547,25.486841201782227,25.226563481706584,25.10431927961411,26.029296889646552,24.693916499007937,24.842361831585983,25.29741092799855,24.755039786736905,25.01699957510979,25.92597277877103,0.0034724123614635616,0.003466397457788368,0.017667886524719734,-0.007301729316969707,25.076375579833986,25.756279277801514,24.9255863571167,0.011864608232662525,0.015464118962716445,0.34054670882395754,0.08731971163396679,30074240.0
2024-08-21,25.348812103271484,25.471058680565005,25.26149240571124,25.30515142174901,16729700,25.235300064086918,24.84235954284668,25.40073776245117,25.48852706127691,24.982070390988028,25.521283111039757,25.14798035245295,24.72884343780391,25.25436056389052,25.14798035245295,24.955873982404768,25.504063520032243,0.004498145014970811,0.00448805859615522,0.0034724123614635616,-0.0035026654257902523,25.102571487426758,25.733018112182616,24.949173698425295,0.012010947000064815,0.015021336660704649,0.20956627485376345,0.04366068152247493,28684640.0
2024-08-22,25.130517959594727,25.43613445472609,24.92095164915394,25.34008427003551,20241500,25.348812103271484,25.191638946533203,25.81403541564941,25.471058680565005,25.27895865090725,25.822646031608787,25.26149240571124,24.720113542204277,25.237137284828112,25.30515142174901,24.929679833411075,25.409346319401397,-0.008611612362244947,-0.008648906559123117,0.004498145014970811,0.014059832081735557,25.114796829223632,25.690231704711913,24.96908390045166,0.01246034450103018,0.015009877329615489,0.5151828055721523,-0.20956631044078478,26997580.0
2024-08-23,25.235300064086918,25.27022861493449,25.0082694800326,25.165444627876735,21885300,25.130517959594727,25.217832565307617,25.98624610900879,25.43613445472609,25.47979166672577,26.632027566420312,24.92095164915394,25.0344626932512,25.805426446933836,25.34008427003551,25.1479771380264,25.805426446933836,0.004169516309240562,0.004160847962967943,-0.008611612362244947,0.00103977430091029,25.21958122253418,25.608588123321532,24.997461471557617,0.009302323254767554,0.012583744514746245,0.2619591349018897,0.06985543621018309,21308060.0
2024-08-26,25.252765655517575,25.36628012071787,25.12178691398337,25.252765655517575,16506000,25.235300064086918,25.06939125061035,26.86817169189453,25.27022861493449,25.33135036954645,26.96422187045157,25.0082694800326,24.90348564065085,26.20454425180055,25.165444627876735,25.261494937593795,26.32679084204672,0.0006921095206438022,0.0006918701233026035,0.004169516309240562,-0.005886362926426858,25.240539169311525,25.53000087738037,25.02636058807373,0.0054943621525372,0.012608242254017613,0.24449320673450003,0.0,19332760.0
2024-08-27,25.165441513061523,25.35754518797589,24.938410957107585,25.30515236818937,16184600,25.252765655517575,24.71137809753418,26.82451057434082,25.36628012071787,25.016996189193108,27.00788212224588,25.12178691398337,24.318441978673796,26.580017397780544,25.252765655517575,25.016996189193108,26.798315828557847,-0.003458003121213471,-0.0034639958332062615,0.0006921095206438022,-0.014280887377648432,25.226567459106445,25.41779546737671,25.05557975769043,0.005539544022031638,0.011183254996619544,0.4191342308683055,-0.13971085512784498,18309420.0
2024-08-28,25.10431861877441,25.392472470214,25.008266779799623,25.13051502908157,19874100,25.165441513061523,25.14797592163086,27.40954971313477,25.35754518797589,25.226563481706584,27.54053010053738,24.938410957107585,24.693916499007937,26.00370898850596,25.30515236818937,24.755039786736905,27.07773683991068,-0.0024288425162494187,-0.0024317969390885226,-0.003458003121213471,0.017667886524719734,25.17766876220703,25.339644622802734,25.093047943115234,0.004777737540414511,0.009802438130746518,0.384205690414376,-0.026196410307161244,18938300.0
2024-08-29,25.07812118530273,25.22656417335072,24.912215589913902,25.20910156600986,19229800,25.10431861877441,25.235300064086918,26.667335510253903,25.392472470214,25.48852706127691,27.29603435376359,25.008266779799623,25.14798035245295,26.6062105542802,25.13051502908157,25.14798035245295,27.243643199842307,-0.0010435429007058517,-0.0010440877706951136,-0.0024288425162494187,0.0034724123614635616,25.16718940734863,25.255381298065185,25.122587280273436,0.0029980814429239246,0.009692954373957823,0.3143485834368178,-0.13098038070712903,18735960.0
2024-08-30,25.33135032653809,25.366277209712678,25.03446432487216,25.078123345211612,37137600,25.07812118530273,25.348812103271484,26.76338768005371,25.22656417335072,25.471058680565005,26.90309854459972,24.912215589913902,25.26149240571124,26.1172245151572,25.20910156600986,25.30515142174901,26.824510975106985,0.010097612152212054,0.010046971878533217,-0.0010435429007058517,0.004498145014970811,25.186399459838867,25.193384647369385,25.151508255004885,0.005440770617679896,0.010081932637786811,0.33181288484051663,0.2532269813264776,21786420.0
2024-09-03,24.71137809753418,25.252758859800107,24.57166725543032,25.016996189193108,44499600,25.33135032653809,25.130517959594727,26.5712833404541,25.366277209712678,25.43613445472609,27.34842516490415,25.03446432487216,24.92095164915394,26.204541936632275,25.078123345211612,25.34008427003551,26.964219488165877,-0.024474503767547007,-0.024778982681896156,0.010097612152212054,-0.008611612362244947,25.078121948242188,25.130514526367186,25.16802978515625,0.012541023798686282,0.010279085105929524,0.6810916043697866,-0.3056180916589284,27385140.0
2024-09-04,24.78996467590332,24.92094504250472,24.624059098381423,24.702646652148445,23510500,24.71137809753418,25.235300064086918,25.968780517578125,25.252758859800107,25.27022861493449,26.204543217015654,24.57166725543032,25.0082694800326,25.19163865515605,25.016996189193108,25.165444627876735,25.40120494393892,0.0031801778945295123,0.003175131824246131,-0.024474503767547007,0.004169516309240562,25.00302658081055,25.08991069793701,25.17544609069824,0.012990654343957072,0.009966425674418434,0.2968859441232965,0.08731802375487518,28850320.0
2024-09-05,24.894752502441406,25.147977808530637,24.755041644153945,24.82489707329768,25927200,24.78996467590332,25.252765655517575,25.60204124450684,24.92094504250472,25.36628012071787,26.2394723012372,24.624059098381423,25.12178691398337,25.54091794666762,24.702646652148445,25.252765655517575,25.960050559409364,0.004227026053003735,0.004218117274646054,0.0031801778945295123,0.0006921095206438022,24.961113357543944,25.075066375732423,25.191329879760744,0.013390210934621158,0.00943391175528944,0.39293616437669243,0.06985542914372544,30060940.0
2024-09-06,24.938411712646484,25.121783256485223,24.69391854150792,24.938411712646484,31214500,24.894752502441406,25.165441513061523,25.191638946533203,25.147977808530637,25.35754518797589,26.029904111360405,24.755041644153945,24.938410957107585,25.095587105173276,24.82489707329768,25.30515236818937,25.872728976584096,0.0017537515265835246,0.0017522154999854741,0.004227026053003735,-0.003458003121213471,24.933171463012695,25.066334533691407,25.21790271759033,0.0134775631420236,0.009426985744595176,0.4278647149773036,0.0,32457880.0
2024-09-09,25.68062973022461,25.837804881959723,24.84236447495069,24.920952050818244,36558400,24.938411712646484,25.10431861877441,25.1130485534668,25.121783256485223,25.392472470214,25.331346957096912,24.69391854150792,25.008266779799623,24.92094655784677,24.938411712646484,25.13051502908157,25.26149153455466,0.029762040427046887,0.029327746838695604,0.0017537515265835246,-0.0024288425162494187,25.00302734375,25.103882026672363,25.252776069641115,0.019196910722642468,0.011413266829459567,0.9954404070090348,0.7596776794063658,32342040.0
2024-09-10,25.968780517578125,25.986244791347904,25.488524647302988,25.689358799200967,32378800,25.68062973022461,25.07812118530273,24.92967987060547,25.837804881959723,25.22656417335072,25.10431927961411,24.84236447495069,24.912215589913902,24.842361831585983,24.920952050818244,25.20910156600986,25.01699957510979,0.011220549900082144,0.011158066494390313,0.029762040427046887,-0.0010435429007058517,25.25450782775879,25.160203075408937,25.29031265258789,0.011617461840347176,0.011544511939430565,0.4977201440449157,0.2794217183771579,29917880.0
2024-09-11,25.89892578125,25.933854329724525,25.44486464399034,25.916390055487263,31943100,25.968780517578125,25.33135032653809,24.84235954284668,25.986244791347904,25.366277209712678,24.982070390988028,25.488524647302988,25.03446432487216,24.72884343780391,25.689358799200967,25.078123345211612,24.955873982404768,-0.002689950584350287,-0.0026935750025530616,0.011220549900082144,0.010097612152212054,25.476300048828126,25.195567417144776,25.322319107055662,0.012726271272227923,0.011248960589845775,0.488989685734186,-0.0174642742372626,31604400.0
2024-09-12,25.462326049804688,25.94258187883283,25.113048931831067,25.82906744004816,32511800,25.89892578125,24.71137809753418,25.191638946533203,25.933854329724525,25.252758859800107,25.27895865090725,25.44486464399034,24.57166725543032,24.720113542204277,25.916390055487263,25.016996189193108,24.929679833411075,-0.01685783167738164,-0.017001542311143616,-0.002689950584350287,-0.024474503767547007,25.589814758300783,25.20779209136963,25.35230968475342,0.017310660723073246,0.011971609960989029,0.8295329470017627,-0.3667413902434724,32921320.0
2024-09-13,25.558380126953125,25.602039145978257,25.313885290151863,25.46232828651605,19987700,25.462326049804688,24.78996467590332,25.217832565307617,25.94258187883283,24.92094504250472,25.47979166672577,25.113048931831067,24.624059098381423,25.0344626932512,25.82906744004816,24.702646652148445,25.1479771380264,0.003772399935518589,0.0037653022794132377,-0.01685783167738164,0.0031801778945295123,25.713808441162108,25.232241535186766,25.386460037231444,0.017250017736829947,0.011892838634522446,0.2881538558263941,0.09605184043707382,30675960.0
2024-09-16,26.256929397583008,26.31805267871055,25.70681820195062,25.82033262897541,29224600,25.558380126953125,24.894752502441406,25.06939125061035,25.602039145978257,25.147977808530637,25.33135036954645,25.313885290151863,24.755041644153945,24.90348564065085,25.46232828651605,24.82489707329768,25.261494937593795,0.027331515814384977,0.026964679066391765,0.003772399935518589,0.004227026053003735,25.82906837463379,25.30951910018921,25.42855411529541,0.01639215025416989,0.012686160323125468,0.6112344767599289,0.4365967686075969,29209200.0
2024-09-17,26.047367095947266,26.318056667170893,25.846532951667957,26.239469103672945,27055300,26.256929397583008,24.938411712646484,24.71137809753418,26.31805267871055,25.121783256485223,25.016996189193108,25.70681820195062,24.69391854150792,24.318441978673796,25.82033262897541,24.938411712646484,25.016996189193108,-0.007981218917968103,-0.008013239334111712,0.027331515814384977,0.0017537515265835246,25.844785690307617,25.35448865890503,25.46852340698242,0.016686888067988643,0.012431350960496024,0.47152371550293637,-0.19210200772567987,28144500.0
2024-09-18,25.977510452270508,26.318055434488038,25.960046179981237,26.195808859432447,25812800,26.047367095947266,25.68062973022461,25.14797592163086,26.318056667170893,25.837804881959723,25.226563481706584,25.846532951667957,24.84236447495069,24.693916499007937,26.239469103672945,24.920952050818244,24.755039786736905,-0.0026819080569424614,-0.0026855108153082245,-0.007981218917968103,0.029762040427046887,25.860502624511717,25.39159917831421,25.51071201324463,0.016686478184282625,0.012464722432227439,0.35800925450680054,-0.2182984071619387,26918440.0
2024-09-19,25.89892578125,26.501429918556678,25.776679192558884,26.09975993852394,22653200,25.977510452270508,25.968780517578125,25.235300064086918,26.318055434488038,25.986244791347904,25.48852706127691,25.960046179981237,25.488524647302988,25.14798035245295,26.195808859432447,25.689358799200967,25.14798035245295,-0.0030251040092889037,-0.003029688885241562,-0.0026819080569424614,0.011220549900082144,25.94782257080078,25.419104862213135,25.5404797744751,0.013969836106082567,0.012483744615487213,0.7247507259977937,-0.20083415727393827,24946720.0
2024-09-20,25.689359664916992,25.802874117276275,25.52345238948277,25.794143645581997,56877400,25.89892578125,25.89892578125,25.348812103271484,26.501429918556678,25.933854329724525,25.471058680565005,25.776679192558884,25.44486464399034,25.26149240571124,26.09975993852394,25.916390055487263,25.30515142174901,-0.008091691450953009,-0.008124606867401083,-0.0030251040092889037,-0.002689950584350287,25.974018478393553,25.447046947479247,25.56071781158447,0.01488595756030802,0.012462876165761508,0.2794217277935047,-0.1047839806650046,32324660.0
2024-09-23,25.593305587768555,25.733016439472003,25.479791145316277,25.6980895592885,23126200,25.689359664916992,25.462326049804688,25.130517959594727,25.802874117276275,25.94258187883283,25.43613445472609,25.52345238948277,25.113048931831067,24.92095164915394,25.794143645581997,25.82906744004816,25.34008427003551,-0.003739060778522041,-0.0037460685400260377,-0.008091691450953009,-0.01685783167738164,25.841293716430663,25.46494722366333,25.57455722808838,0.0027044447535667614,0.012488258630360696,0.25322529415572603,-0.10478397151994656,31104980.0
2024-09-24,25.75921630859375,25.83780388141809,25.453598154886325,25.54091786530058,21446200,25.593305587768555,25.558380126953125,25.235300064086918,25.733016439472003,25.602039145978257,25.27022861493449,25.479791145316277,25.313885290151863,25.0082694800326,25.6980895592885,25.46232828651605,25.165444627876735,0.006482582730715558,0.006461661159818156,-0.003739060778522041,0.003772399935518589,25.78366355895996,25.49026975631714,25.58861515045166,0.005324011694892215,0.012553109652950954,0.3842057265317642,0.21829844329316828,29983160.0
2024-09-25,25.261493682861328,25.94258369419888,25.244029409369396,25.84653352096282,30712700,25.75921630859375,26.256929397583008,25.252765655517575,25.83780388141809,26.31805267871055,25.36628012071787,25.453598154886325,25.70681820195062,25.12178691398337,25.54091786530058,25.82033262897541,25.252765655517575,-0.019322118335035388,-0.019511230458098584,0.006482582730715558,0.027331515814384977,25.640460205078124,25.49507236480713,25.585830268859862,0.009361737155240028,0.01333123171812754,0.6985542848294841,-0.5850398381014905,30963140.0
2024-09-26,25.29642105102539,25.331349598681232,24.72011333858257,24.86855633515026,32310400,25.261493682861328,26.047367095947266,25.165441513061523,25.94258369419888,26.318056667170893,25.35754518797589,25.244029409369396,25.846532951667957,24.938410957107585,25.84653352096282,26.239469103672945,25.30515236818937,0.0013826327374995007,0.0013816777809908404,-0.019322118335035388,-0.007981218917968103,25.519959259033204,25.504677486419677,25.574616928100586,0.009852320528263684,0.013317787582345177,0.6112362600986607,0.4278647158751312,32894580.0
2024-09-27,25.401203155517575,25.52344973232937,25.252760169895527,25.34007986711168,25013000,25.29642105102539,25.977510452270508,25.10431861877441,25.331349598681232,26.318055434488038,25.392472470214,24.72011333858257,25.960046179981237,25.008266779799623,24.86855633515026,26.195808859432447,25.13051502908157,0.004142171111116033,0.0041336159368860325,0.0013826327374995007,-0.0026819080569424614,25.46232795715332,25.52083158493042,25.571009979248046,0.010295395818541669,0.013337334654754405,0.27068956243384434,0.06112328840589498,26521700.0
2024-09-30,25.270225524902344,25.48852394455133,25.130514669565777,25.418668516883045,27464700,25.401203155517575,25.89892578125,25.07812118530273,25.52344973232937,26.501429918556678,25.22656417335072,25.252760169895527,25.776679192558884,24.912215589913902,25.34007986711168,26.09975993852394,25.20910156600986,-0.005156355382590627,-0.005169695259529435,0.004142171111116033,-0.0030251040092889037,25.397711944580077,25.517775344848634,25.560305976867674,0.010367253596826224,0.013208647598025093,0.3580092749855517,-0.14844299198070132,27389400.0
2024-10-01,25.034460067749023,25.39246930320447,24.91221349919875,25.366272896164592,30725100,25.270225524902344,25.689359664916992,25.33135032653809,25.48852394455133,25.802874117276275,25.366277209712678,25.130514669565777,25.52345238948277,25.03446432487216,25.418668516883045,25.794143645581997,25.078123345211612,-0.009329772578443585,-0.009373567517350778,-0.005156355382590627,-0.008091691450953009,25.252760696411134,25.533929443359376,25.551258354187013,0.009301284126600896,0.012123558289164772,0.4802558040057221,-0.33181282841556836,29245180.0
2024-10-02,24.982072830200195,25.1217836919827,24.781237009088603,24.973340693153183,24957200,25.034460067749023,25.593305587768555,24.71137809753418,25.39246930320447,25.733016439472003,25.252758859800107,24.91221349919875,25.479791145316277,24.57166725543032,25.366272896164592,25.6980895592885,25.016996189193108,-0.0020926050494820547,-0.002094797606733527,-0.009329772578443585,-0.003739060778522041,25.196876525878906,25.54353485107422,25.54288505554199,0.005306671223739598,0.01212455137372408,0.3405466828940966,0.008732137047012145,28094080.0
2024-10-03,24.746309280395508,24.90348441089877,24.67645385189237,24.886020137401783,25678900,24.982072830200195,25.75921630859375,24.78996467590332,25.1217836919827,25.83780388141809,24.92094504250472,24.781237009088603,25.453598154886325,24.624059098381423,24.973340693153183,25.54091786530058,24.702646652148445,-0.00943730936208298,-0.00948212293530772,-0.0020926050494820547,0.006482582730715558,25.08685417175293,25.536112689971922,25.521530532836913,0.005668747520546162,0.012284765304495219,0.22703055900640123,-0.13971085700627484,26767780.0
2024-10-04,24.95587539672852,24.96460753341781,24.658989411231573,24.70265009467805,28769000,24.746309280395508,25.261493682861328,24.894752502441406,24.90348441089877,25.94258369419888,25.147977808530637,24.67645385189237,25.244029409369396,24.755041644153945,24.886020137401783,25.84653352096282,24.82489707329768,0.008468580666250336,0.008432923406490378,-0.00943730936208298,-0.019322118335035388,24.997788619995116,25.536985874176025,25.50092311859131,0.007368999883285549,0.012432640862932031,0.3056181221862353,0.25322530205047045,27518980.0
2024-10-07,25.49725914001465,26.056102628403472,25.418671566274348,25.64570214980355,51426600,24.95587539672852,25.29642105102539,24.938411712646484,24.96460753341781,25.331349598681232,25.121783256485223,24.658989411231573,24.72011333858257,24.69391854150792,24.70265009467805,24.86855633515026,24.938411712646484,0.021693638659419534,0.021461680364497908,0.008468580666250336,0.0013826327374995007,25.04319534301758,25.52781734466553,25.47350486755371,0.01328071774669287,0.011516947160304936,0.6374310621291244,-0.14844300978890246,32311360.0
2024-10-08,25.479793548583984,25.750483141105416,25.32261840922158,25.50598829482113,29126600,25.49725914001465,25.401203155517575,25.68062973022461,26.056102628403472,25.52344973232937,25.837804881959723,25.418671566274348,25.252760169895527,24.84236447495069,25.64570214980355,25.34007986711168,24.920952050818244,-0.0006849987810357838,-0.0006852334998950033,0.021693638659419534,0.004142171111116033,25.13226203918457,25.50336799621582,25.446610527038573,0.011956386206942083,0.011193526202369679,0.42786473188383667,-0.02619474623714524,31991660.0
2024-10-09,26.36171531677246,26.571281581442456,25.40993415713501,25.514716456727697,44244800,25.479793548583984,25.270225524902344,25.968780517578125,25.750483141105416,25.48852394455133,25.986244791347904,25.32261840922158,25.130514669565777,25.488524647302988,25.50598829482113,25.418668516883045,25.689358799200967,0.03461259474127454,0.034027052050078624,-0.0006849987810357838,-0.005156355382590627,25.408190536499024,25.526507472991945,25.425653839111327,0.017553598506323907,0.013704181369983283,1.161347424307447,0.8469988600447635,35849180.0
2024-10-10,25.619504928588867,26.265668108027167,25.56711376957628,26.09976082808824,34347700,26.36171531677246,25.034460067749023,25.89892578125,26.571281581442456,25.39246930320447,25.933854329724525,25.40993415713501,24.91221349919875,25.44486464399034,25.514716456727697,25.366272896164592,25.916390055487263,-0.0281548593960943,-0.028558807580887875,0.03461259474127454,-0.009329772578443585,25.582829666137695,25.534366416931153,25.404697227478028,0.023849861904700977,0.014676205552638495,0.6985543384508865,-0.4802558994993724,37582940.0
2024-10-11,25.462326049804688,25.70682086512856,25.278956187425287,25.63696544153383,29617600,25.619504928588867,24.982072830200195,25.462326049804688,26.265668108027167,25.1217836919827,25.94258187883283,25.56711376957628,24.781237009088603,25.113048931831067,26.09976082808824,24.973340693153183,25.82906744004816,-0.006135125531203545,-0.006154022744675658,-0.0281548593960943,-0.0020926050494820547,25.68411979675293,25.52956371307373,25.378675994873046,0.024537962051426963,0.014723849925339637,0.42786467770327263,-0.17463939172914422,37752660.0
2024-10-14,25.392473220825195,25.47106078858496,25.191639065654616,25.46232865155778,23594200,25.462326049804688,24.746309280395508,25.558380126953125,25.70682086512856,24.90348441089877,25.602039145978257,25.278956187425287,24.67645385189237,25.313885290151863,25.63696544153383,24.886020137401783,25.46232828651605,-0.0027433797227660595,-0.0027471496854557685,-0.006135125531203545,-0.00943730936208298,25.663162612915038,25.48634090423584,25.35509979248047,0.02255234900971253,0.013237038706693698,0.2794217229303442,-0.06985543073258427,32186180.0
2024-10-15,25.706823348999023,25.968780796419185,25.38374094272831,25.40120521668561,29009900,25.392473220825195,24.95587539672852,26.256929397583008,25.47106078858496,24.96460753341781,26.31805267871055,25.191639065654616,24.658989411231573,25.70681820195062,25.46232865155778,24.70265009467805,25.82033262897541,0.01237965776078953,0.012303656402006197,-0.0027433797227660595,0.008468580666250336,25.708568572998047,25.46931371688843,25.349860649108887,0.023287946220893863,0.013499954086343661,0.5850398536908763,0.3056181323134126,32162840.0
2024-10-16,25.907655715942383,26.03863443061755,25.698089439365177,25.759212728514605,28414800,25.706823348999023,25.49725914001465,26.047367095947266,25.968780796419185,26.056102628403472,26.318056667170893,25.38374094272831,25.418671566274348,25.846532951667957,25.40120521668561,25.64570214980355,26.239469103672945,0.0078124147903004815,0.0077820558928921625,0.01237965776078953,0.021693638659419534,25.617756652832032,25.46582098007202,25.355972938537597,0.01577518567575458,0.013617053280676047,0.34054499125237214,0.14844298742777795,28996840.0
2024-10-17,25.558380126953125,25.785410689950407,25.514719442443177,25.74175000544046,23779200,25.907655715942383,25.479793548583984,25.977510452270508,26.03863443061755,25.750483141105416,26.318055434488038,25.698089439365177,25.32261840922158,25.960046179981237,25.759212728514605,25.50598829482113,26.195808859432447,-0.01348155899625958,-0.013573260330029237,0.0078124147903004815,-0.0006849987810357838,25.605531692504883,25.44879369735718,25.363307762145997,0.010491282620406845,0.013934455666165527,0.27069124750723006,-0.18336987848733344,26883140.0
2024-10-18,25.51471900939941,25.645699395221403,25.392472425816,25.584574437944905,24244900,25.558380126953125,26.36171531677246,25.89892578125,25.785410689950407,26.571281581442456,26.501429918556678,25.514719442443177,25.40993415713501,25.776679192558884,25.74175000544046,25.514716456727697,26.09975993852394,-0.0017082897013364073,-0.0017097504920611344,-0.01348155899625958,0.03461259474127454,25.61601028442383,25.4400616645813,25.37134117126465,0.010068094342341948,0.013825778818099363,0.2532269694054037,-0.06985542854549465,25808600.0
2024-10-21,25.261493682861328,25.514718986555224,25.21783299913149,25.514718986555224,23395700,25.51471900939941,25.619504928588867,25.689359664916992,25.645699395221403,26.265668108027167,25.802874117276275,25.392472425816,25.56711376957628,25.52345238948277,25.584574437944905,26.09976082808824,25.794143645581997,-0.009924676279789546,-0.00997425418191607,-0.0017082897013364073,-0.0281548593960943,25.589814376831054,25.42347106933594,25.377977447509764,0.011097449363300576,0.01397628980820164,0.2968859874237353,-0.2532253036938954,25768900.0
2024-10-22,25.182905197143555,25.313883912575932,24.97333891935481,25.235296350219564,29036400,25.261493682861328,25.462326049804688,25.593305587768555,25.514718986555224,25.70682086512856,25.733016439472003,25.21783299913149,25.278956187425287,25.479791145316277,25.514718986555224,25.63696544153383,25.6980895592885,-0.0031109991635646095,-0.003115848381349123,-0.009924676279789546,-0.006135125531203545,25.485030746459962,25.39465551376343,25.384788360595703,0.008224095997600846,0.01388620621305479,0.34054499322112264,-0.052391153076008834,25774200.0
2024-10-23,25.20037078857422,25.418669214211945,25.0344635187538,25.209102925457906,22217600,25.182905197143555,25.392473220825195,25.75921630859375,25.313883912575932,25.47106078858496,25.83780388141809,24.97333891935481,25.191639065654616,25.453598154886325,25.235296350219564,25.46232865155778,25.54091786530058,0.0006935495048698836,0.0006933091105558477,-0.0031109991635646095,-0.0027433797227660595,25.343573760986327,25.39159936904907,25.384962997436524,0.0059524635062085714,0.013203720433576207,0.38420569545814587,-0.008732136883686792,24534760.0
2024-10-24,25.00826644897461,25.305152433255856,24.886019866794605,25.20037012438293,31473600,25.20037078857422,25.706823348999023,25.261493682861328,25.418669214211945,25.968780796419185,25.94258369419888,25.0344635187538,25.38374094272831,25.244029409369396,25.209102925457906,25.40120521668561,25.84653352096282,-0.007623075914688915,-0.007652280069550544,0.0006935495048698836,0.01237965776078953,25.233551025390625,25.377191638946535,25.380771675109862,0.004351437085668814,0.013305861871946835,0.41913256646125063,-0.19210367540831896,26073640.0
2024-10-25,24.84235954284668,25.08685269435169,24.833627406652266,25.04319367886428,26091100,25.00826644897461,25.907655715942383,25.29642105102539,25.305152433255856,26.03863443061755,25.331349598681232,24.886019866794605,25.698089439365177,24.72011333858257,25.20037012438293,25.759212728514605,24.86855633515026,-0.006634082632894112,-0.006656185970231042,-0.007623075914688915,0.0078124147903004815,25.099079132080078,25.34924945831299,25.37623104095459,0.004161624614169402,0.013326626938990227,0.25322528769942565,-0.20083413601760114,26442880.0
2024-10-28,25.20037078857422,25.270226218158896,24.938411678518055,24.973340226052805,37922500,24.84235954284668,25.558380126953125,25.401203155517575,25.08685269435169,25.785410689950407,25.52344973232937,24.833627406652266,25.514719442443177,25.252760169895527,25.04319367886428,25.74175000544046,25.34007986711168,0.014411322125422954,0.014308466039781476,-0.006634082632894112,-0.01348155899625958,25.086854553222658,25.34575672149658,25.386010894775392,0.008929492960388629,0.013720056054604626,0.33181453964084184,0.22703056252141351,29348240.0
2024-10-29,24.85109138488769,25.471059765025075,24.47561950071649,25.331348909174213,102267000,25.20037078857422,25.51471900939941,25.270225524902344,25.270226218158896,25.645699395221403,25.48852394455133,24.938411678518055,25.392472425816,25.130514669565777,24.973340226052805,25.584574437944905,25.418668516883045,-0.013860089862046343,-0.013957037754248369,0.014411322125422954,-0.0017082897013364073,25.020491790771484,25.336588287353514,25.380073204040528,0.01082274521775893,0.013917316047930435,0.9954402643085842,-0.4802575242865217,43994360.0
2024-10-30,24.903484344482425,24.97333977279926,24.615330494489864,24.72011280422273,47104000,24.85109138488769,25.261493682861328,25.034460067749023,25.471059765025075,25.514718986555224,25.39246930320447,24.47561950071649,25.21783299913149,24.91221349919875,25.331348909174213,25.514718986555224,25.366272896164592,0.0021082760021797764,0.0021060567070394776,-0.013860089862046343,-0.009924676279789546,24.961114501953126,25.33265886306763,25.37343688964844,0.010948223194386406,0.013920155935848477,0.358009278309396,0.18337154025969582,48971640.0
2024-10-31,24.71137809753418,25.00826405337604,24.702647627201724,24.842358469305587,37909600,24.903484344482425,25.182905197143555,24.982072830200195,24.97333977279926,25.313883912575932,25.1217836919827,24.615330494489864,24.97333891935481,24.781237009088603,24.72011280422273,25.235296350219564,24.973340693153183,-0.007714030867765231,-0.00774393790570078,0.0021082760021797764,-0.0031109991635646095,24.90173683166504,25.33091230392456,25.36068820953369,0.010959308260886608,0.01386431667993985,0.30561642617431417,-0.13098037177140753,50258840.0
2024-11-01,24.528011322021484,24.92094915571104,24.493082774366936,24.86855633422922,46894600,24.71137809753418,25.20037078857422,24.746309280395508,25.00826405337604,25.418669214211945,24.90348441089877,24.702647627201724,25.0344635187538,24.67645385189237,24.842358469305587,25.209102925457906,24.886020137401783,-0.007420337902198648,-0.0074480055633910905,-0.007714030867765231,0.0006935495048698836,24.8388671875,25.30951910018921,25.348638076782226,0.011041698034935777,0.013809857697666997,0.4278663813441028,-0.34054501220773403,54419540.0
2024-11-04,24.23985481262207,24.571667651597384,24.213658404748504,24.5367407732506,41347800,24.528011322021484,25.00826644897461,24.95587539672852,24.92094915571104,25.305152433255856,24.96460753341781,24.493082774366936,24.886019866794605,24.658989411231573,24.86855633422922,25.20037012438293,24.70265009467805,-0.011748058398061145,-0.01181761212026092,-0.007420337902198648,-0.007623075914688915,24.64676399230957,25.24664888381958,25.32872917175293,0.006136174819482598,0.012943674518679582,0.35800924684888,-0.29688596062852923,55104600.0
2024-11-05,24.44069099426269,24.449423130953356,24.08268171736966,24.22239257345061,44175800,24.23985481262207,24.84235954284668,25.49725914001465,24.571667651597384,25.08685269435169,26.056102628403472,24.213658404748504,24.833627406652266,25.418671566274348,24.5367407732506,25.04319367886428,25.64570214980355,0.008285370650654267,0.008251235386511119,-0.011748058398061145,-0.006634082632894112,24.56468391418457,25.194693756103515,25.31248767852783,0.00823560533416258,0.013161503796651831,0.3667414135836964,0.21829842081208284,43486360.0
2024-11-06,23.89057922363281,24.44069050014434,23.64608439769172,24.38829934654437,65749500,24.44069099426269,25.20037078857422,25.479793548583984,24.449423130953356,25.270226218158896,25.750483141105416,24.08268171736966,24.938411678518055,25.32261840922158,24.22239257345061,24.973340226052805,25.50598829482113,-0.02250802854792522,-0.02276520050460704,0.008285370650654267,0.014411322125422954,24.362102890014647,25.071136951446533,25.28699043273926,0.011067042007959745,0.010781300091745782,0.7946061024526188,-0.4977201229115593,47215460.0
2024-11-07,23.97789764404297,24.0914137550703,23.873115335155187,24.039022600626407,48484800,23.89057922363281,24.85109138488769,26.36171531677246,24.44069050014434,25.471059765025075,26.571281581442456,23.64608439769172,24.47561950071649,25.40993415713501,24.38829934654437,25.331348909174213,25.514716456727697,0.003654931075249168,0.003648268045008992,-0.02250802854792522,-0.013860089862046343,24.215406799316405,24.98905658721924,25.26446201324463,0.012296830121377986,0.009423816986652065,0.21829841991511145,-0.06112495658343775,49330500.0
2024-11-08,23.694135665893555,24.07544127326752,23.68526789695997,24.03997188888719,55951300,23.97789764404297,24.903484344482425,25.619504928588867,24.0914137550703,24.97333977279926,26.265668108027167,23.873115335155187,24.615330494489864,25.56711376957628,24.039022600626407,24.72011280422273,26.09976082808824,-0.011834314349069341,-0.01190489726675382,0.003654931075249168,0.0021082760021797764,24.04863166809082,24.90064706802368,25.236782302856444,0.012584109515754317,0.00959975041394416,0.39017337630754767,-0.34583622299363626,51141840.0
2024-11-11,23.268495559692383,23.791682146981145,23.250760019801945,23.6941383689379,54329300,23.694135665893555,24.71137809753418,25.462326049804688,24.07544127326752,25.00826405337604,25.70682086512856,23.68526789695997,24.702647627201724,25.278956187425287,24.03997188888719,24.842358469305587,25.63696544153383,-0.01796394315467087,-0.01812725353665085,-0.011834314349069341,-0.007714030867765231,23.854359817504882,24.79444818496704,25.19552520751953,0.01346745102791407,0.010121705333022726,0.5409221271792006,-0.4256428092455167,53738140.0
2024-11-12,23.22415542602539,23.445844572192307,23.011334048667624,23.25962480990804,53035200,23.268495559692383,24.528011322021484,25.392473220825195,23.791682146981145,24.92094915571104,25.47106078858496,23.250760019801945,24.493082774366936,25.191639065654616,23.6941383689379,24.86855633422922,25.46232865155778,-0.0019055866140225142,-0.001907404554056199,-0.01796394315467087,-0.007420337902198648,23.61105270385742,24.67031478881836,25.165780754089354,0.010899019586683002,0.009357188698102661,0.43451052352468267,-0.0354693838826492,55510020.0
2024-11-13,23.694135665893555,23.72073897269429,23.037935986994583,23.2596251362721,47983100,23.22415542602539,24.23985481262207,25.706823348999023,23.445844572192307,24.571667651597384,25.968780796419185,23.011334048667624,24.213658404748504,25.38374094272831,23.25962480990804,24.5367407732506,25.40120521668561,0.020236698870069292,0.020034658090706974,-0.0019055866140225142,-0.011748058398061145,23.57176399230957,24.55963878631592,25.14386417388916,0.014807615223153133,0.010585946304713352,0.6828029856997055,0.43451052962145553,51956740.0
2024-11-14,23.07340812683105,23.80941606872155,22.913791661373395,23.711872297307632,45262200,23.694135665893555,24.44069099426269,25.907655715942383,23.72073897269429,24.449423130953356,26.03863443061755,23.037935986994583,24.08268171736966,25.698089439365177,23.2596251362721,24.22239257345061,25.759212728514605,-0.026197517724016683,-0.02654678617539359,0.020236698870069292,0.008285370650654267,23.390866088867188,24.435390186309814,25.107437286376953,0.017878017639156037,0.011502163504508,0.895624407348155,-0.6384641704765812,51312220.0
2024-11-15,21.99156379699707,22.789646118878085,21.70780194537451,22.789646118878085,131074400,23.07340812683105,23.89057922363281,25.558380126953125,23.80941606872155,24.44069050014434,25.785410689950407,22.913791661373395,23.64608439769172,25.514719442443177,23.711872297307632,24.38829934654437,25.74175000544046,-0.04688706253914665,-0.04802187504522246,-0.026197517724016683,-0.02250802854792522,23.050351715087892,24.259232425689696,25.048500328063966,0.02531304350725714,0.014782428233095555,1.0818441735035762,-0.7980823218810151,66336840.0
2024-11-18,22.044767379760746,22.390601877426384,21.902886473469515,22.142309445739823,64221700,21.99156379699707,23.97789764404297,25.51471900939941,22.789646118878085,24.0914137550703,25.645699395221403,21.70780194537451,23.873115335155187,25.392472425816,22.789646118878085,24.039022600626407,25.584574437944905,0.002419272374388326,0.002416350646332762,-0.04688706253914665,0.003654931075249168,22.805606079101562,24.09839611053467,24.975783081054686,0.026248528921960362,0.014923961943064808,0.4877154039568694,-0.09754206597907711,68315320.0
2024-11-19,22.25758934020996,22.26645710851184,21.82307884154094,21.90288706490401,52381200,22.044767379760746,23.694135665893555,25.261493682861328,22.390601877426384,24.07544127326752,25.514718986555224,21.902886473469515,23.68526789695997,25.21783299913149,22.142309445739823,24.03997188888719,25.514718986555224,0.009654080570820955,0.009607777704201237,0.002419272374388326,-0.011834314349069341,22.612292861938478,23.95213031768799,24.901559257507323,0.027662123319024973,0.015351465372585712,0.44337826697089966,0.3547022753059501,68184520.0
2024-11-20,22.115711212158203,22.25759214012865,21.858550973115467,22.230988831876417,46170800,22.25758934020996,23.268495559692383,25.182905197143555,22.26645710851184,23.791682146981145,25.313883912575932,21.82307884154094,23.250760019801945,24.97333891935481,21.90288706490401,23.6941383689379,25.235296350219564,-0.006374370821706443,-0.0063947738740213885,0.009654080570820955,-0.01796394315467087,22.296607971191406,23.797897338867188,24.82589496612549,0.02300124754760081,0.015269392453212257,0.39904116701318415,-0.11527761971821349,67822060.0
2024-11-21,22.2841911315918,22.363999355591744,21.973827695318526,22.053635919318477,45048400,22.115711212158203,23.22415542602539,25.20037078857422,22.25759214012865,23.445844572192307,25.418669214211945,21.858550973115467,23.011334048667624,25.0344635187538,22.230988831876417,23.25962480990804,25.209102925457906,0.0076181099408176856,0.00758923867820726,-0.006374370821706443,-0.0019055866140225142,22.138764572143554,23.661693572998047,24.76233226776123,0.02329554894688087,0.015582003450436872,0.3901716602732179,0.2305552122733232,67779300.0
2024-11-22,22.74530601501465,22.833982011582847,22.25759057092048,22.32853102990425,41897000,22.2841911315918,23.694135665893555,25.00826644897461,22.363999355591744,23.72073897269429,25.305152433255856,21.973827695318526,23.037935986994583,24.886019866794605,22.053635919318477,23.2596251362721,25.20037012438293,0.020692466722255665,0.02048128589871357,0.0076181099408176856,0.020236698870069292,22.28951301574707,23.556840896606445,24.70607078552246,0.009931899544051501,0.016651010830408396,0.5763914406623663,0.416774985110397,49943820.0
2024-11-25,23.2064208984375,23.454713361838493,22.82511527981792,22.833983049013028,57707600,22.74530601501465,23.07340812683105,24.84235954284668,22.833982011582847,23.80941606872155,25.08685269435169,22.25759057092048,22.913791661373395,24.833627406652266,22.32853102990425,23.711872297307632,25.04319367886428,0.02027296898614872,0.02007020814631769,0.020692466722255665,-0.026197517724016683,22.521843719482423,23.45714340209961,24.64506061553955,0.011102718952730559,0.017044022372341306,0.6295980820205749,0.3724378494244718,48641000.0
2024-11-26,22.851716995239254,23.268491970246988,22.70983608071093,23.197551512982823,33001000,23.2064208984375,21.99156379699707,25.20037078857422,23.454713361838493,22.789646118878085,25.270226218158896,22.82511527981792,21.70780194537451,24.938411678518055,22.833983049013028,22.789646118878085,24.973340226052805,-0.015284731098802462,-0.015402746703380297,0.02027296898614872,-0.04688706253914665,22.64066925048828,23.357174682617188,24.581147613525392,0.016019343960900642,0.01709042963586653,0.5586558895360589,-0.3458345177435689,44764960.0
2024-11-27,22.90492248535156,23.01133401957288,22.78964487368626,22.842849795119943,28242100,22.851716995239254,22.044767379760746,24.85109138488769,23.268491970246988,22.390601877426384,25.471059765025075,22.70983608071093,21.902886473469515,24.47561950071649,23.197551512982823,22.142309445739823,25.331348909174213,0.002328292885973804,0.0023255866119440585,-0.015284731098802462,0.002419272374388326,22.798511505126953,23.257246589660646,24.519695854187013,0.014852548984131426,0.01709466900844053,0.22168914588662147,0.062072690231616434,41179220.0
2024-11-29,23.24188804626465,23.25962358294739,22.85171638736754,22.904921306061897,22023000,22.90492248535156,22.25758934020996,24.903484344482425,23.01133401957288,22.26645710851184,24.97333977279926,22.78964487368626,21.82307884154094,24.615330494489864,22.842849795119943,21.90288706490401,24.72011280422273,0.014711490996251575,0.014604326764501633,0.002328292885973804,0.009654080570820955,22.990050888061525,23.183772087097168,24.466555099487305,0.015244960995582226,0.017569445104524017,0.40790719557985256,0.33696674020275097,36574140.0
2024-12-02,22.896053314208984,23.250755587631872,22.816245091269604,23.11774244651752,43866400,23.24188804626465,22.115711212158203,24.71137809753418,23.25962358294739,22.25759214012865,25.00826405337604,22.85171638736754,21.858550973115467,24.702647627201724,22.904921306061897,22.230988831876417,24.842358469305587,-0.014879803713332418,-0.014991618567726548,0.014711490996251575,-0.006374370821706443,23.020200347900392,23.10217418670654,24.410688972473146,0.01641382302849566,0.017748440996725866,0.43451049636226813,-0.22168913230853704,36968020.0
2024-12-03,22.665496826171875,22.966994186907232,22.630027443860943,22.904921499347697,49064300,22.896053314208984,22.2841911315918,24.528011322021484,23.250755587631872,22.363999355591744,24.92094915571104,22.816245091269604,21.973827695318526,24.493082774366936,23.11774244651752,22.053635919318477,24.86855633422922,-0.010069704366648558,-0.01012074678345295,-0.014879803713332418,0.0076181099408176856,22.912015533447267,23.023456287384032,24.35213279724121,0.012948772848580613,0.01771024925445426,0.3369667430462897,-0.23942467317582228,35239360.0
2024-12-04,22.37286949157715,22.61229418891416,22.3285323363758,22.56795703371281,42541500,22.665496826171875,22.74530601501465,24.23985481262207,22.966994186907232,22.833982011582847,24.571667651597384,22.630027443860943,22.25759057092048,24.213658404748504,22.904921499347697,22.32853102990425,24.5367407732506,-0.012910695796300775,-0.01299476319222116,-0.010069704366648558,0.020692466722255665,22.816246032714844,22.920065212249757,24.28440586090088,0.012496444573092569,0.01762065077912017,0.2837618525383583,-0.19508754213565993,37147460.0
2024-12-05,22.789644241333008,22.86945246694604,22.293059350551065,22.372867576164094,43647900,22.37286949157715,23.2064208984375,24.44069099426269,22.61229418891416,23.454713361838493,24.449423130953356,22.3285323363758,22.82511527981792,24.08268171736966,22.56795703371281,22.833983049013028,24.22239257345061,0.018628578239048288,0.018457191464984778,-0.012910695796300775,0.02027296898614872,22.79319038391113,22.865018463134767,24.23496887207031,0.01619304744041579,0.01777884268259454,0.5763931163949749,0.4167766651689142,40228620.0
2024-12-06,22.816246032714844,23.14434670626528,22.6921006547328,22.82511380133555,31830700,22.789644241333008,22.851716995239254,23.89057922363281,22.86945246694604,23.268491970246988,24.44069050014434,22.293059350551065,22.70983608071093,23.64608439769172,22.372867576164094,23.197551512982823,24.38829934654437,0.0011672754124696372,0.0011665946762116595,0.018628578239048288,-0.015284731098802462,22.708061981201173,22.80693588256836,24.1853653717041,0.013897984384542301,0.01774436011517808,0.4522460515324802,-0.00886776862070704,42190160.0
2024-12-09,23.14434814453125,23.44584553095561,22.683234295722933,22.84285075810689,37464800,22.816246032714844,22.90492248535156,23.97789764404297,23.14434670626528,23.01133401957288,24.0914137550703,22.6921006547328,22.78964487368626,23.873115335155187,22.82511380133555,22.842849795119943,24.039022600626407,0.014380196959042246,0.014277782585034784,0.0011672754124696372,0.002328292885973804,22.757720947265625,22.779446506500243,24.140228271484375,0.014126154978134001,0.017972004968571983,0.7626112352326757,0.30149738642435864,40909840.0
2024-12-10,22.674365997314453,23.153215373289623,22.62116107487965,23.144347604324828,43280500,23.14434814453125,23.24188804626465,23.694135665893555,23.44584553095561,23.25962358294739,24.07544127326752,22.683234295722933,22.85171638736754,23.68526789695997,22.84285075810689,22.904921306061897,24.03997188888719,-0.02030656228820371,-0.020515574916915347,0.014380196959042246,0.014711490996251575,22.75949478149414,22.749740028381346,24.088311080932616,0.016837719597420624,0.01809546993103109,0.532054298409971,-0.46998160701037506,39753080.0
2024-12-11,22.37286949157715,22.621161958225237,22.319664567064724,22.505882648535245,39569400,22.674365997314453,22.896053314208984,23.268495559692383,23.153215373289623,23.250755587631872,23.791682146981145,22.62116107487965,22.816245091269604,23.250760019801945,23.144347604324828,23.11774244651752,23.6941383689379,-0.013296799821128968,-0.013385993809315608,-0.02030656228820371,-0.014879803713332418,22.75949478149414,22.707175731658936,24.03507926940918,0.016913546986821862,0.018299115122540063,0.3014973911605132,-0.13301315695809635,39158660.0
2024-12-12,22.49701499938965,22.5945570722911,22.222119244007008,22.32853077695415,38705100,22.37286949157715,22.665496826171875,23.22415542602539,22.621161958225237,22.966994186907232,23.445844572192307,22.319664567064724,22.630027443860943,23.011334048667624,22.505882648535245,22.904921499347697,23.25962480990804,0.005548930943312325,0.005533592341738734,-0.013296799821128968,-0.010069704366648558,22.700968933105468,22.64731969833374,23.98537811279297,0.014113998236444289,0.01765561296925246,0.37243782828409167,0.16848422243549876,38170100.0
2024-12-13,22.6832332611084,22.754173719892904,22.39947142597038,22.470411884754885,29043600,22.49701499938965,22.37286949157715,23.694135665893555,22.5945570722911,22.61229418891416,23.72073897269429,22.222119244007008,22.3285323363758,23.037935986994583,22.32853077695415,22.56795703371281,23.2596251362721,0.008277465331458567,0.008243394996859298,0.005548930943312325,-0.012910695796300775,22.67436637878418,22.627810955047607,23.944116592407227,0.014911685569518152,0.016879855964579037,0.35470229392252506,0.2128213763535136,37612680.0
2024-12-16,22.390605926513672,22.83398426169216,22.36400261751548,22.69210332974337,40194000,22.6832332611084,22.789644241333008,23.07340812683105,22.754173719892904,22.86945246694604,23.80941606872155,22.39947142597038,22.293059350551065,22.913791661373395,22.470411884754885,22.372867576164094,23.711872297307632,-0.012900600687136277,-0.012984536095746943,0.008277465331458567,0.018628578239048288,22.523617935180663,22.647763061523438,23.89281120300293,0.012662239648932093,0.013323056321500411,0.4699816441766771,-0.30149740322969976,38158520.0
2024-12-17,23.43697738647461,23.46357900220993,22.931526391255492,22.96699577602059,71440300,22.390605926513672,22.816246032714844,21.99156379699707,22.83398426169216,23.14434670626528,22.789646118878085,22.36400261751548,22.6921006547328,21.70780194537451,22.69210332974337,22.82511380133555,22.789646118878085,0.046732610247134154,0.04567351268824896,-0.012900600687136277,0.0011672754124696372,22.676140213012694,22.71737356185913,23.85160556793213,0.02444550223171167,0.016804264566145508,0.5320526109544375,0.4699816104540204,43790480.0
2024-12-18,22.9581298828125,23.516787537856057,22.931528264903665,23.22415790137986,47575100,23.43697738647461,23.14434814453125,22.044767379760746,23.46357900220993,23.44584553095561,22.390601877426384,22.931526391255492,22.683234295722933,21.902886473469515,22.96699577602059,22.84285075810689,22.142309445739823,-0.020431282403269746,-0.020642888267909828,0.046732610247134154,0.014380196959042246,22.793192291259764,22.752400588989257,23.8011722946167,0.026071265198000893,0.017527086176658668,0.585259272952392,-0.26602801856736136,45391620.0
2024-12-19,22.851716995239254,23.13547882429592,22.683232774979142,22.789644306552358,50324700,22.9581298828125,22.674365997314453,22.25758934020996,23.516787537856057,23.153215373289623,22.26645710851184,22.931528264903665,22.62116107487965,21.82307884154094,23.22415790137986,23.144347604324828,21.90288706490401,-0.004635085179691023,-0.004645860496235369,-0.020431282403269746,-0.02030656228820371,22.864132690429685,22.789200878143312,23.730972328186034,0.026456126912458054,0.017489214055196177,0.45224604931677703,0.06207268868689653,47715540.0
2024-12-20,23.374902725219727,23.49018033018633,22.78964354939636,22.78964354939636,116340100,22.851716995239254,22.37286949157715,22.115711212158203,23.13547882429592,22.621161958225237,22.25759214012865,22.683232774979142,22.319664567064724,21.858550973115467,22.789644306552358,22.505882648535245,22.230988831876417,0.022894810490146966,0.022636657137372576,-0.004635085179691023,-0.013296799821128968,23.00246658325195,22.843736457824708,23.686080284118653,0.027897039140198237,0.01808109873428154,0.700536780789971,0.5852591758233672,65174840.0
2024-12-23,23.68526840209961,23.72073947859042,23.224156247197183,23.3749049395751,35350400,23.374902725219727,22.49701499938965,22.2841911315918,23.49018033018633,22.5945570722911,22.363999355591744,22.78964354939636,22.222119244007008,21.973827695318526,22.78964354939636,22.32853077695415,22.053635919318477,0.013277731271370108,0.013190354788697341,0.022894810490146966,0.005548930943312325,23.26139907836914,22.890734577178954,23.65053913116455,0.02575977326230694,0.017762650424178066,0.4965832313932381,0.31036346252450997,64206120.0
2024-12-24,23.711870193481445,23.738473499148707,23.392637290889937,23.578857047852956,19716400,23.68526840209961,22.6832332611084,22.74530601501465,23.72073947859042,22.754173719892904,22.833982011582847,23.224156247197183,22.39947142597038,22.25759057092048,23.3749049395751,22.470411884754885,22.32853102990425,0.0011231365813646477,0.00112250633533189,0.013277731271370108,0.008277465331458567,23.316377639770508,22.916007041931152,23.616927070617677,0.016663898386988115,0.01724432343409912,0.3458362082587705,0.13301314562848887,53861340.0
2024-12-26,23.552255630493164,23.694136556052747,23.48131516771337,23.62319609327296,31406000,23.711870193481445,22.390605926513672,23.2064208984375,23.738473499148707,22.83398426169216,23.454713361838493,23.392637290889937,22.36400261751548,22.82511527981792,23.578857047852956,22.69210332974337,22.833983049013028,-0.006731420241671171,-0.006754178438393447,0.0011231365813646477,-0.012900600687136277,23.43520278930664,22.951033973693846,23.573835716247558,0.012590309391442811,0.016916460956905525,0.21282138833937836,-0.07094046277979515,50627520.0
2024-12-27,23.6054630279541,23.8094166537821,23.428111019453343,23.436978789013796,35218300,23.552255630493164,23.43697738647461,22.851716995239254,23.694136556052747,23.46357900220993,23.268491970246988,23.48131516771337,22.931526391255492,22.70983608071093,23.62319609327296,22.96699577602059,23.197551512982823,0.002259121092081262,0.0022565731147648795,-0.006731420241671171,0.046732610247134154,23.58595199584961,22.986061000823973,23.527791862487792,0.011583099036097758,0.01691632106697585,0.38130563432875775,0.16848423894030518,47606240.0
2024-12-30,23.428110122680664,23.56999104750876,23.268493659410545,23.481315046652693,32859100,23.6054630279541,22.9581298828125,22.90492248535156,23.8094166537821,23.516787537856057,23.01133401957288,23.428111019453343,22.931528264903665,22.78964487368626,23.436978789013796,23.22415790137986,22.842849795119943,-0.007513214422585679,-0.007541580789110686,0.002259121092081262,-0.020431282403269746,23.5965934753418,22.995372104644776,23.485186462402343,0.008415117850829578,0.01674166655409514,0.30149738809821613,-0.053204923972028695,30910040.0
2024-12-31,23.52565193176269,23.63206177083689,23.37490325027933,23.41037263285277,27085500,23.428110122680664,22.851716995239254,23.24188804626465,23.56999104750876,23.13547882429592,23.25962358294739,23.268493659410545,22.683232774979142,22.85171638736754,23.481315046652693,22.789644306552358,22.904921306061897,0.004163451877733815,0.004154808693979354,-0.007513214422585679,-0.004635085179691023,23.564670181274415,23.02685203552246,23.44540512084961,0.005396403555213606,0.016356174198767663,0.25715852055756017,0.11527929890992183,29257060.0
2025-01-02,23.596593856811523,23.818283008592605,23.552255011642902,23.720739240575647,32899200,23.52565193176269,23.374902725219727,22.896053314208984,23.63206177083689,23.49018033018633,23.250755587631872,23.37490325027933,22.78964354939636,22.816245091269604,23.41037263285277,22.78964354939636,23.11774244651752,0.0030155136722502807,0.0030109761306204488,0.004163451877733815,0.022894810490146966,23.54161491394043,23.073406887054443,23.412107124328614,0.005671664460416659,0.016129883052928156,0.2660279969497026,-0.1241453837641231,31893620.0
2025-01-03,23.578859329223636,23.80054849050527,23.516786634681424,23.676403101420856,33417000,23.596593856811523,23.68526840209961,22.665496826171875,23.818283008592605,23.72073947859042,22.966994186907232,23.552255011642902,23.224156247197183,22.630027443860943,23.720739240575647,23.3749049395751,22.904921499347697,-0.000751571506273474,-0.0007518540777286355,0.0030155136722502807,0.013277731271370108,23.546935653686525,23.13370637893677,23.380026206970214,0.004697584648797717,0.01575771165640052,0.2837618558238475,-0.09754377219721988,32295820.0
2025-01-06,23.84488296508789,24.16411586267203,23.552253372753725,23.68526651629582,43951000,23.578859329223636,23.711870193481445,22.37286949157715,23.80054849050527,23.738473499148707,22.61229418891416,23.516786634681424,23.392637290889937,22.3285323363758,23.676403101420856,23.578857047852956,22.56795703371281,0.01128229453977636,0.011219124148655812,-0.000751571506273474,0.0011231365813646477,23.594819641113283,23.18646831512451,23.352916450500487,0.006890889963458954,0.015450608370742433,0.6118624899183054,0.1596164487920717,34042360.0
2025-01-07,24.05770301818848,24.447876350427656,23.889220501541796,23.95129318571202,35030000,23.84488296508789,23.552255630493164,22.789644241333008,24.16411586267203,23.694136556052747,22.86945246694604,23.552253372753725,23.48131516771337,22.293059350551065,23.68526651629582,23.62319609327296,22.372867576164094,0.008925187572200954,0.008885593500882777,0.01128229453977636,-0.006731420241671171,23.720738220214844,23.248541164398194,23.333905181884766,0.004797351657170782,0.015515863417526558,0.5586558488858593,0.10640983247645863,34476540.0
2025-01-08,23.818283081054688,24.066573849338308,23.259625469708524,23.986765619146,35430700,24.05770301818848,23.6054630279541,22.816246032714844,24.447876350427656,23.8094166537821,23.14434670626528,23.889220501541796,23.428111019453343,22.6921006547328,23.95129318571202,23.436978789013796,22.82511380133555,-0.009951903427886766,-0.01000175463751385,0.008925187572200954,0.002259121092081262,23.779264450073242,23.282237911224364,23.313423652648925,0.008430599431427292,0.015511178425697601,0.8069483796297838,-0.16848253809131108,36145580.0
2025-01-10,23.694135665893555,23.98676527528572,23.6675340504468,23.82715050854325,32836900,23.818283081054688,23.428110122680664,23.14434814453125,24.066573849338308,23.56999104750876,23.44584553095561,23.259625469708524,23.268493659410545,22.683234295722933,23.986765619146,23.481315046652693,22.84285075810689,-0.005212273896428754,-0.005225905183313041,-0.009951903427886766,-0.007513214422585679,23.79877281188965,23.33322639465332,23.283298950195313,0.00908347935963874,0.014739833381238847,0.3192312248389193,-0.13301484264969687,36133120.0
2025-01-13,23.76507568359375,23.773943452362243,23.374904005903684,23.632062534774228,28359600,23.694135665893555,23.52565193176269,22.674365997314453,23.98676527528572,23.63206177083689,23.153215373289623,23.6675340504468,23.37490325027933,22.62116107487965,23.82715050854325,23.41037263285277,23.144347604324828,0.0029939905257785338,0.0029895174621270733,-0.005212273896428754,0.004163451877733815,23.83601608276367,23.40283670425415,23.261578636169432,0.009071957897388615,0.014275151512670118,0.39903944645855915,0.1330131488195221,35121640.0
2025-01-14,23.41924095153809,23.82714985451617,23.295095572583595,23.77394324237516,25856900,23.76507568359375,23.596593856811523,22.37286949157715,23.773943452362243,23.818283008592605,22.621161958225237,23.374904005903684,23.552255011642902,22.319664567064724,23.632062534774228,23.720739240575647,22.505882648535245,-0.014552225150051057,-0.014659147350192367,0.0029939905257785338,0.0030155136722502807,23.750887680053715,23.448948001861574,23.231893768310545,0.009529561259495035,0.014793237298725882,0.5320542819325738,-0.3547022908370714,31502820.0
2025-01-15,23.25075912475586,23.63206476095096,23.241891355152006,23.516787138809097,35949700,23.41924095153809,23.578859329223636,22.49701499938965,23.82714985451617,23.80054849050527,22.5945570722911,23.295095572583595,23.516786634681424,22.222119244007008,23.77394324237516,23.676403101420856,22.32853077695415,-0.00719416257473382,-0.007220165349490486,-0.014552225150051057,-0.000751571506273474,23.589498901367186,23.477324295043946,23.20268138885498,0.006492853509207049,0.014858314134706903,0.3901734057989543,-0.26602801405323717,31686760.0
2025-01-16,23.49018096923828,23.561121426075484,23.02019938559563,23.1177431480045,29981100,23.25075912475586,23.84488296508789,22.6832332611084,23.63206476095096,24.16411586267203,22.754173719892904,23.241891355152006,23.552253372753725,22.39947142597038,23.516787138809097,23.68526651629582,22.470411884754885,0.010297377526375051,0.010244720710652183,-0.00719416257473382,0.01128229453977636,23.523878479003905,23.532303047180175,23.181924781799317,0.009595988896792161,0.014591213544844448,0.5409220404798525,0.3724378212337811,30596840.0
2025-01-17,23.32169914245605,23.55225607366719,23.25075867834141,23.41037514543789,35380300,23.49018096923828,24.05770301818848,22.390605926513672,23.561121426075484,24.447876350427656,22.83398426169216,23.02019938559563,23.889220501541796,22.36400261751548,23.1177431480045,23.95129318571202,22.69210332974337,-0.007172436304465513,-0.007198281883734007,0.010297377526375051,0.008925187572200954,23.449391174316407,23.52653913497925,23.163561668395996,0.009761193083289182,0.010353917633494103,0.30149739532578224,-0.08867600298183831,31105520.0
2025-01-21,23.623193740844727,23.623193740844727,23.40150460531472,23.45471121561671,39745600,23.32169914245605,23.818283081054688,23.43697738647461,23.55225607366719,24.066573849338308,23.46357900220993,23.25075867834141,23.259625469708524,22.931526391255492,23.41037514543789,23.986765619146,22.96699577602059,0.012927642902305525,0.012844794188562138,-0.007172436304465513,-0.009951903427886766,23.4210147857666,23.55979232788086,23.147211723327636,0.012058639325737964,0.009580593230310724,0.22168913553000635,0.16848252522801488,33382720.0
2025-01-22,23.06453895568848,23.587725475622257,23.029067880474138,23.507917247743958,41890400,23.623193740844727,23.694135665893555,22.9581298828125,23.623193740844727,23.98676527528572,23.516787537856057,23.40150460531472,23.6675340504468,22.931528264903665,23.45471121561671,23.82715050854325,23.22415790137986,-0.023648571454177536,-0.02393268714739795,0.012927642902305525,-0.005212273896428754,23.35007438659668,23.57043342590332,23.13069091796875,0.014932054259262133,0.011049291228117271,0.5586575951481194,-0.44337829205547763,36589420.0
2025-01-23,23.445846557617188,23.48131594450343,22.922659993050825,23.064540923304,40987000,23.06453895568848,23.76507568359375,22.851716995239254,23.587725475622257,23.773943452362243,23.13547882429592,23.029067880474138,23.374904005903684,22.683232774979142,23.507917247743958,23.632062534774228,22.789644306552358,0.016532201344291897,0.016397032231129167,-0.023648571454177536,0.0029939905257785338,23.389091873168944,23.573980617523194,23.120049896240236,0.016890834840242484,0.010446366452299913,0.5586559514526037,0.3813056343131862,37596880.0
2025-01-24,23.51795768737793,23.617114057048443,23.40077257425539,23.454858804611455,31300200,23.445846557617188,23.41924095153809,23.374902725219727,23.48131594450343,23.82714985451617,23.49018033018633,22.922659993050825,23.295095572583595,22.78964354939636,23.064540923304,23.77394324237516,22.78964354939636,0.0030756462379608607,0.003070926113881709,0.016532201344291897,-0.014552225150051057,23.394647216796876,23.565615081787108,23.11652633666992,0.016278882918064997,0.010014500828617415,0.21634148279305165,0.06309888276647513,37860700.0
2025-01-27,24.21204948425293,24.3112041372608,23.599085945008703,23.65317045749624,50648600,23.51795768737793,23.25075912475586,23.68526840209961,23.617114057048443,23.63206476095096,23.72073947859042,23.40077257425539,23.241891355152006,23.224156247197183,23.454858804611455,23.516787138809097,23.3749049395751,0.02951326837566004,0.029086135577167216,0.0030756462379608607,-0.00719416257473382,23.57271728515625,23.590624046325683,23.135397415161133,0.019907726487171224,0.012035901000220638,0.7121181922520954,0.5588790267566885,40914360.0
2025-01-28,24.11289405822754,24.212050434442403,23.878525535829684,24.139937175190425,40589600,24.21204948425293,23.49018096923828,23.711870193481445,24.3112041372608,23.561121426075484,23.738473499148707,23.599085945008703,23.02019938559563,23.392637290889937,23.65317045749624,23.1177431480045,23.578857047852956,-0.004095292556290153,-0.004103701232027631,0.02951326837566004,0.010297377526375051,23.670657348632812,23.618655967712403,23.153172187805175,0.020238794826168947,0.011959668667316884,0.33352489861271906,-0.027043116962886415,41083160.0
2025-01-29,23.995710372924805,24.40134680667692,23.950638511852997,24.15796391483623,34418200,24.11289405822754,23.32169914245605,23.552255630493164,24.212050434442403,23.55225607366719,23.694136556052747,23.878525535829684,23.25075867834141,23.48131516771337,24.139937175190425,23.41037514543789,23.62319609327296,-0.004859793478947827,-0.004871640674143127,-0.004095292556290153,-0.007172436304465513,23.856891632080078,23.638168334960938,23.1592036819458,0.014760871528409176,0.012033597031570295,0.4507082948239223,-0.1622535419114257,39588720.0
2025-01-30,24.25712013244629,24.347262134689178,23.95965272856573,24.031765986496907,32289600,23.995710372924805,23.623193740844727,23.6054630279541,24.40134680667692,23.623193740844727,23.8094166537821,23.950638511852997,23.40150460531472,23.428111019453343,24.15796391483623,23.45471121561671,23.436978789013796,0.010894020450273656,0.010835108084976295,-0.004859793478947827,0.012927642902305525,24.019146347045897,23.67961883544922,23.182877922058104,0.014152092015284154,0.0120610564470446,0.38760940612344896,0.22535414594938175,37849240.0
2025-01-31,23.905567169189453,24.34726106961032,23.815425170889856,24.302189210802712,37307000,24.25712013244629,23.06453895568848,23.428110122680664,24.347262134689178,23.587725475622257,23.56999104750876,23.95965272856573,23.029067880474138,23.268493659410545,24.031765986496907,23.507917247743958,23.481315046652693,-0.014492774135483555,-0.014598820235099449,0.010894020450273656,-0.023648571454177536,24.096668243408203,23.698614597320557,23.221157989501954,0.01719460499433056,0.012579680021066247,0.5318358987204626,-0.3966220416132593,39050600.0
2025-02-03,23.617115020751957,23.860496190023067,23.572043160282725,23.70725530305905,49626200,23.905567169189453,23.445846557617188,23.52565193176269,24.34726106961032,23.48131594450343,23.63206177083689,23.815425170889856,22.922659993050825,23.37490325027933,24.302189210802712,23.064540923304,23.41037263285277,-0.01206631687071058,-0.01213970582585012,-0.014492774135483555,0.016532201344291897,23.977681350708007,23.699640655517577,23.252604942321778,0.009918099341639298,0.012892839432564404,0.28845302974034226,-0.09014028230709314,38846120.0
2025-02-04,23.31964683532715,24.266133522273098,23.076263954918552,23.526972228571974,68748300,23.617115020751957,23.51795768737793,23.596593856811523,23.860496190023067,23.617114057048443,23.818283008592605,23.572043160282725,23.40077257425539,23.552255011642902,23.70725530305905,23.454858804611455,23.720739240575647,-0.012595449747499932,-0.012675444850694778,-0.01206631687071058,0.0030756462379608607,23.81903190612793,23.686680030822753,23.273846092224122,0.010454521707481654,0.01320335382999678,1.1898695673545454,-0.20732539324482602,44477860.0
2025-02-05,23.83345603942871,24.058810195612715,23.16640794344195,23.391762099625957,50426800,23.31964683532715,24.21204948425293,23.578859329223636,24.266133522273098,24.3112041372608,23.80054849050527,23.076263954918552,23.599085945008703,23.516786634681424,23.526972228571974,23.65317045749624,23.676403101420856,0.022033318417292058,0.02179409244119353,-0.012595449747499932,0.02951326837566004,23.78658103942871,23.686108684539796,23.30820098876953,0.0166633809046286,0.013907108594638982,0.8924022521707649,0.44169393980275373,47679580.0
2025-02-06,23.283588409423828,23.86049442625972,23.23851827160185,23.815424288437747,45182000,23.83345603942871,24.11289405822754,23.84488296508789,24.058810195612715,24.212050434442403,24.16411586267203,23.16640794344195,23.878525535829684,23.552253372753725,23.391762099625957,24.139937175190425,23.68526651629582,-0.023071250308608793,-0.023341557243134966,0.022033318417292058,-0.004095292556290153,23.59187469482422,23.647402954101562,23.32818893432617,0.017384940315720073,0.014654808634500143,0.6219761546578688,-0.5318358790139186,50258060.0
2025-02-07,23.20246315002441,23.400774183689062,23.01316648870576,23.310633898860598,36512800,23.283588409423828,23.995710372924805,24.05770301818848,23.86049442625972,24.40134680667692,24.447876350427656,23.23851827160185,23.950638511852997,23.889220501541796,23.815424288437747,24.15796391483623,23.95129318571202,-0.003484224938737679,-0.0034903089866882065,-0.023071250308608793,-0.004859793478947827,23.45125389099121,23.61661195755005,23.337332077026367,0.017057187739361726,0.014530065010466272,0.38760769498330205,-0.10817074883618716,50099220.0
2025-02-10,23.31964683532715,23.54500097215386,22.995136328115684,23.238519208524284,39632700,23.20246315002441,24.25712013244629,23.818283081054688,23.400774183689062,24.347262134689178,24.066573849338308,23.01316648870576,23.95965272856573,23.259625469708524,23.310633898860598,24.031765986496907,23.986765619146,0.005050484706948577,0.005037773788629408,-0.003484224938737679,0.010894020450273656,23.39176025390625,23.59788751602173,23.33959659576416,0.017211327656320427,0.014562422741602613,0.5498646440381769,0.08112762680286423,48100520.0
2025-02-11,23.013166427612305,23.35570397927204,22.950065821357875,23.283590720011265,36593300,23.31964683532715,23.905567169189453,23.694135665893555,23.54500097215386,24.34726106961032,23.98676527528572,22.995136328115684,23.815425170889856,23.6675340504468,23.238519208524284,24.302189210802712,23.82715050854325,-0.013142583585380674,-0.013229711570234079,0.005050484706948577,-0.014492774135483555,23.330464172363282,23.560292053222657,23.34282558441162,0.01729378894547112,0.01479244068485469,0.405638157914165,-0.2704242923989604,41669520.0
2025-02-12,22.959077835083008,23.094291686707628,22.68865357046486,22.96809220647902,31671600,23.013166427612305,23.617115020751957,23.76507568359375,23.35570397927204,23.860496190023067,23.773943452362243,22.950065821357875,23.572043160282725,23.374904005903684,23.283590720011265,23.70725530305905,23.632062534774228,-0.002350332480296924,-0.0023530988471187984,-0.013142583585380674,-0.01206631687071058,23.15558853149414,23.537283897399902,23.34390869140625,0.010890504550083915,0.014474097152242172,0.40563811624276624,-0.009014371396013132,37918480.0
2025-02-13,23.11232185363769,23.202463860542263,22.832883179617728,22.977109702938726,30612500,22.959077835083008,23.31964683532715,23.41924095153809,23.094291686707628,24.266133522273098,23.82714985451617,22.68865357046486,23.076263954918552,23.295095572583595,22.96809220647902,23.526972228571974,23.77394324237516,0.006674659132890559,0.006652482223134629,-0.002350332480296924,-0.012595449747499932,23.121335220336913,23.530362033843993,23.34131736755371,0.007904612059278504,0.014488512590146442,0.36958068092453544,0.13521215069896542,35004580.0
2025-02-14,23.013166427612305,23.283590720011265,22.959080193679934,23.19344871610637,33214600,23.11232185363769,23.83345603942871,23.25075912475586,23.202463860542263,24.058810195612715,23.63206476095096,22.832883179617728,23.16640794344195,23.241891355152006,22.977109702938726,23.391762099625957,23.516787138809097,-0.00429015425855106,-0.004299383376015847,0.006674659132890559,0.022033318417292058,23.083475875854493,23.506511306762697,23.343659629821776,0.007964443233814993,0.014298226148468086,0.3245105263313306,-0.18028228849406602,34344940.0
2025-02-18,23.040206909179688,23.20246216589405,22.91400914031992,23.085278768997927,40499700,23.013166427612305,23.283588409423828,23.49018096923828,23.283590720011265,23.86049442625972,23.561121426075484,22.959080193679934,23.23851827160185,23.02019938559563,23.19344871610637,23.815424288437747,23.1177431480045,0.00117500047863639,0.00117431070584336,-0.00429015425855106,-0.023071250308608793,23.027587890625,23.492436695098878,23.351153831481934,0.007316205164671785,0.014228027227101923,0.28845302557413177,-0.0450718598182398,34518340.0
2025-02-19,23.33767509460449,23.36471821140842,22.98612317273197,23.04922205929209,37292400,23.040206909179688,23.20246315002441,23.32169914245605,23.20246216589405,23.400774183689062,23.55225607366719,22.91400914031992,23.01316648870576,23.25075867834141,23.085278768997927,23.310633898860598,23.41037514543789,0.012910829603109297,0.012828195333890551,0.00117500047863639,-0.003484224938737679,23.092489624023436,23.478160762786864,23.370449943542482,0.00701205772317295,0.01422719188290904,0.37859503867645117,0.2884530353123971,34658160.0
2025-02-20,23.34668731689453,23.508942564144725,23.211475183957887,23.310631550458684,37139000,23.33767509460449,23.31964683532715,23.623193740844727,23.36471821140842,23.54500097215386,23.623193740844727,22.98612317273197,22.995136328115684,23.40150460531472,23.04922205929209,23.238519208524284,23.45471121561671,0.0003861662420745482,0.0003860916990813301,0.012910829603109297,0.005050484706948577,23.17001152038574,23.49226818084717,23.381590805053712,0.006602034593698335,0.013143865226113254,0.2974673801868377,0.0360557664358474,35751640.0
2025-02-21,23.70725440979004,23.950637289206373,23.301617996745097,23.33767376444625,54611500,23.34668731689453,23.013166427612305,23.06453895568848,23.508942564144725,23.35570397927204,23.587725475622257,23.211475183957887,22.950065821357875,23.029067880474138,23.310631550458684,23.283590720011265,23.507917247743958,0.015444036577925369,0.015325991290708222,0.0003861662420745482,-0.013142583585380674,23.28899803161621,23.50533857345581,23.399410972595216,0.008570382571203294,0.013076917057575802,0.6490192924612757,0.3695806453437882,40551440.0
2025-02-24,24.02275276184082,24.10388039580309,23.32866154652616,23.797398605126897,43823300,23.70725440979004,22.959077835083008,23.445846557617188,23.950637289206373,23.094291686707628,23.48131594450343,23.301617996745097,22.68865357046486,22.922659993050825,23.33767376444625,22.96809220647902,23.064540923304,0.013308093235819607,0.013220318448843986,0.015444036577925369,-0.002350332480296924,23.490915298461914,23.530578327178954,23.416979064941405,0.007248756218382602,0.013374200126307276,0.7752188492769285,0.225354156713923,42673180.0
2025-02-25,24.1038761138916,24.36528771451309,23.92359385213601,24.085847371921403,43560100,24.02275276184082,23.11232185363769,23.51795768737793,24.10388039580309,23.202463860542263,23.617114057048443,23.32866154652616,22.832883179617728,23.40077257425539,23.797398605126897,22.977109702938726,23.454858804611455,0.0033769382241506385,0.003371249172385588,0.013308093235819607,0.006674659132890559,23.7036491394043,23.52516965866089,23.445569267272948,0.006729794064241529,0.01161825211617402,0.4416938623770825,0.018028741970198325,43285260.0
2025-02-26,23.81542587280273,24.13993638851936,23.752326987927983,24.049794387563,30103300,24.1038761138916,23.013166427612305,24.21204948425293,24.36528771451309,23.283590720011265,24.3112041372608,23.92359385213601,22.959080193679934,23.599085945008703,24.085847371921403,23.19344871610637,23.65317045749624,-0.011966964969697513,-0.012039145527760356,0.0033769382241506385,-0.00429015425855106,23.799199295043945,23.510296249389647,23.47442039489746,0.011022005531960493,0.011888773621455451,0.3876094005913764,-0.23436851476026987,41847440.0
2025-02-27,23.526973724365234,23.887540022348865,23.44584609240445,23.698243360650856,28268300,23.81542587280273,23.040206909179688,24.11289405822754,24.13993638851936,23.20246216589405,24.212050434442403,23.752326987927983,22.91400914031992,23.878525535829684,24.049794387563,23.085278768997927,24.139937175190425,-0.012111987834192317,-0.012185935668956533,-0.011966964969697513,0.00117500047863639,23.835256576538086,23.48685941696167,23.495019569396973,0.01326626315121104,0.012135080232069587,0.4416939299444138,-0.17126963628562208,40073300.0
2025-02-28,23.824438095092773,23.878522603060148,23.355701107867525,23.49091323744371,51531700,23.526973724365234,23.33767509460449,23.995710372924805,23.887540022348865,23.36471821140842,24.40134680667692,23.44584609240445,22.98612317273197,23.950638511852997,23.698243360650856,23.04922205929209,24.15796391483623,0.012643545838599612,0.012564283617373195,-0.012111987834192317,0.012910829603109297,23.858693313598632,23.465225315093996,23.51784366607666,0.0125774112711074,0.012230623057412323,0.5228214951926233,0.3335248576490635,39457340.0
2025-03-03,23.662181854248047,24.24810220391872,23.409784628849177,23.770352584937687,54048600,23.824438095092773,23.34668731689453,24.25712013244629,23.878522603060148,23.508942564144725,24.347262134689178,23.355701107867525,23.211475183957887,23.95965272856573,23.49091323744371,23.310631550458684,24.031765986496907,-0.006810496020812629,-0.0068337932863790085,0.012643545838599612,0.0003861662420745482,23.786579132080078,23.453056049346923,23.543275184631348,0.010762633233265323,0.011894923490689763,0.8383175750695422,-0.10817073068963978,41502400.0
2025-03-04,23.21147727966309,23.716270090550275,23.13936402096492,23.662185576355576,51315000,23.662181854248047,23.70725440979004,23.905567169189453,24.24810220391872,23.950637289206373,24.34726106961032,23.409784628849177,23.301617996745097,23.815425170889856,23.770352584937687,23.33767376444625,24.302189210802712,-0.01904746474188912,-0.01923120462594228,-0.006810496020812629,0.015444036577925369,23.608099365234374,23.432774162292482,23.538765182495116,0.012049869969197977,0.012347733762744673,0.5769060695853554,-0.45070829669248624,43053380.0
2025-03-05,23.38274383544922,23.59908358306235,23.13034660357616,23.16640408783609,37062400,23.21147727966309,24.02275276184082,23.617115020751957,23.716270090550275,24.10388039580309,23.860496190023067,23.13936402096492,23.32866154652616,23.572043160282725,23.662185576355576,23.797398605126897,23.70725530305905,0.007378528894246061,0.007351440715587216,-0.01904746474188912,0.013308093235819607,23.52156295776367,23.435929012298583,23.54725746154785,0.01328312579183324,0.012149090886910989,0.468736979486188,0.21633974761313013,44445200.0
2025-03-06,23.65317153930664,23.85148257370806,23.346689755667164,23.37373287280561,46998300,23.38274383544922,24.1038761138916,23.31964683532715,23.59908358306235,24.36528771451309,24.266133522273098,23.13034660357616,23.92359385213601,23.076263954918552,23.16640408783609,24.085847371921403,23.526972228571974,0.011565268206353174,0.011498901699504464,0.007378528894246061,0.0033769382241506385,23.546802520751953,23.426914787292482,23.5632865524292,0.013699278939227134,0.011359010828233655,0.5047928180408974,0.27943866650102933,48191200.0
2025-03-07,24.09486389160156,24.239090401593835,23.59908547841757,23.797396499828047,54337700,23.65317153930664,23.81542587280273,23.83345603942871,23.85148257370806,24.13993638851936,24.058810195612715,23.346689755667164,23.752326987927983,23.16640794344195,23.37373287280561,24.049794387563,23.391762099625957,0.018673705196823986,0.018501492164149532,0.011565268206353174,-0.011966964969697513,23.60088768005371,23.467478561401368,23.577685775756837,0.015152861023810279,0.010778550285828905,0.6400049231762637,0.29746739177351245,48752400.0
2025-03-10,24.013734817504883,24.554585057036583,23.9235945436792,24.013734817504883,53013500,24.09486389160156,23.526973724365234,23.283588409423828,24.239090401593835,23.887540022348865,23.86049442625972,23.59908547841757,23.44584609240445,23.23851827160185,23.797396499828047,23.698243360650856,23.815424288437747,-0.003367069200376549,-0.0033727505344246537,0.018673705196823986,-0.012111987834192317,23.671198272705077,23.50804214477539,23.58425510406494,0.014703931462690837,0.010775576408116863,0.6309905133573821,0.0,48545380.0
2025-03-11,23.42781639099121,23.995709791526515,23.31964736567112,23.95063793154676,44841400,24.013734817504883,23.824438095092773,23.20246315002441,24.554585057036583,23.878522603060148,23.400774183689062,23.9235945436792,23.355701107867525,23.01316648870576,24.013734817504883,23.49091323744371,23.310633898860598,-0.024399304438331937,-0.024701899682786646,-0.003367069200376549,0.012643545838599612,23.714466094970703,23.513450622558594,23.578574028015137,0.01676424504720096,0.012219805750248655,0.6760624258553953,-0.5228215405555474,47250660.0
2025-03-12,23.1754207611084,23.40978929152037,22.986124093842445,23.382747892948537,37331000,23.42781639099121,23.662181854248047,23.31964683532715,23.995709791526515,24.24810220391872,23.54500097215386,23.31964736567112,23.409784628849177,22.995136328115684,23.95063793154676,23.770352584937687,23.238519208524284,-0.010773331396769281,-0.01083178392955091,-0.024399304438331937,-0.006810496020812629,23.67300148010254,23.5215633392334,23.57103733062744,0.017258404813275858,0.012093435369102493,0.42366519767792354,-0.20732713184013818,47304380.0
2025-03-13,23.076265335083008,23.499930518702527,23.01316644808816,23.220491853732877,36717900,23.1754207611084,23.21147727966309,23.013166427612305,23.40978929152037,23.716270090550275,23.35570397927204,22.986124093842445,23.13936402096492,22.950065821357875,23.382747892948537,23.662185576355576,23.283590720011265,-0.004278473605613509,-0.004287652464169101,-0.010773331396769281,-0.01904746474188912,23.557620239257812,23.5274227142334,23.56045337677002,0.015597671012452234,0.01212433659434398,0.4867640706143668,-0.14422651864986946,45248300.0
2025-03-14,23.18443298339844,23.220490470570947,22.986121961896483,23.0942927040984,30298300,23.076265335083008,23.38274383544922,22.959077835083008,23.499930518702527,23.59908358306235,23.094291686707628,23.01316644808816,23.13034660357616,22.68865357046486,23.220491853732877,23.16640408783609,22.96809220647902,0.004687398361249873,0.004676446719355389,-0.004278473605613509,0.007378528894246061,23.375534057617188,23.531028270721436,23.555579833984375,0.010865238611049977,0.012077609608224368,0.23436850867446424,0.09014027930004076,40440420.0
2025-03-17,23.48190116882324,23.57204317048503,23.06725036822096,23.202462511055803,32676900,23.18443298339844,23.65317153930664,23.11232185363769,23.220490470570947,23.85148257370806,23.202463860542263,22.986121961896483,23.346689755667164,22.832883179617728,23.0942927040984,23.37373287280561,22.977109702938726,0.012830513717450254,0.012748900031984459,0.004687398361249873,0.011565268206353174,23.269167327880858,23.55446500778198,23.554704818725586,0.014318491708272306,0.012344514265783771,0.5047928022640704,0.2794386577674359,36373100.0
2025-03-18,23.716270446777344,23.79739807894581,23.52697378459473,23.62612844222174,32958700,23.48190116882324,24.09486389160156,23.013166427612305,23.57204317048503,24.239090401593835,23.283590720011265,23.06725036822096,23.59908547841757,22.959080193679934,23.202462511055803,23.797396499828047,23.19344871610637,0.009980847643855872,0.009931367944517695,0.012830513717450254,0.018673705196823986,23.326858139038087,23.588268184661864,23.557098350524903,0.009869090317221722,0.012504042668620801,0.2704242943510806,0.09014200455560228,33996560.0
2025-03-19,23.62612533569336,23.88753694260081,23.50894194870018,23.734296070800188,42522700,23.716270446777344,24.013734817504883,23.040206909179688,23.79739807894581,24.554585057036583,23.20246216589405,23.52697378459473,23.9235945436792,22.91400914031992,23.62612844222174,24.013734817504883,23.085278768997927,-0.003800981747373977,-0.0038082238356841446,0.009980847643855872,-0.003367069200376549,23.416999053955077,23.60269069671631,23.558043670654296,0.007802916562715402,0.012258873546751727,0.3785949939006308,-0.10817073510682818,35034900.0
2025-03-20,23.60809898376465,23.707253631172996,23.454858107607507,23.662183493197887,35378900,23.62612533569336,23.42781639099121,23.33767509460449,23.88753694260081,23.995709791526515,23.36471821140842,23.50894194870018,23.31964736567112,22.98612317273197,23.734296070800188,23.95063793154676,23.04922205929209,-0.0007629838440532666,-0.0007632750643667615,-0.003800981747373977,-0.024399304438331937,23.523365783691407,23.615761280059814,23.553307991027832,0.007000709884777492,0.012263044912728751,0.25239552356548955,-0.05408450943323828,34767100.0
2025-03-21,23.689228057861328,23.90556782815448,23.44584517153816,23.554014197026905,349996500,23.60809898376465,23.1754207611084,23.34668731689453,23.707253631172996,23.40978929152037,23.508942564144725,23.454858107607507,22.986124093842445,23.211475183957887,23.662183493197887,23.382747892948537,23.310631550458684,0.003436493304796562,0.00343060205464932,-0.0007629838440532666,-0.010773331396769281,23.624324798583984,23.614859962463377,23.54593849182129,0.007018551946217868,0.011784107427099936,0.4597226566163215,0.13521386083442266,98706740.0
2025-03-24,23.56302833557129,23.635141591621164,23.337674195500973,23.52697256720417,37944400,23.689228057861328,23.076265335083008,23.70725440979004,23.90556782815448,23.499930518702527,23.950637289206373,23.44584517153816,23.01316644808816,23.301617996745097,23.554014197026905,23.220491853732877,23.33767376444625,-0.0053273041224388695,-0.005341544805863315,0.003436493304796562,-0.004278473605613509,23.640550231933595,23.591873741149904,23.540833396911623,0.006171506016693129,0.011409592715174968,0.29746739612019013,0.03605576836712032,99760240.0
2025-03-25,23.031192779541016,23.61711492813342,22.99513701062271,23.58105743989945,47607600,23.56302833557129,23.18443298339844,24.02275276184082,23.635141591621164,23.220490470570947,24.10388039580309,23.337674195500973,22.986121961896483,23.32866154652616,23.52697256720417,23.0942927040984,23.797398605126897,-0.022570764184304926,-0.022829382770539815,-0.0053273041224388695,0.004687398361249873,23.503534698486327,23.538239574432374,23.52757453918457,0.009951912586947652,0.012334959375622193,0.6219779175107121,-0.5498646603584341,102690020.0
2025-03-26,22.724708557128903,23.1213322883689,22.652595307750317,23.004148902872,49487400,23.031192779541016,23.48190116882324,24.1038761138916,23.61711492813342,23.57204317048503,24.36528771451309,22.99513701062271,23.06725036822096,23.92359385213601,23.58105743989945,23.202462511055803,24.085847371921403,-0.013307353437828406,-0.013396689703620816,-0.022570764184304926,0.012830513717450254,23.32325134277344,23.48370370864868,23.506767196655275,0.010372502088770467,0.012394311737386327,0.4687369806185835,-0.2794403457430974,104082960.0
2025-03-27,22.5444278717041,22.742738891550363,22.382172619413705,22.71569749571237,51302000,22.724708557128903,23.716270446777344,23.81542587280273,23.1213322883689,23.79739807894581,24.13993638851936,22.652595307750317,23.52697378459473,23.752326987927983,23.004148902872,23.62612844222174,24.049794387563,-0.007933245215074325,-0.00796488083137996,-0.013307353437828406,0.009980847643855872,23.11051712036133,23.434576416015624,23.489270935058595,0.009642527561751234,0.01225406189338899,0.3605662721366585,-0.17126962400826784,107267580.0
2025-03-28,22.724708557128903,22.733722928215663,22.36414231023595,22.56245503551369,32352500,22.5444278717041,23.62612533569336,23.526973724365234,22.742738891550363,23.88753694260081,23.887540022348865,22.382172619413705,23.50894194870018,23.44584609240445,22.71569749571237,23.734296070800188,23.698243360650856,0.007996684877112026,0.007964880831379854,-0.007933245215074325,-0.003800981747373977,22.917613220214843,23.37958993911743,23.478749923706054,0.01121668435106988,0.01200208261551344,0.36958061797971453,0.162253521615213,43738780.0
2025-03-31,22.841894149780277,22.923021771978284,22.183860520232432,22.35512841659221,53498100,22.724708557128903,23.60809898376465,23.824438095092773,22.733722928215663,23.707253631172996,23.878522603060148,22.36414231023595,23.454858107607507,23.355701107867525,22.56245503551369,23.662183493197887,23.49091323744371,0.005156747878934276,0.005143497388029638,0.007996684877112026,-0.0007629838440532666,22.77338638305664,23.338575553894042,23.465784187316896,0.012767328551460217,0.012063086976124198,0.7391612517458519,0.4867657331880686,46849520.0
2025-04-01,22.120763778686523,22.85091072972581,22.102735034385383,22.796826216138083,54444200,22.841894149780277,23.689228057861328,23.662181854248047,22.923021771978284,23.90556782815448,24.24810220391872,22.183860520232432,23.44584517153816,23.409784628849177,22.35512841659221,23.554014197026905,23.770352584937687,-0.031570515403193444,-0.032079607668790075,0.005156747878934276,0.003436493304796562,22.591300582885744,23.284039878845213,23.441765480041504,0.015911569363803404,0.013275398311291408,0.7481756953404286,-0.6760624374515594,48216840.0
2025-04-02,22.26498794555664,22.30104371103943,21.913434346035302,22.084703960196183,41965000,22.120763778686523,23.56302833557129,23.21147727966309,22.85091072972581,23.635141591621164,23.716270090550275,22.102735034385383,23.337674195500973,23.13936402096492,22.796826216138083,23.52697256720417,23.662185576355576,0.006519854753346266,0.006498692434039117,-0.031570515403193444,-0.0053273041224388695,22.49935646057129,23.228152084350583,23.41460136413574,0.016688557557776353,0.013243734935008215,0.3876093650041277,0.18028398536045742,46712360.0
2025-04-03,21.895410537719727,22.41823210884911,21.88639616519663,22.301046985364597,53501800,22.26498794555664,23.031192779541016,23.38274383544922,22.30104371103943,23.61711492813342,23.59908358306235,21.913434346035302,22.99513701062271,23.13034660357616,22.084703960196183,23.58105743989945,23.16640408783609,-0.016599039206336985,-0.01673834699271206,0.006519854753346266,-0.022570764184304926,22.369552993774413,23.140264034271237,23.391218795776368,0.017627149665953898,0.013182097354357982,0.5318359436524815,-0.40563644764486995,47152320.0
2025-04-04,20.705535888671875,21.72413747202041,20.68750886578471,21.57991097303016,80002600,21.895410537719727,22.724708557128903,23.65317153930664,22.41823210884911,23.1213322883689,23.85148257370806,21.88639616519663,22.652595307750317,23.346689755667164,22.301046985364597,23.004148902872,23.37373287280561,-0.05434356423680786,-0.055875951620546864,-0.016599039206336985,-0.013307353437828406,21.965718460083007,22.970797634124757,23.33641258239746,0.025711352251812376,0.016365747682424464,1.0366286062356984,-0.8743750843582845,56682340.0
2025-04-07,20.39905548095703,20.876806864641168,19.605809684695792,19.95736158403348,86106100,20.705535888671875,22.5444278717041,24.09486389160156,21.72413747202041,22.742738891550363,24.239090401593835,20.68750886578471,22.382172619413705,23.59908547841757,21.57991097303016,22.71569749571237,23.797396499828047,-0.014801858274169133,-0.014912498927310907,-0.05434356423680786,-0.007933245215074325,21.47715072631836,22.790063667297364,23.274034538269042,0.022538523718620737,0.016416319027733862,1.2709971799453754,0.44169389692354954,63203940.0
2025-04-08,19.68693733215332,20.723566007237054,19.326371060730576,20.64243838125249,72406000,20.39905548095703,22.724708557128903,24.013734817504883,20.876806864641168,22.733722928215663,24.554585057036583,19.605809684695792,22.36414231023595,23.9235945436792,19.95736158403348,22.56245503551369,24.013734817504883,-0.03490936869447159,-0.03553326360188797,-0.014801858274169133,0.007996684877112026,20.990385437011717,22.60301971435547,23.18353229522705,0.022933085998362693,0.01712218612478288,1.3971949465064775,-0.9555010490991691,66796300.0
2025-04-09,20.272859573364254,20.31793143594456,18.85763575534224,19.028905394515863,95954400,19.68693733215332,22.841894149780277,23.42781639099121,20.723566007237054,22.923021771978284,23.995709791526515,19.326371060730576,22.183860520232432,23.31964736567112,20.64243838125249,22.35512841659221,23.95063793154676,0.029761980308333102,0.02932768845752289,-0.03490936869447159,0.005156747878934276,20.591959762573243,22.45789165496826,23.106731605529784,0.031225069641141797,0.019123383610710733,1.460295680602318,1.2439541788483908,77594180.0
2025-04-10,19.46158218383789,20.074545672984836,19.01087393820814,20.065531301754376,72960700,20.272859573364254,22.120763778686523,23.1754207611084,20.31793143594456,22.85091072972581,23.40978929152037,18.85763575534224,22.102735034385383,22.986124093842445,19.028905394515863,22.796826216138083,23.382747892948537,-0.04001790603789657,-0.04084064681701706,0.029761980308333102,-0.031570515403193444,20.105194091796875,22.277157497406005,23.016049041748047,0.03265272683585335,0.020524198368377416,1.0636717347766975,-0.6039491179164855,81485960.0
2025-04-11,19.750036239624023,19.831163865710813,19.18214457633208,19.46158322212236,55078100,19.46158218383789,22.26498794555664,23.076265335083008,20.074545672984836,22.30104371103943,23.499930518702527,19.01087393820814,21.913434346035302,23.01316644808816,20.065531301754376,22.084703960196183,23.220491853732877,0.014821716603580226,0.01471294839929359,-0.04001790603789657,0.006519854753346266,19.914094161987304,22.105437660217284,22.9259073638916,0.03056562002311072,0.02098117745843097,0.6490192893787317,0.28845301750166286,76501060.0
2025-04-14,19.9393367767334,20.03849143771737,19.713982617372704,19.903279285964107,61900900,19.750036239624023,21.895410537719727,23.18443298339844,19.831163865710813,22.41823210884911,23.220490470570947,19.18214457633208,21.88639616519663,22.986121961896483,19.46158322212236,22.301046985364597,23.0942927040984,0.00958481973463865,0.009539176771246756,0.014821716603580226,-0.016599039206336985,19.822150421142577,21.928309440612793,22.84658275604248,0.03134979722082483,0.0208254085976778,0.3245088203446649,0.036057490769291434,71660020.0
2025-04-15,20.227787017822266,20.669480902540176,19.948346661096515,19.984404146860697,51814700,19.9393367767334,20.705535888671875,23.48190116882324,20.03849143771737,21.72413747202041,23.57204317048503,19.713982617372704,20.68750886578471,23.06725036822096,19.903279285964107,21.57991097303016,23.202462511055803,0.014466390949645413,0.014362751050535048,0.00958481973463865,-0.05434356423680786,19.93032035827637,21.75388526916504,22.778796195983887,0.026665756315095882,0.02105142517989419,0.7211342414436608,0.2433828709615682,67541760.0
2025-04-16,19.86722183227539,20.444127881208832,19.78609420422967,20.27285825318835,37641200,20.227787017822266,20.39905548095703,23.716270446777344,20.669480902540176,20.876806864641168,23.79739807894581,19.948346661096515,19.605809684695792,23.52697378459473,19.984404146860697,19.95736158403348,23.62612844222174,-0.017825241348902288,-0.017986024494528845,0.014466390949645413,-0.014801858274169133,19.849192810058593,21.56594009399414,22.70974769592285,0.02433118730258794,0.021147714765307312,0.6580336769791622,-0.40563642091295904,55879120.0
2025-04-17,19.957365036010746,20.326945742654207,19.92130926232928,19.96637940926008,54073700,19.86722183227539,19.68693733215332,23.62612533569336,20.444127881208832,20.723566007237054,23.88753694260081,19.78609420422967,19.326371060730576,23.50894194870018,20.27285825318835,20.64243838125249,23.734296070800188,0.004537282791543307,0.004527020354654599,-0.017825241348902288,-0.03490936869447159,19.948349380493163,21.383403396606447,22.63222587585449,0.013492929248491594,0.02128139112055298,0.40563648032492594,-0.00901437324933596,52101720.0
2025-04-21,19.86722183227539,19.984405228721627,19.71398094811299,19.948347741005467,32021000,19.957365036010746,20.272859573364254,23.60809898376465,20.326945742654207,20.31793143594456,23.707253631172996,19.92130926232928,18.85763575534224,23.454858107607507,19.96637940926008,19.028905394515863,23.662183493197887,-0.0045167888432516845,-0.004527020354654497,0.004537282791543307,0.029761980308333102,19.971786499023438,21.192303085327147,22.563898544311524,0.012767822068330685,0.021127315206066994,0.270424280608637,-0.08112590873007619,47490300.0
2025-04-22,20.308916091918945,20.32694311677296,19.96637682995761,19.99341994621214,36052600,19.86722183227539,19.46158218383789,23.689228057861328,19.984405228721627,20.074545672984836,23.90556782815448,19.71398094811299,19.01087393820814,23.44584517153816,19.948347741005467,20.065531301754376,23.554014197026905,0.022232311259845927,0.021988776380788812,-0.0045167888432516845,-0.04001790603789657,20.045702362060545,21.02959747314453,22.506027603149413,0.015739150001907763,0.022218716767835465,0.36056628681534875,0.3154961457068062,42320640.0
2025-04-23,20.182716369628903,20.78666553783309,20.04750422854467,20.534269999626694,50781000,20.308916091918945,19.750036239624023,23.56302833557129,20.32694311677296,19.831163865710813,23.635141591621164,19.96637682995761,19.18214457633208,23.337674195500973,19.99341994621214,19.46158322212236,23.52697256720417,-0.006214005795230904,-0.006233393086129446,0.022232311259845927,0.014821716603580226,20.036688232421874,20.887173652648926,22.44328899383545,0.014924634021905374,0.021920880420971522,0.7391613092884199,-0.3515536299977917,42113900.0
2025-04-24,20.534269332885746,20.606382587076883,20.0384892059205,20.19173008599112,35009600,20.182716369628903,19.9393367767334,23.031192779541016,20.78666553783309,20.03849143771737,23.61711492813342,20.04750422854467,19.713982617372704,22.99513701062271,20.534269999626694,19.903279285964107,23.58105743989945,0.017418515764600517,0.017268552341182037,-0.006214005795230904,0.00958481973463865,20.170097732543944,20.777651691436766,22.39371105194092,0.01278088565228373,0.02247711006574546,0.5678933811563844,0.3425392468946242,41587580.0
2025-04-25,20.66046905517578,20.831738694848443,20.263845259892264,20.52525690567242,35847700,20.534269332885746,20.227787017822266,22.724708557128903,20.606382587076883,20.669480902540176,23.1213322883689,20.0384892059205,19.948346661096515,22.652595307750317,20.19173008599112,19.984404146860697,23.004148902872,0.006145810218234793,0.00612700174946328,0.017418515764600517,0.014466390949645413,20.310718536376953,20.68345375061035,22.347738876342774,0.012733262784966547,0.02259436677103814,0.5678934349561793,0.13521214950336002,37942380.0
2025-04-28,20.77765274047852,20.993994245787437,20.64244058914728,20.75962571446593,55888900,20.66046905517578,19.86722183227539,22.5444278717041,20.831738694848443,20.444127881208832,22.742738891550363,20.263845259892264,19.78609420422967,22.382172619413705,20.52525690567242,20.27285825318835,22.71569749571237,0.005671879229352861,0.0056558546866506635,0.006145810218234793,-0.017825241348902288,20.492804718017577,20.58610095977783,22.301045494079588,0.011142724906087887,0.02253471717078009,0.3515536566401565,0.01802702601258943,42715960.0
2025-04-29,21.444700241088867,21.74216762953439,20.24581459630305,20.57933947150105,98540200,20.77765274047852,19.957365036010746,22.724708557128903,20.993994245787437,20.326945742654207,22.733722928215663,20.64244058914728,19.92130926232928,22.36414231023595,20.75962571446593,19.96637940926008,22.56245503551369,0.032104083600878575,0.03159951817612787,0.005671879229352861,0.004537282791543307,20.71996154785156,20.51624126434326,22.269676170349122,0.014446890017192328,0.02388996926699402,1.4963530332313404,0.8653607695878165,55213480.0
2025-04-30,22.00357818603516,22.030621301904294,21.61596878848912,21.814281532898157,53941700,21.444700241088867,19.86722183227539,22.841894149780277,21.74216762953439,19.984405228721627,22.923021771978284,20.24581459630305,19.71398094811299,22.183860520232432,20.57933947150105,19.948347741005467,22.35512841659221,0.026061354957783944,0.025727545114405396,0.032104083600878575,-0.0045167888432516845,21.084133911132813,20.510381984710698,22.24894359588623,0.011783492987979222,0.023721946643573834,0.41465251341517373,0.18929665313700283,55845620.0
2025-05-01,21.570898056030277,21.931464327811774,21.45371294312903,21.904421212684813,46891700,22.00357818603516,20.308916091918945,22.120763778686523,22.030621301904294,20.32694311677296,22.85091072972581,21.61596878848912,19.96637682995761,22.102735034385383,21.814281532898157,19.99341994621214,22.796826216138083,-0.019664080375776716,-0.019859990924733444,0.026061354957783944,0.022232311259845927,21.29145965576172,20.47567749023438,22.213608055114747,0.020372054078173843,0.024063544304712154,0.4777513846827439,-0.333523156654536,58222040.0
2025-05-02,21.81428337097168,21.9044236594994,21.606956237136863,21.88639663338333,41685800,21.570898056030277,20.182716369628903,22.26498794555664,21.931464327811774,20.78666553783309,22.30104371103943,21.45371294312903,20.04750422854467,21.913434346035302,21.904421212684813,20.534269999626694,22.084703960196183,0.011283040432957803,0.011219861720064304,-0.019664080375776716,-0.006214005795230904,21.5222225189209,20.471621131896974,22.18295997619629,0.020254258367243448,0.023938154837305586,0.2974674223625371,-0.07211326241165139,59389660.0
2025-05-05,21.516815185546875,21.859352740025678,21.498786440754376,21.81428259736016,40811800,21.81428337097168,20.534269332885746,21.895410537719727,21.9044236594994,20.606382587076883,22.41823210884911,21.606956237136863,20.0384892059205,21.88639616519663,21.88639663338333,20.19173008599112,22.301046985364597,-0.013636395033753246,-0.013730224643357396,0.011283040432957803,0.017418515764600517,21.67005500793457,20.512185096740726,22.139151191711427,0.023175769142829834,0.020558302170731912,0.36056629927130146,-0.29746741181328673,56374240.0
2025-05-06,20.62441062927246,21.534841582951756,20.59736923218812,21.48075706946739,60872600,21.516815185546875,20.66046905517578,20.705535888671875,21.859352740025678,20.831738694848443,21.72413747202041,21.498786440754376,20.263845259892264,20.68750886578471,21.81428259736016,20.52525690567242,21.57991097303016,-0.04147475119244659,-0.0423593748428049,-0.013636395033753246,0.006145810218234793,21.505997085571288,20.523452854156496,22.071184349060058,0.026547458031003165,0.022488697784680767,0.9374723507636347,-0.8563464401949297,48840720.0
2025-05-07,20.54328346252441,20.81370773272604,20.48018286144949,20.723565736220305,48270500,20.62441062927246,20.77765274047852,20.39905548095703,21.534841582951756,20.993994245787437,20.876806864641168,20.59736923218812,20.64244058914728,19.605809684695792,21.48075706946739,20.75962571446593,19.95736158403348,-0.003933550791163198,-0.0039413075498277265,-0.04147475119244659,0.005671879229352861,21.21393814086914,20.566270160675053,21.999972496032715,0.019534048065689112,0.020911953316590504,0.33352487127655195,-0.18028227369589445,47706480.0
2025-05-08,20.705535888671875,20.813706622572305,20.290885133903792,20.57032376078296,55669800,20.54328346252441,21.444700241088867,19.68693733215332,20.81370773272604,21.74216762953439,20.723566007237054,20.48018286144949,20.24581459630305,19.326371060730576,20.723565736220305,20.57933947150105,20.64243838125249,0.007898076587584013,0.007867050040317118,-0.003933550791163198,0.032104083600878575,21.04086570739746,20.587903976440433,21.937774696350097,0.021174540673773078,0.019952477585191846,0.5228214886685123,0.13521212788891646,49462100.0
2025-05-09,20.46670150756836,20.760657433719015,20.44832882415506,20.677982110474705,39059800,20.705535888671875,22.00357818603516,20.272859573364254,20.813706622572305,22.030621301904294,20.31793143594456,20.290885133903792,21.61596878848912,18.85763575534224,20.57032376078296,21.814281532898157,19.028905394515863,-0.011534808004374453,-0.011601849944793885,0.007898076587584013,0.026061354957783944,20.771349334716795,20.638159942626956,21.87656925201416,0.018242931461188702,0.017746662216093986,0.3123286095639557,-0.21128060290634565,48936900.0
2025-05-12,21.21077537536621,21.265891667541855,20.37483764355496,20.420767595015445,77480900,20.46670150756836,21.570898056030277,19.46158218383789,20.760657433719015,21.931464327811774,20.074545672984836,20.44832882415506,21.45371294312903,19.01087393820814,20.677982110474705,21.904421212684813,20.065531301754376,0.036355338818162775,0.03571007616650067,-0.011534808004374453,-0.019664080375776716,20.710141372680663,20.711196899414066,21.82429599761963,0.028375007527084654,0.019122505492835333,0.8910540239868929,0.7900077803507664,56270720.0
2025-05-13,21.00868225097656,21.109728499975542,20.659608293735197,21.03623952246927,41193200,21.21077537536621,21.81428337097168,19.750036239624023,21.265891667541855,21.9044236594994,19.831163865710813,20.37483764355496,21.606956237136863,19.18214457633208,20.420767595015445,21.88639663338333,19.46158322212236,-0.00952785180236071,-0.009573532171092787,0.036355338818162775,0.011283040432957803,20.786995697021485,20.76466417312622,21.771226005554198,0.019680109657066513,0.019292277982725,0.45012020624034577,-0.02755727149271081,52334840.0
2025-05-14,20.227859497070312,21.036238198772413,20.181927793946983,20.999494588389062,59394000,21.00868225097656,21.516815185546875,19.9393367767334,21.109728499975542,21.859352740025678,20.03849143771737,20.659608293735197,21.498786440754376,19.713982617372704,21.03623952246927,21.81428259736016,19.903279285964107,-0.03716666969295279,-0.037874955572031375,-0.00952785180236071,-0.013636395033753246,20.723910903930665,20.764667797088624,21.711553649902342,0.027157955239418732,0.021024781336009664,0.85431040482543,-0.7716350913187497,54559540.0
2025-05-15,20.76065444946289,20.76065444946289,20.292161602460816,20.393209594593205,51800100,20.227859497070312,20.62441062927246,20.227787017822266,21.036238198772413,21.534841582951756,20.669480902540176,20.181927793946983,20.59736923218812,19.948346661096515,20.999494588389062,21.48075706946739,19.984404146860697,0.02633966052956538,0.025998745110300075,-0.03716666969295279,-0.04147475119244659,20.734934616088868,20.809339427947997,21.659111862182616,0.03006947383846445,0.021347611265855684,0.46849284700207505,0.36744485486968514,53785600.0
2025-05-16,20.9719352722168,20.990307953208305,20.6228630939546,20.806584647523803,37786800,20.76065444946289,20.54328346252441,19.86722183227539,20.76065444946289,20.81370773272604,20.444127881208832,20.292161602460816,20.48018286144949,19.78609420422967,20.393209594593205,20.723565736220305,20.27285825318835,0.010176982776155974,0.01012554597354387,0.02633966052956538,-0.003933550791163198,20.835981369018555,20.860067939758302,21.60548713684082,0.029386003313070036,0.02141420994651109,0.3674448592537054,0.16535062469299788,53531000.0
2025-05-19,21.128097534179688,21.155656553029196,20.79739631644612,20.88925796049601,31513700,20.9719352722168,20.705535888671875,19.957365036010746,20.990307953208305,20.813706622572305,20.326945742654207,20.6228630939546,20.290885133903792,19.92130926232928,20.806584647523803,20.57032376078296,19.96637940926008,0.007446249472730759,0.007418663016243145,0.010176982776155974,0.007898076587584013,20.81944580078125,20.92311172485352,21.546151809692383,0.02410105943414366,0.021369021820230573,0.3582602365830745,0.23883957368367703,44337560.0
2025-05-20,21.60577964782715,21.77113027939509,21.27507838469126,21.284264725568963,57047500,21.128097534179688,20.46670150756836,19.86722183227539,21.155656553029196,20.760657433719015,19.984405228721627,20.79739631644612,20.44832882415506,19.71398094811299,20.88925796049601,20.677982110474705,19.948347741005467,0.022608855949983075,0.022357063855074175,0.007446249472730759,-0.011534808004374453,20.93886528015137,20.98795490264893,21.497992706298827,0.025359343915333257,0.02138673950313367,0.4960518947038324,0.321514922258185,47508420.0
2025-05-21,21.16484642028809,21.56903491809137,21.16484642028809,21.55984857694374,42984700,21.60577964782715,21.21077537536621,20.308916091918945,21.77113027939509,21.265891667541855,20.32694311677296,21.27507838469126,20.37483764355496,19.96637682995761,21.284264725568963,20.420767595015445,19.99341994621214,-0.020408114621468965,-0.02061923754548648,0.022608855949983075,0.036355338818162775,21.126262664794922,21.037061405181888,21.452733306884767,0.018399936232408397,0.021947847796612564,0.40418849780327903,-0.3950021566556501,44226560.0
2025-05-22,21.16484642028809,21.27507900982883,20.95356407812339,21.16484642028809,38602800,21.16484642028809,21.00868225097656,20.182716369628903,21.56903491809137,21.109728499975542,20.78666553783309,21.16484642028809,20.659608293735197,20.04750422854467,21.55984857694374,21.03623952246927,20.534269999626694,0.0,0.0,-0.020408114621468965,-0.00952785180236071,21.207101058959964,21.068590259552003,21.41252182006836,0.0158750679819561,0.021673096109869484,0.32151493170544043,0.0,41587100.0
2025-05-23,21.42205619812012,21.48635883173929,21.01786596265124,21.082170348385777,35405400,21.16484642028809,20.227859497070312,20.534269332885746,21.27507900982883,21.036238198772413,20.606382587076883,20.95356407812339,20.181927793946983,20.0384892059205,21.16484642028809,20.999494588389062,20.19173008599112,0.012152688128437283,0.012079437081663898,0.0,-0.03716666969295279,21.297125244140627,21.10666961669922,21.3794376373291,0.016091463338054807,0.021778768701785318,0.46849286908805254,0.339885849734344,41110820.0
2025-05-27,21.68845558166504,21.734385535247057,21.46798865066361,21.63333753482812,36155400,21.42205619812012,20.76065444946289,20.66046905517578,21.48635883173929,20.76065444946289,20.831738694848443,21.01786596265124,20.292161602460816,20.263845259892264,21.082170348385777,20.393209594593205,20.52525690567242,0.012435752249043919,0.012359063416385317,0.012152688128437283,0.02633966052956538,21.4091968536377,21.152209758758545,21.349518089294435,0.016480710097121,0.02189040483189226,0.2663968845834468,0.05511804683692034,42039160.0
2025-05-28,21.29344940185547,21.71601053650443,21.22914677285369,21.688453268140943,36737200,21.68845558166504,20.9719352722168,20.77765274047852,21.734385535247057,20.990307953208305,20.993994245787437,21.46798865066361,20.6228630939546,20.64244058914728,21.63333753482812,20.806584647523803,20.75962571446593,-0.018212738953321317,-0.01838063254250621,0.012435752249043919,0.010176982776155974,21.34673080444336,21.144647216796876,21.30574905395508,0.01589928489982719,0.021173635436963833,0.48686376365074224,-0.39500386628547446,37977100.0
2025-05-29,21.54147720336914,21.54147720336914,21.27507857191744,21.431242863981964,26091400,21.29344940185547,21.128097534179688,21.444700241088867,21.71601053650443,21.155656553029196,21.74216762953439,21.22914677285369,20.79739631644612,20.24581459630305,21.688453268140943,20.88925796049601,20.57933947150105,0.01164807997205286,0.011580763324053838,-0.018212738953321317,0.007446249472730759,21.42205696105957,21.121542167663574,21.262253189086913,0.013273526761943533,0.020468452276427632,0.2663986314517004,0.1102343393871763,34598440.0
2025-05-30,21.578218460083008,21.69763912739539,21.275076249996854,21.56903212012704,56618600,21.54147720336914,21.60577964782715,22.00357818603516,21.54147720336914,21.77113027939509,22.030621301904294,21.27507857191744,21.27507838469126,21.61596878848912,21.431242863981964,21.284264725568963,21.814281532898157,0.001705605254783693,0.0017041523619476266,0.01164807997205286,0.022608855949983075,21.504731369018554,21.12190818786621,21.221295051574707,0.013179308970162852,0.01998733727102397,0.42256287739853704,0.009186339955967071,38201600.0
2025-06-02,21.550661087036133,21.642522741500336,21.330194167591237,21.62415181229976,30443900,21.578218460083008,21.16484642028809,21.570898056030277,21.69763912739539,21.56903491809137,21.931464327811774,21.275076249996854,21.16484642028809,21.45371294312903,21.56903212012704,21.55984857694374,21.904421212684813,-0.001277092133340485,-0.0012779083104619293,0.001705605254783693,-0.020408114621468965,21.53045234680176,21.108727073669435,21.180146293640135,0.012436163060678386,0.01981763540692721,0.31232857390909885,-0.07349072526362832,37209300.0
2025-06-03,21.449615478515625,21.62415245194894,21.183216847900805,21.47717274918931,37887100,21.550661087036133,21.16484642028809,21.81428337097168,21.642522741500336,21.27507900982883,21.9044236594994,21.330194167591237,20.95356407812339,21.606956237136863,21.62415181229976,21.16484642028809,21.88639663338333,-0.004688747510455338,-0.004699774168040493,-0.001277092133340485,0.0,21.482684326171874,21.10536708831787,21.135354042053223,0.010845164484005706,0.019603416816637624,0.4409356040481356,-0.027557270673685963,37555640.0
2025-06-04,21.486358642578125,21.62415200153796,21.449615031740084,21.504731324054813,24500100,21.449615478515625,21.42205619812012,21.516815185546875,21.62415245194894,21.48635883173929,21.859352740025678,21.183216847900805,21.01786596265124,21.498786440754376,21.47717274918931,21.082170348385777,21.81428259736016,0.0017129987294786098,0.0017115332205263048,-0.004688747510455338,0.012152688128437283,21.521266174316406,21.148464488983155,21.093820648193358,0.006094494750620598,0.0169965327950855,0.17453696979787736,-0.018372681476687802,35108220.0
2025-06-05,21.23833465576172,21.53229055376002,21.20158929245425,21.53229055376002,33173600,21.486358642578125,21.68845558166504,20.62441062927246,21.62415200153796,21.734385535247057,21.534841582951756,21.449615031740084,21.46798865066361,20.59736923218812,21.504731324054813,21.63333753482812,21.48075706946739,-0.011543323414741513,-0.011610464762104014,0.0017129987294786098,0.012435752249043919,21.460637664794923,21.18321704864502,21.057963485717774,0.0055452302909429615,0.017224399088816383,0.3307012613057694,-0.2939558979983019,36524660.0
2025-06-06,21.449615478515625,21.660896063552315,21.35775382133412,21.376126503193497,30426200,21.23833465576172,21.29344940185547,20.54328346252441,21.53229055376002,21.71601053650443,20.81370773272604,21.20158929245425,21.22914677285369,20.48018286144949,21.53229055376002,21.688453268140943,20.723565736220305,0.00994808802942515,0.009898931541577932,-0.011543323414741513,-0.018212738953321317,21.434917068481447,21.220421028137206,21.03246162414551,0.007936032601342298,0.017268603142317263,0.3031422422181933,0.07348897532212817,31286180.0
2025-06-09,22.019155502319336,22.175319800298144,21.513918995272544,21.532291677885453,42542600,21.449615478515625,21.54147720336914,20.705535888671875,21.660896063552315,21.54147720336914,20.813706622572305,21.35775382133412,21.27507857191744,20.290885133903792,21.376126503193497,21.431242863981964,20.57032376078296,0.02655245845195564,0.026206060361973406,0.00994808802942515,0.01164807997205286,21.528615951538086,21.298043727874756,21.02195617675781,0.014709924339124584,0.017799992559653203,0.6614008050256004,0.48686382443388254,33705920.0
2025-06-10,22.322296142578125,22.432530478167752,22.00996756920873,22.019153909850804,40439200,22.019155502319336,21.578218460083008,20.46670150756836,22.175319800298144,21.69763912739539,20.760657433719015,21.513918995272544,21.275076249996854,20.44832882415506,21.532291677885453,21.56903212012704,20.677982110474705,0.013767132905113444,0.013673226827596646,0.02655245845195564,0.001705605254783693,21.703152084350585,21.35361976623535,21.013907928466796,0.014165788036400806,0.016278045500473907,0.4225629089590228,0.3031422327273212,34216340.0
2025-06-11,22.487648010253903,22.680557670147223,22.34067005610444,22.349856397253205,38558700,22.322296142578125,21.550661087036133,21.21077537536621,22.432530478167752,21.642522741500336,21.265891667541855,22.00996756920873,21.330194167591237,20.37483764355496,22.019153909850804,21.62415181229976,20.420767595015445,0.007407475764125371,0.007380175151715295,0.013767132905113444,-0.001277092133340485,21.903409957885742,21.42756805419922,21.00682300567627,0.013747920629162611,0.016048248117101132,0.3398876140427838,0.1377916130006973,37028060.0
2025-06-12,22.818347930908203,22.855091541210395,22.53357838063378,22.53357838063378,42465400,22.487648010253903,21.449615478515625,21.00868225097656,22.680557670147223,21.62415245194894,21.109728499975542,22.34067005610444,21.183216847900805,20.659608293735197,22.349856397253205,21.47717274918931,21.03623952246927,0.014705847428041707,0.014598765002410585,0.007407475764125371,-0.004688747510455338,22.21941261291504,21.557092475891114,21.020774688720703,0.007363120816365484,0.013033346129380815,0.3215131605766146,0.2847695502744223,38886420.0
2025-06-13,22.54276657104492,22.91939780615328,22.469275840179428,22.772419848653207,46368400,22.818347930908203,21.486358642578125,20.227859497070312,22.855091541210395,21.62415200153796,21.036238198772413,22.53357838063378,21.449615031740084,20.181927793946983,22.53357838063378,21.504731324054813,20.999494588389062,-0.012077182831014666,-0.012150704560123134,0.014705847428041707,0.0017129987294786098,22.438042831420898,21.646198081970216,21.02633026123047,0.014181132234425768,0.012724413590730555,0.4501219659738531,-0.22965327760828913,42074860.0
2025-06-16,22.414159774780277,22.58869675815083,22.303927181578693,22.506021437191908,35102100,22.54276657104492,21.23833465576172,20.76065444946289,22.91939780615328,21.53229055376002,20.76065444946289,22.469275840179428,21.20158929245425,20.292161602460816,22.772419848653207,21.53229055376002,20.393209594593205,-0.005705013883692045,-0.0057213496354872675,-0.012077182831014666,-0.011543323414741513,22.517043685913087,21.718309307098387,21.036705245971678,0.011974584796675446,0.0128271367654591,0.2847695765721383,-0.09186166241163107,40586760.0
2025-06-17,22.04671287536621,22.34066876669931,21.964037561914363,22.29473881572176,40408800,22.414159774780277,21.449615478515625,20.9719352722168,22.58869675815083,21.660896063552315,20.990307953208305,22.303927181578693,21.35775382133412,20.6228630939546,22.506021437191908,21.376126503193497,20.806584647523803,-0.016393516558559806,-0.016529377119082526,-0.005705013883692045,0.00994808802942515,22.461927032470705,21.764240074157716,21.063528785705568,0.01312616955343279,0.01352112291391351,0.37663120478494605,-0.24802594035555003,40580680.0
2025-06-18,21.93647766113281,22.12020096191244,21.83543142260774,22.00996663102161,37076200,22.04671287536621,22.019155502319336,21.128097534179688,22.34066876669931,22.175319800298144,21.155656553029196,21.964037561914363,21.513918995272544,20.79739631644612,22.29473881572176,21.532291677885453,20.88925796049601,-0.005000074834583312,-0.005012617034183605,-0.016393516558559806,0.02655245845195564,22.351692962646485,21.780774974822997,21.094277229309082,0.01192329664203915,0.012714968793203664,0.2847695393046976,-0.07348896988879972,40284180.0
2025-06-20,22.019155502319336,22.129389845881327,21.835433932536617,22.04671452623869,63098100,21.93647766113281,22.322296142578125,21.60577964782715,22.12020096191244,22.432530478167752,21.77113027939509,21.83543142260774,22.00996756920873,21.27507838469126,22.00996663102161,22.019153909850804,21.284264725568963,0.003768966124083617,0.0037618813671540644,-0.005000074834583312,0.013767132905113444,22.19185447692871,21.82349042892456,21.140921592712402,0.007675124740037469,0.011697450382117528,0.2939559133447105,-0.027559023919355496,44410720.0
2025-06-23,22.07427406311035,22.129390360114392,21.83543443993886,21.927296103022588,31959100,22.019155502319336,22.487648010253903,21.16484642028809,22.129389845881327,22.680557670147223,21.56903491809137,21.835433932536617,22.34067005610444,21.16484642028809,22.04671452623869,22.349856397253205,21.55984857694374,0.0025032095706489788,0.0025000817601943436,0.003768966124083617,0.007407475764125371,22.098155975341797,21.868961811065674,21.176949882507323,0.00806254375014084,0.011687801419468362,0.29395592017553085,0.14697796008776365,41528860.0
2025-06-24,22.331483840942383,22.41415915963232,22.14776227327676,22.17531954476312,34404200,22.07427406311035,22.818347930908203,21.16484642028809,22.129390360114392,22.855091541210395,21.27507900982883,21.83543443993886,22.53357838063378,20.95356407812339,21.927296103022588,22.53357838063378,21.16484642028809,0.011652015241664149,0.011584653275545071,0.0025032095706489788,0.014705847428041707,22.08162078857422,21.914433193206786,21.234347915649415,0.010578059942546127,0.011665811242219071,0.26639688635555814,0.15616429617926286,41389280.0
2025-06-25,22.285554885864254,22.38660289148422,22.11101789946128,22.23962317780268,25603300,22.331483840942383,22.54276657104492,21.42205619812012,22.41415915963232,22.91939780615328,21.48635883173929,22.14776227327676,22.469275840179428,21.01786596265124,22.17531954476312,22.772419848653207,21.082170348385777,-0.0020566906975488797,-0.0020588085902599786,0.011652015241664149,-0.012077182831014666,22.129389190673827,21.944288158416747,21.28505828857422,0.006361036884510429,0.011440922325469,0.27558499202293874,0.04593170806157332,38428180.0
2025-06-26,22.26718139648437,22.44171837656846,22.19369241836193,22.34067037460681,31835300,22.285554885864254,22.414159774780277,21.68845558166504,22.38660289148422,22.58869675815083,21.734385535247057,22.11101789946128,22.303927181578693,21.46798865066361,22.23962317780268,22.506021437191908,21.63333753482812,-0.0008244573435116642,-0.0008247973953856561,-0.0020566906975488797,-0.005705013883692045,22.19552993774414,21.992974758148193,21.331615180969237,0.0053826504070372105,0.01049171221515361,0.2480259582065294,-0.07348897812243749,37380000.0
2025-06-27,22.221250534057617,22.43253111851053,22.120202536225623,22.368228484295766,39528800,22.26718139648437,22.04671287536621,21.29344940185547,22.44171837656846,22.34066876669931,21.71601053650443,22.19369241836193,21.964037561914363,21.22914677285369,22.34067037460681,22.29473881572176,21.688453268140943,-0.002062715599649545,-0.00206484592748315,-0.0008244573435116642,-0.016393516558559806,22.235948944091795,22.026963424682616,21.371484451293945,0.005792887548569819,0.010294161804618484,0.31232858228490556,-0.1469779502381492,32666140.0
2025-06-30,22.26718139648437,22.39578667016978,22.15694880535844,22.23962237264517,44730900,22.221250534057617,21.93647766113281,21.54147720336914,22.43253111851053,22.12020096191244,21.54147720336914,22.120202536225623,21.83543142260774,21.27507857191744,22.368228484295766,22.00996663102161,21.431242863981964,0.002066979189868645,0.002064845927483157,-0.002062715599649545,-0.005000074834583312,22.2745304107666,22.06141157150268,21.419483642578125,0.005783722423011772,0.010294665284414915,0.23883786481134095,0.027559023839202723,35220500.0
2025-07-01,23.002073287963867,23.28684286360772,22.285554426027385,22.30392710887292,59259900,22.26718139648437,22.019155502319336,21.578218460083008,22.39578667016978,22.129389845881327,21.69763912739539,22.15694880535844,21.835433932536617,21.275076249996854,22.23962237264517,22.04671452623869,21.56903212012704,0.03300336393700576,0.03247044660558328,0.002066979189868645,0.003768966124083617,22.4086483001709,22.13398218154907,21.480377807617188,0.015175127537070553,0.012420683610540603,1.0012884375803353,0.6981461790909478,40191640.0
2025-07-02,23.2592830657959,23.296028430264904,22.99288618185725,23.08474608879894,36772100,23.002073287963867,22.07427406311035,21.550661087036133,23.28684286360772,22.129390360114392,21.642522741500336,22.285554426027385,21.83543443993886,21.330194167591237,22.30392710887292,21.927296103022588,21.62415181229976,0.011182025837932708,0.011119969171318977,0.03300336393700576,0.0025032095706489788,22.603393936157225,22.22446556091308,21.548219032287598,0.014554712435557936,0.012387891029820963,0.3031422484076529,0.1745369769969578,42425400.0
2025-07-03,23.31439971923828,23.443006744743908,23.1674217633308,23.28684244757778,27104600,23.2592830657959,22.331483840942383,21.449615478515625,23.296028430264904,22.41415915963232,21.62415245194894,22.99288618185725,22.14776227327676,21.183216847900805,23.08474608879894,22.17531954476312,21.47717274918931,0.0023696626111160413,0.0023668593882589842,0.011182025837932708,0.011652015241664149,22.812837600708008,22.31586761474609,21.608328704833983,0.014096526625997693,0.012382015551486334,0.2755849814131075,0.027557271660501925,41479260.0
2025-07-07,23.185794830322266,23.452193474894237,23.09393316832795,23.29602917513854,34905900,23.31439971923828,22.285554885864254,21.486358642578125,23.443006744743908,22.38660289148422,21.62415200153796,23.1674217633308,22.11101789946128,21.449615031740084,23.28684244757778,22.23962317780268,21.504731324054813,-0.005516114095354352,-0.005531384032409632,0.0023696626111160413,-0.0020566906975488797,23.00574645996094,22.413240623474117,21.66839027404785,0.014857245094609171,0.012048475779469523,0.3582603065662866,-0.11023434481627348,40554680.0
2025-07-08,23.53486633300781,23.84719314772476,23.158233383026943,23.185792404376365,51275800,23.185794830322266,22.26718139648437,21.23833465576172,23.452193474894237,22.44171837656846,21.53229055376002,23.09393316832795,22.19369241836193,21.20158929245425,23.29602917513854,22.34067037460681,21.53229055376002,0.015055403760798836,0.014943195990053221,-0.005516114095354352,-0.0008244573435116642,23.259283447265624,22.51750316619873,21.72840221405029,0.014557237795721123,0.012223665849861452,0.6889597646978167,0.3490739286314444,41863660.0
2025-07-09,23.47974967956543,23.73696197103292,23.277655434058005,23.599170360363527,38362200,23.53486633300781,22.221250534057617,21.449615478515625,23.84719314772476,22.43253111851053,21.660896063552315,23.158233383026943,22.120202536225623,21.35775382133412,23.185792404376365,22.368228484295766,21.376126503193497,-0.0023419148705797754,-0.0023446614422061754,0.015055403760798836,-0.002062715599649545,23.354818725585936,22.590532875061033,21.784787826538086,0.008762498787523556,0.011169527975813505,0.4593065369749141,-0.11942068079809687,37684120.0
2025-07-10,23.68184471130371,23.929868899546587,23.46137779280153,23.4981214031609,39499200,23.47974967956543,22.26718139648437,22.019155502319336,23.73696197103292,22.39578667016978,22.175319800298144,23.277655434058005,22.15694880535844,21.513918995272544,23.599170360363527,22.23962237264517,21.532291677885453,0.008607205549306496,0.008570374744929674,-0.0023419148705797754,0.002066979189868645,23.4393310546875,22.658510303497312,21.84287166595459,0.008309872580756692,0.010972279283135182,0.4684911067450557,0.18372330814280957,38229540.0
2025-07-11,23.56242561340332,23.6267282499252,23.35114502136989,23.56242561340332,34864400,23.68184471130371,23.002073287963867,22.322296142578125,23.929868899546587,23.28684286360772,22.432530478167752,23.46137779280153,22.285554426027385,22.00996756920873,23.4981214031609,22.30392710887292,22.019153909850804,-0.005042643398611157,-0.005055400429007582,0.008607205549306496,0.03300336393700576,23.48893623352051,22.712249183654784,21.88522617340088,0.009204966659692507,0.011062892484030754,0.27558322855530903,0.0,39781500.0
2025-07-14,23.286840438842773,23.54405096343603,23.277654098376544,23.49812101322017,25918000,23.56242561340332,23.2592830657959,22.487648010253903,23.6267282499252,23.296028430264904,22.680557670147223,23.35114502136989,22.99288618185725,22.34067005610444,23.56242561340332,23.08474608879894,22.349856397253205,-0.01169595945180546,-0.011764895226089192,-0.005042643398611157,0.011182025837932708,23.50914535522461,22.735673809051512,21.91089141845703,0.010773327507174359,0.011091710304840996,0.26639686505948745,-0.21128057437739756,37983920.0
2025-07-15,22.60706901550293,23.36951782057092,22.533580037380062,23.27765615988848,54458000,23.286840438842773,23.31439971923828,22.818347930908203,23.54405096343603,23.443006744743908,22.855091541210395,23.277654098376544,23.1674217633308,22.53357838063378,23.49812101322017,23.28684244757778,22.53357838063378,-0.029191226054264385,-0.029625767319547507,-0.01169595945180546,0.0023696626111160413,23.32358589172363,22.73888893127441,21.931614837646485,0.013957657688419703,0.012702883969842888,0.8359377831908574,-0.67058714438555,38620360.0
2025-07-16,22.60706901550293,22.928582199718296,22.533580037380062,22.671371652346004,44218200,22.60706901550293,23.185794830322266,22.54276657104492,23.36951782057092,23.452193474894237,22.91939780615328,22.533580037380062,23.09393316832795,22.469275840179428,23.27765615988848,23.29602917513854,22.772419848653207,0.0,0.0,-0.029191226054264385,-0.005516114095354352,23.149049758911133,22.748534393310543,21.94747055053711,0.014228841687199739,0.012626683266816832,0.3950021623382334,-0.06430263684307391,39791560.0
2025-07-17,22.57950782775879,22.76323113151656,22.46008890679693,22.49683251627932,47393900,22.60706901550293,23.53486633300781,22.414159774780277,22.928582199718296,23.84719314772476,22.58869675815083,22.533580037380062,23.158233383026943,22.303927181578693,22.671371652346004,23.185792404376365,22.506021437191908,-0.0012191402487974345,-0.0012198840048272814,0.0,0.015055403760798836,22.928582382202148,22.775174140930172,21.968724403381348,0.011950236849055492,0.011998145027685064,0.3031422247196289,0.08267531147946983,41370500.0
2025-07-18,22.47846031188965,22.76323161396117,22.404971339252064,22.698927229802397,36309400,22.57950782775879,23.47974967956543,22.04671287536621,22.76323113151656,23.73696197103292,22.34066876669931,22.46008890679693,23.277655434058005,21.964037561914363,22.49683251627932,23.599170360363527,22.29473881572176,-0.004475186821606192,-0.004485230446082492,-0.0012191402487974345,-0.0023419148705797754,22.711789321899413,22.802273273468014,22.00580539703369,0.012004887372457073,0.011984290626798073,0.3582602747091066,-0.22046691791274853,41659500.0
2025-07-21,22.285554885864254,22.643813448167016,22.285554885864254,22.58869715060863,33663400,22.47846031188965,23.68184471130371,21.93647766113281,22.76323161396117,23.929868899546587,22.12020096191244,22.404971339252064,23.46137779280153,21.83543142260774,22.698927229802397,23.4981214031609,22.00996663102161,-0.008581790004689949,-0.008618825604588421,-0.004475186821606192,0.008607205549306496,22.51153221130371,22.81559324264526,22.04065082550049,0.011931119127361844,0.012166606274918449,0.3582585623027619,-0.3031422647443769,43208580.0
2025-07-22,23.09393119812012,23.09393119812012,22.35904146909204,22.386600490973837,48091600,22.285554885864254,23.56242561340332,22.019155502319336,22.643813448167016,23.6267282499252,22.129389845881327,22.285554885864254,23.35114502136989,21.835433932536617,22.58869715060863,23.56242561340332,22.04671452623869,0.03627355551145017,0.03563115870377611,-0.008581790004689949,-0.005042643398611157,22.60890464782715,22.86657609939575,22.088418731689455,0.018125631641470453,0.01454507041567661,0.7348897290280796,0.7073307071462835,41935300.0
2025-07-23,23.29602813720703,23.45219243000498,23.194980138303837,23.31439906709502,42073300,23.09393119812012,23.286840438842773,22.07427406311035,23.09393119812012,23.54405096343603,22.129390360114392,22.35904146909204,23.277654098376544,21.83543443993886,22.386600490973837,23.49812101322017,21.927296103022588,0.008751084315318458,0.008713015511300994,0.03627355551145017,-0.01169595945180546,22.74669647216797,22.91480331420898,22.145005264282226,0.01801678866760886,0.014461758509238754,0.2572122917011441,-0.018370929887989718,41506320.0
2025-07-24,23.286840438842773,23.46137740347055,23.204165126762003,23.3235840485924,25672400,23.29602813720703,22.60706901550293,22.331483840942383,23.45219243000498,23.36951782057092,22.41415915963232,23.194980138303837,22.533580037380062,22.14776227327676,23.31439906709502,23.27765615988848,22.17531954476312,-0.00039438904821653686,-0.000394466840031379,0.008751084315318458,-0.029191226054264385,22.888162994384764,22.964867591857907,22.18652656555176,0.017936052659500126,0.014440676999979684,0.25721227670854674,-0.03674360974962809,37162020.0
2025-07-25,23.165361404418945,23.33356341264358,23.00650246691639,23.33356341264358,35643400,23.286840438842773,22.60706901550293,22.285554885864254,23.46137740347055,22.928582199718296,22.38660289148422,23.204165126762003,22.533580037380062,22.11101789946128,23.3235840485924,22.671371652346004,22.23962317780268,-0.005216638759683367,-0.0052302929262616465,-0.00039438904821653686,0.0,23.025543212890625,23.00977659225464,22.229660148620606,0.018050263424312124,0.014523822589144923,0.32706094572719024,-0.16820200822463605,37028820.0
2025-07-28,22.71681785583496,23.109292781470938,22.65140566528705,23.062570297464863,31096600,23.165361404418945,22.57950782775879,22.26718139648437,23.33356341264358,22.76323113151656,22.44171837656846,23.00650246691639,22.46008890679693,22.19369241836193,23.33356341264358,22.49683251627932,22.34067037460681,-0.019362682962434707,-0.019552595178498385,-0.005216638759683367,-0.0012191402487974345,23.111795806884764,23.034554958343506,22.279439315795898,0.020701610499578124,0.015278984447071533,0.4578871161838869,-0.3457524416299016,36515460.0
2025-07-29,22.70747184753418,22.735506405920937,22.36172120583962,22.716816700329765,38499800,22.71681785583496,22.47846031188965,22.221250534057617,23.109292781470938,22.76323161396117,22.43253111851053,22.65140566528705,22.404971339252064,22.120202536225623,23.062570297464863,22.698927229802397,22.368228484295766,-0.0004114136214011799,-0.00041149827520439844,-0.019362682962434707,-0.004475186821606192,23.034503936767578,23.056569480895995,22.318375663757323,0.010291924433543145,0.015281748901444491,0.37378520008131844,-0.009344852795585723,34597100.0
2025-07-30,22.24958610534668,22.80091997731711,22.2402412519838,22.726162932762573,35649500,22.70747184753418,22.285554885864254,22.26718139648437,22.735506405920937,22.643813448167016,22.39578667016978,22.36172120583962,22.285554885864254,22.15694880535844,22.716816700329765,22.58869715060863,22.23962237264517,-0.02016454078472074,-0.02037062017401325,-0.0004114136214011799,-0.008581790004689949,22.825215530395507,23.018945121765135,22.34392868041992,0.009926050584991191,0.014009433662362165,0.560678725333311,-0.4765768274158937,33312340.0
2025-07-31,21.7636661529541,22.277620610198664,21.62349513520692,22.053349477091118,62768300,22.24958610534668,23.09393119812012,23.002073287963867,22.80091997731711,23.09393119812012,23.28684286360772,22.2402412519838,22.35904146909204,22.285554426027385,22.726162932762573,22.386600490973837,22.30392710887292,-0.021839505242563062,-0.02208151734212966,-0.02016454078472074,0.03627355551145017,22.520580673217772,22.944164276123047,22.35664005279541,0.009851505224265502,0.014368865353554411,0.6541254749917442,-0.28968332413701603,40731520.0
2025-08-01,21.9505558013916,21.97859035876533,21.595460319732844,21.77300716938804,51332700,21.7636661529541,23.29602813720703,23.2592830657959,22.277620610198664,23.45219243000498,23.296028430264904,21.62349513520692,23.194980138303837,22.99288618185725,22.053349477091118,23.31439906709502,23.08474608879894,0.008587231908633752,0.008550571358302684,-0.021839505242563062,0.008751084315318458,22.277619552612304,22.875972080230714,22.3635355758667,0.013843242056604027,0.014562122254396374,0.383130039032487,0.1775486320035604,43869380.0
2025-08-04,21.987937927246094,22.128107166732185,21.866456612635854,21.90383602708473,57010700,21.9505558013916,23.286840438842773,23.31439971923828,21.97859035876533,23.46137740347055,23.443006744743908,21.595460319732844,23.204165126762003,23.1674217633308,21.77300716938804,23.3235840485924,23.28684244757778,0.0017030150030243885,0.001701566517269597,0.008587231908633752,-0.00039438904821653686,22.13184356689453,22.816079235076906,22.37999740600586,0.01372931998261211,0.014583551602436278,0.261650554096331,0.08410190016136454,49052200.0
2025-08-05,23.12798309326172,23.258807477781158,22.6794408186106,22.6794408186106,113955100,21.987937927246094,23.165361404418945,23.185794830322266,22.128107166732185,23.33356341264358,23.452193474894237,21.866456612635854,23.00650246691639,23.09393316832795,21.90383602708473,23.33356341264358,23.29602917513854,0.05184866219778406,0.05054924674063383,0.0017030150030243885,-0.005216638759683367,22.21594581604004,22.7957350730896,22.419260139465333,0.02986391943334066,0.018669349635413723,0.5793666591705566,0.4485422746511176,64143260.0
2025-08-06,22.361722946166992,23.090603697464463,22.296310753855536,23.062570919244443,65689200,23.12798309326172,22.71681785583496,23.53486633300781,23.258807477781158,23.109292781470938,23.84719314772476,22.6794408186106,22.65140566528705,23.158233383026943,22.6794408186106,23.062570297464863,23.185792404376365,-0.03313130003618758,-0.033692573550566325,0.05184866219778406,-0.019362682962434707,22.2383731842041,22.739833736419676,22.43805347442627,0.03289869021889551,0.02003093629736669,0.7942929436089265,-0.7008479730774511,70151200.0
2025-08-07,22.642061233520508,22.866332369152023,22.371067613013132,22.585993895199767,45494400,22.361722946166992,22.70747184753418,23.47974967956543,23.090603697464463,22.735506405920937,23.73696197103292,22.296310753855536,22.36172120583962,23.277655434058005,23.062570919244443,22.716816700329765,23.599170360363527,0.012536524490013301,0.012458592918305068,-0.03313130003618758,-0.0004114136214011799,22.414052200317382,22.68784456253052,22.45712558746338,0.030309194419042024,0.02016184876259183,0.49526475613889076,0.056067338320740845,66696420.0
2025-08-08,22.9691219329834,22.997156490826065,22.57664703492801,22.698128336564512,36377000,22.642061233520508,22.24958610534668,23.68184471130371,22.866332369152023,22.80091997731711,23.929868899546587,22.371067613013132,22.2402412519838,23.46137779280153,22.585993895199767,22.726162932762573,23.4981214031609,0.014444828855894709,0.014341496208488699,0.012536524490013301,-0.02016454078472074,22.617765426635742,22.658179378509523,22.490639038085938,0.030435586858867002,0.02047808775841119,0.4205094558980562,0.27099359641888654,63705280.0
2025-08-11,22.9691219329834,23.2868397924734,22.92239945226068,22.987811638211845,38115700,22.9691219329834,21.7636661529541,23.56242561340332,22.997156490826065,22.277620610198664,23.6267282499252,22.57664703492801,21.62349513520692,23.35114502136989,22.698128336564512,22.053349477091118,23.56242561340332,0.0,0.0,0.014444828855894709,-0.021839505242563062,22.814002227783202,22.642293453216553,22.519191932678222,0.030553681533267884,0.020325309632661086,0.3644403402127203,-0.018689705228446485,59926280.0
2025-08-12,23.034534454345703,23.146670905000825,22.866330669537227,23.043879307096,34402700,22.9691219329834,21.9505558013916,23.286840438842773,23.2868397924734,21.97859035876533,23.54405096343603,22.92239945226068,21.595460319732844,23.277654098376544,22.987811638211845,21.77300716938804,23.49812101322017,0.002847845971350571,0.0028437985404978555,0.0,0.008587231908633752,22.7953125,22.66366672515869,22.548318252563476,0.019166572606347836,0.019174323891649442,0.28034023546359776,-0.009344852750295729,44015800.0
2025-08-13,23.5111141204834,23.548493536047424,23.11863916880432,23.12798402269533,40176500,23.034534454345703,21.987937927246094,22.60706901550293,23.146670905000825,22.128107166732185,23.36951782057092,22.866330669537227,21.866456612635854,22.533580037380062,23.043879307096,21.90383602708473,23.27765615988848,0.02068978937179189,0.02047866282265245,0.002847845971350571,0.0017030150030243885,23.02519073486328,22.708868980407715,22.58752731323242,0.0085375859330602,0.01966319011349549,0.42985436724310233,0.3831300977880687,38913260.0
2025-08-14,23.464391708374023,23.529803903471503,23.193396291714595,23.445702000532275,32514000,23.5111141204834,23.12798309326172,22.60706901550293,23.548493536047424,23.258807477781158,22.928582199718296,23.11863916880432,22.6794408186106,22.533580037380062,23.12798402269533,22.6794408186106,22.671371652346004,-0.0019872478977365216,-0.001989225094728013,0.02068978937179189,0.05184866219778406,23.189656829833986,22.753113174438475,22.62782283782959,0.009869760970931653,0.01967085383019984,0.3364076117569077,0.01868970784174806,36317180.0
2025-08-15,23.49242210388184,23.64193618674652,23.33356316804456,23.567179145314174,31844800,23.464391708374023,22.361722946166992,22.57950782775879,23.529803903471503,23.090603697464463,22.76323113151656,23.193396291714595,22.296310753855536,22.46008890679693,23.445702000532275,23.062570919244443,22.49683251627932,0.0011945928902052927,0.0011938799318587882,-0.0019872478977365216,-0.03313130003618758,23.294316864013673,22.803811264038085,22.667944107055664,0.009193571003866769,0.019611784674014275,0.30837301870196043,-0.07475704143233486,35410740.0
2025-08-18,23.42700958251953,23.57652366325959,23.37094224782912,23.492421770049752,35623300,23.49242210388184,22.642061233520508,22.47846031188965,23.64193618674652,22.866332369152023,22.76323161396117,23.33356316804456,22.371067613013132,22.404971339252064,23.567179145314174,22.585993895199767,22.698927229802397,-0.0027844094181970203,-0.002788293096944141,0.0011945928902052927,0.012536524490013301,23.3858943939209,22.86088399887085,22.71171760559082,0.00961277632690405,0.019483516509092056,0.20558141543046915,-0.06541218753022093,34912260.0
2025-08-19,23.660627365112305,23.763418971859256,23.45504593396698,23.49242356583496,29170500,23.42700958251953,22.9691219329834,22.285554885864254,23.57652366325959,22.997156490826065,22.643813448167016,23.37094224782912,22.57664703492801,22.285554885864254,23.492421770049752,22.698128336564512,22.58869715060863,0.009972155505800995,0.009922761667003933,-0.0027844094181970203,0.014444828855894709,23.51111297607422,22.88921880722046,22.755937843322755,0.00992373747701882,0.017921703732252724,0.3083730378922773,0.16820379927734308,33865820.0
2025-08-20,23.716693878173828,24.00637898121835,23.67931624760749,23.72603873140254,38111000,23.660627365112305,22.9691219329834,23.09393119812012,23.763418971859256,23.2868397924734,23.09393119812012,23.45504593396698,22.92239945226068,22.35904146909204,23.49242356583496,22.987811638211845,22.386600490973837,0.00236961227596999,0.0023668091721070067,0.009972155505800995,0.0,23.552228927612305,22.9102520942688,22.789888610839842,0.005070110575099459,0.017839887611520996,0.32706273361086247,-0.009344853228711258,33452720.0
2025-08-21,24.05310440063477,24.193273651475725,23.707353700716983,23.744731335845167,37068100,23.716693878173828,23.034534454345703,23.29602813720703,24.00637898121835,23.146670905000825,23.45219243000498,23.67931624760749,22.866330669537227,23.194980138303837,23.72603873140254,23.043879307096,23.31439906709502,0.014184545459370979,0.01408488610390529,0.00236961227596999,0.002847845971350571,23.669971466064453,22.9485652923584,22.82450477600098,0.006911484861730864,0.018074284802022247,0.48591995075874195,0.3083730647896026,34363540.0
2025-08-22,24.183927536010746,24.39885561059787,24.071792854124844,24.2026172437746,34560500,24.05310440063477,23.5111141204834,23.286840438842773,24.193273651475725,23.548493536047424,23.46137740347055,23.707353700716983,23.11863916880432,23.204165126762003,23.744731335845167,23.12798402269533,23.3235840485924,0.0054389293455410215,0.005424191782885818,0.014184545459370979,0.02068978937179189,23.808272552490234,22.999493598937992,22.858430366516114,0.0065820012346509416,0.018014321986753696,0.3270627564730262,-0.018689707763854813,34906680.0
2025-08-25,23.49242210388184,24.19327003569071,23.464389327312496,24.183925182718102,32684200,24.183927536010746,23.464391708374023,23.165361404418945,24.39885561059787,23.529803903471503,23.33356341264358,24.071792854124844,23.193396291714595,23.00650246691639,24.2026172437746,23.445702000532275,23.33356341264358,-0.028593595109778214,-0.02901035562895804,0.0054389293455410215,-0.0019872478977365216,23.821355056762695,23.038273811340336,22.871911849975586,0.016964391457146892,0.018703796631107515,0.7288807083782132,-0.6915030788362628,34318860.0
2025-08-26,23.286840438842773,23.585868601404407,23.240117956823184,23.492421855016783,43938700,23.49242210388184,23.49242210388184,22.71681785583496,24.19327003569071,23.64193618674652,23.109292781470938,23.464389327312496,23.33356316804456,22.65140566528705,24.183925182718102,23.567179145314174,23.062570297464863,-0.008750977831489593,-0.00878949249660707,-0.028593595109778214,0.0011945928902052927,23.746597671508788,23.067242240905763,22.886793327331542,0.01645780981280618,0.018849150278704777,0.34575064458122284,-0.2055814161740095,37272500.0
2025-08-27,23.42700958251953,23.52045632856917,23.221428167089066,23.37094224782912,31840300,23.286840438842773,23.42700958251953,22.70747184753418,23.585868601404407,23.57652366325959,22.735506405920937,23.240117956823184,23.37094224782912,22.36172120583962,23.492421855016783,23.492421770049752,22.716816700329765,0.006019242672481884,0.006001199399662995,-0.008750977831489593,-0.0027844094181970203,23.68866081237793,23.126113414764408,22.907050323486327,0.016835982112091374,0.018167444716549772,0.2990281614801056,0.05606733469041103,36018360.0
2025-08-28,22.98781394958496,23.427011372523385,22.90371204994909,23.427011372523385,44306800,23.42700958251953,23.660627365112305,22.24958610534668,23.52045632856917,23.763418971859256,22.80091997731711,23.221428167089066,23.45504593396698,22.2402412519838,23.37094224782912,23.49242356583496,22.726162932762573,-0.018747404844290605,-0.0189253651443442,0.006019242672481884,0.009972155505800995,23.47560272216797,23.18732080459595,22.925872344970703,0.015108080569864546,0.017959250389798082,0.5232993225742959,-0.4391974229384239,37466100.0
2025-08-29,23.137327194213867,23.24946186805508,22.90371121097142,23.062570150870226,37030000,22.98781394958496,23.716693878173828,21.7636661529541,23.427011372523385,24.00637898121835,22.277620610198664,22.90371204994909,23.67931624760749,21.62349513520692,23.427011372523385,23.72603873140254,22.053349477091118,0.006504021868143139,0.006482961984552321,-0.018747404844290605,0.00236961227596999,23.266282653808595,23.246659374237062,22.949889335632324,0.015366566880345637,0.01793049928727527,0.34575065708365926,0.07475704334364153,37960000.0
2025-09-02,23.34290885925293,23.42701075667794,23.090603166977896,23.10929287359424,44725000,23.137327194213867,24.05310440063477,21.9505558013916,23.24946186805508,24.193273651475725,21.97859035876533,22.90371121097142,23.707353700716983,21.595460319732844,23.062570150870226,23.744731335845167,21.77300716938804,0.00888528148966472,0.008846039654618922,0.006504021868143139,0.014184545459370979,23.23638000488281,23.314407920837404,22.976364402770997,0.012021952725028514,0.01797948323481262,0.3364075897000447,0.23361598565869102,40368160.0
2025-09-03,23.165361404418945,23.47373442635349,23.09994743292503,23.249461517357027,30957600,23.34290885925293,24.183927536010746,21.987937927246094,23.42701075667794,24.39885561059787,22.128107166732185,23.090603166977896,24.071792854124844,21.866456612635854,23.10929287359424,24.2026172437746,21.90383602708473,-0.007606055265199085,-0.007635128820751367,0.00888528148966472,0.0054389293455410215,23.212084197998045,23.316276836395268,22.998186149597167,0.011852306104772819,0.013971802768457733,0.37378699342846033,-0.0841001129380814,37771940.0
2025-09-04,22.93174743652344,23.156018582846944,22.75419877730326,23.156018582846944,41695500,23.165361404418945,23.49242210388184,23.12798309326172,23.47373442635349,24.19327003569071,23.258807477781158,23.09994743292503,23.464389327312496,22.6794408186106,23.249461517357027,24.183925182718102,22.6794408186106,-0.010084624358631444,-0.01013581865718497,-0.007606055265199085,-0.028593595109778214,23.11303176879883,23.34477806091309,23.01019142150879,0.011658228895436626,0.011873097357497935,0.4018198055436848,-0.22427114632350253,39742980.0
2025-09-05,23.249462127685547,23.25880698100142,22.903711466740837,22.959778804287552,34613200,22.93174743652344,23.286840438842773,22.361722946166992,23.156018582846944,23.585868601404407,23.090603697464463,22.75419877730326,23.240117956823184,22.296310753855536,23.156018582846944,23.492421855016783,23.062570919244443,0.013854796370907252,0.013759696069798747,-0.010084624358631444,-0.008750977831489593,23.165361404418945,23.375148105621342,23.029469566345213,0.010560082054831926,0.011942063302308925,0.35509551426058295,0.28968332339799474,37804260.0
2025-09-08,22.941089630126957,23.33356456676053,22.71681849238614,23.26815237437969,49242900,23.249462127685547,23.42700958251953,22.642061233520508,23.25880698100142,23.52045632856917,22.866332369152023,22.903711466740837,23.221428167089066,22.371067613013132,22.959778804287552,23.37094224782912,22.585993895199767,-0.013263640073263416,-0.01335238776579746,0.013854796370907252,0.006019242672481884,23.126113891601562,23.373746490478517,23.042947731018067,0.012174612201063584,0.011955398496658361,0.6167460743743902,-0.3270627442527321,40246840.0
2025-09-09,23.09060287475586,23.16536170027512,22.90371115800322,22.941088788414348,32751300,22.941089630126957,22.98781394958496,22.9691219329834,23.33356456676053,23.427011372523385,22.997156490826065,22.71681849238614,22.90371204994909,22.57664703492801,23.26815237437969,23.427011372523385,22.698128336564512,0.0065172686668097946,0.00649612309589191,-0.013263640073263416,-0.018747404844290605,23.07565269470215,23.37982053756714,23.060334777832033,0.011699457506275025,0.012043686832185835,0.26165054227190154,0.14951408634151164,37852100.0
2025-09-10,22.959779739379883,23.03453678660301,22.84764505971949,23.025191932906544,32975900,23.09060287475586,23.137327194213867,22.9691219329834,23.16536170027512,23.24946186805508,23.2868397924734,22.90371115800322,22.90371121097142,22.92239945226068,22.941088788414348,23.062570150870226,22.987811638211845,-0.005665643988836733,-0.005681754629996363,0.0065172686668097946,0.006504021868143139,23.034536361694336,23.37608280181885,23.074186744689943,0.011502360629446783,0.012100441205094698,0.18689172688351974,-0.06541219352666161,38255760.0
2025-09-11,23.23077392578125,23.23077392578125,22.93174575264094,22.987813089517623,36784100,22.959779739379883,23.34290885925293,23.034534454345703,23.03453678660301,23.42701075667794,23.146670905000825,22.84764505971949,23.090603166977896,22.866330669537227,23.025191932906544,23.10929287359424,23.043879307096,0.011802995911871283,0.011733883843711997,-0.005665643988836733,0.00888528148966472,23.094341659545897,23.362065792083744,23.07876075744629,0.011690535002524734,0.011442396689146078,0.2990281731403108,0.2429608362636273,37273480.0
2025-09-12,22.30565452575684,23.212083885337936,22.27761996654768,23.18404932612878,81378200,23.23077392578125,23.165361404418945,23.5111141204834,23.23077392578125,23.47373442635349,23.548493536047424,22.93174575264094,23.09994743292503,23.11863916880432,22.987813089517623,23.249461517357027,23.12798402269533,-0.0398230124824952,-0.04063764951543885,0.011802995911871283,-0.007606055265199085,22.905580139160158,23.304128932952885,23.05968818664551,0.0203022883844086,0.014431963994585194,0.9344639187902573,-0.8783948003719395,46626480.0
2025-09-15,22.39910125732422,22.539272282070257,22.128107626335687,22.41779096493684,50760200,22.30565452575684,22.93174743652344,23.464391708374023,23.212083885337936,23.156018582846944,23.529803903471503,22.27761996654768,22.75419877730326,23.193396291714595,23.18404932612878,23.156018582846944,23.445702000532275,0.004189374109577093,0.004180623114144272,-0.0398230124824952,-0.010084624358631444,22.797182464599608,23.249462890625004,23.041382217407225,0.020686355117173635,0.01448696856011828,0.41116465573457006,-0.018689707612622897,46929940.0
2025-09-16,22.333688735961918,22.632716923990245,22.30565595730213,22.38975607563008,57010800,22.39910125732422,23.249462127685547,23.49242210388184,22.539272282070257,23.25880698100142,23.64193618674652,22.128107626335687,22.903711466740837,23.33356316804456,22.41779096493684,22.959778804287552,23.567179145314174,-0.002920319016858408,-0.002924591468413618,0.004189374109577093,0.013854796370907252,22.64579963684082,23.194796848297123,23.02434009552002,0.019831757449087755,0.014487249957909672,0.3270609666881157,-0.0560673396681608,51781840.0
2025-09-17,22.473857879638672,22.791575773639305,22.333688639896884,22.40844568658241,46351600,22.333688735961918,22.941089630126957,23.42700958251953,22.632716923990245,23.33356456676053,23.57652366325959,22.30565595730213,22.71681849238614,23.37094224782912,22.38975607563008,23.26815237437969,23.492421770049752,0.0062761304383656125,0.0062565175509760275,-0.002920319016858408,-0.013263640073263416,22.54861526489258,23.13545837402344,23.003119926452637,0.020656767815456212,0.01434553584932009,0.45788713374242107,0.065412193056261,54456980.0
2025-09-18,22.567302703857425,22.65140459698068,22.389754064780725,22.47385595790398,34419000,22.473857879638672,23.09060287475586,23.660627365112305,22.791575773639305,23.16536170027512,23.763418971859256,22.333688639896884,22.90371115800322,23.45504593396698,22.40844568658241,22.941088788414348,23.49242356583496,0.004157934286102893,0.004149313964232465,0.0062761304383656125,0.0065172686668097946,22.415921020507817,23.07798881530762,22.984870986938475,0.019432472821777087,0.014382818105631546,0.2616505321999547,0.09344674595344671,53983960.0
2025-09-19,22.45516967773437,22.66075110799649,22.25893131863769,22.66075110799649,86577600,22.567302703857425,22.959779739379883,23.716693878173828,22.65140459698068,23.03453678660301,24.00637898121835,22.389754064780725,22.84764505971949,23.67931624760749,22.47385595790398,23.025191932906544,23.72603873140254,-0.004968827138738474,-0.004981212805497539,0.004157934286102893,-0.005665643988836733,22.44582405090332,22.998092079162596,22.96033748626709,0.004959245228762191,0.013849513658602456,0.40181978935880025,-0.20558143026211795,55023840.0
2025-09-22,22.464513778686523,23.1747047984728,22.455168925485584,22.68878490846353,67863300,22.45516967773437,23.23077392578125,24.05310440063477,22.66075110799649,23.23077392578125,24.193273651475725,22.25893131863769,22.93174575264094,23.707353700716983,22.66075110799649,22.987813089517623,23.744731335845167,0.00041612248253986017,0.00041603592759043045,-0.004968827138738474,0.011802995911871283,22.45890655517578,22.912121391296388,22.938379249572755,0.00469881214246365,0.013726961477407311,0.7195358729872154,-0.22427112977700503,58444460.0
2025-09-23,22.548614501953125,22.76354256668402,22.473857456674544,22.5205817239415,38955200,22.464513778686523,22.30565452575684,24.183927536010746,23.1747047984728,23.212083885337936,24.39885561059787,22.455168925485584,22.27761996654768,24.071792854124844,22.68878490846353,23.18404932612878,24.2026172437746,0.003743714379716101,0.0037367241219579735,0.00041612248253986017,-0.0398230124824952,22.501891708374025,22.86493101119995,22.92361473083496,0.004388268952363155,0.0124741448157753,0.2896851100094757,0.028032778011624515,54833340.0
2025-09-24,22.5112361907959,22.59533808698854,22.408444588260775,22.5859932338173,39669400,22.548614501953125,22.39910125732422,23.49242210388184,22.76354256668402,22.539272282070257,24.19327003569071,22.473857456674544,22.128107626335687,23.464389327312496,22.5205817239415,22.41779096493684,24.183925182718102,-0.001657676623722848,-0.001659052089879495,0.003743714379716101,0.004189374109577093,22.509367370605467,22.826150798797606,22.92169807434082,0.003819097755173666,0.012371713827333475,0.18689349872776617,-0.07475704302140329,53496900.0
2025-09-25,22.05334854125977,22.56730297669473,22.034658835373435,22.511235641384182,56738300,22.5112361907959,22.333688735961918,23.286840438842773,22.59533808698854,22.632716923990245,23.585868601404407,22.408444588260775,22.30565595730213,23.240117956823184,22.5859932338173,22.38975607563008,23.492421855016783,-0.0203404044831329,-0.020550119171430615,-0.001657676623722848,-0.002920319016858408,22.406576538085936,22.75746774673462,22.910623664855958,0.009371836049053789,0.012907686317746086,0.5326441413212955,-0.45788710012441314,57960760.0
2025-09-26,22.202863693237305,22.249586177855456,22.062694457034315,22.17482913305729,33374500,22.05334854125977,22.473857879638672,23.42700958251953,22.56730297669473,22.791575773639305,23.52045632856917,22.034658835373435,22.333688639896884,23.221428167089066,22.511235641384182,22.40844568658241,23.37094224782912,0.006779702941610344,0.0067568241052191665,-0.0203404044831329,0.0062761304383656125,22.356115341186523,22.718220233917236,22.903090782165528,0.010632198813393974,0.012518191185309393,0.1868917208211407,0.028034560180014267,47320140.0
2025-09-29,22.286964416503903,22.296309269404603,22.090726070286188,22.230897081448177,39184300,22.202863693237305,22.567302703857425,22.98781394958496,22.249586177855456,22.65140459698068,23.427011372523385,22.062694457034315,22.389754064780725,22.90371204994909,22.17482913305729,22.47385595790398,23.427011372523385,0.0037878322557198807,0.003780676483339116,0.006779702941610344,0.004157934286102893,22.32060546875,22.67570209503174,22.899260864257812,0.010942919092540982,0.012439442918749023,0.20558319911841494,0.05606733505572592,41584340.0
2025-10-02,25.30528450012207,25.389386400886742,24.87543192496803,25.165115259630475,69684100,25.42676544189453,22.548614501953125,23.165361404418945,25.65103837792409,22.76354256668402,23.47373442635349,23.90358985476457,22.473857456674544,23.09994743292503,24.26803025670239,22.5205817239415,23.249461517357027,-0.004777679726903128,-0.004789129321577074,0.06789656959619084,0.003743714379716101,23.806403350830074,22.93081064224243,23.01659435272217,0.036501489347897514,0.02462910614560092,0.5139544759187125,0.14016924049159485,91598020.0
2025-10-03,25.57627868652344,25.87530686056334,25.26790565925122,25.41741974627117,70524000,25.30528450012207,22.5112361907959,22.93174743652344,25.389386400886742,22.59533808698854,23.156018582846944,24.87543192496803,22.408444588260775,22.75419877730326,25.165115259630475,22.5859932338173,23.156018582846944,0.010708995838401458,0.010652060660830185,-0.004777679726903128,-0.001657676623722848,24.481086349487306,23.047151470184325,23.062383117675783,0.035957732191866876,0.024581040009919015,0.6074012013121219,0.15885894025226932,99027920.0
2025-10-06,24.6978816986084,25.566933429659763,24.660502286269278,25.48283153424521,62945600,25.57627868652344,22.05334854125977,23.249462127685547,25.87530686056334,22.56730297669473,23.25880698100142,25.26790565925122,22.034658835373435,22.903711466740837,25.41741974627117,22.511235641384182,22.959778804287552,-0.03434420615606926,-0.03494782933959198,0.010708995838401458,-0.0203404044831329,24.963269805908205,23.134991073608397,23.09303352355957,0.045476622801288565,0.025828427701441545,0.9064311433904848,-0.7849498356368123,103780180.0
2025-10-07,24.54836845397949,24.838051780126577,24.34278524377633,24.68853769035076,47744200,24.6978816986084,22.202863693237305,22.941089630126957,25.566933429659763,22.249586177855456,23.33356456676053,24.660502286269278,22.062694457034315,22.71681849238614,25.48283153424521,22.17482913305729,23.26815237437969,-0.006053686970139416,-0.006072084820569124,-0.03434420615606926,0.006779702941610344,25.110915756225587,23.20787935256958,23.129664535522462,0.0378817624985744,0.025916910278064448,0.49526653635024687,-0.1401692363712712,80355560.0
2025-10-08,23.997034072875977,24.763294212385347,23.950309806839734,24.68853716907586,48693300,24.54836845397949,22.286964416503903,23.09060287475586,24.838051780126577,22.296309269404603,23.16536170027512,24.34278524377633,22.090726070286188,22.90371115800322,24.68853769035076,22.230897081448177,22.941088788414348,-0.022459104854039125,-0.022715151531280633,-0.006053686970139416,0.0037878322557198807,24.824969482421874,23.259742069244385,23.155455780029296,0.01739242060110585,0.026491003412105342,0.8129844055456132,-0.6915030961998845,59918240.0
2025-10-09,23.58587074279785,24.202616829663555,23.55783618163174,24.0904821496963,47278700,23.997034072875977,23.810138702392575,22.959779739379883,24.763294212385347,23.9503079247896,23.03453678660301,23.950309806839734,22.24958398638276,22.84764505971949,24.68853716907586,22.286963396274423,23.025191932906544,-0.017133922835191773,-0.01728240701276305,-0.022459104854039125,0.06834373032698582,24.48108673095703,23.277496910095216,23.18218147277832,0.017094150250540074,0.026747320433981276,0.6447806480318157,-0.504611406898448,55437160.0
2025-10-10,23.1560173034668,23.75407366061993,23.00650321417851,23.60455957133165,64963900,23.58587074279785,25.42676544189453,23.23077392578125,24.202616829663555,25.65103837792409,23.23077392578125,23.55783618163174,23.90358985476457,22.93174575264094,24.0904821496963,24.26803025670239,22.987813089517623,-0.018225040068207354,-0.018393161928898734,-0.017133922835191773,0.06789656959619084,23.9970344543457,23.320015048980714,23.210028495788574,0.010210673533344853,0.025411135653016205,0.7475704464414186,-0.4485422678648483,54325140.0
2025-10-13,23.10929298400879,23.314876193073754,22.997158308472017,23.21208458854127,45356600,23.1560173034668,25.30528450012207,22.30565452575684,23.75407366061993,25.389386400886742,23.212083885337936,23.00650321417851,24.87543192496803,22.27761996654768,23.60455957133165,25.165115259630475,23.18404932612878,-0.0020178046529191196,-0.0020198431634000135,-0.018225040068207354,-0.004777679726903128,23.67931671142578,23.355524635314943,23.23320323944092,0.008697221431775816,0.025423089187428537,0.31771788460173767,-0.10279160453248082,50807340.0
2025-10-14,22.913057327270508,23.165363030844404,22.875677912363887,23.034536861019827,42277000,23.10929298400879,25.57627868652344,22.39910125732422,23.314876193073754,25.87530686056334,22.539272282070257,22.997158308472017,25.26790565925122,22.128107626335687,23.21208458854127,25.41741974627117,22.41779096493684,-0.00849163394458119,-0.008527893281364997,-0.0020178046529191196,0.010708995838401458,23.352254486083986,23.38449306488037,23.251705627441407,0.008255067319290295,0.025508610960699677,0.2896851184805165,-0.1214795337493193,49713900.0
2025-10-15,22.791576385498047,22.96912504452333,22.623372580352896,22.88502314195076,47729800,22.913057327270508,24.6978816986084,22.333688735961918,23.165363030844404,25.566933429659763,22.632716923990245,22.875677912363887,24.660502286269278,22.30565595730213,23.034536861019827,25.48283153424521,22.38975607563008,-0.005301821578732602,-0.005315926109986264,-0.00849163394458119,-0.03434420615606926,23.1111629486084,23.40037899017334,23.244977493286132,0.007182160989650356,0.025527844429085334,0.3457524641704346,-0.09344675645271394,49521200.0
2025-10-16,22.642061233520508,22.99715853503181,22.623371526630745,22.838299591165924,44390000,22.791576385498047,24.54836845397949,22.473857879638672,22.96912504452333,24.838051780126577,22.791575773639305,22.623372580352896,24.34278524377633,22.333688639896884,22.88502314195076,24.68853769035076,22.40844568658241,-0.006560105779812253,-0.006581717843870022,-0.005301821578732602,-0.006053686970139416,22.92240104675293,23.404116916656495,23.250584259033204,0.006120909483722774,0.025570595896859442,0.3737870084010666,-0.19623835764541653,48943460.0
2025-10-17,22.903711318969727,22.92240102548089,22.576648584418397,22.61402799744072,40101900,22.642061233520508,23.997034072875977,22.567302703857425,22.99715853503181,24.763294212385347,22.65140459698068,22.623371526630745,23.950309806839734,22.389754064780725,22.838299591165924,24.68853716907586,22.47385595790398,0.011555930476058407,0.011489670685266747,-0.006560105779812253,-0.022459104854039125,22.871939849853515,23.426543998718262,23.255817260742187,0.008022912233165131,0.025652543778004498,0.34575244106249414,0.289683321529008,43971060.0
2025-10-20,23.071916580200195,23.109294213251157,22.90371277559932,22.959780116350068,35856800,22.903711318969727,23.58587074279785,22.45516967773437,22.92240102548089,24.202616829663555,22.66075110799649,22.576648584418397,23.55783618163174,22.25893131863769,22.61402799744072,24.0904821496963,22.66075110799649,0.007344017695994687,0.007317181707255615,0.011555930476058407,-0.017133922835191773,22.864464569091798,23.456914138793945,23.257873153686525,0.009087129274465746,0.025686824975254697,0.205581437651837,0.11213646385012765,42071100.0
2025-10-21,23.2214298248291,23.32421964870812,22.987813834201745,23.09994851158768,40726900,23.071916580200195,23.1560173034668,22.464513778686523,23.109294213251157,23.75407366061993,23.1747047984728,22.90371277559932,23.00650321417851,22.455168925485584,22.959780116350068,23.60455957133165,22.68878490846353,0.006480313159471729,0.006459406203953382,0.007344017695994687,-0.018225040068207354,22.926139068603515,23.490554904937746,23.262919311523437,0.008125020199135335,0.02570590332306706,0.3364058145063744,0.12148131324142142,41761080.0
2025-10-22,23.09994888305664,23.29618724516057,23.006503911181863,23.16536285865701,48662900,23.2214298248291,23.10929298400879,22.548614501953125,23.32421964870812,23.314876193073754,22.76354256668402,22.987813834201745,22.997158308472017,22.473857456674544,23.09994851158768,23.21208458854127,22.5205817239415,-0.005231415235360304,-0.005245147000021197,0.006480313159471729,-0.0020178046529191196,22.987813568115236,23.519990539550783,23.264227600097655,0.008107720152136287,0.025743426350560396,0.28968333397870794,-0.06541397560036799,41947700.0
2025-10-23,23.053226470947266,23.15601807915702,22.903712376650493,23.13732837178277,34219900,23.09994888305664,22.913057327270508,22.5112361907959,23.29618724516057,23.165363030844404,22.59533808698854,23.006503911181863,22.875677912363887,22.408444588260775,23.16536285865701,23.034536861019827,22.5859932338173,-0.0020226197185936323,-0.002024667976220189,-0.005231415235360304,-0.00849163394458119,23.070046615600585,23.569984436035156,23.255069847106935,0.006985972786305554,0.02524281424771902,0.2523057025065256,-0.08410190083550262,39913680.0
2025-10-24,23.137327194213867,23.202739384345996,23.062570150870226,23.08125985729326,27429200,23.053226470947266,22.791576385498047,22.05334854125977,23.15601807915702,22.96912504452333,22.56730297669473,22.903712376650493,22.623372580352896,22.034658835373435,23.13732837178277,22.88502314195076,22.511235641384182,0.0036481107480808017,0.0036414725317991904,-0.0020226197185936323,-0.005301821578732602,23.116769790649414,23.616707611083985,23.24852855682373,0.0054729629907773305,0.02522466710797214,0.14016923347577048,0.056067336920605726,37379140.0
2025-10-27,23.146671295166016,23.174704071541008,23.01584513680507,23.11863673644257,34974900,23.137327194213867,22.642061233520508,22.202863693237305,23.202739384345996,22.99715853503181,22.249586177855456,23.062570150870226,22.623371526630745,22.062694457034315,23.08125985729326,22.838299591165924,22.17482913305729,0.00040385394880382286,0.00040377242174711796,0.0036481107480808017,-0.006560105779812253,23.131720733642577,23.65969295501709,23.241613540649414,0.0046036830166838955,0.025225915978481398,0.15885893473593882,0.02803455872344429,37202760.0
2025-10-28,22.894365310668945,23.156015841579165,22.782228859607876,23.156015841579165,50152400,23.146671295166016,22.903711318969727,22.286964416503903,23.174704071541008,22.92240102548089,22.296309269404603,23.01584513680507,22.576648584418397,22.090726070286188,23.11863673644257,22.61402799744072,22.230897081448177,-0.010900313970837017,-0.01096015766722547,0.00040385394880382286,0.011555930476058407,23.066307830810548,23.61390428543091,23.230960655212403,0.0055671335176540266,0.019962269589932,0.3737869819712891,-0.26165053091022017,39087860.0
2025-10-29,22.698129653930664,23.01584574951205,22.64206053499116,22.9224007826432,65438400,22.894365310668945,23.071916580200195,23.810138702392575,23.156015841579165,23.109294213251157,23.9503079247896,22.782228859607876,22.90371277559932,22.24958398638276,23.156015841579165,22.959780116350068,22.286963396274423,-0.008571351687431727,-0.008608296987903191,-0.010900313970837017,0.007344017695994687,22.98594398498535,23.477472496032714,23.21171070098877,0.006103294291611924,0.01140449714961155,0.37378521452088975,-0.2242711287125374,42442960.0
2025-10-30,22.698129653930664,23.08125972160813,22.56730349208698,22.716817577895338,157478000,22.698129653930664,23.2214298248291,25.42676544189453,23.01584574951205,23.32421964870812,25.65103837792409,22.64206053499116,22.987813834201745,23.90358985476457,22.9224007826432,23.09994851158768,24.26803025670239,0.0,0.0,-0.008571351687431727,0.006480313159471729,22.91492462158203,23.347114753723144,23.191339416503908,0.0062889444445586576,0.011472408303504815,0.513956229521149,-0.01868792396467356,67094580.0
2025-10-31,23.034534454345703,23.109291493999645,22.57664736367175,22.68878381432687,132697400,22.698129653930664,23.09994888305664,25.30528450012207,23.08125972160813,23.29618724516057,25.389386400886742,22.56730349208698,23.006503911181863,24.87543192496803,22.716817577895338,23.16536285865701,25.165115259630475,0.01482081587972539,0.014712060830334602,0.0,-0.005231415235360304,22.8943660736084,23.22002754211426,23.170968017578126,0.010105656844678321,0.01180745226194118,0.5326441303278955,0.3457506400188315,88148220.0
2025-11-03,23.04388236999512,23.12798427357784,22.810266367231705,22.97847017439715,140871300,23.034534454345703,23.053226470947266,25.57627868652344,23.109291493999645,23.15601807915702,25.87530686056334,22.57664736367175,22.903712376650493,25.26790565925122,22.68878381432687,23.13732837178277,25.41741974627117,0.00040582177460302127,0.00040573945121831197,0.01482081587972539,-0.0020226197185936323,22.87380828857422,23.137327575683592,23.148167114257813,0.010105717892795522,0.00964446489695545,0.31771790634613595,0.06541219559797185,109327500.0
2025-11-04,22.70747184753418,23.54849077565268,22.61402688427517,22.791573740346028,166162000,23.04388236999512,23.137327194213867,24.6978816986084,23.12798427357784,23.202739384345996,25.566933429659763,22.810266367231705,23.062570150870226,24.660502286269278,22.97847017439715,23.08125985729326,25.48283153424521,-0.014598691186645363,-0.014706300668006583,0.00040582177460302127,0.0036481107480808017,22.836429595947266,23.045282745361327,23.13246810913086,0.011110710952377261,0.009951861174298726,0.9344638913775114,-0.08410189281184799,132529420.0
2025-11-05,22.99715805053711,23.053225387676648,22.576648566119303,22.782229990529945,107240900,22.70747184753418,23.146671295166016,24.54836845397949,23.54849077565268,23.174704071541008,24.838051780126577,22.61402688427517,23.01584513680507,24.34278524377633,22.791573740346028,23.11863673644257,24.68853769035076,0.012757307592319522,0.012676618668132984,-0.014598691186645363,0.00040385394880382286,22.896235275268555,22.995288944244386,23.126674461364747,0.011830669367911746,0.00959367829171235,0.4765768215573445,0.21492806000716413,140889920.0
2025-11-06,23.2214298248291,23.483078593628665,22.931746495508776,23.12798307210845,124137200,22.99715805053711,22.894365310668945,23.997034072875977,23.053225387676648,23.156015841579165,24.763294212385347,22.576648566119303,22.782228859607876,23.950309806839734,22.782229990529945,23.156015841579165,24.68853716907586,0.009752151713666057,0.009704906396144767,0.012757307592319522,-0.010900313970837017,23.000895309448243,22.977066898345946,23.122562866210938,0.012080237061838079,0.009251100689866011,0.5513320981198895,0.09344675272065217,134221760.0
2025-11-07,23.230937957763672,23.421120558984093,22.92664434482459,23.13584575028696,117794500,23.2214298248291,22.698129653930664,23.58587074279785,23.483078593628665,23.01584574951205,24.202616829663555,22.931746495508776,22.64206053499116,23.55783618163174,23.12798307210845,22.9224007826432,24.0904821496963,0.00040945510273471264,0.0004093712988693014,0.009752151713666057,-0.008571351687431727,23.040176010131837,22.98081293106079,23.127425346374512,0.010677999777012661,0.008285111107130507,0.4944762141595014,0.09509220747671066,131241180.0
2025-11-10,23.192901611328125,23.66836086085093,22.73646116708217,23.449650041366382,148958600,23.230937957763672,22.698129653930664,23.1560173034668,23.421120558984093,23.08125972160813,23.75407366061993,22.92664434482459,22.56730349208698,23.00650321417851,23.13584575028696,22.716817577895338,23.60455957133165,-0.0016373142791178408,-0.0016386561430441432,0.00040945510273471264,0.0,23.069979858398437,22.984993362426756,23.128536834716797,0.010780669524155602,0.008280200136599122,0.9318996937687629,-0.2567484300382574,132858640.0
2025-11-11,24.257930755615234,24.257930755615234,23.2404482674658,23.287993466194383,139673800,23.192901611328125,23.034534454345703,23.10929298400879,23.66836086085093,23.109291493999645,23.314876193073754,22.73646116708217,22.57664736367175,22.997158308472017,23.449650041366382,22.68878381432687,23.21208458854127,0.04592047869365845,0.04489733855930253,-0.0016373142791178408,0.01482081587972539,23.38007164001465,23.052237033843994,23.146837272644042,0.019145288554905278,0.012912719080058097,1.017482488149433,0.9699372894208516,127561000.0
2025-11-12,24.600261688232425,24.67633509350356,24.01069143708135,24.15332884524809,96008000,24.257930755615234,23.04388236999512,22.913057327270508,24.257930755615234,23.12798427357784,23.165363030844404,23.2404482674658,22.810266367231705,22.875677912363887,23.287993466194383,22.97847017439715,23.034536861019827,0.014112124239531454,0.014013475229004972,0.04592047869365845,0.00040582177460302127,23.70069236755371,23.142671298980712,23.17553527832031,0.019142790713953858,0.012990512823225454,0.6656436564222119,0.4469328429843351,125314420.0
2025-11-13,24.52418708801269,25.18031949635608,24.410076078799563,24.666824489229388,123083100,24.600261688232425,22.70747184753418,22.791576385498047,24.67633509350356,23.54849077565268,22.96912504452333,24.01069143708135,22.61402688427517,22.623372580352896,24.15332884524809,22.791573740346028,22.88502314195076,-0.0030924305271160524,-0.0030972219710868032,0.014112124239531454,-0.014598691186645363,23.96124382019043,23.236777591705323,23.2073840713501,0.020612384766329594,0.01286603722792213,0.770243417556518,-0.142637401216696,125103600.0
2025-11-14,23.83001708984375,24.50517016763617,23.74443427978932,24.41007795493867,96507600,24.52418708801269,22.99715805053711,22.642061233520508,25.18031949635608,23.053225387676648,22.99715853503181,24.410076078799563,22.576648566119303,22.623371526630745,24.666824489229388,22.782229990529945,22.838299591165924,-0.028305525303558343,-0.028713850376599112,-0.0030924305271160524,0.012757307592319522,24.081059646606445,23.283092880249022,23.21899517059326,0.027274153998865232,0.014615195550851192,0.7607358878468489,-0.5800608650949215,120846220.0
2025-11-17,23.849035263061523,24.31498509782382,23.725416659444203,23.877563470234623,88042200,23.83001708984375,23.2214298248291,22.903711318969727,24.50517016763617,23.483078593628665,22.92240102548089,23.74443427978932,22.931746495508776,22.576648584418397,24.41007795493867,23.12798307210845,22.61402799744072,0.0007980763566417526,0.0007977580630433763,-0.028305525303558343,0.009752151713666057,24.212286376953124,23.32194881439209,23.23715408325195,0.027138479080028182,0.014564426570845022,0.5895684383796151,-0.028528207173099673,108662940.0
2025-11-18,24.200876235961918,24.257930837375127,23.75394338598138,23.820507389918973,66511800,23.849035263061523,23.230937957763672,23.071916580200195,24.31498509782382,23.421120558984093,23.109294213251157,23.725416659444203,22.92664434482459,22.90371277559932,23.877563470234623,23.13584575028696,22.959780116350068,0.014752838805406121,0.014645074274623486,0.0007980763566417526,0.00040945510273471264,24.20087547302246,23.37092113494873,23.259359550476074,0.017518555387884605,0.014820826369969052,0.5039874513937477,0.38036884604294485,94030540.0
2025-11-19,23.65885162353516,24.248421895105785,23.506704807723334,24.10578448199885,62000200,24.200876235961918,23.192901611328125,23.2214298248291,24.257930837375127,23.66836086085093,23.32421964870812,23.75394338598138,22.73646116708217,22.987813834201745,23.820507389918973,23.449650041366382,23.09994851158768,-0.02239690030815178,-0.02265151985394886,0.014752838805406121,-0.0016373142791178408,24.012593460083007,23.398866271972658,23.27334098815918,0.017593680734080137,0.015740555444893053,0.741717087382451,-0.4469328584636898,87228980.0
2025-11-20,23.202411651611328,23.77296312946512,23.08830244428046,23.66836151130087,51983200,23.65885162353516,24.257930755615234,23.09994888305664,24.248421895105785,24.257930755615234,23.29618724516057,23.506704807723334,23.2404482674658,23.006503911181863,24.10578448199885,23.287993466194383,23.16536285865701,-0.019292566654831922,-0.019481096980520723,-0.02239690030815178,0.04592047869365845,23.748238372802735,23.40632553100586,23.27277374267578,0.018031075304818227,0.016393323403208766,0.6846606851846602,-0.46594985968954106,73009000.0
2025-11-21,23.81100082397461,24.26744128235372,23.383086760660973,23.383086760660973,73079400,23.202411651611328,24.600261688232425,23.053226470947266,23.77296312946512,24.67633509350356,23.15601807915702,23.08830244428046,24.01069143708135,22.903712376650493,23.66836151130087,24.15332884524809,23.13732837178277,0.02622956533576626,0.025891469611362117,-0.019292566654831922,0.014112124239531454,23.744435119628907,23.440009212493898,23.302880668640135,0.021095591312192862,0.017373563872839587,0.884354521692746,0.42791406331363646,68323360.0
2025-11-24,23.98216438293457,24.219894012552714,23.820508162244906,23.87756457924112,63074900,23.81100082397461,24.52418708801269,23.137327194213867,24.26744128235372,25.18031949635608,23.202739384345996,23.383086760660973,24.410076078799563,23.062570150870226,23.383086760660973,24.666824489229388,23.08125985729326,0.0071884235452892575,0.007162709981877045,0.02622956533576626,-0.0030924305271160524,23.771060943603516,23.481783866882324,23.334541931152344,0.02134673539306914,0.01741560916301825,0.3993858503078087,0.1045998036934499,63329900.0
2025-11-25,24.45762252807617,24.695352146865247,24.11529311035838,24.12480251275791,39130300,23.98216438293457,23.83001708984375,23.146671295166016,24.219894012552714,24.50517016763617,23.174704071541008,23.820508162244906,23.74443427978932,23.01584513680507,23.87756457924112,24.41007795493867,23.11863673644257,0.01982548937409212,0.019631523809883755,0.0071884235452892575,-0.028305525303558343,23.82241020202637,23.559946727752685,23.37702060699463,0.02224768974437831,0.017579825980725158,0.5800590365068672,0.33282001531825856,57853600.0
2025-11-26,24.44811248779297,24.54320469557413,24.32449388729057,24.43860489937456,33461000,24.45762252807617,23.849035263061523,22.894365310668945,24.695352146865247,24.31498509782382,23.156015841579165,24.11529311035838,23.725416659444203,22.782228859607876,24.12480251275791,23.877563470234623,23.156015841579165,-0.0003888374788793003,-0.00038891309577421474,0.01982548937409212,0.0007980763566417526,23.98026237487793,23.6474458694458,23.416505699157714,0.01788704362479646,0.017379309862196244,0.2187108082835607,0.009507588418408375,52145760.0
2025-11-28,24.476642608642575,24.59075362965155,24.40056919921431,24.58124422675637,22627600,24.44811248779297,24.200876235961918,22.698129653930664,24.54320469557413,24.257930837375127,23.01584574951205,24.32449388729057,23.75394338598138,22.64206053499116,24.43860489937456,23.820507389918973,22.9224007826432,0.0011669661968323197,0.001166285821045632,-0.0003888374788793003,0.014752838805406121,24.23510856628418,23.736371517181396,23.45469249725342,0.011732004947900318,0.017367612810864158,0.19018443043724176,-0.1046016181137972,46274640.0
2025-12-01,24.02971076965332,24.66682623294342,23.99167315931572,24.4956606138904,53198600,24.476642608642575,23.65885162353516,22.698129653930664,24.59075362965155,24.248421895105785,23.08125972160813,24.40056919921431,23.506704807723334,22.56730349208698,24.58124422675637,24.10578448199885,22.716817577895338,-0.018259523829932678,-0.018428286441897042,0.0011669661968323197,-0.02239690030815178,24.278850555419922,23.786130332946776,23.486183319091797,0.013797399193547534,0.01784365390230767,0.6751530736277012,-0.4659498442370804,42298480.0
2025-12-02,23.915599822998047,24.077256039944054,23.811000021726933,24.077256039944054,43827000,24.02971076965332,23.202411651611328,23.034534454345703,24.66682623294342,23.77296312946512,23.109291493999645,23.99167315931572,23.08830244428046,22.57664736367175,24.4956606138904,23.66836151130087,22.68878381432687,-0.0047487440755792365,-0.00476005518397289,-0.018259523829932678,-0.019292566654831922,24.265537643432616,23.829716205596924,23.515205039978028,0.013687287407097048,0.017909061910233285,0.2662560182171205,-0.16165621694600674,38448900.0
2025-12-03,24.314985275268555,24.619278899070057,24.058236850036145,24.077255654957,56121200,23.915599822998047,23.81100082397461,23.04388236999512,24.077256039944054,24.26744128235372,23.12798427357784,23.811000021726933,23.383086760660973,22.810266367231705,24.077256039944054,23.383086760660973,22.97847017439715,0.016699788223017764,0.016561880000557624,-0.0047487440755792365,0.02622956533576626,24.237010192871093,23.910091876983643,23.550532455444337,0.012552288195944535,0.017748151794499747,0.5610420490339116,0.23772962031155487,41847080.0
2025-12-04,24.43860626220703,24.476642059200778,24.10578442327948,24.37204044343504,35454000,24.314985275268555,23.98216438293457,22.70747184753418,24.619278899070057,24.219894012552714,23.54849077565268,24.058236850036145,23.820508162244906,22.61402688427517,24.077255654957,23.87756457924112,22.791573740346028,0.0050841481308325776,0.00507126748933703,0.016699788223017764,0.0071884235452892575,24.235108947753908,23.982164287567137,23.58907985687256,0.012865199392633546,0.017621686392466484,0.37085763592129695,0.0665658187719913,42245680.0
2025-12-05,24.75240898132324,24.837991790638338,24.38154953638013,24.505169955938864,47443700,24.43860626220703,24.45762252807617,22.99715805053711,24.476642059200778,24.695352146865247,23.053225387676648,24.10578442327948,24.11529311035838,22.576648566119303,24.37204044343504,24.12480251275791,22.782229990529945,0.01284045070939599,0.012758711094215513,0.0050841481308325776,0.01982548937409212,24.29026222229004,24.058713245391846,23.643061065673827,0.01412960189871076,0.017695583487469982,0.4564422542582065,0.24723902538437414,47208900.0
2025-12-08,24.50516891479492,24.90455473671908,24.495659512638035,24.76191733183181,45209300,24.75240898132324,24.44811248779297,23.2214298248291,24.837991790638338,24.54320469557413,23.483078593628665,24.38154953638013,24.32449388729057,22.931746495508776,24.505169955938864,24.43860489937456,23.12798307210845,-0.009988525428570316,-0.010038745444478891,0.01284045070939599,-0.0003888374788793003,24.385353851318357,24.122424793243407,23.68910717010498,0.011322879325738982,0.017937472685289453,0.4088952240810464,-0.2567484170368921,45611040.0
2025-12-09,24.086763381958008,24.8474973885456,23.89657897344464,24.72387879262497,43483800,24.50516891479492,24.476642608642575,23.230937957763672,24.90455473671908,24.59075362965155,23.421120558984093,24.495659512638035,24.40056919921431,22.92664434482459,24.76191733183181,24.58124422675637,23.13584575028696,-0.0170741746074764,-0.017221619065009228,-0.009988525428570316,0.0011669661968323197,24.41958656311035,24.167117881774903,23.725103149414064,0.014572842206949845,0.018464001947095996,0.9509184151009613,-0.6371154106669614,45542400.0
2025-12-10,24.514678955078125,24.524188357482544,23.98216330282899,24.23891172654914,43635400,24.086763381958008,24.02971076965332,23.192901611328125,24.8474973885456,24.66682623294342,23.66836086085093,23.89657897344464,23.99167315931572,22.73646116708217,24.72387879262497,24.4956606138904,23.449650041366382,0.017765590433816536,0.017609626813534302,-0.0170741746074764,-0.018259523829932678,24.45952529907226,24.179955291748048,23.739193954467773,0.014855582324098024,0.01582867854787667,0.5420250546535534,0.2757672285289843,43045240.0
2025-12-11,24.5336971282959,24.76191916953259,24.353023915105467,24.5336971282959,35570200,24.514678955078125,23.915599822998047,24.257930755615234,24.524188357482544,24.077256039944054,24.257930755615234,23.98216330282899,23.811000021726933,23.2404482674658,24.23891172654914,24.077256039944054,23.287993466194383,0.0007757871621578705,0.0007754863948416156,0.017765590433816536,-0.0047487440755792365,24.478543472290035,24.17662706375122,23.7213325881958,0.014736539015029245,0.015509210593764507,0.40889525442712227,0.0,43068480.0
2025-12-12,24.581241607666016,24.76191661595746,24.457621196933413,24.57173220578405,51599700,24.5336971282959,24.314985275268555,24.600261688232425,24.76191916953259,24.619278899070057,24.67633509350356,24.353023915105467,24.058236850036145,24.01069143708135,24.5336971282959,24.077255654957,24.15332884524809,0.0019379255854301558,0.001936050230117977,0.0007757871621578705,0.016699788223017764,24.444309997558594,24.179479789733886,23.70685173034668,0.013253334115349855,0.0154975637876857,0.3042954190240472,0.00950940188196725,43899680.0
2025-12-15,25.132774353027344,25.34197575433329,24.543204129371723,24.552713531303763,60360000,24.581241607666016,24.43860626220703,24.52418708801269,24.76191661595746,24.476642059200778,25.18031949635608,24.457621196933413,24.10578442327948,24.410076078799563,24.57173220578405,24.37204044343504,24.666824489229388,0.022437139431936703,0.022189129716832103,0.0019379255854301558,0.0050841481308325776,24.569831085205077,24.244617652893066,23.69798164367676,0.015663346593521376,0.014713765659265333,0.7987716249615673,0.5800608217235812,46929820.0
2025-12-16,24.27695083618164,25.2088505645979,23.69688994980289,25.14228655738719,111695500,25.132774353027344,24.75240898132324,23.83001708984375,25.34197575433329,24.837991790638338,24.50517016763617,24.543204129371723,24.38154953638013,23.74443427978932,24.552713531303763,24.505169955938864,24.41007795493867,-0.0340520909002876,-0.03464537055100775,0.022437139431936703,0.01284045070939599,24.607868576049803,24.266013431549073,23.68956302642822,0.02217672416672949,0.0168655522477277,1.511960614795008,-0.8653357212055504,60572160.0
2025-12-17,23.81100082397461,24.238913073555093,23.80149142104173,24.153330260892364,61255300,24.27695083618164,24.50516891479492,23.849035263061523,25.2088505645979,24.90455473671908,24.31498509782382,23.69688994980289,24.495659512638035,23.725416659444203,25.14228655738719,24.76191733183181,23.877563470234623,-0.01919310276447872,-0.019379681570102582,-0.0340520909002876,-0.009988525428570316,24.4671329498291,24.24651966094971,23.674815673828125,0.021667050508174922,0.017117552252796344,0.4374216525133612,-0.34232943691775475,64096140.0
2025-12-18,23.81100082397461,23.991674038499784,23.753944406377357,23.782472615175983,47062500,23.81100082397461,24.086763381958008,24.200876235961918,24.238913073555093,24.8474973885456,24.257930837375127,23.80149142104173,23.89657897344464,23.75394338598138,24.153330260892364,24.72387879262497,23.820507389918973,0.0,0.0,-0.01919310276447872,-0.0170741746074764,24.322593688964844,24.25412712097168,23.6710950088501,0.0216125195445177,0.01633628136800482,0.23772963212242715,0.028528208798626054,66394600.0
2025-12-19,23.953636169433597,24.26743918415399,23.75394235257534,23.782470558907377,87590000,23.81100082397461,24.514678955078125,23.65885162353516,23.991674038499784,24.524188357482544,24.248421895105785,23.753944406377357,23.98216330282899,23.506704807723334,23.782472615175983,24.23891172654914,24.10578448199885,0.005990312902571127,0.005972442309685376,0.0,0.017765590433816536,24.19707260131836,24.29168834686279,23.67845031738281,0.022045663439898097,0.015693930535290154,0.5134968315786494,0.17116561052622004,73592660.0
2025-12-22,23.972654342651367,24.153329364202158,23.89658093574573,23.96314675380461,38758900,23.953636169433597,24.5336971282959,23.202411651611328,24.26743918415399,24.76191916953259,23.77296312946512,23.75394235257534,24.353023915105467,23.08830244428046,23.782470558907377,24.5336971282959,23.66836151130087,0.0007939576723654529,0.000793642654702132,0.005990312902571127,0.0007757871621578705,23.965048599243165,24.29977102279663,23.694783058166504,0.016827884826930026,0.014594635393975068,0.25674842845642587,0.00950758884675551,69272440.0
2025-12-23,23.65885162353516,24.096275079293967,23.61130642374388,24.020201671388055,43692900,23.972654342651367,24.581241607666016,23.81100082397461,24.153329364202158,24.76191661595746,24.26744128235372,23.89658093574573,24.457621196933413,23.383086760660973,23.96314675380461,24.57173220578405,23.383086760660973,-0.013090028105811391,-0.01317645759522871,0.0007939576723654529,0.0019379255854301558,23.84142875671387,24.28360538482666,23.705774230957033,0.010561721826039925,0.014804028454886427,0.4849686555500874,-0.3613500478528948,55671920.0
2025-12-24,23.801490783691406,23.906090585685785,23.687379765285687,23.696889167963924,19328500,23.65885162353516,25.132774353027344,23.98216438293457,24.096275079293967,25.34197575433329,24.219894012552714,23.61130642374388,24.543204129371723,23.820508162244906,24.020201671388055,24.552713531303763,23.87756457924112,0.006028997621099874,0.006010895935186064,-0.013090028105811391,0.022437139431936703,23.839526748657228,24.250798797607423,23.723542900085448,0.007813394690735248,0.01410855032207319,0.21871082040009782,0.10460161572748206,47286560.0
2025-12-26,23.858545303344727,23.877564108635287,23.696889085841164,23.791981298560867,21617800,23.801490783691406,24.27695083618164,24.45762252807617,23.906090585685785,25.2088505645979,24.695352146865247,23.687379765285687,23.69688994980289,24.11529311035838,23.696889167963924,25.14228655738719,24.12480251275791,0.0023970985755401575,0.0023942301178191544,0.006028997621099874,-0.0340520909002876,23.849035644531252,24.22132043838501,23.744882278442383,0.007890798121098391,0.014131377239730163,0.18067502279412295,0.06656400478386004,42197620.0
2025-12-29,23.77296257019043,23.963146996245197,23.74443436216228,23.820507769837565,33067700,23.858545303344727,23.81100082397461,24.44811248779297,23.877564108635287,24.238913073555093,24.54320469557413,23.696889085841164,23.80149142104173,24.32449388729057,23.791981298560867,24.153330260892364,24.43860489937456,-0.0035870893244400737,-0.0035935383561382325,0.0023970985755401575,-0.01919310276447872,23.812900924682616,24.1861364364624,23.76750030517578,0.0073454024553242965,0.014130789536807839,0.21871263408291597,-0.04754519964713566,31293160.0
2025-12-30,23.763450622558597,23.820505218771498,23.69688662468805,23.782469425873867,28821700,23.77296257019043,23.81100082397461,24.476642608642575,23.963146996245197,23.991674038499784,24.59075362965155,23.74443436216228,23.753944406377357,24.40056919921431,23.820507769837565,23.782472615175983,24.58124422675637,-0.000400116207803225,-0.0004001962756514399,-0.0035870893244400737,0.0,23.771060180664062,24.172823429107666,23.78469509124756,0.00727156442421813,0.013559536849591209,0.123618594083446,-0.019018803315269395,29305720.0
2025-12-31,23.67786979675293,23.791980812431618,23.65885099185097,23.74443380017672,29409200,23.763450622558597,23.953636169433597,24.02971076965332,23.820505218771498,24.26743918415399,24.66682623294342,23.69688662468805,23.75394235257534,23.99167315931572,23.782469425873867,23.782470558907377,24.4956606138904,-0.0036013635883513917,-0.003607864110053525,-0.000400116207803225,0.005990312902571127,23.77486381530762,24.16093692779541,23.796814155578613,0.004121641847377612,0.013542894285723724,0.13312982058064904,-0.06656400342378888,26448980.0
2026-01-02,23.944129943847656,24.05823915684799,23.61130808075241,23.75394550386945,35976700,23.67786979675293,23.972654342651367,23.915599822998047,23.791980812431618,24.153329364202158,24.077256039944054,23.65885099185097,23.89658093574573,23.811000021726933,23.74443380017672,23.96314675380461,24.077256039944054,0.01124510563577985,0.01118234946367753,-0.0036013635883513917,0.0007939576723654529,23.803391647338866,24.142394161224367,23.811268157958985,0.006141382280788396,0.013231500355057282,0.4469310760955807,0.1901844399782071,29778620.0
2026-01-05,23.93461799621582,24.153328809328443,23.72541658546458,23.963146203299964,52620900,23.944129943847656,23.65885162353516,24.314985275268555,24.05823915684799,24.096275079293967,24.619278899070057,23.61130808075241,23.61130642374388,24.058236850036145,23.75394550386945,24.020201671388055,24.077255654957,-0.00039725593095851774,-0.00039733485799937413,0.01124510563577985,-0.013090028105811391,23.818606185913087,24.117194747924806,23.82796154022217,0.0061335706066275265,0.013162311351606669,0.4279122238638635,-0.028528207084143276,35979240.0
2026-01-06,24.18185806274414,24.73339072743733,23.953637837395213,23.953637837395213,50977300,23.93461799621582,23.801490783691406,24.43860626220703,24.153328809328443,23.906090585685785,24.476642059200778,23.72541658546458,23.687379765285687,24.10578442327948,23.963146203299964,23.696889167963924,24.37204044343504,0.010329810426362718,0.010276822525557795,-0.00039725593095851774,0.006028997621099874,23.900385284423827,24.08866720199585,23.850534172058104,0.006845452413355771,0.013035138263322013,0.7797528900421185,0.22822022534892739,39561160.0
2026-01-07,24.03921890258789,24.54320451681109,23.90608908717073,24.334003112202684,51395800,24.18185806274414,23.858545303344727,24.75240898132324,24.73339072743733,23.877564108635287,24.837991790638338,23.953637837395213,23.696889085841164,24.38154953638013,23.953637837395213,23.791981298560867,24.505169955938864,-0.005898602158119881,-0.005916067626931339,0.010329810426362718,0.0023970985755401575,23.955538940429687,24.0653697013855,23.868572006225588,0.007965626377847555,0.012919662769126584,0.6371154296403603,-0.294784209614793,44075980.0
2026-01-08,24.048728942871094,24.305475550970773,23.887072730650463,23.9441273309245,42977300,24.03921890258789,23.77296257019043,24.50516891479492,24.54320451681109,23.963146996245197,24.90455473671908,23.90608908717073,23.74443436216228,24.495659512638035,24.334003112202684,23.820507769837565,24.76191733183181,0.00039560521170600715,0.00039552698059598586,-0.005898602158119881,-0.0035870893244400737,24.02971076965332,24.063467979431152,23.88661315917969,0.007401455839752428,0.012344908279186557,0.41840282032030984,0.10460161194659534,46789600.0
2026-01-09,24.229400634765625,24.29596463322237,23.991671032429856,24.09627263785213,34190200,24.048728942871094,23.763450622558597,24.086763381958008,24.305475550970773,23.820505218771498,24.8474973885456,23.887072730650463,23.69688662468805,23.89657897344464,23.9441273309245,23.782469425873867,24.72387879262497,0.007512733513846959,0.007484653482254302,0.00039560521170600715,-0.000400116207803225,24.086764907836915,24.049204063415527,23.91331386566162,0.006514029250524327,0.01176744381405315,0.3042936007925121,0.13312799691349397,46432300.0
2026-01-12,24.02971076965332,24.5051700164748,23.858545150600296,24.324494994837373,50256300,24.229400634765625,23.67786979675293,24.514678955078125,24.29596463322237,23.791980812431618,24.524188357482544,23.991671032429856,23.65885099185097,23.98216330282899,24.09627263785213,23.74443380017672,24.23891172654914,-0.008241634538238563,-0.00827578457234075,0.007512733513846959,-0.0036013635883513917,24.105783462524414,24.0240047454834,23.939945487976075,0.008103427079963973,0.011887373245367863,0.6466248658745037,-0.2947842251840527,45959380.0
2026-01-13,23.915599822998047,24.143820044498337,23.74443420343956,24.077256039944054,47656100,24.02971076965332,23.944129943847656,24.5336971282959,24.5051700164748,24.05823915684799,24.76191916953259,23.858545150600296,23.61130808075241,24.353023915105467,24.324494994837373,23.75394550386945,24.5336971282959,-0.0047487440755792365,-0.00476005518397289,-0.008241634538238563,0.01124510563577985,24.052531814575197,23.99072265625,23.964294891357422,0.006279955930586751,0.011895322961966034,0.39938584105877695,-0.16165621694600674,45295140.0
2026-01-14,24.32449531555176,24.448113923312675,23.96314708124568,23.991673475641907,53738100,23.915599822998047,23.93461799621582,24.581241607666016,24.143820044498337,24.153328809328443,24.76191661595746,23.74443420343956,23.72541658546458,24.457621196933413,24.077256039944054,23.963146203299964,24.57173220578405,0.017097438307213553,0.016952922021931,-0.0047487440755792365,-0.00039725593095851774,24.109587097167967,23.95030870437622,23.990094108581545,0.010130661569297863,0.011383324508555816,0.4849668420669957,0.3328218399098546,45763600.0
2026-01-15,24.619279861450195,24.619279861450195,24.01069259005721,24.29596742008939,55263200,24.32449531555176,24.18185806274414,25.132774353027344,24.448113923312675,24.73339072743733,25.34197575433329,23.96314708124568,23.953637837395213,24.543204129371723,23.991673475641907,23.953637837395213,24.552713531303763,0.012118835029229391,0.012045989889601203,0.017097438307213553,0.010329810426362718,24.22369728088379,23.96742515563965,24.021602058410643,0.010878882525701706,0.008849083483236984,0.6085872713929845,0.3233124413608053,48220780.0
2026-01-16,24.39105987548828,24.619280104513845,24.295967659961008,24.619280104513845,59470600,24.619279861450195,24.03921890258789,24.27695083618164,24.619279861450195,24.54320451681109,25.2088505645979,24.01069259005721,23.90608908717073,23.69688994980289,24.29596742008939,24.334003112202684,25.14228655738719,-0.009269970009125661,-0.009313203571083626,0.012118835029229391,-0.005898602158119881,24.25602912902832,23.996428108215333,24.055273818969727,0.012307711358514157,0.007900081443507448,0.3233124445528368,-0.22822022902556327,53276860.0
2026-01-20,24.26744079589844,24.391059404081503,23.8585455466471,24.181857984951268,55425400,24.39105987548828,24.048728942871094,23.81100082397461,24.619280104513845,24.305475550970773,24.238913073555093,24.295967659961008,23.887072730650463,23.80149142104173,24.619280104513845,23.9441273309245,24.153330260892364,-0.0050682127066593585,-0.005081099657658644,-0.009269970009125661,0.00039560521170600715,24.303575134277345,24.019250106811523,24.080679473876952,0.011756248563572108,0.008022083833025457,0.5325138574344024,0.08558281094717302,54310680.0
2026-01-21,24.619279861450195,24.64780806994667,24.134311199408984,24.219894011165263,47264100,24.26744079589844,24.229400634765625,23.81100082397461,24.391059404081503,24.29596463322237,23.991674038499784,23.8585455466471,23.991671032429856,23.753944406377357,24.181857984951268,24.09627263785213,23.782472615175983,0.014498400078974072,0.014394303228742229,-0.0050682127066593585,0.007512733513846959,24.444311141967773,24.052532291412355,24.108636474609376,0.01212864014254646,0.008512348390567531,0.5134968705376863,0.3993858502849328,54232280.0
2026-01-22,24.81897354125977,25.018665558311078,24.48615169910779,24.628789113249173,49883900,24.619279861450195,24.02971076965332,23.953636169433597,24.64780806994667,24.5051700164748,24.26743918415399,24.134311199408984,23.858545150600296,23.75394235257534,24.219894011165263,24.324494994837373,23.782470558907377,0.008111272179096574,0.00807855262331628,0.014498400078974072,-0.008241634538238563,24.543206787109376,24.094848251342775,24.140397186279298,0.010622247413597767,0.00864094913124456,0.5325138592032879,0.1901844280105962,53461440.0
2026-01-23,24.79963493347168,24.83830971385515,24.664276890359588,24.731955911915637,45402300,24.81897354125977,23.915599822998047,23.972654342651367,25.018665558311078,24.143820044498337,24.153329364202158,24.48615169910779,23.74443420343956,23.89658093574573,24.628789113249173,24.077256039944054,23.96314675380461,-0.0007791864460445774,-0.0007794901695851867,0.008111272179096574,-0.0047487440755792365,24.579277801513676,24.1518874168396,24.17253185272217,0.009708188239881803,0.00793630688234254,0.17403282349556193,0.06767902155604233,51489260.0
2026-01-26,25.022008895874023,25.060683675496332,24.7512928149778,24.780297055579545,41441900,24.79963493347168,24.32449531555176,23.65885162353516,24.83830971385515,24.448113923312675,24.096275079293967,24.664276890359588,23.96314708124568,23.61130642374388,24.731955911915637,23.991673475641907,24.020201671388055,0.008966824027808906,0.008926860779185591,-0.0007791864460445774,0.017097438307213553,24.705467605590822,24.21291332244873,24.187813415527344,0.007910387127995546,0.008033848952953865,0.3093908605185334,0.241711840294478,47883520.0
2026-01-27,25.621456146240234,25.94051571505145,25.041347336370272,25.0800221176153,75575400,25.022008895874023,24.619279861450195,23.801490783691406,25.060683675496332,24.619279861450195,23.906090585685785,24.7512928149778,24.01069259005721,23.687379765285687,24.780297055579545,24.29596742008939,23.696889167963924,0.02395679950641605,0.023674337745362522,0.008966824027808906,0.012118835029229391,24.97627067565918,24.301058864593507,24.2082373046875,0.00910127944861514,0.009352698368298681,0.8991683786811784,0.5414340286249342,51913520.0
2026-01-28,25.002674102783203,25.515102039398496,24.90598899493209,25.3990813852692,44976700,25.621456146240234,24.39105987548828,23.858545303344727,25.94051571505145,24.619280104513845,23.877564108635287,25.041347336370272,24.295967659961008,23.696889085841164,25.0800221176153,24.619280104513845,23.791981298560867,-0.024150931934750042,-0.02444734790333277,0.02395679950641605,-0.009269970009125661,25.052949523925783,24.362544441223143,24.21780704498291,0.017692701788790344,0.01114449976308376,0.6091130444664046,-0.39640728248599544,51456040.0
2026-01-29,25.234718322753903,25.360407677397312,25.022010707659504,25.04134809887084,44373800,25.002674102783203,24.26744079589844,23.77296257019043,25.515102039398496,24.391059404081503,23.963146996245197,24.90598899493209,23.8585455466471,23.74443436216228,25.3990813852692,24.181857984951268,23.820507769837565,0.009280776088861131,0.009237974305163675,-0.024150931934750042,-0.0050682127066593585,25.13609848022461,24.43610782623291,24.245901069641114,0.017781025468845635,0.011218069523492294,0.33839696973780775,0.19337022388306124,50354020.0
2026-01-30,25.563446044921875,25.59245028699749,25.04134755817978,25.26372201996323,51599400,25.234718322753903,24.619279861450195,23.763450622558597,25.360407677397312,24.64780806994667,23.820505218771498,25.022010707659504,24.134311199408984,23.69688662468805,25.04134809887084,24.219894011165263,23.782469425873867,0.013026803706049694,0.012942684646059204,0.009280776088861131,0.014498400078974072,25.288860702514647,24.530386638641357,24.280189285278322,0.018029375021551778,0.011313552615348858,0.5511027288177104,0.29972402495864614,51593440.0
2026-02-02,25.77615165710449,25.805157743121665,25.476429478054,25.544108501312326,52129500,25.563446044921875,24.81897354125977,23.67786979675293,25.59245028699749,25.018665558311078,23.791980812431618,25.04134755817978,24.48615169910779,23.65885099185097,25.26372201996323,24.628789113249173,23.74443380017672,0.00832069400224178,0.008286267862323102,0.013026803706049694,0.008111272179096574,25.43968925476074,24.621987724304198,24.31169479370117,0.01800703148788383,0.011232221505272161,0.3287282650676637,0.23204315579216228,53730960.0
2026-02-03,24.91565704345703,25.24438529514981,24.42256466591785,24.519249771259556,91964900,25.77615165710449,24.79963493347168,23.944129943847656,25.805157743121665,24.83830971385515,24.05823915684799,25.476429478054,24.664276890359588,23.61130808075241,25.544108501312326,24.731955911915637,23.75394550386945,-0.03338336246211082,-0.03395330728612898,0.00832069400224178,-0.0007791864460445774,25.2985294342041,24.67103967666626,24.33683090209961,0.021667913962687295,0.013963445939205272,0.8218206292319614,0.3964072721974752,57008860.0
2026-02-04,25.892173767089844,26.08554213861341,25.002674094559307,25.02200964083113,83025800,24.91565704345703,25.022008895874023,23.93461799621582,25.24438529514981,25.060683675496332,24.153328809328443,24.42256466591785,24.7512928149778,23.72541658546458,24.519249771259556,24.780297055579545,23.963146203299964,0.039192894729992656,0.03844434910106402,-0.03338336246211082,0.008966824027808906,25.47642936706543,24.756555461883544,24.39062614440918,0.026029087156068328,0.016174802249873416,1.082868044054102,0.8701641262587145,64618680.0
2026-02-05,25.611785888671875,26.28857976625655,25.582779804507403,25.872835113807245,72650700,25.892173767089844,25.621456146240234,24.18185806274414,26.08554213861341,25.94051571505145,24.73339072743733,25.002674094559307,25.041347336370272,23.953637837395213,25.02200964083113,25.0800221176153,23.953637837395213,-0.010829059040780686,-0.010888120071241325,0.039192894729992656,0.02395679950641605,25.551842880249023,24.835183811187743,24.426641845703124,0.02717264912924,0.016362820112614817,0.7057999617491468,-0.26104922513536977,70274060.0
2026-02-06,26.31758499145508,26.462613573591348,25.64079293265093,25.78581967067217,50691600,25.611785888671875,25.002674102783203,24.03921890258789,26.28857976625655,25.515102039398496,24.54320451681109,25.582779804507403,24.90598899493209,23.90608908717073,25.872835113807245,25.3990813852692,24.334003112202684,0.027557590316081182,0.0271847147869899,-0.010829059040780686,-0.024150931934750042,25.702670669555665,24.948626613616945,24.473350257873534,0.029180483870046268,0.017214101630096082,0.8218206409404196,0.5317653207829132,70092500.0
2026-02-09,26.153221130371094,26.46261384385529,25.90184243209494,26.278912323624212,49288200,26.31758499145508,25.234718322753903,24.048728942871094,26.462613573591348,25.360407677397312,24.305475550970773,25.64079293265093,25.022010707659504,23.887072730650463,25.78581967067217,25.04134809887084,23.9441273309245,-0.006245400599536599,-0.00626498469679573,0.027557590316081182,0.009280776088861131,25.778084564208985,25.044817638397216,24.507262229919434,0.029635856853734953,0.01736824785220307,0.5607714117603493,-0.12569119325311817,69524240.0
2026-02-10,26.694656372070312,26.810677023315005,26.19189529903665,26.278911709527662,43760600,26.153221130371094,25.563446044921875,24.229400634765625,26.46261384385529,25.59245028699749,24.29596463322237,25.90184243209494,25.04134755817978,23.991671032429856,26.278912323624212,25.26372201996323,24.09627263785213,0.020702430457809395,0.02049104759211995,-0.006245400599536599,0.013026803706049694,26.13388442993164,25.178064918518068,24.55219310760498,0.021735584571245768,0.01750247000906902,0.6187817242783566,0.4157446625426502,59883380.0
2026-02-11,26.81067657470703,27.013715477160407,26.40460061391525,26.636643756636985,41699300,26.694656372070312,25.77615165710449,24.02971076965332,26.810677023315005,25.805157743121665,24.5051700164748,26.19189529903665,25.476429478054,23.858545150600296,26.278911709527662,25.544108501312326,24.324494994837373,0.004346195771154582,0.0043367783391229054,0.020702430457809395,0.00832069400224178,26.317584991455078,25.322818756103516,24.59887378692627,0.01666338221355939,0.017341836531749262,0.6091148632451571,0.1740328180700459,51618080.0
2026-02-12,26.559295654296875,26.965371609154843,26.501285330492863,26.733328469823853,58805100,26.81067657470703,24.91565704345703,23.915599822998047,27.013715477160407,25.24438529514981,24.143820044498337,26.40460061391525,24.42256466591785,23.74443420343956,26.636643756636985,24.519249771259556,24.077256039944054,-0.009376149822616031,-0.00942038262138331,0.004346195771154582,-0.03338336246211082,26.507086944580077,25.43455877304077,24.649465484619142,0.016280701283045727,0.017449971089605422,0.4640862786619806,-0.1740328155269779,48848960.0
2026-02-13,26.665651321411133,27.0137169768747,26.636645235417475,26.68498871207357,36986700,26.559295654296875,25.892173767089844,24.32449531555176,26.965371609154843,26.08554213861341,24.448113923312675,26.501285330492863,25.002674094559307,23.96314708124568,26.733328469823853,25.02200964083113,23.991673475641907,0.004004461130995729,0.0039964646172312365,-0.009376149822616031,0.039192894729992656,26.57670021057129,25.536877346038818,24.704466514587402,0.011772337604887394,0.01735879582792881,0.37707174145722533,-0.019337390662435894,46107980.0
2026-02-17,26.46261405944824,26.946037757804792,26.298249928242413,26.917031672021977,32119900,26.665651321411133,25.611785888671875,24.619279861450195,27.0137169768747,26.28857976625655,24.619279861450195,26.636645235417475,25.582779804507403,24.01069259005721,26.68498871207357,25.872835113807245,24.29596742008939,-0.007614187237191761,-0.007643323152603051,0.004004461130995729,-0.010829059040780686,26.638578796386717,25.640455055236817,24.747419090270995,0.012044727034159776,0.017295290187480755,0.6477878295623789,-0.4544176125737387,42674320.0
2026-02-18,26.46261405944824,26.56896601908844,26.30791677938829,26.530293082159748,24779800,26.46261405944824,26.31758499145508,24.39105987548828,26.946037757804792,26.462613573591348,24.619280104513845,26.298249928242413,25.64079293265093,24.295967659961008,26.917031672021977,25.78581967067217,24.619280104513845,0.0,0.0,-0.007614187237191761,0.027557590316081182,26.592170333862306,25.750213718414308,24.78789924621582,0.0064398048255495015,0.01718874665710324,0.26104923970014937,-0.06767902271150916,38878160.0
2026-02-19,25.969520568847656,26.49161718207893,25.69880264532201,26.462612941636344,40316800,26.46261405944824,26.153221130371094,24.26744079589844,26.56896601908844,26.46261384385529,24.391059404081503,26.30791677938829,25.90184243209494,23.8585455466471,26.530293082159748,26.278912323624212,24.181857984951268,-0.018633589617898183,-0.01880938213776079,0.0,-0.006245400599536599,26.42393913269043,25.81772575378418,24.81224147796631,0.008791704662423676,0.017759425886191452,0.7928145367569179,-0.4930923727886878,38601660.0
2026-02-20,25.76648330688477,25.892174503860968,25.48609851475688,25.824493635581035,44786900,25.969520568847656,26.694656372070312,24.619279861450195,26.49161718207893,26.810677023315005,24.64780806994667,25.69880264532201,26.19189529903665,24.134311199408984,26.462612941636344,26.278911709527662,24.219894011165263,-0.007818290731421706,-0.007849013805789434,-0.018633589617898183,0.020702430457809395,26.26537666320801,25.86510124206543,24.837467765808107,0.008683430366287805,0.01786664413621018,0.4060759891040888,-0.0580103286962661,35798020.0
2026-02-23,26.16288948059082,26.21123295586424,25.62145546633371,25.679465792546782,34166100,25.76648330688477,26.81067657470703,24.81897354125977,25.892174503860968,27.013715477160407,25.018665558311078,25.48609851475688,26.40460061391525,24.48615169910779,25.824493635581035,26.636643756636985,24.628789113249173,0.015384566414623269,0.015267423902764733,-0.007818290731421706,0.004346195771154582,26.164824295043946,25.933263969421386,24.878990287780763,0.012581706619644103,0.01809715414600959,0.5897774895305297,0.4834236880440379,35233900.0
2026-02-24,26.240238189697266,26.510956129125784,26.1822278612894,26.240238189697266,34686100,26.16288948059082,26.559295654296875,24.79963493347168,26.21123295586424,26.965371609154843,24.83830971385515,25.62145546633371,26.501285330492863,24.664276890359588,25.679465792546782,26.733328469823853,24.731955911915637,0.0029564283854743856,0.002952066745544631,0.015384566414623269,-0.009376149822616031,26.12034912109375,25.99417543411255,24.913501472473143,0.012655081901109397,0.018039773949913566,0.3287282678363823,0.0,35747140.0
2026-02-25,26.191896438598636,26.385266657906307,25.843830781490848,26.162890352467954,32680300,26.240238189697266,26.665651321411133,25.022008895874023,26.510956129125784,27.0137169768747,25.060683675496332,26.1822278612894,26.636645235417475,24.7512928149778,26.240238189697266,26.68498871207357,24.780297055579545,-0.0018422756207148172,-0.0018439746975453892,0.0029564283854743856,0.004004461130995729,26.06620559692383,26.02269744873047,24.9466654586792,0.012622822392212792,0.01733594962888249,0.5414358764154592,0.029006086130682007,37327240.0
2026-02-26,26.201562881469727,26.36592700051661,25.979188439263627,26.35625830597092,30508300,26.191896438598636,26.46261405944824,25.621456146240234,26.385266657906307,26.946037757804792,25.94051571505145,25.843830781490848,26.298249928242413,25.041347336370272,26.162890352467954,26.917031672021977,25.0800221176153,0.0003690623507828228,0.00036899426402509756,-0.0018422756207148172,-0.007614187237191761,26.11261405944824,26.082641887664796,24.979071884155275,0.008568876126184153,0.016280389040300543,0.386738561252983,-0.15469542450119178,35365540.0
2026-02-27,26.73332977294922,26.752667163198144,26.19189575478452,26.259574776540727,41879700,26.201562881469727,26.46261405944824,25.002674102783203,26.36592700051661,26.56896601908844,25.515102039398496,25.979188439263627,26.30791677938829,24.90598899493209,26.35625830597092,26.530293082159748,25.3990813852692,0.02029523558900248,0.020092032070462663,0.0003690623507828228,0.0,26.305983352661134,26.15757246017456,25.01108299255371,0.009806046073456752,0.016703698249955056,0.5607714084136219,0.4737549964084913,34784100.0
2026-03-02,26.356258392333984,26.694655326082284,26.269241985252563,26.6559805477728,41321700,26.73332977294922,25.969520568847656,25.234718322753903,26.752667163198144,26.49161718207893,25.360407677397312,26.19189575478452,25.69880264532201,25.022010707659504,26.259574776540727,26.462612941636344,25.04134809887084,-0.01410491636536737,-0.014205336091095325,0.02029523558900248,-0.018633589617898183,26.344657135009765,26.197213077545165,25.05266914367676,0.012362638095448018,0.016948242280511037,0.4254133408297207,-0.29972215543881475,36215220.0
2026-03-03,25.698802947998047,26.05653728529473,25.47642849611592,25.8341609892976,41486100,26.356258392333984,25.76648330688477,25.563446044921875,26.694655326082284,25.892174503860968,25.59245028699749,26.269241985252563,25.48609851475688,25.04134755817978,26.6559805477728,25.824493635581035,25.26372201996323,-0.024944946075015184,-0.02526134401432284,-0.01410491636536737,-0.007818290731421706,26.236370086669922,26.193345642089845,25.090425186157226,0.01699112026367966,0.017867962288252246,0.5801087891788121,-0.1353580412995541,37575220.0
2026-03-04,25.737478256225582,25.892173690633665,25.476429019118815,25.88250499546878,30893500,25.698802947998047,26.16288948059082,25.77615165710449,26.05653728529473,26.21123295586424,25.805157743121665,25.47642849611592,25.62145546633371,25.476429478054,25.8341609892976,25.679465792546782,25.544108501312326,0.001504945903737065,0.001503814607534636,-0.024944946075015184,0.015384566414623269,26.145486450195314,26.23443670272827,25.128954734802246,0.017164684677572272,0.016047487916376058,0.41574467151485095,-0.1450267392431961,37217860.0
2026-03-05,25.727807998657227,25.824491256204592,25.33140074154525,25.51510040617719,38908600,25.737478256225582,26.240238189697266,24.91565704345703,25.892173690633665,26.510956129125784,25.24438529514981,25.476429019118815,26.1822278612894,24.42256466591785,25.88250499546878,26.240238189697266,24.519249771259556,-0.00037572669210572673,-0.0003757972950648051,0.001504945903737065,0.0029564283854743856,26.050735473632812,26.22621841430664,25.16443817138672,0.017127248916561314,0.013410137838831096,0.49309051465934317,0.21270759248003657,38897920.0
2026-03-06,26.153221130371094,26.230568847713386,25.36040656658388,25.66013058488591,53181800,25.727807998657227,26.191896438598636,25.892173767089844,25.824491256204592,26.385266657906307,26.08554213861341,25.33140074154525,25.843830781490848,25.002674094559307,25.51510040617719,26.162890352467954,25.02200964083113,0.01653514872841355,0.016399931676758992,-0.00037572669210572673,-0.0018422756207148172,25.934713745117186,26.2532901763916,25.208049507141112,0.01585519080258666,0.013665685825145785,0.870162281129506,0.4930905454851846,41158340.0
2026-03-09,25.92117691040039,26.21123222157007,25.486096709818323,26.01786201412362,42789500,26.153221130371094,26.201562881469727,25.611785888671875,26.230568847713386,26.36592700051661,26.28857976625655,25.36040656658388,25.979188439263627,25.582779804507403,25.66013058488591,26.35625830597092,25.872835113807245,-0.008872491033283691,-0.008912085959592328,0.01653514872841355,0.0003690623507828228,25.847697448730468,26.233469772338868,25.25329601287842,0.01520365317367277,0.012320093963344955,0.7251355117517484,-0.09668510372322814,41451900.0
2026-03-10,26.25957489013672,26.38526608318343,25.64079315241457,25.93084663094307,42814600,25.92117691040039,26.73332977294922,26.31758499145508,26.21123222157007,26.752667163198144,26.462613573591348,25.486096709818323,26.19189575478452,25.64079293265093,26.01786201412362,26.259574776540727,25.78581967067217,0.013054884849790671,0.012970404302084317,-0.008872491033283691,0.02029523558900248,25.959851837158205,26.23878746032715,25.302457695007323,0.010362336752858527,0.012614127113798317,0.7444729307688611,0.32872825919364956,41717600.0
2026-03-11,26.394933700561523,26.50128750636344,26.104880213611874,26.298250434321705,40560100,26.25957489013672,26.356258392333984,26.153221130371094,26.38526608318343,26.694655326082284,26.46261384385529,25.64079315241457,26.269241985252563,25.90184243209494,25.93084663094307,26.6559805477728,26.278912323624212,0.0051546459145326295,0.005141406205133162,0.013054884849790671,-0.01410491636536737,26.09134292602539,26.22380132675171,25.35318546295166,0.01023791838666861,0.011737843117788808,0.39640729275156517,0.09668326623981827,43650920.0
2026-03-12,25.969520568847656,26.22090110266826,25.747144275469637,26.21123240781574,38542800,26.394933700561523,25.698802947998047,26.694656372070312,26.50128750636344,26.05653728529473,26.810677023315005,26.104880213611874,25.47642849611592,26.19189529903665,26.298250434321705,25.8341609892976,26.278911709527662,-0.01611722675798266,-0.016248521910898043,0.0051546459145326295,-0.024944946075015184,26.139685440063477,26.18174352645874,25.397116622924806,0.01405227540614643,0.012176949546320832,0.4737568271986241,-0.24171183896808301,43577760.0
2026-03-13,25.698802947998047,26.375596842725837,25.698802947998047,26.12421630594451,34270800,25.969520568847656,25.737478256225582,26.81067657470703,26.22090110266826,25.892173690633665,27.013715477160407,25.747144275469637,25.476429019118815,26.40460061391525,26.21123240781574,25.88250499546878,26.636643756636985,-0.010424436605670495,-0.010479151625955828,-0.01611722675798266,0.001504945903737065,26.048801803588866,26.1387188911438,25.435823669433592,0.012092927190377573,0.012214733604484945,0.6767938947277905,-0.4254133579464643,39795560.0
2026-03-16,25.727807998657227,25.99852407037374,25.64079159157265,25.8148244057418,28551500,25.698802947998047,25.727807998657227,26.559295654296875,26.375596842725837,25.824491256204592,26.965371609154843,25.698802947998047,25.33140074154525,26.501285330492863,26.12421630594451,25.51510040617719,26.733328469823853,0.0011286537632850813,0.0011280173124697832,-0.010424436605670495,-0.00037572669210572673,26.010128021240234,26.091826725006104,25.47682243347168,0.011793325524512569,0.012162417771269748,0.3577324788010898,-0.08701640708457248,36947960.0
2026-03-17,26.53996086120605,26.839683027487865,25.93084598960028,25.93084598960028,60097500,25.727807998657227,26.153221130371094,26.665651321411133,25.99852407037374,26.230568847713386,27.0137169768747,25.64079159157265,25.36040656658388,26.636645235417475,25.8148244057418,25.66013058488591,26.68498871207357,0.031567122336703335,0.03107912396337908,0.0011286537632850813,0.01653514872841355,26.0662052154541,26.095694065093994,25.528739051818846,0.01848772375734187,0.014155075337832819,0.9088370378875865,0.6091148716057724,40404540.0
2026-03-18,26.414268493652344,26.472278816514027,25.950182222529047,26.24023568095238,47478300,26.53996086120605,25.92117691040039,26.46261405944824,26.839683027487865,26.21123222157007,26.946037757804792,25.93084598960028,25.486096709818323,26.298249928242413,25.93084598960028,26.01786201412362,26.917031672021977,-0.0047359665754983515,-0.004747216799711858,0.031567122336703335,-0.008872491033283691,26.070072174072266,26.0932767868042,25.57833206176758,0.018629399484076093,0.014198862309680888,0.5220965939849798,0.17403281269996285,41788180.0
2026-03-19,26.50128555297852,26.81067640801725,26.346590125459144,26.385264904396465,47939600,26.414268493652344,26.25957489013672,26.46261405944824,26.472278816514027,26.38526608318343,26.56896601908844,25.950182222529047,25.64079315241457,26.30791677938829,26.24023568095238,25.93084663094307,26.530293082159748,0.0032943202401038985,0.003288905855068479,-0.0047359665754983515,0.013054884849790671,26.176425170898437,26.119865036010744,25.624720611572265,0.016224461873302783,0.013514065012134282,0.4640862825581067,0.11602064858205452,43667540.0
2026-03-20,26.07587242126465,26.636643811696736,25.91150829764929,26.501285772524675,66805700,26.50128555297852,26.394933700561523,25.969520568847656,26.81067640801725,26.50128750636344,26.49161718207893,26.346590125459144,26.104880213611874,25.69880264532201,26.385264904396465,26.298250434321705,26.462612941636344,-0.016052546992991412,-0.016182784771431667,0.0032943202401038985,0.0051546459145326295,26.251839065551756,26.135334491729736,25.665453681945802,0.017624596721600334,0.013919430030240178,0.7251355140474445,-0.4254133512600262,50174520.0
2026-03-23,25.882503509521484,26.28857946255811,25.74714362909932,26.133884037031294,42945200,26.07587242126465,25.969520568847656,25.76648330688477,26.636643811696736,26.22090110266826,25.892174503860968,25.91150829764929,25.747144275469637,25.48609851475688,26.501285772524675,26.21123240781574,25.824493635581035,-0.0074156257792346025,-0.007443258224755243,-0.016052546992991412,-0.01611722675798266,26.282778167724608,26.12131519317627,25.70212917327881,0.018259086582247466,0.013582070964173493,0.5414358334587916,-0.2513805275098093,53053260.0
2026-03-24,26.06620407104492,26.230568196833165,25.56344484285294,25.718140273698936,35605300,25.882503509521484,25.698802947998047,26.16288948059082,26.28857946255811,26.375596842725837,26.21123295586424,25.74714362909932,25.698802947998047,25.62145546633371,26.133884037031294,26.12421630594451,25.679465792546782,0.00709748040624647,0.0070724118380771275,-0.0074156257792346025,-0.010424436605670495,26.18802680969238,26.112613487243653,25.738865242004394,0.009122445423555498,0.01366804633021223,0.667123353980223,0.3480637973459828,48154820.0
2026-03-25,26.37559700012207,26.61730884337941,26.14355385188883,26.27891189399613,37603900,26.06620407104492,25.727807998657227,26.240238189697266,26.230568196833165,25.99852407037374,26.510956129125784,25.56344484285294,25.64079159157265,26.1822278612894,25.718140273698936,25.8148244057418,26.240238189697266,0.011869504598133407,0.011799614525202512,0.00709748040624647,0.0011286537632850813,26.180292510986327,26.121798515319824,25.78578296661377,0.011341256303651463,0.013925143048644608,0.47375499149057987,0.09668510612593906,46179940.0
2026-03-26,26.655982971191406,26.88802612979966,26.336923397590667,26.346592093047065,28835000,26.37559700012207,26.53996086120605,26.191896438598636,26.61730884337941,26.839683027487865,26.385266657906307,26.14355385188883,25.93084598960028,25.843830781490848,26.27891189399613,25.93084598960028,26.162890352467954,0.010630507095935604,0.010574400532592093,0.011869504598133407,0.031567122336703335,26.211231994628907,26.144519519805907,25.840590629577637,0.012343308999348601,0.014110151774706023,0.5511027322089923,0.30939087814434174,42359020.0
2026-03-27,26.143552780151367,26.84935089094147,26.124215390895905,26.81067611243053,29124600,26.655982971191406,26.414268493652344,26.201562881469727,26.88802612979966,26.472278816514027,26.36592700051661,26.336923397590667,25.950182222529047,25.979188439263627,26.346592093047065,26.24023568095238,26.35625830597092,-0.019223833973552984,-0.019411014639450844,0.010630507095935604,-0.0047359665754983515,26.22476806640625,26.115030670166014,25.876971778869628,0.013482065456611859,0.014025988810256847,0.7251355000455639,-0.6671233322791643,34822800.0
2026-03-30,26.84935188293457,26.89769351374436,26.249905702672145,26.510954934921024,46696000,26.143552780151367,26.50128555297852,26.73332977294922,26.84935089094147,26.81067640801725,26.752667163198144,26.124215390895905,26.346590125459144,26.19189575478452,26.81067611243053,26.385264904396465,26.259574776540727,0.02699706152099801,0.026639069716425247,-0.019223833973552984,0.0032943202401038985,26.418137741088866,26.139685344696044,25.921573219299315,0.016758207203127897,0.014986373326419734,0.6477878110722166,0.33839694801354625,35572960.0
2026-03-31,27.149072647094727,27.3714470879045,26.868687883489997,27.06205624084483,44841500,26.84935188293457,26.07587242126465,26.356258392333984,26.89769351374436,26.636643811696736,26.694655326082284,26.249905702672145,25.91150829764929,26.269241985252563,26.510954934921024,26.501285772524675,26.6559805477728,0.0111630539711709,0.011101206926485712,0.02699706152099801,-0.016052546992991412,26.634711456298827,26.21219882965088,25.976733474731446,0.016833823383703383,0.013821740728294122,0.5027592044145024,0.08701640624989793,37420200.0
2026-04-01,27.603492736816406,27.690509150990152,27.110402181985283,27.33277664304482,44208500,27.149072647094727,25.882503509521484,25.698802947998047,27.3714470879045,26.28857946255811,26.05653728529473,26.868687883489997,25.74714362909932,25.47642849611592,27.06205624084483,26.133884037031294,25.8341609892976,0.016737959915927636,0.016599424000072034,0.0111630539711709,-0.0074156257792346025,26.880290603637697,26.30549955368042,26.043454513549804,0.01722898671820475,0.014159931922447423,0.5801069690048699,0.27071609377158623,38741120.0
2026-04-02,27.38111686706543,27.79686152581427,27.28443176250047,27.55514968645936,30920600,27.603492736816406,26.06620407104492,25.737478256225582,27.690509150990152,26.230568196833165,25.892173690633665,27.110402181985283,25.56344484285294,25.476429019118815,27.33277664304482,25.718140273698936,25.88250499546878,-0.008056077246137106,-0.008088702777108693,0.016737959915927636,0.00709748040624647,27.0253173828125,26.38816499710083,26.09869125366211,0.01881168507530573,0.014375944281408863,0.5124297633137971,-0.17403281939392912,39158240.0
2026-04-06,26.90736198425293,27.294100559849877,26.88802459444433,27.255427624347675,25169300,27.38111686706543,26.37559700012207,25.727807998657227,27.79686152581427,26.61730884337941,25.824491256204592,27.28443176250047,26.14355385188883,25.33140074154525,27.55514968645936,26.27891189399613,25.51510040617719,-0.017302248301724443,-0.017453681498457586,-0.008056077246137106,0.011869504598133407,27.178079223632814,26.42587203979492,26.140459022521974,0.01818902979413843,0.014713186168593163,0.40607596540554525,-0.3480656400947453,38367180.0
2026-04-07,26.201562881469727,26.76233425631528,25.89217203246734,26.7429968672239,46620500,26.90736198425293,26.655982971191406,26.153221130371094,27.294100559849877,26.88802612979966,26.230568847713386,26.88802459444433,26.336923397590667,25.36040656658388,27.255427624347675,26.346592093047065,25.66013058488591,-0.02623070604975175,-0.026580867923900534,-0.017302248301724443,0.010630507095935604,27.048521423339842,26.43989133834839,26.168497581481933,0.018336212505984387,0.015828481967349865,0.8701622238479416,-0.5414339857541748,38352080.0
2026-04-08,26.559295654296875,26.578633043603197,26.07587198632858,26.346589904272204,33789100,26.201562881469727,26.143552780151367,25.92117691040039,26.76233425631528,26.84935089094147,26.21123222157007,25.89217203246734,26.124215390895905,25.486096709818323,26.7429968672239,26.81067611243053,26.01786201412362,0.013653108192265284,0.013560744264132975,-0.02623070604975175,-0.019223833973552984,26.930566024780273,26.454877376556396,26.199243316650392,0.018901151095871597,0.01585368889509171,0.5027610572746184,0.2127057500246714,36141600.0
2026-04-09,26.31758499145508,26.588302921445752,26.278912055236425,26.30791629637166,27047600,26.559295654296875,26.84935188293457,26.25957489013672,26.578633043603197,26.89769351374436,26.38526608318343,26.07587198632858,26.249905702672145,25.64079315241457,26.346589904272204,26.510954934921024,25.93084663094307,-0.00910079340913128,-0.009142458613063913,0.013653108192265284,0.02699706152099801,26.67338447570801,26.451009941101074,26.213165893554688,0.014824467739239542,0.01596232778463627,0.309390866209327,0.009668695083423273,32709420.0
2026-04-10,26.027530670166016,26.45294401944601,25.88250393685453,26.414269240368306,27882400,26.31758499145508,27.149072647094727,26.394933700561523,26.588302921445752,27.3714470879045,26.50128750636344,26.278912055236425,26.868687883489997,26.104880213611874,26.30791629637166,27.06205624084483,26.298250434321705,-0.011021312228429836,-0.011082496862018084,-0.00910079340913128,0.0111630539711709,26.402667236328124,26.453910446166994,26.233663024902345,0.014816205879775583,0.01573095089373121,0.5704400825914817,-0.3867385702022901,32101780.0
2026-04-13,26.43360710144043,26.65598155275918,25.79548798819489,25.940514724093426,44156200,26.027530670166016,27.603492736816406,25.969520568847656,26.45294401944601,27.690509150990152,26.22090110266826,25.88250393685453,27.110402181985283,25.747144275469637,26.414269240368306,27.33277664304482,26.21123240781574,0.015601803967514982,0.015481347104700643,-0.011021312228429836,0.016737959915927636,26.307916259765626,26.49065065383911,26.257640800476075,0.01777427720387279,0.01587909095674381,0.8604935645642904,0.4930923773470042,35899160.0
2026-04-14,26.21123313903809,26.40460150913802,26.182227053671333,26.29824955102332,24558900,26.43360710144043,27.38111686706543,25.698802947998047,26.65598155275918,27.79686152581427,26.375596842725837,25.79548798819489,27.28443176250047,25.698802947998047,25.940514724093426,27.55514968645936,26.12421630594451,-0.00841254701066596,-0.008448132199527556,0.015601803967514982,-0.008056077246137106,26.3098503112793,26.514821910858153,26.270596542358398,0.013273889847333306,0.016034351114342756,0.2223744554666851,-0.08701641198523191,31486840.0
2026-04-15,26.2885799407959,26.452944063922597,26.07587234374078,26.27891124601021,29648900,26.21123313903809,26.90736198425293,25.727807998657227,26.40460150913802,27.294100559849877,25.99852407037374,26.182227053671333,26.88802459444433,25.64079159157265,26.29824955102332,27.255427624347675,25.8148244057418,0.0029509028189371733,0.002946557451619364,-0.00841254701066596,-0.017302248301724443,26.2557071685791,26.502252864837647,26.280845108032228,0.011261227474935609,0.014357199967203126,0.3770717201818172,0.009668694785688103,30658800.0
2026-04-16,26.31758499145508,26.568965531278916,26.24990596998617,26.30791629637166,21905300,26.2885799407959,26.201562881469727,26.53996086120605,26.452944063922597,26.76233425631528,26.839683027487865,26.07587234374078,25.89217203246734,25.93084598960028,26.27891124601021,26.7429968672239,25.93084598960028,0.0011033327294400763,0.0011027245052254945,0.0029509028189371733,-0.02623070604975175,26.2557071685791,26.497418689727784,26.308883666992188,0.010554286513397605,0.014323241819431549,0.3190595612927467,0.009668695083423273,29630340.0
2026-04-17,26.646312713623047,26.752666513293445,26.22090120317143,26.423938263507655,30080400,26.31758499145508,26.559295654296875,26.414268493652344,26.568965531278916,26.578633043603197,26.472278816514027,26.24990596998617,26.07587198632858,25.950182222529047,26.30791629637166,26.346589904272204,26.24023568095238,0.012490801199072754,0.012413434721802452,0.0011033327294400763,0.013653108192265284,26.379463577270506,26.50467004776001,26.323966445922853,0.009584742822220898,0.014582735633876924,0.5317653101220152,0.22237445011539236,30069940.0
2026-04-20,26.60763931274414,26.926698862059183,26.59797061802369,26.67531833167234,25023000,26.646312713623047,26.31758499145508,26.50128555297852,26.752666513293445,26.588302921445752,26.81067640801725,26.22090120317143,26.278912055236425,26.346590125459144,26.423938263507655,26.30791629637166,26.385264904396465,-0.0014513603174496348,-0.0014524145610168224,0.012490801199072754,-0.00910079340913128,26.41427001953125,26.531258392333985,26.343883514404297,0.007581147358209839,0.014073694029799447,0.32872824403549217,-0.0676790189281995,26243300.0
2026-04-21,26.404600143432617,26.704324144374915,26.29824819081868,26.607639042268204,29833000,26.60763931274414,26.027530670166016,26.07587242126465,26.926698862059183,26.45294401944601,26.636643811696736,26.59797061802369,25.88250393685453,25.91150829764929,26.67531833167234,26.414269240368306,26.501285772524675,-0.007630859954354308,-0.007660123934119528,-0.0014513603174496348,-0.011021312228429836,26.452943420410158,26.55736322402954,26.345623817443848,0.007333877378604305,0.014080632218431996,0.40607595355623616,-0.20303889883558668,27298120.0
2026-04-22,25.911508560180664,26.4819486512068,25.853498234821316,26.443275715672225,35246800,26.404600143432617,26.43360710144043,25.882503509521484,26.704324144374915,26.65598155275918,26.28857946255811,26.29824819081868,25.79548798819489,25.74714362909932,26.607639042268204,25.940514724093426,26.133884037031294,-0.01867445750261043,-0.018851026864186857,-0.007630859954354308,0.015601803967514982,26.37752914428711,26.549628448486327,26.34078956604004,0.011469456847427714,0.014669201019688863,0.6284504163854834,-0.5317671554915613,28417700.0
2026-04-23,25.785818099975582,25.94051352365726,25.505431491980737,25.87283450631089,38718400,25.911508560180664,26.21123313903809,26.06620407104492,26.4819486512068,26.40460150913802,26.230568196833165,25.853498234821316,26.182227053671333,25.56344484285294,26.443275715672225,26.29824955102332,25.718140273698936,-0.004850758106698438,-0.004862561218633126,-0.01867445750261043,-0.00841254701066596,26.27117576599121,26.520139503479005,26.322612800598144,0.0112659443018457,0.014419757764979032,0.43508203167652226,-0.08701640633530872,31780320.0
2026-04-24,26.10487937927246,26.39493285695169,25.69880340405251,25.805157206455245,42500200,25.785818099975582,26.2885799407959,26.37559700012207,25.94051352365726,26.452944063922597,26.61730884337941,25.505431491980737,26.07587234374078,26.14355385188883,25.87283450631089,26.27891124601021,26.27891189399613,0.01237351780191065,0.012297591505846996,-0.004850758106698438,0.0029509028189371733,26.162889099121095,26.492584323883058,26.30849685668945,0.01122300474769969,0.014498998932651443,0.6961294528991822,0.2997221728172157,34264280.0
2026-04-27,25.90184211730957,26.443276132125533,25.90184211730957,26.162889507595377,34764200,26.10487937927246,26.31758499145508,26.655982971191406,26.39493285695169,26.568965531278916,26.88802612979966,25.69880340405251,26.24990596998617,26.336923397590667,25.805157206455245,26.30791629637166,26.346592093047065,-0.0077777513932549835,-0.007808155856467696,0.01237351780191065,0.0011033327294400763,26.02172966003418,26.480498790740967,26.29534778594971,0.011213859682520436,0.013955190552920584,0.5414340148159624,-0.2610473902858068,36212520.0
2026-04-28,25.60211753845215,26.66564999863254,25.447422109056635,26.61730836848956,58079000,25.90184211730957,26.646312713623047,26.143552780151367,26.443276132125533,26.752666513293445,26.84935089094147,25.90184211730957,26.22090120317143,26.124215390895905,26.162889507595377,26.423938263507655,26.81067611243053,-0.011571554544266283,-0.011639025986235787,-0.0077777513932549835,0.012490801199072754,25.861233139038085,26.418137073516846,26.274077110290527,0.011550987029658843,0.012570218375843833,1.2182278895759033,-1.0151908300374117,41861720.0
2026-04-29,25.38941192626953,25.66979670207623,25.33140160095004,25.48609703121201,29969700,25.60211753845215,26.60763931274414,26.84935188293457,26.66564999863254,26.926698862059183,26.89769351374436,25.447422109056635,26.59797061802369,26.249905702672145,26.61730836848956,26.67531833167234,26.510954934921024,-0.008308125758080487,-0.008342830589967858,-0.011571554544266283,-0.0014513603174496348,25.75681381225586,26.330154037475587,26.252613067626953,0.009473278717127574,0.012221795123284744,0.33839510112618854,-0.0966851049424804,40806300.0
2026-04-30,25.8148250579834,26.01786211690075,25.40874909603372,25.515101050845917,39082900,25.38941192626953,26.404600143432617,27.149072647094727,25.66979670207623,26.704324144374915,27.3714470879045,25.33140160095004,26.29824819081868,26.868687883489997,25.48609703121201,26.607639042268204,27.06205624084483,0.016755533091875385,0.016616707729780158,-0.008308125758080487,-0.007630859954354308,25.762615203857422,26.240720653533934,26.239657287597655,0.013198844118828363,0.012223310087448442,0.6091130208670315,0.29972400713748115,40879200.0
2026-05-01,25.457090377807617,25.727808296775983,25.418417443163538,25.718139602086225,29318700,25.8148250579834,25.911508560180664,27.603492736816406,26.01786211690075,26.4819486512068,27.690509150990152,25.40874909603372,25.853498234821316,27.110402181985283,25.515101050845917,26.443275715672225,27.33277664304482,-0.013857722427801256,-0.013954637048852518,0.016755533091875385,-0.01867445750261043,25.633057403564454,26.144519329071045,26.229408683776857,0.012385433362141863,0.012410209521273103,0.3093908536124452,-0.261049224278608,38242900.0
2026-05-04,25.42808532714844,25.63112423565505,25.28305858913801,25.37007500076728,34583400,25.457090377807617,25.785818099975582,27.38111686706543,25.727808296775983,25.94051352365726,27.79686152581427,25.418417443163538,25.505431491980737,27.28443176250047,25.718139602086225,25.87283450631089,27.55514968645936,-0.0011393702197978195,-0.0011400197954983824,-0.013857722427801256,-0.004850758106698438,25.538306045532227,26.07055549621582,26.222640724182128,0.012362569372514535,0.011987492929412279,0.3480656465170391,0.05801032638116155,38206740.0
2026-05-05,25.5731143951416,25.86316787667322,25.147701023995506,25.70847244064101,57656100,25.42808532714844,26.10487937927246,26.90736198425293,25.63112423565505,26.39493285695169,27.294100559849877,25.28305858913801,25.69880340405251,26.88802459444433,25.37007500076728,25.805157206455245,27.255427624347675,0.005703499344416496,0.005687295973446827,-0.0011393702197978195,0.01237351780191065,25.532505416870116,26.039133071899414,26.210845222473143,0.011994729851288374,0.010759921108804249,0.7154668526777144,-0.13535804549940877,38122160.0
2026-05-06,25.65046119689941,25.795487932484733,25.341068491771736,25.67946543754748,40357100,25.5731143951416,25.90184211730957,26.201562881469727,25.86316787667322,26.443276132125533,26.76233425631528,25.147701023995506,25.90184211730957,25.89217203246734,25.70847244064101,26.162889507595377,26.7429968672239,0.003024535868517475,0.0030199711616711203,0.005703499344416496,-0.0077777513932549835,25.584715270996092,25.99369134902954,26.199049682617186,0.011110434422498145,0.010239793695773151,0.45441944071299645,-0.029004240648070834,40199640.0
2026-05-07,25.60211753845215,25.83416068254542,25.29272667966113,25.63112362300693,48346000,25.65046119689941,25.60211753845215,26.559295654296875,25.795487932484733,26.66564999863254,26.578633043603197,25.341068491771736,25.447422109056635,26.07587198632858,25.67946543754748,26.61730836848956,26.346589904272204,-0.0018847091315888909,-0.001886487430579753,0.003024535868517475,-0.011571554544266283,25.542173767089842,25.957917976379395,26.187254104614258,0.007504460407696728,0.010090963401345635,0.5414340028842908,-0.029006084554779932,42052260.0
2026-05-08,25.23847961425781,25.7495396141297,25.159855143089462,25.710226441267896,38903400,25.60211753845215,25.38941192626953,26.31758499145508,25.83416068254542,25.66979670207623,26.588302921445752,25.29272667966113,25.33140160095004,26.278912055236425,25.63112362300693,25.48609703121201,26.30791629637166,-0.014203431557885282,-0.014305265704831963,-0.0018847091315888909,-0.008308125758080487,25.49845161437988,25.918465423583985,26.16799243927002,0.007645542256719937,0.010275233801332528,0.5896844710402362,-0.47174682701008663,43969200.0
2026-05-11,25.36624526977539,25.729884643360105,25.23848119906233,25.346590556665564,43558000,25.23847961425781,25.8148250579834,26.027530670166016,25.7495396141297,26.01786211690075,26.45294401944601,25.159855143089462,25.40874909603372,25.88250393685453,25.710226441267896,25.515101050845917,26.414269240368306,0.0050623356664243335,0.005049565126265564,-0.014203431557885282,0.016755533091875385,25.48608360290527,25.865097332000733,26.140650749206543,0.008239214339083287,0.009600770226091298,0.4914034442977737,0.01965471310982636,45764120.0
2026-05-12,25.42521476745605,25.641431605850894,25.29744882352088,25.37607329880585,26819500,25.36624526977539,25.457090377807617,26.43360710144043,25.729884643360105,25.727808296775983,26.65598155275918,25.23848119906233,25.418417443163538,25.79548798819489,25.346590556665564,25.718139602086225,25.940514724093426,0.002324723152895114,0.002322025164601169,0.0050623356664243335,-0.013857722427801256,25.45650367736816,25.82579641342163,26.122029876708986,0.007730206319781915,0.009524094614866516,0.3439827823300128,0.04914146865020186,39596800.0
2026-05-13,25.5136661529541,25.641432099348275,25.199168245761356,25.356417199357725,39420000,25.42521476745605,25.42808532714844,26.21123313903809,25.641431605850894,25.63112423565505,26.40460150913802,25.29744882352088,25.28305858913801,26.182227053671333,25.37607329880585,25.37007500076728,26.29824955102332,0.0034788844974189548,0.003472847176788072,0.002324723152895114,-0.0011393702197978195,25.429144668579102,25.78705072402954,26.118327140808105,0.007793740195403573,0.009537738947736936,0.442263853586919,0.15724895359637614,39409380.0
2026-05-14,25.307275772094727,25.651258536141047,25.27779089247181,25.62177365651813,24102700,25.5136661529541,25.5731143951416,26.2885799407959,25.641432099348275,25.86316787667322,26.452944063922597,25.199168245761356,25.147701023995506,26.07587234374078,25.356417199357725,25.70847244064101,26.27891124601021,-0.008089405090670465,-0.008122301858331396,0.0034788844974189548,0.005703499344416496,25.370176315307617,25.736535263061523,26.10972309112549,0.00842904772172817,0.009629197409662279,0.3734676436692368,-0.3144978844234032,34560720.0
2026-05-15,24.89449691772461,25.385900332503663,24.80604415309996,25.307275861121227,37110100,25.307275772094727,25.65046119689941,26.31758499145508,25.651258536141047,25.795487932484733,26.568965531278916,25.27779089247181,25.341068491771736,26.24990596998617,25.62177365651813,25.67946543754748,26.30791629637166,-0.01631067911407802,-0.01644516259033852,-0.008089405090670465,0.003024535868517475,25.301379776000978,25.648944473266603,26.093056869506835,0.009192066571936067,0.009514956879040396,0.579856179403702,-0.41277894339661714,34202060.0
2026-05-18,24.89449691772461,24.953464802622623,24.75690456144416,24.8846686244824,34111300,24.89449691772461,25.60211753845215,26.646312713623047,25.385900332503663,25.83416068254542,26.752666513293445,24.80604415309996,25.29272667966113,26.22090120317143,25.307275861121227,25.63112362300693,26.423938263507655,0.0,0.0,-0.01631067911407802,-0.0018847091315888909,25.20703010559082,25.563287353515626,26.067882385253906,0.008363879406702393,0.009535722228814629,0.1965602411784637,0.00982829324220802,32312720.0
2026-05-19,25.21882438659668,25.513665700724975,24.806045422083848,24.865013309998435,41036700,24.89449691772461,25.23847961425781,26.60763931274414,24.953464802622623,25.7495396141297,26.926698862059183,24.75690456144416,25.159855143089462,26.59797061802369,24.8846686244824,25.710226441267896,26.67531833167234,0.013028078853891234,0.012943943395614822,0.0,-0.014203431557885282,25.165752029418947,25.50399856567383,26.053835334777833,0.011189838386808499,0.010139302975690356,0.7076202786411265,0.3538110765982445,35156160.0
2026-05-20,25.346590042114254,25.582463465642167,25.228652393072636,25.317105161215014,35574200,25.21882438659668,25.36624526977539,26.404600143432617,25.513665700724975,25.729884643360105,26.704324144374915,24.806045422083848,25.23848119906233,26.29824819081868,24.865013309998435,25.346590556665564,26.607639042268204,0.0050662811857906664,0.005053490764986649,0.013028078853891234,0.0050623356664243335,25.132336807250976,25.47575263977051,26.035575637817384,0.011389933495316184,0.009483199758794995,0.35381107256953115,0.02948488089923984,34387000.0
2026-05-21,25.50383949279785,25.513665912068884,25.130371825615985,25.32693395303332,20181500,25.346590042114254,25.42521476745605,25.911508560180664,25.582463465642167,25.641431605850894,26.4819486512068,25.228652393072636,25.29744882352088,25.853498234821316,25.317105161215014,25.37607329880585,26.443275715672225,0.006203968676745886,0.006184803289868667,0.0050662811857906664,0.002324723152895114,25.171649551391603,25.46165370941162,26.01775375366211,0.011035907472283125,0.009572298627617087,0.3832940864528993,0.17690553976453316,33602760.0
2026-05-22,25.45469665527344,25.700398364059,25.31710429821121,25.55297771369872,22320000,25.50383949279785,25.5136661529541,25.785818099975582,25.513665912068884,25.641432099348275,25.94051352365726,25.130371825615985,25.199168245761356,25.505431491980737,25.32693395303332,25.356417199357725,25.87283450631089,-0.001926879971868134,-0.0019287387932821107,0.006203968676745886,0.0034788844974189548,25.283689498901367,25.42914457321167,26.007457275390625,0.005863100580295276,0.009081093668904163,0.38329406584779235,-0.0982810584252789,30644740.0
2026-05-26,25.40555763244629,25.454697225482064,25.218823804710773,25.42521421948273,29084700,25.45469665527344,25.307275772094727,26.10487937927246,25.700398364059,25.651258536141047,26.39493285695169,25.31710429821121,25.27779089247181,25.69880340405251,25.55297771369872,25.62177365651813,25.805157206455245,-0.0019304501441376187,-0.0019323158645239134,-0.001926879971868134,-0.008089405090670465,25.385901641845702,25.404330348968507,26.00159236907959,0.00628012520669845,0.008952102994124758,0.23587342077129136,-0.019656587036440243,29639420.0
2026-05-27,25.759366989135746,26.08369505362089,25.40555779302024,25.40555779302024,39024700,25.40555763244629,24.89449691772461,25.90184211730957,25.454697225482064,25.385900332503663,26.443276132125533,25.218823804710773,24.80604415309996,25.90184211730957,25.42521421948273,25.307275861121227,26.162889507595377,0.013926455061848086,0.0138303730137936,-0.0019304501441376187,-0.01631067911407802,25.494010162353515,25.412192821502686,26.00222354888916,0.006604322518769417,0.009169634986817688,0.6781372606006499,0.3538091961155061,29237020.0
2026-05-28,25.690570831298828,25.82816506698964,25.56280676375236,25.720055712065857,25651800,25.759366989135746,24.89449691772461,25.60211753845215,26.08369505362089,24.953464802622623,26.66564999863254,25.40555779302024,24.75690456144416,25.447422109056635,25.40555779302024,24.8846686244824,26.61730836848956,-0.002670723929898311,-0.0026742966756827247,0.013926455061848086,0.0,25.56280632019043,25.42725076675415,25.985235748291014,0.0072457359214766395,0.008974166550417523,0.2653583032372815,-0.029484880767029154,27252540.0
2026-05-29,25.729883193969727,25.78885107908824,25.48418148566147,25.73971148724869,48284200,25.690570831298828,25.21882438659668,25.38941192626953,25.82816506698964,25.513665700724975,25.66979670207623,25.56280676375236,24.806045422083848,25.33140160095004,25.720055712065857,24.865013309998435,25.48609703121201,0.001530225347231351,0.0015290557454422048,-0.002670723929898311,0.013028078853891234,25.608015060424805,25.423003673553467,25.971548042297364,0.006980614889661525,0.008141205244738083,0.3046695934267696,-0.009828293278964395,32873080.0
