Price,Close,High,Low,Open,Volume
Ticker,AVGO,AVGO,AVGO,AVGO,AVGO
Date,,,,,
2020-01-02,27.633758544921875,27.643188589630423,27.199183566746946,27.370613212725466,20329000
2020-01-03,26.930896759033203,27.42890222888244,26.921468348553542,27.215470612565635,22870000
2020-01-06,26.890613555908203,26.907757014569146,26.540037510275827,26.644609992283268,20789000
2020-01-07,26.79804039001465,27.13575964929213,26.76461179101941,27.02175712390762,18565000
2020-01-08,26.463747024536133,26.87089510085018,26.43546015946634,26.827179779783187,31979000
2020-01-09,26.251171112060547,26.828035452413243,25.97602569161084,26.770606677016698,42397000
2020-01-10,25.647737503051758,26.190314954018124,25.611735592544367,26.181743226267784,40705000
2020-01-13,25.815738677978516,26.040312058465698,25.686307714863197,25.71630957930501,22054000
2020-01-14,26.41574478149414,26.498888736403998,25.85088055141145,25.886024142231456,28911000
2020-01-15,25.983736038208008,26.390027369018377,25.77459114524367,26.341170326811582,22733000
2020-01-16,26.318885803222656,26.38831466790237,26.07545398338419,26.14316948356478,21508000
2020-01-17,26.46803092956543,26.480887703193684,26.063454552512766,26.4568875204797,26896000
2020-01-21,26.406312942504883,26.5297438431096,26.257168497108104,26.383171079169962,21967000
2020-01-22,26.826322555541992,27.250612443898348,26.6146043176194,26.640319500355186,29264000
2020-01-23,27.39889907836914,27.411755851754183,26.642033385145346,27.015751209574837,30266000
2020-01-24,27.771759033203125,28.421480522485904,27.49489701331414,28.32890653187382,55782000
2020-01-27,26.48859977722168,27.41861165774362,26.455171188603828,27.121179453993978,38843000
2020-01-28,27.284040451049805,27.362899362145306,26.809178524601304,26.874322344887634,23166000
2020-01-29,27.21546745300293,27.894332547405913,27.183753860970377,27.499186226140843,23668000
2020-01-30,27.01746368408203,27.04489222768872,26.450884502487252,26.942033145551584,21128000
2020-01-31,26.15688133239746,26.96431896655287,26.02487871228334,26.92831869785527,22123000
2020-02-03,26.162885665893555,26.28031489948187,26.026597977832115,26.197170941034944,21288000
2020-02-04,26.708887100219727,26.963462297435267,26.54174252836024,26.725173870289606,22559000
2020-02-05,27.20433235168457,27.41262063105034,27.074044683051294,27.214617445839217,24825000
2020-02-06,27.402328491210938,27.418615264019245,26.934323284336934,27.329471259387066,22683000
2020-02-07,27.02003288269043,27.302034971978358,26.989174343439984,27.284893155605328,15883000
2020-02-10,26.931751251220703,26.966036526075854,26.59746205565624,26.774891745428064,19218000
2020-02-11,27.442611694335938,27.4966121023203,27.086894020438596,27.141752745534426,15527000
2020-02-12,27.83176612854004,27.865193089970134,27.56861750006184,27.603761096017106,15310000
2020-02-13,27.769187927246094,27.896905515587562,27.510329291397937,27.55575633837254,13857000
2020-02-14,27.237756729125977,27.917478567130182,27.180326315605168,27.843764649889625,19137000
2020-02-18,26.636032104492188,27.00117818477023,26.4046003849539,27.000321502554897,26693000
2020-02-19,27.059465408325195,27.15718113272194,26.717461190381453,26.828890369850892,20525000
2020-02-20,26.50659942626953,27.059463508594156,26.23916745245047,26.911175750525608,25521000
2020-02-21,26.10031509399414,26.52460500432831,25.9108836649415,26.44317604044851,24522000
2020-02-24,24.994585037231445,25.61173469973339,24.86258403123546,25.217445046301833,36849000
2020-02-25,24.23000717163086,25.34859239683107,24.092006103429423,25.209733011359102,31892000
2020-02-26,24.504291534423828,24.70315134855205,24.343146991822092,24.37314721864211,23074000
2020-02-27,23.481708526611328,24.455434130412865,23.446564937169384,24.026000917185428,34837000
2020-02-28,23.367706298828125,23.4971372497386,22.520839953236173,22.571411997553497,44586000
2020-03-02,24.426294326782227,24.46315292118583,23.241708639816494,23.722572287523512,31976000
2020-03-03,23.507423400878906,24.727152564828447,23.277706668090765,24.398863420522215,29930000
2020-03-04,24.467437744140625,24.490581246363195,23.551997461963005,23.789429260548733,23477000
2020-03-05,23.489425659179688,24.265149891820077,23.35313959554988,23.765429420507505,24374000
2020-03-06,23.095991134643555,23.222850414295955,22.500269962921905,22.88427453105175,30169000
2020-03-09,21.233402252197266,22.30913062276198,20.935969934899685,21.52140615729961,43934000
2020-03-10,22.534555435180664,22.601412617357646,20.863106262078865,21.99369139275677,55071000
2020-03-11,21.083398818969727,21.985124086791156,20.785109851014713,21.761407360824894,36030000
2020-03-12,18.752796173095703,20.8082483337408,18.541936257169255,19.45651815186198,64281000
2020-03-13,20.076244354248047,20.09767285870592,17.242494259541452,19.329663618518257,84714000
2020-03-16,16.07847785949707,18.754509699685592,15.448471422867854,17.84421447826385,76935000
2020-03-17,17.101062774658203,17.143919778442584,15.55561606815247,16.441911135389905,70662000
2020-03-18,14.389030456542969,16.06990652401957,13.343303387195418,15.913905331212238,98993000
2020-03-19,16.66734504699707,17.78335864199532,14.143028932453667,14.369317343056442,74438000
2020-03-20,16.756261825561523,18.191117993267245,16.380549375760804,17.608807590825272,74044000
2020-03-23,16.865222930908203,17.08315365433427,15.494874103057693,16.813791266878216,46921000
2020-03-24,18.546775817871094,19.06545201332687,17.546910198971727,17.926109199191703,62970000
2020-03-25,18.964330673217773,21.270038108146263,18.238187011481305,18.497087817698336,64442000
2020-03-26,21.19768524169922,21.33977616733869,19.703553243706345,19.703553243706345,60213000
2020-03-27,20.109777450561523,21.103541106419513,20.04962835268049,20.311144579165344,39448000
2020-03-30,20.930940628051758,21.03990600281427,19.913640048886165,20.241407417320065,52343000
2020-03-31,20.66855239868164,22.029312777024863,20.57789478575082,20.747007604986155,50191000
2020-04-01,19.49433708190918,20.43405345736418,19.150006188394386,19.87440726558255,41858000
2020-04-02,20.665058135986328,20.742642069485576,19.30429992230237,19.3871129816611,45049000
2020-04-03,20.420984268188477,21.143641411445028,20.097574770560644,20.628453445324993,28960000
2020-04-06,22.005773544311523,22.090330776284194,21.23168480713558,21.32059992224889,38868000
2020-04-07,22.078123092651367,23.144239706044544,22.013616124120578,22.82518983918875,45892000
2020-04-08,22.760683059692383,22.856571437995765,22.11037759188984,22.38322659149695,27565000
2020-04-09,22.167909622192383,23.318583377010594,21.907264708235772,23.169519200290775,34828000
2020-04-13,22.657819747924805,22.797295264294704,22.037153201274965,22.09817353185188,25729000
2020-04-14,23.329925537109375,23.395303771402215,22.867040455539122,23.198294498923786,23094000
2020-04-15,22.441635131835938,22.86703668884603,22.330054368313952,22.75196928625767,25926000
2020-04-16,22.515727996826172,22.818215906552332,22.15134685219633,22.818215906552332,26896000
2020-04-17,23.177366256713867,23.312483895237996,22.57239039400747,22.94548899259555,34089000
2020-04-20,22.514860153198242,23.1233227478544,22.482607493946535,22.664797275891328,23801000
2020-04-21,21.58821678161621,22.2106275352938,21.514121134248594,22.190577283709423,29138000
2020-04-22,22.662181854248047,22.858319855287405,21.857581259266787,22.208885510219222,35438000
2020-04-23,22.571523666381836,23.11809470042926,22.53578270361955,22.68659107747817,21659000
2020-04-24,23.084096908569336,23.106760894554075,22.567164824744754,22.64823542063866,23373000
2020-04-27,23.40140151977539,23.64286914447041,23.043995250535353,23.043995250535353,16588000
2020-04-28,23.077117919921875,24.095291201355888,23.02394377212285,23.90612651078202,18988000
2020-04-29,24.061294555664062,24.145851782303815,23.469395631865247,23.630663900770973,28871000
2020-04-30,23.677738189697266,23.889566882860393,23.43191102619772,23.844237251758006,23379000
2020-05-01,22.638643264770508,23.349097898538638,22.507885161438086,23.187829626517967,26836000
2020-05-04,22.861804962158203,22.876624424592773,22.256829047921325,22.59592920775594,17046000
2020-05-05,23.089324951171875,23.44411582653926,22.988205769096197,23.23577542844645,26462000
2020-05-06,23.029170989990234,23.578357254042707,22.980354728772983,23.390936729624077,22727000
2020-05-07,23.340383529663086,23.577493295139675,23.187832666223866,23.536521541713306,18238000
2020-05-08,23.974994659423828,24.020324289210386,23.53913321824833,23.72829625902949,16757000
2020-05-11,24.007244110107422,24.124053968350804,23.68906385940849,23.83028350967611,20851000
2020-05-12,23.40140151977539,24.20948871794758,23.381352929843885,24.110113687011587,18764000
2020-05-13,22.939388275146484,23.56528566819329,22.609005553150716,23.54262002180167,21927000
2020-05-14,23.24013900756836,23.27064918475353,22.207147542076342,22.748487870058828,19912000
2020-05-15,22.70053482055664,23.018713457983875,22.383227427118705,22.614233447914515,21650000
2020-05-18,23.844242095947266,24.123193217039898,23.36217800634573,23.416225077026397,26531000
2020-05-19,23.706510543823242,24.062174409895825,23.67687161120387,23.84424362473447,18702000
2020-05-20,24.29317855834961,24.52244215156595,24.066530360469553,24.14411432561997,18605000
2020-05-21,23.954946517944336,24.364657372852,23.941871205614802,24.3140969490691,14847000
2020-05-22,24.1162166595459,24.16851957197094,23.58097847893482,23.86254495713105,17452000
2020-05-26,24.58432388305664,25.02628727596565,24.5294055910638,24.844097546525525,23573000
2020-05-27,25.069881439208984,25.088187541672955,24.40824303012621,24.67150340556974,22812000
2020-05-28,24.681961059570312,25.218943341296704,24.620069479585723,24.84410223453639,18543000
2020-05-29,25.390674591064453,25.45431032531074,24.57474120696553,24.661042588776564,27300000
2020-06-01,25.279094696044922,25.375855998194027,25.050702375122356,25.316578145004463,18444000
2020-06-02,25.982568740844727,26.005234384218472,25.28780658245101,25.36974840334217,31847000
2020-06-03,26.98243522644043,27.0975026101605,26.196142546139487,26.24321465983626,31926000
2020-06-04,26.926647186279297,27.284924667437604,26.33474662348283,26.652926928377624,34997000
2020-06-05,27.64059066772461,28.602101612736718,27.46711832439177,27.868981315910982,50958000
2020-06-08,27.67894744873047,27.79401485001168,27.31631038707341,27.677203297877305,23916000
2020-06-09,27.487163543701172,27.79749765175776,27.16026748688381,27.197752592276,22335000
2020-06-10,27.462759017944336,27.826267321248316,27.433120092396386,27.60310746091684,25914000
2020-06-11,25.606857299804688,26.897006647270967,25.57634713475969,26.81593606757456,45115000
2020-06-12,26.173479080200195,26.496017276648836,25.517944433627864,26.397511833250054,39439000
2020-06-15,26.50821876525879,26.74009601734976,25.49004551855224,25.715822400372726,29824000
2020-06-16,27.086170196533203,27.420039510116933,26.50037172689422,27.023405718497763,30387000
2020-06-17,27.32328224182129,27.60833533523557,27.179448829052017,27.32153809105898,20279000
2020-06-18,27.782682418823242,27.818423379042002,27.15591373688505,27.20821664838493,33625000
2020-06-19,26.665071487426758,28.0151896754956,26.665071487426758,27.978200274162973,58465000
2020-06-22,27.613584518432617,27.669948830836994,26.73200057846819,26.905497974974534,27195000
2020-06-23,27.416303634643555,27.957055953005906,27.415423414786567,27.747449400038942,22419000
2020-06-24,27.03496551513672,27.387246705990748,26.818312120813957,27.231362090059303,19096000
2020-06-25,27.200536727905273,27.256020824726004,26.685324137781485,26.95482096203943,15029000
2020-06-26,27.073715209960938,27.81086420682508,26.698536541610355,27.616229752813023,31425000
2020-06-29,27.282445907592773,27.337930011255786,26.813029896929333,27.131844277868176,14516000
2020-06-30,27.7958927154541,27.924475386653288,27.01558776907617,27.29741438960632,25125000
2020-07-01,27.542251586914062,27.905100463969394,27.47267556754999,27.751858185244497,15661000
2020-07-02,27.7835636138916,28.127917779059953,27.712225477116398,27.984362965302015,16638000
2020-07-06,28.075952529907227,28.26970673595276,27.94825009237748,28.18251793116541,17561000
2020-07-07,27.576595306396484,28.020469728905,27.526394213013297,27.94825137833682,16150000
2020-07-08,28.144651412963867,28.168429111551493,27.664667784469913,27.84256965282886,18023000
2020-07-09,28.31462860107422,28.563865250809005,27.764187044569326,28.183401906837563,25225000
2020-07-10,28.133201599121094,28.44585103604195,27.7809204251392,28.35073688286644,13280000
2020-07-13,27.41718864440918,28.493408724456433,27.35289731156962,28.330477322751833,21549000
2020-07-14,27.749208450317383,27.84960894267988,26.87819230983832,27.212860617713304,18363000
2020-07-15,27.634721755981445,27.986122690645214,27.316787656990847,27.825833631428747,15253000
2020-07-16,27.419828414916992,27.64352688905565,27.240164451821226,27.35553708810138,12929000
2020-07-17,27.540491104125977,27.760667075351368,27.301820431948503,27.66731335049114,13354000
2020-07-20,27.929758071899414,27.975554708241294,27.324714340195754,27.464746588984656,14323000
2020-07-21,27.68404197692871,28.114706397335624,27.536964610421002,28.114706397335624,14312000
2020-07-22,27.636484146118164,27.802057896285415,27.33440406361005,27.74304955986577,14404000
2020-07-23,27.272748947143555,27.838160862050064,27.15913843224612,27.59861003497654,19417000
2020-07-24,26.93103790283203,27.38195741523134,26.78924355052649,27.001494129138454,15631000
2020-07-27,27.5378475189209,27.562507119075384,27.080763016193618,27.15209947666777,20646000
2020-07-28,27.06842613220215,27.487640904927524,26.96362117916418,27.40573510593122,13974000
2020-07-29,27.200536727905273,27.410143315894693,27.076356835157096,27.17235456949288,16562000
2020-07-30,27.48676300048828,27.55986157238642,26.949534859767557,26.949534859767557,21259000
2020-07-31,27.896284103393555,28.041600994561318,27.42510784141536,27.71573994394218,24719000
2020-08-03,28.29084587097168,28.489883079175772,27.942967506953227,28.006376936897933,20796000
2020-08-04,28.921428680419922,28.93904315712214,28.216866410420785,28.22655218885536,25258000
2020-08-05,29.022708892822266,29.202374546662533,28.693328580017866,28.90910004899373,22299000
2020-08-06,28.989242553710938,29.14072436558136,28.658978674846697,28.866824796365812,14193000
2020-08-07,28.70477867126465,29.039447068022913,28.312865734905277,28.92143374901546,14192000
2020-08-10,28.830720901489258,28.998933641340173,28.54008702226213,28.55418062196803,11989000
2020-08-11,28.53744125366211,29.35561572545631,28.42559285380101,28.849210437211006,19316000
2020-08-12,29.383800506591797,29.581080659502987,28.65457853165713,28.697732830189924,18471000
2020-08-13,29.01214599609375,29.363545283140898,28.873874181408542,29.25786176698198,15095000
2020-08-14,28.871231079101562,29.050013157388193,28.7109403389506,28.88884219728964,10140000
2020-08-17,29.091407775878906,29.220870663553733,28.97515490700095,29.020069642833953,10594000
2020-08-18,28.943452835083008,29.343294519534098,28.899418310085107,29.227041626537805,8857000
2020-08-19,28.993648529052734,29.335358644001,28.908220160411148,29.016544326295634,11273000
2020-08-20,28.96017837524414,29.062340995782485,28.71622308148994,28.85977955410014,8910000
2020-08-21,29.064987182617188,29.1037403823939,28.62287482216496,28.913508702206915,11508000
2020-08-24,29.415510177612305,29.608382521605076,29.163626132976205,29.240248954301137,11996000
2020-08-25,29.603975296020508,29.687643229725538,29.327435036340848,29.503576463269095,11140000
2020-08-26,29.914859771728516,30.076910935088165,29.372348693480028,29.48067284938767,14844000
2020-08-27,29.868186950683594,30.058418602895852,29.60397314963842,29.987080473459493,12552000
2020-08-28,30.368425369262695,30.368425369262695,29.741366072470296,29.855858500785867,14589000
2020-08-31,30.573625564575195,30.875705581972234,30.25393107204928,30.25393107204928,22229000
2020-09-01,31.664810180664062,31.88763005897997,30.59739938653876,30.82462036312516,29205000
2020-09-02,33.02727127075195,33.375149659640975,32.01974528082374,32.22142652280465,37053000
2020-09-03,31.00868797302246,32.489150282498215,30.838711505497052,32.234629050667216,41795000
2020-09-04,31.965133666992188,32.80884782736844,31.13286908277274,31.79075608458531,58514000
2020-09-08,30.872196197509766,31.94753628324812,30.824637432915786,31.058903656081814,26685000
2020-09-09,31.70797348022461,31.868264212523503,30.92150707443187,31.367143598205985,26273000
2020-09-10,31.44817543029785,32.39493280699964,31.211265191186126,31.892931846258936,22851000
2020-09-11,31.678913116455078,32.081391992178695,31.236797467671693,31.749367665347805,17362000
2020-09-14,31.899085998535156,32.2240651754415,31.648085602738046,32.09372208867061,16447000
2020-09-15,32.313899993896484,32.684674142238556,32.17650842074224,32.260176344396314,16618000
2020-09-16,32.32535171508789,32.76218274452953,32.26458293655054,32.42575391248886,18498000
2020-09-17,32.226707458496094,32.5966047422952,31.264979896006963,31.264979896006963,22862000
2020-09-18,31.681550979614258,32.39580234186989,31.269383001986856,32.33239291750189,35295000
2020-09-21,31.264739990234375,31.279846932898266,30.526201703926528,31.106544263442952,24198000
2020-09-22,32.13570022583008,32.15436353939591,31.36783285444659,31.67178212137323,19500000
2020-09-23,31.246971130371094,32.1019306841646,31.110106813383187,32.010393984668106,15542000
2020-09-24,31.32962417602539,31.77843542547565,31.02478999418694,31.1234394411439,13611000
2020-09-25,31.710002899169922,31.79176551807924,30.952801106014086,31.287855957952093,18183000
2020-09-28,32.64315414428711,32.74358002487016,31.908172443887345,32.143686084841484,22192000
2020-09-29,32.37299346923828,32.95422775930532,32.34899729380333,32.660055939230325,13722000
2020-09-30,32.37833023071289,32.972003412272315,32.14637282397255,32.25657284890853,22403000
2020-10-01,32.75870132446289,32.94622269935787,32.42275830016946,32.79247158074234,16016000
2020-10-02,31.712656021118164,32.43164267183443,31.65222486681418,31.994385553946277,17100000
2020-10-05,32.53652572631836,32.60318139996462,31.985512045322825,32.06905115596407,18923000
2020-10-06,32.34811019897461,33.06087596653887,32.173919249880946,32.5374114839988,16672000
2020-10-07,32.5933952331543,32.870680185000886,32.53296068142219,32.73648062841143,12747000
2020-10-08,33.1790771484375,33.26439613342717,32.73293405264553,32.87335135059921,17045000
2020-10-09,33.47856903076172,33.77185253536114,33.2386141145859,33.410136891071296,17253000
2020-10-12,33.98781967163086,34.22510988841383,33.753194189537446,33.93094148602439,18839000
2020-10-13,33.90427780151367,34.46506885390696,33.64832426652829,34.16379109664495,16731000
2020-10-14,33.79852294921875,34.10424874705671,33.58078426166588,34.08647367599653,17298000
2020-10-15,33.76563262939453,33.81540146002556,33.32926372632836,33.33193185096778,14361000
2020-10-16,33.651878356933594,34.063359479944324,33.607438992332,34.063359479944324,10295000
2020-10-19,33.39591979980469,34.09268682766909,33.34081810944759,33.88205753962962,14803000
2020-10-20,33.50434875488281,33.873170397751004,33.37725854423468,33.50612524460938,13297000
2020-10-21,33.06531524658203,33.49279495499345,32.91067249317791,33.395922020460866,11896000
2020-10-22,33.1826286315918,33.26616772399805,32.62627882106689,32.97910867476212,13547000
2020-10-23,33.12485122680664,33.233278102403084,32.95066034230457,33.17284356158693,8868000
2020-10-26,32.26457214355469,32.87957334568838,31.781990647567756,32.847579573013526,15509000
2020-10-27,31.958839416503906,32.45475465143855,31.925069161062627,32.45475465143855,9620000
2020-10-28,30.857704162597656,31.537584476928366,30.708397644979602,31.461154728218528,22331000
2020-10-29,31.5509090423584,31.944618457764342,30.694169825627235,30.862143016841415,15697000
2020-10-30,31.072782516479492,31.371395594165474,30.609752562901853,31.0514510736457,18530000
2020-11-02,31.216751098632812,31.58468791521635,30.959017678038002,31.55358239136855,11757000
2020-11-03,31.439830780029297,31.926856958487292,30.808830909596953,31.63446495847957,15457000
2020-11-04,32.405879974365234,32.79247674888223,31.740218315450953,32.03705488053453,21277000
2020-11-05,33.849178314208984,34.007370659326675,33.06175939740406,33.09286491949863,21783000
2020-11-06,33.826961517333984,34.09802540024887,33.52034749463566,33.776304432778936,13545000
2020-11-09,33.375484466552734,35.0063089338912,33.32838036341408,34.58060568653178,24088000
2020-11-10,32.272560119628906,33.167514193965715,32.02638070704725,32.91156069861113,26784000
2020-11-11,33.40925216674805,33.51767906405787,32.75425633908691,32.95955277979095,15133000
2020-11-12,32.900901794433594,33.64743778000535,32.73026383536076,33.52568041566175,12160000
2020-11-13,33.19417953491211,33.53456718310205,33.023544978617934,33.3274908544289,10997000
2020-11-16,33.843841552734375,33.893610382347724,33.238614613866886,33.31059973370205,12100000
2020-11-17,33.8251838684082,33.98870908141221,33.50790413659676,33.65276942563896,11950000
2020-11-18,33.826961517333984,34.21089353430098,33.738089558123306,33.7620823427168,13517000
2020-11-19,34.156673431396484,34.20200103738456,33.26972033109767,33.569221555345905,14555000
2020-11-20,34.06781005859375,34.55838913257245,34.011820110861095,34.154905532844545,16140000
2020-11-23,34.393959045410156,34.585036727505354,34.0384645795714,34.249093813140895,12212000
2020-11-24,34.85877227783203,34.91031759580117,34.32108924744854,34.53793962716833,13455000
2020-11-25,34.734352111816406,35.149389583350455,34.571715165668024,34.91298763523641,11787000
2020-11-27,35.10050964355469,35.47555576418936,34.92720697603285,34.94053742888108,6846000
2020-11-30,35.68975067138672,35.74129600648625,34.9041080921559,35.01786787374396,15454000
2020-12-01,35.95547103881836,36.14299239687009,35.559985131561945,35.85682162320169,18181000
2020-12-02,35.88081741333008,36.030123902357666,35.647968451491,35.97057759960379,10031000
2020-12-03,35.53154373168945,36.139438791818456,35.380460754116974,35.9492493124441,16120000
2020-12-04,36.58736038208008,36.651351302271266,35.76172664560325,35.76261828067664,20083000
2020-12-07,37.405879974365234,37.57918262013944,36.73488567981173,37.0077259772924,19707000
2020-12-08,37.629844665527344,37.922236556070494,37.163261861469124,37.262799526334874,18121000
2020-12-09,36.9908447265625,37.868911968915576,36.76421687248804,37.279680226371426,20908000
2020-12-10,36.441612243652344,36.90464209180605,36.26119682671283,36.56603433102607,26244000
2020-12-11,36.066566467285156,36.17143699774187,35.39646028817278,35.904817752059024,26664000
2020-12-14,36.5980339050293,36.82021720780862,36.082567015262164,36.1296711230627,26116000
2020-12-15,37.15437698364258,37.27257797451259,36.7037893142446,36.90730928220438,21207000
2020-12-16,37.762271881103516,37.962235477642984,37.05661553044545,37.149043856586566,23160000
2020-12-17,37.868919372558594,38.216412997228964,37.73116682170291,37.90446951156905,17152000
2020-12-18,38.94987106323242,39.04756602842996,37.82411036690426,38.07507492944579,45243000
2020-12-21,38.44075393676758,38.72040152233448,37.97646625392863,38.3753219612575,19096000
2020-12-22,38.819000244140625,38.85933235856885,38.36188243247849,38.44075845382002,17929000
2020-12-23,38.13423156738281,39.07893531936566,38.100170138361165,38.98930609828821,10533000
2020-12-24,38.67200469970703,38.7204059722037,38.3233418456822,38.40580112011016,4123000
2020-12-28,38.70964813232422,39.19275819020139,38.64421957052815,38.93013787231916,10625000
2020-12-29,38.45509719848633,39.06368950377146,38.25342979387989,39.06368950377146,9593000
2020-12-30,38.97406005859375,39.25818673366443,38.55010445051918,38.690825777681766,10553000
2020-12-31,39.24474334716797,39.303001984418216,38.81451703890098,39.10671287673001,10211000
2021-01-04,38.11271286010742,39.63822495905319,37.75598423526054,39.37739965528717,24171000
2021-01-05,38.370849609375,38.486471079355816,37.85995561577809,38.09747608764428,15069000
2021-01-06,38.13423156738281,38.951661415139405,37.69324855111425,37.94062985131245,17226000
2021-01-07,39.741294860839844,39.848850576113634,38.59492059347721,38.72578112978626,21267000
2021-01-08,39.94295883178711,40.332852967555816,39.31644351034519,40.064857806017606,15271000
2021-01-11,39.953712463378906,40.22439504435058,39.47508499110738,39.492115697535816,11660000
2021-01-12,40.27907943725586,40.760397875780896,39.939381560516594,40.13387904137569,13846000
2021-01-13,40.442203521728516,40.646561772912,40.16435097401692,40.36064006773093,13118000
2021-01-14,40.5192985534668,41.095621181444855,40.45297074547105,40.64836749640361,19692000
2021-01-15,39.96178436279297,40.333752007453995,39.49660427279,40.17062509940383,18165000
2021-01-19,41.16463088989258,41.18435246033598,40.1795917847501,40.1795917847501,18819000
2021-01-20,41.3985710144043,41.74902553406937,40.781912885521834,41.18704279616004,14710000
2021-01-21,41.841346740722656,42.07886723120769,41.26591994757085,41.41918610618319,15749000
2021-01-22,41.68000411987305,41.90677139013087,41.443379484294695,41.56348684779781,16248000
2021-01-25,41.65938949584961,42.12636464743535,40.878708741138944,42.086928348509545,14692000
2021-01-26,41.576934814453125,41.8601657018001,41.398568798056715,41.46758403836115,10742000
2021-01-27,39.85871505737305,40.957583971344896,39.57279332394809,40.83031009536418,21857000
2021-01-28,40.489715576171875,41.09382545747208,40.06755496806063,40.82941690360102,16946000
2021-01-29,40.37857437133789,41.05976867322175,40.121335736080994,40.32479821322902,22069000
2021-02-01,41.83417510986328,42.06542147766694,40.65553425905216,40.8580975020572,17027000
2021-02-02,42.74302673339844,42.751092472777536,41.94710682003486,42.10485886898483,16141000
2021-02-03,41.69524002075195,42.89001551848523,41.64146045526724,42.747502576215005,17857000
2021-02-04,42.182838439941406,42.23034390425511,41.00419757678068,41.23006564735526,15243000
2021-02-05,41.76874542236328,42.74661463083393,41.710483360914324,42.51446903669436,12488000
2021-02-08,42.36836624145508,42.43289898659507,41.73019503862876,42.01432511816321,17610000
2021-02-09,42.54135513305664,42.59154802938801,42.0026738916322,42.30562631529983,12758000
2021-02-10,42.13085174560547,42.79770274292533,41.72213518438506,42.77260629192768,14587000
2021-02-11,42.878360748291016,42.96440668067677,42.053757885250874,42.45709605635017,17123000
2021-02-12,43.58913803100586,43.65187915540411,42.56465923838607,42.8774724661829,13551000
2021-02-16,43.84100341796875,44.34741837670509,43.65188420954792,43.9978596662605,15163000
2021-02-17,43.244964599609375,43.571218498833844,42.5799051551318,43.40181743577499,14084000
2021-02-18,43.31486892700195,43.507574786942016,42.58617264787266,43.04328704493742,16715000
2021-02-19,43.91539001464844,44.379677734631706,43.62946829453532,43.672491266459446,17992000
2021-02-22,42.6964225769043,43.615133928803175,42.60320669586796,43.38120012237597,16967000
2021-02-23,42.296669006347656,42.540467025989315,40.876920962985096,42.22854957482459,21303000
2021-02-24,43.10154724121094,43.149049279792635,41.468476185163986,41.91842405612314,15125000
2021-02-25,40.97550582885742,42.967096951084535,40.80072651305474,42.55210634313982,23148000
2021-02-26,42.114707946777344,42.6426325386628,41.29638260304639,41.90497141111781,22640000
2021-03-01,43.88134002685547,43.91898470677135,42.472348551239214,42.99579081624211,24677000
2021-03-02,43.06837463378906,43.99605069446642,42.98681118844444,43.95213191620393,18546000
2021-03-03,41.504329681396484,43.14725812062196,41.40663132502007,42.84340987270069,23991000
2021-03-04,39.75923538208008,41.8574871871828,39.565633658768164,41.37975528342796,34575000
2021-03-05,40.3463134765625,40.87154741774253,38.8100445444115,40.71469457004676,42414000
2021-03-08,37.75687789916992,40.1509117276414,37.57851188733327,40.04962669364218,45243000
2021-03-09,39.76012420654297,40.055903330477925,38.594927398094846,39.05114601954473,37884000
2021-03-10,39.221439361572266,40.69496680674673,38.9982587541997,40.09623526711035,19914000
2021-03-11,40.664493560791016,41.00150401762331,39.624779067083615,40.245919639399595,26170000
2021-03-12,40.43862533569336,40.6465668659098,39.84258121650776,39.91787056809311,18906000
2021-03-15,42.19538879394531,42.23662014726675,40.619683681844094,40.798049716234935,31241000
2021-03-16,42.85954666137695,43.3811972350999,41.894225723640176,42.24019772696528,31190000
2021-03-17,43.344444274902344,43.674284768573145,42.127259717968464,42.1532519790356,23754000
2021-03-18,41.60204315185547,43.32294900342091,41.56619009183053,42.535098011318304,28728000
2021-03-19,42.85853958129883,43.059074951828684,41.01939701761666,41.28587584449798,108602000
2021-03-22,42.93259811401367,43.47458375247148,42.60650253710399,42.71851368344702,31805000
2021-03-23,41.91909408569336,42.940740402265135,41.79172814423552,42.79711343927872,24712000
2021-03-24,41.30574035644531,42.45475240390713,41.2696070569114,42.405972794122455,20882000
2021-03-25,41.70591354370117,41.91548396844388,40.58671140494732,41.09708144636708,17537000
2021-03-26,43.543243408203125,43.62996195284518,41.24883391296402,41.24883391296402,28925000
2021-03-29,42.69232940673828,43.463757878269774,42.29938747636699,43.39510597856717,28410000
2021-03-30,41.20547103881836,41.91366783034235,40.79536534185097,41.902827151744376,27935000
2021-03-31,41.88296127319336,42.19099027785589,40.86583255305087,41.462018279149554,28684000
2021-04-01,42.99312210083008,43.05003049067083,42.38338393761236,42.642636714969825,23528000
2021-04-05,44.12497329711914,44.22975848322636,43.07171143433067,43.386063546791384,22966000
2021-04-06,43.708553314208984,44.10149178060768,43.15482061761559,43.640804233355674,18063000
2021-04-07,43.58118438720703,43.71216502597253,43.17830805241165,43.35987393695015,12074000
2021-04-08,43.853981018066406,44.07980896522608,43.3698065333945,44.07980896522608,18121000
2021-04-09,43.81875991821289,43.83863220291364,43.04642858704726,43.35897513931482,16614000
2021-04-12,43.69048309326172,43.848561971762926,43.23250403048329,43.53330703037179,23247000
2021-04-13,43.80701446533203,44.101494351305874,43.38516864311549,43.81062917414429,15281000
2021-04-14,43.115081787109375,44.189119021779305,42.92448427637251,43.58209599799773,18220000
2021-04-15,43.35897445678711,43.56763861165291,43.0681092712166,43.507118942725356,18370000
2021-04-16,43.249671936035156,43.519762001259906,43.06810605110441,43.40233048937827,16263000
2021-04-19,41.733009338378906,43.069910500651,41.55686379832064,43.04552069407538,26319000
2021-04-20,41.30483627319336,41.735713624104754,41.059132600592264,41.55324494667788,19128000
2021-04-21,41.53337478637695,41.5830572127821,40.883891980599806,41.12056061774492,25947000
2021-04-22,41.110626220703125,41.65532038845684,40.558702636202945,41.10971995921393,27057000
2021-04-23,42.106082916259766,42.26145338559457,41.326525567957226,41.415952577209524,22890000
2021-04-26,42.622772216796875,42.801626204413814,41.87482733516575,42.186471035845386,18271000
2021-04-27,42.12594223022461,42.84046216011389,42.0094169985017,42.78987692230657,13267000
2021-04-28,41.480079650878906,42.09162355460704,41.19553765073043,42.03742360159057,15940000
2021-04-29,42.12052536010742,42.42765149518995,41.464719453494524,42.42765149518995,14650000
2021-04-30,41.20908737182617,41.618290303572365,40.995905711092796,41.526151415873954,19367000
2021-05-03,40.661678314208984,41.53789188452267,40.49366157095381,41.52975965223566,15098000
2021-05-04,40.155826568603516,40.44127484285412,39.502732440078965,40.39791556770388,23497000
2021-05-05,40.0916862487793,40.779107947537206,39.959802811465714,40.68606625519785,16388000
2021-05-06,40.52077102661133,40.56683875299255,39.73127584655988,40.088987313977675,13495000
2021-05-07,40.882083892822266,41.40600637766376,40.576763381855834,41.06364975302578,11712000
2021-05-10,39.39344024658203,40.516257186352284,39.363630093454155,40.50270805652928,25239000
2021-05-11,39.75204849243164,39.904707052391586,38.214611874699486,38.39075742722607,17887000
2021-05-12,38.15409469604492,38.92010295391382,37.86142384262367,38.77828505244439,29940000
2021-05-13,38.896610260009766,39.277805221721785,38.44856558885664,38.83247244342073,21841000
2021-05-14,39.892059326171875,40.208220561293146,39.027592615006796,39.41962827368895,16964000
2021-05-17,39.74030303955078,39.939032759124224,39.09895242111465,39.939032759124224,15725000
2021-05-18,39.18024444580078,40.14678774522456,39.138690809545636,40.09981376981779,17824000
2021-05-19,39.90108871459961,39.97154623394512,38.45398216905528,38.48108041975871,21369000
2021-05-20,41.10068893432617,41.48911330322057,40.22718723506473,40.26512616714124,21886000
2021-05-21,40.761043548583984,41.37077834519219,40.58941209538353,41.37077834519219,13216000
2021-05-24,41.47917556762695,41.772752607237294,41.223540906071584,41.27412614899657,14420000
2021-05-25,41.51079177856445,41.81972702492849,41.23618764804047,41.72397343193806,9600000
2021-05-26,41.59661102294922,41.742043610169844,41.14856976508433,41.62190364681367,9873000
2021-05-27,42.246097564697266,42.314749470547575,41.52073675130055,41.55235253387228,19098000
2021-05-28,42.6661376953125,42.872996228221915,42.246097472993064,42.45566445331909,19946000
2021-06-01,42.30299377441406,43.178301014265934,42.2027261149062,42.94705273734266,16277000
2021-06-02,42.7925910949707,43.15120530235185,42.40777800587689,42.62095964681281,13286000
2021-06-03,41.985939025878906,42.4339837379313,41.84682959203935,42.34726518425266,20389000
2021-06-04,42.907310485839844,43.21443663557293,42.412295316367434,42.50081948680178,23865000
2021-06-07,41.893798828125,42.86034575481656,41.77546794357238,42.72665321961351,24142000
2021-06-08,41.8712158203125,42.671548127259136,41.869410188974896,42.279512483597024,16615000
2021-06-09,41.9073600769043,42.20184001739362,41.707727494352326,42.20184001739362,12126000
2021-06-10,42.335514068603516,42.41410037470153,41.57131168990571,42.049163019022465,15413000
2021-06-11,42.51888656616211,42.648061560736735,42.19821128752926,42.31473997191399,14508000
2021-06-14,42.98228454589844,42.9886077007846,42.09974786269983,42.49991569753908,14675000
2021-06-15,42.522518157958984,43.04914931700901,42.324691194397765,43.048243055183256,11131000
2021-06-16,42.07175064086914,42.55682798027905,41.68603471170626,42.48004729905401,20437000
2021-06-17,42.56134033203125,42.92898611991921,41.90824632143622,41.9931557791214,20881000
2021-06-18,41.868499755859375,42.43397588156841,41.59840972576121,42.20905075143958,28537000
2021-06-21,42.29729080200195,42.36738996679649,41.735587601001335,41.98412100345468,18591000
2021-06-22,42.28273391723633,42.65872389219078,41.997784316854045,42.47664661588163,13722000
2021-06-23,42.48393249511719,42.59499724615121,42.154374300747904,42.22902637192227,17674000
2021-06-24,42.7934455871582,43.120274001029195,42.66052980898283,42.77796716572985,12502000
2021-06-25,42.07789611816406,43.011036448613424,41.87761078138071,42.91089378022175,19100000
2021-06-28,43.04289627075195,43.36062244139244,42.37922714782014,42.42383570908846,13987000
2021-06-29,43.438926696777344,43.45349176960966,42.85537222650889,43.00376302218179,14184000
2021-06-30,43.41069412231445,43.570013899425796,43.01831933599594,43.528134982515304,15381000
2021-07-01,42.75521469116211,43.501728243562155,42.69057829597203,43.501728243562155,11153000
2021-07-02,42.62138748168945,43.56909619229241,41.487048653282365,43.40431367536484,37054000
2021-07-06,43.08659362792969,43.40249655068287,42.6332254948588,42.824405037288365,13870000
2021-07-07,42.74611282348633,43.275956281582026,42.45752372535111,43.24318313967777,12581000
2021-07-08,42.83351516723633,42.88631962634734,42.01963192988813,42.280004275655244,16011000
2021-07-09,43.71476364135742,43.77849016089227,42.60864837680998,42.74884671978664,16782000
2021-07-12,44.22184753417969,44.974733843832375,43.08477885699055,43.818547210184136,33142000
2021-07-13,44.06343460083008,44.38388692664049,43.88044748095583,44.18360509121759,11806000
2021-07-14,43.84311294555664,44.79082149964142,43.76664114586685,44.53591202784167,14020000
2021-07-15,43.45622253417969,44.10350350402497,43.07204010817137,43.9969881667314,12624000
2021-07-16,42.61228942871094,43.72386750215659,42.53855072366569,43.6127992939544,13980000
2021-07-19,42.393798828125,42.42110920195044,41.6582072448228,42.194423375261486,14938000
2021-07-20,42.659629821777344,42.99282749061228,42.17530479787393,42.5959033018999,20727000
2021-07-21,43.60914993286133,43.63282077072199,42.651425610404914,42.75430137770927,13660000
2021-07-22,43.364261627197266,43.606422386441956,43.19857268666142,43.38884235075863,12583000
2021-07-23,43.985145568847656,44.02429483693325,43.40978364299997,43.701105873340445,13489000
2021-07-26,43.90230178833008,44.02793506649342,43.66924330579293,43.89501925338126,11160000
2021-07-27,43.27595520019531,43.86315251015918,42.5877053460648,43.76756273497921,14715000
2021-07-28,43.48442840576172,43.614614546670225,43.181270804874295,43.39794093935509,8359000
2021-07-29,44.072540283203125,44.22912692762791,43.4653151334399,43.559085143555755,9162000
2021-07-30,44.18998718261719,44.275561314519486,43.65923378061935,43.876813850906395,11548000
2021-08-02,44.12443542480469,45.027535756502196,44.017923574357795,44.522272987623225,15619000
2021-08-03,44.316524505615234,44.40483174716331,43.69473081114554,44.198173770806484,11135000
2021-08-04,44.408477783203125,44.60694337150128,44.06344465643405,44.47493743119189,12123000
2021-08-05,44.396629333496094,44.647895835055316,44.14354306680505,44.647895835055316,8372000
2021-08-06,44.192718505859375,44.43761243419195,44.06526544957783,44.15994535893488,9964000
2021-08-09,44.12443542480469,44.32016788007163,43.78941450205408,44.289214501426926,5952000
2021-08-10,43.90412139892578,44.28557061571808,43.50082110625759,44.23549928514294,9319000
2021-08-11,44.02156066894531,44.24187383837832,43.679257230077525,44.13626840372001,9816000
2021-08-12,44.0861930847168,44.15356260169198,43.400676386237514,43.905939081465085,8702000
2021-08-13,44.25917053222656,44.51498648358218,43.8904631425348,43.9359850600821,8582000
2021-08-16,44.439422607421875,44.50952177324546,44.098938960373296,44.13808822449661,9188000
2021-08-17,43.57911682128906,44.26463709008607,43.19948733389943,44.20727974689373,16499000
2021-08-18,42.69422912597656,43.43255045726204,42.63778513236708,43.393404656734994,15616000
2021-08-19,43.10936737060547,43.31875504672202,42.1197793969255,42.4557102562032,14044000
2021-08-20,43.25865936279297,43.355162498747134,42.828048673304686,43.04472231499592,10007000
2021-08-23,43.92142105102539,44.26190474806169,43.30691330190274,43.364267173269646,15707000
2021-08-24,43.82855987548828,43.97513086500652,43.712938789028605,43.916867116845225,9429000
2021-08-25,44.008819580078125,44.26918845149614,43.84131084834834,43.84131084834834,10017000
2021-08-26,44.22093200683594,44.43669226973863,43.75299533828014,43.97148524911358,10836000
2021-08-27,45.149532318115234,45.19505076972184,44.30287592145853,44.42759585375027,16459000
2021-08-30,45.41808319091797,46.2337860198121,45.35981944731863,45.51913572779903,19614000
2021-08-31,45.265140533447266,45.63657755022338,44.85455772588905,45.63657755022338,17378000
2021-09-01,44.89644241333008,45.44995326986741,44.8718616873896,45.179568757357124,12586000
2021-09-02,44.7817268371582,45.15316386552122,44.62332043096193,45.13586567620538,16991000
2021-09-03,45.30793380737305,46.065369510984496,45.06759279737257,45.14679426941359,25191000
2021-09-07,45.20869827270508,45.300645043123055,44.699792554685715,45.300645043123055,12398000
2021-09-08,45.00749969482422,45.50911936811737,44.436690741818104,45.48454211908216,13987000
2021-09-09,44.926483154296875,45.40079254401984,44.86821940101937,44.86821940101937,13174000
2021-09-10,45.3507080078125,46.06444832800154,45.20140740054975,45.25056883890688,16110000
2021-09-13,45.42446517944336,45.74401116154986,44.90554720330611,45.7012223594726,14927000
2021-09-14,45.68937301635742,46.012558431247854,45.369827131611785,45.70120843499623,14134000
2021-09-15,46.40585708618164,46.493254455858306,45.466344044245346,45.71214784414779,23346000
2021-09-16,46.18827438354492,46.352143574134516,45.5382603905842,45.99254193216485,17569000
2021-09-17,46.065364837646484,46.21284917393552,45.61017347176921,45.880557948797914,34470000
2021-09-20,45.04756546020508,45.79225939838046,44.46674419548951,45.428108320308624,30105000
2021-09-21,45.02647018432617,45.27957819037949,44.660566935029024,45.25573387136607,16935000
2021-09-22,45.9068489074707,46.12786017099195,45.139275813239415,45.32543714391803,20610000
2021-09-23,46.247074127197266,46.521273318173115,45.90684477929985,46.082920533375415,18370000
2021-09-24,46.30392837524414,46.35711631866565,45.92885262347986,46.06090942933481,10605000
2021-09-27,46.297508239746094,46.386462659801815,45.61246685056283,45.83256152327818,9831000
2021-09-28,45.02921676635742,45.985704057476525,44.985197837018426,45.57761503394386,20124000
2021-09-29,44.887996673583984,45.327262475341406,44.7201733909461,45.26857172819581,15783000
2021-09-30,44.470733642578125,45.350188764981866,44.42946786021136,45.350188764981866,15735000
2021-10-01,44.692665100097656,44.81279975160665,43.789365585364834,44.73851713927323,16052000
2021-10-04,43.647220611572266,44.62021292892518,43.35651303331133,44.47073466043526,20093000
2021-10-05,44.51567459106445,44.916427796459175,43.590367319692824,43.646308418948806,16557000
2021-10-06,44.82380676269531,44.87608166132268,43.991123565166184,44.305672016620356,12042000
2021-10-07,45.295162200927734,45.84356399410305,45.176864164796655,45.176864164796655,13261000
2021-10-08,45.19704055786133,45.66932316663233,45.0530615992439,45.56111068450504,10279000
2021-10-11,45.150272369384766,45.81513563060537,45.013629315393395,45.04939579219851,11186000
2021-10-12,44.50283432006836,45.55010931320038,44.20387426542635,45.471243945341534,20991000
2021-10-13,44.47807312011719,44.512002999340226,43.977363396105055,44.125925122155664,16424000
2021-10-14,45.632633209228516,45.774779044373226,45.01087243060586,45.10624618847631,19233000
2021-10-15,46.15077209472656,46.39012129532666,45.951772119922246,46.25623141160185,25103000
2021-10-18,46.16086959838867,46.217727248516795,45.729856216284716,45.888507006351816,16042000
2021-10-19,46.80555725097656,46.84957618543611,46.015053030926566,46.248902964314254,16383000
2021-10-20,46.71385192871094,47.0843414381519,46.62673410485196,46.861497102222884,13458000
2021-10-21,47.15037536621094,47.20906612025144,46.64140965092498,46.716608819361205,11787000
2021-10-22,47.26591491699219,47.81339666501251,47.046736808629774,47.20447102292044,15367000
2021-10-25,47.876678466796875,48.09952280118299,47.244828493581124,47.4566672193272,12416000
2021-10-26,48.95880126953125,49.06151095035152,48.053668709016534,48.16646394875386,24043000
2021-10-27,47.972049713134766,49.160550434926506,47.85741787433054,48.77080288264934,23500000
2021-10-28,48.5644645690918,48.599310995173006,48.00139096174785,48.06650455763677,11872000
2021-10-29,48.75705337524414,48.80107231438855,48.00781835701028,48.00781835701028,15564000
2021-11-01,48.42507553100586,48.84050051409654,48.138954201989655,48.63508114914732,16896000
2021-11-02,49.25226593017578,49.596161501925074,48.299444589373664,48.37005750559029,16262000
2021-11-03,49.738304138183594,49.86852785973523,48.949636396572124,49.433841252110206,14038000
2021-11-04,50.31145095825195,50.352720235952525,49.60531846921765,49.869432051301025,15956000
2021-11-05,51.25601577758789,51.3247955744479,50.42057965391523,50.43800461542074,18674000
2021-11-08,51.25877380371094,51.71179835794053,51.180824992389276,51.53572262095813,17231000
2021-11-09,51.1533088684082,51.529301146817076,50.90937338730538,51.28077941279978,15838000
2021-11-10,50.32521057128906,51.437599087662505,50.259183919199685,50.83234311588951,18450000
2021-11-11,50.93321990966797,51.090954132866564,50.32888048630026,50.684698164890946,14157000
2021-11-12,51.65035629272461,51.890625588528636,50.85893899576549,51.209253881944115,13592000
2021-11-15,51.88420867919922,52.060284430728125,51.33948000762207,52.060284430728125,13972000
2021-11-16,52.15932083129883,52.229017186630195,51.60633624181451,51.73014058931124,13194000
2021-11-17,52.239112854003906,52.396847099006,51.73106368606573,52.10155322788728,12532000
2021-11-18,52.713218688964844,52.88929441742318,52.23910299067149,52.37299288885328,12712000
2021-11-19,52.15474319458008,52.933321840605785,51.89888201740685,52.84803361545254,19612000
2021-11-22,50.738800048828125,52.45919410866242,50.66543749422307,52.42618078417585,25898000
2021-11-23,50.90753936767578,50.975399117813815,50.30319998136814,50.659934189048094,17109000
2021-11-24,51.23860168457031,51.2706984612837,50.198659122483896,50.73422226552292,12084000
2021-11-26,50.12529754638672,51.10746243141667,49.8254209414,50.60032985108624,14219000
2021-11-29,51.7530632019043,52.04744047525866,50.77548465489234,51.00658143177369,18703000
2021-11-30,50.77548599243164,51.81267536116539,50.62142147045233,51.65494113701632,22574000
2021-12-01,50.874534606933594,52.13273182843078,50.7433943408434,51.674204420076585,21980000
2021-12-02,50.662681579589844,51.273440293276074,49.887772803343196,50.077600283357604,22619000
2021-12-03,51.18266296386719,52.18041973788448,50.47469724301383,51.80809361244337,20305000
2021-12-06,51.81175231933594,52.122634475546796,50.98365211915353,51.78148864965676,22482000
2021-12-07,54.14291763305664,54.38776970376222,52.455536617448,52.455536617448,29562000
2021-12-08,53.97417068481445,54.192432250915466,53.412017103319755,54.192432250915466,17998000
2021-12-09,53.50279998779297,54.128230513506644,53.41384557734982,53.41384557734982,29080000
2021-12-10,57.92851257324219,59.12710237895576,56.728089665573115,57.22238001061313,57087000
2021-12-13,57.0096321105957,58.17979499413434,56.970199423737725,58.141278858372594,26898000
2021-12-14,56.3906135559082,56.73083937817672,55.540502028297006,56.659309920689445,35956000
2021-12-15,58.67866134643555,58.7703654159588,55.971516214197095,56.451134724752805,29092000
2021-12-16,56.91975784301758,58.75203433413104,56.07790221140969,58.44940457207552,42748000
2021-12-17,58.229305267333984,58.690585780496896,56.40803452963805,56.63087885553913,50661000
2021-12-20,59.15278625488281,59.24999664171125,57.32417939756933,57.43514504713742,32770000
2021-12-21,59.64284896850586,59.94095065771011,58.44859034225713,59.81450951936353,36534000
2021-12-22,60.469783782958984,60.65068256051706,58.99864952399506,59.37335735542015,28383000
2021-12-23,61.355777740478516,61.90306487285099,60.55560135292228,60.55560135292228,23596000
2021-12-27,62.230735778808594,62.417162042137626,61.324425020692935,61.35580823022827,19442000
2021-12-28,61.74341583251953,62.55189411531439,61.56160169252488,62.53250933829548,17247000
2021-12-29,62.07661056518555,62.48176873176258,61.754511935156,61.81727131539064,14797000
2021-12-30,61.381629943847656,62.36176873220971,61.26718723829694,62.12180731201265,11473000
2021-12-31,61.412086486816406,61.956606495984204,61.21458426603913,61.55606052896524,12046000
2022-01-03,61.21920394897461,61.99260947585133,61.02539136018674,61.49608309943116,22591000
2022-01-04,61.92060470581055,62.03781463297616,60.657123093967265,61.17857559704167,21103000
2022-01-05,59.34382629394531,61.947385785717486,59.252450970014465,61.947385785717486,34961000
2022-01-06,58.7928466796875,59.86527992817005,58.55288872374754,59.08172075341183,28581000
2022-01-07,57.14265441894531,59.05863860737433,57.07897264477995,58.68393079522299,27832000
2022-01-10,57.328163146972656,57.40937783088385,55.70474259349355,56.19297071432691,29793000
2022-01-11,57.41031265258789,57.959448350695396,56.71996660849292,56.80949007399366,19037000
2022-01-12,57.40568542480469,58.23538977700056,57.197103678756896,57.91421367159157,18806000
2022-01-13,55.11593246459961,57.94837431603416,54.83536363275782,57.91053772972934,30048000
2022-01-14,55.04025650024414,55.41034530854987,54.63693965349826,54.985802371132706,25661000
2022-01-18,53.32545852661133,54.54832970909762,53.15933244412524,54.29729575708844,35825000
2022-01-19,52.04998016357422,53.965964545129104,51.99091397422975,53.675245668981994,22692000
2022-01-20,50.55023193359375,52.61942149453619,50.462553305887845,52.421915739008014,25225000
2022-01-21,49.21292495727539,51.25904022205138,49.038490104127376,50.45056182203516,38010000
2022-01-24,49.983558654785156,50.16168314815023,47.382766426702055,48.99695583578128,54256000
2022-01-25,49.29690170288086,50.336110200944454,48.38136357182614,48.730226175148665,38158000
2022-01-26,51.417781829833984,52.99136046984115,50.76712076637793,50.94524527043879,49715000
2022-01-27,50.050933837890625,52.63050017371142,49.932801456617526,52.58066164509182,34183000
2022-01-28,51.692806243896484,51.7297239307006,49.13539210960343,50.147836609854565,30254000
2022-01-31,54.072105407714844,54.11732834683798,51.31441445271732,51.62820778406072,40288000
2022-02-01,54.70337677001953,54.812281483848494,53.14364143769966,54.071178093756636,25719000
2022-02-02,55.69182586669922,55.8182670134523,54.78736362239303,55.28297461283476,24443000
2022-02-03,53.60786819458008,55.28481697702074,53.5404967606984,54.975639271093634,30602000
2022-02-04,54.467105865478516,55.05500751304904,53.173170200662284,53.19532222039157,20548000
2022-02-07,54.23361587524414,55.5210912992949,53.91336212419926,54.46711340478109,18671000
2022-02-08,55.39556884765625,55.54600684362651,54.17454605312267,54.30283202778132,14570000
2022-02-09,56.42185974121094,56.45693260332418,55.519242277849735,56.05361581301042,22004000
2022-02-10,54.577850341796875,56.72640932252256,54.32035251658267,54.94147857542631,24920000
2022-02-11,52.922149658203125,55.353126719073586,52.52160358033467,54.577872725114624,27281000
2022-02-14,53.398380279541016,53.78877276489996,52.61297267536827,53.06797288847302,19291000
2022-02-15,55.63091278076172,55.93270765567985,54.29083171982316,54.36281874525976,34284000
2022-02-16,55.11778259277344,55.450034818147316,54.19578372356051,54.827060135238646,22931000
2022-02-17,53.437137603759766,54.598171910310086,53.4269840062072,54.42466298236872,21424000
2022-02-18,53.528499603271484,54.24376131955311,52.909218242024885,53.61617823146428,19708000
2022-02-22,53.29500198364258,54.47172783052613,52.58896788377834,53.52850302884701,20204000
2022-02-23,52.162574768066406,53.99734082315221,52.121041490856264,53.55064597311675,22416000
2022-02-24,53.52942657470703,54.054568933150414,50.67021725301386,50.90648554567125,35316000
2022-02-25,54.268680572509766,54.395121716595966,52.97567077408768,53.51373392635961,22380000
2022-02-28,54.2160758972168,54.664615602171104,53.19532610367268,53.6217137872806,25005000
2022-03-01,52.61757278442383,54.232684527511346,52.17272278009452,53.97149701250447,24898000
2022-03-02,54.062870025634766,54.501259649559195,52.9369087058732,53.02366140002527,21771000
2022-03-03,53.40021896362305,54.79382836828922,53.00612982511222,54.79198353991783,26454000
2022-03-04,55.00517654418945,55.920714857244825,53.89951881255474,54.709842058773496,44757000
2022-03-07,52.671112060546875,55.262673524214776,52.606507858864624,55.10577861174786,26494000
2022-03-08,53.15564727783203,55.01071732807881,52.01676145452263,52.80678106687529,26993000
2022-03-09,55.10023498535156,55.52662619362577,54.17546906074545,54.34067272562361,22560000
2022-03-10,54.24284744262695,54.454196485248346,53.19441099899886,54.04257441220071,19323000
2022-03-11,53.330997467041016,54.861201576885506,53.26362602699135,54.636931713664175,19813000
2022-03-14,52.40345764160156,53.52757765429811,52.12196643137663,53.24885368637796,25234000
2022-03-15,54.70707321166992,55.07623954727962,53.07165757846393,53.27746859391423,28260000
2022-03-16,56.032386779785156,56.08683737775026,53.90412745462727,55.06608758345186,29454000
2022-03-17,55.621681213378906,56.021308308487484,55.15653103316636,55.81088171810659,18174000
2022-03-18,56.336029052734375,56.59444584260616,55.00517554356524,55.74166691536455,41538000
2022-03-21,55.869590759277344,56.270059407175715,54.71464221280665,56.270059407175715,25789000
2022-03-22,56.80339050292969,57.004089132820205,55.68746670621137,55.90953850139231,19262000
2022-03-23,55.69211196899414,56.80617843165742,55.671671000366956,56.49304916315883,13839000
2022-03-24,58.20549392700195,58.27889638889437,55.93555052846912,56.36575013273809,26016000
2022-03-25,58.432220458984375,58.5753108047092,57.614556783378205,58.265899641971956,14538000
2022-03-28,58.8048095703125,58.843837753021525,57.21594322300122,58.15439893303102,14427000
2022-03-29,59.602962493896484,59.95975613658107,58.537210646303535,59.46637272005439,23001000
2022-03-30,58.638492584228516,59.86498628391966,58.28912814182827,59.36138059123545,18626000
2022-03-31,58.507476806640625,59.37345867749388,58.35602505970449,58.58181147482253,21731000
2022-04-01,58.25660705566406,58.96184004016016,57.486329463275766,58.69423948397001,16267000
2022-04-04,58.987857818603516,59.161611390431936,58.02803246858461,58.20457199556403,16484000
2022-04-05,57.061702728271484,58.74720558624301,56.95763702492985,58.49540273777256,19778000
2022-04-06,55.93556594848633,56.82663217075465,55.17086371725242,55.94299870743276,23742000
2022-04-07,56.033119201660156,56.4596042537034,55.12161214206608,55.73393031795474,16583000
2022-04-08,54.541812896728516,55.618712078397884,54.44610861036546,55.50628142903541,20464000
2022-04-11,53.948081970214844,54.75366605738742,53.83844081300934,54.1311256013016,23512000
2022-04-12,54.362483978271484,55.61871217452839,54.09302613335955,54.737864822280365,17350000
2022-04-13,55.05656433105469,55.44402469859445,54.45353629027057,54.681179978226744,20266000
2022-04-14,53.319969177246094,55.47655730860783,53.22798303047149,55.28422006028103,27385000
2022-04-18,54.49535369873047,54.933918284047934,53.227045986332776,53.227045986332776,21375000
2022-04-19,55.528587341308594,55.62893489328943,53.831937118977095,53.831937118977095,16581000
2022-04-20,55.53787612915039,56.997588985967944,55.29722419578591,56.139972060643004,13920000
2022-04-21,55.07422637939453,57.224310348700186,54.88189268048415,56.26448497972988,20352000
2022-04-22,54.537166595458984,55.63264945348682,54.47305418674632,54.830783563224365,21064000
2022-04-25,54.62358856201172,54.70535600242213,53.06631385367433,54.02985394225586,26959000
2022-04-26,52.03958511352539,54.39872920096263,52.00613592791825,54.244487941994684,35809000
2022-04-27,51.990333557128906,52.969671180877654,51.56849530662145,51.64189777803011,19313000
2022-04-28,53.792911529541016,54.35784012954456,51.84445849327272,52.58500150896537,22334000
2022-04-29,51.51181411743164,53.731582197872214,51.4198279818788,53.205678264056644,26108000
2022-05-02,53.55225372314453,53.672117131639055,51.69671910415725,51.767335619147836,26725000
2022-05-03,54.00011444091797,54.51858564637396,53.126699796248694,53.52066787362593,17064000
2022-05-04,56.08979797363281,56.127893958369256,53.332042823997156,54.0577202928301,23896000
2022-05-05,53.890472412109375,55.551812551223065,53.36085030590228,55.21359902594378,32806000
2022-05-06,53.90068817138672,54.818702843715066,52.90927457537691,53.421241638129196,20745000
2022-05-09,52.30439376831055,53.70556970328017,52.0581663741938,53.2298377348406,30074000
2022-05-10,54.02054977416992,54.927413507701495,53.129483751278244,53.936925051906705,29271000
2022-05-11,52.69370651245117,54.32717636659947,52.57756125872278,53.38779207994391,26660000
2022-05-12,53.10811233520508,53.29766004517208,51.871396556918576,52.34898575482373,25518000
2022-05-13,54.65703201293945,54.96830046248154,53.28744445490453,53.617300116059255,19449000
2022-05-16,54.13949203491211,54.7406629241534,53.67305363377185,54.298380102998635,14189000
2022-05-17,56.506996154785156,56.585977633121175,55.15599569083858,55.3269597722486,24676000
2022-05-18,53.015193939208984,55.816616719790105,52.60729259879867,55.74971836212112,35024000
2022-05-19,50.75175857543945,52.102762401108414,50.07811751035965,51.847241420852264,34884000
2022-05-20,50.47115707397461,51.567568651547575,47.61398286584566,51.46628890364867,40281000
2022-05-23,48.907379150390625,49.76313525689162,47.783090283861526,48.68809683189036,58586000
2022-05-24,48.70668029785156,49.140601706019496,47.96242260296928,48.93525623820488,25060000
2022-05-25,49.39704513549805,49.9378181810752,48.67880390773982,48.67880390773982,17842000
2022-05-26,51.16524124145508,51.528542539957215,49.03374106032034,49.388680949203106,39743000
2022-05-27,54.196163177490234,54.398722659232604,52.034003401151935,52.22726927749905,37301000
2022-05-31,53.90347671508789,54.54459723282018,53.5197309293814,54.30952077299322,30009000
2022-06-01,53.2985954284668,54.90790626895633,52.81635936733234,54.59570562287882,18345000
2022-06-02,53.5885009765625,53.684205279441564,52.788492258899375,53.68234797583397,29488000
2022-06-03,52.34156799316406,52.9250803487716,52.12414295144722,52.85725332001001,20562000
2022-06-06,52.14736557006836,53.21497120691346,51.804505237144504,53.10347274734222,14557000
2022-06-07,53.24005889892578,53.384077890004036,51.803572961506006,52.083253078409456,15895000
2022-06-08,52.53110122680664,53.54481658179092,52.23191237260007,53.131339782849885,24004000
2022-06-09,51.68185806274414,53.30045550429944,51.654909440049174,52.1408636776823,18787000
2022-06-10,50.292755126953125,51.200547589385444,50.148736138086605,51.112276057126834,24018000
2022-06-13,48.09529495239258,49.52434474870334,47.94662914157831,48.946407871257804,31619000
2022-06-14,48.332218170166016,48.77821904933888,47.8137470217762,48.77821904933888,24380000
2022-06-15,48.93988800048828,49.60144940495526,47.90015276701774,49.16660302311894,19141000
2022-06-16,46.196075439453125,47.79888203393113,45.74078803930253,47.56844883456491,37244000
2022-06-17,46.33266830444336,46.491552807089164,45.33102886814113,45.99352258841564,43504000
2022-06-21,47.19645309448242,47.86537544737668,47.11401136560047,47.22549782877338,21901000
2022-06-22,46.477882385253906,47.19645638083811,46.29987571289059,46.49755646836024,24721000
2022-06-23,46.52285385131836,47.0072115676194,46.00102066859611,47.0072115676194,16707000
2022-06-24,47.69486999511719,47.948760374055205,46.979105052155404,47.311691763411595,21201000
2022-06-27,47.378211975097656,48.158620903481896,47.10746011809858,48.136137767057434,13207000
2022-06-28,46.69804000854492,48.16891786523666,46.666186224858485,48.024641275152334,15667000
2022-06-29,45.94480514526367,46.461952975063745,45.59441705704671,46.41979575786492,14444000
2022-06-30,45.513851165771484,46.25678461067526,45.036047894735475,45.72183536222915,18890000
2022-07-01,44.767173767089844,45.36957606483606,43.9792703880273,44.914263026385406,21315000
2022-07-05,44.622894287109375,44.68191654243168,43.46211611805588,44.22004193080052,20711000
2022-07-06,45.21405792236328,45.63002634605967,44.547944489733446,45.01918976758916,22975000
2022-07-07,46.706485748291016,46.97349223296574,45.72933586388545,45.72933586388545,21319000
2022-07-08,46.720523834228516,46.80859080935026,45.906388571926,46.18651102858607,12713000
2022-07-11,45.23747634887695,46.05816982127012,45.06134593317941,45.85861991783713,21449000
2022-07-12,45.097877502441406,46.14997449342228,44.97608403548927,45.702155937039464,21159000
2022-07-13,45.1316032409668,45.49791641238179,44.24720234874412,44.499220006734234,17665000
2022-07-14,45.40423583984375,45.59535499741838,44.3540078891077,45.199060702189065,19957000
2022-07-15,46.3242301940918,46.35046230210936,45.5438214067126,45.98414914031314,18714000
2022-07-18,46.005699157714844,47.06904310537206,45.736820031625086,46.858246302100284,18042000
2022-07-19,47.686439514160156,47.906599831371395,46.45820848034193,46.54346284079636,27257000
2022-07-20,47.94594955444336,48.49308207294333,47.262038373639875,47.737029010940574,27412000
2022-07-21,48.499637603759766,48.511813734572755,47.40725247188492,48.01902531384767,13912000
2022-07-22,48.016204833984375,48.697306816556384,47.46907600701019,48.60549444513941,17867000
2022-07-25,48.071495056152344,48.09116914121971,47.45503681685091,47.823226329275045,15061000
2022-07-26,47.88224792480469,48.41813354131113,47.67894547471875,48.213898314452834,17958000
2022-07-27,49.446807861328125,49.67165708227783,48.429373624441354,48.548354475809994,25699000
2022-07-28,49.992061614990234,50.26468971830467,48.771325002312246,49.521756336245446,14867000
2022-07-29,50.167259216308594,50.38742311527009,49.679152521476055,49.83935781818969,18482000
2022-08-01,50.250640869140625,50.571047888650085,49.695077619759296,49.7878299356587,11485000
2022-08-02,49.7672233581543,50.51577858193541,49.394352059281736,49.955533495971615,13072000
2022-08-03,51.22216796875,51.340212469830995,50.039843109088444,50.14945688119426,19228000
2022-08-04,51.7899055480957,51.82269568615102,51.060088208338065,51.378622509671295,16293000
2022-08-05,51.66249465942383,51.71495888101055,50.898010896507195,51.049785457974835,14357000
2022-08-08,51.10881423950195,51.80771424090487,50.47268189760148,51.46669675700555,13722000
2022-08-09,49.916175842285156,50.52982496781158,49.44306149770906,50.50546555812876,20072000
2022-08-10,51.56599807739258,51.623147626835085,50.51951910046749,51.15846042674046,19519000
2022-08-11,51.09943771362305,52.25553045226484,50.98888759187309,51.89764797588302,14268000
2022-08-12,52.29863357543945,52.31549503517691,51.12005399313787,51.322416526989926,18399000
2022-08-15,52.36701965332031,52.44477964020726,51.57443102698222,51.923882792668635,14329000
2022-08-16,51.68217086791992,52.271457034455885,51.1537796542708,52.23210886664767,14782000
2022-08-17,50.458621978759766,51.03198300195169,49.75128777891733,51.000129214679134,19022000
2022-08-18,52.31923294067383,52.51691010549925,50.74342300331885,50.91018630721464,23459000
2022-08-19,51.380496978759766,52.05035574253155,51.32803275606595,51.60815525190818,16923000
2022-08-22,49.5367546081543,50.88021772645412,49.37748921659156,50.83150247305694,18555000
2022-08-23,49.633243560791016,50.36774622551719,49.55173460416658,50.01454551195398,9003000
2022-08-24,49.7325553894043,49.7756525353692,49.03927709459145,49.61263817937805,11883000
2022-08-25,51.539772033691406,51.57256217676347,49.86559488794209,49.97708137438709,17345000
2022-08-26,48.79755783081055,51.62033304307659,48.71698879862007,51.41890688874341,25682000
2022-08-29,48.171730041503906,48.97368564051802,47.96749484634867,48.7169862273832,16580000
2022-08-30,47.44191360473633,48.52118264259059,46.97348103634124,48.42093595723077,18282000
2022-08-31,46.75987243652344,47.795107922969784,46.51909813911026,47.795107922969784,32445000
2022-09-01,46.094703674316406,46.214620872807586,45.04822473063772,46.04411215432353,31930000
2022-09-02,46.86386489868164,48.699183265613314,46.68398911738702,48.52961091316916,40426000
2022-09-06,46.67462158203125,47.218005085587855,45.9410552817726,46.70553901836065,24738000
2022-09-07,47.32388687133789,47.72673931724437,46.75708367973882,47.115902618556945,20440000
2022-09-08,47.960941314697266,48.03682502346961,46.721466901034596,47.086843760171305,22535000
2022-09-09,48.94184112548828,49.2763005540394,48.28978015292389,48.28978015292389,23019000
2022-09-12,49.56578826904297,49.77189975524725,49.14420179105363,49.34937335284273,18157000
2022-09-13,47.185211181640625,48.55490603739361,47.00064650277061,48.13987406486731,35136000
2022-09-14,47.85038757324219,48.06118079946363,47.102768879632464,47.51124285119971,20605000
2022-09-15,46.85637283325195,47.92627121698583,46.5884300620684,47.679878802733924,36574000
2022-09-16,47.07748031616211,47.18896679842842,45.89328265952037,46.629658111950576,59012000
2022-09-19,47.01564025878906,47.160856791412414,46.320489328250616,46.320489328250616,17948000
2022-09-20,46.19306945800781,46.73364029527993,45.88015686402408,46.468506591023555,17132000
2022-09-21,45.548770904541016,47.22470401890894,45.51381381195093,46.384847256048324,20669000
2022-09-22,45.12081527709961,45.649856661438136,44.685296733121916,45.57616926916586,23540000
2022-09-23,44.27718734741211,45.15672243710527,43.64611436159594,44.869526423207525,29649000
2022-09-26,43.670677185058594,44.713649317542966,43.580927531500144,44.305526967055734,19361000
2022-09-27,43.90590286254883,44.39148935275846,43.12745519660783,44.35937207083636,17850000
2022-09-28,44.020225524902344,44.28380208061295,43.112346317224116,43.5837626705904,27605000
2022-09-29,42.52472686767578,43.586593791460196,42.02874690075654,43.54219106833803,39997000
2022-09-30,41.946556091308594,43.25121622170744,41.911598994165416,42.42363757935061,27202000
2022-10-03,43.15296936035156,43.54691786441684,42.2261953597712,42.440648162078425,21479000
2022-10-04,45.33338928222656,45.36172976357794,44.010778227176054,44.2601845537787,27277000
2022-10-05,45.800079345703125,46.110891238334354,44.539821720876844,44.64279741825112,18493000
2022-10-06,45.29935836791992,46.26297391612636,45.225670989273326,45.70464435621141,17250000
2022-10-07,43.502506256103516,44.71741661275127,43.36457709774016,44.626722776381705,28425000
2022-10-10,41.350440979003906,43.46661412248551,40.79683222123024,43.45716849762547,33454000
2022-10-11,40.694801330566406,41.444908581382286,40.20543439022982,41.114257678333615,28046000
2022-10-12,40.67685317993164,41.163383940238326,40.43500410291598,40.835565623147446,15046000
2022-10-13,41.375938415527344,41.92387461483332,39.21252688191271,39.43453685029037,27980000
2022-10-14,40.349029541015625,41.94182978711678,40.28384356703185,41.877588015100265,22816000
2022-10-17,41.13032531738281,41.68487835759801,40.94327236669214,41.525221687177655,24120000
2022-10-18,41.07930374145508,42.37545887126825,40.638116336365314,42.34333798334317,20341000
2022-10-19,41.12369918823242,41.4071183382901,40.70613489013297,40.92814487589353,12702000
2022-10-20,40.651344299316406,41.774620416443305,40.44728493398522,41.10764616606266,23402000
2022-10-21,42.4869384765625,42.5747997234738,40.544592269618676,40.82045063738211,26980000
2022-10-24,43.12840270996094,43.342855497447545,42.61730831230435,42.77035192946189,25287000
2022-10-25,43.463783264160156,43.85962019094452,43.15769239054237,43.26728110398022,18246000
2022-10-26,43.568641662597656,44.56815517891906,43.01692496285337,43.267275442942704,29291000
2022-10-27,43.0225944519043,44.47462942143522,42.9763033255287,44.028721001917454,18512000
2022-10-28,44.67584991455078,44.81188706469808,43.04620428406822,43.16996320568547,23094000
2022-10-31,44.41322708129883,44.66735439189714,43.930473124487506,44.10430361440057,19259000
2022-11-01,44.20349884033203,45.047132605394026,43.75664618684626,44.949829335525195,16324000
2022-11-02,43.082115173339844,45.38912167026109,43.05282688878301,44.428341965222145,21070000
2022-11-03,41.95694351196289,42.78263009915124,41.69620322429097,42.60124602126959,23887000
2022-11-04,43.95787048339844,44.297026445016385,42.82231606794917,43.16052782744254,28891000
2022-11-07,44.89503479003906,45.133103465526254,43.60549252732516,44.096744320094786,17687000
2022-11-08,45.54594421386719,46.17796497615998,44.73253934901157,45.46469958911948,20743000
2022-11-09,44.3518180847168,45.252140018718585,44.31025156914273,45.20490108286416,23695000
2022-11-10,47.856727600097656,47.91340854712439,46.02585877235547,46.385794318212696,33970000
2022-11-11,48.945045471191406,49.031018305895465,47.4249919845637,47.68951269496267,26728000
2022-11-14,48.48496627807617,49.599737264582785,48.46418302304374,48.689973430109326,21608000
2022-11-15,49.543060302734375,50.31300662583085,48.73910108267522,50.06643294388699,23315000
2022-11-16,48.344207763671875,48.98756253021489,48.20722278702463,48.81562405882923,25405000
2022-11-17,48.380104064941406,48.4396212263966,47.53268996284877,47.708408841165095,20375000
2022-11-18,48.668251037597656,48.91104433119547,48.275246714470065,48.82979970055515,14536000
2022-11-21,48.88363265991211,49.20578207840758,48.28562494037789,48.45850757849655,18622000
2022-11-22,50.0749397277832,50.096667187307055,49.03196761326654,49.40607705856627,18920000
2022-11-23,50.414093017578125,51.15475470151966,49.95685053397085,50.10328114467201,13964000
2022-11-25,50.06171417236328,50.50289800848074,50.021091859192204,50.13540157809509,7455000
2022-11-28,49.33427047729492,49.95306151011088,48.77027198782644,49.620518630777305,23505000
2022-11-29,49.256813049316406,49.67815784987165,48.63707768399187,49.4089124823062,12694000
2022-11-30,52.05696487426758,52.11648204122879,48.92049126147019,49.51377452687477,47349000
2022-12-01,52.0305061340332,52.18827435694642,51.20009490545311,52.05695820484921,23006000
2022-12-02,51.09051513671875,51.270010835408925,50.64460669432445,50.736244749744245,19320000
2022-12-05,50.130672454833984,50.96580832409516,49.64414173499013,50.80425968421456,18548000
2022-12-06,49.67531967163086,50.40747627486928,49.290816816903245,50.13161791941972,19655000
2022-12-07,48.98377990722656,49.59784996740034,48.7523242831162,49.08769978853207,16524000
2022-12-08,50.17224884033203,50.298840398595324,49.16139396701341,49.20201988543235,27514000
2022-12-09,51.46084213256836,52.20906098729918,51.10940436572907,52.04846014805488,37028000
2022-12-12,52.58600997924805,52.608685246599265,51.226557066570926,51.46368154863953,23416000
2022-12-13,53.94734573364258,54.967642495457355,53.37956679389316,54.39892295752404,40414000
2022-12-14,54.268558502197266,55.3275893156282,53.63464929603082,53.71211711731323,35218000
2022-12-15,52.71542739868164,53.517494549102786,52.68708692388423,53.26147526246966,36876000
2022-12-16,52.51798629760742,52.885482719872215,52.041848975254425,52.66347270165972,49549000
2022-12-19,52.357948303222656,53.01047938675567,51.98547779883964,52.776140462315944,25092000
2022-12-20,51.82353973388672,52.29793735750041,51.528231319487666,51.9330871092694,29831000
2022-12-21,53.46296691894531,53.527744712361354,52.10264779278429,52.17123390705189,25619000
2022-12-22,52.68754577636719,52.863778734066834,52.126465273764126,52.71231439792483,27553000
2022-12-23,52.624671936035156,52.73803125133864,52.150274375713316,52.3931892707315,13761000
2022-12-27,52.73041915893555,53.165759696867575,52.101700935477204,52.54084979464256,16677000
2022-12-28,51.90641403198242,53.1333693398078,51.67397925682283,52.549424344115046,15410000
2022-12-29,53.13717269897461,53.593469850250436,52.44082051880359,52.569424022778776,18176000
2022-12-30,53.262916564941406,53.31245380636477,52.20362196225097,52.56656438167888,14376000
2023-01-03,52.72469711303711,54.06691579705673,52.468445817039395,53.82209673126179,20173000
2023-01-04,53.3686637878418,54.12312931771412,52.967619929583314,53.63063123806791,17074000
2023-01-05,52.871395111083984,53.330552120696254,52.4998803506908,52.93712498105143,16277000
2023-01-06,56.054046630859375,56.29886570261965,53.564894660241464,53.64300884537392,35261000
2023-01-09,54.95474624633789,57.315298489612374,53.39914517789475,56.422708688054676,37739000
2023-01-10,54.768035888671875,54.787088395725064,52.39224313094047,54.4889237464362,44635000
2023-01-11,55.07381820678711,55.09287071293835,54.00023510411733,54.5841800637716,22502000
2023-01-12,55.43581008911133,55.737786687424844,54.656579645275464,54.8309048122345,19514000
2023-01-13,55.155738830566406,55.43485093167513,54.93378060830153,54.979505891712776,19647000
2023-01-17,55.17860412597656,55.76159699433788,54.730879324658495,54.76517601541592,15835000
2023-01-18,54.70706558227539,55.97117006925433,54.65276794024633,55.55678625092345,15703000
2023-01-19,53.65254211425781,54.304124850553144,53.37533409976004,54.21457842019744,22692000
2023-01-20,54.37270736694336,54.42796073043496,53.26101914161771,53.63444175824119,22950000
2023-01-23,55.40627670288086,55.70730121698381,54.27744385972991,54.48892195701298,23429000
2023-01-24,55.730159759521484,55.888292285881995,54.834713797504634,55.102397322858394,13825000
2023-01-25,55.79207992553711,55.914963678147274,54.87376952599677,55.0290421740119,13766000
2023-01-26,57.02095031738281,57.209563977569594,55.847340481508056,56.24267186428626,24525000
2023-01-27,56.297916412353516,57.084767150124804,56.22171001778737,56.519874668044714,19344000
2023-01-30,55.389129638671875,56.166452244876616,55.22814087195293,55.53678201484731,16984000
2023-01-31,55.7282600402832,55.93973814574939,55.32150009569324,55.44819581613929,23719000
2023-02-01,57.418182373046875,57.946877651901374,55.50821117316617,55.591085766124834,26553000
2023-02-02,57.70586395263672,58.40793229197478,57.13239549146033,57.88304899486128,24188000
2023-02-03,56.92948532104492,57.92209788840372,56.79897766695923,56.96568253501016,19093000
2023-02-06,57.280052185058594,57.46294971095664,56.41889921984296,56.52177839680546,18709000
2023-02-07,58.5327262878418,58.776593296887604,57.12954163095628,57.21908805299963,24025000
2023-02-08,57.3191032409668,58.12595847496268,57.215268360784314,57.79254508896061,15290000
2023-02-09,57.100006103515625,58.57844490799886,56.72563145910562,58.35648667264789,18837000
2023-02-10,56.51319885253906,57.00950514920292,56.168356878208,56.80469526769819,21035000
2023-02-13,57.26290512084961,57.297198180605,56.53416397394422,56.679912203325294,19847000
2023-02-14,57.376258850097656,57.687759866133575,56.51986998452054,56.60084040762937,17571000
2023-02-15,57.888763427734375,57.94496523218887,56.8418494708013,57.047615084109935,12683000
2023-02-16,57.20766067504883,58.00784789009668,57.1133538435407,57.22766526457766,17449000
2023-02-17,56.73611068725586,57.23718106412459,56.43699396983885,57.15621063785552,14215000
2023-02-21,55.397705078125,56.49796099310557,55.23576422219457,56.203608304566,22737000
2023-02-22,54.88615798950195,55.54535727568672,54.498446929371134,55.465338928240485,23475000
2023-02-23,55.61299133300781,55.816849143259915,54.64895563750915,55.798748718067564,18939000
2023-02-24,55.03667449951172,55.27386968553931,54.64229521329534,55.015714196890315,15353000
2023-02-27,55.770172119140625,56.184555964375264,55.65681279287459,55.810184927010965,18321000
2023-02-28,56.61227798461914,57.02094572731963,55.458672830835845,55.7806540271899,27822000
2023-03-01,56.54368591308594,56.985694617027654,56.23218488040136,56.584650800820015,15484000
2023-03-02,57.027610778808594,57.24575707001764,55.834948595832046,56.14549754388279,27525000
2023-03-03,60.276939392089844,60.559863471817344,58.65656065133368,58.842318041260214,46088000
2023-03-06,60.29218292236328,61.35242967120515,60.17882359560786,60.49032463259461,24983000
2023-03-07,59.552005767822266,60.56462300197088,59.39578103611332,60.47793646351128,19334000
2023-03-08,60.22931671142578,60.27408628967656,59.41102911648523,59.802548526413595,20912000
2023-03-09,59.30146789550781,61.19905812127984,59.24050206068503,60.02163658544126,21775000
2023-03-10,58.56892013549805,60.02925850639981,58.377446636617364,59.84159696212856,26098000
2023-03-13,58.72514724731445,59.479609043516845,57.811600841328,57.8316054275782,22364000
2023-03-14,60.24835968017578,60.33504985501881,58.91852527565155,59.38435051135547,25893000
2023-03-15,59.63679504394531,60.02069417319713,58.699432009693425,59.79206771341827,22963000
2023-03-16,60.63322067260742,60.68751832202818,58.85280140220151,59.2376562514322,31716000
2023-03-17,60.106422424316406,60.92566200576967,59.735859725468295,60.63321349067858,79303000
2023-03-20,61.32004928588867,61.418164434660085,60.166444071684026,60.27503937190198,25857000
2023-03-21,61.093605041503906,62.03771098380189,60.861415202142474,61.701901501284645,25000000
2023-03-22,60.53424072265625,62.22097060419974,60.51025642212885,61.107997310368326,25799000
2023-03-23,61.33155822753906,62.19027531529685,60.59277363259578,61.299895141743825,27162000
2023-03-24,61.037960052490234,61.33827073293292,60.30685062468132,61.21642038164777,17228000
2023-03-27,60.142784118652344,61.31908365559355,60.06123090344546,61.309490666765925,14707000
2023-03-28,59.937461853027344,60.11400066138964,59.37713761597877,59.98831091519464,12439000
2023-03-29,60.01422119140625,60.830723305741714,59.9317090383454,60.71270867376452,26395000
2023-03-30,60.8057746887207,61.026450039312124,60.378815301264595,60.70790863131,21523000
2023-03-31,61.553184509277344,61.618428538180325,60.0535490775233,60.49778017367732,22097000
2023-04-03,61.642425537109375,61.77962614443064,61.063870567224775,61.30949281437631,15682000
2023-04-04,60.86909103393555,61.81224165776175,60.63786013858354,61.70765942682663,13429000
2023-04-05,60.35098648071289,60.60907849306248,60.03340403259367,60.555348974353365,16908000
2023-04-06,59.739803314208984,60.29245234903672,59.387681020797466,59.88564160979325,14493000
2023-04-10,60.19554901123047,60.24160340535325,59.145901914472674,59.29941534153236,15400000
2023-04-11,59.63714599609375,60.5304028622033,59.56518577694495,60.52080621429078,16518000
2023-04-12,59.16988754272461,60.20802380929559,59.127672538851286,60.190755698642356,14112000
2023-04-13,59.8933219909668,60.11016158793,59.20922591148675,59.39728288391592,17265000
2023-04-14,59.442378997802734,60.25696319967826,59.0269341373533,59.53256992928946,17465000
2023-04-17,60.19267654418945,60.28670320477517,59.276390579833134,59.353149128910744,13201000
2023-04-18,60.66856384277344,60.973672836870904,60.17060687359145,60.60140194596568,16806000
2023-04-19,60.87772750854492,61.09744389948817,60.01901051354712,60.137984060614485,19060000
2023-04-20,60.7357292175293,61.667369090994875,60.17156925203826,60.2406490184109,20239000
2023-04-21,60.724212646484375,60.81056417634542,59.67744236764189,60.5035373279614,14807000
2023-04-24,60.88156509399414,61.295092062900444,60.617715826297065,60.795213559463534,12338000
2023-04-25,59.680328369140625,61.020693324196095,59.65346360726547,60.82880059935248,23670000
2023-04-26,59.1209602355957,59.78682565345029,58.863827144120194,59.48363816379053,17179000
2023-04-27,59.333953857421875,59.49514240311986,57.87749602945223,59.12095366202133,18250000
2023-04-28,60.11016082763672,60.13702558620839,58.96456553704628,59.39728213263937,16183000
2023-05-01,61.208740234375,61.30852414801889,60.08137562678672,60.110161911524614,17030000
2023-05-02,58.751564025878906,60.110159489193244,58.04923726735945,60.039158203099554,28357000
2023-05-03,58.834075927734375,59.673603271063975,58.75732104528388,59.189075036671525,19816000
2023-05-04,58.54240417480469,58.9069999617994,57.691365907597955,58.52705392905198,17684000
2023-05-05,60.457489013671875,60.58701449146281,58.850394391933484,59.09793449307888,24876000
2023-05-08,60.35578536987305,60.51601866443891,59.542163749566484,60.42486879879858,13934000
2023-05-09,59.34355545043945,59.87701491616058,59.08929550461242,59.74844471395512,16990000
2023-05-10,60.08808898925781,60.2540758599154,59.32052186659336,59.68415868960593,19174000
2023-05-11,60.22241973876953,60.300137222814314,59.293663962006576,60.117841153876824,14430000
2023-05-12,60.556312561035156,60.70502767275293,59.89044716320609,60.290541761609234,11942000
2023-05-15,61.38624572753906,61.40735323105763,60.29917818591527,60.62539470769538,14614000
2023-05-16,61.543582916259766,62.06841190362449,61.28357307440872,61.449556271592634,14967000
2023-05-17,63.08161163330078,63.41070128424828,61.84486641660746,62.110637218861854,24133000
2023-05-18,65.04179382324219,65.18187123437129,62.94057409551512,62.94057409551512,26389000
2023-05-19,65.45914459228516,65.7182028422939,65.09071676574686,65.24326759734285,22968000
2023-05-22,65.08686828613281,65.69229153836477,64.67910228971678,65.37758593351927,17796000
2023-05-23,65.86692810058594,67.06529412463334,65.4370919099546,66.26414593179197,36088000
2023-05-24,65.19817352294922,65.65679225461027,64.86524086072922,65.38142483700787,23021000
2023-05-25,69.9254379272461,70.26988515902744,66.2766177415672,67.1055896087505,49263000
2023-05-26,77.97818756103516,78.19406457614951,71.67357733026618,71.71290821773047,82500000
2023-05-30,77.07723236083984,88.44107432901717,76.64259432176755,80.12639652247834,116912000
2023-05-31,77.5205307006836,78.83595251680106,75.80981621070882,76.2674761292702,89998000
2023-06-01,75.79253387451172,77.31231793333772,75.33294885611576,76.81627150794905,80792000
2023-06-02,77.90813446044922,79.03742054259924,75.52867820596674,75.85873408232838,62815000
2023-06-05,76.97747802734375,77.63950044113221,76.22717522223861,77.63950044113221,26222000
2023-06-06,75.79732513427734,76.94867398042992,74.49054133905616,76.94867398042992,37823000
2023-06-07,76.04966735839844,77.27969267371759,75.55842291450165,75.78006083597727,28957000
2023-06-08,77.1597671508789,77.2374846363322,75.68028008886323,76.26842804061187,21909000
2023-06-09,77.2000503540039,78.45982443299012,77.12905273176492,77.31327029659289,19241000
2023-06-12,82.068359375,82.32165671269972,77.82370561288201,77.82370561288201,51065000
2023-06-13,81.66154479980469,82.82632604992477,80.6905704537273,82.62196356514367,38990000
2023-06-14,85.02539825439453,85.25183080798902,81.28734691477823,82.12015432506645,43524000
2023-06-15,84.7615737915039,85.19716357876013,83.57087923322601,84.85560045801327,33814000
2023-06-16,83.29167175292969,85.38713771052787,83.03645652837436,85.32285260793084,68299000
2023-06-20,83.28400421142578,84.15135537064562,82.61045998189144,82.76877175362085,27535000
2023-06-21,81.76286315917969,83.53188686140653,81.46770452827391,82.95314545793784,23229000
2023-06-22,81.2583999633789,81.88344487874487,80.57162694122435,81.51498224417186,23464000
2023-06-23,79.30223846435547,80.6401000703066,78.98393547782541,80.44622468177553,37413000
2023-06-26,79.25208282470703,80.73462419772102,79.11607937427011,79.57714144757644,21372000
2023-06-27,81.83423614501953,81.9885711053486,79.19131250169987,79.93210117762992,24923000
2023-06-28,81.78986358642578,82.81134284313644,80.74041240755989,80.90149564987925,19445000
2023-06-29,83.20103454589844,83.22707102534952,81.64228247637581,82.41779866561082,23386000
2023-06-30,83.66980743408203,84.35851572198207,83.3707926759563,83.77494682789337,23145000
2023-07-03,84.53890228271484,84.56687420876155,83.42771549675813,83.78460960291093,9038000
2023-07-05,83.13255310058594,84.5832738184372,83.12194864291307,83.66692651450472,14440000
2023-07-06,81.79566955566406,82.3647632320369,81.44166756155762,81.50629514995448,23939000
2023-07-07,81.67507934570312,82.7592580376592,81.47348429335325,82.03003794083503,19409000
2023-07-10,84.66333770751953,84.80223329685917,81.82267490396842,81.82267490396842,30622000
2023-07-11,85.08001708984375,85.17165254489946,83.39972957121552,84.98934567627634,25498000
2023-07-12,85.84203338623047,86.57896586832106,85.07519353930483,85.75039792684909,28197000
2023-07-13,85.881591796875,86.70918844015786,84.71542519682997,86.70918844015786,25912000
2023-07-14,85.70989990234375,87.13456954125512,85.4764693498637,85.4764693498637,18510000
2023-07-17,87.80976867675781,88.08563176490604,85.82563853819485,85.94428189056975,26819000
2023-07-18,87.14228057861328,87.76635400786301,86.64359142925407,87.3882436486204,24513000
2023-07-19,86.94357299804688,87.38727495750302,85.42534003319989,86.54809519297542,24118000
2023-07-20,85.68673706054688,87.48662473754409,85.46102622997536,86.09185529024144,28268000
2023-07-21,86.4979476928711,87.88692557621172,86.21629300618551,87.24452063749433,74287000
2023-07-24,86.96480560302734,87.33616772110028,86.25488086275473,86.88860951142505,19992000
2023-07-25,88.54669952392578,89.04730940687602,86.87123199855418,86.87123199855418,20042000
2023-07-26,86.14491271972656,87.83580493926277,85.62018706948832,87.67954924551204,19877000
2023-07-27,86.18734741210938,87.76153162664231,85.46102671919293,87.63131242381795,21922000
2023-07-28,86.79117584228516,87.1548255989945,86.2278664366983,86.74584380745101,18791000
2023-07-31,86.68121337890625,86.90788826383684,85.9433167906331,86.5702897200348,14952000
2023-08-01,88.7405776977539,88.80037771592944,86.58958002207763,86.71305094318878,19683000
2023-08-02,86.06871795654297,88.06538066192559,85.87483519995013,87.9978609514671,26877000
2023-08-03,85.36265563964844,86.36098338527256,84.98647331705419,85.52084678966382,18281000
2023-08-04,85.04143524169922,86.19602581103351,84.24276732593044,85.36263768272421,21156000
2023-08-07,86.52784729003906,86.55774729752672,85.39061673205305,85.62307585991915,11146000
2023-08-08,85.18709564208984,85.90473263472917,84.24566853135661,85.85554443514549,14081000
2023-08-09,82.05899047851562,85.22278386512653,81.86511507780882,85.1446596953067,24672000
2023-08-10,81.30372619628906,83.09782963330892,80.74138087958778,82.28951389371392,20186000
2023-08-11,80.03627014160156,80.67674692939283,79.4305209248369,80.44621590799439,20331000
2023-08-14,82.38404846191406,82.39176079442989,79.80670909611817,80.16842337838699,17688000
2023-08-15,81.26708221435547,82.43421292174975,80.68255649849944,81.91237935326278,14035000
2023-08-16,80.34784698486328,82.42263391930726,80.24849182001348,81.77540872166449,16003000
2023-08-17,79.77971649169922,80.96807088623846,79.7710327568601,80.68738019620982,19228000
2023-08-18,79.65817260742188,79.88291941593691,78.32320305759008,79.09486320321125,17759000
2023-08-21,83.44893646240234,83.6611433641877,80.23016339570826,80.45104667206724,30012000
2023-08-22,82.54706573486328,84.37588950974434,82.07345636517482,84.2466416989415,17079000
2023-08-23,84.55240631103516,84.70770532602194,81.9885780149526,82.06285337666712,19692000
2023-08-24,82.41877746582031,87.7625045821682,82.2258661050093,87.03811189881459,30934000
2023-08-25,82.16412353515625,83.86369941117216,80.79925406615207,82.66570480442995,24181000
2023-08-28,83.05731964111328,83.35151422622556,81.70981027095696,82.60493392606195,14306000
2023-08-29,85.8401107788086,86.12080144812421,82.60783357367661,82.79881685326549,27822000
2023-08-30,86.06678771972656,86.68701241091158,84.79645304463106,86.07739953753256,23234000
2023-08-31,89.01934051513672,89.09457255888145,86.2105058364148,86.61948762562669,55203000
2023-09-01,84.16077423095703,86.99178864905019,83.40262554373182,86.99178864905019,65017000
2023-09-05,84.12703704833984,85.17166818138489,83.6283478617135,83.87045478344035,24808000
2023-09-06,84.13668060302734,84.6286141572476,83.60327853745981,84.1588682803498,20142000
2023-09-07,82.66667175292969,83.11615799699884,81.07416330949472,82.9049151371615,27789000
2023-09-08,82.7168197631836,83.03320201594701,82.00014684571946,82.47085669949473,16810000
2023-09-11,82.87019348144531,83.82126099590785,81.5689875293015,83.79907332089138,15710000
2023-09-12,81.45999908447266,82.78628495250416,81.1841286214106,82.01173265149994,16680000
2023-09-13,82.27119445800781,82.86730334105883,81.43298602266105,81.71753284280413,17413000
2023-09-14,84.07591247558594,84.5610903553491,82.47086407066756,82.8595862712902,19648000
2023-09-15,82.15061950683594,83.74023576783536,81.30372737402509,83.74023576783536,50190000
2023-09-18,81.98857879638672,82.59915568579797,81.02400728113511,81.272869852327,16541000
2023-09-19,81.9113998413086,82.08791510868632,80.87930875884699,81.60177325247967,13126000
2023-09-20,80.55074310302734,82.43414429452083,80.52941127710048,82.43414429452083,13681000
2023-09-21,78.39676666259766,79.76810053499011,77.10981300495443,77.11175158933398,53654000
2023-09-22,80.40624237060547,80.5517175896808,78.59267449022092,78.67607801340982,27764000
2023-09-25,80.87272644042969,81.32563743913528,79.81755946257589,80.30150260793111,15648000
2023-09-26,79.15613555908203,80.52164613009086,78.67316173092783,80.4149648074459,17641000
2023-09-27,79.21627807617188,79.88254443887892,78.01078923330316,79.45388787233841,15352000
2023-09-28,80.6894302368164,81.35473462941971,79.00969868746779,79.542128660809,16180000
2023-09-29,80.55170440673828,81.85708919767535,79.8078504659115,81.12098959307967,16481000
2023-10-02,80.97553253173828,81.32563937915087,79.86507887985867,80.40430128643644,14676000
2023-10-03,79.02424621582031,81.0531153468308,78.45010707671571,80.20451853536578,18761000
2023-10-04,79.89513397216797,80.55170725858522,79.16679607719318,79.55763535477085,16417000
2023-10-05,79.89999389648438,80.36259781773362,79.08727573608874,79.53630956742306,11474000
2023-10-06,81.97542572021484,82.27897696749184,78.722629007895,79.46745978805077,21103000
2023-10-09,83.00537109375,83.07617381647052,81.25483685246734,81.50990127483348,15760000
2023-10-10,83.25074005126953,84.62206644008059,82.98985248473818,83.12853525110981,14718000
2023-10-11,84.81700134277344,84.89264312141327,83.07034440180708,83.37681088224174,14334000
2023-10-12,87.82733917236328,89.02313491236436,84.99836016186411,84.99836016186411,43871000
2023-10-13,85.65299987792969,89.79706439464834,85.54728783472382,88.15708858501158,28312000
2023-10-16,87.53348541259766,88.81559250660113,86.4084850317008,86.4084850317008,21150000
2023-10-17,85.77131652832031,86.6034205508036,83.98683486465302,85.8440504361535,33008000
2023-10-18,86.0263671875,86.86041706004177,84.87905841737124,85.33973109053575,20404000
2023-10-19,84.164306640625,86.26494760753663,83.95482855870154,86.02540667206313,26620000
2023-10-20,82.78715515136719,84.84997147922172,82.61355567977881,84.84997147922172,26953000
2023-10-23,83.62024688720703,84.72390815292943,81.73878411804715,83.20709903192318,16456000
2023-10-24,85.45223999023438,85.63553979288008,83.70752154014527,83.792871042568,14972000
2023-10-25,82.39923858642578,85.22143287424697,82.05495485664675,85.06044156987276,21432000
2023-10-26,80.18028259277344,82.86378663532498,79.36465647574738,82.23242963088344,27917000
2023-10-27,81.30623626708984,81.48565889922924,80.35386605592409,80.49546409754443,18236000
2023-10-30,81.58650970458984,82.37982714499095,80.21905321172572,81.57196292480839,20889000
2023-10-31,81.59817504882812,81.99871476656658,80.74763950573916,81.8425699073599,14747000
2023-11-01,82.72026062011719,82.80657943410512,81.0356748993679,81.65927024688112,18684000
2023-11-02,84.50082397460938,85.39306832755047,83.4049247204737,83.59888670201398,18759000
2023-11-03,85.6045150756836,86.07197293858842,84.4775832838967,85.10214789139306,18041000
2023-11-06,85.42507934570312,85.91580750558285,84.49210982718147,85.49587466299948,12870000
2023-11-07,87.07282257080078,87.45590757469023,84.97218134597324,85.56959831779379,19365000
2023-11-08,88.36366271972656,88.53629292824677,87.18726750080639,87.2842485193257,15280000
2023-11-09,88.38789367675781,90.17431375218683,88.11440533071018,88.4965135815243,24486000
2023-11-10,92.8626708984375,93.00135366620209,89.05028952970771,89.39264203366653,36272000
2023-11-13,91.83562469482422,92.36611604304916,91.21008352709333,92.1382066128435,16893000
2023-11-14,94.36007690429688,94.72958437725698,92.64252087227212,93.33012634018664,23886000
2023-11-15,94.59671783447266,95.21255869300722,93.77333747453794,94.99531147205069,16099000
2023-11-16,93.05955505371094,93.94694577277562,92.18380324035944,93.49112686142442,26198000
2023-11-17,94.82269287109375,95.42010240736552,92.23034687790538,92.92959128472097,19789000
2023-11-20,96.5664291381836,96.96987663022354,94.36396069614531,94.36396069614531,18674000
2023-11-21,95.15921020507812,96.10963434721582,94.23108717905102,94.55791617696742,43344000
2023-11-22,94.2669677734375,95.81772408356674,94.16998677309462,95.4006991228339,33743000
2023-11-24,94.9332504272461,95.0292621446797,93.7578246088286,94.55405001827916,23158000
2023-11-27,92.1566390991211,95.1407861549097,92.06838172242277,94.66945121585373,96962000
2023-11-28,91.77938842773438,92.21677599831776,90.5971700685731,91.15773174447175,39025000
2023-11-29,91.24404907226562,93.04792423180628,91.10245100616011,91.97238714182183,34843000
2023-11-30,89.77960205078125,91.39823862851127,89.06581083754185,91.26052514479305,49571000
2023-12-01,90.1937255859375,90.57195674646046,88.06011353174766,89.46247966215014,29612000
2023-12-04,89.6089096069336,90.28778404122836,88.87862569504233,89.28595775479558,25009000
2023-12-05,88.55664825439453,88.9591264776992,87.8515880940769,88.40924185372029,37066000
2023-12-06,87.63725280761719,89.31796096079141,87.58488143605254,89.25880454433769,24813000
2023-12-07,89.44307708740234,89.62346903337954,87.637263438206,87.82153255316153,43517000
2023-12-08,91.58055877685547,92.20415395091842,88.30546139915184,89.98422349964274,69668000
2023-12-11,99.81826782226562,100.81427107282724,92.72399586169456,92.81321514105917,101184000
2023-12-12,103.99238586425781,104.68193737696296,99.36632414381818,99.69703776406723,90242000
2023-12-13,105.68085479736328,106.6594033596924,103.04777625777562,103.57730576161035,71654000
2023-12-14,107.3101577758789,108.76198725485614,105.73806947610909,105.92233857553803,66964000
2023-12-15,109.56501007080078,111.5182375877757,106.15898361888046,106.21717815110084,118544000
2023-12-18,111.23892211914062,111.70637994912266,108.48849989964746,108.69798540991943,54741000
2023-12-19,111.0274887084961,112.08750751283088,110.33866900553762,111.26326235374731,36020000
2023-12-20,108.18257904052734,111.20091130126299,108.07345967770354,110.3571763043442,34523000
2023-12-21,109.8301010131836,110.62219766866404,108.63270912919698,110.35232047725877,24106000
2023-12-22,109.31275177001953,110.28898360201018,108.48948031872774,109.897320883602,19089000
2023-12-26,110.27827453613281,110.62999124700144,109.41408330418031,109.53294760080732,16793000
2023-12-27,109.72098541259766,111.02653040110363,109.40824094619023,110.67870866281864,20055000
2023-12-28,109.3546371459961,110.3123602398022,109.02727906140372,110.25877430810769,21247000
2023-12-29,108.7544937133789,109.54659036183699,108.600559576511,109.26209950180774,20558000
2024-01-02,105.74687957763672,107.3661352751028,104.93919551067518,106.4035433224118,28831000
2024-01-03,103.13578033447266,104.73555335415732,102.81718600589397,104.26789365927088,34735000
2024-01-04,102.20339965820312,104.1997042905909,102.04361560371443,103.07538084763432,25658000
2024-01-05,102.22970581054688,102.83180982939888,101.47268648272849,102.45574197149686,22475000
2024-01-08,104.72095489501953,105.02785684665007,102.49471156733736,102.9331439886952,33110000
2024-01-09,105.4653091430664,106.0557282058068,103.73303165476979,103.82168742917877,23225000
2024-01-10,105.27825164794922,105.5111040801015,103.52746538543812,105.25682173152532,17643000
2024-01-11,107.1693344116211,107.29793620358033,104.68782751436288,105.64360322754148,25757000
2024-01-12,107.91952514648438,108.69992933783034,107.1722507256937,108.350160131306,26882000
2024-01-16,108.62881469726562,109.72780588572951,107.0378051336568,108.37355117567915,26145000
2024-01-17,107.5288314819336,108.44855609297028,106.21745160180305,107.7840949777763,18314000
2024-01-18,111.44935607910156,111.7065670791001,109.30301230946947,109.59724064264701,32228000
2024-01-19,118.00531768798828,118.57039693561097,112.62726416223249,112.75489962823438,53077000
2024-01-22,118.91142272949219,119.96657299060901,117.71499705740406,118.49734885579088,31222000
2024-01-23,119.47745513916016,119.54273349569829,117.2570618669471,118.96011189881656,16952000
2024-01-24,122.16259002685547,125.15169511774744,119.93537302064838,121.0353453192274,34805000
2024-01-25,119.83695983886719,124.80581533972068,119.72004305575577,124.80581533972068,36356000
2024-01-26,117.38956451416016,118.98057391129218,116.93652588727838,118.83345603206325,25818000
2024-01-29,118.64542388916016,119.22024807892089,117.40028862786053,118.36677553658217,21526000
2024-01-30,117.70913696289062,119.64211819534755,117.33208791784732,118.54799582696697,20683000
2024-01-31,114.96556091308594,116.64327879381658,114.41119284336297,115.88625938747714,27400000
2024-02-01,116.91510009765625,117.2151783803741,114.87884929835654,115.68165719452638,19411000
2024-02-02,119.2855224609375,120.29391028206285,117.41587213302806,117.76661507661954,26689000
2024-02-05,121.11327362060547,121.56631966541717,119.07214691268382,119.54078037576276,22045000
2024-02-06,119.1208724975586,123.93968194037737,118.07741481716022,123.10764675355756,25354000
2024-02-07,122.47339630126953,122.7120912225401,119.51546582369735,120.22669670785065,25768000
2024-02-08,124.19786071777344,126.26431981412406,123.24793503246629,123.44181516588203,29326000
2024-02-09,125.04353332519531,125.26859572461576,121.68713178086908,121.98331502835264,26293000
2024-02-12,123.24696350097656,125.68949791904458,122.66239440974617,125.68365542440796,24778000
2024-02-13,121.9462890625,122.35743416171657,119.55344569534454,120.33579731592674,31907000
2024-02-14,122.97611999511719,124.02640138432136,120.93986926078222,123.66007100197402,27306000
2024-02-15,123.25379180908203,124.7083946314712,121.283785795427,124.70352588575774,21873000
2024-02-16,121.34514617919922,124.28748865069615,121.04409420228419,122.66627830099914,21268000
2024-02-20,119.50084686279297,120.58912677330956,118.13782102273349,120.40790536315168,26329000
2024-02-21,119.58853149414062,119.64698617469715,117.171329361616,118.6678331093782,20579000
2024-02-22,127.1343765258789,127.7267431052676,124.36448372095188,124.87501076765136,40819000
2024-02-23,126.30329132080078,128.5685142821542,125.56771676048257,127.472444410428,23115000
2024-02-26,127.54647064208984,128.48763257310475,126.79919627511576,127.63123884406505,16282000
2024-02-27,126.28965759277344,127.82025742832079,125.89896862866041,127.5464778254629,12126000
2024-02-28,125.62616729736328,126.51276957673586,124.99774976237957,125.974962741185,10967000
2024-02-29,126.70470428466797,127.47536357919759,125.41767546263604,126.97945021769527,27536000
2024-03-01,136.31895446777344,137.15585844448555,128.60553779820953,129.18329069361698,44488000
2024-03-04,136.6200408935547,140.11870049357313,134.9569362387826,136.7067566301354,34854000
2024-03-05,130.82200622558594,135.9126471645072,129.8107046874111,135.9126471645072,36040000
2024-03-06,131.5283660888672,135.89608379224728,131.24192035163028,135.57944440272016,43196000
2024-03-07,137.08279418945312,137.79401764353221,133.75853329726505,134.64513567502405,62832000
2024-03-08,127.50653839111328,137.66638461418282,126.81090981607068,135.83960141831096,74025000
2024-03-11,125.98664855957031,126.56147273140401,122.03495165759432,124.50671343615767,31105000
2024-03-12,125.8658676147461,127.41595756190283,122.6896981093833,127.33897933515658,42789000
2024-03-13,122.55230712890625,124.98898430192996,122.01547401791834,124.98898430192996,37838000
2024-03-14,122.9809799194336,124.039058659259,121.56242818450593,123.00728601139497,38029000
2024-03-15,120.37283325195312,123.47787399637734,119.8437975686053,122.12264560847673,88823000
2024-03-18,120.5423583984375,123.04042643602016,120.00260402513611,122.1733139416926,25737000
2024-03-19,120.61737823486328,120.83756447427538,117.3057837353209,118.56553267565599,24491000
2024-03-20,124.84812927246094,126.02126874238743,120.01368687170952,121.22988363197064,40946000
2024-03-21,131.89285278320312,137.3339116630625,128.76186823686632,129.9672931815352,72468000
2024-03-22,132.42803955078125,134.65396979991644,131.71183148129816,132.08852300554412,38624000
2024-03-25,132.2431640625,132.91435927783013,130.86258341984131,131.60229109915147,21237000
2024-03-26,130.2774658203125,135.01797811174566,130.18157227451763,133.52585781789924,23522000
2024-03-27,129.0289764404297,132.08853726192024,126.80695753560768,132.08853726192024,25583000
2024-03-28,129.68258666992188,130.1404959294817,128.3245201612786,128.94777600391768,19856000
2024-04-01,132.11398315429688,133.35855386411527,129.682574933658,129.7089855954184,17252000
2024-04-02,130.98878479003906,131.34199191781605,127.530018398455,128.74131072654404,24694000
2024-04-03,133.38104248046875,134.71269810000894,129.66885928785766,129.93598168647654,28650000
2024-04-04,128.9086151123047,137.37010322098553,128.66400673448248,135.5443489165496,27014000
2024-04-05,131.05433654785156,133.18732974731083,128.585753254408,129.74031276762486,19438000
2024-04-08,130.72850036621094,131.35469720822746,128.73738461310842,130.4887889365226,17139000
2024-04-09,130.53086853027344,133.01608319407555,128.0417273524135,132.8096351469591,17986000
2024-04-10,129.3851318359375,130.69427356903762,128.71099558066132,129.4467766204092,17467000
2024-04-11,135.26454162597656,136.18524208452965,129.51037650842707,130.3939019821126,31713000
2024-04-12,131.50831604003906,133.70392415363622,130.77938782194025,132.28519849041163,27823000
2024-04-15,128.24229431152344,134.04538287430884,127.78341475571405,134.04538287430884,24370000
2024-04-16,130.03968811035156,130.75002879886983,128.27263745330438,128.70117985905543,18923000
2024-04-17,125.496826171875,131.79499963366376,125.37843355936126,131.41439649736958,24718000
2024-04-18,123.18380737304688,126.47721207020356,122.83841597089464,126.02224405320784,24888000
2024-04-19,117.87285614013672,123.28261399745098,117.17327234564893,123.18379425000462,44797000
2024-04-22,119.8052749633789,120.66042643308569,117.46486355780483,119.80918654774412,25162000
2024-04-23,122.22493743896484,123.07715519737079,120.15359681158036,120.16827271740904,22025000
2024-04-24,122.97148895263672,125.78937498777448,121.81106964800318,123.66422010940437,20108000
2024-04-25,126.65039825439453,127.98203892512282,122.98909557117906,124.50078109546978,30410000
2024-04-26,131.50831604003906,132.65894887980795,127.50261481464197,128.1747952005887,24100000
2024-04-29,130.97506713867188,132.38010220947274,129.71093867713907,131.5092969754423,13372000
2024-04-30,127.22276306152344,131.92708484942125,127.10340002940568,130.02206877247386,22113000
2024-05-01,121.60559844970703,126.44981956016723,121.45785402425706,125.07609947662685,30958000
2024-05-02,121.18585205078125,123.71803568781345,119.69276142850553,122.91865412645328,29480000
2024-05-03,125.0545654296875,125.61912498251701,122.02435665686117,123.18478336627757,24898000
2024-05-06,128.20513916015625,128.25013731200056,124.75713711294637,125.8480810252115,16287000
2024-05-07,127.50066375732422,129.05441378605803,126.87934887425607,128.80490844374174,12413000
2024-05-08,129.67864990234375,130.9056034239553,126.07018350686843,126.5603856427205,13918000
2024-05-09,127.75115966796875,129.310777319248,127.39207018500267,128.9409384421469,12170000
2024-05-10,130.40562438964844,131.50146520528386,128.69435101131378,128.69435101131378,16300000
2024-05-13,130.86647033691406,132.90943704464695,130.14242414814535,131.8928431710952,18507000
2024-05-14,135.02679443359375,135.21856660653614,129.72074431229586,130.3606318430324,19420000
2024-05-15,140.5196990966797,140.7917035112007,134.04344403634926,135.02383340395178,32757000
2024-05-16,138.1675262451172,141.4227704132394,137.4757730494092,139.52462197906328,28395000
2024-05-17,136.51983642578125,138.89155497209083,135.19796004427155,138.19589027960353,18174000
2024-05-20,138.3534393310547,138.63816385278787,136.31144301541664,136.5893297294337,27170000
2024-05-21,136.9024200439453,137.8994410808292,136.34079417183352,136.85153958852086,15333000
2024-05-22,136.221435546875,137.4699177482611,135.4367299060918,136.5903039309471,21002000
2024-05-23,136.32415771484375,139.8181429515984,134.8281409961304,139.76238048259123,31039000
2024-05-24,137.74777221679688,138.30939803648116,136.1998897739975,136.96014045159765,16730000
2024-05-28,138.19883728027344,138.66164338046747,136.25077877627277,137.9591258462041,22919000
2024-05-29,136.06781005859375,136.89263175143824,135.31735325166264,136.89263175143824,26861000
2024-05-30,133.46617126464844,135.2958372656457,132.64036413369047,134.92598352321224,21717000
2024-05-31,129.9897918701172,133.31647507107772,127.90670888363367,133.20003824775029,73091000
2024-06-03,129.33914184570312,132.382070982956,127.44391939875173,132.35271916890792,26278000
2024-06-04,130.2119140625,130.3263951048783,127.88226665329903,129.192378863886,23048000
2024-06-05,138.261474609375,138.38474923655997,131.16293429934956,131.69716416304826,32947000
2024-06-06,137.10494995117188,139.20075283561036,135.8300571922577,139.12052057200086,20172000
2024-06-07,137.63040161132812,139.42680448000752,136.689142882739,137.74194150222192,17859000
2024-06-10,140.94041442871094,141.77991208506106,137.87400106150923,137.93955742304283,31042000
2024-06-11,142.9520721435547,143.34149872457118,138.56869407220728,140.71831864721491,34844000
2024-06-12,146.32569885253906,147.33251370109582,144.45591691060216,146.76502049694244,56697000
2024-06-13,164.27801513671875,169.84139278967734,161.68809844821854,167.31213551702837,89061000
2024-06-14,169.7621612548828,170.95585158238543,164.58234188304343,165.04807430126445,69705000
2024-06-17,178.94277954101562,180.32531565484183,174.0222450832244,176.11804818449212,87528000
2024-06-18,176.36459350585938,181.16870555597896,174.65136445610713,179.99164719338742,86797000
2024-06-20,169.71514892578125,176.58278560053418,168.50776835994412,176.45655490369413,68157000
2024-06-21,162.28594970703125,167.70352449794564,161.58049091158742,165.90907751155822,99289000
2024-06-24,156.28184509277344,163.03387466583757,156.12970752125827,161.1738513202931,58575000
2024-06-25,155.16091918945312,157.6393176769384,153.5129120249764,157.05922394772028,53329000
2024-06-26,156.26123046875,158.83089955096497,154.45421121684325,156.812852705157,46479000
2024-06-27,155.7371063232422,157.59810328893917,154.20001952186024,156.26124559870198,31649000
2024-06-28,157.58926391601562,160.89706554620932,155.67232744377287,156.64208093926277,69377000
2024-07-01,161.0511474609375,161.83147026633227,156.40846565386477,157.8513312116491,47623000
2024-07-02,162.68832397460938,162.85714601114805,159.20581531775673,161.05111566178226,32539000
2024-07-03,169.72991943359375,169.72991943359375,163.3734660924825,163.91724029120903,39954000
2024-07-05,167.18675231933594,173.28801082533178,166.46925850535698,172.31530692096328,45240000
2024-07-08,171.36322021484375,172.44684470988977,167.3526473587592,167.3526473587592,36398000
2024-07-09,170.13137817382812,173.82885427618757,167.40760946931252,172.41347165704315,37802000
2024-07-10,171.2483673095703,173.38813318233147,169.4492110545592,171.37696084479157,41074000
2024-07-11,167.44586181640625,173.22909534962992,163.76999833618376,173.20848683831605,51026000
2024-07-12,166.92764282226562,169.40505298158084,166.00891639814714,167.94451430616778,30453000
2024-07-15,168.25563049316406,170.307046053288,166.13549992544833,166.86184511358684,22999200
2024-07-16,166.2532958984375,169.61997183902838,163.3282951072675,169.2175367334014,22244900
2024-07-17,153.1006622314453,159.83402974728705,152.73749708837943,159.3138145510131,43343400
2024-07-18,157.556884765625,158.52860027225907,151.0590764913081,155.95696896290187,37973500
2024-07-19,154.44537353515625,160.9235305850633,154.21960848067468,158.85247993501903,26309500
2024-07-22,158.08689880371094,159.98127961625116,154.98522745934437,157.2722184519054,28813300
2024-07-23,160.7468719482422,162.27807254205572,156.9483004997704,157.4390706889218,21570200
2024-07-24,148.54629516601562,158.4304124945742,148.3107350956107,157.38998224464495,37162600
2024-07-25,146.5047149658203,150.71553167629477,142.83376344882177,148.46779576921818,30872100
2024-07-26,148.83094787597656,150.74494830344105,147.15250751520608,150.66642328883802,20839900
2024-07-29,147.44700622558594,152.13876833477266,146.39675076483866,149.21378201457475,16625800
2024-07-30,140.8706817626953,150.63700570297806,140.70382169270624,150.450510631485,31102300
2024-07-31,157.7139129638672,158.35192324525528,148.2126085579133,148.673933769475,45827500
2024-08-01,144.3060760498047,155.97659098854038,143.47176070595933,154.59261540847046,40320000
2024-08-02,141.16514587402344,142.66690147037536,137.0230442360631,139.31002016158166,33745800
2024-08-05,139.4572296142578,142.73557019844398,126.12791226411194,127.21742245551687,41309300
2024-08-06,141.26329040527344,146.16118231795446,137.6610389897477,139.11371456588614,24751300
2024-08-07,133.75450134277344,147.32920553654296,133.3226212129231,145.51334998434035,29749800
2024-08-08,143.0496826171875,143.56989775584736,135.84516573962532,138.5934814579193,27583200
2024-08-09,145.52317810058594,146.78937363673435,141.4497913253922,141.53812636918352,18438700
2024-08-12,145.8765106201172,148.34018629136912,143.66804500526868,145.3464854624846,17778500
2024-08-13,153.27734375,153.49328382390073,147.0445565732709,148.7524421639992,22053600
2024-08-14,154.7790985107422,157.29183938317684,151.86392250465997,155.10300861998655,20184200
2024-08-15,163.0633087158203,163.59333393301847,157.38018150774116,158.22430683669947,27945000
2024-08-16,162.66085815429688,163.02402326913696,159.67696728372638,161.43393279106274,19296900
2024-08-19,164.61415100097656,164.7319310591086,157.45871292708998,161.81675480339456,20441700
2024-08-20,162.88662719726562,165.26195317986267,161.11985147302707,163.96632763349973,19417500
2024-08-21,162.7197723388672,163.39703763628322,159.87331106431824,162.071952056372,16097700
2024-08-22,159.34326171875,169.23719054789794,158.5089613818946,167.68635495000967,30044500
2024-08-23,163.28904724121094,165.17360284689565,160.4425863213689,161.98359682629626,18848000
2024-08-26,156.67347717285156,162.641244728472,155.73120675608521,161.91491440244755,18521200
2024-08-27,158.4108123779297,159.03899766585957,152.9534498808292,154.69078066819722,16683100
2024-08-28,155.2600555419922,159.28437723139257,153.36568973144605,157.12499131539744,18063600
2024-08-29,154.0331268310547,160.1873892946142,152.54119621579977,155.56434242637079,23519300
2024-08-30,159.81442260742188,160.22666779748943,155.78029077525986,158.14579186751985,25158500
2024-09-03,149.96957397460938,157.7728333251655,148.58561318236633,157.41947812824552,37179100
2024-09-04,151.27500915527344,154.87726080461263,146.39675192724852,147.52553242948224,20324100
2024-09-05,149.99899291992188,153.47363892446407,147.33901216868497,147.7905272878414,31548500
2024-09-06,134.4710235595703,140.85103562626526,134.07841342323576,140.60565054677699,76634600
2024-09-09,138.22052001953125,138.97629530957235,132.4097879364111,136.54207942207105,39516700
2024-09-10,145.47410583496094,147.09364146582834,138.4364481534656,138.61313320939013,36067500
2024-09-11,155.348388671875,155.93730387014398,142.36259961926868,145.6507656404574,39700800
2024-09-12,161.52227783203125,163.24979843587147,153.93497510920878,155.18153554909492,43530700
2024-09-13,164.5945281982422,164.97732839266175,161.01189640096842,163.66206772230936,29850000
2024-09-16,160.99227905273438,162.44495481763087,157.448917203549,162.1406796550971,26126900
2024-09-17,159.47085571289062,162.95532681644013,157.73352516679563,162.4351116491709,19844300
2024-09-18,158.6856231689453,164.37856007173528,158.38134806333855,160.7468638503903,26557600
2024-09-19,164.86997985839844,167.41068499860143,163.1367922937915,165.12601432007654,32453100
2024-09-20,168.49392700195312,169.3999123835458,163.9344432093499,164.63362055672863,91758500
2024-09-23,170.30592346191406,170.68014042487118,165.78583814922814,169.3802383596811,29431100
2024-09-24,172.1769561767578,173.30944919939392,169.06508347345525,170.1778769146741,34223400
2024-09-25,172.8466033935547,174.44192385107553,171.11340089513442,171.98984442167554,16613800
2024-09-26,175.37745666503906,177.50456069355047,172.33452494519466,175.78121544409854,24340000
2024-09-27,170.05970764160156,175.7516694730895,169.14386494531658,175.45623586053375,20580900
2024-09-30,169.87261962890625,170.28622072570673,167.04633795424647,169.25221047051573,16902000
2024-10-01,164.91920471191406,169.62639759099375,163.27464289257153,169.5377720200633,23770400
2024-10-02,168.06063842773438,170.207427089388,164.4760807799327,164.99800701515593,14317800
2024-10-03,169.27191162109375,172.27545952297538,166.61303881625972,167.03648219557795,13072300
2024-10-04,173.9495391845703,174.2055736320958,169.971080325536,173.6147214394114,17921400
2024-10-07,172.41331481933594,175.59411367936042,171.21189574037092,172.157280353437,15588300
2024-10-08,177.9772491455078,178.83400816229985,172.22620334343438,172.74812957051148,20774200
2024-10-09,183.11773681640625,183.58057930765975,173.7328923046115,176.5099472521325,25504100
2024-10-10,182.8616943359375,183.47224609488148,179.74982177325916,180.76413228793322,16318000
2024-10-11,178.71583557128906,179.80892952783424,174.69797711010617,178.38101778945196,23070000
2024-10-14,179.53318786621094,182.13297675730618,177.3863992103545,180.50811433526363,17195800
2024-10-15,173.2996063232422,178.93248496730726,170.72935919709928,178.036341767938,27657500
2024-10-16,174.12681579589844,176.51979662111293,172.65950496400075,175.7910623441153,15285100
2024-10-17,178.76504516601562,182.6844200394716,177.93784313719354,178.60747858156097,25232400
2024-10-18,177.15003967285156,179.9270946011859,175.95846294210907,179.5430354117756,17835200
2024-10-21,177.24855041503906,178.95219631521186,175.53504720949996,176.64784081652078,13695100
2024-10-22,176.6478271484375,177.93787183567295,174.7078314652825,175.93879243041238,12062600
2024-10-23,170.86721801757812,176.2539042069865,169.94154802765917,174.88507626465145,19513700
2024-10-24,168.74012756347656,171.64519230597523,166.91829940601593,171.605793142081,20485200
2024-10-25,170.364990234375,174.10711441242884,170.0892561921753,171.5368674269129,19977700
2024-10-28,169.39990234375,171.3201981488799,168.74010917103237,170.36497138467075,13195800
2024-10-29,176.5099334716797,177.48484479198652,168.60224262771004,169.81350382713381,23702300
2024-10-30,173.9495391845703,176.46070232601738,172.94507092271598,174.76689899284244,17911500
2024-10-31,167.1842041015625,171.79291489269812,164.8306072605073,171.79291489269812,26086600
2024-11-01,166.34713745117188,168.72043377359887,164.94876761248818,165.69718646200965,17847000
2024-11-04,165.98275756835938,169.82334926054384,165.85473283649424,166.7016344694345,13621300
2024-11-05,171.2512664794922,171.74365081672636,167.4599160986156,167.4599160986156,13441800
2024-11-06,176.8152313232422,177.46518230183625,173.27991513195957,176.8940146260759,24300800
2024-11-07,181.0103302001953,182.054182605619,179.02109324235573,179.21805900112656,18970600
2024-11-08,180.84292602539062,182.23145351836527,179.06049705739446,180.20283237188613,13503200
2024-11-11,176.18496704101562,180.83307638359707,174.12680411904432,180.60656876962472,17036700
2024-11-12,173.53594970703125,176.8250737139477,170.56194388527197,176.1751227349392,15862000
2024-11-13,170.9361572265625,172.91553695591313,169.9710880826699,172.04895069515126,17472500
2024-11-14,167.784912109375,172.89586455991477,167.2826704070158,172.10804651859743,20638900
2024-11-15,162.3292694091797,166.56377783769415,160.94074193150786,165.90398460979668,20836200
2024-11-18,163.14662170410156,163.8162722049967,159.7491728406013,163.1367794270212,17856900
2024-11-19,162.8314971923828,164.25940868492216,161.80732941366207,164.12154167929168,18003400
2024-11-20,160.7634735107422,163.0185869869749,158.40987716422802,163.0185869869749,17196700
2024-11-21,161.44297790527344,163.80641669893456,158.15385415907554,163.71779112510717,24835300
2024-11-22,161.72854614257812,162.3981966174276,159.92641776606803,161.7974871585909,17332500
2024-11-25,162.30958557128906,164.6828667361483,160.40897415223242,162.88073819838587,26850600
2024-11-26,162.2307891845703,163.83595183025784,160.21201049191544,162.09292217770678,16308800
2024-11-27,157.23800659179688,160.71423868106405,155.14044458487646,160.71423868106405,19722700
2024-11-29,159.61131286621094,160.21202237489473,156.65700676311903,157.13954883612007,11024000
2024-12-02,163.9738311767578,165.8153588676171,160.27110626636727,160.4680570015112,21472400
2024-12-03,165.58885192871094,165.70703439138606,161.53160966781047,161.97475258030275,17024400
2024-12-04,167.962158203125,172.71859314262653,165.99262067255106,170.7982970555927,32748200
2024-12-05,167.87351989746094,169.7741162577569,166.62285945294784,168.14925392873312,18490000
2024-12-06,176.7955322265625,177.92801027685312,166.7508939965435,167.5091701403194,27830800
2024-12-09,176.2145233154297,178.0363364952308,173.33900035576553,176.2243655934773,20886300
2024-12-10,169.19309997558594,175.7812046725768,167.14477937287467,175.10171189735323,27762600
2024-12-11,180.4096221923828,182.05418411236207,173.7427339097342,177.26820764634724,41295200
2024-12-12,177.90830993652344,179.22789633618459,173.30944209194155,178.1741866560525,46967200
2024-12-13,221.37600708007812,225.2165990049884,207.89452115368664,210.6420192189874,121336600
2024-12-16,246.1921844482422,248.04355448373406,227.29446996577457,228.2595391214257,111623200
2024-12-17,236.57098388671875,238.77687121492107,230.23892827023693,236.98458494331078,70382100
2024-12-18,220.21397399902344,236.19678097240765,215.88099768798963,235.76348033602866,53960100
2024-12-19,214.9947052001953,224.57650023895613,214.26597096827922,224.43863322495875,40845200
2024-12-20,217.4270782470703,226.78238105135233,215.57572327847583,217.00363491174852,131910400
2024-12-23,229.42408752441406,230.46085311505627,222.29500575780116,223.8353587038701,40643800
2024-12-24,236.66177368164062,237.20485070824665,231.84323631823355,237.09623530292546,22827200
2024-12-26,242.27024841308594,244.16606856382742,234.60797342050913,236.9777448422762,28459000
2024-12-27,238.70570373535156,242.68495376498825,233.37371058860117,242.54671735204698,29282200
2024-12-30,232.6134033203125,235.76323487956245,228.7032639548135,231.7444801131707,27316800
2024-12-31,228.9204864501953,234.4697252763065,228.3971618285117,232.9096200594737,17927700
2025-01-02,229.05873107910156,236.48403786452985,227.3406520959289,233.18610124475066,31525800
2025-01-03,229.62156677246094,233.51195387979487,226.11626790299493,230.64846371789554,24973200
2025-01-06,233.43295288085938,238.7057040090578,230.3621157136926,233.521815917858,34028400
2025-01-07,225.7607879638672,236.4840310605519,224.7338910762655,236.4840310605519,25928600
2025-01-08,226.42236328125,229.5425739339468,223.21328958843802,226.80745152172184,18756500
2025-01-10,221.48529052734375,224.96096783744602,218.4638271255573,224.4376432648039,23864000
2025-01-13,222.45297241210938,226.37298039445892,216.74575972042123,217.2197260477385,23772100
2025-01-14,221.8704071044922,227.3603890296336,220.2905645370501,223.7168689159853,18143100
2025-01-15,225.12884521484375,227.43937448395022,222.73932156047226,225.67192219689144,21745600
2025-01-16,226.52110290527344,235.5953780262294,226.32362446679943,232.2579366694541,23471900
2025-01-17,234.44998168945312,235.10167409555768,229.7301762027668,234.09451447399962,31196600
2025-01-21,237.28382873535156,239.69310478421554,234.41047008363404,238.45884574825152,30903200
2025-01-22,237.87628173828125,243.8797195638094,237.65905094021053,243.6427364022853,29610500
2025-01-23,237.25421142578125,237.37269547375817,233.14659367400705,235.40776470049263,17653900
2025-01-24,241.61856079101562,246.44698183527788,238.86370108190582,241.61856079101562,25387800
2025-01-27,199.5846405029297,215.67936728902913,193.7589284474536,210.71270982183037,90569400
2025-01-28,204.74876403808594,207.3061451505733,196.3854235855615,205.39057271162832,50316000
2025-01-29,203.75148010253906,208.78724774192142,200.21656054706654,206.21011436805136,32533700
2025-01-30,212.94424438476562,219.16491287543388,211.00891960693875,215.81760300695902,42449500
2025-01-31,218.48361206054688,223.94397308853087,213.57619669616034,216.89388574438448,41104700
2025-02-03,214.98817443847656,218.15775831250167,210.82131467468724,212.74677084861287,24507300
2025-02-04,219.62899780273438,220.22144820749048,212.58879402162503,216.58779658712947,23768500
2025-02-05,229.07847595214844,234.9337935580768,224.6351434444559,230.99404837723807,29196000
2025-02-06,228.44654846191406,231.8432319092111,225.68180506993,231.54700671245578,21169500
2025-02-07,222.03826904296875,232.68251825902365,221.28784493817844,232.04070955711714,22117500
2025-02-10,232.08018493652344,232.85037642470857,224.25992161006852,224.5660154357296,23901600
2025-02-11,232.08018493652344,234.89430152292462,227.0740381964697,229.55242487948408,18476200
2025-02-12,233.37371826171875,233.50207096368783,227.10367596388608,227.4591431897995,16397300
2025-02-13,232.8306427001953,233.96615506047712,227.82448049275277,233.08736317238228,20962000
2025-02-14,230.10537719726562,232.77138880572508,226.01751181537028,231.57661941280045,16988800
2025-02-18,225.6521759033203,229.2759586749795,221.47544748657205,227.20241250589544,26080500
2025-02-19,225.84967041015625,226.18540034711305,221.57419493826416,224.98076222031483,16375500
2025-02-20,223.88473510742188,226.09651780177035,219.94497458315422,225.77067158698372,16104000
2025-02-21,215.90647888183594,224.88200741697443,212.91463603678977,222.80844610787895,24883600
2025-02-24,205.31158447265625,216.71614134636317,204.92649624367266,215.84723320231555,33050400
2025-02-25,199.9894561767578,206.01264637995664,198.38986126595105,204.3932991056499,33100800
2025-02-26,210.2584991455078,210.85093444684563,203.40589052023196,204.30443472056223,21368300
2025-02-27,195.30914306640625,216.48902404771235,194.91417115472873,214.54383069928443,27572900
2025-02-28,196.91864013671875,198.65648671146974,190.71772319796196,193.2948569783457,39747200
2025-03-03,185.010498046875,201.49032803329786,182.20626497532143,201.4310860068993,37435600
2025-03-04,185.1190948486328,191.50762054172455,178.2072445527557,186.8371887747405,37910500
2025-03-05,189.16749572753906,191.6360140217183,184.74391516302907,189.44396857115592,25644500
2025-03-06,177.1902313232422,184.4773017862713,175.37340556515207,178.76020526420137,56864100
2025-03-07,192.5049285888672,193.01836952288812,179.2736620896206,185.36596315652335,74528900
2025-03-10,182.1272735595703,189.5624493268275,178.1578919929955,187.21243019700833,44217100
2025-03-11,187.6962432861328,193.1566042532924,183.0159424952184,185.68193909594572,42153200
2025-03-12,191.78408813476562,197.46167929489633,190.0265045983518,193.7490338037395,30409700
2025-03-13,188.95025634765625,193.84780305063532,187.0840572045127,190.7177087368526,27236100
2025-03-14,193.07760620117188,195.01293103212828,190.76707686215164,193.7292985993485,25900900
2025-03-17,192.0507049560547,194.24275019738803,185.13885439208354,185.6819313782947,26830600
2025-03-18,186.29412841796875,190.4609883160098,184.54641332582716,188.04184351011034,24951000
2025-03-19,193.10723876953125,195.77323527121797,184.54640484600964,186.95568089246262,37962700
2025-03-20,188.70986938476562,191.9781761277567,187.12524634517226,189.68046743106606,31430000
2025-03-21,189.81915283203125,190.2252185020332,185.57034884539,186.40229232135866,43086500
2025-03-24,189.41307067871094,194.80082266264003,188.8386396835771,192.43377888060837,33180300
2025-03-25,186.4517822265625,189.75971345480707,185.87735123617549,189.0565262612658,23417300
2025-03-26,177.5481414794922,186.25370813523995,175.8743712702192,184.86716098022535,30578500
2025-03-27,170.33804321289062,176.66666672239765,168.82274005654588,175.95358110620853,32151700
2025-03-28,167.49560546875,171.6354646224822,164.87106463978074,170.27861313213265,30391500
2025-03-31,165.8218536376953,166.3269648388469,159.077265046445,162.91010457469025,35656400
2025-04-01,166.90138244628906,167.0895599286941,161.85036151357497,164.77202396545763,20472400
2025-04-02,170.4370880126953,171.76421381104404,163.91038797349552,164.48481894119044,19523700
2025-04-03,152.53074645996094,161.8602666444248,152.22372639178627,158.99802536207517,44354900
2025-04-04,144.8848876953125,151.33236925300955,137.83327965451377,146.74683525709935,72302200
2025-04-07,152.6595001220703,158.88907865220165,136.7735693661445,143.102193451176,68503500
2025-04-08,154.53135681152344,168.1492903677748,151.61959260044802,166.01003317854824,58888200
2025-04-09,183.37164306640625,185.5307121997461,155.997123652336,158.95841038273477,72708300
2025-04-10,170.6450958251953,175.25042745605887,164.80175508324112,173.61628142245732,51212200
2025-04-11,180.19248962402344,180.90557531573444,171.64537494646774,171.9523950141319,33964100
2025-04-14,176.64686584472656,184.21348359881225,174.13126900840334,183.30232194501684,25748300
2025-04-15,177.231201171875,180.50940655432726,176.36956226568714,178.00370814547034,17242400
2025-04-16,172.93289184570312,174.38877387550843,165.31675098410085,168.79303240159078,34638600
2025-04-17,169.34767150878906,174.55714453800246,168.2879414483614,174.55714453800246,22501800
2025-04-21,164.61358642578125,166.3863871153068,160.05776263844598,165.38609344269528,23469800
2025-04-22,167.95120239257812,168.88217620188036,163.63307916440144,165.82184386631172,18504900
2025-04-23,175.21080017089844,178.7167921635705,174.13127314251213,176.07243906904878,24380500
2025-04-24,186.3428192138672,186.75879842604172,176.5874372166349,177.96408570653676,27576900
2025-04-25,190.46287536621094,191.51269173277512,185.0949358475055,185.12464649091922,21242300
2025-04-28,190.62136840820312,191.24532223011775,185.87736686131802,188.69999927145093,16385800
2025-04-29,189.33383178710938,191.39385543396716,188.27411687540774,189.87855212126914,14630000
2025-04-30,190.62136840820312,191.3443526843661,182.2525318565161,184.11446458604124,22768900
2025-05-01,195.4346923828125,199.46559310711666,194.35516520996816,196.2369101004717,24939700
2025-05-02,201.68405151367188,203.70445080772564,199.14864255163207,201.94154879155016,17766800
2025-05-05,198.7921142578125,201.27800062566266,198.0790285460682,198.32662733175079,14025400
2025-05-06,198.1681365966797,199.97066279306026,194.0580032946373,194.55320080631608,16348800
2025-05-07,202.84283447265625,204.24919381530722,196.5241083860118,197.3758488456152,20253700
2025-05-08,205.7744140625,209.131853171768,201.73359985017396,206.0022007261089,18460900
2025-05-09,206.20025634765625,207.9433613916802,204.5363998371569,207.319407644128,13289200
2025-05-12,219.45176696777344,219.66965511751349,213.8065174341246,217.38184465747406,25437700
2025-05-13,230.1876220703125,233.02015259609766,219.8677071775199,219.8677071775199,28790500
2025-05-14,229.8905029296875,231.2572529866786,226.15672432972298,228.01865681835304,19751400
2025-05-15,230.40553283691406,232.2080593087327,225.87943474691102,227.94935703509134,18803700
2025-05-16,226.4142303466797,230.40552149525794,224.2155519581043,230.08860291331544,23094600
2025-05-19,228.41481018066406,229.0288502622106,219.47154428534935,219.7191430423896,15355500
2025-05-20,229.45472717285156,229.54387421623667,224.1660210197509,224.3145893505729,11787200
2025-05-21,227.52345275878906,234.22843154218188,225.64170819086834,226.19632700616165,17642900
2025-05-22,228.3157958984375,231.44544824293433,225.24556484581083,226.14682807179085,14340200
2025-05-23,226.52316284179688,228.4346180833418,224.00755088757305,224.76026081666186,15385600
2025-05-27,233.3865966796875,234.20862641703116,228.91002175817974,230.63329954122548,17941700
2025-05-28,237.1302947998047,238.67532387132286,232.17831923171224,234.87219514973296,20443000
2025-05-29,239.64590454101562,243.70653051259833,235.1197916615412,243.5480636690118,20743700
2025-05-30,239.74496459960938,240.83439021265383,232.64381797507698,238.90312266533013,27088600
2025-06-02,246.32118225097656,247.59878533391813,240.85419683937909,240.91361812990235,19197000
2025-06-03,254.3830108642578,255.4031167020535,247.00455460120327,247.6780311894727,30380200
2025-06-04,258.5723571777344,262.88058220367765,255.1158877130409,255.58137465100648,31536000
2025-06-05,257.4333801269531,262.3457613753824,256.5717412625575,260.4243925452424,41970900
2025-06-06,244.55825805664062,252.86768756440256,243.76595405583868,248.72782813273088,41146700
2025-06-09,241.9337158203125,245.78635218669257,238.79416514080953,242.69632428504522,25334100
2025-06-10,242.2803497314453,243.91449554477873,239.08136278878112,241.87428412761793,25491300
2025-06-11,250.4808349609375,252.32297049991425,241.4583347579636,243.9937438627423,24599000
2025-06-12,253.6104736328125,255.41299991979733,247.10357074841298,247.78694576683625,20410900
2025-06-13,246.31126403808594,251.56036121180188,245.9646348124157,248.25244512831424,19028400
2025-06-16,249.67861938476562,252.73893672260704,247.17292090413724,247.94542789985974,20363000
2025-06-17,246.97482299804688,251.52074802449692,245.5387531153349,248.53964908058316,22014300
2025-06-18,248.84666442871094,253.1845997510796,247.01444258282,248.4802230819787,30435500
2025-06-20,248.171630859375,251.67595317122704,242.39395704231367,251.36821046956638,42134900
2025-06-23,251.92413330078125,252.3609352546579,244.66730716540255,247.29802554970544,19747000
2025-06-24,261.85137939453125,263.9361104778464,256.8877483845425,256.8877483845425,32764900
2025-06-25,262.7249755859375,267.90700742004447,261.51384844323513,264.06516197840625,18894200
2025-06-26,268.204833984375,269.69392319110216,262.2087596291865,263.1518312827552,23569600
2025-06-27,267.3907775878906,269.8725928053472,264.9387429412197,268.3338491931666,27477600
2025-06-30,273.6449890136719,275.690002696862,270.1506034656852,272.7316978149896,24708400
2025-07-01,262.8143310546875,272.50334870317,260.7494738372011,272.4040700215716,28847600
2025-07-02,267.9367980957031,270.02152919641304,260.81896813352466,262.0697825574709,17582100
2025-07-03,273.1783752441406,273.7938606111024,268.15518333852646,268.76076204497446,10592700
2025-07-07,272.1856689453125,275.5410884312071,270.6767359905836,273.1287709767681,16760600
2025-07-08,269.8229675292969,274.3398898913374,269.17770156203375,274.3398898913374,14869400
2025-07-09,275.87860107421875,277.4173448401232,270.7362867008635,270.97453129094976,20133000
2025-07-10,273.39678955078125,279.13474577768363,270.71644698686737,277.75487211273963,17891600
2025-07-11,272.3842468261719,274.45904115606095,269.9123680357169,272.14600220895284,14274700
2025-07-14,273.5953674316406,276.33527134945643,267.6191358673374,272.1360585956598,11934200
2025-07-15,278.8965148925781,281.29889545026657,275.8289944178167,277.7747293836108,17918400
2025-07-16,278.7674255371094,279.4623459548126,273.664828920469,278.0725051194062,15031000
2025-07-17,284.3664245605469,286.1831001282647,277.8739869021022,279.09505100210833,17231100
2025-07-18,281.279052734375,285.4385781557984,278.95607693910864,285.021619799704,15012400
2025-07-21,286.1136474609375,288.42671677840224,281.5669741936532,281.89456055291646,17726800
2025-07-22,276.5635681152344,285.9051246067818,274.41927604521186,285.55766440317495,16564800
2025-07-23,281.6264953613281,281.93423805668573,271.0142499629409,274.76675375060375,20556200
2025-07-24,286.6099548339844,289.08186351873803,281.4378601375051,287.68211602861425,16413800
2025-07-25,288.06927490234375,290.4617486254771,285.1804380904839,285.97463720980545,12476200
2025-07-28,292.1593017578125,293.3009610977826,288.4762961240998,290.3326892276984,13683400
2025-07-29,295.2566223144531,299.9919151026636,292.72515247644566,295.3360270757047,19210800
2025-07-30,300.4187927246094,301.05415202377003,293.64839288397303,294.98857929046596,16738900
2025-07-31,291.5636901855469,304.7173120254918,288.11892914092226,300.59747415612446,25488500
2025-08-01,286.54052734375,290.51143245464056,279.5616325275822,284.45579610141215,21428100
2025-08-04,295.5544738769531,296.3089555560464,289.28043641910944,290.07463563278714,17164600
2025-08-05,290.7992858886719,299.0091511605925,289.3300704645004,295.64379471514013,18477500
2025-08-06,299.4757080078125,300.6074000537923,289.77675423005445,290.7694803701338,17392100
2025-08-07,301.5505065917969,308.08263136281226,297.69872426240624,303.9429802612503,16319400
2025-08-08,302.7517395019531,305.6306396993214,300.349328537163,301.8384179801744,12458700
2025-08-11,301.689453125,306.06737882365667,299.09845256826634,302.83108207101975,12396400
2025-08-12,310.5545654296875,311.16014424654566,302.45394521234647,304.3996803423036,17609600
2025-08-13,306.84173583984375,315.0416639014681,302.53330779094256,314.44602212561466,17371200
2025-08-14,308.9661865234375,311.8848039787792,304.76694378570727,304.7768807423116,15717600
2025-08-15,304.1117248535156,309.23419541790025,297.57960012306575,308.7676129160397,22806900
2025-08-18,303.5359802246094,303.94300161229654,296.8251412495918,300.49824040001744,14724700
2025-08-19,292.764892578125,300.6967653651437,290.263233415247,300.2202761697002,20149600
2025-08-20,289.0521240234375,293.3406785246083,279.81975145019646,293.31089794805854,23600500
2025-08-21,287.4934997558594,290.2632142034538,284.0884563245245,287.9501453031351,14946300
2025-08-22,291.86151123046875,297.90721032762787,286.9078170439723,289.62787721594987,16301300
2025-08-25,292.08984375,296.22949508123116,289.58815431097145,290.6801592013728,15124700
2025-08-26,295.8423767089844,298.0660739440658,291.85159756207963,292.2089947866335,25689100
2025-08-27,298.0660705566406,298.9892987415418,291.6431302057609,295.36585381804196,13830300
2025-08-28,306.40496826171875,308.73788113974086,300.13093073738776,300.7265725800576,18907100
2025-08-29,295.22686767578125,304.7768891479581,291.523987936555,304.7768891479581,21610700
2025-09-02,296.0706787109375,296.5372612785509,285.08122171732384,287.23542079872874,19693000
2025-09-03,300.1904602050781,302.2354735493665,294.2440102594431,300.0911815358649,18529400
2025-09-04,303.8735046386719,306.5340036604204,300.0515025993778,302.8410608781425,31220800
2025-09-05,332.4541015625,353.74806100941083,329.00934033406895,353.1921367444998,78401600
2025-09-08,343.13580322265625,351.5938497927474,338.7678140240304,340.2569033164437,43535600
2025-09-09,334.2211608886719,348.4270711438003,333.3872441761201,347.0074495775188,26972300
2025-09-10,366.8818359375,370.2570990221587,348.00016386753055,348.9631095115502,51086800
2025-09-11,357.01416015625,371.5079700346033,356.1504931321263,368.48013667582694,29430900
2025-09-12,357.25238037109375,361.7395222800408,354.5621007944463,360.27027656626876,31949800
2025-09-15,361.44171142578125,362.8414591306769,353.74808267540436,357.2524052685907,21792200
2025-09-16,357.3814392089844,363.0300538245744,354.39332359211727,362.7719353127759,21306500
2025-09-17,343.65203857421875,357.3119303496726,339.0159939361556,356.2397993943744,45197100
2025-09-18,342.8379821777344,348.14907314270187,341.289331806406,347.4541527190247,24663900
2025-09-19,342.4309997558594,343.7513123562518,333.9828895588691,342.1431006566756,41240100
2025-09-22,336.9019470214844,344.73803699049046,336.0566779638623,340.52164568402986,28660000
2025-09-23,337.0511474609375,343.2961488752548,335.14183394144476,338.3438906430618,21944100
2025-09-24,337.4190673828125,338.1847653485593,331.94971816245834,337.86657173075366,19677300
2025-09-25,334.2269592285156,336.1760278754911,325.47598241305116,331.134275121943,21678200
2025-09-26,332.66571044921875,337.19034180427343,328.73771110108834,335.5495430902156,15464700
2025-09-29,326.0726318359375,339.1493418032052,325.7245762901725,334.1274972132583,21336000
2025-09-30,328.0714416503906,329.205072741046,322.8009599171497,328.2802628399181,20109500
2025-10-01,331.5320739746094,336.0666592395998,322.69160226111455,326.3212552000971,21122700
2025-10-02,336.29534912109375,345.6727893830656,333.381685003865,345.6727893830656,19917600
2025-10-03,336.4842834472656,342.4806774766384,333.8689353926916,339.5968450377662,14749100
2025-10-06,333.6203308105469,342.2121953344511,332.6955209110659,334.04795751834985,18465700
2025-10-07,334.5351867675781,336.22569443914506,324.7599524782247,335.1517266447086,18086700
2025-10-08,343.5745849609375,344.6087977081947,330.7663582405116,331.9596829756167,21478300
2025-10-09,343.0972595214844,345.37450629286593,338.50301074117135,343.8232022981501,17643700
2025-10-10,322.82086181640625,348.6461338163463,322.24407712615806,343.4651773234566,28941000
2025-10-13,354.712158203125,357.37721554392255,341.60558597971203,350.8040366415935,45984300
2025-10-14,342.2121887207031,348.7157501848421,337.75714457061156,348.17875107559985,22078000
2025-10-15,349.3720397949219,357.39707331833375,345.56339757170997,352.49455527791184,23918500
2025-10-16,352.1763610839844,361.2157000299587,347.5423270287998,354.81158690197896,20317200
2025-10-17,347.3832092285156,349.01408425686975,338.88086957101905,347.6616476056118,20937900
2025-10-20,347.2936706542969,354.60271506615925,345.90147894430004,351.8282552797169,15640200
2025-10-21,340.7503967285156,349.14336395422873,339.40791406219176,348.0494880650942,16092600
2025-10-22,338.4035339355469,346.0705888161216,333.6402499212292,345.3645237166866,19268800
2025-10-23,342.3713073730469,344.6385998982523,338.50297147066453,338.50297147066453,12859200
2025-10-24,352.156494140625,356.3032383927899,348.92460587875416,350.5455270010784,16143700
2025-10-27,360.0323486328125,360.728459798305,353.10118996944504,359.5252114069626,20065800
2025-10-28,370.8914794921875,371.9754013976442,360.5096580622546,360.59915286022726,21056000
2025-10-29,383.8289794921875,384.32619303766535,371.1102485015621,371.1102485015621,24975200
2025-10-30,374.3719787597656,384.2466327695093,367.9976972843224,384.2466327695093,24295300
2025-10-31,367.5700988769531,376.7088864792694,363.06534526598335,376.1619333582533,21598400
2025-11-03,360.529541015625,372.76101282722396,359.962740620075,369.9268894594445,17198900
2025-11-04,349.9786682128906,366.8938825186382,349.04390433189366,356.52198503236366,24047500
2025-11-05,356.97943115234375,362.83659066034375,348.13896016507175,348.93452000871264,17087600
2025-11-06,353.60833740234375,361.4742595953492,350.7443824294534,358.1031370779865,19896900
2025-11-07,347.482666015625,352.52441886645397,335.39042842916786,352.21614888283403,21903200
2025-11-10,356.39276123046875,357.9937743768501,352.63379746590385,355.90547129015016,16409000
2025-11-11,349.9985656738281,359.87325018105065,347.721349386598,356.9695095961331,16446800
2025-11-12,353.2403869628906,356.8700397188604,349.7201066184198,356.0446785991217,12190500
2025-11-13,338.0853271484375,351.5796794627396,332.29775430112113,349.62065691534923,22616600
2025-11-14,340.5514831542969,342.8187756417505,327.22616659303407,329.62273945414825,18500800
2025-11-17,340.74041748046875,350.23721387342283,335.63900193520993,337.9262023242612,14799600
2025-11-18,338.6024169921875,346.03078841146703,333.64023562911325,341.2873822174715,21726800
2025-11-19,352.4448547363281,357.6854744587365,335.91745137694255,338.8112377860541,21851900
2025-11-20,344.8871765136719,373.9840896518858,343.2563016806294,363.96027892935587,28867000
2025-11-21,338.3041076660156,346.6572891403912,329.95089584413364,343.2364575279554,30280300
2025-11-24,375.8536376953125,379.8711314572402,345.7225103496172,345.79212752621737,47262400
2025-11-25,382.8842468261719,385.9669767585517,369.6782567823203,382.78479805141666,33507600
2025-11-26,395.3543701171875,397.64154019645565,381.1241214391412,383.40133753669346,28693000
2025-11-28,400.7143249511719,400.75411053140465,394.9466600651565,397.1244577834378,13365500
2025-12-01,383.92840576171875,393.2163816866779,382.9538866150901,392.64955094985896,23252000
2025-12-02,379.4435729980469,391.307081554401,377.67349389386123,386.1460022440912,22207000
2025-12-03,378.4889221191406,380.16950651535853,368.58443570198494,377.8823360937948,21336400
2025-12-04,378.90655517578125,381.7506324510507,374.4316332437718,378.5584996226792,15845900
2025-12-05,388.0652160644531,391.33688967246087,383.0035858418701,384.0179208913015,24779900
2025-12-08,398.8647155761719,405.02022174829125,395.1853231699673,400.23702982872936,30410600
2025-12-09,404.0257873535156,404.6622049048363,393.30586463113883,396.5277986633077,24546000
2025-12-10,410.6685485839844,412.2993931991623,397.3332779247453,399.9585799580881,31531000
2025-12-11,404.1053161621094,407.0189801403217,391.9932019552537,402.57389000512023,45681600
2025-12-12,357.92413330078125,379.87114634278277,353.1707730499734,377.8425065927604,95588500
2025-12-15,337.916259765625,359.9825988464731,335.62908964676296,359.8732264357258,65894900
2025-12-16,339.39794921875,345.5634092347465,333.1927339698805,334.14737546643596,58061100
2025-12-17,324.2030944824219,344.67834370968916,319.6287543506516,344.67834370968916,73300900
2025-12-18,328.0415954589844,334.1573156602813,321.82642648459625,334.1274840631045,54501900
2025-12-19,338.4631652832031,341.5359714746588,330.72652429698275,331.48229854187196,159095200
2025-12-22,340.19683837890625,344.9692364534412,335.9823521806034,344.7600156991574,28739600
2025-12-23,348.0379333496094,348.8250120003124,337.29749931207215,339.5591570141213,28232600
2025-12-24,348.93463134765625,351.5649262658627,345.8659488754865,349.4029075800455,11424400
2025-12-26,350.8376159667969,351.95350047354117,346.4736865949722,349.7715357876288,15028100
2025-12-29,348.1076965332031,349.0442186073641,343.4249341345299,347.4401421635981,21946900
2025-12-30,348.56597900390625,351.38557889791855,348.01797938252247,348.68553371240546,16633600
2025-12-31,344.82977294921875,348.5958986291571,344.1522759371943,348.4464552302656,15346100
2026-01-02,346.3441467285156,359.3362953283135,344.2917098528593,351.48521194505133,25398600
2026-01-05,342.15960693359375,353.7269817780168,335.2649910643092,353.43803761093864,31136000
2026-01-06,342.50830078125,347.7689211606285,336.7594885063058,342.3389417342706,27135500
2026-01-07,342.2392883300781,348.41654528894907,334.6472600739357,340.4459068416692,20249300
2026-01-08,331.2597351074219,342.4186103632603,329.286991203525,341.5219196453333,24385200
2026-01-09,343.7038879394531,346.1150194031593,332.27598406295414,336.6797751012507,22482500
2026-01-12,350.9173278808594,352.6011277594498,339.698674448018,339.698674448018,20949600
2026-01-13,353.3085021972656,358.17059657442337,349.62210011368643,351.58487107154133,18308000
2026-01-14,338.642578125,349.4029286863791,333.19265245524537,347.68924007343315,30094700
2026-01-15,341.76104736328125,348.3966076801905,340.4160264171507,347.8386654077994,22218800
2026-01-16,350.4191589355469,353.2089007262952,342.78726872505104,344.99912218243014,31291200
2026-01-20,331.3793029785156,344.1323124647733,330.58222088214137,342.837095865828,32293900
2026-01-21,327.5932312011719,334.56753991024675,323.01013837395254,334.2786261557405,32006600
2026-01-22,324.2953796386719,335.75317243641445,323.69760607803045,334.11920736137336,24275400
2026-01-23,318.8753662109375,320.8082486122757,312.9571642861103,318.1281188002833,30259500
2026-01-26,323.6577453613281,327.4736751610913,316.4343542276309,318.6262615696849,25006400
2026-01-27,331.568603515625,333.5313744429392,325.81976109514653,328.54972543001713,25537600
2026-01-28,332.0169372558594,338.7421634956658,325.5009621688594,337.6063633193964,23001700
2026-01-29,329.51617431640625,334.7170172246241,319.1045154719265,331.3394445196304,20447500
2026-01-30,330.08404541015625,336.95874524698775,327.12494473425943,331.21987595904915,28313000
2026-02-02,329.8947448730469,334.82658953615237,324.55443174960084,324.9130958822625,17278200
2026-02-03,319.154296875,337.6561477130813,307.51717263997887,335.50407179473007,36914800
2026-02-04,306.9194030761719,318.33736523318174,294.21619728396405,318.33736523318174,43330300
2026-02-05,309.3703918457031,325.33158511694234,305.574377544834,313.18632179759084,42775800
2026-02-06,331.6981506347656,333.7705033667693,315.1391228076482,318.92519452201884,33003400
2026-02-09,342.67767333984375,351.04683756640543,329.4364418037815,329.55599651471385,30091000
2026-02-10,339.1905212402344,346.73274516127924,338.5927172761311,346.1947185530291,19542700
2026-02-11,341.50201416015625,345.9257209328718,332.51509984715887,345.52716468586686,17004700
2026-02-12,329.9545593261719,345.01906131494906,328.3504525077073,342.56806806976016,22007300
2026-02-13,323.9765625,333.09297375277924,323.4983132676261,328.6393784947527,18397200
2026-02-17,331.31951904296875,334.51772917618604,315.14907549970434,318.5067020490309,23469700
2026-02-18,332.28594970703125,336.6399059158725,326.0289999980731,328.31057326826937,13565300
2026-02-19,332.76416015625,337.19783966179045,328.46998140899325,331.7877764705465,15180900
2026-02-20,331.4291076660156,338.8617195900129,328.37036782936144,331.14016350541874,17658900
2026-02-23,329.1275939941406,337.2576490951474,324.1260291692235,331.03058762736407,16472400
2026-02-24,324.2953796386719,327.1050369959775,313.2959204448514,321.3562249469424,23614400
2026-02-25,331.0903625488281,334.67715600899425,328.07148438768274,329.5261174222931,20182300
2026-02-26,320.519287109375,325.3813506633246,306.79980723320375,325.30165766317515,33025300
2026-02-27,318.377197265625,318.8255578686076,308.8622591852136,309.55970225528097,28004200
2026-03-02,317.6498718261719,318.8653953895662,306.07252449915245,308.22457009461783,20567200
2026-03-03,312.68817138671875,314.72069289120583,306.2718044142909,311.85125792147716,20826200
2026-03-04,316.3645935058594,321.4558544873858,310.59583557195833,314.52137733361707,34895800
2026-03-05,331.54864501953125,334.88635581406487,321.84440283626805,328.9681545763323,57076600
2026-03-06,329.26708984375,342.24926618150187,326.1983769711768,327.0751520776263,39152200
2026-03-09,344.4810485839844,347.2109826665509,322.42229092163143,326.0489462013272,40605800
2026-03-10,341.3226623535156,351.8439334106809,339.54919645898224,347.4501151786214,29531700
2026-03-11,340.3163757324219,344.5408043378694,336.9786648345567,341.33262117838166,20104100
2026-03-12,334.7369384765625,338.58275707480584,330.9807859154956,336.5004313521793,21982700
2026-03-13,320.9776306152344,337.07832476483355,320.25029887308415,336.44065906121017,34725000
2026-03-16,323.7275085449219,327.99179909070955,318.8853296584693,324.8234470564934,31363100
2026-03-17,320.1307373046875,326.2382440667771,316.0856406013058,324.5644172389447,38026500
2026-03-18,314.7704772949219,324.24558375015846,314.39186709294574,319.2539615498681,25460600
2026-03-19,318.6661376953125,322.0835418062096,307.377733798167,311.32319151685414,23524800
2026-03-20,309.3703918457031,320.3300202096048,308.78256088212635,318.9451071216726,43325900
2026-03-23,322.0003967285156,325.9641247660054,314.4323571755344,317.4975134386726,27369200
2026-03-24,317.78704833984375,323.8873787245429,314.3424878240393,319.4943376753773,19799000
2026-03-25,318.30621337890625,323.7875283200097,316.21951965730335,322.08023899676266,19900000
2026-03-26,308.9310607910156,316.41920911815595,308.6814558467776,313.52376738951216,20343700
2026-03-27,300.2048645019531,307.01409499464205,298.3977270632729,306.5747878358005,23593900
2026-03-30,292.94635009765625,304.2883841263782,289.50178968312434,300.39455309431185,28054500
2026-03-31,309.02093505859375,309.8196587444799,295.8717323324701,298.9169311322916,29289500
2026-04-01,312.99462890625,315.29101284198265,309.98940587806464,312.8748233993929,19171000
2026-04-02,314.0529479980469,314.19274140072105,301.27318625357447,304.0088468607454,14021100
2026-04-06,313.9331359863281,315.9000242460939,309.78969983648585,314.56214534661507,12111300
2026-04-07,333.4422607421875,333.621968992959,321.29147840912157,326.2137111638498,33310900
2026-04-08,350.0759582519531,353.58042168937504,341.9887513414019,351.19418361323665,31573100
2026-04-09,354.34918212890625,358.13320177979557,350.9445668848811,351.74329055349165,20514900
2026-04-10,370.9628601074219,375.95495904827993,360.2498352807269,360.36964078021094,29958100
2026-04-13,379.1499328613281,380.25816425440775,368.89617211078104,369.07588036868225,24115800
2026-04-14,380.17828369140625,381.6759133656677,375.72533999135464,377.3028298417277,24423000
2026-04-15,396.0931091308594,396.4525256379757,384.9607343182478,389.2639212714563,29559300
2026-04-16,397.8403625488281,399.0484420471456,391.73003788508925,394.3758444183283,18872900
2026-04-17,405.8976135253906,406.0873157340535,399.1782369795804,400.2665109575457,20581700
2026-04-20,398.9985046386719,405.7777835286593,395.2743878615366,405.0589200627321,16922000
2026-04-21,401.5345153808594,402.96224842135666,393.9465185989584,398.778866907118,16275500
2026-04-22,421.98211669921875,422.5312658634436,404.2202201647497,406.3368957065317,23702500
2026-04-23,419.27642822265625,428.63161720765004,417.1397951490632,421.722569007754,19501600
2026-04-24,422.09197998046875,424.328430664838,408.2139198726521,424.3084732370687,22491100
2026-04-27,417.5391845703125,422.0819826033756,413.9748184690356,419.81558056108463,17451600
2026-04-28,399.19818115234375,405.16874261392576,394.0263738242293,399.6774336324243,25519200
2026-04-29,404.809326171875,404.9990283742698,396.15301296947183,402.8623953449198,15962500
2026-04-30,416.7703857421875,417.71889677620834,403.59126215971867,414.8634001949257,21821600
2026-05-01,420.6142883300781,422.5013163603417,412.626930002147,414.43406738629307,11882600
2026-05-04,415.84185791015625,423.160261834928,408.88287049778353,417.5591412312245,15140400
2026-05-05,426.6846923828125,432.70519332765383,418.6873701051219,420.9937175205983,21175200
2026-05-06,424.7677307128906,436.98837956106627,417.119831234386,434.87173441749127,20707000
2026-05-07,411.9080810546875,425.816061920845,405.65796319255526,421.1534583953846,22791700
2026-05-08,429.3205261230469,434.3126252640125,413.34580887195676,419.13663168773485,22561400
2026-05-11,427.75299072265625,432.96474333546047,424.37832689893474,426.9442731163034,16825500
2026-05-12,418.6374206542969,428.6615642339731,407.7646445984097,422.7608994088061,19004300
2026-05-13,416.13140869140625,417.96849751881496,404.1603342331478,415.1529462908859,16981200
2026-05-14,439.0950622558594,441.6609780428996,414.9332903643237,416.0715035872308,19733800
2026-05-15,424.51812744140625,432.12608162585786,419.13662996428303,432.12608162585786,18957100
2026-05-18,420.0451965332031,421.3431605888268,413.7152184916585,420.74410259925855,17863300
2026-05-19,410.4204406738281,417.28957387627776,405.218651499627,409.17241590505034,20652100
2026-05-20,417.0998840332031,423.4997588934565,410.76990587471755,412.15769361465635,16312600
2026-05-21,413.9149169921875,421.58277398795553,409.85134096401595,412.896509263339,16865300
2026-05-22,413.485595703125,419.32632722976456,409.56178268396343,416.83027769894267,14086400
2026-05-26,421.3431701660156,434.6221419680613,416.34107697305205,417.8387067463364,22562900
2026-05-27,421.193359375,432.11607435121795,415.8318499600915,424.3983088494184,17601000
2026-05-28,425.9059143066406,429.00102184903426,413.3558002995021,420.474538506201,17855600
2026-05-29,446.06402587890625,448.19066503671235,430.78821434578,432.26588669428304,41798400
