Price,Close,High,Low,Open,Volume
Ticker,JPM,JPM,JPM,JPM,JPM
Date,,,,,
2020-01-02,117.89920043945312,117.9075649117361,116.36999384590145,116.81287735242124,10803700
2020-01-03,116.34336853027344,117.0918543602765,115.28371832689417,115.63693506135392,10386800
2020-01-06,116.2508316040039,116.28447861812667,114.79591264130497,114.84637032991317,10259000
2020-01-07,114.27450561523438,115.9396735925239,114.22404792388873,115.45189452188825,10531300
2020-01-08,115.16595458984375,115.70419133098385,114.0390234181717,114.12311528963275,9695300
2020-01-09,115.58645629882812,116.25083728560006,115.25005030403882,116.0994642123773,9469000
2020-01-10,114.434326171875,115.42669524273886,114.21565900993012,115.39306105075192,10190900
2020-01-13,115.38465881347656,115.38465881347656,114.17362241341809,114.5352573982658,12355200
2020-01-14,116.73023986816406,118.3785847360349,115.79673385482607,116.00698284132041,24906000
2020-01-15,114.9809341430664,116.56201017941282,114.50156043020883,115.93126339885882,16293400
2020-01-16,115.42668914794922,115.97333135878759,115.08187774353523,115.59488576416263,10783800
2020-01-17,116.2256088256836,116.30129536254609,115.48554129984484,115.67054855687206,14697700
2020-01-21,115.08187103271484,116.11630518563538,114.95572678605551,115.37622471835796,8474200
2020-01-22,114.94730377197266,115.55282179558475,114.6950152892826,115.41827221567603,7549100
2020-01-23,114.82957458496094,114.99778403109052,113.29896871929827,114.13155928035515,9345700
2020-01-24,111.97857666015625,114.73704163641648,111.28056149478117,114.68658394567385,15166400
2020-01-27,111.03667449951172,111.80198375768954,109.08557091553622,109.55652651054487,12860500
2020-01-28,113.05506896972656,113.50921392707716,111.4151295850241,111.7178886123983,13062800
2020-01-29,112.88687896728516,113.98858157140788,112.43274681593982,113.37465814174013,9326000
2020-01-30,114.28292846679688,114.48477209568864,111.59174424446631,111.59174424446631,9048900
2020-01-31,111.3141860961914,113.39144640346935,110.56570047192437,113.10551095882248,12785200
2020-02-03,112.1635971069336,112.89527212277314,111.56649732113263,111.56649732113263,10021100
2020-02-04,113.77832794189453,114.88004333357934,113.60172599181281,113.99699508543418,9157100
2020-02-05,115.7126235961914,115.83036250969718,114.3838485251525,114.8548170117547,10150700
2020-02-06,115.72940063476562,116.30127146141452,115.30890285073299,116.25923194907043,8992300
2020-02-07,115.3593978881836,115.77989580838515,114.6277356134579,114.98935766519374,6379800
2020-02-10,115.83878326416016,115.93129332916138,115.00619267914925,115.17438929753888,5960700
2020-02-11,116.05741882324219,116.74704152951017,115.87239872314967,116.27607310854364,6578600
2020-02-12,116.05741882324219,117.1422977441689,115.88922223204281,116.56202142941765,7958000
2020-02-13,115.95650482177734,116.34335570290457,114.71182180034648,115.84717126153042,7447500
2020-02-14,115.60328674316406,116.2172100756985,115.16596533998602,115.92285641666807,6627600
2020-02-18,114.07266235351562,115.81352970553162,113.5764779437187,115.50235255368851,8996400
2020-02-19,115.62853240966797,116.38542359644823,114.66137941258295,115.1407532414352,7071200
2020-02-20,115.62853240966797,116.36019474572751,114.82117068886703,115.35940755854125,7422800
2020-02-21,114.21561431884766,115.14911998032078,113.46712872235658,114.83795570402137,9772800
2020-02-24,111.14601135253906,112.02064136452522,110.00225651681691,110.54049333171099,13618400
2020-02-25,106.18414306640625,111.20488314940627,105.62067094267321,110.17046179589515,20797200
2020-02-26,106.50370788574219,108.44640613576568,106.25140657854669,106.74759743835416,24825600
2020-02-27,102.07166290283203,105.64589506498177,102.01279345328348,103.36679720918919,23005500
2020-02-28,97.64801025390625,99.64957768982363,94.74657768473043,98.83381084245806,45931400
2020-03-02,102.19781494140625,102.24827905650628,96.2603861732076,98.08534566480843,27355400
2020-03-03,98.36286926269531,103.40043237290233,97.75735125230396,101.735264260615,32547700
2020-03-04,100.79332733154297,101.07926918890558,96.46219845240542,99.51501676718765,25795900
2020-03-05,95.84828186035156,97.9171305319256,94.67929833962016,97.27797199733172,25025600
2020-03-06,90.89482879638672,92.7786576165404,88.32137725154845,89.3642166769577,38159400
2020-03-09,78.5826644897461,83.45203186401946,78.21262421444347,81.21497953247534,40352000
2020-03-10,84.6882553100586,85.17603430347711,79.54136628634711,83.25856534042481,31102700
2020-03-11,80.70195007324219,84.14162597066118,79.51614942170762,82.16528085762313,38127000
2020-03-12,74.0497055053711,81.5429770489135,72.59477950123534,75.34483378891414,49725200
2020-03-13,87.38788604736328,87.45516084221228,77.37162191332962,80.72719371931406,38543300
2020-03-16,74.31039428710938,79.03679330372756,71.10620213165055,71.65284430456052,38589700
2020-03-17,78.85174560546875,81.946609526975,73.58711159641089,76.43808603524317,35239800
2020-03-18,70.55113983154297,76.35401235546638,67.58242557125796,73.73010304982311,41525600
2020-03-19,71.7369384765625,74.10013442929673,64.68098480129234,68.59160982045073,32175100
2020-03-20,70.22315216064453,75.23548656287478,69.3653392328673,72.57794306308594,30150800
2020-03-23,66.46388244628906,70.43338277685638,65.67334451474582,69.5335177251946,32536600
2020-03-24,74.3692626953125,75.77372421400952,69.71855670749157,71.40054839444535,34363200
2020-03-25,77.14454650878906,80.02075056579275,71.09778473575086,75.05046237551932,38111700
2020-03-26,82.51851654052734,82.89696211306381,78.66675394093144,79.12089247774875,29826300
2020-03-27,76.63995361328125,79.76004761425672,76.15218087048619,78.37240952032474,30041500
2020-03-30,78.63311004638672,79.12929450589814,75.10093012953521,76.23627321593112,21656900
2020-03-31,75.71485900878906,79.19658148278499,75.13456979102659,77.4136743010281,23379300
2020-04-01,70.94639587402344,72.79658379818618,70.01289015860567,71.56873087887269,28029600
2020-04-02,73.59554290771484,73.93194250481626,69.76900952122737,70.23155976927791,24018000
2020-04-03,71.42022705078125,74.33481826654896,70.33256084000313,73.07720765441104,21199400
2020-04-06,76.01728820800781,77.31738165037291,74.52175287371601,75.61791174234779,26820800
2020-04-07,77.01997375488281,80.29995111261724,76.79904085722691,80.2574617728116,22563800
2020-04-08,80.1300277709961,80.60587738361146,76.943520937308,78.26060653878689,22903300
2020-04-09,87.31875610351562,88.7038215926338,82.3308101371828,82.3563011457306,42055900
2020-04-13,83.43547058105469,87.61616466677734,82.67920705069699,87.61616466677734,26911900
2020-04-14,81.14968872070312,86.6729659634735,79.56918117567332,85.84022284975198,46151300
2020-04-15,77.1474380493164,78.20110758794159,76.58660986205513,77.4533431545565,30118600
2020-04-16,74.20735168457031,76.9604909940041,73.9694269456389,76.67158423471965,32449600
2020-04-17,80.87774658203125,81.31960576028915,77.29186521819888,78.17559005767576,30191900
2020-04-20,77.92921447753906,80.4784200796161,76.86704547667364,78.57501504529547,23679400
2020-04-21,75.66890716552734,77.64878486232163,75.05709690543353,75.30352084258041,23035000
2020-04-22,75.91531372070312,78.06514848793088,75.77935950629195,77.06246103516733,16662400
2020-04-23,75.95783233642578,77.56383141613365,75.84736908945476,76.25523837285958,16638800
2020-04-24,77.07942962646484,77.41082562263036,75.19301765877755,77.01994846004952,15809200
2020-04-27,80.40191650390625,81.26014406309918,77.78473152330993,78.12462677116028,22870200
2020-04-28,80.97123718261719,83.57992299489393,80.75030429943496,83.11256621950128,20238900
2020-04-29,83.1550521850586,84.50612747247649,82.65370525696754,84.1917297299254,20462600
2020-04-30,81.3706283569336,82.28833726305821,80.34244974771859,81.23466764019584,19127600
2020-05-01,79.23778533935547,79.65415365620386,78.03965592910423,79.45021908021165,18547700
2020-05-04,78.29457092285156,78.74492936966685,77.15592930131574,78.1926004039082,15725900
2020-05-05,78.17561340332031,80.05352681690104,78.09064120708322,79.5776773316029,18064100
2020-05-06,76.70557403564453,78.82141881029622,76.41666725334966,78.3115791172701,20978000
2020-05-07,77.50431823730469,78.94887143446024,76.96898759255473,77.61478143870819,16771900
2020-05-08,78.77043914794922,79.9430777048431,78.26909856368496,78.85541784213191,20487800
2020-05-11,76.45065307617188,77.4193503826359,75.90682323685743,77.4193503826359,31907600
2020-05-12,73.95243072509766,77.14743591188332,73.84196751686271,76.60360606940445,27962900
2020-05-13,71.40322875976562,73.80798028980062,70.8678980605236,73.40010465016621,35451600
2020-05-14,74.36882019042969,74.87016731837369,70.01818021270111,70.29009521130915,35152500
2020-05-15,72.99223327636719,74.16486516988216,72.48239360453299,73.79947888319107,26099000
2020-05-18,76.85850524902344,77.45332346151513,74.67468720923218,75.36297676250167,30504400
2020-05-19,75.34600067138672,77.49582917775825,75.2780203156764,76.5186391170174,19597300
2020-05-20,77.6063003540039,78.50701739394123,76.79055551884042,77.07946231166422,20552400
2020-05-21,76.62059783935547,77.97167976254767,76.19573037015691,76.70557003660255,14621400
2020-05-22,76.02581024169922,76.78207405962105,75.38850883448654,76.48466803284818,13557900
2020-05-26,81.42160034179688,82.84915527665154,78.69395200756729,78.93187674954923,41233900
2020-05-27,86.13764190673828,87.16582051009046,83.95382314956004,86.73245383166474,39402000
2020-05-28,84.85453796386719,87.48021601272724,84.46366064023253,87.47172333042644,24713900
2020-05-29,82.68770599365234,84.27671268562756,82.23734750697058,83.83485336368409,26526400
2020-06-01,83.78385925292969,84.55712111830216,82.74718164496176,83.06158588961256,15176800
2020-06-02,84.06430053710938,85.33040412381905,83.21456536802224,85.21144171878404,21195000
2020-06-03,88.60187530517578,89.15420441228453,85.8742264342761,86.3160923131488,25941100
2020-06-04,90.4457778930664,90.5902312590753,87.34424444937143,88.21947029196474,26784700
2020-06-05,94.51602935791016,98.37382065312272,93.07147593060435,97.66004634640228,42231000
2020-06-08,96.40245056152344,97.03125924278369,95.11935514760435,96.36846686039588,24881800
2020-06-09,93.9296875,94.85589533920972,92.62959426655992,94.02315884855759,17031100
2020-06-10,90.12288665771484,93.90421107227657,89.94444309629861,93.86172173162181,24913300
2020-06-11,82.60272979736328,86.31607368677093,82.03340896375205,84.99898198349686,36259200
2020-06-12,84.86302185058594,85.93368309444872,82.7046945524295,85.57679601316113,24856800
2020-06-15,86.03567504882812,86.1886276193446,81.46410274800189,81.93145314243932,22153600
2020-06-16,86.72393798828125,89.79998052425869,84.38716711651189,89.5365647914436,22193600
2020-06-17,84.53163146972656,87.13181821271667,84.30219941419045,87.12331904841014,15639800
2020-06-18,84.07276916503906,85.41534531745974,83.38447951967997,83.84333712226521,16591900
2020-06-19,83.1125717163086,85.48333295716662,82.19486291578536,85.42385177117934,40371200
2020-06-22,82.21185302734375,83.23153233217215,82.03340947314693,82.6367204848494,16216900
2020-06-23,83.21453094482422,84.94799075064073,83.14655060350698,84.09825593306178,15381400
2020-06-24,80.4359130859375,82.28832904424482,80.13850066851965,82.21185601094068,22919800
2020-06-25,83.24002838134766,83.45246210215028,80.09601190665377,80.17248493432064,25743600
2020-06-26,78.67696380615234,81.03923264996239,78.17562324715087,80.81829972555579,41896300
2020-06-29,79.02534484863281,80.29144802076307,78.328562497458,79.36524010156357,18499700
2020-06-30,79.92606353759766,80.43590966982472,78.65996033728295,78.88089322905049,19137000
2020-07-01,79.24628448486328,81.32813255156005,79.05084259081949,80.6313501410405,18755700
2020-07-02,79.50370025634766,81.47713150417434,78.87734621164661,81.28836709217849,27845600
2020-07-06,81.51143646240234,81.68303686807937,80.20725635930368,81.02236810547336,18625300
2020-07-07,79.21197509765625,80.73924133948475,78.93741045357626,80.49899809418196,25757200
2020-07-08,80.05282592773438,80.08714077734153,78.76580304494853,79.18622868707358,18762200
2020-07-09,78.31964111328125,80.7564081427799,77.89063343273423,80.24159368921332,25600800
2020-07-10,82.60112762451172,83.09019606930114,78.82586565230977,78.93740528142418,28954200
2020-07-13,83.78516387939453,85.17514395370516,82.56678418216542,84.71182162635813,32079200
2020-07-14,84.26567840576172,85.7586231342206,82.91859470130704,84.40296399033295,42731700
2020-07-15,85.56987762451172,86.90837953657572,84.64321943332683,86.56517207175118,22508400
2020-07-16,85.81011199951172,86.8483097271397,84.55741044684974,84.75475030004415,16886900
2020-07-17,84.22279357910156,85.87018155202759,84.20562960551435,85.80153874995453,16137700
2020-07-20,83.48489379882812,84.42012736158048,83.45057240026784,83.59643343454597,14458100
2020-07-21,85.29530334472656,85.84443260807564,83.77661261160709,83.83667342021911,17798100
2020-07-22,84.6775131225586,85.91305042698751,83.68221245490686,85.5012068408898,14271200
2020-07-23,84.92635345458984,85.24381491178363,84.05975620764814,84.51450324881314,12870200
2020-07-24,84.32573699951172,85.62992383416474,84.03401495915897,85.45831685795419,12744200
2020-07-27,83.14167785644531,83.76802531423586,82.51532385251801,83.66506767522193,11959100
2020-07-28,83.50203704833984,83.99110543905097,82.79846486264778,82.79846486264778,11754300
2020-07-29,85.52696228027344,85.55270169096288,83.22748109738676,83.28754190437444,12743500
2020-07-30,83.24461364746094,83.86238550395393,82.4123445839393,83.690785119877,14834800
2020-07-31,82.9185791015625,83.16740426718285,81.72593863105736,82.78130008895498,14535000
2020-08-03,82.45525360107422,83.71653690358755,82.2407498161879,83.24462595838324,12962800
2020-08-04,81.98334503173828,82.3265458331899,81.53717351603409,82.29223098995328,13366200
2020-08-05,83.40765380859375,84.48875475465462,82.12921303946217,82.25791662406355,15260900
2020-08-06,83.43338012695312,84.17127358035897,82.83277222122057,83.72510864269124,10482100
2020-08-07,85.26954650878906,85.36392870258658,82.84994395517444,83.16741192941481,14743700
2020-08-10,86.35064697265625,87.55186953083906,85.82725719049186,85.8958999757906,14989900
2020-08-11,89.07913970947266,91.08689872445275,88.81315708654124,89.1134611037439,31518600
2020-08-12,88.32408142089844,91.31855245419571,87.26871990866593,91.08689124455915,19240800
2020-08-13,87.83502197265625,88.68445522247593,87.20866797074122,87.51755397906415,13598600
2020-08-14,87.86933135986328,88.64153972900817,87.01989167998654,87.08853446048613,12134400
2020-08-17,85.55269622802734,87.51755185421223,85.39825322761563,87.08854424708373,14988000
2020-08-18,84.36003875732422,85.72428607954564,84.1884383671958,85.72428607954564,13246500
2020-08-19,84.55741119384766,86.30775666098708,84.37722221862651,84.87487266817463,13533000
2020-08-20,83.544921875,84.11120836401736,83.05585359288439,83.45053970247463,13672600
2020-08-21,83.50203704833984,84.57455602324461,83.17599363657787,83.45913367088913,12228300
2020-08-24,85.85301208496094,85.98171569407809,83.58785213059403,84.47160687578766,17898300
2020-08-25,86.23052215576172,87.50038745188773,85.62991417213621,86.89119093774978,13648900
2020-08-26,85.02071380615234,86.03317189420618,84.98639896247357,85.75003188397379,12052400
2020-08-27,87.81785583496094,88.07526301759003,84.9435061775734,84.9435061775734,22163900
2020-08-28,88.17821502685547,88.59006518355349,87.35452125959557,88.4956829923547,13756700
2020-08-31,85.96455383300781,87.67200242387527,85.8186862589267,87.62052360133909,14219400
2020-09-01,85.92163848876953,86.54799244235784,84.9778231122198,85.41541268127091,11595600
2020-09-02,87.21724700927734,87.46607220458269,85.42399182453767,85.75861723122568,14475700
2020-09-03,86.94267272949219,90.08300463034531,86.35064020840574,88.65012096669412,23281200
2020-09-04,88.82172393798828,90.27177161160523,86.97699663375218,89.27647745851311,26325500
2020-09-08,85.73287200927734,88.86462860841927,85.35534979556427,88.35840281329071,22108600
2020-09-09,86.5479965209961,87.2515687307953,85.42399214541042,86.48793571818896,13434000
2020-09-10,85.6556625366211,87.87791885456531,85.49263754710171,87.00274619459843,15922800
2020-09-11,86.71958923339844,86.96841440751318,85.44972395621566,85.7757738962937,13784300
2020-09-14,87.92080688476562,88.77023998674576,86.9769915996615,87.09711318797645,19017400
2020-09-15,85.18373107910156,88.24684447248929,85.06360949866558,88.14388685847854,23683000
2020-09-16,85.54411315917969,86.77107516186784,84.7375833193692,85.31245193456539,19270600
2020-09-17,84.56597137451172,85.2352221463876,83.83665980377867,84.68609297222605,18290100
2020-09-18,84.38580322265625,85.36394013837908,83.60501270571203,83.99111697123628,20121600
2020-09-21,81.77740478515625,82.41234057686597,80.4989643113792,81.6830226146625,28378800
2020-09-22,80.88510131835938,82.0777486353442,80.37029343569976,81.4771339837935,19257000
2020-09-23,79.57233428955078,81.811754667454,79.50369804302986,81.32268622550599,19952700
2020-09-24,79.50370025634766,80.91084481432397,78.40543518165697,79.21197165249846,18366500
2020-09-25,80.19869232177734,80.41319614994251,78.82586913074769,78.98031214887212,13293100
2020-09-28,82.5067367553711,83.16740551486109,80.95372494293447,81.56291489019132,20894100
2020-09-29,81.8117446899414,82.39519526410395,80.9365721017657,82.39519526410395,12848200
2020-09-30,82.60112762451172,83.39908209191942,81.73453691018432,81.81175514277037,16400600
2020-10-01,83.20174407958984,83.88815238688501,82.3952076087274,83.33044768287556,15778700
2020-10-02,83.99109649658203,84.5917044401279,81.58865163012733,81.72593718644389,15149600
2020-10-05,85.76637268066406,85.94822707863446,84.45874541120351,85.14286811226219,13871900
2020-10-06,84.88304138183594,87.34241888168914,84.44139797935857,86.65829643013895,19220400
2020-10-07,86.36390686035156,86.90080848225381,85.44596655908369,85.69710073350441,16358500
2020-10-08,88.1391372680664,88.26037351850523,86.51110290011651,87.03934939426283,15659000
2020-10-09,87.63687133789062,88.42491359340647,86.69295956216847,88.32965559313796,13689100
2020-10-12,88.71068572998047,89.19563073433442,87.33377886850383,87.55027311785902,16058000
2020-10-13,87.27313995361328,89.38612543818694,86.822834929249,89.19560948703638,21697300
2020-10-14,86.7882080078125,88.26902774867001,86.68428839890196,87.48964719903985,15204100
2020-10-15,88.08717346191406,88.139129962973,85.7663550493406,85.81831155039954,17171200
2020-10-16,87.90531158447266,88.61541233470176,87.2211890825516,87.81871522115281,13275000
2020-10-19,86.42449951171875,88.21707147709047,86.2166602933571,87.98325400815352,11725700
2020-10-20,86.9181137084961,88.13047622076049,86.70161945889457,86.86615059591321,11257100
2020-10-21,86.05213165283203,87.45501007939984,86.01749178210594,86.90944698094344,10730500
2020-10-22,89.09172058105469,89.40347286179636,86.00018263610045,86.0088442569213,14837200
2020-10-23,89.89705657958984,90.45128124672418,89.13499931399991,89.62860586463141,15087600
2020-10-26,87.6714859008789,88.93581118585055,86.81417075284656,88.89251631169688,12410700
2020-10-27,86.01749420166016,87.39439441563367,85.87027970209317,87.03934729274388,10391700
2020-10-28,83.60140991210938,85.12553109132853,83.19439971593614,84.43274693526182,16389500
2020-10-29,84.1469955444336,84.84844150747779,82.47565943101701,83.23772352845947,14208800
2020-10-30,84.90039825439453,85.22946718390789,83.33298177000981,84.78782360645391,15194500
2020-11-02,86.81419372558594,87.35975685381352,84.74450923663859,86.06945298153424,15011600
2020-11-03,89.55069732666016,90.70244187729614,88.92719274193267,89.21296017086517,17482600
2020-11-04,86.81419372558594,88.3902715917902,85.67110435676615,87.46367647166265,18886500
2020-11-05,90.36470031738281,91.0141830795205,87.4636786345438,87.51563514131313,17837400
2020-11-06,89.16100311279297,91.01419361336083,88.66739642071427,90.95357547948734,12552800
2020-11-09,101.23270416259766,102.96465801787946,95.56055264379788,97.99395230314697,47792400
2020-11-10,100.90364074707031,101.70899965019132,99.31890780153839,101.6224032684657,20539300
2020-11-11,99.39683532714844,101.28466538161064,98.68673447768357,101.22404725812753,14443400
2020-11-12,98.17581176757812,98.68673501013804,97.04137744073088,97.44838767497623,22063000
2020-11-13,98.79064178466797,99.46610267843717,98.34899173609614,99.32754320952085,11847900
2020-11-16,101.5791015625,102.71352928278154,100.21951797934123,102.00342842928868,19858600
2020-11-17,100.54857635498047,100.83435031185466,99.22363278186465,99.92507194248378,14553200
2020-11-18,99.8038330078125,102.71351578283787,99.76053152210736,101.61372147196673,12571200
2020-11-19,100.0722885131836,100.29744435725245,98.34033471208659,98.87724276890326,10202500
2020-11-20,99.21495056152344,100.15020698606618,98.79927883721179,99.09371435169878,12718900
2020-11-23,102.07271575927734,102.33250490632442,100.08096593084737,100.49663781575535,13209200
2020-11-24,106.79228973388672,106.94816586744243,103.66611204921102,103.97786431632244,20121600
2020-11-25,105.6751708984375,105.97826152317668,104.32424890995422,105.10362952134076,11715600
2020-11-27,104.97372436523438,105.95227591629236,104.85248812375391,105.64918531259119,5983600
2020-11-30,102.08134460449219,104.54072219541044,101.98608662626317,103.9172178313219,14411800
2020-12-01,103.69207763671875,105.28547865251527,103.59681964413353,104.21166248280552,12668900
2020-12-02,105.68383026123047,105.91764113621304,103.28507035335178,103.65744071490177,10811300
2020-12-03,104.99103546142578,105.55392175683973,104.22897818274306,105.5192818886888,12904400
2020-12-04,105.94363403320312,106.76631623293964,105.38075421013394,106.06487690414944,13583700
2020-12-07,105.54527282714844,105.79640694627558,104.0990928440977,104.9131133263112,9724300
2020-12-08,105.64920806884766,105.93498210255419,104.57539829577951,104.81787083096769,9592100
2020-12-09,104.8265380859375,106.7749867001231,104.29829148865223,106.66240544067715,13073900
2020-12-10,104.15105438232422,104.59270451708959,103.53621148449184,103.90858187127826,13668400
2020-12-11,103.53620147705078,103.93455007910623,102.5056934047107,102.99929999930983,9981600
2020-12-14,102.4450912475586,105.1469355098311,102.2805534880912,105.0776557577521,12112400
2020-12-15,104.1943359375,104.69660410391089,102.72217791250716,103.30238082532017,12590200
2020-12-16,104.4974365234375,104.85249024271963,103.79599731114229,104.17702928171241,11169400
2020-12-17,103.63147735595703,105.1729155277026,103.55354258872268,105.00838437235868,11618000
2020-12-18,103.12054443359375,103.81332208080546,102.41909855943351,103.17250094024254,28954800
2020-12-21,106.9914779663086,108.24714217276012,104.86116839429319,106.66240242569941,28323600
2020-12-22,105.36341094970703,106.96546694065471,105.3114544483737,106.85289231880593,11788200
2020-12-23,108.30774688720703,109.56341093806364,105.95228830830213,106.3246586955096,14973200
2020-12-24,107.8314437866211,108.72340556908915,107.00876835067902,108.32505036956225,4164900
2020-12-28,108.54156494140625,109.67599941834922,108.06528150756132,108.95723685030154,8072600
2020-12-29,108.25578308105469,109.35557092807544,108.15186346597494,109.28629118468895,8389200
2020-12-30,108.5588607788086,108.98318759450643,108.1605122120687,108.67143539325275,7398000
2020-12-31,110.0396957397461,110.26485160683666,108.09124751428732,108.32505839431512,8580200
2021-01-04,109.00054168701172,110.72383429346053,108.05662319743895,110.41208200395768,16819900
2021-01-05,109.59361267089844,110.16055269953021,107.95384725550434,109.01794864520646,13731200
2021-01-06,114.73968505859375,115.80378656058689,111.53865655463356,113.28309015545396,24909100
2021-01-07,118.50764465332031,120.53118637299494,117.67904448543982,118.35065261071895,21940400
2021-01-08,118.63850402832031,118.92633612899067,116.98129011315069,118.59489068417194,12035100
2021-01-11,120.40906524658203,120.5398919359636,116.97254224367336,117.38248361562971,15937900
2021-01-12,122.30179595947266,123.55778571298013,121.08941954914158,121.62147039447673,18033500
2021-01-13,122.41517639160156,122.79893917199219,120.45269591491419,120.88007203434903,14816800
2021-01-14,123.13037872314453,124.50847765609346,122.10989052086224,122.53727992889714,18565600
2021-01-15,120.92364501953125,123.54900212323696,119.50193315645375,119.86826112611607,27881000
2021-01-19,120.4003677368164,122.72045926590967,120.20849297588036,121.98780298585629,19843800
2021-01-20,118.5948715209961,120.5137385731473,118.13259942735264,120.20847183128342,16028800
2021-01-21,117.60053253173828,118.76057793317796,117.15570849571017,118.35063657669477,13411700
2021-01-22,116.69344329833984,117.22549408844472,115.3066269681873,115.73401639267233,12933200
2021-01-25,115.23685455322266,116.15268147895432,113.44009669814476,115.25430255141536,14212800
2021-01-26,114.76585388183594,116.15267015214809,114.5565178507066,115.7863420793631,11307800
2021-01-27,111.52123260498047,113.25694247850578,111.07640180103795,113.03015842240211,17603900
2021-01-28,113.48370361328125,115.28046136661983,112.50682871257423,113.3005329149375,13761800
2021-01-29,112.22772216796875,114.88797630626985,111.80906336701551,114.42570416358906,14808100
2021-02-01,113.0562973022461,113.44880398164975,112.06197455285893,112.86440928842399,11080700
2021-02-02,116.53645324707031,117.21677875310328,114.45186338957492,115.07985821190114,12253600
2021-02-03,117.8709487915039,118.41171698033807,116.44923632339943,116.57134569858533,10600800
2021-02-04,120.58351135253906,120.94112206678534,118.15875898824692,118.15875898824692,12419500
2021-02-05,120.34800720214844,121.66505801948283,119.82468712142486,121.57783135156843,10051300
2021-02-08,122.23200988769531,122.37156725385914,120.52246542449575,120.53991342249697,10136400
2021-02-09,121.74356079101562,122.09244086419132,120.83645130648415,121.61272078188348,8614800
2021-02-10,121.81333923339844,122.86871010352633,121.27255781941692,122.10988862592018,10323200
2021-02-11,121.47322082519531,122.58965343525918,120.55739366456868,121.81338367812216,9201000
2021-02-12,123.20012664794922,123.5141239632671,121.23764675444205,121.28126008052593,8324600
2021-02-16,126.16567993164062,126.75007469998006,124.2031995180615,125.20625304813296,12130600
2021-02-17,126.55818939208984,126.80240811744625,124.83119700845505,125.55513584037668,10810100
2021-02-18,126.98554992675781,127.15998995076376,125.07540038792897,125.59873376886755,10587800
2021-02-19,129.10504150390625,129.82024962837912,127.22105721532382,127.22105721532382,11969800
2021-02-22,130.31739807128906,130.99772341045863,128.0321900748473,128.10196873898255,11488400
2021-02-23,131.36407470703125,132.84683498327854,130.4744132177142,132.14906152712638,16234400
2021-02-24,133.67544555664062,134.1115523371047,130.92797816328596,130.92797816328596,15061400
2021-02-25,131.86122131347656,135.10585637111618,131.34661857863202,134.55637095463845,18127700
2021-02-26,128.36366271972656,131.59085009648362,127.78799859979135,131.09369530848298,19829200
2021-03-01,131.26812744140625,132.035679555068,129.5062525027379,130.4133619659602,14845500
2021-03-02,130.84072875976562,132.38455022098256,130.69245407723028,130.90179008670864,14221700
2021-03-03,133.3701934814453,135.17566883073292,131.54727013251954,131.9048676170949,14324100
2021-03-04,131.3204345703125,134.6522958217246,129.62833860987126,133.10847452775562,20093900
2021-03-05,131.62574768066406,133.87606019666146,129.06143775990142,133.6405588158569,18465100
2021-03-08,133.3701934814453,135.594340968504,131.486208788248,132.98641734295057,17133300
2021-03-09,132.4281463623047,134.53890094208927,130.6750024281112,132.1403143774815,16238800
2021-03-10,135.30650329589844,136.20488226088966,132.14908093754636,132.49797437132972,14342200
2021-03-11,134.60000610351562,136.19614524365193,133.76267521048072,134.41683539572196,11771500
2021-03-12,136.19615173339844,137.48703747620974,135.25417273361805,136.8154292608615,12849500
2021-03-15,135.5157928466797,136.8677262899118,134.28598205704517,136.37057156834047,12101100
2021-03-16,133.89349365234375,134.84421651094246,132.74217871808463,134.39937909474867,12805600
2021-03-17,135.27159118652344,136.83286083528608,133.49228146738594,135.4896445658204,13952400
2021-03-18,137.5044403076172,141.02818997659742,137.03345091685122,137.46084028376376,21898500
2021-03-19,135.31521606445312,136.01298959949708,131.86997503951997,135.63793083448013,54418800
2021-03-22,131.67808532714844,134.29472606893358,131.3640879057773,133.27423777670813,19944800
2021-03-23,130.36106872558594,132.68114711095865,129.9249618646544,131.11989040475078,17076300
2021-03-24,131.37281799316406,133.60568284664132,130.70994039882686,130.83204977959753,13079800
2021-03-25,133.05616760253906,133.4224956631225,130.24763916247807,130.8320205907127,15608300
2021-03-26,135.27159118652344,135.58558858506797,133.056174708792,134.58254836387076,16754400
2021-03-29,133.1695556640625,134.0853825343547,131.7391260040835,132.68111821561928,17570300
2021-03-30,134.7395477294922,135.95192405189854,134.21622757609916,134.72211304062506,13184300
2021-03-31,132.7770538330078,134.7482648080813,132.6811098182129,133.69288064533723,16736700
2021-04-01,134.06796264648438,134.13772802488742,132.18397801543156,132.48924479994716,16561500
2021-04-05,134.7786102294922,135.9367195792239,133.88372215449144,135.46294270440302,13508000
2021-04-06,133.83106994628906,135.35766498439006,133.2344778959358,134.0504076213853,13071600
2021-04-07,135.9279327392578,136.19114061745248,133.9275742846724,134.3223927956188,16903500
2021-04-08,136.0946044921875,136.43677064972445,133.62925174335638,135.1119762217852,12335500
2021-04-09,137.11236572265625,137.77914743229562,135.96303845267494,136.70000982448306,12122400
2021-04-12,136.8227996826172,137.96335794243225,136.48941561575833,136.49818430080802,12273400
2021-04-13,135.19094848632812,136.1648081715784,133.73454330166422,135.7700030856245,16113600
2021-04-14,132.66421508789062,134.9628698086295,132.4185445573248,132.89232146739647,19939600
2021-04-15,133.5064239501953,133.53274339420523,131.0059830581096,132.69926309684334,17694100
2021-04-16,134.49781799316406,135.55940447234656,133.9626337176681,134.9979007560315,13773400
2021-04-19,133.9275665283203,135.00671742768907,133.55031218835987,134.6031302528563,11900200
2021-04-20,130.96212768554688,133.1379534230256,130.41816121069638,133.12918473646477,13716700
2021-04-21,132.0763397216797,132.13776068321081,128.78627531324767,129.66362582216289,12236700
2021-04-22,129.29515075683594,131.86579491895148,129.19864165749425,131.80437395241248,15256100
2021-04-23,131.76930236816406,132.5940141593287,128.698574950948,129.1284682214804,14041900
2021-04-26,132.09390258789062,133.7608767400064,131.93598590771848,132.28692078852833,10799100
2021-04-27,132.6992645263672,132.9800231152391,131.69908548129706,132.04125164441825,12821200
2021-04-28,133.55908203125,134.13813665729336,132.83087940528182,133.73454947896698,8943700
2021-04-29,136.15603637695312,136.23499471487992,134.4101039324976,134.7083999117592,12976900
2021-04-30,134.94529724121094,135.54190262651443,134.2434140650396,135.19973641888575,11705100
2021-05-03,134.55047607421875,136.41045488979879,134.3486892033772,135.85773316642363,11801100
2021-05-04,136.4104461669922,136.55082545395166,133.480098835068,134.12056092427528,12977700
2021-05-05,138.20025634765625,138.86703791709974,135.66471390440475,136.86667982146287,10506700
2021-05-06,140.98146057128906,141.09552042555404,137.88441423263083,138.682806437872,13542400
2021-05-07,141.46400451660156,141.6921108353581,137.76158420273646,137.93705163157279,14257800
2021-05-10,141.4464874267578,143.64863296555097,141.358746997801,141.69214456306503,14014300
2021-05-11,139.09518432617188,142.4729901247308,138.65650894388165,141.3236627651,15451700
2021-05-12,138.13882446289062,141.06040304223086,137.7703388836007,140.03390463121488,14381700
2021-05-13,141.692138671875,142.5256191630712,138.34065255725716,138.77932790918246,15395000
2021-05-14,143.89425659179688,144.28029296961097,142.12201814791476,142.4729530073966,10584000
2021-05-17,144.4733123779297,144.63124243714424,143.0344580222188,143.33275399402677,9886800
2021-05-18,142.4378662109375,145.20151507034456,142.34135711557974,144.48208119816726,11098100
2021-05-19,141.3499298095703,141.4113373789219,139.18287315353857,141.25342072575614,13278900
2021-05-20,141.10430908203125,142.00797919614772,139.9549818526584,141.10430908203125,10426000
2021-05-21,142.70985412597656,143.20116832798425,141.20080999849125,141.5517448892659,10249000
2021-05-24,143.48194885253906,144.08732306722894,142.23611228037512,143.32403212904322,9440300
2021-05-25,141.99917602539062,145.37696723354674,141.74473689739398,143.75387692956693,12609100
2021-05-26,141.98162841796875,143.65737103158918,141.52540242431533,143.5082230579018,13058300
2021-05-27,144.1925811767578,144.54351607330236,142.63089812871073,143.8416328929051,15707500
2021-05-28,144.09605407714844,144.71019676306028,143.23624092956538,144.48207706021694,10291300
2021-06-01,145.68405151367188,146.4385734704176,145.18395530856208,145.5261214641034,9445400
2021-06-02,145.69287109375,146.90361947660122,145.22787624268904,146.74568937186334,10498600
2021-06-03,145.78932189941406,146.73686198688225,144.4645275463466,145.1225403803685,13354400
2021-06-04,146.0262451171875,146.2280320193317,144.78917748104757,145.8244582150433,8510800
2021-06-07,145.3419189453125,146.6053060845933,144.88569283672572,146.51756566041192,7267200
2021-06-08,144.7628631591797,145.42964486096648,143.14854111023755,144.3154191288462,10370700
2021-06-09,142.9554901123047,144.0784976616837,142.37643557947632,144.00830801643428,12377400
2021-06-10,140.72698974609375,144.97337558309374,140.64803142812963,144.2013029968567,12119400
2021-06-11,140.63050842285156,141.42890060595343,139.5513710358222,140.75333695968982,13683800
2021-06-14,138.24412536621094,140.665607938259,137.4457331944729,140.50767788611114,19917900
2021-06-15,136.14723205566406,137.67382660932466,135.22602482243778,137.48080844550648,24485500
2021-06-16,137.1035919189453,138.28800728215856,134.33116060962737,135.75246440040678,25321200
2021-06-17,133.146728515625,138.14763788130867,132.69928450795481,137.83179111492137,29722400
2021-06-18,129.77767944335938,131.33936220328832,129.46183273981725,130.98842737148848,43595700
2021-06-21,131.97982788085938,132.6553915070968,130.74277386341154,130.7954127508809,18664800
2021-06-22,131.78683471679688,132.4536163290822,130.42693865886216,132.12900090284302,14251200
2021-06-23,132.58522033691406,133.3923812943015,131.68155027661575,131.77805937952664,12733300
2021-06-24,133.80470275878906,134.33988703057864,132.67292664949218,133.28706924319224,13733200
2021-06-25,135.15585327148438,135.5506583367514,133.06775470378264,133.87491559355055,15484900
2021-06-28,135.40151977539062,135.53311701053644,133.46256905795974,134.84878461316265,14125800
2021-06-29,135.2348175048828,137.1386666519262,134.76982276970807,135.98933953716195,14528700
2021-06-30,136.463134765625,136.93691168488138,134.8575946151187,134.89268275598818,12531000
2021-07-01,137.8142547607422,137.8668936627582,136.3578493308533,137.09482073369716,10479400
2021-07-02,137.68185424804688,137.93775961576466,136.87886128161767,137.61126012814032,11424000
2021-07-06,135.36996459960938,137.46126339014685,134.43461600070995,137.46126339014685,15083400
2021-07-07,135.52877807617188,136.13764056710934,133.72867517920366,134.13457453019439,12271800
2021-07-08,133.1904296875,134.5934526901491,132.3962558159308,133.78164038425552,17834600
2021-07-09,137.45245361328125,137.78775890144348,134.63757494231,135.0523070422969,13694500
2021-07-12,139.42019653320312,140.44379108099128,135.8376290803964,136.1994188978054,19940400
2021-07-13,137.3465576171875,138.88194967688793,135.4493891484468,137.6995282734453,22671700
2021-07-14,136.8788604736328,138.78486130650447,134.96404042499427,137.61125931583214,14622800
2021-07-15,137.1789093017578,138.12307717875615,135.62586537031598,135.80234396312886,11539300
2021-07-16,134.04637145996094,137.90248346466916,133.26103023220801,137.62012039289783,14002700
2021-07-19,129.68727111816406,132.20213477173385,128.5754438890818,131.081474861304,22172900
2021-07-20,132.10511779785156,133.34930105722603,129.12257873448314,129.29023816790914,15385200
2021-07-21,134.88461303710938,135.58170801471283,133.56100372958747,134.16986616535957,12356700
2021-07-22,133.18157958984375,135.39642807320627,132.33447706162258,134.90228268766862,9913300
2021-07-23,132.9257049560547,134.8669964220075,132.581566984656,133.6669231306897,9666100
2021-07-26,133.81690979003906,134.09046705273036,132.51095223822455,132.5286041342421,8208000
2021-07-27,133.6404266357422,134.5581366948297,132.1844616788865,132.71389736117442,11218700
2021-07-28,133.86105346679688,134.80523481497434,133.13748719177391,134.38167003186203,9217300
2021-07-29,135.00814819335938,135.7758372764231,134.04632866972437,135.13168452240927,9063500
2021-07-30,133.93162536621094,135.59937271258454,133.4198281032429,134.6375530897686,9805200
2021-08-02,133.39337158203125,136.28766344718284,133.305139022218,134.15224161158034,10203200
2021-08-03,134.91111755371094,135.29055931734123,131.93741221506667,134.08165336128764,10394800
2021-08-04,133.45509338378906,135.33460907974293,133.1638977769348,133.46391259692496,10155000
2021-08-05,135.14053344726562,135.61704043868053,134.13459069972117,134.37284419542863,9151500
2021-08-06,138.97903442382812,139.26141098845338,136.87008326543526,136.94067740659156,13328800
2021-08-09,138.8290252685547,139.90556234556138,137.56717689016415,138.9966846687459,9516900
2021-08-10,140.5320281982422,141.1673618372012,137.92893220041265,138.3083739263378,8667000
2021-08-11,142.2086639404297,142.5086789804978,140.3732564282277,141.1850689590071,9156500
2021-08-12,142.76451110839844,143.27630838442684,141.670335900191,142.84393790935846,8844200
2021-08-13,141.16738891601562,143.09104209865234,140.8056124819098,142.76454253593573,8980900
2021-08-16,140.2407989501953,140.32904494845405,138.34363116767292,140.24963162869054,8755800
2021-08-17,138.54664611816406,140.1791036043597,137.01126735448594,139.04080509113436,9347200
2021-08-18,137.2847900390625,139.42903113923518,137.07300765476205,137.92894294435325,8065500
2021-08-19,136.13763427734375,137.26711319275807,135.0169745771691,135.14934359246888,9517700
2021-08-20,136.5259246826172,136.6847513779588,135.14937279850864,136.1994386103348,6974100
2021-08-23,138.27310180664062,138.6172398178698,136.9847958013028,137.0642091582506,7934600
2021-08-24,139.12901306152344,139.90553498869335,138.4230852608647,138.53780239950194,7670900
2021-08-25,141.99684143066406,142.7557115008101,139.24373767127554,139.87023869794103,11335000
2021-08-26,142.729248046875,144.564655139812,142.19979877343872,143.17927050417782,11027500
2021-08-27,143.8763427734375,143.97340800020234,142.29682803466864,142.7292119474304,8780200
2021-08-30,141.57327270507812,144.2646146848037,141.07912731820102,144.01754199136514,7937600
2021-08-31,141.1409454345703,142.39396130142995,140.61150950651464,141.57332955393787,12340800
2021-09-01,140.93797302246094,141.85566989564083,140.2761681203887,141.3791762905091,8729900
2021-09-02,141.5909423828125,142.60570439655254,140.6820513681176,141.20268139737863,8813300
2021-09-03,140.73501586914062,141.9703795687605,140.43498742970053,141.52917632397418,7959700
2021-09-07,140.48794555664062,142.40276605636393,140.2673439304358,141.1762215532433,9285600
2021-09-08,139.86143493652344,140.81443560419146,139.45552200856193,140.20557294447673,7852700
2021-09-09,140.47030639648438,141.9174526570591,139.4908345487233,139.65849395415765,7904300
2021-09-10,138.85546875,141.82035473081487,138.73193239515157,141.6791664782873,8311600
2021-09-13,141.0614471435547,141.22910646573186,139.48194606539198,139.88784535276375,10052800
2021-09-14,138.5995635986328,142.36742879420936,137.88480318758363,141.582087728084,11685600
2021-09-15,139.5614013671875,140.02907568843747,138.07013237644753,138.29073397946934,11691500
2021-09-16,139.49964904785156,141.9350997568921,138.73195965363078,140.66443216338496,10880900
2021-09-17,139.13783264160156,140.311434752066,138.5378027613687,138.87312149705937,25581600
2021-09-20,134.97288513183594,136.3847272540793,132.79334030701713,135.79351659818047,15819900
2021-09-21,134.99053955078125,136.37592418742636,134.63758234453573,135.4758658077096,8999900
2021-09-22,137.5759735107422,138.75839475605022,136.8612265410329,136.94945909495695,11236200
2021-09-23,142.22628784179688,142.6939757222191,139.12904555530196,139.42024134599984,12336100
2021-09-24,143.86753845214844,144.352864681638,141.90860856444667,142.45569624253298,10102400
2021-09-27,147.34420776367188,147.71481681295234,145.25290903399915,145.5970469700776,13220900
2021-09-28,146.55003356933594,149.39138280936893,146.1794245551296,147.9795274047677,13387900
2021-09-29,146.43531799316406,147.27360125780172,145.63232505501117,146.6647522408941,7777100
2021-09-30,144.44110107421875,147.35304479243578,143.64692726136718,147.29126988350671,13161200
2021-10-01,147.4766082763672,148.50902230499477,144.36171428976408,144.7146715174392,11285000
2021-10-04,147.31773376464844,150.39733669652807,146.24119696734735,147.33538566125475,14120000
2021-10-05,149.72349548339844,151.0373228806252,147.95692029071319,148.43629871583514,12292900
2021-10-06,150.04306030273438,150.11407982266005,147.36213099429037,149.1287059952723,8692600
2021-10-07,150.992919921875,152.25348594238827,150.50466918086212,151.97829376443244,10195400
2021-10-08,151.10829162597656,152.1025375875202,150.29158765105353,150.93074963935595,8190100
2021-10-11,147.93026733398438,152.0581768558747,147.77048358011973,151.6232009399624,12154700
2021-10-12,146.79400634765625,147.97468061295385,146.27025256288522,147.1402180836766,13032600
2021-10-13,142.9235076904297,146.83837223897822,142.56842364856442,145.64882579858283,22753500
2021-10-14,145.11618041992188,145.59554521193775,142.08903964199308,143.5892947185567,15176800
2021-10-15,147.90362548828125,148.40074852337628,145.71094717266894,146.78509865931744,14267400
2021-10-18,147.85037231445312,149.67908081294712,147.28222973680852,147.7882251588793,12672900
2021-10-19,149.6435546875,149.71456064633628,147.8769800721714,148.60490628771956,8053900
2021-10-20,151.65869140625,151.68532202969575,148.65819495147218,149.4038794991268,8185600
2021-10-21,150.46914672851562,152.0936825045063,149.74120689142813,151.58767356229862,8415200
2021-10-22,152.49314880371094,152.7683409341531,150.6466822127865,150.93963260681446,8817900
2021-10-25,151.74749755859375,153.54070329759966,151.33913868008358,153.31877236365895,10159200
2021-10-26,152.1558074951172,153.12343643664448,151.39236471813922,151.80072350165185,8015100
2021-10-27,148.9866485595703,151.53441087397778,148.55165913333065,151.19708512796691,9847000
2021-10-28,151.2325897216797,151.36574284052512,149.10205854663167,149.40388131307253,7212900
2021-10-29,150.8153533935547,152.90150915464721,150.37149161847853,151.96051081319317,8140100
2021-11-01,150.7354736328125,152.98141331145612,150.0341643863311,152.7239658757041,7435500
2021-11-02,151.3302459716797,152.413269867337,149.95427165713926,150.73547277416088,7173800
2021-11-03,151.38351440429688,151.91615401764597,150.15845142094682,151.02843035912286,8402700
2021-11-04,149.39500427246094,151.09055966282864,147.79711256915726,150.91301764530465,9574200
2021-11-05,149.1819610595703,150.9929113329834,148.61381846932426,149.9365180294975,7975600
2021-11-08,150.0785675048828,151.72973413916023,149.79450296279046,150.06969514423858,6413700
2021-11-09,148.9422607421875,149.55479217792714,147.89475342266923,148.56054610576243,7990300
2021-11-10,148.8002166748047,149.98089061827108,148.32972427834792,148.64930529722292,6999200
2021-11-11,148.7913818359375,149.74123922743578,148.16109199831212,148.7114899474693,5815300
2021-11-12,148.12557983398438,148.90678103886592,147.1135753392919,148.82687560975654,8113400
2021-11-15,147.8592071533203,148.9511031412025,147.36208421723035,148.43623548995512,6492500
2021-11-16,146.79400634765625,148.31201998749316,146.5809477618014,148.3031340804221,9706100
2021-11-17,146.00393676757812,146.97155247386561,145.04519342301782,146.66085726632977,9909600
2021-11-18,144.7433319091797,146.34123705656822,144.30834248012798,145.93287825117406,8122500
2021-11-19,142.85247802734375,143.90887126341005,141.5475232705074,143.189817325069,12193600
2021-11-22,145.8973846435547,147.34436495575113,144.69007995967803,145.72871498582677,14549900
2021-11-23,149.38612365722656,149.6346851771418,146.80284477640728,146.91825317693468,12354400
2021-11-24,148.21434020996094,150.41589097481364,147.75272013898643,149.54592562787454,9629800
2021-11-26,143.74911499023438,144.38827723904143,140.98830685004748,143.93554295679928,13619300
2021-11-29,143.127685546875,146.2791073290915,141.8760054491083,144.97415243207675,12104400
2021-11-30,140.9971466064453,142.5950518589473,140.51776825790085,141.2900970315363,18922600
2021-12-01,140.16270446777344,144.93866264967122,140.0828125800053,142.9235259138965,12253400
2021-12-02,143.10992431640625,144.92087445985865,140.97050723729842,141.8848614412083,12969900
2021-12-03,140.5177764892578,143.6603259275297,139.54128856067402,143.367375485278,12681800
2021-12-06,142.1778106689453,144.35273071316283,141.55640687710985,142.93236757846455,11186500
2021-12-07,144.31724548339844,145.0451718589263,143.06555184084783,143.7047139755295,9851600
2021-12-08,142.66607666015625,144.9386470831941,142.1866982938537,144.39713510383055,11705700
2021-12-09,142.4441375732422,142.86135521137777,140.83734644784752,141.72507006503054,11189600
2021-12-10,141.87600708007812,143.5449184114819,141.26347556477396,143.20759261923024,10405400
2021-12-13,140.1893310546875,141.84937010986525,139.6211884042916,141.59193618595006,12069000
2021-12-14,141.2634735107422,142.82586231088433,139.6389375511274,139.77209068487107,12563600
2021-12-15,140.2070770263672,141.90263246789226,139.68332331791328,141.90263246789226,14014200
2021-12-16,142.3997344970703,143.65142792354268,140.88172130285696,142.3819762337313,19542800
2021-12-17,139.15957641601562,141.48542195634934,137.75697120262674,141.43216069625447,28082000
2021-12-20,136.6562042236328,137.33086943662408,134.79197882151786,137.1621997469787,15148000
2021-12-21,138.5647735595703,139.5323890332335,137.67704995901607,137.96112801307527,11291300
2021-12-22,139.10630798339844,139.42588907307973,137.8102389026166,138.26297313566954,7273000
2021-12-23,139.6033935546875,141.25455981622252,139.559018215895,139.91410219974924,8055200
2021-12-27,140.40235900878906,140.43786199050092,138.78669565638106,139.90523599130546,6188100
2021-12-28,140.82847595214844,142.1689337554261,140.33135288723983,140.43787538812379,6342300
2021-12-29,140.7574920654297,141.70736309070526,140.39352203449656,141.01493956851547,6398900
2021-12-30,140.68643188476562,142.2488340849387,140.5887817472548,141.24570208556275,6948200
2021-12-31,140.57107543945312,141.40552447050285,140.22486368378213,140.6598396960716,5805900
2022-01-03,143.5449676513672,144.3794303761071,141.60084993002488,141.91155874731083,13120900
2022-01-04,148.9866485595703,149.65244123787915,145.79083828545313,145.8618577966098,20195800
2022-01-05,146.26290893554688,150.35305666868305,146.2182539602125,149.87081836471359,17539400
2022-01-06,147.8167724609375,149.4688970905359,146.3432404311652,149.0581041320163,14047500
2022-01-07,149.28138732910156,149.61180957837593,147.40598760629422,147.95074553516426,13913300
2022-01-10,149.4242706298828,151.20142115770875,147.82571271966276,150.98709911515533,12922500
2022-01-11,149.5760498046875,150.49588468234035,148.5222500566278,150.26368435768026,11854100
2022-01-12,150.42445373535156,151.45144970525382,149.29920867510359,150.44231844512177,12568000
2022-01-13,150.23692321777344,151.6479356400798,149.9332912555357,150.33515869106003,13623400
2022-01-14,141.0028533935547,143.80701372863592,140.118734070285,143.56588779923814,40158400
2022-01-18,135.0908966064453,139.11852392455683,134.4389640627138,139.11852392455683,32324800
2022-01-19,133.00111389160156,135.94816353448286,132.6617662400349,135.35876450732897,22380000
2022-01-20,131.8670196533203,134.5014995118015,131.59910344486124,133.05477106362076,14860800
2022-01-21,129.56297302246094,131.73306587828853,128.83960873718507,131.7241403337392,20705400
2022-01-24,129.44686889648438,129.92018165221654,124.6422961045713,127.06244040247945,28471400
2022-01-25,130.8578643798828,131.14364528059966,125.73178189423707,128.2858907805646,18915900
2022-01-26,132.09922790527344,134.46580556675843,130.34886716215715,132.81366670169885,20709100
2022-01-27,129.76834106445312,134.29608485842846,128.71455471405014,133.43875583246762,17536800
2022-01-28,130.92930603027344,131.06325730708755,126.96418471517951,128.76813912804664,14117000
2022-01-31,132.70648193359375,132.87614902364783,129.19680827581053,130.0630629473018,13985700
2022-02-01,134.9837188720703,135.26949975485968,132.4385493152921,132.7868362494526,14584900
2022-02-02,133.90313720703125,134.79618199179012,132.23314782010237,134.4032401062111,12441100
2022-02-03,132.7957305908203,135.43020946117878,132.42957903081944,133.95669130750792,12474900
2022-02-04,136.24288940429688,137.0823535542297,132.858256182031,133.15296255126995,16654400
2022-02-07,136.69839477539062,137.18955858833567,134.71583392905356,136.87700103707832,12572300
2022-02-08,139.27035522460938,141.52975782547924,138.2433589975901,138.42196525966506,20411400
2022-02-09,139.850830078125,140.59204531797832,139.154256179702,139.84189090841247,9131100
2022-02-10,139.27035522460938,142.02093526627363,138.6184362359828,139.90442312577747,16455600
2022-02-11,137.4574737548828,141.27077941494915,136.60908379819318,138.96672186428253,16830000
2022-02-14,136.180419921875,137.24313189244884,134.24251414948705,136.3947419739245,17026500
2022-02-15,138.17189025878906,139.26140598689534,137.39494565622124,137.98434485810958,9500000
2022-02-16,138.4219512939453,139.40430607642196,137.29671969229446,137.29671969229446,9076500
2022-02-17,135.23377990722656,137.28778586067935,134.5550707027151,136.63586691247866,11367500
2022-02-18,135.86782836914062,137.65391787767504,134.9658580729721,135.85890282723932,11733300
2022-02-22,135.626708984375,136.8501896226984,134.32287121151697,134.49255190326284,11333500
2022-02-23,132.78683471679688,136.90377182783305,132.14384136472486,136.74301667642388,11799000
2022-02-24,129.08963012695312,129.4825720239917,124.829802563923,127.65182743648874,25655100
2022-02-25,132.14385986328125,134.07284018953146,129.4111445478189,129.71477655469602,18367700
2022-02-28,126.63377380371094,129.54509536996872,125.81217410329678,128.19660243126467,31315300
2022-03-01,121.85596466064453,125.4549342452222,119.29293035212139,125.06199233866478,36840400
2022-03-02,124.38327026367188,125.06197936024843,121.99884244372564,122.6061063259076,19405600
2022-03-03,123.4991455078125,125.90143792994189,122.40070434283946,124.88336751750282,16640800
2022-03-04,120.0252456665039,120.93615540566134,118.23915562011673,120.5074976100284,21016000
2022-03-07,115.39030456542969,118.49809611424037,115.15810423661232,118.03370908338547,27560100
2022-03-08,114.57765197753906,117.69436964681233,113.65781009895336,115.7743287538605,19207800
2022-03-09,119.16788482666016,120.7753679833972,118.27484014255963,118.68563306624881,17536200
2022-03-10,117.75687408447266,119.17681187977902,116.38159124929392,117.75687408447266,15604200
2022-03-11,115.10456085205078,119.73946623391174,114.68482864346093,118.31952806108274,20061800
2022-03-14,116.24765014648438,118.70352356124714,115.4081857807892,115.61359591403524,15786900
2022-03-15,118.31056213378906,119.26612653670423,117.10495992314627,117.70329825763379,15096600
2022-03-16,123.59740447998047,123.67778887458549,120.05201525815532,120.44495718099488,20354900
2022-03-17,125.16022491455078,125.1959543380185,121.38264917639259,122.22211347971272,17050500
2022-03-18,125.11558532714844,125.78536894533065,123.65099236046133,125.19595609090248,23656500
2022-03-21,124.71372985839844,125.70501036188816,123.89213008663536,125.33887226513559,12676100
2022-03-22,127.36603546142578,128.5359218813849,126.56230065242858,127.05347798094074,13548600
2022-03-23,124.82981872558594,126.44622786213026,124.31185103304516,125.90146991193946,12093200
2022-03-24,125.64247131347656,125.6603360244383,124.23145893670015,125.29418439702289,10017600
2022-03-25,126.74089813232422,127.86612951266908,125.74069246090657,125.99966941983426,8383500
2022-03-28,125.80323028564453,125.89254022606215,123.15088585128902,125.02628558578935,10818100
2022-03-29,126.0800552368164,128.24123559148097,125.24060459186248,128.01797439694622,11316500
2022-03-30,125.50849914550781,126.91951144048559,124.94589023725602,126.72304051164178,8771000
2022-03-31,121.73987579345703,125.33884530988709,121.68628165802816,124.87445819031412,17353900
2022-04-01,120.8378677368164,122.71326692654178,119.48937523964267,122.70432775902648,15721300
2022-04-04,121.37376403808594,122.29359941023925,118.67676399332855,119.77520566192959,17416400
2022-04-05,119.96124267578125,121.81454906414928,119.6643517891317,120.61800754372815,12110300
2022-04-06,118.296875,119.25950875410467,117.82005397387346,118.37784150003151,12914700
2022-04-07,117.93699645996094,118.68371951851185,115.81378804281272,117.81104399995166,12994200
2022-04-08,120.09619903564453,120.46505098606252,118.29687033546263,118.45880332914051,13126900
2022-04-11,119.65536499023438,121.36472185612202,119.26851588825143,119.65536499023438,10466400
2022-04-12,118.34184265136719,121.07682996506871,117.58612789144514,118.88164675290497,12989900
2022-04-13,114.52728271484375,116.28162557761347,113.36671479643655,114.20340297650245,30838000
2022-04-14,113.46566772460938,115.42693623777015,112.47603147089522,113.80753769886891,18835200
2022-04-18,115.57088470458984,116.27262177667819,112.94385967096716,113.06081356168386,11834400
2022-04-19,117.96399688720703,118.14394075729756,115.36396720676183,115.56189448162948,15015400
2022-04-20,118.37782287597656,120.11416827760463,118.16189851540757,119.22350946180478,13430200
2022-04-21,117.46017456054688,119.48441933462189,116.92038419079994,118.95362066631145,12174200
2022-04-22,114.08644104003906,117.42420202394086,113.9784857042953,117.20827762466395,14318800
2022-04-25,114.05045318603516,114.36534121775318,110.75768504496217,113.36671318273149,17149000
2022-04-26,110.67671966552734,113.72658852220916,110.54177548664798,112.13417857248098,17209500
2022-04-27,109.23725128173828,111.16253257473028,109.05732114485659,110.05594919150788,17215200
2022-04-28,110.96459197998047,111.24349258171682,108.98533325639397,110.48777099700061,13015600
2022-04-29,107.38396453857422,111.20753899362796,106.97011965651826,110.70372902658525,14874800
2022-05-02,108.36457061767578,108.59848527575916,106.35832291641712,107.85176220134701,18545000
2022-05-03,110.68571472167969,111.71133163200636,108.66146973594628,109.33621806452409,15720900
2022-05-04,114.34735107421875,114.6172531567878,110.42481349388046,110.47879802873133,17128500
2022-05-05,111.48640441894531,113.44767297323389,109.9030001075869,112.68295964978665,15055400
2022-05-06,111.30648040771484,111.81928883996807,109.02133201335472,111.3784552068824,14417900
2022-05-09,109.63311767578125,110.95562560295745,108.40957339376078,109.8580338031542,14312300
2022-05-10,106.96109008789062,111.36044804845142,105.76453489907055,110.75767460345868,16382400
2022-05-11,106.2863540649414,110.5597600613588,106.10642392643965,107.32996808715706,14630300
2022-05-12,106.1963882446289,106.44829318230772,103.79428590675552,105.26073643046848,16318800
2022-05-13,107.14104461669922,108.18465875675652,106.12442617797078,107.42894385304241,10443200
2022-05-16,106.39432525634766,107.47391990636999,105.46767192336434,106.64623021709318,10269000
2022-05-17,109.9209976196289,110.63173332545871,108.68845490994003,108.89538074384784,11160200
2022-05-18,108.04069519042969,109.73206866611008,107.5368853196626,109.12929516160023,12664900
2022-05-19,106.43928527832031,107.64483905645565,105.82751325595927,106.33132995101164,12765800
2022-05-20,105.56661224365234,107.66283184057187,103.4793912121837,107.47390314946973,13150100
2022-05-23,112.09818267822266,113.87052264145763,108.36457405173863,108.37357261761396,24376700
2022-05-24,113.68160247802734,114.6982208536512,110.75769296339475,111.88227354594575,19324900
2022-05-25,114.47330474853516,115.03109918853824,112.61099957820115,113.60962768471744,12780400
2022-05-26,116.45256805419922,117.12731638851099,115.34598462970914,115.48992050790858,15990900
2022-05-27,118.09893798828125,118.09893798828125,116.18264861231768,117.10031005362546,11177800
2022-05-31,118.96261596679688,119.79030554101354,116.69547163525124,117.11830126017365,17015000
2022-06-01,116.87540435791016,119.53840326835602,115.75981557079469,119.53840326835602,10768000
2022-06-02,118.75568389892578,118.76467559964195,115.75980022595931,116.86638343669156,8374800
2022-06-03,117.10032653808594,118.54878683229511,116.94738523096942,118.04497694349016,8596000
2022-06-06,116.71344757080078,119.10655793987664,116.47054809011271,117.93699158652628,11323500
2022-06-07,117.01934051513672,117.24425658710912,115.71481631546675,115.9037518561501,6722200
2022-06-08,115.15704345703125,116.46155409438506,114.16741398760132,116.0567078590393,8422100
2022-06-09,112.73695373535156,115.24702532084513,112.70096633250233,114.59026723066327,13560100
2022-06-10,107.55486297607422,111.01856893819715,107.34793718010982,110.28983623405601,12945200
2022-06-13,104.3520736694336,106.11541510077954,103.5153854881623,105.13478418220184,16805600
2022-06-14,102.61571502685547,105.5486227715406,101.86000025675558,103.9562198694619,13357900
2022-06-15,103.83027648925781,105.21575368895456,101.8150231982726,104.01920519830738,14083500
2022-06-16,102.04894256591797,102.79566573403068,100.64546816909525,102.43579856810567,16724900
2022-06-17,101.6890640258789,103.12852566467713,100.90636040622633,102.14789478270957,30919900
2022-06-21,104.20814514160156,105.28773984224132,103.49740933252036,104.24413254680897,11680500
2022-06-22,103.62334442138672,104.54099907647512,102.91260873163154,103.353442359593,9842700
2022-06-23,102.48976135253906,103.62334035817103,100.29458500067808,103.47039906563577,11851500
2022-06-24,105.54863739013672,105.99846963384918,101.50914576348947,101.86901293123852,14841100
2022-06-27,104.70292663574219,106.61021738399344,104.03717698915855,106.21436290359,11280500
2022-06-28,104.19912719726562,107.32096366353588,104.0011999373796,105.86350491119775,11590900
2022-06-29,103.73131561279297,105.0988025801743,103.21850714203806,104.36107799305506,9338400
2022-06-30,101.31121063232422,102.63371842464491,99.79977413594268,101.8150205098198,15172600
2022-07-01,102.60672760009766,102.93959903531713,100.006698032334,101.34719606689474,10573600
2022-07-05,102.21644592285156,102.29812862202492,99.20313957412496,100.53733879955958,12514200
2022-07-06,101.55389404296875,102.55227753655787,100.55551054937963,101.40867802507393,10656200
2022-07-07,104.12245178222656,104.28582410524803,102.92439038827249,103.01515125114886,10347400
2022-07-08,103.79570770263672,104.96654153657856,103.11499084043402,104.52180845883026,8807800
2022-07-11,102.43428039550781,103.67772576789007,101.85340252400628,103.0605421638434,7939500
2022-07-12,102.53411102294922,104.53995584050604,101.88969990347611,102.18013881541624,11250900
2022-07-13,101.5720443725586,102.08938895660343,100.18337603417554,101.42682143863202,12979900
2022-07-14,98.02322387695312,98.23198008574157,96.26243412106608,98.01414571362936,26204800
2022-07-15,102.51595306396484,103.36004222032456,97.72370763093286,99.07607006855429,18863900
2022-07-18,101.4631118774414,105.13897854956785,101.00930066424485,104.16782283031158,13977900
2022-07-19,103.97723388671875,104.32213487677055,102.26182787440001,102.6793334034956,11862300
2022-07-20,103.95909118652344,104.14061293275311,102.99701346720677,103.55973503528523,11667500
2022-07-21,104.66704559326172,104.85764552221775,102.8971841639476,103.86834013983483,11595900
2022-07-22,104.15875244140625,105.51110792887272,103.16944038777078,104.5944073318473,7645500
2022-07-25,104.57626342773438,105.70171336591828,104.16782915628804,105.13898493452133,9394000
2022-07-26,102.94255828857422,104.90302651710492,102.5885860125247,103.99540387603209,10675100
2022-07-27,104.59441375732422,105.04822500210126,102.83363083632409,103.4780419729543,9337400
2022-07-28,104.20413208007812,105.26605561755089,103.04237644296892,104.60348817706308,10384800
2022-07-29,104.70333862304688,105.73802778300616,104.18599404306724,104.91208793316274,12944500
2022-08-01,103.6595687866211,104.47643045221751,102.62487965173575,103.92278015245829,14740400
2022-08-02,102.04399871826172,103.83201616462607,101.89877579335833,103.39635431452609,14942900
2022-08-03,103.11500549316406,103.55973863410931,101.39052114561119,102.96978255144504,14394500
2022-08-04,101.98046112060547,102.85177785946334,100.76424341194704,102.42519419130576,18033900
2022-08-05,105.06639099121094,105.45666897459219,101.69911207627526,102.1347670335409,14174600
2022-08-08,103.78663635253906,105.91954794254511,103.63234218221672,105.51112056825411,10332500
2022-08-09,104.72147369384766,105.27512393124417,103.80478002339936,104.14967405464242,10233800
2022-08-10,107.45343017578125,108.3429032970684,106.64564668253766,107.063152213065,12847300
2022-08-11,109.0417709350586,110.00384860746668,108.28844256817547,108.82394346528157,11684900
2022-08-12,110.84793090820312,110.9568480985828,108.40643114752942,109.52280291932867,9906700
2022-08-15,111.14745330810547,111.38343710291792,109.45927486177466,109.94939185502653,8456200
2022-08-16,112.2093734741211,112.76302378413506,110.61196277026787,110.99316257973668,9555000
2022-08-17,111.26544189453125,111.78279338084268,110.44858716261082,111.00223745622554,8149300
2022-08-18,110.40319061279297,111.15651888328534,109.4138854988238,110.94776267986101,9531800
2022-08-19,107.67127227783203,109.8132622818459,107.19931154753245,109.47744633371718,13464500
2022-08-22,105.8923110961914,106.33705108878003,104.83039447638889,105.96492255513769,8967600
2022-08-23,104.84854888916016,106.4550446032187,104.72148229223701,105.91047248431808,7607000
2022-08-24,105.10271453857422,105.65636495591903,103.87741831764306,104.63982500899161,9771300
2022-08-25,107.5986328125,107.77107635098733,104.99375416424283,105.42941594089345,10758900
2022-08-26,104.07706451416016,108.90561566350064,104.01353121974553,108.42457687370283,11276200
2022-08-29,103.82293701171875,104.24952069379636,102.97884781143607,103.46896479140118,8117300
2022-08-30,103.84107971191406,104.90299623350649,102.88807344405878,104.37657359174625,10745400
2022-08-31,103.22390747070312,104.40381253734783,102.86992833363875,103.90462432920928,10738300
2022-09-01,103.93185424804688,104.0407645161226,101.57203713673447,102.82455369187618,9979800
2022-09-02,103.20574951171875,106.60025558691288,102.73378887744438,105.16621735703507,10666600
2022-09-06,103.23298645019531,104.14968716060882,101.71725846017837,103.76848735316932,9751900
2022-09-07,105.19345092773438,105.38405082502955,102.34351678313175,102.67933268210457,10647900
2022-09-08,107.64401245117188,107.81646291855489,104.04075050909196,104.6307064386467,11435000
2022-09-09,108.161376953125,108.96008922393946,107.70756568092969,108.13414938473096,9299700
2022-09-12,109.44112396240234,110.32151890539954,108.72410134825628,109.4774296937704,8614600
2022-09-13,105.63819122314453,107.93447523588812,105.08454089699559,107.16299743006753,12904600
2022-09-14,105.39314270019531,106.95424781322068,104.26768564887853,105.9195585649474,9345700
2022-09-15,106.98147583007812,108.35198093801411,105.06639163530558,105.39313631756322,10821400
2022-09-16,106.26445007324219,106.55488901296111,104.71241633993696,106.54581084854817,14844100
2022-09-19,107.24467468261719,107.76201921499737,104.8394737453862,105.28420681805444,8201300
2022-09-20,105.12991333007812,106.81809169379223,104.04984036495728,106.56395850778968,9619000
2022-09-21,102.09846496582031,105.82879442883322,102.03493166041227,105.77433928837232,12606300
2022-09-22,100.93669128417969,103.10590837390453,100.80962469584004,102.90623032805375,11684500
2022-09-23,99.05792236328125,100.1470666293607,97.26083363178914,99.88386218933628,18138600
2022-09-26,96.92501831054688,99.48451376623828,96.26245076554312,98.02324082588356,15753600
2022-09-27,96.07184600830078,98.17753005774317,94.98270171275183,97.79633024676208,12793600
2022-09-28,98.01416778564453,98.6858135306586,95.88125594848457,96.16261675339427,12762600
2022-09-29,96.35321044921875,97.36974324411146,94.75579286845979,97.07022614935472,12713900
2022-09-30,94.84654998779297,97.67833464296756,94.75578912392284,96.26243885307524,15973400
2022-10-03,97.7781753540039,98.3499750383792,94.8102458896218,95.8630913175498,12248100
2022-10-04,102.35259246826172,102.5522705382755,99.71141443432558,100.39213135049404,16013600
2022-10-05,101.0888671875,101.60168102153392,99.66031037179722,100.5027922381571,10943500
2022-10-06,99.02845001220703,100.90572600519454,98.84530420211476,100.23723052388458,11521400
2022-10-07,97.0504379272461,98.6346692694972,96.40025430458641,98.46067587865328,11681100
2022-10-10,96.14385223388672,98.26837563973788,95.71345192116682,97.73725002819839,8931700
2022-10-11,93.36914825439453,95.73176668930427,93.26841597322337,95.57609206806305,12739700
2022-10-12,94.88013458251953,95.90576927707119,92.74645167540932,93.22264195688732,13181000
2022-10-13,100.15481567382812,100.64015835202872,93.18601079802045,93.38747537838252,22398700
2022-10-14,101.82145690917969,105.53021152133871,101.39105662147124,102.52657587932734,33387100
2022-10-17,106.09797668457031,107.1510824539226,104.68773173058194,105.68589515970226,22276300
2022-10-18,108.82689666748047,110.0173653829019,107.10530231257025,109.57781264769982,21539700
2022-10-19,106.69322204589844,108.81774558935243,105.92399427010457,108.04851781355856,17072000
2022-10-20,106.34522247314453,108.70784087660407,105.90566978530704,107.28844354669732,12207400
2022-10-21,111.9312744140625,112.07778966687378,106.52838910195081,106.64743318152028,20593300
2022-10-24,112.0686264038086,112.7279624850652,111.10710044077992,111.7847483080427,12624200
2022-10-25,112.3616714477539,112.88364471611654,110.70417873334303,111.58329123866088,11289100
2022-10-26,113.65286254882812,114.65101904999469,112.52649560198506,112.63638727546582,11667000
2022-10-27,114.10157775878906,115.56676517888995,113.74443854346963,114.6510221680063,10727600
2022-10-28,115.45687103271484,115.64001682526549,113.59791399072567,114.73343327498077,11859500
2022-10-31,115.27373504638672,116.69313959840397,115.00816871790636,115.10890101445287,13295200
2022-11-01,117.35246276855469,117.47151383290596,115.68581773328512,116.18031980392584,13386900
2022-11-02,116.27188110351562,119.37624908165756,115.96968425941513,116.89458657625418,16546100
2022-11-03,116.48251342773438,117.37993770627928,115.30121103875088,115.66750267032388,12474400
2022-11-04,119.6692886352539,119.80665846924897,117.63635202879402,118.57956620175044,14953200
2022-11-07,120.30115509033203,121.14363698512378,119.4861443680671,119.96233464708139,12011200
2022-11-08,120.3744125366211,120.93301631617813,119.17479146244015,120.18211433479844,9884100
2022-11-09,118.80850219726562,120.35609613435625,118.33231192339889,120.25537781826624,9494000
2022-11-10,123.69854736328125,123.85422197290447,121.36340027267869,121.4549801480463,16351600
2022-11-11,123.90003967285156,124.69673166918126,122.50810629951107,123.79930737662698,10704700
2022-11-14,122.62716674804688,124.2938119902553,122.62716674804688,123.44217758051211,11085600
2022-11-15,121.7388687133789,124.27548057036492,120.51177652698621,123.33225248662279,14038300
2022-11-16,121.90369415283203,122.30662327701408,120.90553771446262,121.793809472829,7893400
2022-11-17,121.37256622314453,121.69308184959206,120.21873511956515,120.87807117107586,8820200
2022-11-18,122.56304931640625,123.32311774240533,121.13449236079559,123.2315518191482,9468500
2022-11-21,121.839599609375,123.222366403102,121.5648739357984,122.47146446666271,7800500
2022-11-22,123.66190338134766,123.87253428909429,122.42565896705366,122.70953700352577,9185700
2022-11-23,124.9805908203125,124.99890959133656,123.49709174931083,123.57035286027893,7316200
2022-11-25,125.21871948242188,125.58501114182262,124.59600689368325,124.98061732799337,3220500
2022-11-28,123.03007507324219,125.19122906709268,122.88355284274715,124.60515411824149,9906900
2022-11-29,125.05386352539062,125.12712464315098,123.0850216381753,123.31395739125288,7925300
2022-11-30,126.537353515625,126.537353515625,121.96780515989336,124.62345411287608,14761200
2022-12-01,124.76082611083984,126.9769224009966,124.01906257456254,126.53735571880368,8858500
2022-12-02,123.77181243896484,123.9458058238679,122.10515367108043,123.15826637907823,8931900
2022-12-05,120.30115509033203,123.23154390906964,119.59604303130392,122.92934703814497,10154500
2022-12-06,120.50263214111328,123.72605179142124,118.92755287864071,122.15097252894866,13966700
2022-12-07,120.42019653320312,121.8670720542558,119.34877897086182,120.24620313901356,11739400
2022-12-08,121.68394470214844,121.77551062608981,120.3561060602592,121.18028321451429,8907300
2022-12-09,121.02462768554688,122.48980845822896,120.87810541633887,121.06125126628254,7957800
2022-12-12,122.90185546875,123.3047705899854,120.51176604366965,121.24434915364465,8841600
2022-12-13,122.7828140258789,125.53919522146862,121.86707109368093,125.35604942965468,10025400
2022-12-14,122.16925048828125,124.27546172612576,121.57400928349571,122.50807085339873,9966100
2022-12-15,119.13817596435547,120.95134328433645,118.17664297069904,120.0996949848819,12087800
2022-12-16,118.39640808105469,118.95501187828005,117.6088685304276,118.2682046180749,21133700
2022-12-19,119.10152435302734,120.2645217974707,118.21325258477675,118.72606639466815,9017200
2022-12-20,119.6784439086914,120.9238548331783,119.22972484959675,119.93485080728036,8549900
2022-12-21,121.02462768554688,121.77552986225575,120.66748838756027,121.04293248934837,8051700
2022-12-22,119.65097045898438,120.23704535503765,117.59054893757593,120.05389956998245,8648200
2022-12-23,120.2187271118164,120.36524932975423,118.7169093107731,119.57770987474812,5091900
2022-12-27,120.63996887207031,121.0795215304467,119.5502326377995,120.4842942633355,5411000
2022-12-28,121.29931640625,122.16926940767725,119.97147796008755,120.74071265196457,8827700
2022-12-29,121.99530029296875,122.0410902438685,121.16197069523953,121.72972696162897,6585200
2022-12-30,122.80115509033203,123.01177209049708,121.28101819336682,121.61983866838854,9292500
2023-01-03,123.73519897460938,125.21871224767116,122.60883891255513,123.8450976445849,11054800
2023-01-04,124.8890380859375,126.07949283864728,124.14728847218983,124.53189886549863,11687600
2023-01-05,124.86137390136719,125.1934771062939,123.33922834697609,125.14734892409813,8381300
2023-01-06,127.25064849853516,127.65655392856925,124.06800139681229,125.58091267835742,10029100
2023-01-09,126.72481536865234,128.1178103133668,126.27279582879109,127.85950941163367,8482300
2023-01-10,127.8594970703125,127.97019342427247,126.66945495987473,127.11225445205662,9048700
2023-01-11,128.80967712402344,128.92037347696242,127.39824231868354,128.13623677339942,8703700
2023-01-12,128.68051147460938,129.94434160906331,128.43143063360026,129.15098499532414,11001700
2023-01-13,131.92774963378906,132.37056322485412,124.35397340286053,125.09198197829284,20200000
2023-01-17,129.88900756835938,130.57165384016318,128.44066460814747,130.23033070426126,14292900
2023-01-18,125.98681640625,129.82443570121728,125.83921187435125,128.15469990359847,13392600
2023-01-19,124.30780792236328,125.36868525368847,123.23769651294784,124.83364362531931,13303400
2023-01-20,124.61227416992188,124.99050549995506,123.20083928110803,124.6860764350266,13092500
2023-01-23,126.63258361816406,127.26911592047743,124.37244350192479,124.649184436544,10487100
2023-01-24,127.72109985351562,129.41850946840847,124.53845330650638,125.84841164471764,6945000
2023-01-25,128.3391876220703,128.3391876220703,126.61410379069925,127.35211231112285,8967000
2023-01-26,129.13253784179688,129.206340097772,127.63808086823815,128.61593612631194,7487600
2023-01-27,129.4462127685547,130.31335768367455,128.92037692534547,129.7137336540936,7489900
2023-01-30,128.34840393066406,129.23400277147582,128.14545126374057,128.44064618523123,6729300
2023-01-31,129.11410522460938,129.21558157284034,127.53661182508125,129.04030296441033,9188700
2023-02-01,128.77279663085938,129.9628389860808,127.41670971054376,127.4997460694358,8841800
2023-02-02,128.17315673828125,129.5753716687089,127.30599769020552,129.15101214948385,11822100
2023-02-03,130.1565399169922,131.30045393398444,127.42592643640081,127.47204053619367,11501200
2023-02-06,130.92222595214844,131.21743502591008,129.17868782973096,129.36318646266028,8406200
2023-02-07,132.51812744140625,133.1546595357344,130.23953398193535,130.42404664651858,10447900
2023-02-08,131.58641052246094,132.87791481564662,131.25430740759305,131.59563052586188,6958000
2023-02-09,129.53846740722656,132.23218690992869,129.03108560033974,132.02923418717396,6443100
2023-02-10,130.1104278564453,130.33183468351544,127.85028770927389,128.94807368610296,6582900
2023-02-13,131.52188110351562,131.6694715831288,129.8336909451477,130.35029281465685,7134600
2023-02-14,132.10302734375,132.66575729505092,130.62702427939897,131.45727512332502,9249400
2023-02-15,132.65655517578125,132.73957745609866,130.35028688022297,130.63626189665706,6728300
2023-02-16,130.8299560546875,132.27828479759046,130.7007915549268,131.8354853567696,8165300
2023-02-17,131.21739196777344,131.7616676830346,129.2155536008765,130.05502421668962,7948800
2023-02-21,128.80967712402344,130.3871564587718,127.99786633222567,129.7875324452297,9996300
2023-02-22,127.82258605957031,128.62516276062055,126.78938257533628,128.15468919040865,11107500
2023-02-23,128.8466033935547,129.30785708111364,127.25066957597745,127.9794442087286,8068000
2023-02-24,130.0089111328125,130.40559648197427,128.16389704227882,128.32995563012386,9126900
2023-02-27,131.14361572265625,132.20449328145548,130.7377103371305,131.09748755132986,10014700
2023-02-28,132.2413787841797,132.61959594101364,130.90373242668156,131.86314755100656,11019800
2023-03-01,131.50338745117188,132.3428722747317,130.81150713916256,131.08826207923448,7139200
2023-03-02,130.1381072998047,131.39270367337005,128.726658226856,131.217439116247,11106800
2023-03-03,132.52737426757812,132.6011765252421,130.1473042441955,130.54397554325527,9513100
2023-03-06,131.7524871826172,132.87793303450798,131.60488264991764,132.3244371513992,9261300
2023-03-07,127.87794494628906,131.28199880341774,127.1307163584009,131.00524382514803,11747600
2023-03-08,127.12147521972656,127.85024960087925,126.28199041986595,127.30597381578568,10002500
2023-03-09,120.23959350585938,126.70637844043762,119.20638987379802,126.16208845622894,25888100
2023-03-10,123.2930908203125,124.77832808584189,117.91487879327784,118.96654355462098,37599700
2023-03-13,121.07906341552734,123.50526172401649,119.38165363815746,121.04216932312453,42901100
2023-03-14,124.18789672851562,125.02738153695165,121.11594650937624,124.79675477043675,29648100
2023-03-15,118.3207778930664,120.83923288599676,116.90934992815797,120.82999880439688,34280600
2023-03-16,120.6178207397461,121.72482660430684,116.25435842995631,118.09014585331869,24558500
2023-03-17,116.06063079833984,118.52372338026191,115.72852763693783,118.43148110430431,38396000
2023-03-20,117.28756713867188,119.43701064586844,116.24513651602736,117.14918964833143,22875500
2023-03-21,120.43333435058594,121.5218862397595,120.10123114982464,120.47022845007287,17807800
2023-03-22,117.32447052001953,120.53479879711034,117.23222120408215,120.44254244300132,17250200
2023-03-23,117.01080322265625,119.49234970190213,116.254347643155,117.98866558506346,16677600
2023-03-24,115.23039245605469,115.94071999403475,113.56987646858245,115.8945918128713,22311100
2023-03-27,118.53295135498047,119.35398217332511,116.50343135783469,116.96468494288993,18853900
2023-03-28,118.89273071289062,119.31707613597284,117.84106604505389,118.73590618033046,10820500
2023-03-29,119.13256072998047,120.12887004030037,117.86872352865781,120.0181736979339,14595300
2023-03-30,118.77279663085938,120.03662693329807,117.75804016436587,119.87980240554847,12134700
2023-03-31,120.2119140625,120.23958815310226,118.86506139871327,119.61228999766035,13105200
2023-04-03,120.07353973388672,121.25434781594711,119.38165933847588,119.84291293541644,11775400
2023-04-04,118.46836853027344,120.47020739068543,117.53664136039777,120.3871851240944,11579900
2023-04-05,118.64502716064453,119.14708434890063,117.57581658451342,117.89193428485298,9614700
2023-04-06,118.51484680175781,119.08199301806343,117.9477005854522,118.0778645931217,8760200
2023-04-10,118.90535736083984,119.22146797348508,117.35268138916051,117.65020018070031,9477300
2023-04-11,119.49109649658203,119.88158856058351,118.5799412538381,119.28655100779827,10516300
2023-04-12,119.47249603271484,121.26690103116188,119.06340506045575,120.10471721761407,11821000
2023-04-13,119.92807006835938,119.97454606868823,117.91981315305058,119.43530529564194,12450200
2023-04-14,128.9838104248047,129.3464112241228,125.42287735108336,125.65531412466714,43931300
2023-04-17,130.00653076171875,130.22036860936103,127.98898138025827,130.11809586712968,16050500
2023-04-18,131.4662322998047,131.81954073230335,129.26273624552854,130.41562773954573,13760100
2023-04-19,131.29888916015625,131.55921721829318,130.53648971360158,131.30818152408432,9158100
2023-04-20,130.91769409179688,131.49413278576523,130.01583822017926,130.08092733043537,10586200
2023-04-21,130.6666259765625,131.19658853096476,129.03027650358848,129.9228397895457,11842500
2023-04-24,130.8433074951172,131.18732357463173,130.20177971600683,130.59228598862495,7567500
2023-04-25,127.99830627441406,130.1274354892211,127.96112262543147,129.79272590110733,10629300
2023-04-26,125.72969055175781,128.12843966134915,124.58610564390162,127.95178545062049,14416100
2023-04-27,127.42183685302734,128.22141988860258,126.12948901275256,126.4455996069345,9041100
2023-04-28,128.52821350097656,128.60259495362178,126.13875721523736,126.96623136904974,9887300
2023-05-01,131.28028869628906,133.29783821644935,130.93628680641368,132.26581836000824,20415800
2023-05-02,129.16043090820312,132.40525252719615,128.7048498437153,131.4661991276203,14113400
2023-05-03,126.42699432373047,128.92801604807235,126.22244884678562,128.71417820828944,12930900
2023-05-04,124.69767761230469,126.1852786601543,122.5499640622479,125.47867596517398,17089200
2023-05-05,127.13361358642578,128.1935246297932,126.36192185155446,126.85468664094724,11261400
2023-05-08,127.44041442871094,128.27718096422285,126.8918529755788,127.83090642440395,7484900
2023-05-09,126.82679748535156,127.32885464615522,125.7111038715992,126.38050869039941,7343600
2023-05-10,126.89187622070312,128.36087829464017,125.39498286959376,128.2586055494036,8133400
2023-05-11,126.49208068847656,127.19868329285076,125.42286313905839,125.51584351268195,7057300
2023-05-12,124.6790771484375,127.36604538453714,123.77722143236268,127.2079900985093,9988600
2023-05-15,125.72969055175781,126.13878152674747,124.54892200381812,124.8371413216115,7639500
2023-05-16,124.8836441040039,126.38982994850535,124.54893456224629,125.94355528843374,6477200
2023-05-17,128.72344970703125,128.8536136997337,125.94351567999787,126.35259238076902,12711500
2023-05-18,129.69969177246094,129.9135295858717,128.08192706890705,128.55610706462394,10999600
2023-05-19,129.40219116210938,130.6201717479733,128.42596808225812,129.9693374456531,13492200
2023-05-22,128.33299255371094,131.68938019077746,127.98899066253614,131.09434260740792,11402500
2023-05-23,126.994140625,129.26272559811,126.87328316079605,127.8773974466778,9514900
2023-05-24,125.83200073242188,126.77105461898014,125.59027153292547,125.8877833025504,8578000
2023-05-25,126.13877868652344,126.69663258291455,125.1253578219997,125.34850221791892,8472500
2023-05-26,127.3195571899414,127.9331936183434,126.10159088275205,126.5478654730383,8579900
2023-05-30,127.8030776977539,128.04480690286962,126.46423923627265,127.18944103843853,7399900
2023-05-31,126.176025390625,127.2266303013781,124.958044384577,127.12435752031512,14219900
2023-06-01,127.91461181640625,128.5189417760317,125.93424589021166,126.92908212873873,12248100
2023-06-02,130.60159301757812,131.54063260172768,129.55097412008783,129.7555196432597,12922500
2023-06-05,129.31854248046875,130.26688865425152,128.4259930589933,130.26688865425152,8511900
2023-06-06,129.5509490966797,130.25756592635653,128.50034458893558,128.93731264569107,9329500
2023-06-07,130.80613708496094,131.34539216852002,129.07680670900132,129.74622583432867,9281400
2023-06-08,130.8433074951172,130.99207043832266,129.6811236016028,130.7875249381189,7368100
2023-06-09,131.10365295410156,131.83816121691262,130.3598665129794,130.49003055885748,7249100
2023-06-12,131.09434509277344,131.3918709835064,129.94145354640617,131.15943420142702,7596600
2023-06-13,132.04266357421875,132.8329399562422,130.29473479805242,130.6108453508618,7701600
2023-06-14,131.54991149902344,133.5209706496138,130.81540340563754,132.95382439764776,9068700
2023-06-15,133.03749084472656,133.325710136213,130.19246737973887,130.71312341427088,9343100
2023-06-16,133.195556640625,133.8556832851755,132.4889539932474,133.00031770567188,13813500
2023-06-20,132.5168914794922,132.9538738782333,131.13156279126835,132.59127297149269,8428600
2023-06-21,132.32159423828125,133.90216123389115,131.7358491133408,132.8608349910178,9926500
2023-06-22,129.7741241455078,132.5819648406862,129.1883788324124,132.31233019089228,10075200
2023-06-23,129.09539794921875,129.40220202550213,127.95179873580885,128.80716441468397,9919500
2023-06-26,129.41152954101562,130.17391495331148,128.0169085847207,129.11400359400008,8429700
2023-06-27,129.42079162597656,130.0158291939676,128.80715514394416,129.2348450460071,8154000
2023-06-28,128.85365295410156,129.43010582894865,128.26792190190724,129.3836156345039,7558600
2023-06-29,133.35362243652344,133.4744941017453,130.02514023569887,130.22968573677505,15423200
2023-06-30,135.22239685058594,135.74305286566013,133.5674484368948,134.44141282797466,14212800
2023-07-03,136.31021118164062,137.11908654933129,135.7430649319183,135.91971913562398,8021600
2023-07-05,135.40219116210938,136.14172948067352,135.14007523014382,135.6830337418573,8934900
2023-07-06,134.06350708007812,134.2320040302401,132.40654898226205,133.8856396654107,9709500
2023-07-07,135.12132263183594,136.52552097664736,133.866908872023,134.71879262942724,8981500
2023-07-10,135.8795623779297,136.6659241619379,135.27108225449538,135.27108225449538,9100100
2023-07-11,138.00462341308594,138.37908490759793,136.40384516231424,136.99359880427176,11260900
2023-07-12,138.68798828125,140.29813690742736,137.61144189846328,138.03269855763006,11323200
2023-07-13,139.36199951171875,139.83006562336877,138.31353599258082,139.20285874786703,11234900
2023-07-14,140.20455932617188,143.1252879635918,138.93141863832903,141.8708739241099,27028400
2023-07-17,143.58395385742188,143.93031818225228,140.7474745833013,140.7474745833013,17262400
2023-07-18,143.84608459472656,144.5388133160355,143.05973693495963,143.58396870813758,13491700
2023-07-19,144.39840698242188,145.2971002736689,142.49805956001194,142.99420853526703,12510000
2023-07-20,146.1770477294922,146.58894821231368,144.5481867273733,144.6605180284174,9935900
2023-07-21,145.0536651611328,146.16766463887615,144.81027595893158,145.84938315501867,10636400
2023-07-24,147.90890502929688,148.64844326937535,144.84774837498787,145.07242527179113,14381400
2023-07-25,146.80430603027344,147.64681956958037,145.99923150603078,147.25364563228726,9944700
2023-07-26,147.6842041015625,148.14291400130324,146.29873250733112,146.70127676307158,8728600
2023-07-27,146.0553436279297,148.6390632476469,145.6153603699145,147.69357490821167,10778400
2023-07-28,146.88851928710938,147.53445284492707,146.4485359733566,147.234883659289,9103800
2023-07-31,147.87144470214844,149.2007506770254,147.11316564135666,147.14124846387747,8892700
2023-08-01,147.1412353515625,147.9088705233732,146.1770204396242,147.37526837454251,6853900
2023-08-02,145.4749298095703,145.74641613115145,144.1081848752588,145.62471438118453,8299400
2023-08-03,146.3643035888672,146.89789161861475,144.4920388255136,145.10051915990488,6084000
2023-08-04,146.0553436279297,147.72165773027706,145.7557744802414,146.41106413550557,6209400
2023-08-07,146.74807739257812,147.6280439392386,146.5983070977639,146.5983070977639,7251800
2023-08-08,145.92430114746094,146.01790580284208,142.84441801525406,144.46393710846394,8623400
2023-08-09,143.9677734375,145.58729252584976,143.66821854323672,145.40006893140463,6277800
2023-08-10,143.75245666503906,145.51238975141104,143.31247339344608,144.520091916497,5995100
2023-08-11,144.5856170654297,144.65115317660656,142.88186387000218,143.25631104053193,5180700
2023-08-14,144.88519287109375,145.02560699541831,143.15334248845306,143.7992760288352,5044300
2023-08-15,141.19679260253906,143.4809569895078,140.63510768355823,143.0877832599176,10300300
2023-08-16,140.5977020263672,141.3185278436564,140.12026544675294,140.9815196692057,6978200
2023-08-17,139.13734436035156,141.599362526,138.9220236528226,141.24364197541,9953900
2023-08-18,139.4556121826172,139.9517610959369,138.02333108805377,138.2199108469386,8517500
2023-08-21,139.9330291748047,140.5134408185697,138.56628424091537,140.09216992550452,8327000
2023-08-22,137.03103637695312,140.08282221486544,136.534887452353,139.72708740694694,9673300
2023-08-23,137.9578094482422,138.16375969245578,136.16980765056223,137.00296480788273,7858000
2023-08-24,137.82676696777344,139.86754299375357,137.60210433741545,138.07952671117278,6534000
2023-08-25,137.65826416015625,139.12798451368934,136.53490820324166,137.87357059987212,6695500
2023-08-28,138.1356658935547,139.11860756571915,137.73313590181482,138.14503635752138,5094100
2023-08-29,139.259033203125,139.3432959645767,137.7799424826576,138.27610573389072,6337000
2023-08-30,138.6973419189453,139.62410359982832,137.78929259629226,139.12795470612008,6277300
2023-08-31,136.9842529296875,138.8752443375692,136.6378885199195,138.79098156731098,10933900
2023-09-01,137.44293212890625,138.62245352140573,136.3944543846634,136.75954535978775,7903500
2023-09-05,135.9263916015625,138.74415864513009,135.74852419936798,137.76121698537963,7854700
2023-09-06,135.70172119140625,136.2446652620402,134.90600315934276,135.45831769328464,8629200
2023-09-07,134.5409393310547,135.9919472963918,134.23201394868647,134.92475701377694,8373700
2023-09-08,134.64389038085938,134.9153624223818,133.53924700348213,134.2132633018919,7107900
2023-09-11,135.23367309570312,135.78598770305322,134.5128472530841,135.5051451671015,6854200
2023-09-12,136.99359130859375,137.9110112067669,134.84985472125945,135.2711113808214,8363200
2023-09-13,137.0591278076172,138.26673213964824,136.50681320165899,137.92972395420438,8325900
2023-09-14,139.71775817871094,140.32623851403181,138.09825315552496,138.39780809031097,10034900
2023-09-15,139.3058319091797,140.16707182842225,138.83776580409716,139.4088070236676,19863400
2023-09-18,139.59603881835938,139.61476546325227,138.31354218596897,138.6973598429271,6512400
2023-09-19,139.41815185546875,140.1577042404797,137.80801772654655,139.95175402826723,7943400
2023-09-20,138.8284149169922,140.65386993955852,138.67863032943688,140.09218487834835,7332000
2023-09-21,137.74249267578125,139.34328503841164,137.26507039146745,138.15439313326482,8052400
2023-09-22,136.42251586914062,138.08882972925824,135.91701086120517,137.88287954122202,7071700
2023-09-25,137.0965576171875,137.1620937275213,134.5221940712428,136.06682076935587,7044700
2023-09-26,135.67364501953125,136.52552882591283,135.0183552777935,135.36473393604743,7468400
2023-09-27,136.46934509277344,136.7595437767897,135.28045325041472,135.91703054679127,6717800
2023-09-28,138.16375732421875,139.36200547860716,136.68466663396703,136.9374263446685,8868100
2023-09-29,135.75790405273438,139.25902955568586,135.60811946323787,139.109259250434,11917800
2023-10-02,134.5877227783203,136.31955867978297,133.520532702074,135.58002056869492,9170600
2023-10-03,133.59542846679688,134.41921506435102,133.25842031372002,134.0541240888714,9431100
2023-10-04,134.19451904296875,134.30685030458622,132.8651991207096,134.04473450465224,8128700
2023-10-05,134.7603759765625,134.9489954403181,132.8082911555661,133.94936120720567,8576200
2023-10-06,136.83509826660156,137.57066825366812,134.04369376953446,134.76983853766583,10270600
2023-10-09,136.52386474609375,137.11796998670525,135.32620026862298,135.4770900778378,6964900
2023-10-10,137.35372924804688,138.40994351775856,137.00480915687686,137.13683414188532,11288800
2023-10-11,137.8252410888672,138.8437256523832,136.75961605388252,138.16473594337253,8698200
2023-10-12,137.504638671875,138.5891431366781,136.86337847882652,137.96673338014548,10484400
2023-10-13,139.56988525390625,144.38881902981274,139.41899543795483,140.0414051365208,29427000
2023-10-16,139.42845153808594,141.0033264055544,138.36281187263532,140.9373067071493,12663500
2023-10-17,139.1266632080078,140.80527293299247,138.428808562367,139.164392858932,11482700
2023-10-18,137.59896850585938,139.07953380874142,137.0897188526439,138.24022879254755,9620300
2023-10-19,137.0142364501953,138.64570554852048,136.62760109586821,137.1934163017745,11143600
2023-10-20,134.80752563476562,136.87278493216152,134.02480093728053,136.3352597722285,13332900
2023-10-23,132.96861267089844,135.49595244442185,132.71398789413,134.7981121972243,10133400
2023-10-24,133.1289520263672,133.657052111937,132.36509194619313,133.147816855037,8881400
2023-10-25,132.40277099609375,133.1383408268775,131.56346622047414,132.56310041145807,8242600
2023-10-26,132.7422637939453,133.60043337964612,131.48801925860812,131.79922408824612,9109400
2023-10-27,127.96107482910156,131.17684405250557,127.48955492149321,131.03537944643568,17434700
2023-10-30,129.59251403808594,130.17719404826093,128.29111464548342,128.66833915982525,9855500
2023-10-31,131.1391143798828,131.30886902920932,129.63968452745254,129.86601926333935,9672500
2023-11-01,131.0259552001953,132.52538506399418,130.58272533258497,131.3182952427371,9432000
2023-11-02,133.3646697998047,133.42124987825363,131.29941059855653,132.1104252988265,10186200
2023-11-03,134.85470581054688,135.58085056324327,133.77021568051663,134.0908457932642,9538700
2023-11-06,135.87315368652344,135.97688862298904,134.65662448709557,135.01498415663912,7625100
2023-11-07,135.80714416503906,136.0429040937685,134.68493899158793,135.33562430758016,6297900
2023-11-08,136.4767303466797,136.58989052573705,135.43938073983261,135.90147545372747,7618200
2023-11-09,136.0712432861328,137.35377833728816,135.51485310686485,137.15574798382298,7992500
2023-11-10,138.0893096923828,138.136464559863,135.87317481726728,136.68418961313236,7983300
2023-11-13,137.47634887695312,137.91957875986594,136.89166877168356,137.40090396181412,6676300
2023-11-14,139.98483276367188,140.74869271323962,138.174198041455,138.32507347607216,9927700
2023-11-15,141.21080017089844,141.60687520316353,140.00371024695332,140.00371024695332,8365300
2023-11-16,142.82339477539062,142.89883969668293,141.54085989271647,141.54085989271647,8126200
2023-11-17,144.1153564453125,144.15307170777956,142.90825220167514,143.53066195472735,7812400
2023-11-20,144.55856323242188,144.99236786773022,143.26660332342516,143.41749314350156,7019000
2023-11-21,144.25677490234375,144.87918451834597,143.87956480214766,144.47366999047435,7083500
2023-11-22,144.59629821777344,145.11497299989654,144.19078361006055,144.6717431305955,5174500
2023-11-24,144.7943115234375,145.64305590080474,144.54912637778605,144.84146638712082,3496900
2023-11-27,144.46424865722656,144.78487868997536,144.01159364689627,144.69056896757002,6259100
2023-11-28,144.7943115234375,145.1055163561744,144.02102643967882,144.4925462972237,6582700
2023-11-29,145.5299072265625,146.76528704849733,145.22812758688474,145.3884426243466,9126100
2023-11-30,147.18963623046875,147.23679109279772,145.5864716387902,146.08628152226098,9869800
2023-12-01,147.90635681152344,148.86826142383205,146.94446658886,146.94446658886,8916000
2023-12-04,148.99085998535156,149.04744006979425,147.0010454744615,147.1330704680428,9607500
2023-12-05,148.9720001220703,149.47181007082003,148.02896031089793,148.3024355246939,9135600
2023-12-06,147.40655517578125,150.15080456532945,147.11421512755064,149.79244482122945,9366000
2023-12-07,147.85919189453125,148.34957657978003,147.25564704716516,147.76489655598155,8130900
2023-12-08,149.49066162109375,149.73584676995327,148.0383723826528,148.3024223551613,7369400
2023-12-11,150.0376434326172,150.22624852159782,149.14174407807883,149.4906786018212,8093900
2023-12-12,151.3767547607422,151.4993401514318,149.83017004353027,150.16022534418147,10223000
2023-12-13,151.88597106933594,152.80072072522947,150.66945619346848,151.37673596516078,12379100
2023-12-14,154.6490936279297,155.45066878084032,152.49896415125406,152.6121243164545,13643000
2023-12-15,155.8184814453125,155.86563631908845,153.1402515347454,153.79095137977095,20309300
2023-12-18,156.76150512695312,157.61024959807705,156.19568986918287,156.46916508532496,8469600
2023-12-19,158.8550567626953,158.87392158842906,156.12024700678276,156.54461205309389,10345700
2023-12-20,157.06326293945312,159.7603570231503,156.96895321478056,158.42124239273335,10734700
2023-12-21,157.9591827392578,158.51557282494355,156.2428432197769,157.33677295375506,7601700
2023-12-22,157.8648681640625,158.64759298134297,157.7045531132431,157.95917790673107,6576300
2023-12-26,158.79844665527344,159.15680632823958,157.6573623432536,157.9214266846687,4683600
2023-12-27,159.75094604492188,159.8169657419524,158.03462098752954,158.27980617011522,6428600
2023-12-28,160.5996856689453,160.93918058278578,159.3737310139855,159.7038007098136,6320100
2023-12-29,160.41107177734375,160.96746179209865,159.96784193110983,160.3167620438129,6435100
2024-01-02,162.27828979492188,162.3631599230326,159.2888553688662,159.45859562508764,9977400
2024-01-03,161.57102966308594,162.24057994163016,160.66570501716694,162.07083966469682,9852300
2024-01-04,162.64321899414062,164.4839997839759,161.81770540051127,161.91259668017605,11972500
2024-01-05,163.45924377441406,164.5124733318374,162.70015693042274,162.70015693042274,10066000
2024-01-08,163.22206115722656,163.5446684219521,160.8214588712969,163.22206115722656,11229900
2024-01-09,161.93157958984375,163.00377577413855,161.40022316605578,162.8424721796584,9923600
2024-01-10,162.27317810058594,162.33010708122012,160.30904139844134,161.30534199467218,9670200
2024-01-11,161.58998107910156,161.64691005258496,160.0148785803073,161.61844556584327,11919500
2024-01-12,160.40391540527344,167.29259640908697,160.26157849064393,164.9109759460637,19436500
2024-01-16,159.3981475830078,159.49302439057672,155.8968705158976,156.43771030633505,17206400
2024-01-17,158.54415893554688,160.42290202843512,157.97485469273727,158.78137265631167,11107500
2024-01-18,158.8572998046875,158.96167443214202,156.78880288761584,158.57264041359542,9382300
2024-01-19,161.5994873046875,161.84619886256158,158.53468981159222,158.98065280488078,13115700
2024-01-22,161.40968322753906,163.18403698933614,161.0301471162414,161.74178818370544,12837500
2024-01-23,160.34701538085938,161.06813998536694,159.82514222308083,160.9922298462011,8360800
2024-01-24,161.77978515625,162.26369601693497,160.22366346174147,160.6980909841938,9967100
2024-01-25,164.09495544433594,164.1424010811721,162.16878131146788,163.49717227262667,8873500
2024-01-26,163.4687042236328,164.2088098113454,162.9942768223619,163.78182804587664,7443000
2024-01-29,163.89569091796875,164.00006552852224,162.5388354591491,163.4307613169015,6971200
2024-01-30,167.25466918945312,167.71959885740603,163.99060578443397,163.99060578443397,10822100
2024-01-31,165.44235229492188,169.1808431739778,165.42337114167398,167.18824195590526,11521800
2024-02-01,164.8445281982422,165.89775752773647,162.6621594234444,164.75913474734716,9354800
2024-02-02,165.79342651367188,166.82768944489155,164.39860853554015,164.43657084261173,8607600
2024-02-05,165.57516479492188,166.134985659533,164.07597245364303,164.96789829400674,7820200
2024-02-06,166.1444854736328,166.87509326368186,164.87300900590824,165.6795413976579,6764800
2024-02-07,166.45762634277344,166.87512486092518,165.06282280749863,166.70433790988764,7225500
2024-02-08,165.85983276367188,166.34374353104843,164.69274533742478,166.04960084038564,6060300
2024-02-09,166.05908203125,166.14448997128747,164.78762000748162,166.04959869496852,6296700
2024-02-12,166.79920959472656,167.76704572264995,164.81610617285773,165.8408712827099,8539300
2024-02-13,165.3474578857422,167.2167032899838,163.79133635147977,166.3532562916045,8397600
2024-02-14,167.02691650390625,167.09334329239704,165.49925963075256,166.11602396443158,7056700
2024-02-15,170.6705322265625,170.9931539074644,167.1407907162721,167.1407907162721,8723400
2024-02-16,169.87350463867188,170.77491396724417,169.04800544533634,170.42384226035486,8152600
2024-02-20,170.53768920898438,171.2303637188881,169.28520825442058,170.02531392720303,9668000
2024-02-21,171.6478729248047,171.73328088295793,169.38960774885066,170.74646352208168,7024000
2024-02-22,173.70687866210938,174.0389691999663,171.970472406029,172.52081000181218,9296500
2024-02-23,174.579833984375,175.72794040887263,173.8207471003428,174.40903255823818,7105800
2024-02-26,173.9820098876953,175.0257559181345,173.14701306334396,174.35206266605564,7145400
2024-02-27,174.0674285888672,174.15282205509578,172.91932226723353,173.93458948194154,5717100
2024-02-28,174.9498748779297,175.7279283839972,173.60250262820136,174.04845112073724,6131600
2024-02-29,176.54396057128906,176.89503229136554,174.44699911032092,176.16442435922684,9643000
2024-03-01,175.81329345703125,176.90448512641694,175.63302321308467,176.202327386422,6311800
2024-03-04,177.13221740722656,177.99567880021087,174.84548820991387,175.26298666271404,7063600
2024-03-05,178.9066162109375,179.61825747313026,176.82862140879405,176.82862140879405,6617800
2024-03-06,179.83645629882812,180.3488460192698,178.0336378978686,179.570778102442,7572900
2024-03-07,178.2613525390625,180.75684537868307,177.0847818143066,180.1970245029766,7618300
2024-03-08,178.5934600830078,180.7189001480093,178.3088007338345,178.80220930717653,6172200
2024-03-11,178.65988159179688,178.8022185128998,176.69575949029132,177.70154336122792,5762600
2024-03-12,180.130615234375,180.43425575956988,178.29933218131626,179.2861349314453,5708400
2024-03-13,181.5918426513672,181.92393315603576,180.1305981000231,180.6240066673423,7795500
2024-03-14,178.3562469482422,181.82905916695464,177.53074786350967,181.25974046676782,10310900
2024-03-15,180.5670623779297,181.1743288406688,176.94243027212383,176.94243027212383,17214200
2024-03-18,182.80641174316406,182.84435957350138,180.17807928216243,180.88023720962101,9013800
2024-03-19,183.87860107421875,184.01144019291252,182.54072654965233,182.85385043194006,8478700
2024-03-20,186.28868103027344,186.50691359955096,183.70779458867116,184.25813215855158,9367000
2024-03-21,188.87905883789062,189.23013052665834,186.2886889495495,186.46897370163362,11203800
2024-03-22,186.56385803222656,190.22643876540545,186.48794789784623,188.8316208127196,8108800
2024-03-25,184.85589599609375,186.86746350539403,184.4194164249036,186.54485635359586,8620000
2024-03-26,185.7193603515625,186.60180291274617,184.13477445009167,184.63766637481814,5961500
2024-03-27,189.31553649902344,189.3914466295502,186.33613264813874,186.4499906047404,8725800
2024-03-28,190.05564880371094,190.4541661440958,188.38565483061902,189.28707861308453,8628300
2024-04-01,188.7652130126953,190.6629229824968,188.414141301363,189.76151364251672,7309000
2024-04-02,188.68930053710938,189.56224537498986,187.94919481633295,188.24333754146488,7014700
2024-04-03,188.15794372558594,189.3534957773421,187.58862495139087,188.8600871382649,9353400
2024-04-04,186.72634887695312,190.5725384067868,186.6309186395937,190.06671300400296,9243800
2024-04-05,188.4442596435547,189.08369905029488,186.21099104756672,187.21310323176615,6532300
2024-04-08,189.42724609375,189.90444089970362,188.60647044499663,188.60647044499663,8001000
2024-04-09,188.1579132080078,189.80901778367087,186.02008971749524,189.03596449913155,7351500
2024-04-10,186.55455017089844,188.0815794697576,185.32337934002095,186.63090309212447,7681400
2024-04-11,186.516357421875,187.60437557468177,184.4262563759214,187.0603664982784,10137700
2024-04-12,174.452880859375,180.31283283345405,174.21428344257563,179.730669116781,31532300
2024-04-15,174.54833984375,178.90990796764004,173.8898085897857,176.08490791538944,14766600
2024-04-16,172.5536651611328,174.80602549423577,171.45610823988386,174.55787484556882,16451800
2024-04-17,171.86648559570312,174.09975382543902,171.02661806472688,173.0976418055842,9017100
2024-04-18,172.98312377929688,174.99688652001322,171.7615061943233,172.83997115716338,9557700
2024-04-19,177.32559204101562,177.40194495717884,173.1358222453055,174.08065863681227,13402300
2024-04-22,180.77093505859375,181.45809672584136,177.49737120450726,177.50692442058224,11529700
2024-04-23,183.37643432617188,183.46232590313252,181.83032768955627,182.4125059825634,9144400
2024-04-24,184.2735595703125,184.41671219594375,181.49628213042132,181.83986299476692,6964900
2024-04-25,184.5503387451172,185.094347885253,182.46022289146978,183.48142690000614,9802300
2024-04-26,184.6648712158203,185.9819191199223,184.25447606565834,184.74122414056745,6413700
2024-04-29,184.46441650390625,185.39971421292185,183.653179537329,184.65529150697463,5387800
2024-04-30,182.9946746826172,186.09644101035263,182.89922989355478,184.0158640239999,8153700
2024-05-01,183.1092071533203,185.59062618122607,182.08800319125083,183.50051042268325,7445300
2024-05-02,182.9183349609375,184.67440852887157,180.87594156798932,184.26402794452196,6501700
2024-05-03,181.82077026367188,183.74864146909349,179.86428309609008,183.2428161104816,8922800
2024-05-06,183.24282836914062,183.43370340279216,181.16226574552516,182.98513906415366,7911100
2024-05-07,183.0042266845703,184.13039955093174,182.90878188854626,182.95650428655827,7688800
2024-05-08,186.72634887695312,187.6807386275388,182.28844236186254,182.28844236186254,9227600
2024-05-09,188.49195861816406,188.57785019283477,186.20142924996162,186.268228953762,7977300
2024-05-10,189.70401000976562,190.24800446648226,189.22681524714508,189.4844899337237,7529800
2024-05-13,189.66587829589844,190.7348047600813,189.0073470128049,189.73269257114907,7049200
2024-05-14,192.3190460205078,192.38586028369684,189.12184954887874,189.92353333016814,8596200
2024-05-15,192.89170837402344,193.44525616341704,190.65843990714103,192.79626357615743,8370000
2024-05-16,193.2352752685547,195.1535932389949,192.77717231019278,192.9966778539951,8497900
2024-05-17,195.44944763183594,195.69759825802052,193.55976022547813,194.51414986383685,9260500
2024-05-20,186.65953063964844,196.48974700752038,186.48773292892272,195.06770117767758,17373300
2024-05-21,190.41983032226562,190.78248849278148,187.6330142438508,188.01476428528767,14420800
2024-05-22,189.2650146484375,191.77506416081215,188.6732977083887,189.92354585608186,9425300
2024-05-23,187.93841552734375,189.25547795628643,187.12719303061385,188.78782176676148,8069400
2024-05-24,191.55555725097656,191.6032650842563,188.54922104999036,188.73055741751145,7356200
2024-05-28,190.40072631835938,191.2692243545398,189.59904254472963,190.74430715889065,6910200
2024-05-29,189.07412719726562,189.91399471851386,187.90977070201868,188.9691437571096,6120000
2024-05-30,190.23849487304688,190.7347815795727,189.35090490632123,189.5036107487647,6829100
2024-05-31,193.3879852294922,194.02742456659686,189.3031985702233,190.20986585230213,14417900
2024-06-03,192.6149139404297,193.18753895642425,190.1048646599734,193.0825555190675,6444300
2024-06-04,190.07623291015625,192.7676039624625,189.23636541672454,191.0306224934816,6848300
2024-06-05,188.26290893554688,190.70615882571187,187.9384199292547,190.6488832103386,8351600
2024-06-06,187.92884826660156,188.9882212410521,186.42091104225034,188.2628758687044,7640300
2024-06-07,190.83021545410156,191.75597461770602,188.024307437637,188.42514935958465,6964500
2024-06-10,190.5057373046875,191.67963261173603,189.38910305220256,190.15261775965763,6070800
2024-06-11,185.4951934814453,188.91191055404266,184.7698625098068,188.88328002640114,9235300
2024-06-12,182.7942657470703,187.74755082799157,182.5842988392324,187.0603890501278,12751300
2024-06-13,184.82713317871094,185.70517005199585,182.1739306851581,183.5482543347633,8587800
2024-06-14,184.94161987304688,185.97236241283088,182.6892597815552,182.71789030520225,6874000
2024-06-17,186.08689880371094,186.65953844630556,183.85363041068777,184.6553142600554,8725400
2024-06-18,188.01473999023438,188.93096035925277,185.27564666164935,185.72421091193155,9023000
2024-06-20,189.60861206054688,190.3530349090619,187.16537660256606,187.43260457060572,8731100
2024-06-21,187.34669494628906,188.17700929825324,185.36156268713378,187.73799820567726,20972100
2024-06-24,189.80902099609375,190.14304864072443,188.1102085595612,188.78781706567207,9785900
2024-06-25,189.0359649658203,190.94474426582192,188.72101463378038,189.05504227358247,6862500
2024-06-26,188.42514038085938,188.91188841939731,187.3275981156472,188.44423225132738,7758600
2024-06-27,190.0857696533203,190.74430078925033,187.919301243349,188.4346797683504,7913500
2024-06-28,193.0348663330078,193.3593699170051,190.2098808173549,190.88748938726886,15307600
2024-07-01,196.07933044433594,197.64452872629258,193.41659000327897,193.5883731323922,10205800
2024-07-02,199.30520629882812,199.33383682530447,195.43038637882975,195.92665854630712,7802900
2024-07-03,199.1715850830078,200.78450597577336,198.17901165846095,199.9923607921085,5560900
2024-07-05,196.53245544433594,199.00842649532183,196.27335292204722,198.64375880499992,8093100
2024-07-08,196.89712524414062,198.55736401431693,195.74551462114852,196.7723624234459,8707000
2024-07-09,199.25796508789062,201.30206944737745,197.16585925201633,197.33860892161442,9058900
2024-07-10,199.42111206054688,199.58425558028438,197.2906255075793,197.82804290048543,8328500
2024-07-11,199.085205078125,199.70900458588088,197.09867916383936,197.89521368869632,10658100
2024-07-12,196.6764373779297,199.085224201204,193.9509550160253,195.77433759701847,15443400
2024-07-15,201.5803680419922,203.07746338803915,198.3846385255346,198.83568835973134,10719700
2024-07-16,205.0064239501953,205.12159527581198,199.68981390311083,201.5323940342005,11557000
2024-07-17,208.12538146972656,208.78756169090065,204.6705491521375,205.1791773653675,11572500
2024-07-18,201.51319885253906,207.90465837072435,200.80304644620205,206.93538878296755,12415100
2024-07-19,201.32127380371094,203.78765358828193,200.49595003902687,202.68401496985885,8095900
2024-07-22,201.8011016845703,203.6148926358178,201.25409280392114,201.97385135034514,7663200
2024-07-23,201.84909057617188,202.95271450120742,200.90861016610094,202.5112707886033,5557300
2024-07-24,200.17926025390625,203.48055540747083,199.6802381630847,201.10055771396958,7119000
2024-07-25,200.25601196289062,201.71472666285024,199.66101627259542,200.23681430218042,6403800
2024-07-26,203.6820831298828,204.56498521561846,200.20803848586095,200.8030488593653,8027800
2024-07-29,202.34811401367188,204.99682004630137,202.0602076823259,204.0755227146991,6533600
2024-07-30,206.51312255859375,207.08892060425245,204.37304460068856,204.63214713164874,8850700
2024-07-31,204.21949768066406,207.66473846208044,204.09473484474648,206.11965617262393,9071600
2024-08-01,199.5746612548828,205.20796693510616,198.05836812142135,204.6033650548551,10918600
2024-08-02,191.1102752685547,196.41729340747878,188.95099978059565,195.6591542348571,18041700
2024-08-05,187.04127502441406,188.26007043665874,183.2025622305336,186.22555734183078,13927000
2024-08-06,192.26187133789062,194.4307528130012,186.1775168281582,187.5210600612615,10605800
2024-08-07,192.31947326660156,197.4537566355557,192.12754058739833,195.30407255531497,9204400
2024-08-08,195.83187866210938,196.64761077088747,193.65340563179683,194.30599424752398,7761200
2024-08-09,197.50173950195312,198.14472201831654,194.71866445703174,195.26568795748204,5540200
2024-08-12,197.87600708007812,198.78769824177664,195.44802293711754,198.08713740933766,6936000
2024-08-13,199.5554656982422,199.69941155528463,197.11787513313567,199.35392685485715,6387800
2024-08-14,201.76272583007812,202.26174789086065,198.76852024775556,199.36353061795853,6999800
2024-08-15,203.01991271972656,205.26555604485006,202.58806048697608,204.41144308904532,7001000
2024-08-16,205.3423309326172,205.45748762244867,203.05829229411836,203.15426596466205,7931200
2024-08-19,206.7626190185547,206.83939501460688,205.1983538600032,205.37108886847773,6090800
2024-08-20,205.8701629638672,207.29048254034507,205.0640221804634,206.33080438043606,5640000
2024-08-21,205.94692993164062,206.3307953213397,204.25788707250234,205.78377176531626,5202300
2024-08-22,207.89505004882812,208.05819355178016,205.6973792260983,205.92770721801395,5247100
2024-08-23,209.50729370117188,210.35181499430405,207.7702789315898,208.825930548005,7214000
2024-08-26,210.33262634277344,210.82205685305937,209.25779166440867,210.17907434771442,5105200
2024-08-27,211.30191040039062,211.5322384088343,210.3518384830516,210.6589278507846,5185200
2024-08-28,212.36717224121094,213.25008902913484,210.35185690406252,210.4094352503344,6506400
2024-08-29,213.25009155273438,213.98903319667016,210.11193985204136,213.19249856225443,6416100
2024-08-30,215.73561096191406,216.3881849537637,212.98132522560212,213.52834869835,8574100
2024-09-03,211.41708374023438,215.0638633692745,210.39982731942075,213.33643989830546,8956100
2024-09-04,210.48617553710938,213.11569850429112,208.4516628819831,212.12721670145393,7389500
2024-09-05,208.85475158691406,211.89692943579365,207.31926075481468,211.2731298787107,8067900
2024-09-06,203.89321899414062,209.91999639189612,202.57845001745773,208.82596392525963,7777000
2024-09-09,208.06777954101562,209.3537445138377,205.54382177933104,206.513105906515,8935100
2024-09-10,197.2714080810547,209.82399812562028,192.52100489184315,209.78561744862617,28406900
2024-09-11,198.8740692138672,199.3251190484655,193.6918138354718,196.97391086092546,13658700
2024-09-12,198.26950073242188,200.3615919553569,196.62844474311245,199.27715101962826,9054400
2024-09-13,196.08143615722656,199.4690986741892,194.833851700199,198.5190120847975,10226700
2024-09-16,199.4786834716797,199.81457665233654,197.30021016072058,197.5305381683303,8634900
2024-09-17,200.81263732910156,201.46521139164926,199.28675270326914,199.35392255393126,7573300
2024-09-18,199.16197204589844,202.81834284396587,198.3654375571648,200.58229137057424,8259900
2024-09-19,201.9930419921875,203.36538928713296,198.97965334983056,201.32127025220836,11635200
2024-09-20,202.57843017578125,202.89512568030523,201.05254563504943,201.46520015567114,20885000
2024-09-23,202.91432189941406,203.25980657066546,201.52279170592422,202.4920612297152,7223500
2024-09-24,203.05828857421875,204.36345139466172,201.88748010395994,202.63602786120398,7323200
2024-09-25,201.71475219726562,203.68209532865095,200.19845896675733,203.14466326540543,8976500
2024-09-26,201.32127380371094,203.16385402738385,200.58231755493514,202.61684511643884,7807500
2024-09-27,202.01222229003906,203.87399998332447,200.88940076897532,202.15616813497374,7032500
2024-09-30,202.35769653320312,202.45367018723,196.98349406521893,197.9911588584064,8663800
2024-10-01,198.69174194335938,200.6590849232253,197.87602436679808,200.47674374625123,8540100
2024-10-02,198.931640625,200.5247095749859,197.39616465396708,198.73011645099774,5810900
2024-10-03,196.9547119140625,198.16391556637382,196.10059907948147,197.85681157736644,7251300
2024-10-04,203.94537353515625,204.37987213930614,199.78381659479555,202.09150201972523,10211700
2024-10-07,203.6653594970703,205.9827100132501,202.4680757269759,203.7619212935509,6718900
2024-10-08,203.49156188964844,204.0515878849043,201.20319174460775,203.32741862551052,6021800
2024-10-09,206.06959533691406,206.86136077091666,202.16874354804747,202.47771475974207,7024000
2024-10-10,205.50958251953125,207.41173500682478,204.1867713494914,207.41173500682478,7927100
2024-10-11,214.63409423828125,216.89351339672228,207.74966888805528,208.24209865254014,18320700
2024-10-14,213.85198974609375,215.9955317699529,211.3415453439257,215.51275230031362,9048900
2024-10-15,214.7306671142578,217.68527532023913,214.1803061412129,215.95693117924253,9235800
2024-10-16,215.9376220703125,215.97623794909032,213.42716268516796,214.67274209136121,6382500
2024-10-17,216.6907501220703,218.0715071604394,215.6189790372494,216.54592216463283,6470200
2024-10-18,217.60801696777344,218.13907733966104,215.4162087479307,217.2507648690765,7000500
2024-10-21,215.3196258544922,217.9266318307423,215.2230640751552,217.46316770309448,5870000
2024-10-22,216.4010772705078,217.52112924082374,213.48509971320877,215.33897121583806,9586800
2024-10-23,215.7155303955078,217.05765675812557,214.86583379761672,215.95692013506684,6180500
2024-10-24,217.2314453125,217.30869179537711,214.0257973060313,214.18994055717258,6002200
2024-10-25,214.6533966064453,217.84939420670585,213.2726544520225,217.2507524036145,6369700
2024-10-28,217.73355102539062,217.868728693903,215.27137266803004,215.65760510182318,6843000
2024-10-29,215.22308349609375,218.9404913371286,215.1361867268046,217.45353704067085,6580000
2024-10-30,216.6811065673828,218.5156628404685,213.94857273050474,214.87550115342282,7110900
2024-10-31,214.27685546875,217.91701709128074,214.18030840692387,216.96110835965536,7829900
2024-11-01,215.26171875,218.36115478761525,215.0299792936343,215.86036059570225,6923500
2024-11-04,212.21054077148438,216.0534611932713,211.6215492339804,214.98169019005127,8229600
2024-11-05,213.86167907714844,214.31549300886095,212.42299079009578,212.45195638290622,5600700
2024-11-06,238.55099487304688,239.45862265494782,226.68428170878914,226.90635614480942,23987800
2024-11-07,228.2388153076172,236.14674498009418,227.11876345837723,236.0791487857779,16451100
2024-11-08,228.81817626953125,231.09689618425554,227.65950837276299,231.09689618425554,9502100
2024-11-11,231.04859924316406,233.76183232238978,230.7685936247478,231.734152593889,9017100
2024-11-12,231.30931091308594,233.14388184693877,230.53686076900374,232.26521962387952,6861000
2024-11-13,232.8542022705078,235.68328295062503,232.03347126141182,232.29417630585863,11472600
2024-11-14,233.5397491455078,235.87640014281013,232.7479984317867,234.07080953881766,10172200
2024-11-15,236.8612823486328,237.93305345699474,233.14388893789499,233.14388893789499,11518800
2024-11-18,236.5908966064453,239.3910115292734,234.3218272931725,239.2268682839051,9051400
2024-11-19,234.7177276611328,236.70677679200912,233.2307733224933,233.90666165823853,6792700
2024-11-20,232.48728942871094,236.1853820806055,230.42099380614764,235.9826082126915,9015300
2024-11-21,236.3302001953125,237.0350688275059,233.77147490470944,234.85289619986844,8783500
2024-11-22,239.98968505859375,240.5690116009233,234.65979541625032,235.219821387118,7997300
2024-11-25,241.66973876953125,245.55128980408418,240.48210540768852,240.99385046333052,10295400
2024-11-26,241.3607635498047,242.3552880551951,239.78689780117762,241.86285831172583,6212100
2024-11-27,241.18695068359375,242.5387419809446,240.20209121543851,240.76211714435047,5472300
2024-11-29,241.11940002441406,243.09879896511487,240.85869496329937,241.25457769809182,5494800
2024-12-02,237.7689208984375,241.6311571769908,236.59093765481776,240.95526877489638,8899700
2024-12-03,236.38815307617188,240.4627983571973,236.20469451535047,239.68069795223073,6657700
2024-12-04,235.01705932617188,236.89991119978995,233.88735704195787,236.2722889974968,7346300
2024-12-05,237.02540588378906,238.66685314495626,236.19502460109126,236.93850911465168,6572500
2024-12-06,238.84066772460938,239.20758484833834,236.4074549916763,237.23783629630563,5519700
2024-12-09,235.41293334960938,239.3331004642951,235.36465245379455,238.61859624597477,7076500
2024-12-10,234.49566650390625,239.4200234478752,233.87770931432982,235.49019112567362,9108300
2024-12-11,235.14259338378906,235.85711238207702,233.83908277788504,235.59640731424383,7884400
2024-12-12,233.21144104003906,235.69293449672634,232.73831187283054,234.63081380840498,6113800
2024-12-13,231.67620849609375,234.36046110198654,230.90375841719614,233.7328537003409,10392700
2024-12-16,231.32861328125,232.38106899290696,229.33956421642742,232.32313781366128,9032000
2024-12-17,230.15065002441406,230.78792251755053,228.4802370347638,230.43065565931622,8083600
2024-12-18,222.43580627441406,230.8361807627836,221.62474030815744,230.7685845656322,11322400
2024-12-19,224.93661499023438,228.21950946148152,224.27037697069503,224.27037697069503,11790800
2024-12-20,229.41683959960938,230.97139028265684,223.6138201931546,223.9324564524048,32348400
2024-12-23,230.1796112060547,230.4016856524641,226.79050439374112,227.93952196997523,8611500
2024-12-24,233.964599609375,234.13840789117347,230.8361978696138,231.18378496668848,3729100
2024-12-26,234.76602172851562,234.88188409735528,232.49695211699543,233.11490930624282,4451800
2024-12-27,232.86386108398438,235.0074032318014,231.77277470486047,234.3604804730654,5730200
2024-12-30,231.07757568359375,232.54521468407714,228.94368391501692,230.54651531283838,5723800
2024-12-31,231.4541473388672,233.12456023279114,230.79755957752477,231.78243385290807,4871000
2025-01-02,231.73416137695312,234.9011937371106,231.20310097714537,232.6224738942401,9220900
2025-01-03,234.90118408203125,236.4460843210158,231.9851918792467,235.4901756406523,9491100
2025-01-06,233.7559356689453,238.4533732605044,233.49388418568068,236.52198200348707,9917800
2025-01-07,236.00759887695312,238.03603585964578,233.8044559653357,235.00793797890452,8753400
2025-01-08,235.9687957763672,237.05580229045634,233.41625568415455,235.59998364793563,8675300
2025-01-10,232.80477905273438,236.62873126230812,231.70807254459382,235.92993721338343,10256800
2025-01-13,237.01698303222656,237.3372500960213,231.96043318189513,232.61069705427852,10005300
2025-01-14,240.1809539794922,240.42359041299397,235.05647368868276,235.51263136841433,12407400
2025-01-15,244.917236328125,246.19834907161936,236.50259128635952,243.02466018784034,18448500
2025-01-16,246.78065490722656,249.46907059514717,244.897793913136,246.5186034262573,15292300
2025-01-17,251.52664184570312,252.94363035716344,244.71340648745428,246.65449800073918,17678100
2025-01-21,255.28265380859375,256.46672083789156,251.85662841034198,252.4098466101375,13712100
2025-01-22,255.0982666015625,255.6223696516269,252.58455641473486,255.15649698282425,9021900
2025-01-23,258.11663818359375,258.99980869731013,256.03965618936724,256.8937411358266,10749700
2025-01-24,257.03936767578125,259.2328108457328,255.2632817450512,255.92324583591298,7666300
2025-01-27,258.0196228027344,258.13608356694,254.53536671960657,256.38911286643724,7522300
2025-01-28,259.2715759277344,259.45595234973075,257.02958825496063,258.0195637615963,7375400
2025-01-29,258.7280578613281,262.7073011271936,257.78662735417487,259.3395063870375,7684900
2025-01-30,260.3294677734375,261.75617104949805,258.766873890751,260.71768010583645,8753500
2025-01-31,259.4269104003906,262.84325096621404,259.0969283445937,261.30008652055614,7193800
2025-02-03,258.9512939453125,260.2712514893426,253.99181967172157,254.11796573208338,8381400
2025-02-04,260.04803466796875,261.8920656979003,258.97071346699056,261.8920656979003,5626000
2025-02-05,262.4646301269531,262.668466021139,260.42647851599486,260.9894115303653,5704400
2025-02-06,268.7441101074219,268.8217703532776,263.20230221236784,264.4251993255983,7264400
2025-02-07,267.67645263671875,270.3454529171087,266.6185615343718,269.10315578952975,6857900
2025-02-10,263.0567626953125,268.045353099467,261.64945932671367,268.01623790791643,8627400
2025-02-11,266.8904113769531,268.08419351374835,261.71741468826207,262.29974816032586,7196400
2025-02-12,267.3368225097656,268.3073682010428,265.20161014147436,266.0071500330046,6683900
2025-02-13,268.18121337890625,268.81206220355733,265.74513402635904,267.38535874167565,8398700
2025-02-14,268.4432373046875,271.0054922240324,268.30737630553097,269.20026178200214,5688600
2025-02-18,271.70428466796875,271.72368491952835,267.89001749911944,268.6082414686908,7919800
2025-02-19,271.0249328613281,271.99547872654324,269.0547259396898,270.18056269758443,7007200
2025-02-20,258.94158935546875,270.52990776080935,257.9128132494212,270.47167738640707,13846700
2025-02-21,256.4570007324219,261.27092900098586,255.0982425996441,260.4168439978953,12835600
2025-02-24,253.6424102783203,259.1357025074417,250.99280984837583,257.67016901902093,10372800
2025-02-25,249.81845092773438,255.25351263379156,245.88775278979048,254.50620312645628,9608400
2025-02-26,251.1675567626953,253.22510912697214,249.36232616658907,249.58556236411243,5943600
2025-02-27,251.41986083984375,255.87469182858476,250.2649090455339,252.51658225954176,8204400
2025-02-28,256.85491943359375,257.0102103033765,250.29405049282587,253.0503967893836,10467100
2025-03-03,252.94361877441406,258.47574118143245,250.2261026277376,256.22406802064074,9058300
2025-03-04,242.87905883789062,249.6534784144641,238.70570941047404,247.76090247214182,13465600
2025-03-05,244.12135314941406,245.5965867262712,240.53033710346665,243.84960154438141,7861400
2025-03-06,239.27835083007812,242.0152970466892,236.66759511360632,240.80211481791196,9983200
2025-03-07,235.14381408691406,239.4530394207747,232.36805275623323,238.00692097749285,20498700
2025-03-10,225.380126953125,230.5143072655119,221.9638018922669,229.25260968443942,18887200
2025-03-11,222.390869140625,226.44775837890697,220.0130348377413,224.92399432932947,18143000
2025-03-12,221.1873779296875,227.41829488617915,220.56622922120076,227.1077131272591,16054000
2025-03-13,218.55718994140625,222.7402395654928,217.62545954737027,222.5461333861297,16467900
2025-03-14,225.59365844726562,226.27303751626079,220.87680546916633,221.40089366257604,11962100
2025-03-17,227.03973388671875,228.72848862744547,223.6719541489768,224.37073338341938,9586000
2025-03-18,228.0491180419922,229.21376988809178,226.64182977756553,227.4182692780825,10344900
2025-03-19,232.06719970703125,235.19235827185224,227.9714953720013,228.79646520042016,10120600
2025-03-20,231.97012329101562,234.63912397597252,229.2428922333378,229.59228927901535,8328500
2025-03-21,234.5129852294922,235.16324913514356,229.5340805612011,230.8054931833966,19326900
2025-03-24,240.75357055664062,241.36501910335522,237.21108457850144,238.2495608050386,9422700
2025-03-25,243.733154296875,244.4028332211237,240.32652930123646,241.96675395701018,9287700
2025-03-26,243.63609313964844,247.16887900045046,242.42291097853027,245.1598570425021,12779300
2025-03-27,240.81178283691406,243.25756203065194,239.89946755301614,242.18025576276096,8022500
2025-03-28,235.69703674316406,242.16086005777964,234.00828183952703,239.6665652294854,11978400
2025-03-31,238.07485961914062,238.61836283353372,230.36872450664094,232.35834612382078,13603000
2025-04-01,236.48318481445312,238.45339153399044,233.78506877067235,235.47380892493115,8054700
2025-04-02,238.57957458496094,239.9674479641913,234.34799432373393,234.48387014274496,7758800
2025-04-03,221.9541015625,228.21411845193424,220.6050436132751,227.36974842028587,17188500
2025-04-04,205.34341430664062,212.58921879116235,204.02510127525403,210.25532760935624,27170700
2025-04-07,209.40579223632812,216.83713987942957,197.4140796651513,200.9393316199066,22914400
2025-04-08,211.77870178222656,222.49116855668552,208.24369056058796,218.27259368729497,19485700
2025-04-09,228.83859252929688,231.9048767833682,206.04652973562588,207.5113154920403,24022400
2025-04-10,221.77833557128906,224.9422782580252,214.9329086419956,224.60048894505405,18896400
2025-04-11,230.65493774414062,232.97906934942662,219.71787325553504,220.99711715573133,20284500
2025-04-14,229.2096710205078,234.15087913970558,228.14526363842643,231.53380246810318,13017800
2025-04-15,227.65701293945312,233.04741393456666,227.3542929260278,230.5572900044825,10912900
2025-04-16,224.21963500976562,228.09643576900157,222.5790672431111,226.55352634462056,9322300
2025-04-17,226.5144805908203,228.83859723978307,225.13757837531108,225.38170933973876,9557900
2025-04-21,223.6142120361328,226.36800167119193,221.02641477455015,225.21571062759392,8716200
2025-04-22,230.0592498779297,230.44986835764868,225.9383180454656,226.53399818903708,10701400
2025-04-23,235.22506713867188,240.99631170351697,234.36572139205154,234.58055782870665,14126800
2025-04-24,238.89678955078125,239.7073061190241,232.00253368423319,234.1118287364866,9055200
2025-04-25,237.8323974609375,239.85379417404548,236.07465147090528,238.9065648044329,8588600
2025-04-28,237.5101318359375,241.04514340247584,235.18600030625285,238.81867021795682,7394300
2025-04-29,238.87725830078125,239.49247309158469,236.01605058594708,236.50431250866183,7216800
2025-04-30,238.87725830078125,239.4631785682675,232.83257331348125,235.5473233123009,12991700
2025-05-01,241.09397888183594,242.61735374261244,236.4847850001896,237.13905420831426,8689600
2025-05-02,246.58204650878906,247.66598864209374,243.60366051149063,245.36139162446273,7165000
2025-05-05,246.630859375,249.16982732673011,244.7071062124704,245.28325170363556,5450700
2025-05-06,243.3985595703125,246.71873456309945,243.1544286178849,244.13095242759528,6369900
2025-05-07,243.5352783203125,246.5234388677099,242.98842735746476,243.98448584012095,8724100
2025-05-08,247.5194854736328,249.87291137635128,245.64456159073174,245.66409623863075,8320100
2025-05-09,247.13864135742188,249.51158700328907,246.41600839213655,248.5253033443988,5087600
2025-05-12,253.94500732421875,257.4116847639064,252.62672400889193,256.7281061698435,9603900
2025-05-13,256.83551025390625,257.48001947801663,254.2770229043744,254.90198258157508,8589000
2025-05-14,259.40380859375,260.38033243913924,256.13244775146745,256.82577133737385,8643100
2025-05-15,261.2103271484375,263.1926691597646,258.54443639594166,260.70254552918584,9214600
2025-05-16,261.2786865234375,262.1575519192299,258.49558793581224,261.22009748379395,8932900
2025-05-19,258.6616516113281,262.0208961622138,255.78089422806747,259.3159059261038,12145000
2025-05-20,259.4428405761719,260.3998446453458,256.14218530617444,256.3570217379832,8436300
2025-05-21,254.91175842285156,259.41351843588865,254.6090384558687,258.1440495292598,7464000
2025-05-22,254.5504608154297,256.1421695061678,252.79270017238227,253.34932586607096,6514100
2025-05-23,254.58949279785156,255.83944197772107,249.99007438301427,250.78105621865066,6671800
2025-05-27,259.06201171875,259.0717566921421,255.83946524243134,255.8883093139594,7506600
2025-05-28,257.3042297363281,260.45841213292607,256.728084308059,259.989670011101,5535400
2025-05-29,258.1636047363281,259.17919788181575,256.3668044334763,258.5835028383828,5081200
2025-05-30,257.8022766113281,259.10104011963335,256.56210214543427,257.26520045551075,10977700
2025-06-02,258.4468078613281,258.8081169206428,255.75159247660167,256.84529442949264,6011200
2025-06-03,260.0190124511719,260.32173248111746,256.7086118716836,257.5386631607241,6998400
2025-06-04,258.0171203613281,260.8490334291481,257.9780510648975,259.67722274650265,5915700
2025-06-05,255.8004150390625,258.5248949172323,254.19890174190374,258.5248949172323,8173800
2025-06-06,259.49169921875,260.39008449229345,258.056207934954,258.12454195712064,7738100
2025-06-09,260.47796630859375,261.61073756854347,257.1675659016327,259.75534818459647,8285000
2025-06-10,262.2943420410156,262.5872873090316,259.60890114666654,259.63819567346815,7538100
2025-06-11,261.8548583984375,263.2903496169879,259.5502764699578,262.37241483499554,7434100
2025-06-12,261.9427490234375,261.9915930968164,258.91554891738133,260.5951413369258,6618000
2025-06-13,258.7300109863281,260.75139274608847,256.5425772552077,258.85693405632503,7098300
2025-06-16,264.01300048828125,265.3508633310758,260.58542169283396,260.73189432492217,8566000
2025-06-17,263.1926574707031,264.23754498425956,261.5130355109874,261.87437431373314,6739300
2025-06-18,267.5284423828125,271.200181276507,263.3879911545291,263.6614166167527,9586400
2025-06-20,268.5440368652344,270.79002961674195,267.3819711943445,269.1006625666469,13969700
2025-06-23,271.73724365234375,272.0106691007072,265.7218539872092,268.60261086911663,8094600
2025-06-24,274.6571350097656,276.0730768529508,272.9482181016434,273.6317669842048,9267900
2025-06-25,277.3913269042969,277.60616331581525,274.31528313116405,274.89142855270444,6826900
2025-06-26,281.9712829589844,282.6157923247423,277.79176175773335,278.0163729885891,8942100
2025-06-27,280.3697509765625,281.9224501380631,278.34836923641,279.10028187976,17868600
2025-06-30,283.10400390625,285.77966944457916,282.13725493022537,283.58249100733053,12689200
2025-07-01,283.59228515625,284.2953834962509,279.86195702454677,284.0610273166312,9338300
2025-07-02,285.1449890136719,285.945745792629,282.8989958836799,285.1840583153917,8158700
2025-07-03,290.4435729980469,290.83605832396694,285.74348111805267,286.66583810355576,6541600
2025-07-07,286.4892578125,290.4828645965253,284.6347217587213,289.7076857742013,8825700
2025-07-08,277.4717712402344,284.2618850781592,275.048135846527,283.83993409983367,15440900
2025-07-09,277.84466552734375,281.8088370500666,277.17743733437857,281.7891933154563,11273800
2025-07-10,282.78021240234375,282.89795501811136,277.687634657396,277.687634657396,8410900
2025-07-11,281.4751281738281,281.9853860406829,278.3253938002881,280.16028588065166,7384700
2025-07-14,283.2806396484375,283.8693527089549,279.90521169280953,281.6812326297011,9079900
2025-07-15,281.1709899902344,286.46964738040805,280.121098345475,282.5937831680985,12526100
2025-07-16,280.4547119140625,285.2725470105113,277.6974624718264,282.9862680414337,9979800
2025-07-17,284.4580993652344,284.85058472552134,278.11937245969557,278.11937245969557,8509500
2025-07-18,285.8023681640625,287.009289803847,282.819455566978,284.08521856694546,12217000
2025-07-21,285.50799560546875,288.65773001934355,285.125302200427,285.5374312562634,7898100
2025-07-22,285.9593811035156,288.11809552877634,283.75161723688194,286.0280742772089,6717500
2025-07-23,291.1893615722656,291.4150249489527,287.0583682777473,287.3429329100002,7083500
2025-07-24,290.9832458496094,293.96618832212596,290.6398398939318,291.8369396401929,7001200
2025-07-25,293.014404296875,293.2891470363467,290.4043332995373,291.1304626389869,5918500
2025-07-28,292.6807861328125,293.8091927274499,291.2482011503524,292.0724293571669,5840400
2025-07-29,291.464111328125,295.6343323000827,290.6398830117393,294.36853919701497,7635700
2025-07-30,294.0054626464844,294.9670472888904,291.79769880383014,291.83695632333047,8061700
2025-07-31,290.6790771484375,295.33011989507037,289.9529777509294,293.5246633224064,14749700
2025-08-01,283.93804931640625,286.32242707449086,278.9043429750852,284.9487133421405,12007100
2025-08-04,288.73626708984375,288.79513839592664,284.81135364584816,284.81135364584816,6649500
2025-08-05,285.9005126953125,290.2375553774225,281.84803463230764,289.15819815384634,7182300
2025-08-06,285.8808898925781,287.784475314663,284.71322574362773,286.8130388717205,6330200
2025-08-07,281.5536804199219,287.95127882891904,281.03363056399576,287.44105083933385,8057100
2025-08-08,283.3394775390625,285.76311250140685,279.3654851809607,283.555348950698,6634100
2025-08-11,284.1244812011719,285.8514526951056,283.3591242790355,283.9674810703858,5510100
2025-08-12,287.35272216796875,289.21705000432985,284.88982947960193,286.02805793473163,8570900
2025-08-13,285.0763244628906,289.02085238501184,281.76958909820456,288.4321392210523,8420400
2025-08-14,288.63812255859375,288.6773800754172,284.20298138831316,285.1253084483277,6322400
2025-08-15,285.0370178222656,289.95298150728627,284.3796115875491,289.30536719380285,7340500
2025-08-18,286.0574951171875,286.4205448097455,282.9960675051489,284.5562169634104,5386900
2025-08-19,285.203857421875,286.9897003409671,284.0950645111781,285.3706494849781,6031500
2025-08-20,286.7541809082031,287.82371628155875,281.87747451352897,285.35103146886894,7374200
2025-08-21,285.9986572265625,287.27424223237057,284.0362003285711,286.45983579537915,6624000
2025-08-22,290.6790771484375,291.5818204071259,284.6837862966605,287.6961645212777,8552800
2025-08-25,289.3642578125,291.76827944217837,288.61854456863614,290.67910031440016,5856300
2025-08-26,292.9653625488281,293.13215460321874,287.99052751038425,288.63814183000835,6714700
2025-08-27,293.6620178222656,295.41842494390727,291.46407591230917,291.6701254801894,6056500
2025-08-28,295.4184265136719,295.5852185641284,293.0929201153854,294.38811877937053,6410500
2025-08-29,295.7618408203125,297.26311888832026,294.1035626344117,296.37019756170366,6796400
2025-09-02,294.07415771484375,294.8198709218748,288.9717581566039,294.62364321253557,7221900
2025-09-03,293.88775634765625,294.92785615758544,290.81650636476985,294.92785615758544,6316900
2025-09-04,298.1168212890625,298.7153562428407,292.68080753910596,294.36852159403367,6605800
2025-09-05,288.8540344238281,299.42185399614533,288.7853412459479,297.9500113286781,9837700
2025-09-08,287.41162109375,290.8949700189617,285.9692141135519,289.3544641521949,8188500
2025-09-09,292.2588806152344,293.3872872696363,286.8228669749493,287.1074315912692,7848200
2025-09-10,294.8984069824219,295.8796354332035,289.8548783719408,291.1304933247864,7787300
2025-09-11,299.8241271972656,299.9909491896388,295.1436788264331,295.5852136096933,7942500
2025-09-12,301.1488037109375,301.7767742987404,297.9990690164523,299.27465392414524,6846700
2025-09-15,303.1014404296875,304.13174819496044,301.40393449781925,301.40393449781925,7122000
2025-09-16,303.3860168457031,305.06390905534744,301.3646887009418,304.18080946841434,10525600
2025-09-17,305.8979187011719,307.03614710830897,302.9738476236277,304.56346260331446,8657800
2025-09-18,307.3501892089844,307.556238792954,303.7981171700278,305.9372178866198,8050700
2025-09-19,308.8710632324219,309.8719053836384,303.31730709863126,307.7132209495945,23568600
2025-09-22,306.5749816894531,307.8113389670314,303.74903930910966,303.9845245259009,7520200
2025-09-23,306.8693542480469,310.37234675445063,304.74989735202223,305.9666409066948,8584400
2025-09-24,307.53662109375,310.63727651453155,305.81947137817144,308.15476983779797,7310500
2025-09-25,307.5660400390625,309.72472445454315,305.94698929656073,308.2234462682717,7083200
2025-09-26,310.1270446777344,311.8441943720275,307.8113600348933,308.9888161441515,7258100
2025-09-29,309.7640075683594,312.0404647281687,307.7721150397051,311.10828573544467,6462400
2025-09-30,309.50885009765625,311.45169300349573,304.28870810842403,310.31346452838187,11823300
2025-10-01,304.8774719238281,308.68464295873514,301.6394301376976,308.07628613361976,9235200
2025-10-02,301.7767639160156,304.7302708010082,300.3932583082978,304.1807853263183,7600000
2025-10-03,304.210205078125,305.80961197949307,302.4243624063698,302.7187488597389,6029900
2025-10-06,304.8511047363281,307.38512889871987,300.8578215934895,305.8371035459471,7214500
2025-10-07,303.38201904296875,305.66954382645594,300.4338918141804,305.0187809092415,8454200
2025-10-08,299.7732238769531,304.4567183318842,299.2999336047902,303.8946917756213,6489900
2025-10-09,301.252197265625,303.72706376015515,299.14217558490407,300.7789070325195,7060300
2025-10-10,296.6772155761719,306.1230715472904,296.5983188157025,301.3804193716138,8597400
2025-10-13,303.6580810546875,305.1272097801061,301.17337467050265,301.3212684867699,10788700
2025-10-14,297.85052490234375,302.70165257420854,290.0907186231138,301.5578902761218,16178800
2025-10-15,301.4100036621094,307.7499693151439,301.1635039391426,302.1002149225357,11354800
2025-10-16,294.3600769042969,304.35808863852304,292.9106575300408,301.0747260223031,10549400
2025-10-17,293.3938293457031,295.3559575215809,290.08088749555986,294.97143359875633,10153500
2025-10-20,298.1265869140625,299.43798218705626,293.9854099500461,294.32064593592156,6894900
2025-10-21,292.93035888671875,299.7929016175946,292.841622611914,297.43638030144115,7372700
2025-10-22,289.99212646484375,293.88683421544886,286.47213320670807,293.60088610479784,8054100
2025-10-23,290.4161071777344,292.2204718178062,288.4145307332595,290.25834375227123,5438800
2025-10-24,296.2334899902344,298.36325106738366,291.31336547241364,291.93451945757295,7228300
2025-10-27,299.89154052734375,300.2662249001909,296.7955198233114,297.92941246883,5642200
2025-10-28,301.0845947265625,303.6580673748709,298.915415308335,300.59159530101573,6336000
2025-10-29,301.2325134277344,303.93414060421026,298.7675163425421,299.2605157595805,7520300
2025-10-30,305.1075134277344,308.233113206998,300.8282816526182,301.50862332627236,7514600
2025-10-31,306.76397705078125,308.48947514882747,302.9481660712639,304.220113094536,7721300
2025-11-03,305.0187683105469,307.9471862719047,301.9227172950412,306.6456604912348,7770000
2025-11-04,304.920166015625,307.84858401169095,300.82827651560933,302.415720333495,7085200
2025-11-05,307.31610107421875,308.71623262048166,301.35082032546103,305.2750763211935,6865200
2025-11-06,309.03179931640625,310.4319009529449,305.9160390722913,306.63579903674446,7206100
2025-11-07,309.8106689453125,310.02758988101914,303.3326798145578,307.5231746391179,7302300
2025-11-10,312.4532165527344,315.0858168552232,309.810716541713,310.58966412464275,5794100
2025-11-11,311.2009582519531,314.58292715130625,310.86572224729366,313.05464094031504,5030200
2025-11-12,315.9239196777344,317.7381540918137,311.78271214996033,311.8320301504691,10578300
2025-11-13,305.1469421386719,316.14082355780937,304.7722577523736,314.7604311532612,8973300
2025-11-14,299.3591003417969,303.3327046462357,297.0124483237873,303.20451997960254,10327000
2025-11-17,296.1644592285156,301.31137424610444,293.5022804823602,299.74363974118836,8344000
2025-11-18,295.2178955078125,298.70833958092004,292.86134400280395,295.30663178632864,8077300
2025-11-19,299.02386474609375,300.1873662746028,295.0798692888629,295.5432899586994,5546600
2025-11-20,294.20233154296875,305.5807663052954,293.9854105998292,302.05087369332443,7501600
2025-11-21,293.84735107421875,297.456110287291,288.71030575970536,297.0715864028587,11766800
2025-11-24,293.8276672363281,295.6221924256846,290.386540762355,294.0642973394352,10940200
2025-11-25,298.75762939453125,300.2366275598507,291.4217960873232,295.84892096661844,8877200
2025-11-26,303.33270263671875,304.21022597199055,298.95486530692773,300.7296512123902,7910900
2025-11-28,308.696533203125,309.3275869646093,303.9243019705234,304.77227670123045,4322400
2025-12-01,304.59478759765625,309.6430970545817,304.2201032083801,308.5683618849884,7727300
2025-12-02,303.5693359375,306.1329390093465,302.7903884074122,304.4172805196406,7249000
2025-12-03,307.75982666015625,307.98658713845214,302.50443592551073,302.89885953876745,8535300
2025-12-04,311.67425537109375,314.0307770729326,308.61765279183703,308.8740221323167,9627800
2025-12-05,310.62908935546875,314.02092784192007,310.2741141188276,311.22069468967254,6518900
2025-12-08,310.79669189453125,312.0390600856641,308.96274846028484,310.64879808375287,7417200
2025-12-09,296.3025207519531,314.33641785317275,295.8193608594167,310.54034639506574,18049200
2025-12-10,305.7680969238281,306.8329925602339,294.2812160390869,296.2926621709551,18874100
2025-12-11,312.9363098144531,313.5476242674454,304.9102649889192,304.9102649889192,9721900
2025-12-12,314.0603332519531,315.7858311866128,312.16723236849225,315.2040954937631,8982900
2025-12-15,315.53936767578125,318.35934027084556,313.9322146909975,315.11539535630396,10864100
2025-12-16,311.13189697265625,315.0463132571263,309.99800441565543,314.6223410116007,8331300
2025-12-17,310.5699462890625,314.8984658400699,310.2544194174254,313.9716244610726,8718700
2025-12-18,308.6176452636719,313.2518519730792,307.84856735129125,311.57564186364317,11444900
2025-12-19,312.7686767578125,314.099781180705,308.8049723403709,309.39657764946713,24494400
2025-12-22,318.56634521484375,318.7043994886834,313.0644852104395,313.0644852104395,8354600
2025-12-23,321.3666076660156,323.1907116116738,318.56637445826755,319.07908304324746,6668300
2025-12-24,324.5612487792969,325.36974495293686,320.9426198260136,321.6722493328215,4289300
2025-12-26,323.3188781738281,326.2275566521161,321.96806459862194,324.502058709128,4158300
2025-12-29,319.2171325683594,323.1808371734579,319.0002116144308,322.4216288798564,8635300
2025-12-30,318.8917541503906,320.3904615362508,317.97475237184364,320.2622768741799,7904300
2025-12-31,317.70855712890625,320.3313177342217,317.5310845539587,319.79886991908165,5048500
2026-01-02,320.9229431152344,321.169442848154,316.2492877176746,317.98465546632457,8054000
2026-01-05,329.3630676269531,332.5281155423397,320.63697169770103,320.942628937084,10752600
2026-01-06,331.41326904296875,332.6612412306879,327.49110960074296,329.44229029813283,7660800
2026-01-07,323.8660888671875,328.9767963949314,321.4989374679619,327.9764659913386,9815200
2026-01-08,326.63934326171875,328.2339475379842,322.53888044956136,323.27183137637843,11737100
2026-01-09,326.0450744628906,328.7291759216584,325.0348299492433,326.1936353875406,6738100
2026-01-12,321.38995361328125,322.9053354478686,318.1611187929736,318.80490292970194,12805100
2026-01-13,307.9297790527344,323.7372950994605,307.60294504088824,321.20175473899405,19371200
2026-01-14,304.9287414550781,308.78159262538577,303.19546018048277,305.2556057077196,25951500
2026-01-15,306.30548095703125,309.95031666446005,304.8098971346673,305.5230197927318,14751400
2026-01-16,309.48480224609375,314.17950872864606,307.0383983149945,307.38506061636195,14652500
2026-01-20,299.8477478027344,308.1774060521912,298.9761500928895,303.2845981841295,12900600
2026-01-21,299.15447998046875,302.4823658305288,298.2729680555718,300.53118494697816,10270100
2026-01-22,300.729248046875,305.2555953909441,300.0062112868251,301.9474777854751,10535800
2026-01-23,294.8757019042969,299.4812715954647,293.6772702297321,299.11481126550876,11107900
2026-01-26,298.16400146484375,298.8969221500132,294.60830241167326,294.96484861763906,11752700
2026-01-27,297.44097900390625,299.08512378237486,295.3016109870806,298.45122352878457,11527400
2026-01-28,297.89654541015625,299.03558292254246,295.2025300603667,297.4013222225187,9556700
2026-01-29,303.49261474609375,303.898671192008,299.3327275624257,299.51100066931883,11580000
2026-01-30,302.9676818847656,304.98817089860455,299.66947824936375,302.333781642444,11953200
2026-02-02,305.1961975097656,306.34508884518107,298.49085539325506,301.5513314360023,9839400
2026-02-03,311.8420715332031,313.22869052113475,306.14700443281885,306.77099053389486,12688000
2026-02-04,314.2389221191406,316.25944126204155,311.4062598905275,311.4062598905275,9848800
2026-02-05,307.1968688964844,312.9909865673853,302.6210112179966,311.99062599899656,9388000
2026-02-06,319.3199462890625,321.15227836348157,311.7034102684662,311.7034102684662,17797400
2026-02-09,319.0228271484375,323.2817350541263,317.05181803840316,318.27007812796035,11477500
2026-02-10,315.2392883300781,323.01429884581904,312.1094739861534,319.4684837021083,9902200
2026-02-11,307.8505859375,322.1724337503843,305.78055639607567,320.15191444315514,8703500
2026-02-12,299.74871826171875,310.62380057979817,297.15372325834437,309.29660600764385,13443400
2026-02-13,299.6595458984375,301.38294318623025,293.6871553220786,295.6680481198895,9114500
2026-02-17,304.19580078125,305.29518175186814,299.61002921690664,299.8675549474044,8896800
2026-02-18,305.8300476074219,309.2966101142475,304.2849535938903,305.51309749540866,7209600
2026-02-19,305.1070251464844,306.226234501648,302.2050242231491,304.2354576365961,6737700
2026-02-20,307.82086181640625,308.0288471084009,302.75966472033866,305.4536802835111,7792700
2026-02-23,294.82623291015625,308.028871901531,292.2807780649544,305.84987743753925,12955400
2026-02-24,294.459716796875,296.886322684036,288.5962907533433,293.98432184665864,13554100
2026-02-25,300.4023742675781,300.75895068108485,294.1724883145502,295.78692074637365,8095500
2026-02-26,303.20538330078125,306.05787397622345,300.73918125790124,301.67017313360896,7007800
2026-02-27,297.4310607910156,300.0557680991628,291.636973162459,297.13393894248406,18620800
2026-03-02,294.7172546386719,297.11414843979566,290.4088063693875,291.9935267958635,8508900
2026-03-03,297.3914489746094,299.5011046657454,286.73423592223537,289.4975898716125,10278200
2026-03-04,296.52978515625,298.12438947518206,292.99388398032096,297.12402886142485,8055700
2026-03-05,290.74554443359375,298.3620800816865,289.63624924146006,295.1332451958745,12732500
2026-03-06,286.7144470214844,287.21955415339994,280.99955170429564,283.6044306839189,13496500
2026-03-09,287.1502685546875,288.31898819476027,277.77073879547015,282.7724816341387,12241100
2026-03-10,285.97161865234375,289.9532025593205,284.43640849634494,286.52626625452876,8344900
2026-03-11,284.7731628417969,287.7049062038017,282.1385715612803,286.05084727233185,10205000
2026-03-12,280.18743896484375,281.16797137675815,276.43363807803536,280.1279843639117,13760500
2026-03-13,280.7321472167969,284.4463214441296,280.2468381234208,281.9504072447318,9091200
2026-03-16,283.4261474609375,286.506421278288,281.89093739443587,283.6044205599556,8149000
2026-03-17,284.1492004394531,288.97266988082987,283.2181783456238,286.23902796907333,8961200
2026-03-18,284.99102783203125,286.6450865635814,282.3960631878955,284.08971801136914,10057000
2026-03-19,285.2188720703125,286.7441681021885,281.900870340191,284.13928904174674,9846700
2026-03-20,283.82232666015625,287.9326733008621,282.5446423017302,285.3277943529036,22436500
2026-03-23,287.14031982421875,292.9245231806114,285.2188513876401,291.4982779446762,11470800
2026-03-24,289.6065368652344,292.6571288676103,282.64369950840546,283.4360748065673,11092300
2026-03-25,292.59771728515625,294.7965097163498,289.6461758443202,291.3398308899875,12188200
2026-03-26,288.87359619140625,292.1717693530369,287.95248830787267,289.78478993876473,8669200
2026-03-27,280.13787841796875,287.3384134369941,279.05829538327214,286.3777093696089,9873300
2026-03-30,281.0589904785156,284.50575515603197,279.6327451103039,282.01972478590784,11734400
2026-03-31,291.3497314453125,292.25104134220237,282.22772810140145,285.71408872506316,12956900
2026-04-01,292.5580749511719,295.8661624411999,290.1116710297465,292.567989087923,11267200
2026-04-02,291.7855224609375,292.7957669317203,285.9616926535428,289.1212191631598,6669300
2026-04-06,294.125,295.4987855589938,291.88509063240025,292.7412191857173,7142600
2026-04-07,296.0662536621094,296.8427544058445,291.38734983011653,291.8253790066561,7849100
2026-04-08,306.5888366699219,309.8640903908154,303.96066179364243,306.5888366699219,10590200
2026-04-09,308.938232421875,309.8640846884941,304.73715687535,305.5734164156603,6586600
2026-04-10,308.4803161621094,308.9581744354404,305.344449093958,308.6097380099313,6069700
2026-04-13,312.2732238769531,312.33295236293975,304.0900871089203,306.0910825316173,8318200
2026-04-14,309.7247009277344,312.91036189245165,307.4847916064935,308.4305432499699,11455500
2026-04-15,304.5579833984375,312.8307129741003,302.8954898881459,312.54203541599225,9885800
2026-04-16,308.5599670410156,308.5599670410156,303.8312695552229,303.98059076810495,8208600
2026-04-17,308.8984375,313.4877482505245,308.69932229637936,311.068653468178,11082400
2026-04-20,315.5683898925781,315.70777661938337,308.9780833700189,309.45594165814435,10772000
2026-04-21,311.5962829589844,318.8038038717339,311.3474041387296,316.0661368489313,7084300
2026-04-22,311.6161804199219,313.73663281642627,310.5410372905177,313.43799038623484,5545900
2026-04-23,310.29217529296875,313.57736372602733,307.5047445243564,312.11395497732667,6969700
2026-04-24,306.8974609375,309.7545850384977,306.5092257615542,309.7545850384977,5215300
2026-04-27,310.232421875,311.1781431330245,305.50372444273444,305.50372444273444,7925300
2026-04-28,310.0532531738281,314.03531438457196,309.7745101043047,313.78643555890045,7398600
2026-04-29,307.86309814453125,310.65052875636707,305.91189671624613,309.1771855961317,8031800
2026-04-30,311.82525634765625,312.6913497643884,305.1951210592971,305.6928786901284,8865400
2026-05-01,311.06866455078125,314.6624601726697,310.43152018106696,312.54203812020876,6135400
2026-05-04,306.270263671875,309.2568094519629,305.13539207341324,309.22694520939064,7338200
2026-05-05,308.0124206542969,309.5753869306937,305.42407485773,306.32999740556414,6316800
2026-05-06,313.4877624511719,314.84167905955115,309.95369528217543,310.0532528884956,8629500
2026-05-07,304.8964538574219,314.8814709002291,304.76706239082745,313.23887676443206,8359600
2026-05-08,300.74517822265625,307.60426284206056,299.1523476664256,306.86759124184925,9464300
2026-05-11,298.6545715332031,301.83026757429667,297.5395993270601,300.74515961007836,9512000
2026-05-12,303.5126953125,304.6873960201211,294.2245209852311,298.67447538308426,9498200
2026-05-13,298.9034729003906,301.6411400127173,298.72428743531935,300.91440289675086,7709500
2026-05-14,298.56500244140625,302.38777761395096,297.4699295162906,300.8945046380796,7364300
2026-05-15,296.4743957519531,299.44104214981957,295.1205095874812,298.86362628854243,8699300
2026-05-18,299.3813171386719,299.908939014877,295.8870488301784,296.6635495230975,7546300
2026-05-19,294.3738708496094,300.436555061437,293.935841710235,299.7396822358739,8066900
2026-05-20,300.625732421875,301.57145376364997,292.35300240137923,295.3694126574367,9327000
2026-05-21,301.6411437988281,302.6167597554335,298.8636475324957,299.8790926087445,7874400
2026-05-22,305.0059814453125,306.07119010408854,302.4773640852478,303.31359328873907,5973900
2026-05-26,305.3643493652344,308.54004556072954,304.0701916446211,307.1065011172144,7725400
2026-05-27,297.93780517578125,304.52811132231307,294.42363753054383,303.63215366632585,11779200
2026-05-28,295.3992614746094,299.7197941661088,294.4236455581874,296.23549066837876,9757700
2026-05-29,297.9676818847656,298.53513289689414,293.87612858626386,295.070728717322,13969000
